Start (s),End (s),Scientific name,Common name,Confidence,File,Date
12,15,Geothlypis trichas,Common Yellowthroat,0.0139,D:/AcousticMonitoringData/ELDON6_Data/Week16\ELDON6_20250422_052700.wav,20250422
21,24,Geothlypis trichas,Common Yellowthroat,0.0101,D:/AcousticMonitoringData/ELDON6_Data/Week16\ELDON6_20250422_052700.wav,20250422
27,30,Melospiza melodia,Song Sparrow,0.0415,D:/AcousticMonitoringData/ELDON6_Data/Week16\ELDON6_20250422_052700.wav,20250422
27,30,Geothlypis trichas,Common Yellowthroat,0.0339,D:/AcousticMonitoringData/ELDON6_Data/Week16\ELDON6_20250422_052700.wav,20250422
27,30,Spizella pusilla,Field Sparrow,0.0318,D:/AcousticMonitoringData/ELDON6_Data/Week16\ELDON6_20250422_052700.wav,20250422
30,33,Spizella pusilla,Field Sparrow,0.0153,D:/AcousticMonitoringData/ELDON6_Data/Week16\ELDON6_20250422_052700.wav,20250422
30,33,Geothlypis trichas,Common Yellowthroat,0.0142,D:/AcousticMonitoringData/ELDON6_Data/Week16\ELDON6_20250422_052700.wav,20250422
87,90,Geothlypis trichas,Common Yellowthroat,0.0203,D:/AcousticMonitoringData/ELDON6_Data/Week16\ELDON6_20250422_052700.wav,20250422
90,93,Geothlypis trichas,Common Yellowthroat,0.0215,D:/AcousticMonitoringData/ELDON6_Data/Week16\ELDON6_20250422_052700.wav,20250422
93,96,Geothlypis trichas,Common Yellowthroat,0.0122,D:/AcousticMonitoringData/ELDON6_Data/Week16\ELDON6_20250422_052700.wav,20250422
96,99,Geothlypis trichas,Common Yellowthroat,0.0409,D:/AcousticMonitoringData/ELDON6_Data/Week16\ELDON6_20250422_052700.wav,20250422
99,102,Geothlypis trichas,Common Yellowthroat,0.0236,D:/AcousticMonitoringData/ELDON6_Data/Week16\ELDON6_20250422_052700.wav,20250422
102,105,Geothlypis trichas,Common Yellowthroat,0.0214,D:/AcousticMonitoringData/ELDON6_Data/Week16\ELDON6_20250422_052700.wav,20250422
105,108,Geothlypis trichas,Common Yellowthroat,0.0197,D:/AcousticMonitoringData/ELDON6_Data/Week16\ELDON6_20250422_052700.wav,20250422
108,111,Geothlypis trichas,Common Yellowthroat,0.0255,D:/AcousticMonitoringData/ELDON6_Data/Week16\ELDON6_20250422_052700.wav,20250422
114,117,Geothlypis trichas,Common Yellowthroat,0.0113,D:/AcousticMonitoringData/ELDON6_Data/Week16\ELDON6_20250422_052700.wav,20250422
120,123,Geothlypis trichas,Common Yellowthroat,0.0108,D:/AcousticMonitoringData/ELDON6_Data/Week16\ELDON6_20250422_052700.wav,20250422
228,231,Geothlypis trichas,Common Yellowthroat,0.0122,D:/AcousticMonitoringData/ELDON6_Data/Week16\ELDON6_20250422_052700.wav,20250422
318,321,Geothlypis trichas,Common Yellowthroat,0.0283,D:/AcousticMonitoringData/ELDON6_Data/Week16\ELDON6_20250422_052700.wav,20250422
318,321,Melospiza melodia,Song Sparrow,0.0134,D:/AcousticMonitoringData/ELDON6_Data/Week16\ELDON6_20250422_052700.wav,20250422
324,327,Geothlypis trichas,Common Yellowthroat,0.0177,D:/AcousticMonitoringData/ELDON6_Data/Week16\ELDON6_20250422_052700.wav,20250422
336,339,Geothlypis trichas,Common Yellowthroat,0.0148,D:/AcousticMonitoringData/ELDON6_Data/Week16\ELDON6_20250422_052700.wav,20250422
339,342,Geothlypis trichas,Common Yellowthroat,0.0135,D:/AcousticMonitoringData/ELDON6_Data/Week16\ELDON6_20250422_052700.wav,20250422
351,354,Geothlypis trichas,Common Yellowthroat,0.0214,D:/AcousticMonitoringData/ELDON6_Data/Week16\ELDON6_20250422_052700.wav,20250422
369,372,Spizella pusilla,Field Sparrow,0.0115,D:/AcousticMonitoringData/ELDON6_Data/Week16\ELDON6_20250422_052700.wav,20250422
372,375,Spizella pusilla,Field Sparrow,0.251,D:/AcousticMonitoringData/ELDON6_Data/Week16\ELDON6_20250422_052700.wav,20250422
393,396,Geothlypis trichas,Common Yellowthroat,0.0215,D:/AcousticMonitoringData/ELDON6_Data/Week16\ELDON6_20250422_052700.wav,20250422
405,408,Geothlypis trichas,Common Yellowthroat,0.011,D:/AcousticMonitoringData/ELDON6_Data/Week16\ELDON6_20250422_052700.wav,20250422
408,411,Geothlypis trichas,Common Yellowthroat,0.0251,D:/AcousticMonitoringData/ELDON6_Data/Week16\ELDON6_20250422_052700.wav,20250422
411,414,Geothlypis trichas,Common Yellowthroat,0.0142,D:/AcousticMonitoringData/ELDON6_Data/Week16\ELDON6_20250422_052700.wav,20250422
414,417,Geothlypis trichas,Common Yellowthroat,0.0108,D:/AcousticMonitoringData/ELDON6_Data/Week16\ELDON6_20250422_052700.wav,20250422
426,429,Passerina caerulea,Blue Grosbeak,0.01,D:/AcousticMonitoringData/ELDON6_Data/Week16\ELDON6_20250422_052700.wav,20250422
438,441,Passerina caerulea,Blue Grosbeak,0.0237,D:/AcousticMonitoringData/ELDON6_Data/Week16\ELDON6_20250422_052700.wav,20250422
438,441,Spizella pusilla,Field Sparrow,0.0108,D:/AcousticMonitoringData/ELDON6_Data/Week16\ELDON6_20250422_052700.wav,20250422
441,444,Passerina caerulea,Blue Grosbeak,0.0148,D:/AcousticMonitoringData/ELDON6_Data/Week16\ELDON6_20250422_052700.wav,20250422
456,459,Spizella pusilla,Field Sparrow,0.0127,D:/AcousticMonitoringData/ELDON6_Data/Week16\ELDON6_20250422_052700.wav,20250422
456,459,Passerina caerulea,Blue Grosbeak,0.0117,D:/AcousticMonitoringData/ELDON6_Data/Week16\ELDON6_20250422_052700.wav,20250422
459,462,Passerina caerulea,Blue Grosbeak,0.0193,D:/AcousticMonitoringData/ELDON6_Data/Week16\ELDON6_20250422_052700.wav,20250422
468,471,Passerina caerulea,Blue Grosbeak,0.0133,D:/AcousticMonitoringData/ELDON6_Data/Week16\ELDON6_20250422_052700.wav,20250422
474,477,Geothlypis trichas,Common Yellowthroat,0.0176,D:/AcousticMonitoringData/ELDON6_Data/Week16\ELDON6_20250422_052700.wav,20250422
477,480,Geothlypis trichas,Common Yellowthroat,0.0285,D:/AcousticMonitoringData/ELDON6_Data/Week16\ELDON6_20250422_052700.wav,20250422
480,483,Geothlypis trichas,Common Yellowthroat,0.0239,D:/AcousticMonitoringData/ELDON6_Data/Week16\ELDON6_20250422_052700.wav,20250422
483,486,Geothlypis trichas,Common Yellowthroat,0.0253,D:/AcousticMonitoringData/ELDON6_Data/Week16\ELDON6_20250422_052700.wav,20250422
489,492,Spizella pusilla,Field Sparrow,0.2049,D:/AcousticMonitoringData/ELDON6_Data/Week16\ELDON6_20250422_052700.wav,20250422
489,492,Geothlypis trichas,Common Yellowthroat,0.041,D:/AcousticMonitoringData/ELDON6_Data/Week16\ELDON6_20250422_052700.wav,20250422
489,492,Melospiza melodia,Song Sparrow,0.0129,D:/AcousticMonitoringData/ELDON6_Data/Week16\ELDON6_20250422_052700.wav,20250422
492,495,Spizella pusilla,Field Sparrow,0.0667,D:/AcousticMonitoringData/ELDON6_Data/Week16\ELDON6_20250422_052700.wav,20250422
492,495,Geothlypis trichas,Common Yellowthroat,0.0386,D:/AcousticMonitoringData/ELDON6_Data/Week16\ELDON6_20250422_052700.wav,20250422
492,495,Melospiza melodia,Song Sparrow,0.015,D:/AcousticMonitoringData/ELDON6_Data/Week16\ELDON6_20250422_052700.wav,20250422
495,498,Geothlypis trichas,Common Yellowthroat,0.0245,D:/AcousticMonitoringData/ELDON6_Data/Week16\ELDON6_20250422_052700.wav,20250422
504,507,Geothlypis trichas,Common Yellowthroat,0.0116,D:/AcousticMonitoringData/ELDON6_Data/Week16\ELDON6_20250422_052700.wav,20250422
507,510,Geothlypis trichas,Common Yellowthroat,0.0128,D:/AcousticMonitoringData/ELDON6_Data/Week16\ELDON6_20250422_052700.wav,20250422
516,519,Geothlypis trichas,Common Yellowthroat,0.0126,D:/AcousticMonitoringData/ELDON6_Data/Week16\ELDON6_20250422_052700.wav,20250422
519,522,Passerina caerulea,Blue Grosbeak,0.011,D:/AcousticMonitoringData/ELDON6_Data/Week16\ELDON6_20250422_052700.wav,20250422
522,525,Spizella pusilla,Field Sparrow,0.0391,D:/AcousticMonitoringData/ELDON6_Data/Week16\ELDON6_20250422_052700.wav,20250422
525,528,Passerina caerulea,Blue Grosbeak,0.0176,D:/AcousticMonitoringData/ELDON6_Data/Week16\ELDON6_20250422_052700.wav,20250422
531,534,Spizella pusilla,Field Sparrow,0.0393,D:/AcousticMonitoringData/ELDON6_Data/Week16\ELDON6_20250422_052700.wav,20250422
531,534,Passerina caerulea,Blue Grosbeak,0.015,D:/AcousticMonitoringData/ELDON6_Data/Week16\ELDON6_20250422_052700.wav,20250422
570,573,Spizella pusilla,Field Sparrow,0.0785,D:/AcousticMonitoringData/ELDON6_Data/Week16\ELDON6_20250422_052700.wav,20250422
579,582,Spizella pusilla,Field Sparrow,0.0279,D:/AcousticMonitoringData/ELDON6_Data/Week16\ELDON6_20250422_052700.wav,20250422
585,588,Passerina caerulea,Blue Grosbeak,0.0123,D:/AcousticMonitoringData/ELDON6_Data/Week16\ELDON6_20250422_052700.wav,20250422
597,600,Spizella pusilla,Field Sparrow,0.0139,D:/AcousticMonitoringData/ELDON6_Data/Week16\ELDON6_20250422_052700.wav,20250422
600,603,Passerina caerulea,Blue Grosbeak,0.0165,D:/AcousticMonitoringData/ELDON6_Data/Week16\ELDON6_20250422_052700.wav,20250422
603,606,Spizella pusilla,Field Sparrow,0.568,D:/AcousticMonitoringData/ELDON6_Data/Week16\ELDON6_20250422_052700.wav,20250422
603,606,Passerina caerulea,Blue Grosbeak,0.0141,D:/AcousticMonitoringData/ELDON6_Data/Week16\ELDON6_20250422_052700.wav,20250422
603,606,Geothlypis trichas,Common Yellowthroat,0.0112,D:/AcousticMonitoringData/ELDON6_Data/Week16\ELDON6_20250422_052700.wav,20250422
606,609,Geothlypis trichas,Common Yellowthroat,0.0204,D:/AcousticMonitoringData/ELDON6_Data/Week16\ELDON6_20250422_052700.wav,20250422
624,627,Spizella pusilla,Field Sparrow,0.1423,D:/AcousticMonitoringData/ELDON6_Data/Week16\ELDON6_20250422_052700.wav,20250422
624,627,Passerina caerulea,Blue Grosbeak,0.0227,D:/AcousticMonitoringData/ELDON6_Data/Week16\ELDON6_20250422_052700.wav,20250422
639,642,Spizella pusilla,Field Sparrow,0.0133,D:/AcousticMonitoringData/ELDON6_Data/Week16\ELDON6_20250422_052700.wav,20250422
645,648,Spizella pusilla,Field Sparrow,0.0868,D:/AcousticMonitoringData/ELDON6_Data/Week16\ELDON6_20250422_052700.wav,20250422
645,648,Passerina caerulea,Blue Grosbeak,0.0132,D:/AcousticMonitoringData/ELDON6_Data/Week16\ELDON6_20250422_052700.wav,20250422
654,657,Spizella pusilla,Field Sparrow,0.0157,D:/AcousticMonitoringData/ELDON6_Data/Week16\ELDON6_20250422_052700.wav,20250422
654,657,Passerina caerulea,Blue Grosbeak,0.0119,D:/AcousticMonitoringData/ELDON6_Data/Week16\ELDON6_20250422_052700.wav,20250422
666,669,Passerina caerulea,Blue Grosbeak,0.0193,D:/AcousticMonitoringData/ELDON6_Data/Week16\ELDON6_20250422_052700.wav,20250422
669,672,Spizella pusilla,Field Sparrow,0.0162,D:/AcousticMonitoringData/ELDON6_Data/Week16\ELDON6_20250422_052700.wav,20250422
669,672,Passerina caerulea,Blue Grosbeak,0.0101,D:/AcousticMonitoringData/ELDON6_Data/Week16\ELDON6_20250422_052700.wav,20250422
684,687,Spizella pusilla,Field Sparrow,0.1286,D:/AcousticMonitoringData/ELDON6_Data/Week16\ELDON6_20250422_052700.wav,20250422
684,687,Passerina caerulea,Blue Grosbeak,0.0131,D:/AcousticMonitoringData/ELDON6_Data/Week16\ELDON6_20250422_052700.wav,20250422
690,693,Spizella pusilla,Field Sparrow,0.0108,D:/AcousticMonitoringData/ELDON6_Data/Week16\ELDON6_20250422_052700.wav,20250422
696,699,Spizella pusilla,Field Sparrow,0.0196,D:/AcousticMonitoringData/ELDON6_Data/Week16\ELDON6_20250422_052700.wav,20250422
699,702,Spizella pusilla,Field Sparrow,0.0124,D:/AcousticMonitoringData/ELDON6_Data/Week16\ELDON6_20250422_052700.wav,20250422
699,702,Geothlypis trichas,Common Yellowthroat,0.0118,D:/AcousticMonitoringData/ELDON6_Data/Week16\ELDON6_20250422_052700.wav,20250422
702,705,Spizella pusilla,Field Sparrow,0.1407,D:/AcousticMonitoringData/ELDON6_Data/Week16\ELDON6_20250422_052700.wav,20250422
702,705,Passerina caerulea,Blue Grosbeak,0.0101,D:/AcousticMonitoringData/ELDON6_Data/Week16\ELDON6_20250422_052700.wav,20250422
714,717,Spizella pusilla,Field Sparrow,0.0654,D:/AcousticMonitoringData/ELDON6_Data/Week16\ELDON6_20250422_052700.wav,20250422
714,717,Passerina caerulea,Blue Grosbeak,0.019,D:/AcousticMonitoringData/ELDON6_Data/Week16\ELDON6_20250422_052700.wav,20250422
723,726,Spizella pusilla,Field Sparrow,0.1005,D:/AcousticMonitoringData/ELDON6_Data/Week16\ELDON6_20250422_052700.wav,20250422
723,726,Geothlypis trichas,Common Yellowthroat,0.0149,D:/AcousticMonitoringData/ELDON6_Data/Week16\ELDON6_20250422_052700.wav,20250422
729,732,Spizella pusilla,Field Sparrow,0.0498,D:/AcousticMonitoringData/ELDON6_Data/Week16\ELDON6_20250422_052700.wav,20250422
738,741,Spizella pusilla,Field Sparrow,0.0339,D:/AcousticMonitoringData/ELDON6_Data/Week16\ELDON6_20250422_052700.wav,20250422
741,744,Spizella pusilla,Field Sparrow,0.0134,D:/AcousticMonitoringData/ELDON6_Data/Week16\ELDON6_20250422_052700.wav,20250422
753,756,Spizella pusilla,Field Sparrow,0.0242,D:/AcousticMonitoringData/ELDON6_Data/Week16\ELDON6_20250422_052700.wav,20250422
756,759,Sturnella magna,Eastern Meadowlark,0.0277,D:/AcousticMonitoringData/ELDON6_Data/Week16\ELDON6_20250422_052700.wav,20250422
756,759,Spizella pusilla,Field Sparrow,0.0248,D:/AcousticMonitoringData/ELDON6_Data/Week16\ELDON6_20250422_052700.wav,20250422
756,759,Passerina caerulea,Blue Grosbeak,0.0157,D:/AcousticMonitoringData/ELDON6_Data/Week16\ELDON6_20250422_052700.wav,20250422
768,771,Geothlypis trichas,Common Yellowthroat,0.0193,D:/AcousticMonitoringData/ELDON6_Data/Week16\ELDON6_20250422_052700.wav,20250422
768,771,Sturnella magna,Eastern Meadowlark,0.0135,D:/AcousticMonitoringData/ELDON6_Data/Week16\ELDON6_20250422_052700.wav,20250422
774,777,Geothlypis trichas,Common Yellowthroat,0.0135,D:/AcousticMonitoringData/ELDON6_Data/Week16\ELDON6_20250422_052700.wav,20250422
774,777,Spizella pusilla,Field Sparrow,0.0108,D:/AcousticMonitoringData/ELDON6_Data/Week16\ELDON6_20250422_052700.wav,20250422
777,780,Spizella pusilla,Field Sparrow,0.0334,D:/AcousticMonitoringData/ELDON6_Data/Week16\ELDON6_20250422_052700.wav,20250422
783,786,Spizella pusilla,Field Sparrow,0.0207,D:/AcousticMonitoringData/ELDON6_Data/Week16\ELDON6_20250422_052700.wav,20250422
783,786,Geothlypis trichas,Common Yellowthroat,0.018,D:/AcousticMonitoringData/ELDON6_Data/Week16\ELDON6_20250422_052700.wav,20250422
783,786,Sturnella magna,Eastern Meadowlark,0.0166,D:/AcousticMonitoringData/ELDON6_Data/Week16\ELDON6_20250422_052700.wav,20250422
786,789,Spizella pusilla,Field Sparrow,0.0198,D:/AcousticMonitoringData/ELDON6_Data/Week16\ELDON6_20250422_052700.wav,20250422
786,789,Geothlypis trichas,Common Yellowthroat,0.0179,D:/AcousticMonitoringData/ELDON6_Data/Week16\ELDON6_20250422_052700.wav,20250422
789,792,Passerina caerulea,Blue Grosbeak,0.0454,D:/AcousticMonitoringData/ELDON6_Data/Week16\ELDON6_20250422_052700.wav,20250422
789,792,Spizella pusilla,Field Sparrow,0.0228,D:/AcousticMonitoringData/ELDON6_Data/Week16\ELDON6_20250422_052700.wav,20250422
789,792,Geothlypis trichas,Common Yellowthroat,0.0103,D:/AcousticMonitoringData/ELDON6_Data/Week16\ELDON6_20250422_052700.wav,20250422
792,795,Spizella pusilla,Field Sparrow,0.061,D:/AcousticMonitoringData/ELDON6_Data/Week16\ELDON6_20250422_052700.wav,20250422
795,798,Geothlypis trichas,Common Yellowthroat,0.0417,D:/AcousticMonitoringData/ELDON6_Data/Week16\ELDON6_20250422_052700.wav,20250422
801,804,Geothlypis trichas,Common Yellowthroat,0.0281,D:/AcousticMonitoringData/ELDON6_Data/Week16\ELDON6_20250422_052700.wav,20250422
801,804,Spizella pusilla,Field Sparrow,0.0237,D:/AcousticMonitoringData/ELDON6_Data/Week16\ELDON6_20250422_052700.wav,20250422
804,807,Spizella pusilla,Field Sparrow,0.06,D:/AcousticMonitoringData/ELDON6_Data/Week16\ELDON6_20250422_052700.wav,20250422
804,807,Passerina caerulea,Blue Grosbeak,0.0266,D:/AcousticMonitoringData/ELDON6_Data/Week16\ELDON6_20250422_052700.wav,20250422
804,807,Sturnella magna,Eastern Meadowlark,0.0188,D:/AcousticMonitoringData/ELDON6_Data/Week16\ELDON6_20250422_052700.wav,20250422
810,813,Passerina caerulea,Blue Grosbeak,0.0103,D:/AcousticMonitoringData/ELDON6_Data/Week16\ELDON6_20250422_052700.wav,20250422
813,816,Geothlypis trichas,Common Yellowthroat,0.0143,D:/AcousticMonitoringData/ELDON6_Data/Week16\ELDON6_20250422_052700.wav,20250422
813,816,Spizella pusilla,Field Sparrow,0.0117,D:/AcousticMonitoringData/ELDON6_Data/Week16\ELDON6_20250422_052700.wav,20250422
831,834,Passerina caerulea,Blue Grosbeak,0.0175,D:/AcousticMonitoringData/ELDON6_Data/Week16\ELDON6_20250422_052700.wav,20250422
834,837,Spizella pusilla,Field Sparrow,0.0144,D:/AcousticMonitoringData/ELDON6_Data/Week16\ELDON6_20250422_052700.wav,20250422
837,840,Geothlypis trichas,Common Yellowthroat,0.0103,D:/AcousticMonitoringData/ELDON6_Data/Week16\ELDON6_20250422_052700.wav,20250422
840,843,Geothlypis trichas,Common Yellowthroat,0.0231,D:/AcousticMonitoringData/ELDON6_Data/Week16\ELDON6_20250422_052700.wav,20250422
840,843,Passerina caerulea,Blue Grosbeak,0.0187,D:/AcousticMonitoringData/ELDON6_Data/Week16\ELDON6_20250422_052700.wav,20250422
840,843,Spizella pusilla,Field Sparrow,0.0135,D:/AcousticMonitoringData/ELDON6_Data/Week16\ELDON6_20250422_052700.wav,20250422
843,846,Sturnella magna,Eastern Meadowlark,0.0162,D:/AcousticMonitoringData/ELDON6_Data/Week16\ELDON6_20250422_052700.wav,20250422
843,846,Passerina caerulea,Blue Grosbeak,0.0126,D:/AcousticMonitoringData/ELDON6_Data/Week16\ELDON6_20250422_052700.wav,20250422
849,852,Spizella pusilla,Field Sparrow,0.0376,D:/AcousticMonitoringData/ELDON6_Data/Week16\ELDON6_20250422_052700.wav,20250422
849,852,Passerina caerulea,Blue Grosbeak,0.0195,D:/AcousticMonitoringData/ELDON6_Data/Week16\ELDON6_20250422_052700.wav,20250422
858,861,Spizella pusilla,Field Sparrow,0.0284,D:/AcousticMonitoringData/ELDON6_Data/Week16\ELDON6_20250422_052700.wav,20250422
858,861,Passerina caerulea,Blue Grosbeak,0.0209,D:/AcousticMonitoringData/ELDON6_Data/Week16\ELDON6_20250422_052700.wav,20250422
858,861,Sturnella magna,Eastern Meadowlark,0.0144,D:/AcousticMonitoringData/ELDON6_Data/Week16\ELDON6_20250422_052700.wav,20250422
861,864,Spizella pusilla,Field Sparrow,0.027,D:/AcousticMonitoringData/ELDON6_Data/Week16\ELDON6_20250422_052700.wav,20250422
861,864,Geothlypis trichas,Common Yellowthroat,0.0248,D:/AcousticMonitoringData/ELDON6_Data/Week16\ELDON6_20250422_052700.wav,20250422
861,864,Passerina caerulea,Blue Grosbeak,0.0188,D:/AcousticMonitoringData/ELDON6_Data/Week16\ELDON6_20250422_052700.wav,20250422
861,864,Sturnella magna,Eastern Meadowlark,0.0177,D:/AcousticMonitoringData/ELDON6_Data/Week16\ELDON6_20250422_052700.wav,20250422
864,867,Spizella pusilla,Field Sparrow,0.0658,D:/AcousticMonitoringData/ELDON6_Data/Week16\ELDON6_20250422_052700.wav,20250422
864,867,Sturnella magna,Eastern Meadowlark,0.0285,D:/AcousticMonitoringData/ELDON6_Data/Week16\ELDON6_20250422_052700.wav,20250422
864,867,Passerina caerulea,Blue Grosbeak,0.0123,D:/AcousticMonitoringData/ELDON6_Data/Week16\ELDON6_20250422_052700.wav,20250422
864,867,Geothlypis trichas,Common Yellowthroat,0.011,D:/AcousticMonitoringData/ELDON6_Data/Week16\ELDON6_20250422_052700.wav,20250422
867,870,Spizella pusilla,Field Sparrow,0.0375,D:/AcousticMonitoringData/ELDON6_Data/Week16\ELDON6_20250422_052700.wav,20250422
867,870,Sturnella magna,Eastern Meadowlark,0.0125,D:/AcousticMonitoringData/ELDON6_Data/Week16\ELDON6_20250422_052700.wav,20250422
867,870,Passerina caerulea,Blue Grosbeak,0.0112,D:/AcousticMonitoringData/ELDON6_Data/Week16\ELDON6_20250422_052700.wav,20250422
870,873,Spizella pusilla,Field Sparrow,0.0493,D:/AcousticMonitoringData/ELDON6_Data/Week16\ELDON6_20250422_052700.wav,20250422
870,873,Sturnella magna,Eastern Meadowlark,0.0208,D:/AcousticMonitoringData/ELDON6_Data/Week16\ELDON6_20250422_052700.wav,20250422
873,876,Geothlypis trichas,Common Yellowthroat,0.0236,D:/AcousticMonitoringData/ELDON6_Data/Week16\ELDON6_20250422_052700.wav,20250422
873,876,Sturnella magna,Eastern Meadowlark,0.0222,D:/AcousticMonitoringData/ELDON6_Data/Week16\ELDON6_20250422_052700.wav,20250422
873,876,Spizella pusilla,Field Sparrow,0.0154,D:/AcousticMonitoringData/ELDON6_Data/Week16\ELDON6_20250422_052700.wav,20250422
873,876,Passerina caerulea,Blue Grosbeak,0.012,D:/AcousticMonitoringData/ELDON6_Data/Week16\ELDON6_20250422_052700.wav,20250422
876,879,Spizella pusilla,Field Sparrow,0.1235,D:/AcousticMonitoringData/ELDON6_Data/Week16\ELDON6_20250422_052700.wav,20250422
876,879,Passerina caerulea,Blue Grosbeak,0.0149,D:/AcousticMonitoringData/ELDON6_Data/Week16\ELDON6_20250422_052700.wav,20250422
882,885,Passerina caerulea,Blue Grosbeak,0.0223,D:/AcousticMonitoringData/ELDON6_Data/Week16\ELDON6_20250422_052700.wav,20250422
882,885,Spizella pusilla,Field Sparrow,0.0219,D:/AcousticMonitoringData/ELDON6_Data/Week16\ELDON6_20250422_052700.wav,20250422
885,888,Passerina caerulea,Blue Grosbeak,0.0545,D:/AcousticMonitoringData/ELDON6_Data/Week16\ELDON6_20250422_052700.wav,20250422
885,888,Spizella pusilla,Field Sparrow,0.0483,D:/AcousticMonitoringData/ELDON6_Data/Week16\ELDON6_20250422_052700.wav,20250422
885,888,Sturnella magna,Eastern Meadowlark,0.0125,D:/AcousticMonitoringData/ELDON6_Data/Week16\ELDON6_20250422_052700.wav,20250422
885,888,Geothlypis trichas,Common Yellowthroat,0.01,D:/AcousticMonitoringData/ELDON6_Data/Week16\ELDON6_20250422_052700.wav,20250422
888,891,Spizella pusilla,Field Sparrow,0.0577,D:/AcousticMonitoringData/ELDON6_Data/Week16\ELDON6_20250422_052700.wav,20250422
888,891,Sturnella magna,Eastern Meadowlark,0.0198,D:/AcousticMonitoringData/ELDON6_Data/Week16\ELDON6_20250422_052700.wav,20250422
888,891,Passerina caerulea,Blue Grosbeak,0.0113,D:/AcousticMonitoringData/ELDON6_Data/Week16\ELDON6_20250422_052700.wav,20250422
891,894,Spizella pusilla,Field Sparrow,0.0349,D:/AcousticMonitoringData/ELDON6_Data/Week16\ELDON6_20250422_052700.wav,20250422
891,894,Passerina caerulea,Blue Grosbeak,0.026,D:/AcousticMonitoringData/ELDON6_Data/Week16\ELDON6_20250422_052700.wav,20250422
891,894,Sturnella magna,Eastern Meadowlark,0.0103,D:/AcousticMonitoringData/ELDON6_Data/Week16\ELDON6_20250422_052700.wav,20250422
894,897,Spizella pusilla,Field Sparrow,0.0123,D:/AcousticMonitoringData/ELDON6_Data/Week16\ELDON6_20250422_052700.wav,20250422
897,900,Spizella pusilla,Field Sparrow,0.0237,D:/AcousticMonitoringData/ELDON6_Data/Week16\ELDON6_20250422_052700.wav,20250422
897,900,Geothlypis trichas,Common Yellowthroat,0.0179,D:/AcousticMonitoringData/ELDON6_Data/Week16\ELDON6_20250422_052700.wav,20250422
897,900,Sturnella magna,Eastern Meadowlark,0.0139,D:/AcousticMonitoringData/ELDON6_Data/Week16\ELDON6_20250422_052700.wav,20250422
900,903,Spizella pusilla,Field Sparrow,0.0294,D:/AcousticMonitoringData/ELDON6_Data/Week16\ELDON6_20250422_052700.wav,20250422
900,903,Sturnella magna,Eastern Meadowlark,0.0174,D:/AcousticMonitoringData/ELDON6_Data/Week16\ELDON6_20250422_052700.wav,20250422
903,906,Spizella pusilla,Field Sparrow,0.0534,D:/AcousticMonitoringData/ELDON6_Data/Week16\ELDON6_20250422_052700.wav,20250422
903,906,Passerina caerulea,Blue Grosbeak,0.0311,D:/AcousticMonitoringData/ELDON6_Data/Week16\ELDON6_20250422_052700.wav,20250422
903,906,Sturnella magna,Eastern Meadowlark,0.0106,D:/AcousticMonitoringData/ELDON6_Data/Week16\ELDON6_20250422_052700.wav,20250422
906,909,Spizella pusilla,Field Sparrow,0.023,D:/AcousticMonitoringData/ELDON6_Data/Week16\ELDON6_20250422_052700.wav,20250422
909,912,Geothlypis trichas,Common Yellowthroat,0.0222,D:/AcousticMonitoringData/ELDON6_Data/Week16\ELDON6_20250422_052700.wav,20250422
909,912,Spizella pusilla,Field Sparrow,0.0196,D:/AcousticMonitoringData/ELDON6_Data/Week16\ELDON6_20250422_052700.wav,20250422
909,912,Sturnella magna,Eastern Meadowlark,0.0145,D:/AcousticMonitoringData/ELDON6_Data/Week16\ELDON6_20250422_052700.wav,20250422
912,915,Spizella pusilla,Field Sparrow,0.0114,D:/AcousticMonitoringData/ELDON6_Data/Week16\ELDON6_20250422_052700.wav,20250422
924,927,Spizella pusilla,Field Sparrow,0.0356,D:/AcousticMonitoringData/ELDON6_Data/Week16\ELDON6_20250422_052700.wav,20250422
924,927,Geothlypis trichas,Common Yellowthroat,0.0155,D:/AcousticMonitoringData/ELDON6_Data/Week16\ELDON6_20250422_052700.wav,20250422
924,927,Sturnella magna,Eastern Meadowlark,0.0123,D:/AcousticMonitoringData/ELDON6_Data/Week16\ELDON6_20250422_052700.wav,20250422
924,927,Passerina caerulea,Blue Grosbeak,0.0108,D:/AcousticMonitoringData/ELDON6_Data/Week16\ELDON6_20250422_052700.wav,20250422
927,930,Spizella pusilla,Field Sparrow,0.0378,D:/AcousticMonitoringData/ELDON6_Data/Week16\ELDON6_20250422_052700.wav,20250422
927,930,Sturnella magna,Eastern Meadowlark,0.0369,D:/AcousticMonitoringData/ELDON6_Data/Week16\ELDON6_20250422_052700.wav,20250422
933,936,Spizella pusilla,Field Sparrow,0.018,D:/AcousticMonitoringData/ELDON6_Data/Week16\ELDON6_20250422_052700.wav,20250422
933,936,Sturnella magna,Eastern Meadowlark,0.0173,D:/AcousticMonitoringData/ELDON6_Data/Week16\ELDON6_20250422_052700.wav,20250422
936,939,Spizella pusilla,Field Sparrow,0.067,D:/AcousticMonitoringData/ELDON6_Data/Week16\ELDON6_20250422_052700.wav,20250422
939,942,Spizella pusilla,Field Sparrow,0.0409,D:/AcousticMonitoringData/ELDON6_Data/Week16\ELDON6_20250422_052700.wav,20250422
939,942,Passerina caerulea,Blue Grosbeak,0.0232,D:/AcousticMonitoringData/ELDON6_Data/Week16\ELDON6_20250422_052700.wav,20250422
939,942,Geothlypis trichas,Common Yellowthroat,0.02,D:/AcousticMonitoringData/ELDON6_Data/Week16\ELDON6_20250422_052700.wav,20250422
939,942,Sturnella magna,Eastern Meadowlark,0.0138,D:/AcousticMonitoringData/ELDON6_Data/Week16\ELDON6_20250422_052700.wav,20250422
942,945,Sturnella magna,Eastern Meadowlark,0.0253,D:/AcousticMonitoringData/ELDON6_Data/Week16\ELDON6_20250422_052700.wav,20250422
942,945,Spizella pusilla,Field Sparrow,0.0178,D:/AcousticMonitoringData/ELDON6_Data/Week16\ELDON6_20250422_052700.wav,20250422
942,945,Passerina caerulea,Blue Grosbeak,0.0141,D:/AcousticMonitoringData/ELDON6_Data/Week16\ELDON6_20250422_052700.wav,20250422
945,948,Spizella pusilla,Field Sparrow,0.0165,D:/AcousticMonitoringData/ELDON6_Data/Week16\ELDON6_20250422_052700.wav,20250422
945,948,Sturnella magna,Eastern Meadowlark,0.0135,D:/AcousticMonitoringData/ELDON6_Data/Week16\ELDON6_20250422_052700.wav,20250422
945,948,Passerina caerulea,Blue Grosbeak,0.0135,D:/AcousticMonitoringData/ELDON6_Data/Week16\ELDON6_20250422_052700.wav,20250422
948,951,Spizella pusilla,Field Sparrow,0.0516,D:/AcousticMonitoringData/ELDON6_Data/Week16\ELDON6_20250422_052700.wav,20250422
948,951,Passerina caerulea,Blue Grosbeak,0.017,D:/AcousticMonitoringData/ELDON6_Data/Week16\ELDON6_20250422_052700.wav,20250422
951,954,Passerina caerulea,Blue Grosbeak,0.0142,D:/AcousticMonitoringData/ELDON6_Data/Week16\ELDON6_20250422_052700.wav,20250422
951,954,Geothlypis trichas,Common Yellowthroat,0.011,D:/AcousticMonitoringData/ELDON6_Data/Week16\ELDON6_20250422_052700.wav,20250422
954,957,Geothlypis trichas,Common Yellowthroat,0.031,D:/AcousticMonitoringData/ELDON6_Data/Week16\ELDON6_20250422_052700.wav,20250422
954,957,Spizella pusilla,Field Sparrow,0.023,D:/AcousticMonitoringData/ELDON6_Data/Week16\ELDON6_20250422_052700.wav,20250422
960,963,Spizella pusilla,Field Sparrow,0.0495,D:/AcousticMonitoringData/ELDON6_Data/Week16\ELDON6_20250422_052700.wav,20250422
963,966,Spizella pusilla,Field Sparrow,0.0107,D:/AcousticMonitoringData/ELDON6_Data/Week16\ELDON6_20250422_052700.wav,20250422
966,969,Spizella pusilla,Field Sparrow,0.059,D:/AcousticMonitoringData/ELDON6_Data/Week16\ELDON6_20250422_052700.wav,20250422
966,969,Geothlypis trichas,Common Yellowthroat,0.0181,D:/AcousticMonitoringData/ELDON6_Data/Week16\ELDON6_20250422_052700.wav,20250422
966,969,Passerina caerulea,Blue Grosbeak,0.0148,D:/AcousticMonitoringData/ELDON6_Data/Week16\ELDON6_20250422_052700.wav,20250422
966,969,Sturnella magna,Eastern Meadowlark,0.0142,D:/AcousticMonitoringData/ELDON6_Data/Week16\ELDON6_20250422_052700.wav,20250422
969,972,Spizella pusilla,Field Sparrow,0.0153,D:/AcousticMonitoringData/ELDON6_Data/Week16\ELDON6_20250422_052700.wav,20250422
972,975,Passerina caerulea,Blue Grosbeak,0.0129,D:/AcousticMonitoringData/ELDON6_Data/Week16\ELDON6_20250422_052700.wav,20250422
975,978,Spizella pusilla,Field Sparrow,0.0671,D:/AcousticMonitoringData/ELDON6_Data/Week16\ELDON6_20250422_052700.wav,20250422
975,978,Sturnella magna,Eastern Meadowlark,0.0186,D:/AcousticMonitoringData/ELDON6_Data/Week16\ELDON6_20250422_052700.wav,20250422
975,978,Passerina caerulea,Blue Grosbeak,0.0125,D:/AcousticMonitoringData/ELDON6_Data/Week16\ELDON6_20250422_052700.wav,20250422
978,981,Spizella pusilla,Field Sparrow,0.0192,D:/AcousticMonitoringData/ELDON6_Data/Week16\ELDON6_20250422_052700.wav,20250422
981,984,Geothlypis trichas,Common Yellowthroat,0.0359,D:/AcousticMonitoringData/ELDON6_Data/Week16\ELDON6_20250422_052700.wav,20250422
981,984,Spizella pusilla,Field Sparrow,0.024,D:/AcousticMonitoringData/ELDON6_Data/Week16\ELDON6_20250422_052700.wav,20250422
981,984,Passerina caerulea,Blue Grosbeak,0.0136,D:/AcousticMonitoringData/ELDON6_Data/Week16\ELDON6_20250422_052700.wav,20250422
981,984,Sturnella magna,Eastern Meadowlark,0.011,D:/AcousticMonitoringData/ELDON6_Data/Week16\ELDON6_20250422_052700.wav,20250422
984,987,Spizella pusilla,Field Sparrow,0.1323,D:/AcousticMonitoringData/ELDON6_Data/Week16\ELDON6_20250422_052700.wav,20250422
990,993,Spizella pusilla,Field Sparrow,0.0325,D:/AcousticMonitoringData/ELDON6_Data/Week16\ELDON6_20250422_052700.wav,20250422
990,993,Geothlypis trichas,Common Yellowthroat,0.0232,D:/AcousticMonitoringData/ELDON6_Data/Week16\ELDON6_20250422_052700.wav,20250422
990,993,Sturnella magna,Eastern Meadowlark,0.0102,D:/AcousticMonitoringData/ELDON6_Data/Week16\ELDON6_20250422_052700.wav,20250422
993,996,Sturnella magna,Eastern Meadowlark,0.0202,D:/AcousticMonitoringData/ELDON6_Data/Week16\ELDON6_20250422_052700.wav,20250422
993,996,Spizella pusilla,Field Sparrow,0.0192,D:/AcousticMonitoringData/ELDON6_Data/Week16\ELDON6_20250422_052700.wav,20250422
993,996,Bartramia longicauda,Upland Sandpiper,0.0185,D:/AcousticMonitoringData/ELDON6_Data/Week16\ELDON6_20250422_052700.wav,20250422
996,999,Sturnella magna,Eastern Meadowlark,0.0465,D:/AcousticMonitoringData/ELDON6_Data/Week16\ELDON6_20250422_052700.wav,20250422
996,999,Spizella pusilla,Field Sparrow,0.0261,D:/AcousticMonitoringData/ELDON6_Data/Week16\ELDON6_20250422_052700.wav,20250422
996,999,Geothlypis trichas,Common Yellowthroat,0.013,D:/AcousticMonitoringData/ELDON6_Data/Week16\ELDON6_20250422_052700.wav,20250422
999,1002,Sturnella magna,Eastern Meadowlark,0.0561,D:/AcousticMonitoringData/ELDON6_Data/Week16\ELDON6_20250422_052700.wav,20250422
1002,1005,Spizella pusilla,Field Sparrow,0.0574,D:/AcousticMonitoringData/ELDON6_Data/Week16\ELDON6_20250422_052700.wav,20250422
1002,1005,Sturnella magna,Eastern Meadowlark,0.019,D:/AcousticMonitoringData/ELDON6_Data/Week16\ELDON6_20250422_052700.wav,20250422
1002,1005,Passerina caerulea,Blue Grosbeak,0.0145,D:/AcousticMonitoringData/ELDON6_Data/Week16\ELDON6_20250422_052700.wav,20250422
1008,1011,Spizella pusilla,Field Sparrow,0.0269,D:/AcousticMonitoringData/ELDON6_Data/Week16\ELDON6_20250422_052700.wav,20250422
1008,1011,Sturnella magna,Eastern Meadowlark,0.0169,D:/AcousticMonitoringData/ELDON6_Data/Week16\ELDON6_20250422_052700.wav,20250422
1008,1011,Passerina caerulea,Blue Grosbeak,0.0105,D:/AcousticMonitoringData/ELDON6_Data/Week16\ELDON6_20250422_052700.wav,20250422
1011,1014,Spizella pusilla,Field Sparrow,0.0377,D:/AcousticMonitoringData/ELDON6_Data/Week16\ELDON6_20250422_052700.wav,20250422
1011,1014,Passerina caerulea,Blue Grosbeak,0.0165,D:/AcousticMonitoringData/ELDON6_Data/Week16\ELDON6_20250422_052700.wav,20250422
1011,1014,Sturnella magna,Eastern Meadowlark,0.0145,D:/AcousticMonitoringData/ELDON6_Data/Week16\ELDON6_20250422_052700.wav,20250422
1011,1014,Geothlypis trichas,Common Yellowthroat,0.0102,D:/AcousticMonitoringData/ELDON6_Data/Week16\ELDON6_20250422_052700.wav,20250422
1014,1017,Spizella pusilla,Field Sparrow,0.0602,D:/AcousticMonitoringData/ELDON6_Data/Week16\ELDON6_20250422_052700.wav,20250422
1017,1020,Spizella pusilla,Field Sparrow,0.0245,D:/AcousticMonitoringData/ELDON6_Data/Week16\ELDON6_20250422_052700.wav,20250422
1020,1023,Spizella pusilla,Field Sparrow,0.0403,D:/AcousticMonitoringData/ELDON6_Data/Week16\ELDON6_20250422_052700.wav,20250422
1020,1023,Passerina caerulea,Blue Grosbeak,0.0117,D:/AcousticMonitoringData/ELDON6_Data/Week16\ELDON6_20250422_052700.wav,20250422
1023,1026,Spizella pusilla,Field Sparrow,0.0134,D:/AcousticMonitoringData/ELDON6_Data/Week16\ELDON6_20250422_052700.wav,20250422
1026,1029,Spizella pusilla,Field Sparrow,0.0361,D:/AcousticMonitoringData/ELDON6_Data/Week16\ELDON6_20250422_052700.wav,20250422
1026,1029,Sturnella magna,Eastern Meadowlark,0.0115,D:/AcousticMonitoringData/ELDON6_Data/Week16\ELDON6_20250422_052700.wav,20250422
1026,1029,Passerina caerulea,Blue Grosbeak,0.0114,D:/AcousticMonitoringData/ELDON6_Data/Week16\ELDON6_20250422_052700.wav,20250422
1029,1032,Spizella pusilla,Field Sparrow,0.0533,D:/AcousticMonitoringData/ELDON6_Data/Week16\ELDON6_20250422_052700.wav,20250422
1029,1032,Sturnella magna,Eastern Meadowlark,0.0247,D:/AcousticMonitoringData/ELDON6_Data/Week16\ELDON6_20250422_052700.wav,20250422
1029,1032,Passerina caerulea,Blue Grosbeak,0.0155,D:/AcousticMonitoringData/ELDON6_Data/Week16\ELDON6_20250422_052700.wav,20250422
1032,1035,Spizella pusilla,Field Sparrow,0.0776,D:/AcousticMonitoringData/ELDON6_Data/Week16\ELDON6_20250422_052700.wav,20250422
1032,1035,Sturnella magna,Eastern Meadowlark,0.0191,D:/AcousticMonitoringData/ELDON6_Data/Week16\ELDON6_20250422_052700.wav,20250422
1032,1035,Passerina caerulea,Blue Grosbeak,0.0124,D:/AcousticMonitoringData/ELDON6_Data/Week16\ELDON6_20250422_052700.wav,20250422
1035,1038,Spizella pusilla,Field Sparrow,0.0197,D:/AcousticMonitoringData/ELDON6_Data/Week16\ELDON6_20250422_052700.wav,20250422
1035,1038,Passerina caerulea,Blue Grosbeak,0.0116,D:/AcousticMonitoringData/ELDON6_Data/Week16\ELDON6_20250422_052700.wav,20250422
1038,1041,Spizella pusilla,Field Sparrow,0.048,D:/AcousticMonitoringData/ELDON6_Data/Week16\ELDON6_20250422_052700.wav,20250422
1038,1041,Geothlypis trichas,Common Yellowthroat,0.0189,D:/AcousticMonitoringData/ELDON6_Data/Week16\ELDON6_20250422_052700.wav,20250422
1041,1044,Spizella pusilla,Field Sparrow,0.0369,D:/AcousticMonitoringData/ELDON6_Data/Week16\ELDON6_20250422_052700.wav,20250422
1044,1047,Geothlypis trichas,Common Yellowthroat,0.0298,D:/AcousticMonitoringData/ELDON6_Data/Week16\ELDON6_20250422_052700.wav,20250422
1044,1047,Sturnella magna,Eastern Meadowlark,0.0185,D:/AcousticMonitoringData/ELDON6_Data/Week16\ELDON6_20250422_052700.wav,20250422
1044,1047,Spizella pusilla,Field Sparrow,0.0181,D:/AcousticMonitoringData/ELDON6_Data/Week16\ELDON6_20250422_052700.wav,20250422
1047,1050,Geothlypis trichas,Common Yellowthroat,0.0467,D:/AcousticMonitoringData/ELDON6_Data/Week16\ELDON6_20250422_052700.wav,20250422
1047,1050,Spizella pusilla,Field Sparrow,0.0377,D:/AcousticMonitoringData/ELDON6_Data/Week16\ELDON6_20250422_052700.wav,20250422
1047,1050,Sturnella magna,Eastern Meadowlark,0.0335,D:/AcousticMonitoringData/ELDON6_Data/Week16\ELDON6_20250422_052700.wav,20250422
1047,1050,Passerina caerulea,Blue Grosbeak,0.0141,D:/AcousticMonitoringData/ELDON6_Data/Week16\ELDON6_20250422_052700.wav,20250422
1050,1053,Spizella pusilla,Field Sparrow,0.0174,D:/AcousticMonitoringData/ELDON6_Data/Week16\ELDON6_20250422_052700.wav,20250422
1053,1056,Spizella pusilla,Field Sparrow,0.0273,D:/AcousticMonitoringData/ELDON6_Data/Week16\ELDON6_20250422_052700.wav,20250422
1053,1056,Sturnella magna,Eastern Meadowlark,0.0224,D:/AcousticMonitoringData/ELDON6_Data/Week16\ELDON6_20250422_052700.wav,20250422
1056,1059,Spizella pusilla,Field Sparrow,0.0174,D:/AcousticMonitoringData/ELDON6_Data/Week16\ELDON6_20250422_052700.wav,20250422
1056,1059,Sturnella magna,Eastern Meadowlark,0.012,D:/AcousticMonitoringData/ELDON6_Data/Week16\ELDON6_20250422_052700.wav,20250422
1059,1062,Geothlypis trichas,Common Yellowthroat,0.0386,D:/AcousticMonitoringData/ELDON6_Data/Week16\ELDON6_20250422_052700.wav,20250422
1059,1062,Spizella pusilla,Field Sparrow,0.0242,D:/AcousticMonitoringData/ELDON6_Data/Week16\ELDON6_20250422_052700.wav,20250422
1059,1062,Sturnella magna,Eastern Meadowlark,0.0164,D:/AcousticMonitoringData/ELDON6_Data/Week16\ELDON6_20250422_052700.wav,20250422
1062,1065,Geothlypis trichas,Common Yellowthroat,0.2964,D:/AcousticMonitoringData/ELDON6_Data/Week16\ELDON6_20250422_052700.wav,20250422
1062,1065,Spizella pusilla,Field Sparrow,0.0295,D:/AcousticMonitoringData/ELDON6_Data/Week16\ELDON6_20250422_052700.wav,20250422
1065,1068,Spizella pusilla,Field Sparrow,0.0278,D:/AcousticMonitoringData/ELDON6_Data/Week16\ELDON6_20250422_052700.wav,20250422
1065,1068,Geothlypis trichas,Common Yellowthroat,0.0187,D:/AcousticMonitoringData/ELDON6_Data/Week16\ELDON6_20250422_052700.wav,20250422
1065,1068,Sturnella magna,Eastern Meadowlark,0.0135,D:/AcousticMonitoringData/ELDON6_Data/Week16\ELDON6_20250422_052700.wav,20250422
1068,1071,Geothlypis trichas,Common Yellowthroat,0.0168,D:/AcousticMonitoringData/ELDON6_Data/Week16\ELDON6_20250422_052700.wav,20250422
1068,1071,Spizella pusilla,Field Sparrow,0.0103,D:/AcousticMonitoringData/ELDON6_Data/Week16\ELDON6_20250422_052700.wav,20250422
1071,1074,Geothlypis trichas,Common Yellowthroat,0.0217,D:/AcousticMonitoringData/ELDON6_Data/Week16\ELDON6_20250422_052700.wav,20250422
1071,1074,Spizella pusilla,Field Sparrow,0.0129,D:/AcousticMonitoringData/ELDON6_Data/Week16\ELDON6_20250422_052700.wav,20250422
1074,1077,Geothlypis trichas,Common Yellowthroat,0.0943,D:/AcousticMonitoringData/ELDON6_Data/Week16\ELDON6_20250422_052700.wav,20250422
1074,1077,Spizella pusilla,Field Sparrow,0.0524,D:/AcousticMonitoringData/ELDON6_Data/Week16\ELDON6_20250422_052700.wav,20250422
1074,1077,Sturnella magna,Eastern Meadowlark,0.0189,D:/AcousticMonitoringData/ELDON6_Data/Week16\ELDON6_20250422_052700.wav,20250422
1077,1080,Sturnella magna,Eastern Meadowlark,0.0659,D:/AcousticMonitoringData/ELDON6_Data/Week16\ELDON6_20250422_052700.wav,20250422
1077,1080,Spizella pusilla,Field Sparrow,0.0435,D:/AcousticMonitoringData/ELDON6_Data/Week16\ELDON6_20250422_052700.wav,20250422
1077,1080,Geothlypis trichas,Common Yellowthroat,0.0256,D:/AcousticMonitoringData/ELDON6_Data/Week16\ELDON6_20250422_052700.wav,20250422
1080,1083,Geothlypis trichas,Common Yellowthroat,0.0197,D:/AcousticMonitoringData/ELDON6_Data/Week16\ELDON6_20250422_052700.wav,20250422
1083,1086,Geothlypis trichas,Common Yellowthroat,0.0427,D:/AcousticMonitoringData/ELDON6_Data/Week16\ELDON6_20250422_052700.wav,20250422
1086,1089,Geothlypis trichas,Common Yellowthroat,0.0603,D:/AcousticMonitoringData/ELDON6_Data/Week16\ELDON6_20250422_052700.wav,20250422
1086,1089,Spizella pusilla,Field Sparrow,0.0164,D:/AcousticMonitoringData/ELDON6_Data/Week16\ELDON6_20250422_052700.wav,20250422
1089,1092,Spizella pusilla,Field Sparrow,0.0582,D:/AcousticMonitoringData/ELDON6_Data/Week16\ELDON6_20250422_052700.wav,20250422
1089,1092,Sturnella magna,Eastern Meadowlark,0.0146,D:/AcousticMonitoringData/ELDON6_Data/Week16\ELDON6_20250422_052700.wav,20250422
1089,1092,Geothlypis trichas,Common Yellowthroat,0.0128,D:/AcousticMonitoringData/ELDON6_Data/Week16\ELDON6_20250422_052700.wav,20250422
1092,1095,Spizella pusilla,Field Sparrow,0.0386,D:/AcousticMonitoringData/ELDON6_Data/Week16\ELDON6_20250422_052700.wav,20250422
1092,1095,Geothlypis trichas,Common Yellowthroat,0.0315,D:/AcousticMonitoringData/ELDON6_Data/Week16\ELDON6_20250422_052700.wav,20250422
1092,1095,Sturnella magna,Eastern Meadowlark,0.0155,D:/AcousticMonitoringData/ELDON6_Data/Week16\ELDON6_20250422_052700.wav,20250422
1095,1098,Geothlypis trichas,Common Yellowthroat,0.1485,D:/AcousticMonitoringData/ELDON6_Data/Week16\ELDON6_20250422_052700.wav,20250422
1095,1098,Spizella pusilla,Field Sparrow,0.046,D:/AcousticMonitoringData/ELDON6_Data/Week16\ELDON6_20250422_052700.wav,20250422
1095,1098,Sturnella magna,Eastern Meadowlark,0.0309,D:/AcousticMonitoringData/ELDON6_Data/Week16\ELDON6_20250422_052700.wav,20250422
1098,1101,Spizella pusilla,Field Sparrow,0.0122,D:/AcousticMonitoringData/ELDON6_Data/Week16\ELDON6_20250422_052700.wav,20250422
1098,1101,Geothlypis trichas,Common Yellowthroat,0.0117,D:/AcousticMonitoringData/ELDON6_Data/Week16\ELDON6_20250422_052700.wav,20250422
1101,1104,Spizella pusilla,Field Sparrow,0.0317,D:/AcousticMonitoringData/ELDON6_Data/Week16\ELDON6_20250422_052700.wav,20250422
1101,1104,Sturnella magna,Eastern Meadowlark,0.012,D:/AcousticMonitoringData/ELDON6_Data/Week16\ELDON6_20250422_052700.wav,20250422
1101,1104,Geothlypis trichas,Common Yellowthroat,0.0106,D:/AcousticMonitoringData/ELDON6_Data/Week16\ELDON6_20250422_052700.wav,20250422
1104,1107,Melospiza melodia,Song Sparrow,0.0118,D:/AcousticMonitoringData/ELDON6_Data/Week16\ELDON6_20250422_052700.wav,20250422
1104,1107,Geothlypis trichas,Common Yellowthroat,0.0113,D:/AcousticMonitoringData/ELDON6_Data/Week16\ELDON6_20250422_052700.wav,20250422
1104,1107,Sturnella magna,Eastern Meadowlark,0.0105,D:/AcousticMonitoringData/ELDON6_Data/Week16\ELDON6_20250422_052700.wav,20250422
1107,1110,Geothlypis trichas,Common Yellowthroat,0.1722,D:/AcousticMonitoringData/ELDON6_Data/Week16\ELDON6_20250422_052700.wav,20250422
1107,1110,Spizella pusilla,Field Sparrow,0.0146,D:/AcousticMonitoringData/ELDON6_Data/Week16\ELDON6_20250422_052700.wav,20250422
1110,1113,Geothlypis trichas,Common Yellowthroat,0.0679,D:/AcousticMonitoringData/ELDON6_Data/Week16\ELDON6_20250422_052700.wav,20250422
1110,1113,Melospiza melodia,Song Sparrow,0.0147,D:/AcousticMonitoringData/ELDON6_Data/Week16\ELDON6_20250422_052700.wav,20250422
1113,1116,Geothlypis trichas,Common Yellowthroat,0.1411,D:/AcousticMonitoringData/ELDON6_Data/Week16\ELDON6_20250422_052700.wav,20250422
1113,1116,Melospiza melodia,Song Sparrow,0.0193,D:/AcousticMonitoringData/ELDON6_Data/Week16\ELDON6_20250422_052700.wav,20250422
1113,1116,Spizella pusilla,Field Sparrow,0.0122,D:/AcousticMonitoringData/ELDON6_Data/Week16\ELDON6_20250422_052700.wav,20250422
1113,1116,Sturnella magna,Eastern Meadowlark,0.0115,D:/AcousticMonitoringData/ELDON6_Data/Week16\ELDON6_20250422_052700.wav,20250422
1116,1119,Geothlypis trichas,Common Yellowthroat,0.026,D:/AcousticMonitoringData/ELDON6_Data/Week16\ELDON6_20250422_052700.wav,20250422
1119,1122,Geothlypis trichas,Common Yellowthroat,0.0662,D:/AcousticMonitoringData/ELDON6_Data/Week16\ELDON6_20250422_052700.wav,20250422
1119,1122,Spizella pusilla,Field Sparrow,0.0125,D:/AcousticMonitoringData/ELDON6_Data/Week16\ELDON6_20250422_052700.wav,20250422
1122,1125,Spizella pusilla,Field Sparrow,0.013,D:/AcousticMonitoringData/ELDON6_Data/Week16\ELDON6_20250422_052700.wav,20250422
1134,1137,Geothlypis trichas,Common Yellowthroat,0.0296,D:/AcousticMonitoringData/ELDON6_Data/Week16\ELDON6_20250422_052700.wav,20250422
1137,1140,Geothlypis trichas,Common Yellowthroat,0.034,D:/AcousticMonitoringData/ELDON6_Data/Week16\ELDON6_20250422_052700.wav,20250422
1137,1140,Melospiza melodia,Song Sparrow,0.0296,D:/AcousticMonitoringData/ELDON6_Data/Week16\ELDON6_20250422_052700.wav,20250422
1143,1146,Eremophila alpestris,Horned Lark,0.0187,D:/AcousticMonitoringData/ELDON6_Data/Week16\ELDON6_20250422_052700.wav,20250422
1146,1149,Geothlypis trichas,Common Yellowthroat,0.0162,D:/AcousticMonitoringData/ELDON6_Data/Week16\ELDON6_20250422_052700.wav,20250422
1146,1149,Melospiza melodia,Song Sparrow,0.0133,D:/AcousticMonitoringData/ELDON6_Data/Week16\ELDON6_20250422_052700.wav,20250422
1149,1152,Geothlypis trichas,Common Yellowthroat,0.0146,D:/AcousticMonitoringData/ELDON6_Data/Week16\ELDON6_20250422_052700.wav,20250422
1152,1155,Geothlypis trichas,Common Yellowthroat,0.0225,D:/AcousticMonitoringData/ELDON6_Data/Week16\ELDON6_20250422_052700.wav,20250422
1152,1155,Spizella pusilla,Field Sparrow,0.0129,D:/AcousticMonitoringData/ELDON6_Data/Week16\ELDON6_20250422_052700.wav,20250422
1155,1158,Spizella pusilla,Field Sparrow,0.0481,D:/AcousticMonitoringData/ELDON6_Data/Week16\ELDON6_20250422_052700.wav,20250422
1155,1158,Geothlypis trichas,Common Yellowthroat,0.0277,D:/AcousticMonitoringData/ELDON6_Data/Week16\ELDON6_20250422_052700.wav,20250422
1155,1158,Sturnella magna,Eastern Meadowlark,0.0201,D:/AcousticMonitoringData/ELDON6_Data/Week16\ELDON6_20250422_052700.wav,20250422
1158,1161,Sturnella magna,Eastern Meadowlark,0.0305,D:/AcousticMonitoringData/ELDON6_Data/Week16\ELDON6_20250422_052700.wav,20250422
1158,1161,Spizella pusilla,Field Sparrow,0.0193,D:/AcousticMonitoringData/ELDON6_Data/Week16\ELDON6_20250422_052700.wav,20250422
1161,1164,Spizella pusilla,Field Sparrow,0.0139,D:/AcousticMonitoringData/ELDON6_Data/Week16\ELDON6_20250422_052700.wav,20250422
1164,1167,Spizella pusilla,Field Sparrow,0.0391,D:/AcousticMonitoringData/ELDON6_Data/Week16\ELDON6_20250422_052700.wav,20250422
1164,1167,Geothlypis trichas,Common Yellowthroat,0.011,D:/AcousticMonitoringData/ELDON6_Data/Week16\ELDON6_20250422_052700.wav,20250422
1167,1170,Spizella pusilla,Field Sparrow,0.0237,D:/AcousticMonitoringData/ELDON6_Data/Week16\ELDON6_20250422_052700.wav,20250422
1167,1170,Geothlypis trichas,Common Yellowthroat,0.0122,D:/AcousticMonitoringData/ELDON6_Data/Week16\ELDON6_20250422_052700.wav,20250422
1167,1170,Sturnella magna,Eastern Meadowlark,0.0121,D:/AcousticMonitoringData/ELDON6_Data/Week16\ELDON6_20250422_052700.wav,20250422
1170,1173,Geothlypis trichas,Common Yellowthroat,0.029,D:/AcousticMonitoringData/ELDON6_Data/Week16\ELDON6_20250422_052700.wav,20250422
1170,1173,Spizella pusilla,Field Sparrow,0.0245,D:/AcousticMonitoringData/ELDON6_Data/Week16\ELDON6_20250422_052700.wav,20250422
1170,1173,Sturnella magna,Eastern Meadowlark,0.0232,D:/AcousticMonitoringData/ELDON6_Data/Week16\ELDON6_20250422_052700.wav,20250422
1173,1176,Geothlypis trichas,Common Yellowthroat,0.0118,D:/AcousticMonitoringData/ELDON6_Data/Week16\ELDON6_20250422_052700.wav,20250422
1173,1176,Melospiza melodia,Song Sparrow,0.0101,D:/AcousticMonitoringData/ELDON6_Data/Week16\ELDON6_20250422_052700.wav,20250422
1176,1179,Spizella pusilla,Field Sparrow,0.071,D:/AcousticMonitoringData/ELDON6_Data/Week16\ELDON6_20250422_052700.wav,20250422
1176,1179,Sturnella magna,Eastern Meadowlark,0.0233,D:/AcousticMonitoringData/ELDON6_Data/Week16\ELDON6_20250422_052700.wav,20250422
1176,1179,Geothlypis trichas,Common Yellowthroat,0.0143,D:/AcousticMonitoringData/ELDON6_Data/Week16\ELDON6_20250422_052700.wav,20250422
1179,1182,Spizella pusilla,Field Sparrow,0.0664,D:/AcousticMonitoringData/ELDON6_Data/Week16\ELDON6_20250422_052700.wav,20250422
1179,1182,Sturnella magna,Eastern Meadowlark,0.0323,D:/AcousticMonitoringData/ELDON6_Data/Week16\ELDON6_20250422_052700.wav,20250422
1179,1182,Geothlypis trichas,Common Yellowthroat,0.0114,D:/AcousticMonitoringData/ELDON6_Data/Week16\ELDON6_20250422_052700.wav,20250422
1182,1185,Geothlypis trichas,Common Yellowthroat,0.0529,D:/AcousticMonitoringData/ELDON6_Data/Week16\ELDON6_20250422_052700.wav,20250422
1182,1185,Spizella pusilla,Field Sparrow,0.0169,D:/AcousticMonitoringData/ELDON6_Data/Week16\ELDON6_20250422_052700.wav,20250422
1182,1185,Sturnella magna,Eastern Meadowlark,0.0151,D:/AcousticMonitoringData/ELDON6_Data/Week16\ELDON6_20250422_052700.wav,20250422
1185,1188,Spizella pusilla,Field Sparrow,0.0768,D:/AcousticMonitoringData/ELDON6_Data/Week16\ELDON6_20250422_052700.wav,20250422
1185,1188,Geothlypis trichas,Common Yellowthroat,0.0271,D:/AcousticMonitoringData/ELDON6_Data/Week16\ELDON6_20250422_052700.wav,20250422
1185,1188,Sturnella magna,Eastern Meadowlark,0.0246,D:/AcousticMonitoringData/ELDON6_Data/Week16\ELDON6_20250422_052700.wav,20250422
1188,1191,Spizella pusilla,Field Sparrow,0.0179,D:/AcousticMonitoringData/ELDON6_Data/Week16\ELDON6_20250422_052700.wav,20250422
1188,1191,Geothlypis trichas,Common Yellowthroat,0.0113,D:/AcousticMonitoringData/ELDON6_Data/Week16\ELDON6_20250422_052700.wav,20250422
1191,1194,Geothlypis trichas,Common Yellowthroat,0.0372,D:/AcousticMonitoringData/ELDON6_Data/Week16\ELDON6_20250422_052700.wav,20250422
1191,1194,Spizella pusilla,Field Sparrow,0.0109,D:/AcousticMonitoringData/ELDON6_Data/Week16\ELDON6_20250422_052700.wav,20250422
1191,1194,Sturnella magna,Eastern Meadowlark,0.0106,D:/AcousticMonitoringData/ELDON6_Data/Week16\ELDON6_20250422_052700.wav,20250422
1194,1197,Geothlypis trichas,Common Yellowthroat,0.0824,D:/AcousticMonitoringData/ELDON6_Data/Week16\ELDON6_20250422_052700.wav,20250422
1194,1197,Spizella pusilla,Field Sparrow,0.0306,D:/AcousticMonitoringData/ELDON6_Data/Week16\ELDON6_20250422_052700.wav,20250422
1197,1200,Spizella pusilla,Field Sparrow,0.0271,D:/AcousticMonitoringData/ELDON6_Data/Week16\ELDON6_20250422_052700.wav,20250422
1197,1200,Sturnella magna,Eastern Meadowlark,0.0128,D:/AcousticMonitoringData/ELDON6_Data/Week16\ELDON6_20250422_052700.wav,20250422
1203,1206,Sturnella magna,Eastern Meadowlark,0.0397,D:/AcousticMonitoringData/ELDON6_Data/Week16\ELDON6_20250422_052700.wav,20250422
1203,1206,Spizella pusilla,Field Sparrow,0.0269,D:/AcousticMonitoringData/ELDON6_Data/Week16\ELDON6_20250422_052700.wav,20250422
1203,1206,Geothlypis trichas,Common Yellowthroat,0.0237,D:/AcousticMonitoringData/ELDON6_Data/Week16\ELDON6_20250422_052700.wav,20250422
1203,1206,Melospiza melodia,Song Sparrow,0.012,D:/AcousticMonitoringData/ELDON6_Data/Week16\ELDON6_20250422_052700.wav,20250422
1206,1209,Spizella pusilla,Field Sparrow,0.0217,D:/AcousticMonitoringData/ELDON6_Data/Week16\ELDON6_20250422_052700.wav,20250422
1206,1209,Geothlypis trichas,Common Yellowthroat,0.0208,D:/AcousticMonitoringData/ELDON6_Data/Week16\ELDON6_20250422_052700.wav,20250422
1209,1212,Geothlypis trichas,Common Yellowthroat,0.0398,D:/AcousticMonitoringData/ELDON6_Data/Week16\ELDON6_20250422_052700.wav,20250422
1209,1212,Spizella pusilla,Field Sparrow,0.0362,D:/AcousticMonitoringData/ELDON6_Data/Week16\ELDON6_20250422_052700.wav,20250422
1209,1212,Sturnella magna,Eastern Meadowlark,0.0228,D:/AcousticMonitoringData/ELDON6_Data/Week16\ELDON6_20250422_052700.wav,20250422
1212,1215,Geothlypis trichas,Common Yellowthroat,0.0177,D:/AcousticMonitoringData/ELDON6_Data/Week16\ELDON6_20250422_052700.wav,20250422
1212,1215,Spizella pusilla,Field Sparrow,0.017,D:/AcousticMonitoringData/ELDON6_Data/Week16\ELDON6_20250422_052700.wav,20250422
1212,1215,Sturnella magna,Eastern Meadowlark,0.0121,D:/AcousticMonitoringData/ELDON6_Data/Week16\ELDON6_20250422_052700.wav,20250422
1215,1218,Sturnella magna,Eastern Meadowlark,0.0275,D:/AcousticMonitoringData/ELDON6_Data/Week16\ELDON6_20250422_052700.wav,20250422
1215,1218,Spizella pusilla,Field Sparrow,0.0118,D:/AcousticMonitoringData/ELDON6_Data/Week16\ELDON6_20250422_052700.wav,20250422
1218,1221,Sturnella magna,Eastern Meadowlark,0.0144,D:/AcousticMonitoringData/ELDON6_Data/Week16\ELDON6_20250422_052700.wav,20250422
1218,1221,Spizella pusilla,Field Sparrow,0.0129,D:/AcousticMonitoringData/ELDON6_Data/Week16\ELDON6_20250422_052700.wav,20250422
1221,1224,Spizella pusilla,Field Sparrow,0.0259,D:/AcousticMonitoringData/ELDON6_Data/Week16\ELDON6_20250422_052700.wav,20250422
1221,1224,Geothlypis trichas,Common Yellowthroat,0.0203,D:/AcousticMonitoringData/ELDON6_Data/Week16\ELDON6_20250422_052700.wav,20250422
1224,1227,Spizella pusilla,Field Sparrow,0.0186,D:/AcousticMonitoringData/ELDON6_Data/Week16\ELDON6_20250422_052700.wav,20250422
1224,1227,Geothlypis trichas,Common Yellowthroat,0.0176,D:/AcousticMonitoringData/ELDON6_Data/Week16\ELDON6_20250422_052700.wav,20250422
1233,1236,Geothlypis trichas,Common Yellowthroat,0.0103,D:/AcousticMonitoringData/ELDON6_Data/Week16\ELDON6_20250422_052700.wav,20250422
1236,1239,Spizella pusilla,Field Sparrow,0.0154,D:/AcousticMonitoringData/ELDON6_Data/Week16\ELDON6_20250422_052700.wav,20250422
1236,1239,Geothlypis trichas,Common Yellowthroat,0.0117,D:/AcousticMonitoringData/ELDON6_Data/Week16\ELDON6_20250422_052700.wav,20250422
1236,1239,Sturnella magna,Eastern Meadowlark,0.0109,D:/AcousticMonitoringData/ELDON6_Data/Week16\ELDON6_20250422_052700.wav,20250422
1239,1242,Spizella pusilla,Field Sparrow,0.0108,D:/AcousticMonitoringData/ELDON6_Data/Week16\ELDON6_20250422_052700.wav,20250422
1242,1245,Spizella pusilla,Field Sparrow,0.0673,D:/AcousticMonitoringData/ELDON6_Data/Week16\ELDON6_20250422_052700.wav,20250422
1242,1245,Geothlypis trichas,Common Yellowthroat,0.0525,D:/AcousticMonitoringData/ELDON6_Data/Week16\ELDON6_20250422_052700.wav,20250422
1245,1248,Spizella pusilla,Field Sparrow,0.0254,D:/AcousticMonitoringData/ELDON6_Data/Week16\ELDON6_20250422_052700.wav,20250422
1245,1248,Geothlypis trichas,Common Yellowthroat,0.016,D:/AcousticMonitoringData/ELDON6_Data/Week16\ELDON6_20250422_052700.wav,20250422
1245,1248,Sturnella magna,Eastern Meadowlark,0.0138,D:/AcousticMonitoringData/ELDON6_Data/Week16\ELDON6_20250422_052700.wav,20250422
1248,1251,Geothlypis trichas,Common Yellowthroat,0.0201,D:/AcousticMonitoringData/ELDON6_Data/Week16\ELDON6_20250422_052700.wav,20250422
1251,1254,Spizella pusilla,Field Sparrow,0.0195,D:/AcousticMonitoringData/ELDON6_Data/Week16\ELDON6_20250422_052700.wav,20250422
1251,1254,Sturnella magna,Eastern Meadowlark,0.017,D:/AcousticMonitoringData/ELDON6_Data/Week16\ELDON6_20250422_052700.wav,20250422
1251,1254,Geothlypis trichas,Common Yellowthroat,0.0154,D:/AcousticMonitoringData/ELDON6_Data/Week16\ELDON6_20250422_052700.wav,20250422
1254,1257,Spizella pusilla,Field Sparrow,0.0119,D:/AcousticMonitoringData/ELDON6_Data/Week16\ELDON6_20250422_052700.wav,20250422
1254,1257,Sturnella magna,Eastern Meadowlark,0.0104,D:/AcousticMonitoringData/ELDON6_Data/Week16\ELDON6_20250422_052700.wav,20250422
1257,1260,Sturnella magna,Eastern Meadowlark,0.0165,D:/AcousticMonitoringData/ELDON6_Data/Week16\ELDON6_20250422_052700.wav,20250422
1257,1260,Spizella pusilla,Field Sparrow,0.0139,D:/AcousticMonitoringData/ELDON6_Data/Week16\ELDON6_20250422_052700.wav,20250422
1260,1263,Spizella pusilla,Field Sparrow,0.0284,D:/AcousticMonitoringData/ELDON6_Data/Week16\ELDON6_20250422_052700.wav,20250422
1263,1266,Geothlypis trichas,Common Yellowthroat,0.017,D:/AcousticMonitoringData/ELDON6_Data/Week16\ELDON6_20250422_052700.wav,20250422
1263,1266,Spizella pusilla,Field Sparrow,0.0144,D:/AcousticMonitoringData/ELDON6_Data/Week16\ELDON6_20250422_052700.wav,20250422
1269,1272,Geothlypis trichas,Common Yellowthroat,0.0486,D:/AcousticMonitoringData/ELDON6_Data/Week16\ELDON6_20250422_052700.wav,20250422
1269,1272,Spizella pusilla,Field Sparrow,0.0454,D:/AcousticMonitoringData/ELDON6_Data/Week16\ELDON6_20250422_052700.wav,20250422
1269,1272,Sturnella magna,Eastern Meadowlark,0.0151,D:/AcousticMonitoringData/ELDON6_Data/Week16\ELDON6_20250422_052700.wav,20250422
1272,1275,Spizella pusilla,Field Sparrow,0.0137,D:/AcousticMonitoringData/ELDON6_Data/Week16\ELDON6_20250422_052700.wav,20250422
1272,1275,Geothlypis trichas,Common Yellowthroat,0.0101,D:/AcousticMonitoringData/ELDON6_Data/Week16\ELDON6_20250422_052700.wav,20250422
1275,1278,Sturnella magna,Eastern Meadowlark,0.0195,D:/AcousticMonitoringData/ELDON6_Data/Week16\ELDON6_20250422_052700.wav,20250422
1275,1278,Spizella pusilla,Field Sparrow,0.015,D:/AcousticMonitoringData/ELDON6_Data/Week16\ELDON6_20250422_052700.wav,20250422
1278,1281,Geothlypis trichas,Common Yellowthroat,0.0677,D:/AcousticMonitoringData/ELDON6_Data/Week16\ELDON6_20250422_052700.wav,20250422
1278,1281,Spizella pusilla,Field Sparrow,0.0261,D:/AcousticMonitoringData/ELDON6_Data/Week16\ELDON6_20250422_052700.wav,20250422
1281,1284,Geothlypis trichas,Common Yellowthroat,0.0703,D:/AcousticMonitoringData/ELDON6_Data/Week16\ELDON6_20250422_052700.wav,20250422
1281,1284,Spizella pusilla,Field Sparrow,0.0269,D:/AcousticMonitoringData/ELDON6_Data/Week16\ELDON6_20250422_052700.wav,20250422
1281,1284,Sturnella magna,Eastern Meadowlark,0.0122,D:/AcousticMonitoringData/ELDON6_Data/Week16\ELDON6_20250422_052700.wav,20250422
1284,1287,Spizella pusilla,Field Sparrow,0.0361,D:/AcousticMonitoringData/ELDON6_Data/Week16\ELDON6_20250422_052700.wav,20250422
1284,1287,Geothlypis trichas,Common Yellowthroat,0.0256,D:/AcousticMonitoringData/ELDON6_Data/Week16\ELDON6_20250422_052700.wav,20250422
1287,1290,Sturnella magna,Eastern Meadowlark,0.0207,D:/AcousticMonitoringData/ELDON6_Data/Week16\ELDON6_20250422_052700.wav,20250422
1290,1293,Spizella pusilla,Field Sparrow,0.0266,D:/AcousticMonitoringData/ELDON6_Data/Week16\ELDON6_20250422_052700.wav,20250422
1290,1293,Geothlypis trichas,Common Yellowthroat,0.0109,D:/AcousticMonitoringData/ELDON6_Data/Week16\ELDON6_20250422_052700.wav,20250422
1293,1296,Geothlypis trichas,Common Yellowthroat,0.095,D:/AcousticMonitoringData/ELDON6_Data/Week16\ELDON6_20250422_052700.wav,20250422
1293,1296,Spizella pusilla,Field Sparrow,0.0469,D:/AcousticMonitoringData/ELDON6_Data/Week16\ELDON6_20250422_052700.wav,20250422
1293,1296,Sturnella magna,Eastern Meadowlark,0.0241,D:/AcousticMonitoringData/ELDON6_Data/Week16\ELDON6_20250422_052700.wav,20250422
1293,1296,Passerina caerulea,Blue Grosbeak,0.0114,D:/AcousticMonitoringData/ELDON6_Data/Week16\ELDON6_20250422_052700.wav,20250422
1296,1299,Sturnella magna,Eastern Meadowlark,0.0275,D:/AcousticMonitoringData/ELDON6_Data/Week16\ELDON6_20250422_052700.wav,20250422
1296,1299,Spizella pusilla,Field Sparrow,0.0187,D:/AcousticMonitoringData/ELDON6_Data/Week16\ELDON6_20250422_052700.wav,20250422
1299,1302,Spizella pusilla,Field Sparrow,0.0766,D:/AcousticMonitoringData/ELDON6_Data/Week16\ELDON6_20250422_052700.wav,20250422
1299,1302,Sturnella magna,Eastern Meadowlark,0.0132,D:/AcousticMonitoringData/ELDON6_Data/Week16\ELDON6_20250422_052700.wav,20250422
1302,1305,Sturnella magna,Eastern Meadowlark,0.047,D:/AcousticMonitoringData/ELDON6_Data/Week16\ELDON6_20250422_052700.wav,20250422
1302,1305,Spizella pusilla,Field Sparrow,0.0291,D:/AcousticMonitoringData/ELDON6_Data/Week16\ELDON6_20250422_052700.wav,20250422
1302,1305,Geothlypis trichas,Common Yellowthroat,0.025,D:/AcousticMonitoringData/ELDON6_Data/Week16\ELDON6_20250422_052700.wav,20250422
1302,1305,Passerina caerulea,Blue Grosbeak,0.0104,D:/AcousticMonitoringData/ELDON6_Data/Week16\ELDON6_20250422_052700.wav,20250422
1305,1308,Geothlypis trichas,Common Yellowthroat,0.056,D:/AcousticMonitoringData/ELDON6_Data/Week16\ELDON6_20250422_052700.wav,20250422
1305,1308,Sturnella magna,Eastern Meadowlark,0.0454,D:/AcousticMonitoringData/ELDON6_Data/Week16\ELDON6_20250422_052700.wav,20250422
1305,1308,Spizella pusilla,Field Sparrow,0.0263,D:/AcousticMonitoringData/ELDON6_Data/Week16\ELDON6_20250422_052700.wav,20250422
1308,1311,Spizella pusilla,Field Sparrow,0.0196,D:/AcousticMonitoringData/ELDON6_Data/Week16\ELDON6_20250422_052700.wav,20250422
1308,1311,Sturnella magna,Eastern Meadowlark,0.0124,D:/AcousticMonitoringData/ELDON6_Data/Week16\ELDON6_20250422_052700.wav,20250422
1311,1314,Geothlypis trichas,Common Yellowthroat,0.0203,D:/AcousticMonitoringData/ELDON6_Data/Week16\ELDON6_20250422_052700.wav,20250422
1311,1314,Passerina caerulea,Blue Grosbeak,0.0141,D:/AcousticMonitoringData/ELDON6_Data/Week16\ELDON6_20250422_052700.wav,20250422
1314,1317,Spizella pusilla,Field Sparrow,0.0241,D:/AcousticMonitoringData/ELDON6_Data/Week16\ELDON6_20250422_052700.wav,20250422
1314,1317,Geothlypis trichas,Common Yellowthroat,0.0132,D:/AcousticMonitoringData/ELDON6_Data/Week16\ELDON6_20250422_052700.wav,20250422
1314,1317,Sturnella magna,Eastern Meadowlark,0.0117,D:/AcousticMonitoringData/ELDON6_Data/Week16\ELDON6_20250422_052700.wav,20250422
1314,1317,Passerina caerulea,Blue Grosbeak,0.011,D:/AcousticMonitoringData/ELDON6_Data/Week16\ELDON6_20250422_052700.wav,20250422
1320,1323,Spizella pusilla,Field Sparrow,0.0428,D:/AcousticMonitoringData/ELDON6_Data/Week16\ELDON6_20250422_052700.wav,20250422
1320,1323,Geothlypis trichas,Common Yellowthroat,0.0293,D:/AcousticMonitoringData/ELDON6_Data/Week16\ELDON6_20250422_052700.wav,20250422
1320,1323,Passerina caerulea,Blue Grosbeak,0.0138,D:/AcousticMonitoringData/ELDON6_Data/Week16\ELDON6_20250422_052700.wav,20250422
1326,1329,Spizella pusilla,Field Sparrow,0.0162,D:/AcousticMonitoringData/ELDON6_Data/Week16\ELDON6_20250422_052700.wav,20250422
1329,1332,Sturnella magna,Eastern Meadowlark,0.0231,D:/AcousticMonitoringData/ELDON6_Data/Week16\ELDON6_20250422_052700.wav,20250422
1329,1332,Spizella pusilla,Field Sparrow,0.018,D:/AcousticMonitoringData/ELDON6_Data/Week16\ELDON6_20250422_052700.wav,20250422
1329,1332,Geothlypis trichas,Common Yellowthroat,0.012,D:/AcousticMonitoringData/ELDON6_Data/Week16\ELDON6_20250422_052700.wav,20250422
1329,1332,Passerina caerulea,Blue Grosbeak,0.0111,D:/AcousticMonitoringData/ELDON6_Data/Week16\ELDON6_20250422_052700.wav,20250422
1335,1338,Spizella pusilla,Field Sparrow,0.0246,D:/AcousticMonitoringData/ELDON6_Data/Week16\ELDON6_20250422_052700.wav,20250422
1335,1338,Geothlypis trichas,Common Yellowthroat,0.0124,D:/AcousticMonitoringData/ELDON6_Data/Week16\ELDON6_20250422_052700.wav,20250422
1338,1341,Geothlypis trichas,Common Yellowthroat,0.0591,D:/AcousticMonitoringData/ELDON6_Data/Week16\ELDON6_20250422_052700.wav,20250422
1338,1341,Sturnella magna,Eastern Meadowlark,0.0123,D:/AcousticMonitoringData/ELDON6_Data/Week16\ELDON6_20250422_052700.wav,20250422
1341,1344,Geothlypis trichas,Common Yellowthroat,0.0359,D:/AcousticMonitoringData/ELDON6_Data/Week16\ELDON6_20250422_052700.wav,20250422
1341,1344,Spizella pusilla,Field Sparrow,0.0159,D:/AcousticMonitoringData/ELDON6_Data/Week16\ELDON6_20250422_052700.wav,20250422
1344,1347,Spizella pusilla,Field Sparrow,0.0332,D:/AcousticMonitoringData/ELDON6_Data/Week16\ELDON6_20250422_052700.wav,20250422
1344,1347,Passerina caerulea,Blue Grosbeak,0.013,D:/AcousticMonitoringData/ELDON6_Data/Week16\ELDON6_20250422_052700.wav,20250422
1350,1353,Spizella pusilla,Field Sparrow,0.0369,D:/AcousticMonitoringData/ELDON6_Data/Week16\ELDON6_20250422_052700.wav,20250422
1350,1353,Sturnella magna,Eastern Meadowlark,0.0223,D:/AcousticMonitoringData/ELDON6_Data/Week16\ELDON6_20250422_052700.wav,20250422
1350,1353,Passerina caerulea,Blue Grosbeak,0.0175,D:/AcousticMonitoringData/ELDON6_Data/Week16\ELDON6_20250422_052700.wav,20250422
1353,1356,Spizella pusilla,Field Sparrow,0.0321,D:/AcousticMonitoringData/ELDON6_Data/Week16\ELDON6_20250422_052700.wav,20250422
1353,1356,Passerina caerulea,Blue Grosbeak,0.0172,D:/AcousticMonitoringData/ELDON6_Data/Week16\ELDON6_20250422_052700.wav,20250422
1353,1356,Geothlypis trichas,Common Yellowthroat,0.0119,D:/AcousticMonitoringData/ELDON6_Data/Week16\ELDON6_20250422_052700.wav,20250422
1359,1362,Spizella pusilla,Field Sparrow,0.0551,D:/AcousticMonitoringData/ELDON6_Data/Week16\ELDON6_20250422_052700.wav,20250422
1359,1362,Passerina caerulea,Blue Grosbeak,0.0349,D:/AcousticMonitoringData/ELDON6_Data/Week16\ELDON6_20250422_052700.wav,20250422
1359,1362,Sturnella magna,Eastern Meadowlark,0.0172,D:/AcousticMonitoringData/ELDON6_Data/Week16\ELDON6_20250422_052700.wav,20250422
1362,1365,Spizella pusilla,Field Sparrow,0.0612,D:/AcousticMonitoringData/ELDON6_Data/Week16\ELDON6_20250422_052700.wav,20250422
1362,1365,Geothlypis trichas,Common Yellowthroat,0.0337,D:/AcousticMonitoringData/ELDON6_Data/Week16\ELDON6_20250422_052700.wav,20250422
1362,1365,Passerina caerulea,Blue Grosbeak,0.0213,D:/AcousticMonitoringData/ELDON6_Data/Week16\ELDON6_20250422_052700.wav,20250422
1362,1365,Sturnella magna,Eastern Meadowlark,0.0213,D:/AcousticMonitoringData/ELDON6_Data/Week16\ELDON6_20250422_052700.wav,20250422
1365,1368,Sturnella magna,Eastern Meadowlark,0.0103,D:/AcousticMonitoringData/ELDON6_Data/Week16\ELDON6_20250422_052700.wav,20250422
1368,1371,Sturnella magna,Eastern Meadowlark,0.0183,D:/AcousticMonitoringData/ELDON6_Data/Week16\ELDON6_20250422_052700.wav,20250422
1368,1371,Spizella pusilla,Field Sparrow,0.0105,D:/AcousticMonitoringData/ELDON6_Data/Week16\ELDON6_20250422_052700.wav,20250422
1371,1374,Geothlypis trichas,Common Yellowthroat,0.056,D:/AcousticMonitoringData/ELDON6_Data/Week16\ELDON6_20250422_052700.wav,20250422
1371,1374,Spizella pusilla,Field Sparrow,0.0258,D:/AcousticMonitoringData/ELDON6_Data/Week16\ELDON6_20250422_052700.wav,20250422
1374,1377,Spizella pusilla,Field Sparrow,0.0344,D:/AcousticMonitoringData/ELDON6_Data/Week16\ELDON6_20250422_052700.wav,20250422
1374,1377,Geothlypis trichas,Common Yellowthroat,0.0155,D:/AcousticMonitoringData/ELDON6_Data/Week16\ELDON6_20250422_052700.wav,20250422
1374,1377,Sturnella magna,Eastern Meadowlark,0.0108,D:/AcousticMonitoringData/ELDON6_Data/Week16\ELDON6_20250422_052700.wav,20250422
1377,1380,Spizella pusilla,Field Sparrow,0.0974,D:/AcousticMonitoringData/ELDON6_Data/Week16\ELDON6_20250422_052700.wav,20250422
1377,1380,Geothlypis trichas,Common Yellowthroat,0.0301,D:/AcousticMonitoringData/ELDON6_Data/Week16\ELDON6_20250422_052700.wav,20250422
1377,1380,Sturnella magna,Eastern Meadowlark,0.0185,D:/AcousticMonitoringData/ELDON6_Data/Week16\ELDON6_20250422_052700.wav,20250422
1377,1380,Passerina caerulea,Blue Grosbeak,0.011,D:/AcousticMonitoringData/ELDON6_Data/Week16\ELDON6_20250422_052700.wav,20250422
1380,1383,Geothlypis trichas,Common Yellowthroat,0.0359,D:/AcousticMonitoringData/ELDON6_Data/Week16\ELDON6_20250422_052700.wav,20250422
1380,1383,Spizella pusilla,Field Sparrow,0.0281,D:/AcousticMonitoringData/ELDON6_Data/Week16\ELDON6_20250422_052700.wav,20250422
1380,1383,Passerina caerulea,Blue Grosbeak,0.014,D:/AcousticMonitoringData/ELDON6_Data/Week16\ELDON6_20250422_052700.wav,20250422
1383,1386,Geothlypis trichas,Common Yellowthroat,0.0461,D:/AcousticMonitoringData/ELDON6_Data/Week16\ELDON6_20250422_052700.wav,20250422
1383,1386,Spizella pusilla,Field Sparrow,0.0193,D:/AcousticMonitoringData/ELDON6_Data/Week16\ELDON6_20250422_052700.wav,20250422
1383,1386,Passerina caerulea,Blue Grosbeak,0.0133,D:/AcousticMonitoringData/ELDON6_Data/Week16\ELDON6_20250422_052700.wav,20250422
1386,1389,Spizella pusilla,Field Sparrow,0.0268,D:/AcousticMonitoringData/ELDON6_Data/Week16\ELDON6_20250422_052700.wav,20250422
1386,1389,Passerina caerulea,Blue Grosbeak,0.0173,D:/AcousticMonitoringData/ELDON6_Data/Week16\ELDON6_20250422_052700.wav,20250422
1386,1389,Sturnella magna,Eastern Meadowlark,0.0155,D:/AcousticMonitoringData/ELDON6_Data/Week16\ELDON6_20250422_052700.wav,20250422
1386,1389,Geothlypis trichas,Common Yellowthroat,0.0137,D:/AcousticMonitoringData/ELDON6_Data/Week16\ELDON6_20250422_052700.wav,20250422
1389,1392,Geothlypis trichas,Common Yellowthroat,0.0616,D:/AcousticMonitoringData/ELDON6_Data/Week16\ELDON6_20250422_052700.wav,20250422
1392,1395,Geothlypis trichas,Common Yellowthroat,0.2153,D:/AcousticMonitoringData/ELDON6_Data/Week16\ELDON6_20250422_052700.wav,20250422
1392,1395,Spizella pusilla,Field Sparrow,0.0421,D:/AcousticMonitoringData/ELDON6_Data/Week16\ELDON6_20250422_052700.wav,20250422
1395,1398,Geothlypis trichas,Common Yellowthroat,0.0281,D:/AcousticMonitoringData/ELDON6_Data/Week16\ELDON6_20250422_052700.wav,20250422
1395,1398,Spizella pusilla,Field Sparrow,0.0136,D:/AcousticMonitoringData/ELDON6_Data/Week16\ELDON6_20250422_052700.wav,20250422
1395,1398,Passerina caerulea,Blue Grosbeak,0.0113,D:/AcousticMonitoringData/ELDON6_Data/Week16\ELDON6_20250422_052700.wav,20250422
1398,1401,Geothlypis trichas,Common Yellowthroat,0.087,D:/AcousticMonitoringData/ELDON6_Data/Week16\ELDON6_20250422_052700.wav,20250422
1398,1401,Spizella pusilla,Field Sparrow,0.0802,D:/AcousticMonitoringData/ELDON6_Data/Week16\ELDON6_20250422_052700.wav,20250422
1401,1404,Spizella pusilla,Field Sparrow,0.1247,D:/AcousticMonitoringData/ELDON6_Data/Week16\ELDON6_20250422_052700.wav,20250422
1401,1404,Geothlypis trichas,Common Yellowthroat,0.0112,D:/AcousticMonitoringData/ELDON6_Data/Week16\ELDON6_20250422_052700.wav,20250422
1404,1407,Geothlypis trichas,Common Yellowthroat,0.0287,D:/AcousticMonitoringData/ELDON6_Data/Week16\ELDON6_20250422_052700.wav,20250422
1404,1407,Spizella pusilla,Field Sparrow,0.0119,D:/AcousticMonitoringData/ELDON6_Data/Week16\ELDON6_20250422_052700.wav,20250422
1407,1410,Spizella pusilla,Field Sparrow,0.109,D:/AcousticMonitoringData/ELDON6_Data/Week16\ELDON6_20250422_052700.wav,20250422
1407,1410,Geothlypis trichas,Common Yellowthroat,0.02,D:/AcousticMonitoringData/ELDON6_Data/Week16\ELDON6_20250422_052700.wav,20250422
1407,1410,Passerina caerulea,Blue Grosbeak,0.0156,D:/AcousticMonitoringData/ELDON6_Data/Week16\ELDON6_20250422_052700.wav,20250422
1410,1413,Geothlypis trichas,Common Yellowthroat,0.0203,D:/AcousticMonitoringData/ELDON6_Data/Week16\ELDON6_20250422_052700.wav,20250422
1410,1413,Spizella pusilla,Field Sparrow,0.0201,D:/AcousticMonitoringData/ELDON6_Data/Week16\ELDON6_20250422_052700.wav,20250422
1413,1416,Spizella pusilla,Field Sparrow,0.0373,D:/AcousticMonitoringData/ELDON6_Data/Week16\ELDON6_20250422_052700.wav,20250422
1413,1416,Geothlypis trichas,Common Yellowthroat,0.0119,D:/AcousticMonitoringData/ELDON6_Data/Week16\ELDON6_20250422_052700.wav,20250422
1416,1419,Spizella pusilla,Field Sparrow,0.0685,D:/AcousticMonitoringData/ELDON6_Data/Week16\ELDON6_20250422_052700.wav,20250422
1416,1419,Geothlypis trichas,Common Yellowthroat,0.0152,D:/AcousticMonitoringData/ELDON6_Data/Week16\ELDON6_20250422_052700.wav,20250422
1419,1422,Spizella pusilla,Field Sparrow,0.1892,D:/AcousticMonitoringData/ELDON6_Data/Week16\ELDON6_20250422_052700.wav,20250422
1419,1422,Passerina caerulea,Blue Grosbeak,0.0159,D:/AcousticMonitoringData/ELDON6_Data/Week16\ELDON6_20250422_052700.wav,20250422
1419,1422,Sturnella magna,Eastern Meadowlark,0.0149,D:/AcousticMonitoringData/ELDON6_Data/Week16\ELDON6_20250422_052700.wav,20250422
1422,1425,Spizella pusilla,Field Sparrow,0.0478,D:/AcousticMonitoringData/ELDON6_Data/Week16\ELDON6_20250422_052700.wav,20250422
1422,1425,Sturnella magna,Eastern Meadowlark,0.0234,D:/AcousticMonitoringData/ELDON6_Data/Week16\ELDON6_20250422_052700.wav,20250422
1422,1425,Passerina caerulea,Blue Grosbeak,0.0184,D:/AcousticMonitoringData/ELDON6_Data/Week16\ELDON6_20250422_052700.wav,20250422
1425,1428,Spizella pusilla,Field Sparrow,0.0563,D:/AcousticMonitoringData/ELDON6_Data/Week16\ELDON6_20250422_052700.wav,20250422
1425,1428,Passerina caerulea,Blue Grosbeak,0.0263,D:/AcousticMonitoringData/ELDON6_Data/Week16\ELDON6_20250422_052700.wav,20250422
1428,1431,Spizella pusilla,Field Sparrow,0.0484,D:/AcousticMonitoringData/ELDON6_Data/Week16\ELDON6_20250422_052700.wav,20250422
1428,1431,Passerina caerulea,Blue Grosbeak,0.0218,D:/AcousticMonitoringData/ELDON6_Data/Week16\ELDON6_20250422_052700.wav,20250422
1428,1431,Geothlypis trichas,Common Yellowthroat,0.0193,D:/AcousticMonitoringData/ELDON6_Data/Week16\ELDON6_20250422_052700.wav,20250422
1431,1434,Spizella pusilla,Field Sparrow,0.0634,D:/AcousticMonitoringData/ELDON6_Data/Week16\ELDON6_20250422_052700.wav,20250422
1431,1434,Passerina caerulea,Blue Grosbeak,0.0282,D:/AcousticMonitoringData/ELDON6_Data/Week16\ELDON6_20250422_052700.wav,20250422
1431,1434,Geothlypis trichas,Common Yellowthroat,0.0116,D:/AcousticMonitoringData/ELDON6_Data/Week16\ELDON6_20250422_052700.wav,20250422
1431,1434,Sturnella magna,Eastern Meadowlark,0.0112,D:/AcousticMonitoringData/ELDON6_Data/Week16\ELDON6_20250422_052700.wav,20250422
1437,1440,Spizella pusilla,Field Sparrow,0.074,D:/AcousticMonitoringData/ELDON6_Data/Week16\ELDON6_20250422_052700.wav,20250422
1437,1440,Passerina caerulea,Blue Grosbeak,0.0233,D:/AcousticMonitoringData/ELDON6_Data/Week16\ELDON6_20250422_052700.wav,20250422
1437,1440,Sturnella magna,Eastern Meadowlark,0.0126,D:/AcousticMonitoringData/ELDON6_Data/Week16\ELDON6_20250422_052700.wav,20250422
1440,1443,Spizella pusilla,Field Sparrow,0.0468,D:/AcousticMonitoringData/ELDON6_Data/Week16\ELDON6_20250422_052700.wav,20250422
1440,1443,Geothlypis trichas,Common Yellowthroat,0.0325,D:/AcousticMonitoringData/ELDON6_Data/Week16\ELDON6_20250422_052700.wav,20250422
1440,1443,Passerina caerulea,Blue Grosbeak,0.0109,D:/AcousticMonitoringData/ELDON6_Data/Week16\ELDON6_20250422_052700.wav,20250422
1446,1449,Spizella pusilla,Field Sparrow,0.0764,D:/AcousticMonitoringData/ELDON6_Data/Week16\ELDON6_20250422_052700.wav,20250422
1446,1449,Passerina caerulea,Blue Grosbeak,0.0359,D:/AcousticMonitoringData/ELDON6_Data/Week16\ELDON6_20250422_052700.wav,20250422
1446,1449,Sturnella magna,Eastern Meadowlark,0.0138,D:/AcousticMonitoringData/ELDON6_Data/Week16\ELDON6_20250422_052700.wav,20250422
1449,1452,Spizella pusilla,Field Sparrow,0.078,D:/AcousticMonitoringData/ELDON6_Data/Week16\ELDON6_20250422_052700.wav,20250422
1449,1452,Geothlypis trichas,Common Yellowthroat,0.027,D:/AcousticMonitoringData/ELDON6_Data/Week16\ELDON6_20250422_052700.wav,20250422
1449,1452,Passerina caerulea,Blue Grosbeak,0.0106,D:/AcousticMonitoringData/ELDON6_Data/Week16\ELDON6_20250422_052700.wav,20250422
1452,1455,Spizella pusilla,Field Sparrow,0.0562,D:/AcousticMonitoringData/ELDON6_Data/Week16\ELDON6_20250422_052700.wav,20250422
1452,1455,Geothlypis trichas,Common Yellowthroat,0.0276,D:/AcousticMonitoringData/ELDON6_Data/Week16\ELDON6_20250422_052700.wav,20250422
1455,1458,Spizella pusilla,Field Sparrow,0.0278,D:/AcousticMonitoringData/ELDON6_Data/Week16\ELDON6_20250422_052700.wav,20250422
1458,1461,Spizella pusilla,Field Sparrow,0.0376,D:/AcousticMonitoringData/ELDON6_Data/Week16\ELDON6_20250422_052700.wav,20250422
1458,1461,Geothlypis trichas,Common Yellowthroat,0.0138,D:/AcousticMonitoringData/ELDON6_Data/Week16\ELDON6_20250422_052700.wav,20250422
1461,1464,Spizella pusilla,Field Sparrow,0.0201,D:/AcousticMonitoringData/ELDON6_Data/Week16\ELDON6_20250422_052700.wav,20250422
1464,1467,Passerina caerulea,Blue Grosbeak,0.0265,D:/AcousticMonitoringData/ELDON6_Data/Week16\ELDON6_20250422_052700.wav,20250422
1464,1467,Spizella pusilla,Field Sparrow,0.0258,D:/AcousticMonitoringData/ELDON6_Data/Week16\ELDON6_20250422_052700.wav,20250422
1464,1467,Sturnella magna,Eastern Meadowlark,0.0142,D:/AcousticMonitoringData/ELDON6_Data/Week16\ELDON6_20250422_052700.wav,20250422
1464,1467,Geothlypis trichas,Common Yellowthroat,0.0103,D:/AcousticMonitoringData/ELDON6_Data/Week16\ELDON6_20250422_052700.wav,20250422
1470,1473,Spizella pusilla,Field Sparrow,0.0786,D:/AcousticMonitoringData/ELDON6_Data/Week16\ELDON6_20250422_052700.wav,20250422
1470,1473,Passerina caerulea,Blue Grosbeak,0.0101,D:/AcousticMonitoringData/ELDON6_Data/Week16\ELDON6_20250422_052700.wav,20250422
1473,1476,Spizella pusilla,Field Sparrow,0.0728,D:/AcousticMonitoringData/ELDON6_Data/Week16\ELDON6_20250422_052700.wav,20250422
1473,1476,Passerina caerulea,Blue Grosbeak,0.0347,D:/AcousticMonitoringData/ELDON6_Data/Week16\ELDON6_20250422_052700.wav,20250422
1473,1476,Geothlypis trichas,Common Yellowthroat,0.0219,D:/AcousticMonitoringData/ELDON6_Data/Week16\ELDON6_20250422_052700.wav,20250422
1476,1479,Spizella pusilla,Field Sparrow,0.0173,D:/AcousticMonitoringData/ELDON6_Data/Week16\ELDON6_20250422_052700.wav,20250422
1479,1482,Spizella pusilla,Field Sparrow,0.0534,D:/AcousticMonitoringData/ELDON6_Data/Week16\ELDON6_20250422_052700.wav,20250422
1479,1482,Passerina caerulea,Blue Grosbeak,0.0103,D:/AcousticMonitoringData/ELDON6_Data/Week16\ELDON6_20250422_052700.wav,20250422
1482,1485,Spizella pusilla,Field Sparrow,0.0348,D:/AcousticMonitoringData/ELDON6_Data/Week16\ELDON6_20250422_052700.wav,20250422
1485,1488,Passerina caerulea,Blue Grosbeak,0.0197,D:/AcousticMonitoringData/ELDON6_Data/Week16\ELDON6_20250422_052700.wav,20250422
1485,1488,Spizella pusilla,Field Sparrow,0.0173,D:/AcousticMonitoringData/ELDON6_Data/Week16\ELDON6_20250422_052700.wav,20250422
1485,1488,Geothlypis trichas,Common Yellowthroat,0.0136,D:/AcousticMonitoringData/ELDON6_Data/Week16\ELDON6_20250422_052700.wav,20250422
1488,1491,Spizella pusilla,Field Sparrow,0.05,D:/AcousticMonitoringData/ELDON6_Data/Week16\ELDON6_20250422_052700.wav,20250422
1488,1491,Passerina caerulea,Blue Grosbeak,0.0114,D:/AcousticMonitoringData/ELDON6_Data/Week16\ELDON6_20250422_052700.wav,20250422
1488,1491,Geothlypis trichas,Common Yellowthroat,0.0112,D:/AcousticMonitoringData/ELDON6_Data/Week16\ELDON6_20250422_052700.wav,20250422
1488,1491,Sturnella magna,Eastern Meadowlark,0.0104,D:/AcousticMonitoringData/ELDON6_Data/Week16\ELDON6_20250422_052700.wav,20250422
1491,1494,Spizella pusilla,Field Sparrow,0.0602,D:/AcousticMonitoringData/ELDON6_Data/Week16\ELDON6_20250422_052700.wav,20250422
1491,1494,Passerina caerulea,Blue Grosbeak,0.0147,D:/AcousticMonitoringData/ELDON6_Data/Week16\ELDON6_20250422_052700.wav,20250422
1497,1500,Spizella pusilla,Field Sparrow,0.0764,D:/AcousticMonitoringData/ELDON6_Data/Week16\ELDON6_20250422_052700.wav,20250422
1497,1500,Geothlypis trichas,Common Yellowthroat,0.0166,D:/AcousticMonitoringData/ELDON6_Data/Week16\ELDON6_20250422_052700.wav,20250422
1500,1503,Spizella pusilla,Field Sparrow,0.0173,D:/AcousticMonitoringData/ELDON6_Data/Week16\ELDON6_20250422_052700.wav,20250422
1500,1503,Passerina caerulea,Blue Grosbeak,0.0141,D:/AcousticMonitoringData/ELDON6_Data/Week16\ELDON6_20250422_052700.wav,20250422
1503,1506,Spizella pusilla,Field Sparrow,0.0626,D:/AcousticMonitoringData/ELDON6_Data/Week16\ELDON6_20250422_052700.wav,20250422
1503,1506,Sturnella magna,Eastern Meadowlark,0.0209,D:/AcousticMonitoringData/ELDON6_Data/Week16\ELDON6_20250422_052700.wav,20250422
1503,1506,Passerina caerulea,Blue Grosbeak,0.0146,D:/AcousticMonitoringData/ELDON6_Data/Week16\ELDON6_20250422_052700.wav,20250422
1506,1509,Sturnella magna,Eastern Meadowlark,0.0209,D:/AcousticMonitoringData/ELDON6_Data/Week16\ELDON6_20250422_052700.wav,20250422
1506,1509,Passerina caerulea,Blue Grosbeak,0.015,D:/AcousticMonitoringData/ELDON6_Data/Week16\ELDON6_20250422_052700.wav,20250422
1509,1512,Geothlypis trichas,Common Yellowthroat,0.0629,D:/AcousticMonitoringData/ELDON6_Data/Week16\ELDON6_20250422_052700.wav,20250422
1509,1512,Spizella pusilla,Field Sparrow,0.0412,D:/AcousticMonitoringData/ELDON6_Data/Week16\ELDON6_20250422_052700.wav,20250422
1512,1515,Spizella pusilla,Field Sparrow,0.0364,D:/AcousticMonitoringData/ELDON6_Data/Week16\ELDON6_20250422_052700.wav,20250422
1512,1515,Geothlypis trichas,Common Yellowthroat,0.0338,D:/AcousticMonitoringData/ELDON6_Data/Week16\ELDON6_20250422_052700.wav,20250422
1512,1515,Sturnella magna,Eastern Meadowlark,0.024,D:/AcousticMonitoringData/ELDON6_Data/Week16\ELDON6_20250422_052700.wav,20250422
1512,1515,Passerina caerulea,Blue Grosbeak,0.0112,D:/AcousticMonitoringData/ELDON6_Data/Week16\ELDON6_20250422_052700.wav,20250422
1515,1518,Spizella pusilla,Field Sparrow,0.0576,D:/AcousticMonitoringData/ELDON6_Data/Week16\ELDON6_20250422_052700.wav,20250422
1515,1518,Sturnella magna,Eastern Meadowlark,0.0138,D:/AcousticMonitoringData/ELDON6_Data/Week16\ELDON6_20250422_052700.wav,20250422
1518,1521,Spizella pusilla,Field Sparrow,0.0377,D:/AcousticMonitoringData/ELDON6_Data/Week16\ELDON6_20250422_052700.wav,20250422
1518,1521,Geothlypis trichas,Common Yellowthroat,0.0193,D:/AcousticMonitoringData/ELDON6_Data/Week16\ELDON6_20250422_052700.wav,20250422
1518,1521,Passerina caerulea,Blue Grosbeak,0.0172,D:/AcousticMonitoringData/ELDON6_Data/Week16\ELDON6_20250422_052700.wav,20250422
1518,1521,Sturnella magna,Eastern Meadowlark,0.0114,D:/AcousticMonitoringData/ELDON6_Data/Week16\ELDON6_20250422_052700.wav,20250422
1521,1524,Geothlypis trichas,Common Yellowthroat,0.0288,D:/AcousticMonitoringData/ELDON6_Data/Week16\ELDON6_20250422_052700.wav,20250422
1521,1524,Passerina caerulea,Blue Grosbeak,0.0273,D:/AcousticMonitoringData/ELDON6_Data/Week16\ELDON6_20250422_052700.wav,20250422
1521,1524,Sturnella magna,Eastern Meadowlark,0.0264,D:/AcousticMonitoringData/ELDON6_Data/Week16\ELDON6_20250422_052700.wav,20250422
1521,1524,Spizella pusilla,Field Sparrow,0.0249,D:/AcousticMonitoringData/ELDON6_Data/Week16\ELDON6_20250422_052700.wav,20250422
1524,1527,Spizella pusilla,Field Sparrow,0.0328,D:/AcousticMonitoringData/ELDON6_Data/Week16\ELDON6_20250422_052700.wav,20250422
1524,1527,Sturnella magna,Eastern Meadowlark,0.0226,D:/AcousticMonitoringData/ELDON6_Data/Week16\ELDON6_20250422_052700.wav,20250422
1524,1527,Passerina caerulea,Blue Grosbeak,0.0174,D:/AcousticMonitoringData/ELDON6_Data/Week16\ELDON6_20250422_052700.wav,20250422
1524,1527,Geothlypis trichas,Common Yellowthroat,0.0151,D:/AcousticMonitoringData/ELDON6_Data/Week16\ELDON6_20250422_052700.wav,20250422
1530,1533,Geothlypis trichas,Common Yellowthroat,0.1147,D:/AcousticMonitoringData/ELDON6_Data/Week16\ELDON6_20250422_052700.wav,20250422
1530,1533,Spizella pusilla,Field Sparrow,0.0461,D:/AcousticMonitoringData/ELDON6_Data/Week16\ELDON6_20250422_052700.wav,20250422
1533,1536,Geothlypis trichas,Common Yellowthroat,0.0864,D:/AcousticMonitoringData/ELDON6_Data/Week16\ELDON6_20250422_052700.wav,20250422
1533,1536,Spizella pusilla,Field Sparrow,0.0369,D:/AcousticMonitoringData/ELDON6_Data/Week16\ELDON6_20250422_052700.wav,20250422
1533,1536,Sturnella magna,Eastern Meadowlark,0.0223,D:/AcousticMonitoringData/ELDON6_Data/Week16\ELDON6_20250422_052700.wav,20250422
1536,1539,Spizella pusilla,Field Sparrow,0.0196,D:/AcousticMonitoringData/ELDON6_Data/Week16\ELDON6_20250422_052700.wav,20250422
1536,1539,Geothlypis trichas,Common Yellowthroat,0.0191,D:/AcousticMonitoringData/ELDON6_Data/Week16\ELDON6_20250422_052700.wav,20250422
1536,1539,Sturnella magna,Eastern Meadowlark,0.0151,D:/AcousticMonitoringData/ELDON6_Data/Week16\ELDON6_20250422_052700.wav,20250422
1539,1542,Spizella pusilla,Field Sparrow,0.0257,D:/AcousticMonitoringData/ELDON6_Data/Week16\ELDON6_20250422_052700.wav,20250422
1539,1542,Sturnella magna,Eastern Meadowlark,0.0145,D:/AcousticMonitoringData/ELDON6_Data/Week16\ELDON6_20250422_052700.wav,20250422
1542,1545,Geothlypis trichas,Common Yellowthroat,0.1557,D:/AcousticMonitoringData/ELDON6_Data/Week16\ELDON6_20250422_052700.wav,20250422
1542,1545,Spizella pusilla,Field Sparrow,0.0513,D:/AcousticMonitoringData/ELDON6_Data/Week16\ELDON6_20250422_052700.wav,20250422
1542,1545,Sturnella magna,Eastern Meadowlark,0.012,D:/AcousticMonitoringData/ELDON6_Data/Week16\ELDON6_20250422_052700.wav,20250422
1542,1545,Passerina caerulea,Blue Grosbeak,0.0112,D:/AcousticMonitoringData/ELDON6_Data/Week16\ELDON6_20250422_052700.wav,20250422
1545,1548,Spizella pusilla,Field Sparrow,0.0714,D:/AcousticMonitoringData/ELDON6_Data/Week16\ELDON6_20250422_052700.wav,20250422
1545,1548,Geothlypis trichas,Common Yellowthroat,0.0251,D:/AcousticMonitoringData/ELDON6_Data/Week16\ELDON6_20250422_052700.wav,20250422
1545,1548,Passerina caerulea,Blue Grosbeak,0.0141,D:/AcousticMonitoringData/ELDON6_Data/Week16\ELDON6_20250422_052700.wav,20250422
1545,1548,Sturnella magna,Eastern Meadowlark,0.0114,D:/AcousticMonitoringData/ELDON6_Data/Week16\ELDON6_20250422_052700.wav,20250422
1548,1551,Geothlypis trichas,Common Yellowthroat,0.0489,D:/AcousticMonitoringData/ELDON6_Data/Week16\ELDON6_20250422_052700.wav,20250422
1548,1551,Spizella pusilla,Field Sparrow,0.019,D:/AcousticMonitoringData/ELDON6_Data/Week16\ELDON6_20250422_052700.wav,20250422
1551,1554,Spizella pusilla,Field Sparrow,0.0678,D:/AcousticMonitoringData/ELDON6_Data/Week16\ELDON6_20250422_052700.wav,20250422
1551,1554,Geothlypis trichas,Common Yellowthroat,0.0583,D:/AcousticMonitoringData/ELDON6_Data/Week16\ELDON6_20250422_052700.wav,20250422
1551,1554,Sturnella magna,Eastern Meadowlark,0.0218,D:/AcousticMonitoringData/ELDON6_Data/Week16\ELDON6_20250422_052700.wav,20250422
1554,1557,Spizella pusilla,Field Sparrow,0.0732,D:/AcousticMonitoringData/ELDON6_Data/Week16\ELDON6_20250422_052700.wav,20250422
1554,1557,Passerina caerulea,Blue Grosbeak,0.0452,D:/AcousticMonitoringData/ELDON6_Data/Week16\ELDON6_20250422_052700.wav,20250422
1554,1557,Geothlypis trichas,Common Yellowthroat,0.0327,D:/AcousticMonitoringData/ELDON6_Data/Week16\ELDON6_20250422_052700.wav,20250422
1554,1557,Sturnella magna,Eastern Meadowlark,0.0128,D:/AcousticMonitoringData/ELDON6_Data/Week16\ELDON6_20250422_052700.wav,20250422
1557,1560,Geothlypis trichas,Common Yellowthroat,0.0442,D:/AcousticMonitoringData/ELDON6_Data/Week16\ELDON6_20250422_052700.wav,20250422
1557,1560,Spizella pusilla,Field Sparrow,0.0222,D:/AcousticMonitoringData/ELDON6_Data/Week16\ELDON6_20250422_052700.wav,20250422
1560,1563,Spizella pusilla,Field Sparrow,0.0314,D:/AcousticMonitoringData/ELDON6_Data/Week16\ELDON6_20250422_052700.wav,20250422
1560,1563,Geothlypis trichas,Common Yellowthroat,0.0121,D:/AcousticMonitoringData/ELDON6_Data/Week16\ELDON6_20250422_052700.wav,20250422
1563,1566,Spizella pusilla,Field Sparrow,0.0303,D:/AcousticMonitoringData/ELDON6_Data/Week16\ELDON6_20250422_052700.wav,20250422
1566,1569,Spizella pusilla,Field Sparrow,0.0538,D:/AcousticMonitoringData/ELDON6_Data/Week16\ELDON6_20250422_052700.wav,20250422
1566,1569,Geothlypis trichas,Common Yellowthroat,0.0469,D:/AcousticMonitoringData/ELDON6_Data/Week16\ELDON6_20250422_052700.wav,20250422
1566,1569,Sturnella magna,Eastern Meadowlark,0.0164,D:/AcousticMonitoringData/ELDON6_Data/Week16\ELDON6_20250422_052700.wav,20250422
1566,1569,Passerina caerulea,Blue Grosbeak,0.0144,D:/AcousticMonitoringData/ELDON6_Data/Week16\ELDON6_20250422_052700.wav,20250422
1569,1572,Geothlypis trichas,Common Yellowthroat,0.1467,D:/AcousticMonitoringData/ELDON6_Data/Week16\ELDON6_20250422_052700.wav,20250422
1569,1572,Spizella pusilla,Field Sparrow,0.07,D:/AcousticMonitoringData/ELDON6_Data/Week16\ELDON6_20250422_052700.wav,20250422
1575,1578,Geothlypis trichas,Common Yellowthroat,0.0446,D:/AcousticMonitoringData/ELDON6_Data/Week16\ELDON6_20250422_052700.wav,20250422
1575,1578,Spizella pusilla,Field Sparrow,0.012,D:/AcousticMonitoringData/ELDON6_Data/Week16\ELDON6_20250422_052700.wav,20250422
1578,1581,Spizella pusilla,Field Sparrow,0.0461,D:/AcousticMonitoringData/ELDON6_Data/Week16\ELDON6_20250422_052700.wav,20250422
1578,1581,Sturnella magna,Eastern Meadowlark,0.0121,D:/AcousticMonitoringData/ELDON6_Data/Week16\ELDON6_20250422_052700.wav,20250422
1581,1584,Sturnella magna,Eastern Meadowlark,0.0113,D:/AcousticMonitoringData/ELDON6_Data/Week16\ELDON6_20250422_052700.wav,20250422
1581,1584,Spizella pusilla,Field Sparrow,0.0108,D:/AcousticMonitoringData/ELDON6_Data/Week16\ELDON6_20250422_052700.wav,20250422
1584,1587,Spizella pusilla,Field Sparrow,0.0544,D:/AcousticMonitoringData/ELDON6_Data/Week16\ELDON6_20250422_052700.wav,20250422
1584,1587,Geothlypis trichas,Common Yellowthroat,0.0268,D:/AcousticMonitoringData/ELDON6_Data/Week16\ELDON6_20250422_052700.wav,20250422
1587,1590,Geothlypis trichas,Common Yellowthroat,0.2612,D:/AcousticMonitoringData/ELDON6_Data/Week16\ELDON6_20250422_052700.wav,20250422
1587,1590,Spizella pusilla,Field Sparrow,0.0455,D:/AcousticMonitoringData/ELDON6_Data/Week16\ELDON6_20250422_052700.wav,20250422
1587,1590,Passerina caerulea,Blue Grosbeak,0.0182,D:/AcousticMonitoringData/ELDON6_Data/Week16\ELDON6_20250422_052700.wav,20250422
1590,1593,Spizella pusilla,Field Sparrow,0.0356,D:/AcousticMonitoringData/ELDON6_Data/Week16\ELDON6_20250422_052700.wav,20250422
1590,1593,Geothlypis trichas,Common Yellowthroat,0.0252,D:/AcousticMonitoringData/ELDON6_Data/Week16\ELDON6_20250422_052700.wav,20250422
1590,1593,Sturnella magna,Eastern Meadowlark,0.0127,D:/AcousticMonitoringData/ELDON6_Data/Week16\ELDON6_20250422_052700.wav,20250422
1590,1593,Passerina caerulea,Blue Grosbeak,0.0112,D:/AcousticMonitoringData/ELDON6_Data/Week16\ELDON6_20250422_052700.wav,20250422
1593,1596,Sturnella magna,Eastern Meadowlark,0.0139,D:/AcousticMonitoringData/ELDON6_Data/Week16\ELDON6_20250422_052700.wav,20250422
1596,1599,Spizella pusilla,Field Sparrow,0.021,D:/AcousticMonitoringData/ELDON6_Data/Week16\ELDON6_20250422_052700.wav,20250422
1596,1599,Sturnella magna,Eastern Meadowlark,0.0139,D:/AcousticMonitoringData/ELDON6_Data/Week16\ELDON6_20250422_052700.wav,20250422
1596,1599,Geothlypis trichas,Common Yellowthroat,0.0138,D:/AcousticMonitoringData/ELDON6_Data/Week16\ELDON6_20250422_052700.wav,20250422
1599,1602,Spizella pusilla,Field Sparrow,0.0541,D:/AcousticMonitoringData/ELDON6_Data/Week16\ELDON6_20250422_052700.wav,20250422
1599,1602,Geothlypis trichas,Common Yellowthroat,0.0226,D:/AcousticMonitoringData/ELDON6_Data/Week16\ELDON6_20250422_052700.wav,20250422
1599,1602,Sturnella magna,Eastern Meadowlark,0.0121,D:/AcousticMonitoringData/ELDON6_Data/Week16\ELDON6_20250422_052700.wav,20250422
1602,1605,Spizella pusilla,Field Sparrow,0.0212,D:/AcousticMonitoringData/ELDON6_Data/Week16\ELDON6_20250422_052700.wav,20250422
1602,1605,Sturnella magna,Eastern Meadowlark,0.016,D:/AcousticMonitoringData/ELDON6_Data/Week16\ELDON6_20250422_052700.wav,20250422
1605,1608,Spizella pusilla,Field Sparrow,0.0116,D:/AcousticMonitoringData/ELDON6_Data/Week16\ELDON6_20250422_052700.wav,20250422
1608,1611,Spizella pusilla,Field Sparrow,0.0163,D:/AcousticMonitoringData/ELDON6_Data/Week16\ELDON6_20250422_052700.wav,20250422
1611,1614,Spizella pusilla,Field Sparrow,0.0509,D:/AcousticMonitoringData/ELDON6_Data/Week16\ELDON6_20250422_052700.wav,20250422
1614,1617,Spizella pusilla,Field Sparrow,0.0478,D:/AcousticMonitoringData/ELDON6_Data/Week16\ELDON6_20250422_052700.wav,20250422
1614,1617,Geothlypis trichas,Common Yellowthroat,0.0281,D:/AcousticMonitoringData/ELDON6_Data/Week16\ELDON6_20250422_052700.wav,20250422
1614,1617,Passerina caerulea,Blue Grosbeak,0.0195,D:/AcousticMonitoringData/ELDON6_Data/Week16\ELDON6_20250422_052700.wav,20250422
1626,1629,Spizella pusilla,Field Sparrow,0.0693,D:/AcousticMonitoringData/ELDON6_Data/Week16\ELDON6_20250422_052700.wav,20250422
1626,1629,Geothlypis trichas,Common Yellowthroat,0.029,D:/AcousticMonitoringData/ELDON6_Data/Week16\ELDON6_20250422_052700.wav,20250422
1626,1629,Passerina caerulea,Blue Grosbeak,0.0254,D:/AcousticMonitoringData/ELDON6_Data/Week16\ELDON6_20250422_052700.wav,20250422
1626,1629,Sturnella magna,Eastern Meadowlark,0.0139,D:/AcousticMonitoringData/ELDON6_Data/Week16\ELDON6_20250422_052700.wav,20250422
1629,1632,Spizella pusilla,Field Sparrow,0.0722,D:/AcousticMonitoringData/ELDON6_Data/Week16\ELDON6_20250422_052700.wav,20250422
1629,1632,Sturnella magna,Eastern Meadowlark,0.0347,D:/AcousticMonitoringData/ELDON6_Data/Week16\ELDON6_20250422_052700.wav,20250422
1629,1632,Passerina caerulea,Blue Grosbeak,0.018,D:/AcousticMonitoringData/ELDON6_Data/Week16\ELDON6_20250422_052700.wav,20250422
1635,1638,Spizella pusilla,Field Sparrow,0.0461,D:/AcousticMonitoringData/ELDON6_Data/Week16\ELDON6_20250422_052700.wav,20250422
1635,1638,Geothlypis trichas,Common Yellowthroat,0.0335,D:/AcousticMonitoringData/ELDON6_Data/Week16\ELDON6_20250422_052700.wav,20250422
1635,1638,Sturnella magna,Eastern Meadowlark,0.011,D:/AcousticMonitoringData/ELDON6_Data/Week16\ELDON6_20250422_052700.wav,20250422
1638,1641,Spizella pusilla,Field Sparrow,0.2973,D:/AcousticMonitoringData/ELDON6_Data/Week16\ELDON6_20250422_052700.wav,20250422
1641,1644,Spizella pusilla,Field Sparrow,0.0189,D:/AcousticMonitoringData/ELDON6_Data/Week16\ELDON6_20250422_052700.wav,20250422
1641,1644,Passerina caerulea,Blue Grosbeak,0.0142,D:/AcousticMonitoringData/ELDON6_Data/Week16\ELDON6_20250422_052700.wav,20250422
1647,1650,Geothlypis trichas,Common Yellowthroat,0.054,D:/AcousticMonitoringData/ELDON6_Data/Week16\ELDON6_20250422_052700.wav,20250422
1647,1650,Spizella pusilla,Field Sparrow,0.046,D:/AcousticMonitoringData/ELDON6_Data/Week16\ELDON6_20250422_052700.wav,20250422
1647,1650,Sturnella magna,Eastern Meadowlark,0.0182,D:/AcousticMonitoringData/ELDON6_Data/Week16\ELDON6_20250422_052700.wav,20250422
1647,1650,Passerina caerulea,Blue Grosbeak,0.0146,D:/AcousticMonitoringData/ELDON6_Data/Week16\ELDON6_20250422_052700.wav,20250422
1650,1653,Spizella pusilla,Field Sparrow,0.0486,D:/AcousticMonitoringData/ELDON6_Data/Week16\ELDON6_20250422_052700.wav,20250422
1650,1653,Geothlypis trichas,Common Yellowthroat,0.0214,D:/AcousticMonitoringData/ELDON6_Data/Week16\ELDON6_20250422_052700.wav,20250422
1650,1653,Passerina caerulea,Blue Grosbeak,0.0161,D:/AcousticMonitoringData/ELDON6_Data/Week16\ELDON6_20250422_052700.wav,20250422
1650,1653,Sturnella magna,Eastern Meadowlark,0.0152,D:/AcousticMonitoringData/ELDON6_Data/Week16\ELDON6_20250422_052700.wav,20250422
1653,1656,Spizella pusilla,Field Sparrow,0.0916,D:/AcousticMonitoringData/ELDON6_Data/Week16\ELDON6_20250422_052700.wav,20250422
1653,1656,Passerina caerulea,Blue Grosbeak,0.0356,D:/AcousticMonitoringData/ELDON6_Data/Week16\ELDON6_20250422_052700.wav,20250422
1653,1656,Sturnella magna,Eastern Meadowlark,0.0338,D:/AcousticMonitoringData/ELDON6_Data/Week16\ELDON6_20250422_052700.wav,20250422
1656,1659,Spizella pusilla,Field Sparrow,0.0401,D:/AcousticMonitoringData/ELDON6_Data/Week16\ELDON6_20250422_052700.wav,20250422
1656,1659,Passerina caerulea,Blue Grosbeak,0.0181,D:/AcousticMonitoringData/ELDON6_Data/Week16\ELDON6_20250422_052700.wav,20250422
1656,1659,Sturnella magna,Eastern Meadowlark,0.013,D:/AcousticMonitoringData/ELDON6_Data/Week16\ELDON6_20250422_052700.wav,20250422
1659,1662,Spizella pusilla,Field Sparrow,0.1095,D:/AcousticMonitoringData/ELDON6_Data/Week16\ELDON6_20250422_052700.wav,20250422
1659,1662,Geothlypis trichas,Common Yellowthroat,0.0279,D:/AcousticMonitoringData/ELDON6_Data/Week16\ELDON6_20250422_052700.wav,20250422
1659,1662,Passerina caerulea,Blue Grosbeak,0.0216,D:/AcousticMonitoringData/ELDON6_Data/Week16\ELDON6_20250422_052700.wav,20250422
1659,1662,Sturnella magna,Eastern Meadowlark,0.0102,D:/AcousticMonitoringData/ELDON6_Data/Week16\ELDON6_20250422_052700.wav,20250422
1662,1665,Spizella pusilla,Field Sparrow,0.049,D:/AcousticMonitoringData/ELDON6_Data/Week16\ELDON6_20250422_052700.wav,20250422
1662,1665,Passerina caerulea,Blue Grosbeak,0.0255,D:/AcousticMonitoringData/ELDON6_Data/Week16\ELDON6_20250422_052700.wav,20250422
1662,1665,Sturnella magna,Eastern Meadowlark,0.0159,D:/AcousticMonitoringData/ELDON6_Data/Week16\ELDON6_20250422_052700.wav,20250422
1668,1671,Spizella pusilla,Field Sparrow,0.0717,D:/AcousticMonitoringData/ELDON6_Data/Week16\ELDON6_20250422_052700.wav,20250422
1668,1671,Geothlypis trichas,Common Yellowthroat,0.0466,D:/AcousticMonitoringData/ELDON6_Data/Week16\ELDON6_20250422_052700.wav,20250422
1668,1671,Passerina caerulea,Blue Grosbeak,0.0256,D:/AcousticMonitoringData/ELDON6_Data/Week16\ELDON6_20250422_052700.wav,20250422
1674,1677,Spizella pusilla,Field Sparrow,0.021,D:/AcousticMonitoringData/ELDON6_Data/Week16\ELDON6_20250422_052700.wav,20250422
1677,1680,Spizella pusilla,Field Sparrow,0.015,D:/AcousticMonitoringData/ELDON6_Data/Week16\ELDON6_20250422_052700.wav,20250422
1677,1680,Sturnella magna,Eastern Meadowlark,0.0129,D:/AcousticMonitoringData/ELDON6_Data/Week16\ELDON6_20250422_052700.wav,20250422
1680,1683,Geothlypis trichas,Common Yellowthroat,0.0796,D:/AcousticMonitoringData/ELDON6_Data/Week16\ELDON6_20250422_052700.wav,20250422
1680,1683,Spizella pusilla,Field Sparrow,0.0449,D:/AcousticMonitoringData/ELDON6_Data/Week16\ELDON6_20250422_052700.wav,20250422
1680,1683,Passerina caerulea,Blue Grosbeak,0.0138,D:/AcousticMonitoringData/ELDON6_Data/Week16\ELDON6_20250422_052700.wav,20250422
1680,1683,Sturnella magna,Eastern Meadowlark,0.0104,D:/AcousticMonitoringData/ELDON6_Data/Week16\ELDON6_20250422_052700.wav,20250422
1683,1686,Spizella pusilla,Field Sparrow,0.041,D:/AcousticMonitoringData/ELDON6_Data/Week16\ELDON6_20250422_052700.wav,20250422
1683,1686,Passerina caerulea,Blue Grosbeak,0.0181,D:/AcousticMonitoringData/ELDON6_Data/Week16\ELDON6_20250422_052700.wav,20250422
1686,1689,Spizella pusilla,Field Sparrow,0.0343,D:/AcousticMonitoringData/ELDON6_Data/Week16\ELDON6_20250422_052700.wav,20250422
1686,1689,Passerina caerulea,Blue Grosbeak,0.0233,D:/AcousticMonitoringData/ELDON6_Data/Week16\ELDON6_20250422_052700.wav,20250422
1686,1689,Sturnella magna,Eastern Meadowlark,0.0116,D:/AcousticMonitoringData/ELDON6_Data/Week16\ELDON6_20250422_052700.wav,20250422
1689,1692,Spizella pusilla,Field Sparrow,0.0237,D:/AcousticMonitoringData/ELDON6_Data/Week16\ELDON6_20250422_052700.wav,20250422
1689,1692,Sturnella magna,Eastern Meadowlark,0.0117,D:/AcousticMonitoringData/ELDON6_Data/Week16\ELDON6_20250422_052700.wav,20250422
1692,1695,Spizella pusilla,Field Sparrow,0.049,D:/AcousticMonitoringData/ELDON6_Data/Week16\ELDON6_20250422_052700.wav,20250422
1692,1695,Geothlypis trichas,Common Yellowthroat,0.0283,D:/AcousticMonitoringData/ELDON6_Data/Week16\ELDON6_20250422_052700.wav,20250422
1692,1695,Passerina caerulea,Blue Grosbeak,0.0133,D:/AcousticMonitoringData/ELDON6_Data/Week16\ELDON6_20250422_052700.wav,20250422
1692,1695,Sturnella magna,Eastern Meadowlark,0.013,D:/AcousticMonitoringData/ELDON6_Data/Week16\ELDON6_20250422_052700.wav,20250422
1695,1698,Sturnella magna,Eastern Meadowlark,0.0321,D:/AcousticMonitoringData/ELDON6_Data/Week16\ELDON6_20250422_052700.wav,20250422
1695,1698,Spizella pusilla,Field Sparrow,0.0243,D:/AcousticMonitoringData/ELDON6_Data/Week16\ELDON6_20250422_052700.wav,20250422
1695,1698,Passerina caerulea,Blue Grosbeak,0.0184,D:/AcousticMonitoringData/ELDON6_Data/Week16\ELDON6_20250422_052700.wav,20250422
1701,1704,Spizella pusilla,Field Sparrow,0.2199,D:/AcousticMonitoringData/ELDON6_Data/Week16\ELDON6_20250422_052700.wav,20250422
1701,1704,Sturnella magna,Eastern Meadowlark,0.015,D:/AcousticMonitoringData/ELDON6_Data/Week16\ELDON6_20250422_052700.wav,20250422
1704,1707,Geothlypis trichas,Common Yellowthroat,0.0467,D:/AcousticMonitoringData/ELDON6_Data/Week16\ELDON6_20250422_052700.wav,20250422
1704,1707,Spizella pusilla,Field Sparrow,0.034,D:/AcousticMonitoringData/ELDON6_Data/Week16\ELDON6_20250422_052700.wav,20250422
1704,1707,Sturnella magna,Eastern Meadowlark,0.0172,D:/AcousticMonitoringData/ELDON6_Data/Week16\ELDON6_20250422_052700.wav,20250422
1707,1710,Spizella pusilla,Field Sparrow,0.0223,D:/AcousticMonitoringData/ELDON6_Data/Week16\ELDON6_20250422_052700.wav,20250422
1707,1710,Geothlypis trichas,Common Yellowthroat,0.0158,D:/AcousticMonitoringData/ELDON6_Data/Week16\ELDON6_20250422_052700.wav,20250422
1710,1713,Geothlypis trichas,Common Yellowthroat,0.0184,D:/AcousticMonitoringData/ELDON6_Data/Week16\ELDON6_20250422_052700.wav,20250422
1710,1713,Spizella pusilla,Field Sparrow,0.0159,D:/AcousticMonitoringData/ELDON6_Data/Week16\ELDON6_20250422_052700.wav,20250422
1710,1713,Sturnella magna,Eastern Meadowlark,0.0128,D:/AcousticMonitoringData/ELDON6_Data/Week16\ELDON6_20250422_052700.wav,20250422
1716,1719,Spizella pusilla,Field Sparrow,0.0771,D:/AcousticMonitoringData/ELDON6_Data/Week16\ELDON6_20250422_052700.wav,20250422
1716,1719,Geothlypis trichas,Common Yellowthroat,0.0509,D:/AcousticMonitoringData/ELDON6_Data/Week16\ELDON6_20250422_052700.wav,20250422
1716,1719,Sturnella magna,Eastern Meadowlark,0.0207,D:/AcousticMonitoringData/ELDON6_Data/Week16\ELDON6_20250422_052700.wav,20250422
1716,1719,Passerina caerulea,Blue Grosbeak,0.0148,D:/AcousticMonitoringData/ELDON6_Data/Week16\ELDON6_20250422_052700.wav,20250422
1719,1722,Sturnella magna,Eastern Meadowlark,0.0346,D:/AcousticMonitoringData/ELDON6_Data/Week16\ELDON6_20250422_052700.wav,20250422
1719,1722,Spizella pusilla,Field Sparrow,0.027,D:/AcousticMonitoringData/ELDON6_Data/Week16\ELDON6_20250422_052700.wav,20250422
1722,1725,Spizella pusilla,Field Sparrow,0.0261,D:/AcousticMonitoringData/ELDON6_Data/Week16\ELDON6_20250422_052700.wav,20250422
1722,1725,Sturnella magna,Eastern Meadowlark,0.0129,D:/AcousticMonitoringData/ELDON6_Data/Week16\ELDON6_20250422_052700.wav,20250422
1722,1725,Geothlypis trichas,Common Yellowthroat,0.0108,D:/AcousticMonitoringData/ELDON6_Data/Week16\ELDON6_20250422_052700.wav,20250422
1725,1728,Geothlypis trichas,Common Yellowthroat,0.0357,D:/AcousticMonitoringData/ELDON6_Data/Week16\ELDON6_20250422_052700.wav,20250422
1725,1728,Spizella pusilla,Field Sparrow,0.0297,D:/AcousticMonitoringData/ELDON6_Data/Week16\ELDON6_20250422_052700.wav,20250422
1725,1728,Sturnella magna,Eastern Meadowlark,0.0155,D:/AcousticMonitoringData/ELDON6_Data/Week16\ELDON6_20250422_052700.wav,20250422
1728,1731,Spizella pusilla,Field Sparrow,0.0531,D:/AcousticMonitoringData/ELDON6_Data/Week16\ELDON6_20250422_052700.wav,20250422
1728,1731,Sturnella magna,Eastern Meadowlark,0.0297,D:/AcousticMonitoringData/ELDON6_Data/Week16\ELDON6_20250422_052700.wav,20250422
1728,1731,Passerina caerulea,Blue Grosbeak,0.011,D:/AcousticMonitoringData/ELDON6_Data/Week16\ELDON6_20250422_052700.wav,20250422
1731,1734,Spizella pusilla,Field Sparrow,0.0248,D:/AcousticMonitoringData/ELDON6_Data/Week16\ELDON6_20250422_052700.wav,20250422
1731,1734,Sturnella magna,Eastern Meadowlark,0.0217,D:/AcousticMonitoringData/ELDON6_Data/Week16\ELDON6_20250422_052700.wav,20250422
1734,1737,Spizella pusilla,Field Sparrow,0.0357,D:/AcousticMonitoringData/ELDON6_Data/Week16\ELDON6_20250422_052700.wav,20250422
1734,1737,Sturnella magna,Eastern Meadowlark,0.0254,D:/AcousticMonitoringData/ELDON6_Data/Week16\ELDON6_20250422_052700.wav,20250422
1734,1737,Geothlypis trichas,Common Yellowthroat,0.0165,D:/AcousticMonitoringData/ELDON6_Data/Week16\ELDON6_20250422_052700.wav,20250422
1737,1740,Spizella pusilla,Field Sparrow,0.1288,D:/AcousticMonitoringData/ELDON6_Data/Week16\ELDON6_20250422_052700.wav,20250422
1737,1740,Sturnella magna,Eastern Meadowlark,0.0449,D:/AcousticMonitoringData/ELDON6_Data/Week16\ELDON6_20250422_052700.wav,20250422
1737,1740,Geothlypis trichas,Common Yellowthroat,0.02,D:/AcousticMonitoringData/ELDON6_Data/Week16\ELDON6_20250422_052700.wav,20250422
1737,1740,Passerina caerulea,Blue Grosbeak,0.0148,D:/AcousticMonitoringData/ELDON6_Data/Week16\ELDON6_20250422_052700.wav,20250422
1740,1743,Sturnella magna,Eastern Meadowlark,0.0154,D:/AcousticMonitoringData/ELDON6_Data/Week16\ELDON6_20250422_052700.wav,20250422
1740,1743,Spizella pusilla,Field Sparrow,0.0153,D:/AcousticMonitoringData/ELDON6_Data/Week16\ELDON6_20250422_052700.wav,20250422
1743,1746,Spizella pusilla,Field Sparrow,0.026,D:/AcousticMonitoringData/ELDON6_Data/Week16\ELDON6_20250422_052700.wav,20250422
1743,1746,Sturnella magna,Eastern Meadowlark,0.0136,D:/AcousticMonitoringData/ELDON6_Data/Week16\ELDON6_20250422_052700.wav,20250422
1746,1749,Spizella pusilla,Field Sparrow,0.2333,D:/AcousticMonitoringData/ELDON6_Data/Week16\ELDON6_20250422_052700.wav,20250422
1749,1752,Geothlypis trichas,Common Yellowthroat,0.0802,D:/AcousticMonitoringData/ELDON6_Data/Week16\ELDON6_20250422_052700.wav,20250422
1749,1752,Spizella pusilla,Field Sparrow,0.0153,D:/AcousticMonitoringData/ELDON6_Data/Week16\ELDON6_20250422_052700.wav,20250422
1752,1755,Geothlypis trichas,Common Yellowthroat,0.1154,D:/AcousticMonitoringData/ELDON6_Data/Week16\ELDON6_20250422_052700.wav,20250422
1752,1755,Spizella pusilla,Field Sparrow,0.0252,D:/AcousticMonitoringData/ELDON6_Data/Week16\ELDON6_20250422_052700.wav,20250422
1755,1758,Geothlypis trichas,Common Yellowthroat,0.0524,D:/AcousticMonitoringData/ELDON6_Data/Week16\ELDON6_20250422_052700.wav,20250422
1755,1758,Spizella pusilla,Field Sparrow,0.0447,D:/AcousticMonitoringData/ELDON6_Data/Week16\ELDON6_20250422_052700.wav,20250422
1755,1758,Sturnella magna,Eastern Meadowlark,0.0183,D:/AcousticMonitoringData/ELDON6_Data/Week16\ELDON6_20250422_052700.wav,20250422
1755,1758,Passerina caerulea,Blue Grosbeak,0.0129,D:/AcousticMonitoringData/ELDON6_Data/Week16\ELDON6_20250422_052700.wav,20250422
1758,1761,Spizella pusilla,Field Sparrow,0.0937,D:/AcousticMonitoringData/ELDON6_Data/Week16\ELDON6_20250422_052700.wav,20250422
1758,1761,Sturnella magna,Eastern Meadowlark,0.0322,D:/AcousticMonitoringData/ELDON6_Data/Week16\ELDON6_20250422_052700.wav,20250422
1761,1764,Sturnella magna,Eastern Meadowlark,0.0371,D:/AcousticMonitoringData/ELDON6_Data/Week16\ELDON6_20250422_052700.wav,20250422
1761,1764,Spizella pusilla,Field Sparrow,0.0289,D:/AcousticMonitoringData/ELDON6_Data/Week16\ELDON6_20250422_052700.wav,20250422
1761,1764,Passerina caerulea,Blue Grosbeak,0.0128,D:/AcousticMonitoringData/ELDON6_Data/Week16\ELDON6_20250422_052700.wav,20250422
1764,1767,Geothlypis trichas,Common Yellowthroat,0.0378,D:/AcousticMonitoringData/ELDON6_Data/Week16\ELDON6_20250422_052700.wav,20250422
1764,1767,Spizella pusilla,Field Sparrow,0.0342,D:/AcousticMonitoringData/ELDON6_Data/Week16\ELDON6_20250422_052700.wav,20250422
1764,1767,Passerina caerulea,Blue Grosbeak,0.0106,D:/AcousticMonitoringData/ELDON6_Data/Week16\ELDON6_20250422_052700.wav,20250422
1764,1767,Sturnella magna,Eastern Meadowlark,0.0103,D:/AcousticMonitoringData/ELDON6_Data/Week16\ELDON6_20250422_052700.wav,20250422
1767,1770,Spizella pusilla,Field Sparrow,0.0651,D:/AcousticMonitoringData/ELDON6_Data/Week16\ELDON6_20250422_052700.wav,20250422
1767,1770,Sturnella magna,Eastern Meadowlark,0.0401,D:/AcousticMonitoringData/ELDON6_Data/Week16\ELDON6_20250422_052700.wav,20250422
1767,1770,Passerina caerulea,Blue Grosbeak,0.0152,D:/AcousticMonitoringData/ELDON6_Data/Week16\ELDON6_20250422_052700.wav,20250422
1770,1773,Sturnella magna,Eastern Meadowlark,0.0288,D:/AcousticMonitoringData/ELDON6_Data/Week16\ELDON6_20250422_052700.wav,20250422
1770,1773,Spizella pusilla,Field Sparrow,0.0206,D:/AcousticMonitoringData/ELDON6_Data/Week16\ELDON6_20250422_052700.wav,20250422
1773,1776,Spizella pusilla,Field Sparrow,0.0514,D:/AcousticMonitoringData/ELDON6_Data/Week16\ELDON6_20250422_052700.wav,20250422
1773,1776,Sturnella magna,Eastern Meadowlark,0.0294,D:/AcousticMonitoringData/ELDON6_Data/Week16\ELDON6_20250422_052700.wav,20250422
1773,1776,Geothlypis trichas,Common Yellowthroat,0.0238,D:/AcousticMonitoringData/ELDON6_Data/Week16\ELDON6_20250422_052700.wav,20250422
1773,1776,Passerina caerulea,Blue Grosbeak,0.02,D:/AcousticMonitoringData/ELDON6_Data/Week16\ELDON6_20250422_052700.wav,20250422
1776,1779,Sturnella magna,Eastern Meadowlark,0.037,D:/AcousticMonitoringData/ELDON6_Data/Week16\ELDON6_20250422_052700.wav,20250422
1776,1779,Spizella pusilla,Field Sparrow,0.0362,D:/AcousticMonitoringData/ELDON6_Data/Week16\ELDON6_20250422_052700.wav,20250422
1779,1782,Spizella pusilla,Field Sparrow,0.0975,D:/AcousticMonitoringData/ELDON6_Data/Week16\ELDON6_20250422_052700.wav,20250422
1779,1782,Sturnella magna,Eastern Meadowlark,0.0174,D:/AcousticMonitoringData/ELDON6_Data/Week16\ELDON6_20250422_052700.wav,20250422
1782,1785,Spizella pusilla,Field Sparrow,0.0873,D:/AcousticMonitoringData/ELDON6_Data/Week16\ELDON6_20250422_052700.wav,20250422
1782,1785,Sturnella magna,Eastern Meadowlark,0.0311,D:/AcousticMonitoringData/ELDON6_Data/Week16\ELDON6_20250422_052700.wav,20250422
1782,1785,Passerina caerulea,Blue Grosbeak,0.0103,D:/AcousticMonitoringData/ELDON6_Data/Week16\ELDON6_20250422_052700.wav,20250422
1785,1788,Spizella pusilla,Field Sparrow,0.0716,D:/AcousticMonitoringData/ELDON6_Data/Week16\ELDON6_20250422_052700.wav,20250422
1785,1788,Geothlypis trichas,Common Yellowthroat,0.0272,D:/AcousticMonitoringData/ELDON6_Data/Week16\ELDON6_20250422_052700.wav,20250422
1785,1788,Sturnella magna,Eastern Meadowlark,0.0173,D:/AcousticMonitoringData/ELDON6_Data/Week16\ELDON6_20250422_052700.wav,20250422
1788,1791,Spizella pusilla,Field Sparrow,0.1068,D:/AcousticMonitoringData/ELDON6_Data/Week16\ELDON6_20250422_052700.wav,20250422
1788,1791,Sturnella magna,Eastern Meadowlark,0.0622,D:/AcousticMonitoringData/ELDON6_Data/Week16\ELDON6_20250422_052700.wav,20250422
1788,1791,Passerina caerulea,Blue Grosbeak,0.0101,D:/AcousticMonitoringData/ELDON6_Data/Week16\ELDON6_20250422_052700.wav,20250422
1791,1794,Spizella pusilla,Field Sparrow,0.0332,D:/AcousticMonitoringData/ELDON6_Data/Week16\ELDON6_20250422_052700.wav,20250422
1791,1794,Sturnella magna,Eastern Meadowlark,0.0122,D:/AcousticMonitoringData/ELDON6_Data/Week16\ELDON6_20250422_052700.wav,20250422
1794,1797,Spizella pusilla,Field Sparrow,0.0337,D:/AcousticMonitoringData/ELDON6_Data/Week16\ELDON6_20250422_052700.wav,20250422
1794,1797,Sturnella magna,Eastern Meadowlark,0.0255,D:/AcousticMonitoringData/ELDON6_Data/Week16\ELDON6_20250422_052700.wav,20250422
1794,1797,Geothlypis trichas,Common Yellowthroat,0.0158,D:/AcousticMonitoringData/ELDON6_Data/Week16\ELDON6_20250422_052700.wav,20250422
1794,1797,Passerina caerulea,Blue Grosbeak,0.0121,D:/AcousticMonitoringData/ELDON6_Data/Week16\ELDON6_20250422_052700.wav,20250422
1797,1800,Spizella pusilla,Field Sparrow,0.0261,D:/AcousticMonitoringData/ELDON6_Data/Week16\ELDON6_20250422_052700.wav,20250422
1797,1800,Sturnella magna,Eastern Meadowlark,0.0228,D:/AcousticMonitoringData/ELDON6_Data/Week16\ELDON6_20250422_052700.wav,20250422
1800,1803,Spizella pusilla,Field Sparrow,0.0976,D:/AcousticMonitoringData/ELDON6_Data/Week16\ELDON6_20250422_052700.wav,20250422
1800,1803,Sturnella magna,Eastern Meadowlark,0.053,D:/AcousticMonitoringData/ELDON6_Data/Week16\ELDON6_20250422_052700.wav,20250422
1803,1806,Spizella pusilla,Field Sparrow,0.0662,D:/AcousticMonitoringData/ELDON6_Data/Week16\ELDON6_20250422_052700.wav,20250422
1803,1806,Passerina caerulea,Blue Grosbeak,0.0122,D:/AcousticMonitoringData/ELDON6_Data/Week16\ELDON6_20250422_052700.wav,20250422
1803,1806,Sturnella magna,Eastern Meadowlark,0.0101,D:/AcousticMonitoringData/ELDON6_Data/Week16\ELDON6_20250422_052700.wav,20250422
1806,1809,Spizella pusilla,Field Sparrow,0.0412,D:/AcousticMonitoringData/ELDON6_Data/Week16\ELDON6_20250422_052700.wav,20250422
1806,1809,Geothlypis trichas,Common Yellowthroat,0.0264,D:/AcousticMonitoringData/ELDON6_Data/Week16\ELDON6_20250422_052700.wav,20250422
1806,1809,Sturnella magna,Eastern Meadowlark,0.022,D:/AcousticMonitoringData/ELDON6_Data/Week16\ELDON6_20250422_052700.wav,20250422
1806,1809,Passerina caerulea,Blue Grosbeak,0.0163,D:/AcousticMonitoringData/ELDON6_Data/Week16\ELDON6_20250422_052700.wav,20250422
1809,1812,Sturnella magna,Eastern Meadowlark,0.0385,D:/AcousticMonitoringData/ELDON6_Data/Week16\ELDON6_20250422_052700.wav,20250422
1809,1812,Spizella pusilla,Field Sparrow,0.0266,D:/AcousticMonitoringData/ELDON6_Data/Week16\ELDON6_20250422_052700.wav,20250422
1809,1812,Geothlypis trichas,Common Yellowthroat,0.0167,D:/AcousticMonitoringData/ELDON6_Data/Week16\ELDON6_20250422_052700.wav,20250422
1812,1815,Spizella pusilla,Field Sparrow,0.1469,D:/AcousticMonitoringData/ELDON6_Data/Week16\ELDON6_20250422_052700.wav,20250422
1812,1815,Sturnella magna,Eastern Meadowlark,0.0123,D:/AcousticMonitoringData/ELDON6_Data/Week16\ELDON6_20250422_052700.wav,20250422
1815,1818,Spizella pusilla,Field Sparrow,0.3112,D:/AcousticMonitoringData/ELDON6_Data/Week16\ELDON6_20250422_052700.wav,20250422
1815,1818,Sturnella magna,Eastern Meadowlark,0.0293,D:/AcousticMonitoringData/ELDON6_Data/Week16\ELDON6_20250422_052700.wav,20250422
1815,1818,Passerina caerulea,Blue Grosbeak,0.0114,D:/AcousticMonitoringData/ELDON6_Data/Week16\ELDON6_20250422_052700.wav,20250422
1815,1818,Geothlypis trichas,Common Yellowthroat,0.0107,D:/AcousticMonitoringData/ELDON6_Data/Week16\ELDON6_20250422_052700.wav,20250422
1821,1824,Spizella pusilla,Field Sparrow,0.0541,D:/AcousticMonitoringData/ELDON6_Data/Week16\ELDON6_20250422_052700.wav,20250422
1821,1824,Sturnella magna,Eastern Meadowlark,0.0272,D:/AcousticMonitoringData/ELDON6_Data/Week16\ELDON6_20250422_052700.wav,20250422
1821,1824,Passerina caerulea,Blue Grosbeak,0.0139,D:/AcousticMonitoringData/ELDON6_Data/Week16\ELDON6_20250422_052700.wav,20250422
1824,1827,Spizella pusilla,Field Sparrow,0.0579,D:/AcousticMonitoringData/ELDON6_Data/Week16\ELDON6_20250422_052700.wav,20250422
1824,1827,Geothlypis trichas,Common Yellowthroat,0.0212,D:/AcousticMonitoringData/ELDON6_Data/Week16\ELDON6_20250422_052700.wav,20250422
1827,1830,Spizella pusilla,Field Sparrow,0.0944,D:/AcousticMonitoringData/ELDON6_Data/Week16\ELDON6_20250422_052700.wav,20250422
1827,1830,Geothlypis trichas,Common Yellowthroat,0.0164,D:/AcousticMonitoringData/ELDON6_Data/Week16\ELDON6_20250422_052700.wav,20250422
1827,1830,Sturnella magna,Eastern Meadowlark,0.0124,D:/AcousticMonitoringData/ELDON6_Data/Week16\ELDON6_20250422_052700.wav,20250422
1827,1830,Passerina caerulea,Blue Grosbeak,0.011,D:/AcousticMonitoringData/ELDON6_Data/Week16\ELDON6_20250422_052700.wav,20250422
1830,1833,Spizella pusilla,Field Sparrow,0.0457,D:/AcousticMonitoringData/ELDON6_Data/Week16\ELDON6_20250422_052700.wav,20250422
1830,1833,Sturnella magna,Eastern Meadowlark,0.0209,D:/AcousticMonitoringData/ELDON6_Data/Week16\ELDON6_20250422_052700.wav,20250422
1833,1836,Spizella pusilla,Field Sparrow,0.041,D:/AcousticMonitoringData/ELDON6_Data/Week16\ELDON6_20250422_052700.wav,20250422
1833,1836,Geothlypis trichas,Common Yellowthroat,0.0148,D:/AcousticMonitoringData/ELDON6_Data/Week16\ELDON6_20250422_052700.wav,20250422
1836,1839,Spizella pusilla,Field Sparrow,0.1053,D:/AcousticMonitoringData/ELDON6_Data/Week16\ELDON6_20250422_052700.wav,20250422
1836,1839,Geothlypis trichas,Common Yellowthroat,0.0114,D:/AcousticMonitoringData/ELDON6_Data/Week16\ELDON6_20250422_052700.wav,20250422
1836,1839,Sturnella magna,Eastern Meadowlark,0.0112,D:/AcousticMonitoringData/ELDON6_Data/Week16\ELDON6_20250422_052700.wav,20250422
1839,1842,Spizella pusilla,Field Sparrow,0.1022,D:/AcousticMonitoringData/ELDON6_Data/Week16\ELDON6_20250422_052700.wav,20250422
1842,1845,Spizella pusilla,Field Sparrow,0.0412,D:/AcousticMonitoringData/ELDON6_Data/Week16\ELDON6_20250422_052700.wav,20250422
1842,1845,Geothlypis trichas,Common Yellowthroat,0.0321,D:/AcousticMonitoringData/ELDON6_Data/Week16\ELDON6_20250422_052700.wav,20250422
1845,1848,Geothlypis trichas,Common Yellowthroat,0.031,D:/AcousticMonitoringData/ELDON6_Data/Week16\ELDON6_20250422_052700.wav,20250422
1845,1848,Spizella pusilla,Field Sparrow,0.0309,D:/AcousticMonitoringData/ELDON6_Data/Week16\ELDON6_20250422_052700.wav,20250422
1845,1848,Passerina caerulea,Blue Grosbeak,0.0138,D:/AcousticMonitoringData/ELDON6_Data/Week16\ELDON6_20250422_052700.wav,20250422
1845,1848,Sturnella magna,Eastern Meadowlark,0.012,D:/AcousticMonitoringData/ELDON6_Data/Week16\ELDON6_20250422_052700.wav,20250422
1848,1851,Spizella pusilla,Field Sparrow,0.0332,D:/AcousticMonitoringData/ELDON6_Data/Week16\ELDON6_20250422_052700.wav,20250422
1848,1851,Sturnella magna,Eastern Meadowlark,0.0225,D:/AcousticMonitoringData/ELDON6_Data/Week16\ELDON6_20250422_052700.wav,20250422
1848,1851,Geothlypis trichas,Common Yellowthroat,0.0113,D:/AcousticMonitoringData/ELDON6_Data/Week16\ELDON6_20250422_052700.wav,20250422
1851,1854,Spizella pusilla,Field Sparrow,0.0456,D:/AcousticMonitoringData/ELDON6_Data/Week16\ELDON6_20250422_052700.wav,20250422
1851,1854,Geothlypis trichas,Common Yellowthroat,0.0214,D:/AcousticMonitoringData/ELDON6_Data/Week16\ELDON6_20250422_052700.wav,20250422
1851,1854,Sturnella magna,Eastern Meadowlark,0.0134,D:/AcousticMonitoringData/ELDON6_Data/Week16\ELDON6_20250422_052700.wav,20250422
1854,1857,Geothlypis trichas,Common Yellowthroat,0.1113,D:/AcousticMonitoringData/ELDON6_Data/Week16\ELDON6_20250422_052700.wav,20250422
1854,1857,Spizella pusilla,Field Sparrow,0.0132,D:/AcousticMonitoringData/ELDON6_Data/Week16\ELDON6_20250422_052700.wav,20250422
1863,1866,Geothlypis trichas,Common Yellowthroat,0.0782,D:/AcousticMonitoringData/ELDON6_Data/Week16\ELDON6_20250422_052700.wav,20250422
1863,1866,Spizella pusilla,Field Sparrow,0.0238,D:/AcousticMonitoringData/ELDON6_Data/Week16\ELDON6_20250422_052700.wav,20250422
1863,1866,Sturnella magna,Eastern Meadowlark,0.0117,D:/AcousticMonitoringData/ELDON6_Data/Week16\ELDON6_20250422_052700.wav,20250422
1866,1869,Geothlypis trichas,Common Yellowthroat,0.069,D:/AcousticMonitoringData/ELDON6_Data/Week16\ELDON6_20250422_052700.wav,20250422
1866,1869,Spizella pusilla,Field Sparrow,0.0191,D:/AcousticMonitoringData/ELDON6_Data/Week16\ELDON6_20250422_052700.wav,20250422
1866,1869,Sturnella magna,Eastern Meadowlark,0.0117,D:/AcousticMonitoringData/ELDON6_Data/Week16\ELDON6_20250422_052700.wav,20250422
1869,1872,Geothlypis trichas,Common Yellowthroat,0.0924,D:/AcousticMonitoringData/ELDON6_Data/Week16\ELDON6_20250422_052700.wav,20250422
1869,1872,Spizella pusilla,Field Sparrow,0.0194,D:/AcousticMonitoringData/ELDON6_Data/Week16\ELDON6_20250422_052700.wav,20250422
1869,1872,Sturnella magna,Eastern Meadowlark,0.0169,D:/AcousticMonitoringData/ELDON6_Data/Week16\ELDON6_20250422_052700.wav,20250422
1872,1875,Spizella pusilla,Field Sparrow,0.0999,D:/AcousticMonitoringData/ELDON6_Data/Week16\ELDON6_20250422_052700.wav,20250422
1872,1875,Geothlypis trichas,Common Yellowthroat,0.0651,D:/AcousticMonitoringData/ELDON6_Data/Week16\ELDON6_20250422_052700.wav,20250422
1872,1875,Sturnella magna,Eastern Meadowlark,0.033,D:/AcousticMonitoringData/ELDON6_Data/Week16\ELDON6_20250422_052700.wav,20250422
1875,1878,Geothlypis trichas,Common Yellowthroat,0.0384,D:/AcousticMonitoringData/ELDON6_Data/Week16\ELDON6_20250422_052700.wav,20250422
1875,1878,Spizella pusilla,Field Sparrow,0.0361,D:/AcousticMonitoringData/ELDON6_Data/Week16\ELDON6_20250422_052700.wav,20250422
1875,1878,Sturnella magna,Eastern Meadowlark,0.0133,D:/AcousticMonitoringData/ELDON6_Data/Week16\ELDON6_20250422_052700.wav,20250422
1878,1881,Spizella pusilla,Field Sparrow,0.0789,D:/AcousticMonitoringData/ELDON6_Data/Week16\ELDON6_20250422_052700.wav,20250422
1878,1881,Sturnella magna,Eastern Meadowlark,0.0457,D:/AcousticMonitoringData/ELDON6_Data/Week16\ELDON6_20250422_052700.wav,20250422
1878,1881,Geothlypis trichas,Common Yellowthroat,0.0262,D:/AcousticMonitoringData/ELDON6_Data/Week16\ELDON6_20250422_052700.wav,20250422
1878,1881,Passerina caerulea,Blue Grosbeak,0.025,D:/AcousticMonitoringData/ELDON6_Data/Week16\ELDON6_20250422_052700.wav,20250422
1881,1884,Geothlypis trichas,Common Yellowthroat,0.088,D:/AcousticMonitoringData/ELDON6_Data/Week16\ELDON6_20250422_052700.wav,20250422
1881,1884,Spizella pusilla,Field Sparrow,0.0291,D:/AcousticMonitoringData/ELDON6_Data/Week16\ELDON6_20250422_052700.wav,20250422
1881,1884,Sturnella magna,Eastern Meadowlark,0.017,D:/AcousticMonitoringData/ELDON6_Data/Week16\ELDON6_20250422_052700.wav,20250422
1884,1887,Geothlypis trichas,Common Yellowthroat,0.1924,D:/AcousticMonitoringData/ELDON6_Data/Week16\ELDON6_20250422_052700.wav,20250422
1884,1887,Spizella pusilla,Field Sparrow,0.053,D:/AcousticMonitoringData/ELDON6_Data/Week16\ELDON6_20250422_052700.wav,20250422
1884,1887,Sturnella magna,Eastern Meadowlark,0.026,D:/AcousticMonitoringData/ELDON6_Data/Week16\ELDON6_20250422_052700.wav,20250422
1887,1890,Spizella pusilla,Field Sparrow,0.0127,D:/AcousticMonitoringData/ELDON6_Data/Week16\ELDON6_20250422_052700.wav,20250422
1890,1893,Spizella pusilla,Field Sparrow,0.0674,D:/AcousticMonitoringData/ELDON6_Data/Week16\ELDON6_20250422_052700.wav,20250422
1890,1893,Sturnella magna,Eastern Meadowlark,0.0395,D:/AcousticMonitoringData/ELDON6_Data/Week16\ELDON6_20250422_052700.wav,20250422
1890,1893,Geothlypis trichas,Common Yellowthroat,0.0171,D:/AcousticMonitoringData/ELDON6_Data/Week16\ELDON6_20250422_052700.wav,20250422
1890,1893,Passerina caerulea,Blue Grosbeak,0.0108,D:/AcousticMonitoringData/ELDON6_Data/Week16\ELDON6_20250422_052700.wav,20250422
1893,1896,Geothlypis trichas,Common Yellowthroat,0.0647,D:/AcousticMonitoringData/ELDON6_Data/Week16\ELDON6_20250422_052700.wav,20250422
1893,1896,Spizella pusilla,Field Sparrow,0.0344,D:/AcousticMonitoringData/ELDON6_Data/Week16\ELDON6_20250422_052700.wav,20250422
1893,1896,Sturnella magna,Eastern Meadowlark,0.0206,D:/AcousticMonitoringData/ELDON6_Data/Week16\ELDON6_20250422_052700.wav,20250422
1896,1899,Spizella pusilla,Field Sparrow,0.5751,D:/AcousticMonitoringData/ELDON6_Data/Week16\ELDON6_20250422_052700.wav,20250422
1896,1899,Sturnella magna,Eastern Meadowlark,0.0264,D:/AcousticMonitoringData/ELDON6_Data/Week16\ELDON6_20250422_052700.wav,20250422
1899,1902,Spizella pusilla,Field Sparrow,0.0371,D:/AcousticMonitoringData/ELDON6_Data/Week16\ELDON6_20250422_052700.wav,20250422
1899,1902,Geothlypis trichas,Common Yellowthroat,0.0343,D:/AcousticMonitoringData/ELDON6_Data/Week16\ELDON6_20250422_052700.wav,20250422
1899,1902,Sturnella magna,Eastern Meadowlark,0.0192,D:/AcousticMonitoringData/ELDON6_Data/Week16\ELDON6_20250422_052700.wav,20250422
1902,1905,Geothlypis trichas,Common Yellowthroat,0.2292,D:/AcousticMonitoringData/ELDON6_Data/Week16\ELDON6_20250422_052700.wav,20250422
1902,1905,Spizella pusilla,Field Sparrow,0.0562,D:/AcousticMonitoringData/ELDON6_Data/Week16\ELDON6_20250422_052700.wav,20250422
1902,1905,Sturnella magna,Eastern Meadowlark,0.0223,D:/AcousticMonitoringData/ELDON6_Data/Week16\ELDON6_20250422_052700.wav,20250422
1905,1908,Geothlypis trichas,Common Yellowthroat,0.0215,D:/AcousticMonitoringData/ELDON6_Data/Week16\ELDON6_20250422_052700.wav,20250422
1905,1908,Sturnella magna,Eastern Meadowlark,0.0108,D:/AcousticMonitoringData/ELDON6_Data/Week16\ELDON6_20250422_052700.wav,20250422
1908,1911,Geothlypis trichas,Common Yellowthroat,0.0785,D:/AcousticMonitoringData/ELDON6_Data/Week16\ELDON6_20250422_052700.wav,20250422
1908,1911,Spizella pusilla,Field Sparrow,0.0607,D:/AcousticMonitoringData/ELDON6_Data/Week16\ELDON6_20250422_052700.wav,20250422
1908,1911,Sturnella magna,Eastern Meadowlark,0.015,D:/AcousticMonitoringData/ELDON6_Data/Week16\ELDON6_20250422_052700.wav,20250422
1911,1914,Spizella pusilla,Field Sparrow,0.0721,D:/AcousticMonitoringData/ELDON6_Data/Week16\ELDON6_20250422_052700.wav,20250422
1911,1914,Sturnella magna,Eastern Meadowlark,0.0417,D:/AcousticMonitoringData/ELDON6_Data/Week16\ELDON6_20250422_052700.wav,20250422
1911,1914,Geothlypis trichas,Common Yellowthroat,0.0179,D:/AcousticMonitoringData/ELDON6_Data/Week16\ELDON6_20250422_052700.wav,20250422
1914,1917,Geothlypis trichas,Common Yellowthroat,0.0639,D:/AcousticMonitoringData/ELDON6_Data/Week16\ELDON6_20250422_052700.wav,20250422
1914,1917,Spizella pusilla,Field Sparrow,0.0504,D:/AcousticMonitoringData/ELDON6_Data/Week16\ELDON6_20250422_052700.wav,20250422
1914,1917,Passerina caerulea,Blue Grosbeak,0.0116,D:/AcousticMonitoringData/ELDON6_Data/Week16\ELDON6_20250422_052700.wav,20250422
1914,1917,Sturnella magna,Eastern Meadowlark,0.0115,D:/AcousticMonitoringData/ELDON6_Data/Week16\ELDON6_20250422_052700.wav,20250422
1917,1920,Spizella pusilla,Field Sparrow,0.0415,D:/AcousticMonitoringData/ELDON6_Data/Week16\ELDON6_20250422_052700.wav,20250422
1917,1920,Sturnella magna,Eastern Meadowlark,0.0242,D:/AcousticMonitoringData/ELDON6_Data/Week16\ELDON6_20250422_052700.wav,20250422
1917,1920,Passerina caerulea,Blue Grosbeak,0.0157,D:/AcousticMonitoringData/ELDON6_Data/Week16\ELDON6_20250422_052700.wav,20250422
1917,1920,Geothlypis trichas,Common Yellowthroat,0.0134,D:/AcousticMonitoringData/ELDON6_Data/Week16\ELDON6_20250422_052700.wav,20250422
1920,1923,Geothlypis trichas,Common Yellowthroat,0.0674,D:/AcousticMonitoringData/ELDON6_Data/Week16\ELDON6_20250422_052700.wav,20250422
1920,1923,Spizella pusilla,Field Sparrow,0.0469,D:/AcousticMonitoringData/ELDON6_Data/Week16\ELDON6_20250422_052700.wav,20250422
1920,1923,Sturnella magna,Eastern Meadowlark,0.0242,D:/AcousticMonitoringData/ELDON6_Data/Week16\ELDON6_20250422_052700.wav,20250422
1920,1923,Passerina caerulea,Blue Grosbeak,0.0121,D:/AcousticMonitoringData/ELDON6_Data/Week16\ELDON6_20250422_052700.wav,20250422
1923,1926,Spizella pusilla,Field Sparrow,0.0708,D:/AcousticMonitoringData/ELDON6_Data/Week16\ELDON6_20250422_052700.wav,20250422
1923,1926,Geothlypis trichas,Common Yellowthroat,0.0179,D:/AcousticMonitoringData/ELDON6_Data/Week16\ELDON6_20250422_052700.wav,20250422
1923,1926,Sturnella magna,Eastern Meadowlark,0.0133,D:/AcousticMonitoringData/ELDON6_Data/Week16\ELDON6_20250422_052700.wav,20250422
1923,1926,Passerina caerulea,Blue Grosbeak,0.0112,D:/AcousticMonitoringData/ELDON6_Data/Week16\ELDON6_20250422_052700.wav,20250422
1926,1929,Spizella pusilla,Field Sparrow,0.2286,D:/AcousticMonitoringData/ELDON6_Data/Week16\ELDON6_20250422_052700.wav,20250422
1929,1932,Spizella pusilla,Field Sparrow,0.5145,D:/AcousticMonitoringData/ELDON6_Data/Week16\ELDON6_20250422_052700.wav,20250422
1929,1932,Sturnella magna,Eastern Meadowlark,0.0278,D:/AcousticMonitoringData/ELDON6_Data/Week16\ELDON6_20250422_052700.wav,20250422
1929,1932,Passerina caerulea,Blue Grosbeak,0.0104,D:/AcousticMonitoringData/ELDON6_Data/Week16\ELDON6_20250422_052700.wav,20250422
1932,1935,Geothlypis trichas,Common Yellowthroat,0.0632,D:/AcousticMonitoringData/ELDON6_Data/Week16\ELDON6_20250422_052700.wav,20250422
1932,1935,Spizella pusilla,Field Sparrow,0.0536,D:/AcousticMonitoringData/ELDON6_Data/Week16\ELDON6_20250422_052700.wav,20250422
1932,1935,Passerina caerulea,Blue Grosbeak,0.0208,D:/AcousticMonitoringData/ELDON6_Data/Week16\ELDON6_20250422_052700.wav,20250422
1932,1935,Sturnella magna,Eastern Meadowlark,0.0126,D:/AcousticMonitoringData/ELDON6_Data/Week16\ELDON6_20250422_052700.wav,20250422
1935,1938,Spizella pusilla,Field Sparrow,0.0407,D:/AcousticMonitoringData/ELDON6_Data/Week16\ELDON6_20250422_052700.wav,20250422
1935,1938,Sturnella magna,Eastern Meadowlark,0.0114,D:/AcousticMonitoringData/ELDON6_Data/Week16\ELDON6_20250422_052700.wav,20250422
1938,1941,Spizella pusilla,Field Sparrow,0.0116,D:/AcousticMonitoringData/ELDON6_Data/Week16\ELDON6_20250422_052700.wav,20250422
1941,1944,Geothlypis trichas,Common Yellowthroat,0.1208,D:/AcousticMonitoringData/ELDON6_Data/Week16\ELDON6_20250422_052700.wav,20250422
1941,1944,Spizella pusilla,Field Sparrow,0.0557,D:/AcousticMonitoringData/ELDON6_Data/Week16\ELDON6_20250422_052700.wav,20250422
1941,1944,Sturnella magna,Eastern Meadowlark,0.0303,D:/AcousticMonitoringData/ELDON6_Data/Week16\ELDON6_20250422_052700.wav,20250422
1941,1944,Passerina caerulea,Blue Grosbeak,0.0102,D:/AcousticMonitoringData/ELDON6_Data/Week16\ELDON6_20250422_052700.wav,20250422
1944,1947,Spizella pusilla,Field Sparrow,0.5685,D:/AcousticMonitoringData/ELDON6_Data/Week16\ELDON6_20250422_052700.wav,20250422
1947,1950,Spizella pusilla,Field Sparrow,0.2572,D:/AcousticMonitoringData/ELDON6_Data/Week16\ELDON6_20250422_052700.wav,20250422
1950,1953,Geothlypis trichas,Common Yellowthroat,0.0823,D:/AcousticMonitoringData/ELDON6_Data/Week16\ELDON6_20250422_052700.wav,20250422
1950,1953,Spizella pusilla,Field Sparrow,0.0575,D:/AcousticMonitoringData/ELDON6_Data/Week16\ELDON6_20250422_052700.wav,20250422
1950,1953,Sturnella magna,Eastern Meadowlark,0.0278,D:/AcousticMonitoringData/ELDON6_Data/Week16\ELDON6_20250422_052700.wav,20250422
1953,1956,Spizella pusilla,Field Sparrow,0.0734,D:/AcousticMonitoringData/ELDON6_Data/Week16\ELDON6_20250422_052700.wav,20250422
1953,1956,Geothlypis trichas,Common Yellowthroat,0.025,D:/AcousticMonitoringData/ELDON6_Data/Week16\ELDON6_20250422_052700.wav,20250422
1953,1956,Sturnella magna,Eastern Meadowlark,0.0176,D:/AcousticMonitoringData/ELDON6_Data/Week16\ELDON6_20250422_052700.wav,20250422
1953,1956,Passerina caerulea,Blue Grosbeak,0.0158,D:/AcousticMonitoringData/ELDON6_Data/Week16\ELDON6_20250422_052700.wav,20250422
1956,1959,Spizella pusilla,Field Sparrow,0.0392,D:/AcousticMonitoringData/ELDON6_Data/Week16\ELDON6_20250422_052700.wav,20250422
1956,1959,Geothlypis trichas,Common Yellowthroat,0.0285,D:/AcousticMonitoringData/ELDON6_Data/Week16\ELDON6_20250422_052700.wav,20250422
1956,1959,Sturnella magna,Eastern Meadowlark,0.0164,D:/AcousticMonitoringData/ELDON6_Data/Week16\ELDON6_20250422_052700.wav,20250422
1959,1962,Geothlypis trichas,Common Yellowthroat,0.1597,D:/AcousticMonitoringData/ELDON6_Data/Week16\ELDON6_20250422_052700.wav,20250422
1959,1962,Spizella pusilla,Field Sparrow,0.07,D:/AcousticMonitoringData/ELDON6_Data/Week16\ELDON6_20250422_052700.wav,20250422
1962,1965,Spizella pusilla,Field Sparrow,0.2798,D:/AcousticMonitoringData/ELDON6_Data/Week16\ELDON6_20250422_052700.wav,20250422
1965,1968,Spizella pusilla,Field Sparrow,0.1066,D:/AcousticMonitoringData/ELDON6_Data/Week16\ELDON6_20250422_052700.wav,20250422
1965,1968,Sturnella magna,Eastern Meadowlark,0.0371,D:/AcousticMonitoringData/ELDON6_Data/Week16\ELDON6_20250422_052700.wav,20250422
1965,1968,Geothlypis trichas,Common Yellowthroat,0.0123,D:/AcousticMonitoringData/ELDON6_Data/Week16\ELDON6_20250422_052700.wav,20250422
1965,1968,Passerina caerulea,Blue Grosbeak,0.0117,D:/AcousticMonitoringData/ELDON6_Data/Week16\ELDON6_20250422_052700.wav,20250422
1968,1971,Geothlypis trichas,Common Yellowthroat,0.1147,D:/AcousticMonitoringData/ELDON6_Data/Week16\ELDON6_20250422_052700.wav,20250422
1968,1971,Spizella pusilla,Field Sparrow,0.0689,D:/AcousticMonitoringData/ELDON6_Data/Week16\ELDON6_20250422_052700.wav,20250422
1968,1971,Sturnella magna,Eastern Meadowlark,0.0462,D:/AcousticMonitoringData/ELDON6_Data/Week16\ELDON6_20250422_052700.wav,20250422
1968,1971,Passerina caerulea,Blue Grosbeak,0.0173,D:/AcousticMonitoringData/ELDON6_Data/Week16\ELDON6_20250422_052700.wav,20250422
1971,1974,Spizella pusilla,Field Sparrow,0.0641,D:/AcousticMonitoringData/ELDON6_Data/Week16\ELDON6_20250422_052700.wav,20250422
1971,1974,Geothlypis trichas,Common Yellowthroat,0.0323,D:/AcousticMonitoringData/ELDON6_Data/Week16\ELDON6_20250422_052700.wav,20250422
1971,1974,Passerina caerulea,Blue Grosbeak,0.0239,D:/AcousticMonitoringData/ELDON6_Data/Week16\ELDON6_20250422_052700.wav,20250422
1971,1974,Sturnella magna,Eastern Meadowlark,0.0195,D:/AcousticMonitoringData/ELDON6_Data/Week16\ELDON6_20250422_052700.wav,20250422
1974,1977,Spizella pusilla,Field Sparrow,0.2012,D:/AcousticMonitoringData/ELDON6_Data/Week16\ELDON6_20250422_052700.wav,20250422
1974,1977,Sturnella magna,Eastern Meadowlark,0.0432,D:/AcousticMonitoringData/ELDON6_Data/Week16\ELDON6_20250422_052700.wav,20250422
1974,1977,Passerina caerulea,Blue Grosbeak,0.0176,D:/AcousticMonitoringData/ELDON6_Data/Week16\ELDON6_20250422_052700.wav,20250422
1977,1980,Spizella pusilla,Field Sparrow,0.1066,D:/AcousticMonitoringData/ELDON6_Data/Week16\ELDON6_20250422_052700.wav,20250422
1977,1980,Sturnella magna,Eastern Meadowlark,0.0216,D:/AcousticMonitoringData/ELDON6_Data/Week16\ELDON6_20250422_052700.wav,20250422
1977,1980,Passerina caerulea,Blue Grosbeak,0.0142,D:/AcousticMonitoringData/ELDON6_Data/Week16\ELDON6_20250422_052700.wav,20250422
1980,1983,Spizella pusilla,Field Sparrow,0.0877,D:/AcousticMonitoringData/ELDON6_Data/Week16\ELDON6_20250422_052700.wav,20250422
1980,1983,Sturnella magna,Eastern Meadowlark,0.0361,D:/AcousticMonitoringData/ELDON6_Data/Week16\ELDON6_20250422_052700.wav,20250422
1980,1983,Geothlypis trichas,Common Yellowthroat,0.0354,D:/AcousticMonitoringData/ELDON6_Data/Week16\ELDON6_20250422_052700.wav,20250422
1980,1983,Passerina caerulea,Blue Grosbeak,0.0161,D:/AcousticMonitoringData/ELDON6_Data/Week16\ELDON6_20250422_052700.wav,20250422
1983,1986,Spizella pusilla,Field Sparrow,0.3164,D:/AcousticMonitoringData/ELDON6_Data/Week16\ELDON6_20250422_052700.wav,20250422
1983,1986,Sturnella magna,Eastern Meadowlark,0.0235,D:/AcousticMonitoringData/ELDON6_Data/Week16\ELDON6_20250422_052700.wav,20250422
1986,1989,Spizella pusilla,Field Sparrow,0.2276,D:/AcousticMonitoringData/ELDON6_Data/Week16\ELDON6_20250422_052700.wav,20250422
1986,1989,Sturnella magna,Eastern Meadowlark,0.0197,D:/AcousticMonitoringData/ELDON6_Data/Week16\ELDON6_20250422_052700.wav,20250422
1989,1992,Geothlypis trichas,Common Yellowthroat,0.0542,D:/AcousticMonitoringData/ELDON6_Data/Week16\ELDON6_20250422_052700.wav,20250422
1989,1992,Spizella pusilla,Field Sparrow,0.0524,D:/AcousticMonitoringData/ELDON6_Data/Week16\ELDON6_20250422_052700.wav,20250422
1989,1992,Passerina caerulea,Blue Grosbeak,0.0139,D:/AcousticMonitoringData/ELDON6_Data/Week16\ELDON6_20250422_052700.wav,20250422
1989,1992,Sturnella magna,Eastern Meadowlark,0.0109,D:/AcousticMonitoringData/ELDON6_Data/Week16\ELDON6_20250422_052700.wav,20250422
1992,1995,Spizella pusilla,Field Sparrow,0.0145,D:/AcousticMonitoringData/ELDON6_Data/Week16\ELDON6_20250422_052700.wav,20250422
1995,1998,Spizella pusilla,Field Sparrow,0.0912,D:/AcousticMonitoringData/ELDON6_Data/Week16\ELDON6_20250422_052700.wav,20250422
1995,1998,Sturnella magna,Eastern Meadowlark,0.0142,D:/AcousticMonitoringData/ELDON6_Data/Week16\ELDON6_20250422_052700.wav,20250422
1995,1998,Passerina caerulea,Blue Grosbeak,0.01,D:/AcousticMonitoringData/ELDON6_Data/Week16\ELDON6_20250422_052700.wav,20250422
1998,2001,Spizella pusilla,Field Sparrow,0.0567,D:/AcousticMonitoringData/ELDON6_Data/Week16\ELDON6_20250422_052700.wav,20250422
1998,2001,Sturnella magna,Eastern Meadowlark,0.0201,D:/AcousticMonitoringData/ELDON6_Data/Week16\ELDON6_20250422_052700.wav,20250422
1998,2001,Passerina caerulea,Blue Grosbeak,0.013,D:/AcousticMonitoringData/ELDON6_Data/Week16\ELDON6_20250422_052700.wav,20250422
2001,2004,Spizella pusilla,Field Sparrow,0.0641,D:/AcousticMonitoringData/ELDON6_Data/Week16\ELDON6_20250422_052700.wav,20250422
2001,2004,Geothlypis trichas,Common Yellowthroat,0.0498,D:/AcousticMonitoringData/ELDON6_Data/Week16\ELDON6_20250422_052700.wav,20250422
2001,2004,Passerina caerulea,Blue Grosbeak,0.0235,D:/AcousticMonitoringData/ELDON6_Data/Week16\ELDON6_20250422_052700.wav,20250422
2004,2007,Spizella pusilla,Field Sparrow,0.4609,D:/AcousticMonitoringData/ELDON6_Data/Week16\ELDON6_20250422_052700.wav,20250422
2004,2007,Passerina caerulea,Blue Grosbeak,0.0107,D:/AcousticMonitoringData/ELDON6_Data/Week16\ELDON6_20250422_052700.wav,20250422
2007,2010,Spizella pusilla,Field Sparrow,0.2121,D:/AcousticMonitoringData/ELDON6_Data/Week16\ELDON6_20250422_052700.wav,20250422
2007,2010,Sturnella magna,Eastern Meadowlark,0.0124,D:/AcousticMonitoringData/ELDON6_Data/Week16\ELDON6_20250422_052700.wav,20250422
2010,2013,Spizella pusilla,Field Sparrow,0.0607,D:/AcousticMonitoringData/ELDON6_Data/Week16\ELDON6_20250422_052700.wav,20250422
2010,2013,Geothlypis trichas,Common Yellowthroat,0.04,D:/AcousticMonitoringData/ELDON6_Data/Week16\ELDON6_20250422_052700.wav,20250422
2010,2013,Sturnella magna,Eastern Meadowlark,0.0202,D:/AcousticMonitoringData/ELDON6_Data/Week16\ELDON6_20250422_052700.wav,20250422
2013,2016,Spizella pusilla,Field Sparrow,0.0356,D:/AcousticMonitoringData/ELDON6_Data/Week16\ELDON6_20250422_052700.wav,20250422
2013,2016,Passerina caerulea,Blue Grosbeak,0.0222,D:/AcousticMonitoringData/ELDON6_Data/Week16\ELDON6_20250422_052700.wav,20250422
2013,2016,Sturnella magna,Eastern Meadowlark,0.0185,D:/AcousticMonitoringData/ELDON6_Data/Week16\ELDON6_20250422_052700.wav,20250422
2013,2016,Geothlypis trichas,Common Yellowthroat,0.0105,D:/AcousticMonitoringData/ELDON6_Data/Week16\ELDON6_20250422_052700.wav,20250422
2016,2019,Spizella pusilla,Field Sparrow,0.156,D:/AcousticMonitoringData/ELDON6_Data/Week16\ELDON6_20250422_052700.wav,20250422
2016,2019,Sturnella magna,Eastern Meadowlark,0.0371,D:/AcousticMonitoringData/ELDON6_Data/Week16\ELDON6_20250422_052700.wav,20250422
2016,2019,Geothlypis trichas,Common Yellowthroat,0.016,D:/AcousticMonitoringData/ELDON6_Data/Week16\ELDON6_20250422_052700.wav,20250422
2016,2019,Passerina caerulea,Blue Grosbeak,0.0144,D:/AcousticMonitoringData/ELDON6_Data/Week16\ELDON6_20250422_052700.wav,20250422
2019,2022,Spizella pusilla,Field Sparrow,0.0587,D:/AcousticMonitoringData/ELDON6_Data/Week16\ELDON6_20250422_052700.wav,20250422
2019,2022,Geothlypis trichas,Common Yellowthroat,0.0105,D:/AcousticMonitoringData/ELDON6_Data/Week16\ELDON6_20250422_052700.wav,20250422
2022,2025,Spizella pusilla,Field Sparrow,0.2263,D:/AcousticMonitoringData/ELDON6_Data/Week16\ELDON6_20250422_052700.wav,20250422
2022,2025,Sturnella magna,Eastern Meadowlark,0.022,D:/AcousticMonitoringData/ELDON6_Data/Week16\ELDON6_20250422_052700.wav,20250422
2025,2028,Spizella pusilla,Field Sparrow,0.1164,D:/AcousticMonitoringData/ELDON6_Data/Week16\ELDON6_20250422_052700.wav,20250422
2025,2028,Sturnella magna,Eastern Meadowlark,0.0177,D:/AcousticMonitoringData/ELDON6_Data/Week16\ELDON6_20250422_052700.wav,20250422
2025,2028,Passerina caerulea,Blue Grosbeak,0.0148,D:/AcousticMonitoringData/ELDON6_Data/Week16\ELDON6_20250422_052700.wav,20250422
2028,2031,Spizella pusilla,Field Sparrow,0.0761,D:/AcousticMonitoringData/ELDON6_Data/Week16\ELDON6_20250422_052700.wav,20250422
2028,2031,Geothlypis trichas,Common Yellowthroat,0.016,D:/AcousticMonitoringData/ELDON6_Data/Week16\ELDON6_20250422_052700.wav,20250422
2028,2031,Sturnella magna,Eastern Meadowlark,0.0138,D:/AcousticMonitoringData/ELDON6_Data/Week16\ELDON6_20250422_052700.wav,20250422
2028,2031,Passerina caerulea,Blue Grosbeak,0.0129,D:/AcousticMonitoringData/ELDON6_Data/Week16\ELDON6_20250422_052700.wav,20250422
2031,2034,Spizella pusilla,Field Sparrow,0.0595,D:/AcousticMonitoringData/ELDON6_Data/Week16\ELDON6_20250422_052700.wav,20250422
2031,2034,Passerina caerulea,Blue Grosbeak,0.02,D:/AcousticMonitoringData/ELDON6_Data/Week16\ELDON6_20250422_052700.wav,20250422
2031,2034,Sturnella magna,Eastern Meadowlark,0.0137,D:/AcousticMonitoringData/ELDON6_Data/Week16\ELDON6_20250422_052700.wav,20250422
2034,2037,Spizella pusilla,Field Sparrow,0.1054,D:/AcousticMonitoringData/ELDON6_Data/Week16\ELDON6_20250422_052700.wav,20250422
2034,2037,Sturnella magna,Eastern Meadowlark,0.0196,D:/AcousticMonitoringData/ELDON6_Data/Week16\ELDON6_20250422_052700.wav,20250422
2037,2040,Spizella pusilla,Field Sparrow,0.1155,D:/AcousticMonitoringData/ELDON6_Data/Week16\ELDON6_20250422_052700.wav,20250422
2040,2043,Spizella pusilla,Field Sparrow,0.0711,D:/AcousticMonitoringData/ELDON6_Data/Week16\ELDON6_20250422_052700.wav,20250422
2040,2043,Passerina caerulea,Blue Grosbeak,0.0155,D:/AcousticMonitoringData/ELDON6_Data/Week16\ELDON6_20250422_052700.wav,20250422
2040,2043,Sturnella magna,Eastern Meadowlark,0.0143,D:/AcousticMonitoringData/ELDON6_Data/Week16\ELDON6_20250422_052700.wav,20250422
2040,2043,Geothlypis trichas,Common Yellowthroat,0.0132,D:/AcousticMonitoringData/ELDON6_Data/Week16\ELDON6_20250422_052700.wav,20250422
2043,2046,Spizella pusilla,Field Sparrow,0.0638,D:/AcousticMonitoringData/ELDON6_Data/Week16\ELDON6_20250422_052700.wav,20250422
2043,2046,Passerina caerulea,Blue Grosbeak,0.0257,D:/AcousticMonitoringData/ELDON6_Data/Week16\ELDON6_20250422_052700.wav,20250422
2043,2046,Sturnella magna,Eastern Meadowlark,0.023,D:/AcousticMonitoringData/ELDON6_Data/Week16\ELDON6_20250422_052700.wav,20250422
2043,2046,Geothlypis trichas,Common Yellowthroat,0.0175,D:/AcousticMonitoringData/ELDON6_Data/Week16\ELDON6_20250422_052700.wav,20250422
2046,2049,Spizella pusilla,Field Sparrow,0.0359,D:/AcousticMonitoringData/ELDON6_Data/Week16\ELDON6_20250422_052700.wav,20250422
2046,2049,Geothlypis trichas,Common Yellowthroat,0.0237,D:/AcousticMonitoringData/ELDON6_Data/Week16\ELDON6_20250422_052700.wav,20250422
2046,2049,Passerina caerulea,Blue Grosbeak,0.0186,D:/AcousticMonitoringData/ELDON6_Data/Week16\ELDON6_20250422_052700.wav,20250422
2046,2049,Sturnella magna,Eastern Meadowlark,0.0154,D:/AcousticMonitoringData/ELDON6_Data/Week16\ELDON6_20250422_052700.wav,20250422
2049,2052,Spizella pusilla,Field Sparrow,0.0599,D:/AcousticMonitoringData/ELDON6_Data/Week16\ELDON6_20250422_052700.wav,20250422
2049,2052,Geothlypis trichas,Common Yellowthroat,0.0379,D:/AcousticMonitoringData/ELDON6_Data/Week16\ELDON6_20250422_052700.wav,20250422
2049,2052,Sturnella magna,Eastern Meadowlark,0.0257,D:/AcousticMonitoringData/ELDON6_Data/Week16\ELDON6_20250422_052700.wav,20250422
2049,2052,Passerina caerulea,Blue Grosbeak,0.0163,D:/AcousticMonitoringData/ELDON6_Data/Week16\ELDON6_20250422_052700.wav,20250422
2052,2055,Spizella pusilla,Field Sparrow,0.0691,D:/AcousticMonitoringData/ELDON6_Data/Week16\ELDON6_20250422_052700.wav,20250422
2052,2055,Sturnella magna,Eastern Meadowlark,0.0423,D:/AcousticMonitoringData/ELDON6_Data/Week16\ELDON6_20250422_052700.wav,20250422
2052,2055,Passerina caerulea,Blue Grosbeak,0.0119,D:/AcousticMonitoringData/ELDON6_Data/Week16\ELDON6_20250422_052700.wav,20250422
2055,2058,Spizella pusilla,Field Sparrow,0.1639,D:/AcousticMonitoringData/ELDON6_Data/Week16\ELDON6_20250422_052700.wav,20250422
2055,2058,Sturnella magna,Eastern Meadowlark,0.013,D:/AcousticMonitoringData/ELDON6_Data/Week16\ELDON6_20250422_052700.wav,20250422
2058,2061,Geothlypis trichas,Common Yellowthroat,0.1061,D:/AcousticMonitoringData/ELDON6_Data/Week16\ELDON6_20250422_052700.wav,20250422
2058,2061,Spizella pusilla,Field Sparrow,0.0509,D:/AcousticMonitoringData/ELDON6_Data/Week16\ELDON6_20250422_052700.wav,20250422
2058,2061,Sturnella magna,Eastern Meadowlark,0.0299,D:/AcousticMonitoringData/ELDON6_Data/Week16\ELDON6_20250422_052700.wav,20250422
2058,2061,Passerina caerulea,Blue Grosbeak,0.0138,D:/AcousticMonitoringData/ELDON6_Data/Week16\ELDON6_20250422_052700.wav,20250422
2061,2064,Geothlypis trichas,Common Yellowthroat,0.0407,D:/AcousticMonitoringData/ELDON6_Data/Week16\ELDON6_20250422_052700.wav,20250422
2061,2064,Spizella pusilla,Field Sparrow,0.0227,D:/AcousticMonitoringData/ELDON6_Data/Week16\ELDON6_20250422_052700.wav,20250422
2061,2064,Sturnella magna,Eastern Meadowlark,0.0116,D:/AcousticMonitoringData/ELDON6_Data/Week16\ELDON6_20250422_052700.wav,20250422
2064,2067,Spizella pusilla,Field Sparrow,0.0287,D:/AcousticMonitoringData/ELDON6_Data/Week16\ELDON6_20250422_052700.wav,20250422
2064,2067,Geothlypis trichas,Common Yellowthroat,0.0248,D:/AcousticMonitoringData/ELDON6_Data/Week16\ELDON6_20250422_052700.wav,20250422
2067,2070,Spizella pusilla,Field Sparrow,0.084,D:/AcousticMonitoringData/ELDON6_Data/Week16\ELDON6_20250422_052700.wav,20250422
2070,2073,Spizella pusilla,Field Sparrow,0.1559,D:/AcousticMonitoringData/ELDON6_Data/Week16\ELDON6_20250422_052700.wav,20250422
2070,2073,Geothlypis trichas,Common Yellowthroat,0.0155,D:/AcousticMonitoringData/ELDON6_Data/Week16\ELDON6_20250422_052700.wav,20250422
2073,2076,Geothlypis trichas,Common Yellowthroat,0.1074,D:/AcousticMonitoringData/ELDON6_Data/Week16\ELDON6_20250422_052700.wav,20250422
2073,2076,Spizella pusilla,Field Sparrow,0.0399,D:/AcousticMonitoringData/ELDON6_Data/Week16\ELDON6_20250422_052700.wav,20250422
2073,2076,Sturnella magna,Eastern Meadowlark,0.0122,D:/AcousticMonitoringData/ELDON6_Data/Week16\ELDON6_20250422_052700.wav,20250422
2076,2079,Spizella pusilla,Field Sparrow,0.0725,D:/AcousticMonitoringData/ELDON6_Data/Week16\ELDON6_20250422_052700.wav,20250422
2076,2079,Sturnella magna,Eastern Meadowlark,0.0376,D:/AcousticMonitoringData/ELDON6_Data/Week16\ELDON6_20250422_052700.wav,20250422
2076,2079,Geothlypis trichas,Common Yellowthroat,0.0128,D:/AcousticMonitoringData/ELDON6_Data/Week16\ELDON6_20250422_052700.wav,20250422
2079,2082,Spizella pusilla,Field Sparrow,0.1521,D:/AcousticMonitoringData/ELDON6_Data/Week16\ELDON6_20250422_052700.wav,20250422
2079,2082,Geothlypis trichas,Common Yellowthroat,0.0134,D:/AcousticMonitoringData/ELDON6_Data/Week16\ELDON6_20250422_052700.wav,20250422
2079,2082,Sturnella magna,Eastern Meadowlark,0.01,D:/AcousticMonitoringData/ELDON6_Data/Week16\ELDON6_20250422_052700.wav,20250422
2082,2085,Spizella pusilla,Field Sparrow,0.1179,D:/AcousticMonitoringData/ELDON6_Data/Week16\ELDON6_20250422_052700.wav,20250422
2082,2085,Sturnella magna,Eastern Meadowlark,0.0167,D:/AcousticMonitoringData/ELDON6_Data/Week16\ELDON6_20250422_052700.wav,20250422
2085,2088,Spizella pusilla,Field Sparrow,0.0358,D:/AcousticMonitoringData/ELDON6_Data/Week16\ELDON6_20250422_052700.wav,20250422
2085,2088,Geothlypis trichas,Common Yellowthroat,0.0206,D:/AcousticMonitoringData/ELDON6_Data/Week16\ELDON6_20250422_052700.wav,20250422
2088,2091,Spizella pusilla,Field Sparrow,0.0997,D:/AcousticMonitoringData/ELDON6_Data/Week16\ELDON6_20250422_052700.wav,20250422
2088,2091,Geothlypis trichas,Common Yellowthroat,0.0265,D:/AcousticMonitoringData/ELDON6_Data/Week16\ELDON6_20250422_052700.wav,20250422
2088,2091,Sturnella magna,Eastern Meadowlark,0.0106,D:/AcousticMonitoringData/ELDON6_Data/Week16\ELDON6_20250422_052700.wav,20250422
2091,2094,Spizella pusilla,Field Sparrow,0.1811,D:/AcousticMonitoringData/ELDON6_Data/Week16\ELDON6_20250422_052700.wav,20250422
2094,2097,Spizella pusilla,Field Sparrow,0.1616,D:/AcousticMonitoringData/ELDON6_Data/Week16\ELDON6_20250422_052700.wav,20250422
2094,2097,Sturnella magna,Eastern Meadowlark,0.0481,D:/AcousticMonitoringData/ELDON6_Data/Week16\ELDON6_20250422_052700.wav,20250422
2097,2100,Geothlypis trichas,Common Yellowthroat,0.1892,D:/AcousticMonitoringData/ELDON6_Data/Week16\ELDON6_20250422_052700.wav,20250422
2097,2100,Spizella pusilla,Field Sparrow,0.0477,D:/AcousticMonitoringData/ELDON6_Data/Week16\ELDON6_20250422_052700.wav,20250422
2097,2100,Sturnella magna,Eastern Meadowlark,0.0166,D:/AcousticMonitoringData/ELDON6_Data/Week16\ELDON6_20250422_052700.wav,20250422
2097,2100,Passerina caerulea,Blue Grosbeak,0.0135,D:/AcousticMonitoringData/ELDON6_Data/Week16\ELDON6_20250422_052700.wav,20250422
2100,2103,Spizella pusilla,Field Sparrow,0.0346,D:/AcousticMonitoringData/ELDON6_Data/Week16\ELDON6_20250422_052700.wav,20250422
2100,2103,Geothlypis trichas,Common Yellowthroat,0.0176,D:/AcousticMonitoringData/ELDON6_Data/Week16\ELDON6_20250422_052700.wav,20250422
2103,2106,Geothlypis trichas,Common Yellowthroat,0.0157,D:/AcousticMonitoringData/ELDON6_Data/Week16\ELDON6_20250422_052700.wav,20250422
2103,2106,Passerina caerulea,Blue Grosbeak,0.0109,D:/AcousticMonitoringData/ELDON6_Data/Week16\ELDON6_20250422_052700.wav,20250422
2106,2109,Spizella pusilla,Field Sparrow,0.3337,D:/AcousticMonitoringData/ELDON6_Data/Week16\ELDON6_20250422_052700.wav,20250422
2106,2109,Sturnella magna,Eastern Meadowlark,0.0185,D:/AcousticMonitoringData/ELDON6_Data/Week16\ELDON6_20250422_052700.wav,20250422
2109,2112,Spizella pusilla,Field Sparrow,0.0712,D:/AcousticMonitoringData/ELDON6_Data/Week16\ELDON6_20250422_052700.wav,20250422
2109,2112,Geothlypis trichas,Common Yellowthroat,0.0528,D:/AcousticMonitoringData/ELDON6_Data/Week16\ELDON6_20250422_052700.wav,20250422
2109,2112,Sturnella magna,Eastern Meadowlark,0.0141,D:/AcousticMonitoringData/ELDON6_Data/Week16\ELDON6_20250422_052700.wav,20250422
2112,2115,Spizella pusilla,Field Sparrow,0.038,D:/AcousticMonitoringData/ELDON6_Data/Week16\ELDON6_20250422_052700.wav,20250422
2115,2118,Spizella pusilla,Field Sparrow,0.0387,D:/AcousticMonitoringData/ELDON6_Data/Week16\ELDON6_20250422_052700.wav,20250422
2115,2118,Sturnella magna,Eastern Meadowlark,0.0124,D:/AcousticMonitoringData/ELDON6_Data/Week16\ELDON6_20250422_052700.wav,20250422
2115,2118,Geothlypis trichas,Common Yellowthroat,0.0109,D:/AcousticMonitoringData/ELDON6_Data/Week16\ELDON6_20250422_052700.wav,20250422
2118,2121,Spizella pusilla,Field Sparrow,0.1751,D:/AcousticMonitoringData/ELDON6_Data/Week16\ELDON6_20250422_052700.wav,20250422
2121,2124,Spizella pusilla,Field Sparrow,0.0963,D:/AcousticMonitoringData/ELDON6_Data/Week16\ELDON6_20250422_052700.wav,20250422
2124,2127,Spizella pusilla,Field Sparrow,0.0375,D:/AcousticMonitoringData/ELDON6_Data/Week16\ELDON6_20250422_052700.wav,20250422
2127,2130,Geothlypis trichas,Common Yellowthroat,0.0831,D:/AcousticMonitoringData/ELDON6_Data/Week16\ELDON6_20250422_052700.wav,20250422
2127,2130,Spizella pusilla,Field Sparrow,0.0449,D:/AcousticMonitoringData/ELDON6_Data/Week16\ELDON6_20250422_052700.wav,20250422
2127,2130,Sturnella magna,Eastern Meadowlark,0.0386,D:/AcousticMonitoringData/ELDON6_Data/Week16\ELDON6_20250422_052700.wav,20250422
2127,2130,Passerina caerulea,Blue Grosbeak,0.0188,D:/AcousticMonitoringData/ELDON6_Data/Week16\ELDON6_20250422_052700.wav,20250422
2130,2133,Spizella pusilla,Field Sparrow,0.0479,D:/AcousticMonitoringData/ELDON6_Data/Week16\ELDON6_20250422_052700.wav,20250422
2130,2133,Geothlypis trichas,Common Yellowthroat,0.0135,D:/AcousticMonitoringData/ELDON6_Data/Week16\ELDON6_20250422_052700.wav,20250422
2133,2136,Geothlypis trichas,Common Yellowthroat,0.0293,D:/AcousticMonitoringData/ELDON6_Data/Week16\ELDON6_20250422_052700.wav,20250422
2133,2136,Spizella pusilla,Field Sparrow,0.0293,D:/AcousticMonitoringData/ELDON6_Data/Week16\ELDON6_20250422_052700.wav,20250422
2133,2136,Sturnella magna,Eastern Meadowlark,0.0103,D:/AcousticMonitoringData/ELDON6_Data/Week16\ELDON6_20250422_052700.wav,20250422
2136,2139,Spizella pusilla,Field Sparrow,0.09,D:/AcousticMonitoringData/ELDON6_Data/Week16\ELDON6_20250422_052700.wav,20250422
2136,2139,Geothlypis trichas,Common Yellowthroat,0.0254,D:/AcousticMonitoringData/ELDON6_Data/Week16\ELDON6_20250422_052700.wav,20250422
2136,2139,Sturnella magna,Eastern Meadowlark,0.0253,D:/AcousticMonitoringData/ELDON6_Data/Week16\ELDON6_20250422_052700.wav,20250422
2136,2139,Passerina caerulea,Blue Grosbeak,0.0216,D:/AcousticMonitoringData/ELDON6_Data/Week16\ELDON6_20250422_052700.wav,20250422
2139,2142,Spizella pusilla,Field Sparrow,0.2328,D:/AcousticMonitoringData/ELDON6_Data/Week16\ELDON6_20250422_052700.wav,20250422
2139,2142,Geothlypis trichas,Common Yellowthroat,0.0188,D:/AcousticMonitoringData/ELDON6_Data/Week16\ELDON6_20250422_052700.wav,20250422
2142,2145,Spizella pusilla,Field Sparrow,0.1943,D:/AcousticMonitoringData/ELDON6_Data/Week16\ELDON6_20250422_052700.wav,20250422
2142,2145,Sturnella magna,Eastern Meadowlark,0.0365,D:/AcousticMonitoringData/ELDON6_Data/Week16\ELDON6_20250422_052700.wav,20250422
2142,2145,Passerina caerulea,Blue Grosbeak,0.0125,D:/AcousticMonitoringData/ELDON6_Data/Week16\ELDON6_20250422_052700.wav,20250422
2145,2148,Spizella pusilla,Field Sparrow,0.042,D:/AcousticMonitoringData/ELDON6_Data/Week16\ELDON6_20250422_052700.wav,20250422
2145,2148,Sturnella magna,Eastern Meadowlark,0.0202,D:/AcousticMonitoringData/ELDON6_Data/Week16\ELDON6_20250422_052700.wav,20250422
2145,2148,Geothlypis trichas,Common Yellowthroat,0.0145,D:/AcousticMonitoringData/ELDON6_Data/Week16\ELDON6_20250422_052700.wav,20250422
2148,2151,Spizella pusilla,Field Sparrow,0.0634,D:/AcousticMonitoringData/ELDON6_Data/Week16\ELDON6_20250422_052700.wav,20250422
2148,2151,Sturnella magna,Eastern Meadowlark,0.023,D:/AcousticMonitoringData/ELDON6_Data/Week16\ELDON6_20250422_052700.wav,20250422
2148,2151,Geothlypis trichas,Common Yellowthroat,0.0131,D:/AcousticMonitoringData/ELDON6_Data/Week16\ELDON6_20250422_052700.wav,20250422
2148,2151,Passerina caerulea,Blue Grosbeak,0.0101,D:/AcousticMonitoringData/ELDON6_Data/Week16\ELDON6_20250422_052700.wav,20250422
2151,2154,Spizella pusilla,Field Sparrow,0.0568,D:/AcousticMonitoringData/ELDON6_Data/Week16\ELDON6_20250422_052700.wav,20250422
2151,2154,Sturnella magna,Eastern Meadowlark,0.0197,D:/AcousticMonitoringData/ELDON6_Data/Week16\ELDON6_20250422_052700.wav,20250422
2151,2154,Passerina caerulea,Blue Grosbeak,0.0101,D:/AcousticMonitoringData/ELDON6_Data/Week16\ELDON6_20250422_052700.wav,20250422
2154,2157,Spizella pusilla,Field Sparrow,0.1167,D:/AcousticMonitoringData/ELDON6_Data/Week16\ELDON6_20250422_052700.wav,20250422
2154,2157,Sturnella magna,Eastern Meadowlark,0.0689,D:/AcousticMonitoringData/ELDON6_Data/Week16\ELDON6_20250422_052700.wav,20250422
2154,2157,Passerina caerulea,Blue Grosbeak,0.012,D:/AcousticMonitoringData/ELDON6_Data/Week16\ELDON6_20250422_052700.wav,20250422
2157,2160,Spizella pusilla,Field Sparrow,0.1159,D:/AcousticMonitoringData/ELDON6_Data/Week16\ELDON6_20250422_052700.wav,20250422
2157,2160,Geothlypis trichas,Common Yellowthroat,0.0276,D:/AcousticMonitoringData/ELDON6_Data/Week16\ELDON6_20250422_052700.wav,20250422
2160,2163,Spizella pusilla,Field Sparrow,0.0379,D:/AcousticMonitoringData/ELDON6_Data/Week16\ELDON6_20250422_052700.wav,20250422
2160,2163,Sturnella magna,Eastern Meadowlark,0.0185,D:/AcousticMonitoringData/ELDON6_Data/Week16\ELDON6_20250422_052700.wav,20250422
2160,2163,Geothlypis trichas,Common Yellowthroat,0.0114,D:/AcousticMonitoringData/ELDON6_Data/Week16\ELDON6_20250422_052700.wav,20250422
2163,2166,Spizella pusilla,Field Sparrow,0.0548,D:/AcousticMonitoringData/ELDON6_Data/Week16\ELDON6_20250422_052700.wav,20250422
2163,2166,Sturnella magna,Eastern Meadowlark,0.0181,D:/AcousticMonitoringData/ELDON6_Data/Week16\ELDON6_20250422_052700.wav,20250422
2163,2166,Passerina caerulea,Blue Grosbeak,0.0161,D:/AcousticMonitoringData/ELDON6_Data/Week16\ELDON6_20250422_052700.wav,20250422
2166,2169,Spizella pusilla,Field Sparrow,0.1573,D:/AcousticMonitoringData/ELDON6_Data/Week16\ELDON6_20250422_052700.wav,20250422
2166,2169,Sturnella magna,Eastern Meadowlark,0.0147,D:/AcousticMonitoringData/ELDON6_Data/Week16\ELDON6_20250422_052700.wav,20250422
2166,2169,Geothlypis trichas,Common Yellowthroat,0.0126,D:/AcousticMonitoringData/ELDON6_Data/Week16\ELDON6_20250422_052700.wav,20250422
2169,2172,Spizella pusilla,Field Sparrow,0.0268,D:/AcousticMonitoringData/ELDON6_Data/Week16\ELDON6_20250422_052700.wav,20250422
2169,2172,Sturnella magna,Eastern Meadowlark,0.0205,D:/AcousticMonitoringData/ELDON6_Data/Week16\ELDON6_20250422_052700.wav,20250422
2169,2172,Passerina caerulea,Blue Grosbeak,0.0134,D:/AcousticMonitoringData/ELDON6_Data/Week16\ELDON6_20250422_052700.wav,20250422
2172,2175,Spizella pusilla,Field Sparrow,0.53,D:/AcousticMonitoringData/ELDON6_Data/Week16\ELDON6_20250422_052700.wav,20250422
2175,2178,Spizella pusilla,Field Sparrow,0.3912,D:/AcousticMonitoringData/ELDON6_Data/Week16\ELDON6_20250422_052700.wav,20250422
2178,2181,Spizella pusilla,Field Sparrow,0.0252,D:/AcousticMonitoringData/ELDON6_Data/Week16\ELDON6_20250422_052700.wav,20250422
2178,2181,Sturnella magna,Eastern Meadowlark,0.0172,D:/AcousticMonitoringData/ELDON6_Data/Week16\ELDON6_20250422_052700.wav,20250422
2178,2181,Geothlypis trichas,Common Yellowthroat,0.0162,D:/AcousticMonitoringData/ELDON6_Data/Week16\ELDON6_20250422_052700.wav,20250422
2178,2181,Passerina caerulea,Blue Grosbeak,0.015,D:/AcousticMonitoringData/ELDON6_Data/Week16\ELDON6_20250422_052700.wav,20250422
2181,2184,Spizella pusilla,Field Sparrow,0.094,D:/AcousticMonitoringData/ELDON6_Data/Week16\ELDON6_20250422_052700.wav,20250422
2181,2184,Sturnella magna,Eastern Meadowlark,0.0194,D:/AcousticMonitoringData/ELDON6_Data/Week16\ELDON6_20250422_052700.wav,20250422
2181,2184,Passerina caerulea,Blue Grosbeak,0.0132,D:/AcousticMonitoringData/ELDON6_Data/Week16\ELDON6_20250422_052700.wav,20250422
2184,2187,Spizella pusilla,Field Sparrow,0.0741,D:/AcousticMonitoringData/ELDON6_Data/Week16\ELDON6_20250422_052700.wav,20250422
2184,2187,Sturnella magna,Eastern Meadowlark,0.0156,D:/AcousticMonitoringData/ELDON6_Data/Week16\ELDON6_20250422_052700.wav,20250422
2184,2187,Passerina caerulea,Blue Grosbeak,0.0119,D:/AcousticMonitoringData/ELDON6_Data/Week16\ELDON6_20250422_052700.wav,20250422
2187,2190,Spizella pusilla,Field Sparrow,0.0696,D:/AcousticMonitoringData/ELDON6_Data/Week16\ELDON6_20250422_052700.wav,20250422
2187,2190,Sturnella magna,Eastern Meadowlark,0.0168,D:/AcousticMonitoringData/ELDON6_Data/Week16\ELDON6_20250422_052700.wav,20250422
2187,2190,Geothlypis trichas,Common Yellowthroat,0.0103,D:/AcousticMonitoringData/ELDON6_Data/Week16\ELDON6_20250422_052700.wav,20250422
2190,2193,Spizella pusilla,Field Sparrow,0.0244,D:/AcousticMonitoringData/ELDON6_Data/Week16\ELDON6_20250422_052700.wav,20250422
2196,2199,Spizella pusilla,Field Sparrow,0.153,D:/AcousticMonitoringData/ELDON6_Data/Week16\ELDON6_20250422_052700.wav,20250422
2199,2202,Spizella pusilla,Field Sparrow,0.1192,D:/AcousticMonitoringData/ELDON6_Data/Week16\ELDON6_20250422_052700.wav,20250422
2208,2211,Spizella pusilla,Field Sparrow,0.0368,D:/AcousticMonitoringData/ELDON6_Data/Week16\ELDON6_20250422_052700.wav,20250422
2208,2211,Sturnella magna,Eastern Meadowlark,0.011,D:/AcousticMonitoringData/ELDON6_Data/Week16\ELDON6_20250422_052700.wav,20250422
2211,2214,Spizella pusilla,Field Sparrow,0.0328,D:/AcousticMonitoringData/ELDON6_Data/Week16\ELDON6_20250422_052700.wav,20250422
2211,2214,Sturnella magna,Eastern Meadowlark,0.0226,D:/AcousticMonitoringData/ELDON6_Data/Week16\ELDON6_20250422_052700.wav,20250422
2214,2217,Spizella pusilla,Field Sparrow,0.0669,D:/AcousticMonitoringData/ELDON6_Data/Week16\ELDON6_20250422_052700.wav,20250422
2214,2217,Sturnella magna,Eastern Meadowlark,0.0293,D:/AcousticMonitoringData/ELDON6_Data/Week16\ELDON6_20250422_052700.wav,20250422
2214,2217,Passerina caerulea,Blue Grosbeak,0.0225,D:/AcousticMonitoringData/ELDON6_Data/Week16\ELDON6_20250422_052700.wav,20250422
2214,2217,Geothlypis trichas,Common Yellowthroat,0.0145,D:/AcousticMonitoringData/ELDON6_Data/Week16\ELDON6_20250422_052700.wav,20250422
2217,2220,Geothlypis trichas,Common Yellowthroat,0.0726,D:/AcousticMonitoringData/ELDON6_Data/Week16\ELDON6_20250422_052700.wav,20250422
2217,2220,Spizella pusilla,Field Sparrow,0.0251,D:/AcousticMonitoringData/ELDON6_Data/Week16\ELDON6_20250422_052700.wav,20250422
2217,2220,Passerina caerulea,Blue Grosbeak,0.0114,D:/AcousticMonitoringData/ELDON6_Data/Week16\ELDON6_20250422_052700.wav,20250422
2217,2220,Sturnella magna,Eastern Meadowlark,0.0102,D:/AcousticMonitoringData/ELDON6_Data/Week16\ELDON6_20250422_052700.wav,20250422
2220,2223,Spizella pusilla,Field Sparrow,0.0966,D:/AcousticMonitoringData/ELDON6_Data/Week16\ELDON6_20250422_052700.wav,20250422
2220,2223,Sturnella magna,Eastern Meadowlark,0.0131,D:/AcousticMonitoringData/ELDON6_Data/Week16\ELDON6_20250422_052700.wav,20250422
2220,2223,Passerina caerulea,Blue Grosbeak,0.0122,D:/AcousticMonitoringData/ELDON6_Data/Week16\ELDON6_20250422_052700.wav,20250422
2223,2226,Spizella pusilla,Field Sparrow,0.1213,D:/AcousticMonitoringData/ELDON6_Data/Week16\ELDON6_20250422_052700.wav,20250422
2223,2226,Sturnella magna,Eastern Meadowlark,0.0189,D:/AcousticMonitoringData/ELDON6_Data/Week16\ELDON6_20250422_052700.wav,20250422
2226,2229,Spizella pusilla,Field Sparrow,0.0176,D:/AcousticMonitoringData/ELDON6_Data/Week16\ELDON6_20250422_052700.wav,20250422
2226,2229,Geothlypis trichas,Common Yellowthroat,0.0111,D:/AcousticMonitoringData/ELDON6_Data/Week16\ELDON6_20250422_052700.wav,20250422
2229,2232,Spizella pusilla,Field Sparrow,0.0482,D:/AcousticMonitoringData/ELDON6_Data/Week16\ELDON6_20250422_052700.wav,20250422
2229,2232,Geothlypis trichas,Common Yellowthroat,0.0107,D:/AcousticMonitoringData/ELDON6_Data/Week16\ELDON6_20250422_052700.wav,20250422
2232,2235,Spizella pusilla,Field Sparrow,0.0229,D:/AcousticMonitoringData/ELDON6_Data/Week16\ELDON6_20250422_052700.wav,20250422
2232,2235,Geothlypis trichas,Common Yellowthroat,0.0221,D:/AcousticMonitoringData/ELDON6_Data/Week16\ELDON6_20250422_052700.wav,20250422
2232,2235,Sturnella magna,Eastern Meadowlark,0.0112,D:/AcousticMonitoringData/ELDON6_Data/Week16\ELDON6_20250422_052700.wav,20250422
2235,2238,Spizella pusilla,Field Sparrow,0.0229,D:/AcousticMonitoringData/ELDON6_Data/Week16\ELDON6_20250422_052700.wav,20250422
2235,2238,Geothlypis trichas,Common Yellowthroat,0.0133,D:/AcousticMonitoringData/ELDON6_Data/Week16\ELDON6_20250422_052700.wav,20250422
2235,2238,Sturnella magna,Eastern Meadowlark,0.0101,D:/AcousticMonitoringData/ELDON6_Data/Week16\ELDON6_20250422_052700.wav,20250422
2238,2241,Spizella pusilla,Field Sparrow,0.0218,D:/AcousticMonitoringData/ELDON6_Data/Week16\ELDON6_20250422_052700.wav,20250422
2241,2244,Spizella pusilla,Field Sparrow,0.1518,D:/AcousticMonitoringData/ELDON6_Data/Week16\ELDON6_20250422_052700.wav,20250422
2241,2244,Geothlypis trichas,Common Yellowthroat,0.0322,D:/AcousticMonitoringData/ELDON6_Data/Week16\ELDON6_20250422_052700.wav,20250422
2241,2244,Passerina caerulea,Blue Grosbeak,0.0151,D:/AcousticMonitoringData/ELDON6_Data/Week16\ELDON6_20250422_052700.wav,20250422
2241,2244,Sturnella magna,Eastern Meadowlark,0.0115,D:/AcousticMonitoringData/ELDON6_Data/Week16\ELDON6_20250422_052700.wav,20250422
2244,2247,Spizella pusilla,Field Sparrow,0.0693,D:/AcousticMonitoringData/ELDON6_Data/Week16\ELDON6_20250422_052700.wav,20250422
2244,2247,Geothlypis trichas,Common Yellowthroat,0.0434,D:/AcousticMonitoringData/ELDON6_Data/Week16\ELDON6_20250422_052700.wav,20250422
2244,2247,Sturnella magna,Eastern Meadowlark,0.0207,D:/AcousticMonitoringData/ELDON6_Data/Week16\ELDON6_20250422_052700.wav,20250422
2247,2250,Spizella pusilla,Field Sparrow,0.0579,D:/AcousticMonitoringData/ELDON6_Data/Week16\ELDON6_20250422_052700.wav,20250422
2247,2250,Sturnella magna,Eastern Meadowlark,0.0195,D:/AcousticMonitoringData/ELDON6_Data/Week16\ELDON6_20250422_052700.wav,20250422
2247,2250,Passerina caerulea,Blue Grosbeak,0.0112,D:/AcousticMonitoringData/ELDON6_Data/Week16\ELDON6_20250422_052700.wav,20250422
2250,2253,Spizella pusilla,Field Sparrow,0.1368,D:/AcousticMonitoringData/ELDON6_Data/Week16\ELDON6_20250422_052700.wav,20250422
2250,2253,Sturnella magna,Eastern Meadowlark,0.025,D:/AcousticMonitoringData/ELDON6_Data/Week16\ELDON6_20250422_052700.wav,20250422
2253,2256,Spizella pusilla,Field Sparrow,0.0892,D:/AcousticMonitoringData/ELDON6_Data/Week16\ELDON6_20250422_052700.wav,20250422
2253,2256,Sturnella magna,Eastern Meadowlark,0.0179,D:/AcousticMonitoringData/ELDON6_Data/Week16\ELDON6_20250422_052700.wav,20250422
2256,2259,Spizella pusilla,Field Sparrow,0.1392,D:/AcousticMonitoringData/ELDON6_Data/Week16\ELDON6_20250422_052700.wav,20250422
2256,2259,Sturnella magna,Eastern Meadowlark,0.0405,D:/AcousticMonitoringData/ELDON6_Data/Week16\ELDON6_20250422_052700.wav,20250422
2256,2259,Passerina caerulea,Blue Grosbeak,0.0137,D:/AcousticMonitoringData/ELDON6_Data/Week16\ELDON6_20250422_052700.wav,20250422
2259,2262,Spizella pusilla,Field Sparrow,0.0432,D:/AcousticMonitoringData/ELDON6_Data/Week16\ELDON6_20250422_052700.wav,20250422
2259,2262,Geothlypis trichas,Common Yellowthroat,0.0196,D:/AcousticMonitoringData/ELDON6_Data/Week16\ELDON6_20250422_052700.wav,20250422
2259,2262,Sturnella magna,Eastern Meadowlark,0.0109,D:/AcousticMonitoringData/ELDON6_Data/Week16\ELDON6_20250422_052700.wav,20250422
2262,2265,Spizella pusilla,Field Sparrow,0.1085,D:/AcousticMonitoringData/ELDON6_Data/Week16\ELDON6_20250422_052700.wav,20250422
2262,2265,Sturnella magna,Eastern Meadowlark,0.0295,D:/AcousticMonitoringData/ELDON6_Data/Week16\ELDON6_20250422_052700.wav,20250422
2262,2265,Geothlypis trichas,Common Yellowthroat,0.0176,D:/AcousticMonitoringData/ELDON6_Data/Week16\ELDON6_20250422_052700.wav,20250422
2262,2265,Passerina caerulea,Blue Grosbeak,0.0169,D:/AcousticMonitoringData/ELDON6_Data/Week16\ELDON6_20250422_052700.wav,20250422
2265,2268,Spizella pusilla,Field Sparrow,0.091,D:/AcousticMonitoringData/ELDON6_Data/Week16\ELDON6_20250422_052700.wav,20250422
2265,2268,Sturnella magna,Eastern Meadowlark,0.015,D:/AcousticMonitoringData/ELDON6_Data/Week16\ELDON6_20250422_052700.wav,20250422
2268,2271,Spizella pusilla,Field Sparrow,0.0858,D:/AcousticMonitoringData/ELDON6_Data/Week16\ELDON6_20250422_052700.wav,20250422
2268,2271,Passerina caerulea,Blue Grosbeak,0.0141,D:/AcousticMonitoringData/ELDON6_Data/Week16\ELDON6_20250422_052700.wav,20250422
2268,2271,Geothlypis trichas,Common Yellowthroat,0.011,D:/AcousticMonitoringData/ELDON6_Data/Week16\ELDON6_20250422_052700.wav,20250422
2268,2271,Sturnella magna,Eastern Meadowlark,0.0102,D:/AcousticMonitoringData/ELDON6_Data/Week16\ELDON6_20250422_052700.wav,20250422
2271,2274,Spizella pusilla,Field Sparrow,0.0644,D:/AcousticMonitoringData/ELDON6_Data/Week16\ELDON6_20250422_052700.wav,20250422
2271,2274,Sturnella magna,Eastern Meadowlark,0.0193,D:/AcousticMonitoringData/ELDON6_Data/Week16\ELDON6_20250422_052700.wav,20250422
2274,2277,Spizella pusilla,Field Sparrow,0.052,D:/AcousticMonitoringData/ELDON6_Data/Week16\ELDON6_20250422_052700.wav,20250422
2274,2277,Sturnella magna,Eastern Meadowlark,0.0192,D:/AcousticMonitoringData/ELDON6_Data/Week16\ELDON6_20250422_052700.wav,20250422
2274,2277,Passerina caerulea,Blue Grosbeak,0.0171,D:/AcousticMonitoringData/ELDON6_Data/Week16\ELDON6_20250422_052700.wav,20250422
2274,2277,Geothlypis trichas,Common Yellowthroat,0.0124,D:/AcousticMonitoringData/ELDON6_Data/Week16\ELDON6_20250422_052700.wav,20250422
2277,2280,Spizella pusilla,Field Sparrow,0.042,D:/AcousticMonitoringData/ELDON6_Data/Week16\ELDON6_20250422_052700.wav,20250422
2277,2280,Sturnella magna,Eastern Meadowlark,0.0121,D:/AcousticMonitoringData/ELDON6_Data/Week16\ELDON6_20250422_052700.wav,20250422
2280,2283,Geothlypis trichas,Common Yellowthroat,0.0492,D:/AcousticMonitoringData/ELDON6_Data/Week16\ELDON6_20250422_052700.wav,20250422
2280,2283,Spizella pusilla,Field Sparrow,0.0461,D:/AcousticMonitoringData/ELDON6_Data/Week16\ELDON6_20250422_052700.wav,20250422
2280,2283,Sturnella magna,Eastern Meadowlark,0.019,D:/AcousticMonitoringData/ELDON6_Data/Week16\ELDON6_20250422_052700.wav,20250422
2283,2286,Spizella pusilla,Field Sparrow,0.0496,D:/AcousticMonitoringData/ELDON6_Data/Week16\ELDON6_20250422_052700.wav,20250422
2283,2286,Passerina caerulea,Blue Grosbeak,0.0126,D:/AcousticMonitoringData/ELDON6_Data/Week16\ELDON6_20250422_052700.wav,20250422
2283,2286,Geothlypis trichas,Common Yellowthroat,0.0117,D:/AcousticMonitoringData/ELDON6_Data/Week16\ELDON6_20250422_052700.wav,20250422
2286,2289,Spizella pusilla,Field Sparrow,0.0374,D:/AcousticMonitoringData/ELDON6_Data/Week16\ELDON6_20250422_052700.wav,20250422
2286,2289,Sturnella magna,Eastern Meadowlark,0.0248,D:/AcousticMonitoringData/ELDON6_Data/Week16\ELDON6_20250422_052700.wav,20250422
2286,2289,Geothlypis trichas,Common Yellowthroat,0.0111,D:/AcousticMonitoringData/ELDON6_Data/Week16\ELDON6_20250422_052700.wav,20250422
2289,2292,Spizella pusilla,Field Sparrow,0.0242,D:/AcousticMonitoringData/ELDON6_Data/Week16\ELDON6_20250422_052700.wav,20250422
2289,2292,Sturnella magna,Eastern Meadowlark,0.0151,D:/AcousticMonitoringData/ELDON6_Data/Week16\ELDON6_20250422_052700.wav,20250422
2292,2295,Spizella pusilla,Field Sparrow,0.0611,D:/AcousticMonitoringData/ELDON6_Data/Week16\ELDON6_20250422_052700.wav,20250422
2292,2295,Sturnella magna,Eastern Meadowlark,0.0178,D:/AcousticMonitoringData/ELDON6_Data/Week16\ELDON6_20250422_052700.wav,20250422
2292,2295,Passerina caerulea,Blue Grosbeak,0.0147,D:/AcousticMonitoringData/ELDON6_Data/Week16\ELDON6_20250422_052700.wav,20250422
2292,2295,Geothlypis trichas,Common Yellowthroat,0.0115,D:/AcousticMonitoringData/ELDON6_Data/Week16\ELDON6_20250422_052700.wav,20250422
2295,2298,Spizella pusilla,Field Sparrow,0.0451,D:/AcousticMonitoringData/ELDON6_Data/Week16\ELDON6_20250422_052700.wav,20250422
2295,2298,Sturnella magna,Eastern Meadowlark,0.0254,D:/AcousticMonitoringData/ELDON6_Data/Week16\ELDON6_20250422_052700.wav,20250422
2295,2298,Passerina caerulea,Blue Grosbeak,0.0227,D:/AcousticMonitoringData/ELDON6_Data/Week16\ELDON6_20250422_052700.wav,20250422
2298,2301,Spizella pusilla,Field Sparrow,0.0439,D:/AcousticMonitoringData/ELDON6_Data/Week16\ELDON6_20250422_052700.wav,20250422
2298,2301,Geothlypis trichas,Common Yellowthroat,0.0193,D:/AcousticMonitoringData/ELDON6_Data/Week16\ELDON6_20250422_052700.wav,20250422
2298,2301,Sturnella magna,Eastern Meadowlark,0.0125,D:/AcousticMonitoringData/ELDON6_Data/Week16\ELDON6_20250422_052700.wav,20250422
2301,2304,Spizella pusilla,Field Sparrow,0.1306,D:/AcousticMonitoringData/ELDON6_Data/Week16\ELDON6_20250422_052700.wav,20250422
2301,2304,Sturnella magna,Eastern Meadowlark,0.0149,D:/AcousticMonitoringData/ELDON6_Data/Week16\ELDON6_20250422_052700.wav,20250422
2301,2304,Geothlypis trichas,Common Yellowthroat,0.0138,D:/AcousticMonitoringData/ELDON6_Data/Week16\ELDON6_20250422_052700.wav,20250422
2304,2307,Spizella pusilla,Field Sparrow,0.093,D:/AcousticMonitoringData/ELDON6_Data/Week16\ELDON6_20250422_052700.wav,20250422
2304,2307,Sturnella magna,Eastern Meadowlark,0.0134,D:/AcousticMonitoringData/ELDON6_Data/Week16\ELDON6_20250422_052700.wav,20250422
2307,2310,Spizella pusilla,Field Sparrow,0.1015,D:/AcousticMonitoringData/ELDON6_Data/Week16\ELDON6_20250422_052700.wav,20250422
2310,2313,Spizella pusilla,Field Sparrow,0.125,D:/AcousticMonitoringData/ELDON6_Data/Week16\ELDON6_20250422_052700.wav,20250422
2310,2313,Sturnella magna,Eastern Meadowlark,0.0222,D:/AcousticMonitoringData/ELDON6_Data/Week16\ELDON6_20250422_052700.wav,20250422
2313,2316,Spizella pusilla,Field Sparrow,0.2391,D:/AcousticMonitoringData/ELDON6_Data/Week16\ELDON6_20250422_052700.wav,20250422
2313,2316,Passerina caerulea,Blue Grosbeak,0.0165,D:/AcousticMonitoringData/ELDON6_Data/Week16\ELDON6_20250422_052700.wav,20250422
2313,2316,Sturnella magna,Eastern Meadowlark,0.0101,D:/AcousticMonitoringData/ELDON6_Data/Week16\ELDON6_20250422_052700.wav,20250422
2316,2319,Spizella pusilla,Field Sparrow,0.3264,D:/AcousticMonitoringData/ELDON6_Data/Week16\ELDON6_20250422_052700.wav,20250422
2316,2319,Sturnella magna,Eastern Meadowlark,0.0172,D:/AcousticMonitoringData/ELDON6_Data/Week16\ELDON6_20250422_052700.wav,20250422
2319,2322,Spizella pusilla,Field Sparrow,0.1092,D:/AcousticMonitoringData/ELDON6_Data/Week16\ELDON6_20250422_052700.wav,20250422
2319,2322,Sturnella magna,Eastern Meadowlark,0.0196,D:/AcousticMonitoringData/ELDON6_Data/Week16\ELDON6_20250422_052700.wav,20250422
2322,2325,Spizella pusilla,Field Sparrow,0.0723,D:/AcousticMonitoringData/ELDON6_Data/Week16\ELDON6_20250422_052700.wav,20250422
2322,2325,Passerina caerulea,Blue Grosbeak,0.0167,D:/AcousticMonitoringData/ELDON6_Data/Week16\ELDON6_20250422_052700.wav,20250422
2322,2325,Sturnella magna,Eastern Meadowlark,0.0149,D:/AcousticMonitoringData/ELDON6_Data/Week16\ELDON6_20250422_052700.wav,20250422
2322,2325,Geothlypis trichas,Common Yellowthroat,0.0121,D:/AcousticMonitoringData/ELDON6_Data/Week16\ELDON6_20250422_052700.wav,20250422
2325,2328,Spizella pusilla,Field Sparrow,0.2133,D:/AcousticMonitoringData/ELDON6_Data/Week16\ELDON6_20250422_052700.wav,20250422
2328,2331,Spizella pusilla,Field Sparrow,0.0882,D:/AcousticMonitoringData/ELDON6_Data/Week16\ELDON6_20250422_052700.wav,20250422
2331,2334,Spizella pusilla,Field Sparrow,0.1138,D:/AcousticMonitoringData/ELDON6_Data/Week16\ELDON6_20250422_052700.wav,20250422
2331,2334,Sturnella magna,Eastern Meadowlark,0.0247,D:/AcousticMonitoringData/ELDON6_Data/Week16\ELDON6_20250422_052700.wav,20250422
2334,2337,Spizella pusilla,Field Sparrow,0.1768,D:/AcousticMonitoringData/ELDON6_Data/Week16\ELDON6_20250422_052700.wav,20250422
2337,2340,Spizella pusilla,Field Sparrow,0.0734,D:/AcousticMonitoringData/ELDON6_Data/Week16\ELDON6_20250422_052700.wav,20250422
2340,2343,Spizella pusilla,Field Sparrow,0.1826,D:/AcousticMonitoringData/ELDON6_Data/Week16\ELDON6_20250422_052700.wav,20250422
2340,2343,Sturnella magna,Eastern Meadowlark,0.0157,D:/AcousticMonitoringData/ELDON6_Data/Week16\ELDON6_20250422_052700.wav,20250422
2343,2346,Spizella pusilla,Field Sparrow,0.104,D:/AcousticMonitoringData/ELDON6_Data/Week16\ELDON6_20250422_052700.wav,20250422
2343,2346,Sturnella magna,Eastern Meadowlark,0.0145,D:/AcousticMonitoringData/ELDON6_Data/Week16\ELDON6_20250422_052700.wav,20250422
2346,2349,Spizella pusilla,Field Sparrow,0.2943,D:/AcousticMonitoringData/ELDON6_Data/Week16\ELDON6_20250422_052700.wav,20250422
2349,2352,Spizella pusilla,Field Sparrow,0.502,D:/AcousticMonitoringData/ELDON6_Data/Week16\ELDON6_20250422_052700.wav,20250422
2349,2352,Sturnella magna,Eastern Meadowlark,0.0103,D:/AcousticMonitoringData/ELDON6_Data/Week16\ELDON6_20250422_052700.wav,20250422
2352,2355,Spizella pusilla,Field Sparrow,0.5716,D:/AcousticMonitoringData/ELDON6_Data/Week16\ELDON6_20250422_052700.wav,20250422
2352,2355,Passerina caerulea,Blue Grosbeak,0.0162,D:/AcousticMonitoringData/ELDON6_Data/Week16\ELDON6_20250422_052700.wav,20250422
2352,2355,Geothlypis trichas,Common Yellowthroat,0.0108,D:/AcousticMonitoringData/ELDON6_Data/Week16\ELDON6_20250422_052700.wav,20250422
2355,2358,Spizella pusilla,Field Sparrow,0.4665,D:/AcousticMonitoringData/ELDON6_Data/Week16\ELDON6_20250422_052700.wav,20250422
2355,2358,Sturnella magna,Eastern Meadowlark,0.0153,D:/AcousticMonitoringData/ELDON6_Data/Week16\ELDON6_20250422_052700.wav,20250422
2355,2358,Geothlypis trichas,Common Yellowthroat,0.0143,D:/AcousticMonitoringData/ELDON6_Data/Week16\ELDON6_20250422_052700.wav,20250422
2355,2358,Passerina caerulea,Blue Grosbeak,0.0131,D:/AcousticMonitoringData/ELDON6_Data/Week16\ELDON6_20250422_052700.wav,20250422
2358,2361,Spizella pusilla,Field Sparrow,0.8439,D:/AcousticMonitoringData/ELDON6_Data/Week16\ELDON6_20250422_052700.wav,20250422
2361,2364,Spizella pusilla,Field Sparrow,0.9726,D:/AcousticMonitoringData/ELDON6_Data/Week16\ELDON6_20250422_052700.wav,20250422
2364,2367,Spizella pusilla,Field Sparrow,0.8324,D:/AcousticMonitoringData/ELDON6_Data/Week16\ELDON6_20250422_052700.wav,20250422
2367,2370,Spizella pusilla,Field Sparrow,0.7789,D:/AcousticMonitoringData/ELDON6_Data/Week16\ELDON6_20250422_052700.wav,20250422
2370,2373,Spizella pusilla,Field Sparrow,0.8993,D:/AcousticMonitoringData/ELDON6_Data/Week16\ELDON6_20250422_052700.wav,20250422
2373,2376,Spizella pusilla,Field Sparrow,0.784,D:/AcousticMonitoringData/ELDON6_Data/Week16\ELDON6_20250422_052700.wav,20250422
2376,2379,Spizella pusilla,Field Sparrow,0.7067,D:/AcousticMonitoringData/ELDON6_Data/Week16\ELDON6_20250422_052700.wav,20250422
2376,2379,Sturnella magna,Eastern Meadowlark,0.014,D:/AcousticMonitoringData/ELDON6_Data/Week16\ELDON6_20250422_052700.wav,20250422
2379,2382,Spizella pusilla,Field Sparrow,0.808,D:/AcousticMonitoringData/ELDON6_Data/Week16\ELDON6_20250422_052700.wav,20250422
2382,2385,Spizella pusilla,Field Sparrow,0.892,D:/AcousticMonitoringData/ELDON6_Data/Week16\ELDON6_20250422_052700.wav,20250422
2385,2388,Spizella pusilla,Field Sparrow,0.7689,D:/AcousticMonitoringData/ELDON6_Data/Week16\ELDON6_20250422_052700.wav,20250422
2388,2391,Spizella pusilla,Field Sparrow,0.6218,D:/AcousticMonitoringData/ELDON6_Data/Week16\ELDON6_20250422_052700.wav,20250422
2391,2394,Spizella pusilla,Field Sparrow,0.0664,D:/AcousticMonitoringData/ELDON6_Data/Week16\ELDON6_20250422_052700.wav,20250422
2394,2397,Spizella pusilla,Field Sparrow,0.322,D:/AcousticMonitoringData/ELDON6_Data/Week16\ELDON6_20250422_052700.wav,20250422
2394,2397,Geothlypis trichas,Common Yellowthroat,0.0286,D:/AcousticMonitoringData/ELDON6_Data/Week16\ELDON6_20250422_052700.wav,20250422
2397,2400,Spizella pusilla,Field Sparrow,0.1813,D:/AcousticMonitoringData/ELDON6_Data/Week16\ELDON6_20250422_052700.wav,20250422
2397,2400,Geothlypis trichas,Common Yellowthroat,0.0229,D:/AcousticMonitoringData/ELDON6_Data/Week16\ELDON6_20250422_052700.wav,20250422
2397,2400,Sturnella magna,Eastern Meadowlark,0.0129,D:/AcousticMonitoringData/ELDON6_Data/Week16\ELDON6_20250422_052700.wav,20250422
2400,2403,Spizella pusilla,Field Sparrow,0.5834,D:/AcousticMonitoringData/ELDON6_Data/Week16\ELDON6_20250422_052700.wav,20250422
2403,2406,Spizella pusilla,Field Sparrow,0.6319,D:/AcousticMonitoringData/ELDON6_Data/Week16\ELDON6_20250422_052700.wav,20250422
2403,2406,Geothlypis trichas,Common Yellowthroat,0.0103,D:/AcousticMonitoringData/ELDON6_Data/Week16\ELDON6_20250422_052700.wav,20250422
2406,2409,Spizella pusilla,Field Sparrow,0.0145,D:/AcousticMonitoringData/ELDON6_Data/Week16\ELDON6_20250422_052700.wav,20250422
2409,2412,Spizella pusilla,Field Sparrow,0.2047,D:/AcousticMonitoringData/ELDON6_Data/Week16\ELDON6_20250422_052700.wav,20250422
2412,2415,Spizella pusilla,Field Sparrow,0.0172,D:/AcousticMonitoringData/ELDON6_Data/Week16\ELDON6_20250422_052700.wav,20250422
2415,2418,Spizella pusilla,Field Sparrow,0.4114,D:/AcousticMonitoringData/ELDON6_Data/Week16\ELDON6_20250422_052700.wav,20250422
2418,2421,Spizella pusilla,Field Sparrow,0.1368,D:/AcousticMonitoringData/ELDON6_Data/Week16\ELDON6_20250422_052700.wav,20250422
2421,2424,Spizella pusilla,Field Sparrow,0.0247,D:/AcousticMonitoringData/ELDON6_Data/Week16\ELDON6_20250422_052700.wav,20250422
2424,2427,Geothlypis trichas,Common Yellowthroat,0.0354,D:/AcousticMonitoringData/ELDON6_Data/Week16\ELDON6_20250422_052700.wav,20250422
2424,2427,Spizella pusilla,Field Sparrow,0.0313,D:/AcousticMonitoringData/ELDON6_Data/Week16\ELDON6_20250422_052700.wav,20250422
2427,2430,Spizella pusilla,Field Sparrow,0.0482,D:/AcousticMonitoringData/ELDON6_Data/Week16\ELDON6_20250422_052700.wav,20250422
2427,2430,Geothlypis trichas,Common Yellowthroat,0.0195,D:/AcousticMonitoringData/ELDON6_Data/Week16\ELDON6_20250422_052700.wav,20250422
2427,2430,Sturnella magna,Eastern Meadowlark,0.0117,D:/AcousticMonitoringData/ELDON6_Data/Week16\ELDON6_20250422_052700.wav,20250422
2430,2433,Spizella pusilla,Field Sparrow,0.0248,D:/AcousticMonitoringData/ELDON6_Data/Week16\ELDON6_20250422_052700.wav,20250422
2430,2433,Geothlypis trichas,Common Yellowthroat,0.0168,D:/AcousticMonitoringData/ELDON6_Data/Week16\ELDON6_20250422_052700.wav,20250422
2430,2433,Sturnella magna,Eastern Meadowlark,0.0117,D:/AcousticMonitoringData/ELDON6_Data/Week16\ELDON6_20250422_052700.wav,20250422
2433,2436,Geothlypis trichas,Common Yellowthroat,0.078,D:/AcousticMonitoringData/ELDON6_Data/Week16\ELDON6_20250422_052700.wav,20250422
2433,2436,Spizella pusilla,Field Sparrow,0.0276,D:/AcousticMonitoringData/ELDON6_Data/Week16\ELDON6_20250422_052700.wav,20250422
2433,2436,Sturnella magna,Eastern Meadowlark,0.0158,D:/AcousticMonitoringData/ELDON6_Data/Week16\ELDON6_20250422_052700.wav,20250422
2436,2439,Spizella pusilla,Field Sparrow,0.0566,D:/AcousticMonitoringData/ELDON6_Data/Week16\ELDON6_20250422_052700.wav,20250422
2436,2439,Geothlypis trichas,Common Yellowthroat,0.015,D:/AcousticMonitoringData/ELDON6_Data/Week16\ELDON6_20250422_052700.wav,20250422
2439,2442,Spizella pusilla,Field Sparrow,0.0361,D:/AcousticMonitoringData/ELDON6_Data/Week16\ELDON6_20250422_052700.wav,20250422
2439,2442,Geothlypis trichas,Common Yellowthroat,0.0295,D:/AcousticMonitoringData/ELDON6_Data/Week16\ELDON6_20250422_052700.wav,20250422
2439,2442,Sturnella magna,Eastern Meadowlark,0.0154,D:/AcousticMonitoringData/ELDON6_Data/Week16\ELDON6_20250422_052700.wav,20250422
2442,2445,Geothlypis trichas,Common Yellowthroat,0.0594,D:/AcousticMonitoringData/ELDON6_Data/Week16\ELDON6_20250422_052700.wav,20250422
2442,2445,Spizella pusilla,Field Sparrow,0.0236,D:/AcousticMonitoringData/ELDON6_Data/Week16\ELDON6_20250422_052700.wav,20250422
2445,2448,Spizella pusilla,Field Sparrow,0.0246,D:/AcousticMonitoringData/ELDON6_Data/Week16\ELDON6_20250422_052700.wav,20250422
2448,2451,Spizella pusilla,Field Sparrow,0.0531,D:/AcousticMonitoringData/ELDON6_Data/Week16\ELDON6_20250422_052700.wav,20250422
2448,2451,Sturnella magna,Eastern Meadowlark,0.0188,D:/AcousticMonitoringData/ELDON6_Data/Week16\ELDON6_20250422_052700.wav,20250422
2448,2451,Geothlypis trichas,Common Yellowthroat,0.0179,D:/AcousticMonitoringData/ELDON6_Data/Week16\ELDON6_20250422_052700.wav,20250422
2451,2454,Geothlypis trichas,Common Yellowthroat,0.0648,D:/AcousticMonitoringData/ELDON6_Data/Week16\ELDON6_20250422_052700.wav,20250422
2451,2454,Spizella pusilla,Field Sparrow,0.0594,D:/AcousticMonitoringData/ELDON6_Data/Week16\ELDON6_20250422_052700.wav,20250422
2451,2454,Sturnella magna,Eastern Meadowlark,0.013,D:/AcousticMonitoringData/ELDON6_Data/Week16\ELDON6_20250422_052700.wav,20250422
2451,2454,Passerina caerulea,Blue Grosbeak,0.01,D:/AcousticMonitoringData/ELDON6_Data/Week16\ELDON6_20250422_052700.wav,20250422
2454,2457,Spizella pusilla,Field Sparrow,0.0775,D:/AcousticMonitoringData/ELDON6_Data/Week16\ELDON6_20250422_052700.wav,20250422
2454,2457,Geothlypis trichas,Common Yellowthroat,0.0316,D:/AcousticMonitoringData/ELDON6_Data/Week16\ELDON6_20250422_052700.wav,20250422
2454,2457,Sturnella magna,Eastern Meadowlark,0.0196,D:/AcousticMonitoringData/ELDON6_Data/Week16\ELDON6_20250422_052700.wav,20250422
2457,2460,Spizella pusilla,Field Sparrow,0.0485,D:/AcousticMonitoringData/ELDON6_Data/Week16\ELDON6_20250422_052700.wav,20250422
2460,2463,Geothlypis trichas,Common Yellowthroat,0.0971,D:/AcousticMonitoringData/ELDON6_Data/Week16\ELDON6_20250422_052700.wav,20250422
2460,2463,Spizella pusilla,Field Sparrow,0.0831,D:/AcousticMonitoringData/ELDON6_Data/Week16\ELDON6_20250422_052700.wav,20250422
2460,2463,Passerina caerulea,Blue Grosbeak,0.0184,D:/AcousticMonitoringData/ELDON6_Data/Week16\ELDON6_20250422_052700.wav,20250422
2460,2463,Sturnella magna,Eastern Meadowlark,0.0157,D:/AcousticMonitoringData/ELDON6_Data/Week16\ELDON6_20250422_052700.wav,20250422
2463,2466,Spizella pusilla,Field Sparrow,0.0241,D:/AcousticMonitoringData/ELDON6_Data/Week16\ELDON6_20250422_052700.wav,20250422
2463,2466,Geothlypis trichas,Common Yellowthroat,0.0233,D:/AcousticMonitoringData/ELDON6_Data/Week16\ELDON6_20250422_052700.wav,20250422
2466,2469,Geothlypis trichas,Common Yellowthroat,0.0471,D:/AcousticMonitoringData/ELDON6_Data/Week16\ELDON6_20250422_052700.wav,20250422
2466,2469,Spizella pusilla,Field Sparrow,0.0164,D:/AcousticMonitoringData/ELDON6_Data/Week16\ELDON6_20250422_052700.wav,20250422
2466,2469,Melospiza melodia,Song Sparrow,0.0128,D:/AcousticMonitoringData/ELDON6_Data/Week16\ELDON6_20250422_052700.wav,20250422
2466,2469,Sturnella magna,Eastern Meadowlark,0.0106,D:/AcousticMonitoringData/ELDON6_Data/Week16\ELDON6_20250422_052700.wav,20250422
2469,2472,Geothlypis trichas,Common Yellowthroat,0.031,D:/AcousticMonitoringData/ELDON6_Data/Week16\ELDON6_20250422_052700.wav,20250422
2469,2472,Spizella pusilla,Field Sparrow,0.0236,D:/AcousticMonitoringData/ELDON6_Data/Week16\ELDON6_20250422_052700.wav,20250422
2472,2475,Geothlypis trichas,Common Yellowthroat,0.3125,D:/AcousticMonitoringData/ELDON6_Data/Week16\ELDON6_20250422_052700.wav,20250422
2472,2475,Spizella pusilla,Field Sparrow,0.0504,D:/AcousticMonitoringData/ELDON6_Data/Week16\ELDON6_20250422_052700.wav,20250422
2472,2475,Sturnella magna,Eastern Meadowlark,0.017,D:/AcousticMonitoringData/ELDON6_Data/Week16\ELDON6_20250422_052700.wav,20250422
2472,2475,Passerina caerulea,Blue Grosbeak,0.012,D:/AcousticMonitoringData/ELDON6_Data/Week16\ELDON6_20250422_052700.wav,20250422
2472,2475,Melospiza melodia,Song Sparrow,0.0109,D:/AcousticMonitoringData/ELDON6_Data/Week16\ELDON6_20250422_052700.wav,20250422
2475,2478,Spizella pusilla,Field Sparrow,0.0421,D:/AcousticMonitoringData/ELDON6_Data/Week16\ELDON6_20250422_052700.wav,20250422
2475,2478,Geothlypis trichas,Common Yellowthroat,0.0153,D:/AcousticMonitoringData/ELDON6_Data/Week16\ELDON6_20250422_052700.wav,20250422
2475,2478,Sturnella magna,Eastern Meadowlark,0.0102,D:/AcousticMonitoringData/ELDON6_Data/Week16\ELDON6_20250422_052700.wav,20250422
2478,2481,Geothlypis trichas,Common Yellowthroat,0.0255,D:/AcousticMonitoringData/ELDON6_Data/Week16\ELDON6_20250422_052700.wav,20250422
2478,2481,Spizella pusilla,Field Sparrow,0.0231,D:/AcousticMonitoringData/ELDON6_Data/Week16\ELDON6_20250422_052700.wav,20250422
2481,2484,Geothlypis trichas,Common Yellowthroat,0.0624,D:/AcousticMonitoringData/ELDON6_Data/Week16\ELDON6_20250422_052700.wav,20250422
2481,2484,Spizella pusilla,Field Sparrow,0.0347,D:/AcousticMonitoringData/ELDON6_Data/Week16\ELDON6_20250422_052700.wav,20250422
2481,2484,Sturnella magna,Eastern Meadowlark,0.0198,D:/AcousticMonitoringData/ELDON6_Data/Week16\ELDON6_20250422_052700.wav,20250422
2481,2484,Passerina caerulea,Blue Grosbeak,0.0109,D:/AcousticMonitoringData/ELDON6_Data/Week16\ELDON6_20250422_052700.wav,20250422
2484,2487,Geothlypis trichas,Common Yellowthroat,0.1202,D:/AcousticMonitoringData/ELDON6_Data/Week16\ELDON6_20250422_052700.wav,20250422
2484,2487,Spizella pusilla,Field Sparrow,0.0669,D:/AcousticMonitoringData/ELDON6_Data/Week16\ELDON6_20250422_052700.wav,20250422
2484,2487,Sturnella magna,Eastern Meadowlark,0.0261,D:/AcousticMonitoringData/ELDON6_Data/Week16\ELDON6_20250422_052700.wav,20250422
2484,2487,Passerina caerulea,Blue Grosbeak,0.0158,D:/AcousticMonitoringData/ELDON6_Data/Week16\ELDON6_20250422_052700.wav,20250422
2487,2490,Spizella pusilla,Field Sparrow,0.0401,D:/AcousticMonitoringData/ELDON6_Data/Week16\ELDON6_20250422_052700.wav,20250422
2487,2490,Geothlypis trichas,Common Yellowthroat,0.0343,D:/AcousticMonitoringData/ELDON6_Data/Week16\ELDON6_20250422_052700.wav,20250422
2490,2493,Geothlypis trichas,Common Yellowthroat,0.337,D:/AcousticMonitoringData/ELDON6_Data/Week16\ELDON6_20250422_052700.wav,20250422
2490,2493,Spizella pusilla,Field Sparrow,0.1406,D:/AcousticMonitoringData/ELDON6_Data/Week16\ELDON6_20250422_052700.wav,20250422
2493,2496,Geothlypis trichas,Common Yellowthroat,0.0902,D:/AcousticMonitoringData/ELDON6_Data/Week16\ELDON6_20250422_052700.wav,20250422
2493,2496,Spizella pusilla,Field Sparrow,0.0167,D:/AcousticMonitoringData/ELDON6_Data/Week16\ELDON6_20250422_052700.wav,20250422
2493,2496,Sturnella magna,Eastern Meadowlark,0.0121,D:/AcousticMonitoringData/ELDON6_Data/Week16\ELDON6_20250422_052700.wav,20250422
2496,2499,Spizella pusilla,Field Sparrow,0.0378,D:/AcousticMonitoringData/ELDON6_Data/Week16\ELDON6_20250422_052700.wav,20250422
2496,2499,Geothlypis trichas,Common Yellowthroat,0.0106,D:/AcousticMonitoringData/ELDON6_Data/Week16\ELDON6_20250422_052700.wav,20250422
2499,2502,Spizella pusilla,Field Sparrow,0.0556,D:/AcousticMonitoringData/ELDON6_Data/Week16\ELDON6_20250422_052700.wav,20250422
2499,2502,Geothlypis trichas,Common Yellowthroat,0.0187,D:/AcousticMonitoringData/ELDON6_Data/Week16\ELDON6_20250422_052700.wav,20250422
2502,2505,Geothlypis trichas,Common Yellowthroat,0.0983,D:/AcousticMonitoringData/ELDON6_Data/Week16\ELDON6_20250422_052700.wav,20250422
2502,2505,Spizella pusilla,Field Sparrow,0.0314,D:/AcousticMonitoringData/ELDON6_Data/Week16\ELDON6_20250422_052700.wav,20250422
2505,2508,Sturnella magna,Eastern Meadowlark,0.0432,D:/AcousticMonitoringData/ELDON6_Data/Week16\ELDON6_20250422_052700.wav,20250422
2505,2508,Spizella pusilla,Field Sparrow,0.0146,D:/AcousticMonitoringData/ELDON6_Data/Week16\ELDON6_20250422_052700.wav,20250422
2505,2508,Geothlypis trichas,Common Yellowthroat,0.0136,D:/AcousticMonitoringData/ELDON6_Data/Week16\ELDON6_20250422_052700.wav,20250422
2508,2511,Geothlypis trichas,Common Yellowthroat,0.065,D:/AcousticMonitoringData/ELDON6_Data/Week16\ELDON6_20250422_052700.wav,20250422
2508,2511,Spizella pusilla,Field Sparrow,0.0336,D:/AcousticMonitoringData/ELDON6_Data/Week16\ELDON6_20250422_052700.wav,20250422
2508,2511,Melospiza melodia,Song Sparrow,0.0132,D:/AcousticMonitoringData/ELDON6_Data/Week16\ELDON6_20250422_052700.wav,20250422
2511,2514,Geothlypis trichas,Common Yellowthroat,0.0962,D:/AcousticMonitoringData/ELDON6_Data/Week16\ELDON6_20250422_052700.wav,20250422
2511,2514,Spizella pusilla,Field Sparrow,0.0409,D:/AcousticMonitoringData/ELDON6_Data/Week16\ELDON6_20250422_052700.wav,20250422
2511,2514,Sturnella magna,Eastern Meadowlark,0.0126,D:/AcousticMonitoringData/ELDON6_Data/Week16\ELDON6_20250422_052700.wav,20250422
2514,2517,Geothlypis trichas,Common Yellowthroat,0.0509,D:/AcousticMonitoringData/ELDON6_Data/Week16\ELDON6_20250422_052700.wav,20250422
2514,2517,Spizella pusilla,Field Sparrow,0.047,D:/AcousticMonitoringData/ELDON6_Data/Week16\ELDON6_20250422_052700.wav,20250422
2517,2520,Geothlypis trichas,Common Yellowthroat,0.0325,D:/AcousticMonitoringData/ELDON6_Data/Week16\ELDON6_20250422_052700.wav,20250422
2517,2520,Spizella pusilla,Field Sparrow,0.0235,D:/AcousticMonitoringData/ELDON6_Data/Week16\ELDON6_20250422_052700.wav,20250422
2517,2520,Melospiza melodia,Song Sparrow,0.011,D:/AcousticMonitoringData/ELDON6_Data/Week16\ELDON6_20250422_052700.wav,20250422
2520,2523,Spizella pusilla,Field Sparrow,0.1134,D:/AcousticMonitoringData/ELDON6_Data/Week16\ELDON6_20250422_052700.wav,20250422
2520,2523,Geothlypis trichas,Common Yellowthroat,0.0408,D:/AcousticMonitoringData/ELDON6_Data/Week16\ELDON6_20250422_052700.wav,20250422
2523,2526,Spizella pusilla,Field Sparrow,0.0691,D:/AcousticMonitoringData/ELDON6_Data/Week16\ELDON6_20250422_052700.wav,20250422
2523,2526,Sturnella magna,Eastern Meadowlark,0.0304,D:/AcousticMonitoringData/ELDON6_Data/Week16\ELDON6_20250422_052700.wav,20250422
2523,2526,Passerina caerulea,Blue Grosbeak,0.0132,D:/AcousticMonitoringData/ELDON6_Data/Week16\ELDON6_20250422_052700.wav,20250422
2523,2526,Geothlypis trichas,Common Yellowthroat,0.0123,D:/AcousticMonitoringData/ELDON6_Data/Week16\ELDON6_20250422_052700.wav,20250422
2526,2529,Spizella pusilla,Field Sparrow,0.0325,D:/AcousticMonitoringData/ELDON6_Data/Week16\ELDON6_20250422_052700.wav,20250422
2529,2532,Spizella pusilla,Field Sparrow,0.0245,D:/AcousticMonitoringData/ELDON6_Data/Week16\ELDON6_20250422_052700.wav,20250422
2532,2535,Spizella pusilla,Field Sparrow,0.059,D:/AcousticMonitoringData/ELDON6_Data/Week16\ELDON6_20250422_052700.wav,20250422
2532,2535,Geothlypis trichas,Common Yellowthroat,0.0361,D:/AcousticMonitoringData/ELDON6_Data/Week16\ELDON6_20250422_052700.wav,20250422
2535,2538,Geothlypis trichas,Common Yellowthroat,0.0224,D:/AcousticMonitoringData/ELDON6_Data/Week16\ELDON6_20250422_052700.wav,20250422
2535,2538,Spizella pusilla,Field Sparrow,0.0199,D:/AcousticMonitoringData/ELDON6_Data/Week16\ELDON6_20250422_052700.wav,20250422
2535,2538,Sturnella magna,Eastern Meadowlark,0.014,D:/AcousticMonitoringData/ELDON6_Data/Week16\ELDON6_20250422_052700.wav,20250422
2538,2541,Spizella pusilla,Field Sparrow,0.0209,D:/AcousticMonitoringData/ELDON6_Data/Week16\ELDON6_20250422_052700.wav,20250422
2538,2541,Geothlypis trichas,Common Yellowthroat,0.0168,D:/AcousticMonitoringData/ELDON6_Data/Week16\ELDON6_20250422_052700.wav,20250422
2541,2544,Geothlypis trichas,Common Yellowthroat,0.0443,D:/AcousticMonitoringData/ELDON6_Data/Week16\ELDON6_20250422_052700.wav,20250422
2541,2544,Spizella pusilla,Field Sparrow,0.0399,D:/AcousticMonitoringData/ELDON6_Data/Week16\ELDON6_20250422_052700.wav,20250422
2541,2544,Sturnella magna,Eastern Meadowlark,0.0234,D:/AcousticMonitoringData/ELDON6_Data/Week16\ELDON6_20250422_052700.wav,20250422
2544,2547,Geothlypis trichas,Common Yellowthroat,0.0612,D:/AcousticMonitoringData/ELDON6_Data/Week16\ELDON6_20250422_052700.wav,20250422
2544,2547,Spizella pusilla,Field Sparrow,0.0168,D:/AcousticMonitoringData/ELDON6_Data/Week16\ELDON6_20250422_052700.wav,20250422
2547,2550,Sturnella magna,Eastern Meadowlark,0.0187,D:/AcousticMonitoringData/ELDON6_Data/Week16\ELDON6_20250422_052700.wav,20250422
2547,2550,Spizella pusilla,Field Sparrow,0.0174,D:/AcousticMonitoringData/ELDON6_Data/Week16\ELDON6_20250422_052700.wav,20250422
2547,2550,Geothlypis trichas,Common Yellowthroat,0.0125,D:/AcousticMonitoringData/ELDON6_Data/Week16\ELDON6_20250422_052700.wav,20250422
2550,2553,Geothlypis trichas,Common Yellowthroat,0.0737,D:/AcousticMonitoringData/ELDON6_Data/Week16\ELDON6_20250422_052700.wav,20250422
2550,2553,Spizella pusilla,Field Sparrow,0.0382,D:/AcousticMonitoringData/ELDON6_Data/Week16\ELDON6_20250422_052700.wav,20250422
2553,2556,Sturnella magna,Eastern Meadowlark,0.021,D:/AcousticMonitoringData/ELDON6_Data/Week16\ELDON6_20250422_052700.wav,20250422
2553,2556,Spizella pusilla,Field Sparrow,0.0206,D:/AcousticMonitoringData/ELDON6_Data/Week16\ELDON6_20250422_052700.wav,20250422
2553,2556,Geothlypis trichas,Common Yellowthroat,0.0143,D:/AcousticMonitoringData/ELDON6_Data/Week16\ELDON6_20250422_052700.wav,20250422
2556,2559,Spizella pusilla,Field Sparrow,0.0105,D:/AcousticMonitoringData/ELDON6_Data/Week16\ELDON6_20250422_052700.wav,20250422
2559,2562,Spizella pusilla,Field Sparrow,0.0365,D:/AcousticMonitoringData/ELDON6_Data/Week16\ELDON6_20250422_052700.wav,20250422
2559,2562,Sturnella magna,Eastern Meadowlark,0.0259,D:/AcousticMonitoringData/ELDON6_Data/Week16\ELDON6_20250422_052700.wav,20250422
2559,2562,Geothlypis trichas,Common Yellowthroat,0.0247,D:/AcousticMonitoringData/ELDON6_Data/Week16\ELDON6_20250422_052700.wav,20250422
2559,2562,Passerina caerulea,Blue Grosbeak,0.0115,D:/AcousticMonitoringData/ELDON6_Data/Week16\ELDON6_20250422_052700.wav,20250422
2562,2565,Geothlypis trichas,Common Yellowthroat,0.0933,D:/AcousticMonitoringData/ELDON6_Data/Week16\ELDON6_20250422_052700.wav,20250422
2562,2565,Spizella pusilla,Field Sparrow,0.0777,D:/AcousticMonitoringData/ELDON6_Data/Week16\ELDON6_20250422_052700.wav,20250422
2562,2565,Sturnella magna,Eastern Meadowlark,0.0344,D:/AcousticMonitoringData/ELDON6_Data/Week16\ELDON6_20250422_052700.wav,20250422
2565,2568,Sturnella magna,Eastern Meadowlark,0.026,D:/AcousticMonitoringData/ELDON6_Data/Week16\ELDON6_20250422_052700.wav,20250422
2565,2568,Geothlypis trichas,Common Yellowthroat,0.0189,D:/AcousticMonitoringData/ELDON6_Data/Week16\ELDON6_20250422_052700.wav,20250422
2565,2568,Spizella pusilla,Field Sparrow,0.015,D:/AcousticMonitoringData/ELDON6_Data/Week16\ELDON6_20250422_052700.wav,20250422
2568,2571,Spizella pusilla,Field Sparrow,0.0678,D:/AcousticMonitoringData/ELDON6_Data/Week16\ELDON6_20250422_052700.wav,20250422
2568,2571,Geothlypis trichas,Common Yellowthroat,0.0457,D:/AcousticMonitoringData/ELDON6_Data/Week16\ELDON6_20250422_052700.wav,20250422
2568,2571,Sturnella magna,Eastern Meadowlark,0.0295,D:/AcousticMonitoringData/ELDON6_Data/Week16\ELDON6_20250422_052700.wav,20250422
2568,2571,Passerina caerulea,Blue Grosbeak,0.0105,D:/AcousticMonitoringData/ELDON6_Data/Week16\ELDON6_20250422_052700.wav,20250422
2571,2574,Geothlypis trichas,Common Yellowthroat,0.0246,D:/AcousticMonitoringData/ELDON6_Data/Week16\ELDON6_20250422_052700.wav,20250422
2571,2574,Spizella pusilla,Field Sparrow,0.0225,D:/AcousticMonitoringData/ELDON6_Data/Week16\ELDON6_20250422_052700.wav,20250422
2571,2574,Sturnella magna,Eastern Meadowlark,0.0171,D:/AcousticMonitoringData/ELDON6_Data/Week16\ELDON6_20250422_052700.wav,20250422
2574,2577,Spizella pusilla,Field Sparrow,0.0134,D:/AcousticMonitoringData/ELDON6_Data/Week16\ELDON6_20250422_052700.wav,20250422
2574,2577,Sturnella magna,Eastern Meadowlark,0.0113,D:/AcousticMonitoringData/ELDON6_Data/Week16\ELDON6_20250422_052700.wav,20250422
2577,2580,Sturnella magna,Eastern Meadowlark,0.0567,D:/AcousticMonitoringData/ELDON6_Data/Week16\ELDON6_20250422_052700.wav,20250422
2577,2580,Spizella pusilla,Field Sparrow,0.0374,D:/AcousticMonitoringData/ELDON6_Data/Week16\ELDON6_20250422_052700.wav,20250422
2577,2580,Geothlypis trichas,Common Yellowthroat,0.0337,D:/AcousticMonitoringData/ELDON6_Data/Week16\ELDON6_20250422_052700.wav,20250422
2577,2580,Passerina caerulea,Blue Grosbeak,0.0132,D:/AcousticMonitoringData/ELDON6_Data/Week16\ELDON6_20250422_052700.wav,20250422
2580,2583,Geothlypis trichas,Common Yellowthroat,0.2748,D:/AcousticMonitoringData/ELDON6_Data/Week16\ELDON6_20250422_052700.wav,20250422
2580,2583,Spizella pusilla,Field Sparrow,0.0599,D:/AcousticMonitoringData/ELDON6_Data/Week16\ELDON6_20250422_052700.wav,20250422
2580,2583,Sturnella magna,Eastern Meadowlark,0.037,D:/AcousticMonitoringData/ELDON6_Data/Week16\ELDON6_20250422_052700.wav,20250422
2580,2583,Passerina caerulea,Blue Grosbeak,0.0206,D:/AcousticMonitoringData/ELDON6_Data/Week16\ELDON6_20250422_052700.wav,20250422
2583,2586,Sturnella magna,Eastern Meadowlark,0.0164,D:/AcousticMonitoringData/ELDON6_Data/Week16\ELDON6_20250422_052700.wav,20250422
2583,2586,Geothlypis trichas,Common Yellowthroat,0.014,D:/AcousticMonitoringData/ELDON6_Data/Week16\ELDON6_20250422_052700.wav,20250422
2583,2586,Spizella pusilla,Field Sparrow,0.0127,D:/AcousticMonitoringData/ELDON6_Data/Week16\ELDON6_20250422_052700.wav,20250422
2586,2589,Sturnella magna,Eastern Meadowlark,0.0625,D:/AcousticMonitoringData/ELDON6_Data/Week16\ELDON6_20250422_052700.wav,20250422
2586,2589,Spizella pusilla,Field Sparrow,0.0512,D:/AcousticMonitoringData/ELDON6_Data/Week16\ELDON6_20250422_052700.wav,20250422
2586,2589,Geothlypis trichas,Common Yellowthroat,0.0403,D:/AcousticMonitoringData/ELDON6_Data/Week16\ELDON6_20250422_052700.wav,20250422
2589,2592,Geothlypis trichas,Common Yellowthroat,0.1531,D:/AcousticMonitoringData/ELDON6_Data/Week16\ELDON6_20250422_052700.wav,20250422
2589,2592,Spizella pusilla,Field Sparrow,0.0398,D:/AcousticMonitoringData/ELDON6_Data/Week16\ELDON6_20250422_052700.wav,20250422
2589,2592,Sturnella magna,Eastern Meadowlark,0.0345,D:/AcousticMonitoringData/ELDON6_Data/Week16\ELDON6_20250422_052700.wav,20250422
2589,2592,Passerina caerulea,Blue Grosbeak,0.0124,D:/AcousticMonitoringData/ELDON6_Data/Week16\ELDON6_20250422_052700.wav,20250422
2592,2595,Geothlypis trichas,Common Yellowthroat,0.0127,D:/AcousticMonitoringData/ELDON6_Data/Week16\ELDON6_20250422_052700.wav,20250422
2592,2595,Spizella pusilla,Field Sparrow,0.0126,D:/AcousticMonitoringData/ELDON6_Data/Week16\ELDON6_20250422_052700.wav,20250422
2592,2595,Sturnella magna,Eastern Meadowlark,0.0102,D:/AcousticMonitoringData/ELDON6_Data/Week16\ELDON6_20250422_052700.wav,20250422
2595,2598,Geothlypis trichas,Common Yellowthroat,0.055,D:/AcousticMonitoringData/ELDON6_Data/Week16\ELDON6_20250422_052700.wav,20250422
2595,2598,Spizella pusilla,Field Sparrow,0.0508,D:/AcousticMonitoringData/ELDON6_Data/Week16\ELDON6_20250422_052700.wav,20250422
2595,2598,Sturnella magna,Eastern Meadowlark,0.0197,D:/AcousticMonitoringData/ELDON6_Data/Week16\ELDON6_20250422_052700.wav,20250422
2595,2598,Passerina caerulea,Blue Grosbeak,0.0109,D:/AcousticMonitoringData/ELDON6_Data/Week16\ELDON6_20250422_052700.wav,20250422
2598,2601,Spizella pusilla,Field Sparrow,0.0413,D:/AcousticMonitoringData/ELDON6_Data/Week16\ELDON6_20250422_052700.wav,20250422
2598,2601,Geothlypis trichas,Common Yellowthroat,0.0359,D:/AcousticMonitoringData/ELDON6_Data/Week16\ELDON6_20250422_052700.wav,20250422
2598,2601,Passerina caerulea,Blue Grosbeak,0.0239,D:/AcousticMonitoringData/ELDON6_Data/Week16\ELDON6_20250422_052700.wav,20250422
2598,2601,Sturnella magna,Eastern Meadowlark,0.0109,D:/AcousticMonitoringData/ELDON6_Data/Week16\ELDON6_20250422_052700.wav,20250422
2601,2604,Geothlypis trichas,Common Yellowthroat,0.0309,D:/AcousticMonitoringData/ELDON6_Data/Week16\ELDON6_20250422_052700.wav,20250422
2601,2604,Passerina caerulea,Blue Grosbeak,0.0247,D:/AcousticMonitoringData/ELDON6_Data/Week16\ELDON6_20250422_052700.wav,20250422
2601,2604,Sturnella magna,Eastern Meadowlark,0.0179,D:/AcousticMonitoringData/ELDON6_Data/Week16\ELDON6_20250422_052700.wav,20250422
2601,2604,Spizella pusilla,Field Sparrow,0.0178,D:/AcousticMonitoringData/ELDON6_Data/Week16\ELDON6_20250422_052700.wav,20250422
2604,2607,Geothlypis trichas,Common Yellowthroat,0.0749,D:/AcousticMonitoringData/ELDON6_Data/Week16\ELDON6_20250422_052700.wav,20250422
2604,2607,Spizella pusilla,Field Sparrow,0.0324,D:/AcousticMonitoringData/ELDON6_Data/Week16\ELDON6_20250422_052700.wav,20250422
2604,2607,Sturnella magna,Eastern Meadowlark,0.0168,D:/AcousticMonitoringData/ELDON6_Data/Week16\ELDON6_20250422_052700.wav,20250422
2604,2607,Passerina caerulea,Blue Grosbeak,0.0158,D:/AcousticMonitoringData/ELDON6_Data/Week16\ELDON6_20250422_052700.wav,20250422
2607,2610,Spizella pusilla,Field Sparrow,0.0497,D:/AcousticMonitoringData/ELDON6_Data/Week16\ELDON6_20250422_052700.wav,20250422
2607,2610,Geothlypis trichas,Common Yellowthroat,0.0309,D:/AcousticMonitoringData/ELDON6_Data/Week16\ELDON6_20250422_052700.wav,20250422
2607,2610,Sturnella magna,Eastern Meadowlark,0.0137,D:/AcousticMonitoringData/ELDON6_Data/Week16\ELDON6_20250422_052700.wav,20250422
2607,2610,Passerina caerulea,Blue Grosbeak,0.012,D:/AcousticMonitoringData/ELDON6_Data/Week16\ELDON6_20250422_052700.wav,20250422
2610,2613,Geothlypis trichas,Common Yellowthroat,0.073,D:/AcousticMonitoringData/ELDON6_Data/Week16\ELDON6_20250422_052700.wav,20250422
2610,2613,Spizella pusilla,Field Sparrow,0.0349,D:/AcousticMonitoringData/ELDON6_Data/Week16\ELDON6_20250422_052700.wav,20250422
2610,2613,Passerina caerulea,Blue Grosbeak,0.0333,D:/AcousticMonitoringData/ELDON6_Data/Week16\ELDON6_20250422_052700.wav,20250422
2610,2613,Sturnella magna,Eastern Meadowlark,0.013,D:/AcousticMonitoringData/ELDON6_Data/Week16\ELDON6_20250422_052700.wav,20250422
2613,2616,Spizella pusilla,Field Sparrow,0.048,D:/AcousticMonitoringData/ELDON6_Data/Week16\ELDON6_20250422_052700.wav,20250422
2613,2616,Sturnella magna,Eastern Meadowlark,0.0154,D:/AcousticMonitoringData/ELDON6_Data/Week16\ELDON6_20250422_052700.wav,20250422
2613,2616,Passerina caerulea,Blue Grosbeak,0.0134,D:/AcousticMonitoringData/ELDON6_Data/Week16\ELDON6_20250422_052700.wav,20250422
2613,2616,Geothlypis trichas,Common Yellowthroat,0.0122,D:/AcousticMonitoringData/ELDON6_Data/Week16\ELDON6_20250422_052700.wav,20250422
2616,2619,Geothlypis trichas,Common Yellowthroat,0.0456,D:/AcousticMonitoringData/ELDON6_Data/Week16\ELDON6_20250422_052700.wav,20250422
2616,2619,Spizella pusilla,Field Sparrow,0.0435,D:/AcousticMonitoringData/ELDON6_Data/Week16\ELDON6_20250422_052700.wav,20250422
2616,2619,Passerina caerulea,Blue Grosbeak,0.0176,D:/AcousticMonitoringData/ELDON6_Data/Week16\ELDON6_20250422_052700.wav,20250422
2616,2619,Sturnella magna,Eastern Meadowlark,0.0121,D:/AcousticMonitoringData/ELDON6_Data/Week16\ELDON6_20250422_052700.wav,20250422
2619,2622,Geothlypis trichas,Common Yellowthroat,0.038,D:/AcousticMonitoringData/ELDON6_Data/Week16\ELDON6_20250422_052700.wav,20250422
2619,2622,Spizella pusilla,Field Sparrow,0.03,D:/AcousticMonitoringData/ELDON6_Data/Week16\ELDON6_20250422_052700.wav,20250422
2622,2625,Spizella pusilla,Field Sparrow,0.0312,D:/AcousticMonitoringData/ELDON6_Data/Week16\ELDON6_20250422_052700.wav,20250422
2625,2628,Spizella pusilla,Field Sparrow,0.0178,D:/AcousticMonitoringData/ELDON6_Data/Week16\ELDON6_20250422_052700.wav,20250422
2628,2631,Spizella pusilla,Field Sparrow,0.0431,D:/AcousticMonitoringData/ELDON6_Data/Week16\ELDON6_20250422_052700.wav,20250422
2628,2631,Geothlypis trichas,Common Yellowthroat,0.0144,D:/AcousticMonitoringData/ELDON6_Data/Week16\ELDON6_20250422_052700.wav,20250422
2631,2634,Spizella pusilla,Field Sparrow,0.0158,D:/AcousticMonitoringData/ELDON6_Data/Week16\ELDON6_20250422_052700.wav,20250422
2634,2637,Spizella pusilla,Field Sparrow,0.023,D:/AcousticMonitoringData/ELDON6_Data/Week16\ELDON6_20250422_052700.wav,20250422
2637,2640,Spizella pusilla,Field Sparrow,0.0133,D:/AcousticMonitoringData/ELDON6_Data/Week16\ELDON6_20250422_052700.wav,20250422
2637,2640,Geothlypis trichas,Common Yellowthroat,0.0118,D:/AcousticMonitoringData/ELDON6_Data/Week16\ELDON6_20250422_052700.wav,20250422
2640,2643,Sturnella magna,Eastern Meadowlark,0.0171,D:/AcousticMonitoringData/ELDON6_Data/Week16\ELDON6_20250422_052700.wav,20250422
2640,2643,Passerina caerulea,Blue Grosbeak,0.0148,D:/AcousticMonitoringData/ELDON6_Data/Week16\ELDON6_20250422_052700.wav,20250422
2640,2643,Spizella pusilla,Field Sparrow,0.0111,D:/AcousticMonitoringData/ELDON6_Data/Week16\ELDON6_20250422_052700.wav,20250422
2643,2646,Spizella pusilla,Field Sparrow,0.1189,D:/AcousticMonitoringData/ELDON6_Data/Week16\ELDON6_20250422_052700.wav,20250422
2646,2649,Spizella pusilla,Field Sparrow,0.0858,D:/AcousticMonitoringData/ELDON6_Data/Week16\ELDON6_20250422_052700.wav,20250422
2649,2652,Spizella pusilla,Field Sparrow,0.0179,D:/AcousticMonitoringData/ELDON6_Data/Week16\ELDON6_20250422_052700.wav,20250422
2649,2652,Geothlypis trichas,Common Yellowthroat,0.0116,D:/AcousticMonitoringData/ELDON6_Data/Week16\ELDON6_20250422_052700.wav,20250422
2652,2655,Spizella pusilla,Field Sparrow,0.0227,D:/AcousticMonitoringData/ELDON6_Data/Week16\ELDON6_20250422_052700.wav,20250422
2652,2655,Sturnella magna,Eastern Meadowlark,0.0147,D:/AcousticMonitoringData/ELDON6_Data/Week16\ELDON6_20250422_052700.wav,20250422
2655,2658,Spizella pusilla,Field Sparrow,0.1477,D:/AcousticMonitoringData/ELDON6_Data/Week16\ELDON6_20250422_052700.wav,20250422
2655,2658,Passerina caerulea,Blue Grosbeak,0.0159,D:/AcousticMonitoringData/ELDON6_Data/Week16\ELDON6_20250422_052700.wav,20250422
2655,2658,Sturnella magna,Eastern Meadowlark,0.0109,D:/AcousticMonitoringData/ELDON6_Data/Week16\ELDON6_20250422_052700.wav,20250422
2658,2661,Spizella pusilla,Field Sparrow,0.065,D:/AcousticMonitoringData/ELDON6_Data/Week16\ELDON6_20250422_052700.wav,20250422
2658,2661,Geothlypis trichas,Common Yellowthroat,0.0188,D:/AcousticMonitoringData/ELDON6_Data/Week16\ELDON6_20250422_052700.wav,20250422
2661,2664,Geothlypis trichas,Common Yellowthroat,0.0219,D:/AcousticMonitoringData/ELDON6_Data/Week16\ELDON6_20250422_052700.wav,20250422
2661,2664,Spizella pusilla,Field Sparrow,0.016,D:/AcousticMonitoringData/ELDON6_Data/Week16\ELDON6_20250422_052700.wav,20250422
2664,2667,Spizella pusilla,Field Sparrow,0.0441,D:/AcousticMonitoringData/ELDON6_Data/Week16\ELDON6_20250422_052700.wav,20250422
2667,2670,Spizella pusilla,Field Sparrow,0.0262,D:/AcousticMonitoringData/ELDON6_Data/Week16\ELDON6_20250422_052700.wav,20250422
2670,2673,Spizella pusilla,Field Sparrow,0.0584,D:/AcousticMonitoringData/ELDON6_Data/Week16\ELDON6_20250422_052700.wav,20250422
2670,2673,Geothlypis trichas,Common Yellowthroat,0.0106,D:/AcousticMonitoringData/ELDON6_Data/Week16\ELDON6_20250422_052700.wav,20250422
2673,2676,Geothlypis trichas,Common Yellowthroat,0.0878,D:/AcousticMonitoringData/ELDON6_Data/Week16\ELDON6_20250422_052700.wav,20250422
2673,2676,Spizella pusilla,Field Sparrow,0.0436,D:/AcousticMonitoringData/ELDON6_Data/Week16\ELDON6_20250422_052700.wav,20250422
2673,2676,Sturnella magna,Eastern Meadowlark,0.0156,D:/AcousticMonitoringData/ELDON6_Data/Week16\ELDON6_20250422_052700.wav,20250422
2676,2679,Spizella pusilla,Field Sparrow,0.0495,D:/AcousticMonitoringData/ELDON6_Data/Week16\ELDON6_20250422_052700.wav,20250422
2676,2679,Geothlypis trichas,Common Yellowthroat,0.0143,D:/AcousticMonitoringData/ELDON6_Data/Week16\ELDON6_20250422_052700.wav,20250422
2676,2679,Passerina caerulea,Blue Grosbeak,0.0116,D:/AcousticMonitoringData/ELDON6_Data/Week16\ELDON6_20250422_052700.wav,20250422
2676,2679,Sturnella magna,Eastern Meadowlark,0.0111,D:/AcousticMonitoringData/ELDON6_Data/Week16\ELDON6_20250422_052700.wav,20250422
2679,2682,Spizella pusilla,Field Sparrow,0.0483,D:/AcousticMonitoringData/ELDON6_Data/Week16\ELDON6_20250422_052700.wav,20250422
2679,2682,Geothlypis trichas,Common Yellowthroat,0.0204,D:/AcousticMonitoringData/ELDON6_Data/Week16\ELDON6_20250422_052700.wav,20250422
2682,2685,Spizella pusilla,Field Sparrow,0.0506,D:/AcousticMonitoringData/ELDON6_Data/Week16\ELDON6_20250422_052700.wav,20250422
2685,2688,Spizella pusilla,Field Sparrow,0.0462,D:/AcousticMonitoringData/ELDON6_Data/Week16\ELDON6_20250422_052700.wav,20250422
2688,2691,Spizella pusilla,Field Sparrow,0.0196,D:/AcousticMonitoringData/ELDON6_Data/Week16\ELDON6_20250422_052700.wav,20250422
2688,2691,Sturnella magna,Eastern Meadowlark,0.0134,D:/AcousticMonitoringData/ELDON6_Data/Week16\ELDON6_20250422_052700.wav,20250422
2691,2694,Geothlypis trichas,Common Yellowthroat,0.0703,D:/AcousticMonitoringData/ELDON6_Data/Week16\ELDON6_20250422_052700.wav,20250422
2691,2694,Spizella pusilla,Field Sparrow,0.0272,D:/AcousticMonitoringData/ELDON6_Data/Week16\ELDON6_20250422_052700.wav,20250422
2694,2697,Spizella pusilla,Field Sparrow,0.0385,D:/AcousticMonitoringData/ELDON6_Data/Week16\ELDON6_20250422_052700.wav,20250422
2694,2697,Geothlypis trichas,Common Yellowthroat,0.038,D:/AcousticMonitoringData/ELDON6_Data/Week16\ELDON6_20250422_052700.wav,20250422
2697,2700,Spizella pusilla,Field Sparrow,0.2147,D:/AcousticMonitoringData/ELDON6_Data/Week16\ELDON6_20250422_052700.wav,20250422
2700,2703,Geothlypis trichas,Common Yellowthroat,0.0703,D:/AcousticMonitoringData/ELDON6_Data/Week16\ELDON6_20250422_052700.wav,20250422
2700,2703,Spizella pusilla,Field Sparrow,0.0118,D:/AcousticMonitoringData/ELDON6_Data/Week16\ELDON6_20250422_052700.wav,20250422
2703,2706,Geothlypis trichas,Common Yellowthroat,0.1009,D:/AcousticMonitoringData/ELDON6_Data/Week16\ELDON6_20250422_052700.wav,20250422
2703,2706,Spizella pusilla,Field Sparrow,0.0401,D:/AcousticMonitoringData/ELDON6_Data/Week16\ELDON6_20250422_052700.wav,20250422
2703,2706,Passerina caerulea,Blue Grosbeak,0.01,D:/AcousticMonitoringData/ELDON6_Data/Week16\ELDON6_20250422_052700.wav,20250422
2706,2709,Spizella pusilla,Field Sparrow,0.0574,D:/AcousticMonitoringData/ELDON6_Data/Week16\ELDON6_20250422_052700.wav,20250422
2706,2709,Geothlypis trichas,Common Yellowthroat,0.0341,D:/AcousticMonitoringData/ELDON6_Data/Week16\ELDON6_20250422_052700.wav,20250422
2709,2712,Spizella pusilla,Field Sparrow,0.0401,D:/AcousticMonitoringData/ELDON6_Data/Week16\ELDON6_20250422_052700.wav,20250422
2712,2715,Spizella pusilla,Field Sparrow,0.0783,D:/AcousticMonitoringData/ELDON6_Data/Week16\ELDON6_20250422_052700.wav,20250422
2712,2715,Passerina caerulea,Blue Grosbeak,0.0145,D:/AcousticMonitoringData/ELDON6_Data/Week16\ELDON6_20250422_052700.wav,20250422
2715,2718,Geothlypis trichas,Common Yellowthroat,0.0411,D:/AcousticMonitoringData/ELDON6_Data/Week16\ELDON6_20250422_052700.wav,20250422
2715,2718,Spizella pusilla,Field Sparrow,0.0137,D:/AcousticMonitoringData/ELDON6_Data/Week16\ELDON6_20250422_052700.wav,20250422
2718,2721,Sturnella magna,Eastern Meadowlark,0.0338,D:/AcousticMonitoringData/ELDON6_Data/Week16\ELDON6_20250422_052700.wav,20250422
2718,2721,Spizella pusilla,Field Sparrow,0.0269,D:/AcousticMonitoringData/ELDON6_Data/Week16\ELDON6_20250422_052700.wav,20250422
2718,2721,Passerina caerulea,Blue Grosbeak,0.0119,D:/AcousticMonitoringData/ELDON6_Data/Week16\ELDON6_20250422_052700.wav,20250422
2721,2724,Spizella pusilla,Field Sparrow,0.0557,D:/AcousticMonitoringData/ELDON6_Data/Week16\ELDON6_20250422_052700.wav,20250422
2721,2724,Sturnella magna,Eastern Meadowlark,0.019,D:/AcousticMonitoringData/ELDON6_Data/Week16\ELDON6_20250422_052700.wav,20250422
2724,2727,Spizella pusilla,Field Sparrow,0.0502,D:/AcousticMonitoringData/ELDON6_Data/Week16\ELDON6_20250422_052700.wav,20250422
2724,2727,Sturnella magna,Eastern Meadowlark,0.0198,D:/AcousticMonitoringData/ELDON6_Data/Week16\ELDON6_20250422_052700.wav,20250422
2724,2727,Geothlypis trichas,Common Yellowthroat,0.0166,D:/AcousticMonitoringData/ELDON6_Data/Week16\ELDON6_20250422_052700.wav,20250422
2724,2727,Passerina caerulea,Blue Grosbeak,0.0117,D:/AcousticMonitoringData/ELDON6_Data/Week16\ELDON6_20250422_052700.wav,20250422
2727,2730,Geothlypis trichas,Common Yellowthroat,0.0273,D:/AcousticMonitoringData/ELDON6_Data/Week16\ELDON6_20250422_052700.wav,20250422
2727,2730,Spizella pusilla,Field Sparrow,0.0248,D:/AcousticMonitoringData/ELDON6_Data/Week16\ELDON6_20250422_052700.wav,20250422
2730,2733,Spizella pusilla,Field Sparrow,0.0223,D:/AcousticMonitoringData/ELDON6_Data/Week16\ELDON6_20250422_052700.wav,20250422
2733,2736,Spizella pusilla,Field Sparrow,0.0565,D:/AcousticMonitoringData/ELDON6_Data/Week16\ELDON6_20250422_052700.wav,20250422
2733,2736,Geothlypis trichas,Common Yellowthroat,0.0159,D:/AcousticMonitoringData/ELDON6_Data/Week16\ELDON6_20250422_052700.wav,20250422
2733,2736,Passerina caerulea,Blue Grosbeak,0.0102,D:/AcousticMonitoringData/ELDON6_Data/Week16\ELDON6_20250422_052700.wav,20250422
2736,2739,Spizella pusilla,Field Sparrow,0.0268,D:/AcousticMonitoringData/ELDON6_Data/Week16\ELDON6_20250422_052700.wav,20250422
2739,2742,Spizella pusilla,Field Sparrow,0.036,D:/AcousticMonitoringData/ELDON6_Data/Week16\ELDON6_20250422_052700.wav,20250422
2739,2742,Geothlypis trichas,Common Yellowthroat,0.0194,D:/AcousticMonitoringData/ELDON6_Data/Week16\ELDON6_20250422_052700.wav,20250422
2742,2745,Spizella pusilla,Field Sparrow,0.0421,D:/AcousticMonitoringData/ELDON6_Data/Week16\ELDON6_20250422_052700.wav,20250422
2742,2745,Sturnella magna,Eastern Meadowlark,0.0163,D:/AcousticMonitoringData/ELDON6_Data/Week16\ELDON6_20250422_052700.wav,20250422
2742,2745,Passerina caerulea,Blue Grosbeak,0.0114,D:/AcousticMonitoringData/ELDON6_Data/Week16\ELDON6_20250422_052700.wav,20250422
2745,2748,Spizella pusilla,Field Sparrow,0.0725,D:/AcousticMonitoringData/ELDON6_Data/Week16\ELDON6_20250422_052700.wav,20250422
2745,2748,Sturnella magna,Eastern Meadowlark,0.0122,D:/AcousticMonitoringData/ELDON6_Data/Week16\ELDON6_20250422_052700.wav,20250422
2748,2751,Spizella pusilla,Field Sparrow,0.0398,D:/AcousticMonitoringData/ELDON6_Data/Week16\ELDON6_20250422_052700.wav,20250422
2751,2754,Spizella pusilla,Field Sparrow,0.0477,D:/AcousticMonitoringData/ELDON6_Data/Week16\ELDON6_20250422_052700.wav,20250422
2751,2754,Geothlypis trichas,Common Yellowthroat,0.0184,D:/AcousticMonitoringData/ELDON6_Data/Week16\ELDON6_20250422_052700.wav,20250422
2754,2757,Spizella pusilla,Field Sparrow,0.023,D:/AcousticMonitoringData/ELDON6_Data/Week16\ELDON6_20250422_052700.wav,20250422
2757,2760,Spizella pusilla,Field Sparrow,0.0253,D:/AcousticMonitoringData/ELDON6_Data/Week16\ELDON6_20250422_052700.wav,20250422
2760,2763,Spizella pusilla,Field Sparrow,0.1079,D:/AcousticMonitoringData/ELDON6_Data/Week16\ELDON6_20250422_052700.wav,20250422
2760,2763,Sturnella magna,Eastern Meadowlark,0.0165,D:/AcousticMonitoringData/ELDON6_Data/Week16\ELDON6_20250422_052700.wav,20250422
2760,2763,Geothlypis trichas,Common Yellowthroat,0.016,D:/AcousticMonitoringData/ELDON6_Data/Week16\ELDON6_20250422_052700.wav,20250422
2763,2766,Spizella pusilla,Field Sparrow,0.0597,D:/AcousticMonitoringData/ELDON6_Data/Week16\ELDON6_20250422_052700.wav,20250422
2763,2766,Geothlypis trichas,Common Yellowthroat,0.0117,D:/AcousticMonitoringData/ELDON6_Data/Week16\ELDON6_20250422_052700.wav,20250422
2766,2769,Spizella pusilla,Field Sparrow,0.0469,D:/AcousticMonitoringData/ELDON6_Data/Week16\ELDON6_20250422_052700.wav,20250422
2769,2772,Spizella pusilla,Field Sparrow,0.0455,D:/AcousticMonitoringData/ELDON6_Data/Week16\ELDON6_20250422_052700.wav,20250422
2772,2775,Spizella pusilla,Field Sparrow,0.0377,D:/AcousticMonitoringData/ELDON6_Data/Week16\ELDON6_20250422_052700.wav,20250422
2772,2775,Geothlypis trichas,Common Yellowthroat,0.0124,D:/AcousticMonitoringData/ELDON6_Data/Week16\ELDON6_20250422_052700.wav,20250422
2775,2778,Sturnella magna,Eastern Meadowlark,0.0374,D:/AcousticMonitoringData/ELDON6_Data/Week16\ELDON6_20250422_052700.wav,20250422
2775,2778,Spizella pusilla,Field Sparrow,0.0166,D:/AcousticMonitoringData/ELDON6_Data/Week16\ELDON6_20250422_052700.wav,20250422
2778,2781,Spizella pusilla,Field Sparrow,0.0134,D:/AcousticMonitoringData/ELDON6_Data/Week16\ELDON6_20250422_052700.wav,20250422
2778,2781,Sturnella magna,Eastern Meadowlark,0.0107,D:/AcousticMonitoringData/ELDON6_Data/Week16\ELDON6_20250422_052700.wav,20250422
2781,2784,Spizella pusilla,Field Sparrow,0.0464,D:/AcousticMonitoringData/ELDON6_Data/Week16\ELDON6_20250422_052700.wav,20250422
2784,2787,Spizella pusilla,Field Sparrow,0.032,D:/AcousticMonitoringData/ELDON6_Data/Week16\ELDON6_20250422_052700.wav,20250422
2784,2787,Geothlypis trichas,Common Yellowthroat,0.0154,D:/AcousticMonitoringData/ELDON6_Data/Week16\ELDON6_20250422_052700.wav,20250422
2787,2790,Spizella pusilla,Field Sparrow,0.1021,D:/AcousticMonitoringData/ELDON6_Data/Week16\ELDON6_20250422_052700.wav,20250422
2787,2790,Geothlypis trichas,Common Yellowthroat,0.0192,D:/AcousticMonitoringData/ELDON6_Data/Week16\ELDON6_20250422_052700.wav,20250422
2790,2793,Spizella pusilla,Field Sparrow,0.054,D:/AcousticMonitoringData/ELDON6_Data/Week16\ELDON6_20250422_052700.wav,20250422
2790,2793,Geothlypis trichas,Common Yellowthroat,0.0113,D:/AcousticMonitoringData/ELDON6_Data/Week16\ELDON6_20250422_052700.wav,20250422
2793,2796,Spizella pusilla,Field Sparrow,0.0293,D:/AcousticMonitoringData/ELDON6_Data/Week16\ELDON6_20250422_052700.wav,20250422
2793,2796,Geothlypis trichas,Common Yellowthroat,0.0273,D:/AcousticMonitoringData/ELDON6_Data/Week16\ELDON6_20250422_052700.wav,20250422
2796,2799,Geothlypis trichas,Common Yellowthroat,0.049,D:/AcousticMonitoringData/ELDON6_Data/Week16\ELDON6_20250422_052700.wav,20250422
2796,2799,Spizella pusilla,Field Sparrow,0.0485,D:/AcousticMonitoringData/ELDON6_Data/Week16\ELDON6_20250422_052700.wav,20250422
2799,2802,Geothlypis trichas,Common Yellowthroat,0.0587,D:/AcousticMonitoringData/ELDON6_Data/Week16\ELDON6_20250422_052700.wav,20250422
2799,2802,Spizella pusilla,Field Sparrow,0.0267,D:/AcousticMonitoringData/ELDON6_Data/Week16\ELDON6_20250422_052700.wav,20250422
2802,2805,Spizella pusilla,Field Sparrow,0.0327,D:/AcousticMonitoringData/ELDON6_Data/Week16\ELDON6_20250422_052700.wav,20250422
2808,2811,Spizella pusilla,Field Sparrow,0.0672,D:/AcousticMonitoringData/ELDON6_Data/Week16\ELDON6_20250422_052700.wav,20250422
2808,2811,Geothlypis trichas,Common Yellowthroat,0.0204,D:/AcousticMonitoringData/ELDON6_Data/Week16\ELDON6_20250422_052700.wav,20250422
2808,2811,Sturnella magna,Eastern Meadowlark,0.0114,D:/AcousticMonitoringData/ELDON6_Data/Week16\ELDON6_20250422_052700.wav,20250422
2811,2814,Spizella pusilla,Field Sparrow,0.0241,D:/AcousticMonitoringData/ELDON6_Data/Week16\ELDON6_20250422_052700.wav,20250422
2814,2817,Spizella pusilla,Field Sparrow,0.05,D:/AcousticMonitoringData/ELDON6_Data/Week16\ELDON6_20250422_052700.wav,20250422
2814,2817,Geothlypis trichas,Common Yellowthroat,0.0213,D:/AcousticMonitoringData/ELDON6_Data/Week16\ELDON6_20250422_052700.wav,20250422
2814,2817,Sturnella magna,Eastern Meadowlark,0.0183,D:/AcousticMonitoringData/ELDON6_Data/Week16\ELDON6_20250422_052700.wav,20250422
2817,2820,Spizella pusilla,Field Sparrow,0.0724,D:/AcousticMonitoringData/ELDON6_Data/Week16\ELDON6_20250422_052700.wav,20250422
2817,2820,Geothlypis trichas,Common Yellowthroat,0.0101,D:/AcousticMonitoringData/ELDON6_Data/Week16\ELDON6_20250422_052700.wav,20250422
2820,2823,Geothlypis trichas,Common Yellowthroat,0.0513,D:/AcousticMonitoringData/ELDON6_Data/Week16\ELDON6_20250422_052700.wav,20250422
2820,2823,Spizella pusilla,Field Sparrow,0.0471,D:/AcousticMonitoringData/ELDON6_Data/Week16\ELDON6_20250422_052700.wav,20250422
2820,2823,Sturnella magna,Eastern Meadowlark,0.0303,D:/AcousticMonitoringData/ELDON6_Data/Week16\ELDON6_20250422_052700.wav,20250422
2820,2823,Passerina caerulea,Blue Grosbeak,0.0235,D:/AcousticMonitoringData/ELDON6_Data/Week16\ELDON6_20250422_052700.wav,20250422
2823,2826,Spizella pusilla,Field Sparrow,0.067,D:/AcousticMonitoringData/ELDON6_Data/Week16\ELDON6_20250422_052700.wav,20250422
2823,2826,Geothlypis trichas,Common Yellowthroat,0.0613,D:/AcousticMonitoringData/ELDON6_Data/Week16\ELDON6_20250422_052700.wav,20250422
2823,2826,Sturnella magna,Eastern Meadowlark,0.0271,D:/AcousticMonitoringData/ELDON6_Data/Week16\ELDON6_20250422_052700.wav,20250422
2826,2829,Geothlypis trichas,Common Yellowthroat,0.0731,D:/AcousticMonitoringData/ELDON6_Data/Week16\ELDON6_20250422_052700.wav,20250422
2826,2829,Spizella pusilla,Field Sparrow,0.0263,D:/AcousticMonitoringData/ELDON6_Data/Week16\ELDON6_20250422_052700.wav,20250422
2826,2829,Sturnella magna,Eastern Meadowlark,0.0172,D:/AcousticMonitoringData/ELDON6_Data/Week16\ELDON6_20250422_052700.wav,20250422
2829,2832,Sturnella magna,Eastern Meadowlark,0.0361,D:/AcousticMonitoringData/ELDON6_Data/Week16\ELDON6_20250422_052700.wav,20250422
2829,2832,Spizella pusilla,Field Sparrow,0.0204,D:/AcousticMonitoringData/ELDON6_Data/Week16\ELDON6_20250422_052700.wav,20250422
2829,2832,Geothlypis trichas,Common Yellowthroat,0.0154,D:/AcousticMonitoringData/ELDON6_Data/Week16\ELDON6_20250422_052700.wav,20250422
2832,2835,Geothlypis trichas,Common Yellowthroat,0.0634,D:/AcousticMonitoringData/ELDON6_Data/Week16\ELDON6_20250422_052700.wav,20250422
2832,2835,Spizella pusilla,Field Sparrow,0.0511,D:/AcousticMonitoringData/ELDON6_Data/Week16\ELDON6_20250422_052700.wav,20250422
2835,2838,Spizella pusilla,Field Sparrow,0.0281,D:/AcousticMonitoringData/ELDON6_Data/Week16\ELDON6_20250422_052700.wav,20250422
2835,2838,Geothlypis trichas,Common Yellowthroat,0.0234,D:/AcousticMonitoringData/ELDON6_Data/Week16\ELDON6_20250422_052700.wav,20250422
2838,2841,Geothlypis trichas,Common Yellowthroat,0.0856,D:/AcousticMonitoringData/ELDON6_Data/Week16\ELDON6_20250422_052700.wav,20250422
2838,2841,Spizella pusilla,Field Sparrow,0.0123,D:/AcousticMonitoringData/ELDON6_Data/Week16\ELDON6_20250422_052700.wav,20250422
2838,2841,Passerina caerulea,Blue Grosbeak,0.0103,D:/AcousticMonitoringData/ELDON6_Data/Week16\ELDON6_20250422_052700.wav,20250422
2844,2847,Spizella pusilla,Field Sparrow,0.0243,D:/AcousticMonitoringData/ELDON6_Data/Week16\ELDON6_20250422_052700.wav,20250422
2844,2847,Geothlypis trichas,Common Yellowthroat,0.0242,D:/AcousticMonitoringData/ELDON6_Data/Week16\ELDON6_20250422_052700.wav,20250422
2847,2850,Spizella pusilla,Field Sparrow,0.0349,D:/AcousticMonitoringData/ELDON6_Data/Week16\ELDON6_20250422_052700.wav,20250422
2847,2850,Sturnella magna,Eastern Meadowlark,0.0154,D:/AcousticMonitoringData/ELDON6_Data/Week16\ELDON6_20250422_052700.wav,20250422
2850,2853,Geothlypis trichas,Common Yellowthroat,0.0976,D:/AcousticMonitoringData/ELDON6_Data/Week16\ELDON6_20250422_052700.wav,20250422
2850,2853,Spizella pusilla,Field Sparrow,0.0531,D:/AcousticMonitoringData/ELDON6_Data/Week16\ELDON6_20250422_052700.wav,20250422
2850,2853,Passerina caerulea,Blue Grosbeak,0.0284,D:/AcousticMonitoringData/ELDON6_Data/Week16\ELDON6_20250422_052700.wav,20250422
2850,2853,Sturnella magna,Eastern Meadowlark,0.0158,D:/AcousticMonitoringData/ELDON6_Data/Week16\ELDON6_20250422_052700.wav,20250422
2853,2856,Geothlypis trichas,Common Yellowthroat,0.0115,D:/AcousticMonitoringData/ELDON6_Data/Week16\ELDON6_20250422_052700.wav,20250422
2853,2856,Spizella pusilla,Field Sparrow,0.0111,D:/AcousticMonitoringData/ELDON6_Data/Week16\ELDON6_20250422_052700.wav,20250422
2856,2859,Geothlypis trichas,Common Yellowthroat,0.0748,D:/AcousticMonitoringData/ELDON6_Data/Week16\ELDON6_20250422_052700.wav,20250422
2856,2859,Passerina caerulea,Blue Grosbeak,0.0237,D:/AcousticMonitoringData/ELDON6_Data/Week16\ELDON6_20250422_052700.wav,20250422
2856,2859,Spizella pusilla,Field Sparrow,0.0189,D:/AcousticMonitoringData/ELDON6_Data/Week16\ELDON6_20250422_052700.wav,20250422
2856,2859,Sturnella magna,Eastern Meadowlark,0.0165,D:/AcousticMonitoringData/ELDON6_Data/Week16\ELDON6_20250422_052700.wav,20250422
2859,2862,Spizella pusilla,Field Sparrow,0.0652,D:/AcousticMonitoringData/ELDON6_Data/Week16\ELDON6_20250422_052700.wav,20250422
2859,2862,Geothlypis trichas,Common Yellowthroat,0.013,D:/AcousticMonitoringData/ELDON6_Data/Week16\ELDON6_20250422_052700.wav,20250422
2859,2862,Sturnella magna,Eastern Meadowlark,0.0127,D:/AcousticMonitoringData/ELDON6_Data/Week16\ELDON6_20250422_052700.wav,20250422
2862,2865,Spizella pusilla,Field Sparrow,0.0353,D:/AcousticMonitoringData/ELDON6_Data/Week16\ELDON6_20250422_052700.wav,20250422
2862,2865,Geothlypis trichas,Common Yellowthroat,0.0232,D:/AcousticMonitoringData/ELDON6_Data/Week16\ELDON6_20250422_052700.wav,20250422
2862,2865,Sturnella magna,Eastern Meadowlark,0.015,D:/AcousticMonitoringData/ELDON6_Data/Week16\ELDON6_20250422_052700.wav,20250422
2862,2865,Passerina caerulea,Blue Grosbeak,0.0116,D:/AcousticMonitoringData/ELDON6_Data/Week16\ELDON6_20250422_052700.wav,20250422
2865,2868,Spizella pusilla,Field Sparrow,0.1429,D:/AcousticMonitoringData/ELDON6_Data/Week16\ELDON6_20250422_052700.wav,20250422
2865,2868,Geothlypis trichas,Common Yellowthroat,0.0399,D:/AcousticMonitoringData/ELDON6_Data/Week16\ELDON6_20250422_052700.wav,20250422
2865,2868,Sturnella magna,Eastern Meadowlark,0.0299,D:/AcousticMonitoringData/ELDON6_Data/Week16\ELDON6_20250422_052700.wav,20250422
2865,2868,Passerina caerulea,Blue Grosbeak,0.0101,D:/AcousticMonitoringData/ELDON6_Data/Week16\ELDON6_20250422_052700.wav,20250422
2868,2871,Spizella pusilla,Field Sparrow,0.0267,D:/AcousticMonitoringData/ELDON6_Data/Week16\ELDON6_20250422_052700.wav,20250422
2868,2871,Sturnella magna,Eastern Meadowlark,0.0142,D:/AcousticMonitoringData/ELDON6_Data/Week16\ELDON6_20250422_052700.wav,20250422
2871,2874,Spizella pusilla,Field Sparrow,0.0241,D:/AcousticMonitoringData/ELDON6_Data/Week16\ELDON6_20250422_052700.wav,20250422
2871,2874,Geothlypis trichas,Common Yellowthroat,0.0161,D:/AcousticMonitoringData/ELDON6_Data/Week16\ELDON6_20250422_052700.wav,20250422
2874,2877,Geothlypis trichas,Common Yellowthroat,0.0708,D:/AcousticMonitoringData/ELDON6_Data/Week16\ELDON6_20250422_052700.wav,20250422
2874,2877,Spizella pusilla,Field Sparrow,0.0536,D:/AcousticMonitoringData/ELDON6_Data/Week16\ELDON6_20250422_052700.wav,20250422
2877,2880,Sturnella magna,Eastern Meadowlark,0.0225,D:/AcousticMonitoringData/ELDON6_Data/Week16\ELDON6_20250422_052700.wav,20250422
2877,2880,Spizella pusilla,Field Sparrow,0.0218,D:/AcousticMonitoringData/ELDON6_Data/Week16\ELDON6_20250422_052700.wav,20250422
2880,2883,Geothlypis trichas,Common Yellowthroat,0.0661,D:/AcousticMonitoringData/ELDON6_Data/Week16\ELDON6_20250422_052700.wav,20250422
2880,2883,Spizella pusilla,Field Sparrow,0.0413,D:/AcousticMonitoringData/ELDON6_Data/Week16\ELDON6_20250422_052700.wav,20250422
2880,2883,Passerina caerulea,Blue Grosbeak,0.011,D:/AcousticMonitoringData/ELDON6_Data/Week16\ELDON6_20250422_052700.wav,20250422
2883,2886,Geothlypis trichas,Common Yellowthroat,0.0716,D:/AcousticMonitoringData/ELDON6_Data/Week16\ELDON6_20250422_052700.wav,20250422
2883,2886,Spizella pusilla,Field Sparrow,0.0348,D:/AcousticMonitoringData/ELDON6_Data/Week16\ELDON6_20250422_052700.wav,20250422
2883,2886,Sturnella magna,Eastern Meadowlark,0.0135,D:/AcousticMonitoringData/ELDON6_Data/Week16\ELDON6_20250422_052700.wav,20250422
2886,2889,Spizella pusilla,Field Sparrow,0.0285,D:/AcousticMonitoringData/ELDON6_Data/Week16\ELDON6_20250422_052700.wav,20250422
2886,2889,Sturnella magna,Eastern Meadowlark,0.0225,D:/AcousticMonitoringData/ELDON6_Data/Week16\ELDON6_20250422_052700.wav,20250422
2886,2889,Geothlypis trichas,Common Yellowthroat,0.0132,D:/AcousticMonitoringData/ELDON6_Data/Week16\ELDON6_20250422_052700.wav,20250422
2886,2889,Passerina caerulea,Blue Grosbeak,0.0115,D:/AcousticMonitoringData/ELDON6_Data/Week16\ELDON6_20250422_052700.wav,20250422
2889,2892,Spizella pusilla,Field Sparrow,0.0585,D:/AcousticMonitoringData/ELDON6_Data/Week16\ELDON6_20250422_052700.wav,20250422
2889,2892,Geothlypis trichas,Common Yellowthroat,0.0278,D:/AcousticMonitoringData/ELDON6_Data/Week16\ELDON6_20250422_052700.wav,20250422
2889,2892,Sturnella magna,Eastern Meadowlark,0.0178,D:/AcousticMonitoringData/ELDON6_Data/Week16\ELDON6_20250422_052700.wav,20250422
2889,2892,Passerina caerulea,Blue Grosbeak,0.0162,D:/AcousticMonitoringData/ELDON6_Data/Week16\ELDON6_20250422_052700.wav,20250422
2892,2895,Sturnella magna,Eastern Meadowlark,0.029,D:/AcousticMonitoringData/ELDON6_Data/Week16\ELDON6_20250422_052700.wav,20250422
2892,2895,Spizella pusilla,Field Sparrow,0.0212,D:/AcousticMonitoringData/ELDON6_Data/Week16\ELDON6_20250422_052700.wav,20250422
2892,2895,Geothlypis trichas,Common Yellowthroat,0.0158,D:/AcousticMonitoringData/ELDON6_Data/Week16\ELDON6_20250422_052700.wav,20250422
2895,2898,Spizella pusilla,Field Sparrow,0.038,D:/AcousticMonitoringData/ELDON6_Data/Week16\ELDON6_20250422_052700.wav,20250422
2895,2898,Geothlypis trichas,Common Yellowthroat,0.0288,D:/AcousticMonitoringData/ELDON6_Data/Week16\ELDON6_20250422_052700.wav,20250422
2898,2901,Spizella pusilla,Field Sparrow,0.0391,D:/AcousticMonitoringData/ELDON6_Data/Week16\ELDON6_20250422_052700.wav,20250422
2898,2901,Geothlypis trichas,Common Yellowthroat,0.0189,D:/AcousticMonitoringData/ELDON6_Data/Week16\ELDON6_20250422_052700.wav,20250422
2898,2901,Sturnella magna,Eastern Meadowlark,0.018,D:/AcousticMonitoringData/ELDON6_Data/Week16\ELDON6_20250422_052700.wav,20250422
2898,2901,Passerina caerulea,Blue Grosbeak,0.0115,D:/AcousticMonitoringData/ELDON6_Data/Week16\ELDON6_20250422_052700.wav,20250422
2901,2904,Spizella pusilla,Field Sparrow,0.017,D:/AcousticMonitoringData/ELDON6_Data/Week16\ELDON6_20250422_052700.wav,20250422
2901,2904,Geothlypis trichas,Common Yellowthroat,0.0161,D:/AcousticMonitoringData/ELDON6_Data/Week16\ELDON6_20250422_052700.wav,20250422
2904,2907,Spizella pusilla,Field Sparrow,0.0321,D:/AcousticMonitoringData/ELDON6_Data/Week16\ELDON6_20250422_052700.wav,20250422
2907,2910,Passerina caerulea,Blue Grosbeak,0.0697,D:/AcousticMonitoringData/ELDON6_Data/Week16\ELDON6_20250422_052700.wav,20250422
2907,2910,Spizella pusilla,Field Sparrow,0.0377,D:/AcousticMonitoringData/ELDON6_Data/Week16\ELDON6_20250422_052700.wav,20250422
2910,2913,Spizella pusilla,Field Sparrow,0.0245,D:/AcousticMonitoringData/ELDON6_Data/Week16\ELDON6_20250422_052700.wav,20250422
2910,2913,Sturnella magna,Eastern Meadowlark,0.0179,D:/AcousticMonitoringData/ELDON6_Data/Week16\ELDON6_20250422_052700.wav,20250422
2910,2913,Geothlypis trichas,Common Yellowthroat,0.013,D:/AcousticMonitoringData/ELDON6_Data/Week16\ELDON6_20250422_052700.wav,20250422
2913,2916,Spizella pusilla,Field Sparrow,0.0283,D:/AcousticMonitoringData/ELDON6_Data/Week16\ELDON6_20250422_052700.wav,20250422
2913,2916,Sturnella magna,Eastern Meadowlark,0.0157,D:/AcousticMonitoringData/ELDON6_Data/Week16\ELDON6_20250422_052700.wav,20250422
2913,2916,Geothlypis trichas,Common Yellowthroat,0.0155,D:/AcousticMonitoringData/ELDON6_Data/Week16\ELDON6_20250422_052700.wav,20250422
2919,2922,Geothlypis trichas,Common Yellowthroat,0.0407,D:/AcousticMonitoringData/ELDON6_Data/Week16\ELDON6_20250422_052700.wav,20250422
2919,2922,Spizella pusilla,Field Sparrow,0.0186,D:/AcousticMonitoringData/ELDON6_Data/Week16\ELDON6_20250422_052700.wav,20250422
2919,2922,Sturnella magna,Eastern Meadowlark,0.012,D:/AcousticMonitoringData/ELDON6_Data/Week16\ELDON6_20250422_052700.wav,20250422
2919,2922,Passerina caerulea,Blue Grosbeak,0.0113,D:/AcousticMonitoringData/ELDON6_Data/Week16\ELDON6_20250422_052700.wav,20250422
2925,2928,Geothlypis trichas,Common Yellowthroat,0.0335,D:/AcousticMonitoringData/ELDON6_Data/Week16\ELDON6_20250422_052700.wav,20250422
2925,2928,Spizella pusilla,Field Sparrow,0.028,D:/AcousticMonitoringData/ELDON6_Data/Week16\ELDON6_20250422_052700.wav,20250422
2928,2931,Geothlypis trichas,Common Yellowthroat,0.0288,D:/AcousticMonitoringData/ELDON6_Data/Week16\ELDON6_20250422_052700.wav,20250422
2928,2931,Spizella pusilla,Field Sparrow,0.0234,D:/AcousticMonitoringData/ELDON6_Data/Week16\ELDON6_20250422_052700.wav,20250422
2928,2931,Sturnella magna,Eastern Meadowlark,0.0135,D:/AcousticMonitoringData/ELDON6_Data/Week16\ELDON6_20250422_052700.wav,20250422
2931,2934,Spizella pusilla,Field Sparrow,0.0813,D:/AcousticMonitoringData/ELDON6_Data/Week16\ELDON6_20250422_052700.wav,20250422
2931,2934,Sturnella magna,Eastern Meadowlark,0.0203,D:/AcousticMonitoringData/ELDON6_Data/Week16\ELDON6_20250422_052700.wav,20250422
2931,2934,Geothlypis trichas,Common Yellowthroat,0.0165,D:/AcousticMonitoringData/ELDON6_Data/Week16\ELDON6_20250422_052700.wav,20250422
2931,2934,Passerina caerulea,Blue Grosbeak,0.0134,D:/AcousticMonitoringData/ELDON6_Data/Week16\ELDON6_20250422_052700.wav,20250422
2934,2937,Spizella pusilla,Field Sparrow,0.068,D:/AcousticMonitoringData/ELDON6_Data/Week16\ELDON6_20250422_052700.wav,20250422
2934,2937,Geothlypis trichas,Common Yellowthroat,0.0653,D:/AcousticMonitoringData/ELDON6_Data/Week16\ELDON6_20250422_052700.wav,20250422
2934,2937,Sturnella magna,Eastern Meadowlark,0.0167,D:/AcousticMonitoringData/ELDON6_Data/Week16\ELDON6_20250422_052700.wav,20250422
2934,2937,Passerina caerulea,Blue Grosbeak,0.0113,D:/AcousticMonitoringData/ELDON6_Data/Week16\ELDON6_20250422_052700.wav,20250422
2937,2940,Geothlypis trichas,Common Yellowthroat,0.0543,D:/AcousticMonitoringData/ELDON6_Data/Week16\ELDON6_20250422_052700.wav,20250422
2937,2940,Spizella pusilla,Field Sparrow,0.0194,D:/AcousticMonitoringData/ELDON6_Data/Week16\ELDON6_20250422_052700.wav,20250422
2940,2943,Sturnella magna,Eastern Meadowlark,0.023,D:/AcousticMonitoringData/ELDON6_Data/Week16\ELDON6_20250422_052700.wav,20250422
2940,2943,Geothlypis trichas,Common Yellowthroat,0.0123,D:/AcousticMonitoringData/ELDON6_Data/Week16\ELDON6_20250422_052700.wav,20250422
2943,2946,Geothlypis trichas,Common Yellowthroat,0.0757,D:/AcousticMonitoringData/ELDON6_Data/Week16\ELDON6_20250422_052700.wav,20250422
2943,2946,Spizella pusilla,Field Sparrow,0.0176,D:/AcousticMonitoringData/ELDON6_Data/Week16\ELDON6_20250422_052700.wav,20250422
2946,2949,Spizella pusilla,Field Sparrow,0.0874,D:/AcousticMonitoringData/ELDON6_Data/Week16\ELDON6_20250422_052700.wav,20250422
2946,2949,Sturnella magna,Eastern Meadowlark,0.0361,D:/AcousticMonitoringData/ELDON6_Data/Week16\ELDON6_20250422_052700.wav,20250422
2946,2949,Geothlypis trichas,Common Yellowthroat,0.0219,D:/AcousticMonitoringData/ELDON6_Data/Week16\ELDON6_20250422_052700.wav,20250422
2946,2949,Passerina caerulea,Blue Grosbeak,0.0161,D:/AcousticMonitoringData/ELDON6_Data/Week16\ELDON6_20250422_052700.wav,20250422
2949,2952,Geothlypis trichas,Common Yellowthroat,0.1179,D:/AcousticMonitoringData/ELDON6_Data/Week16\ELDON6_20250422_052700.wav,20250422
2949,2952,Spizella pusilla,Field Sparrow,0.0261,D:/AcousticMonitoringData/ELDON6_Data/Week16\ELDON6_20250422_052700.wav,20250422
2952,2955,Geothlypis trichas,Common Yellowthroat,0.1202,D:/AcousticMonitoringData/ELDON6_Data/Week16\ELDON6_20250422_052700.wav,20250422
2952,2955,Spizella pusilla,Field Sparrow,0.0347,D:/AcousticMonitoringData/ELDON6_Data/Week16\ELDON6_20250422_052700.wav,20250422
2952,2955,Passerina caerulea,Blue Grosbeak,0.0123,D:/AcousticMonitoringData/ELDON6_Data/Week16\ELDON6_20250422_052700.wav,20250422
2955,2958,Sturnella magna,Eastern Meadowlark,0.0218,D:/AcousticMonitoringData/ELDON6_Data/Week16\ELDON6_20250422_052700.wav,20250422
2955,2958,Spizella pusilla,Field Sparrow,0.0124,D:/AcousticMonitoringData/ELDON6_Data/Week16\ELDON6_20250422_052700.wav,20250422
2958,2961,Geothlypis trichas,Common Yellowthroat,0.0241,D:/AcousticMonitoringData/ELDON6_Data/Week16\ELDON6_20250422_052700.wav,20250422
2958,2961,Spizella pusilla,Field Sparrow,0.0239,D:/AcousticMonitoringData/ELDON6_Data/Week16\ELDON6_20250422_052700.wav,20250422
2961,2964,Spizella pusilla,Field Sparrow,0.0548,D:/AcousticMonitoringData/ELDON6_Data/Week16\ELDON6_20250422_052700.wav,20250422
2961,2964,Geothlypis trichas,Common Yellowthroat,0.0492,D:/AcousticMonitoringData/ELDON6_Data/Week16\ELDON6_20250422_052700.wav,20250422
2964,2967,Spizella pusilla,Field Sparrow,0.0743,D:/AcousticMonitoringData/ELDON6_Data/Week16\ELDON6_20250422_052700.wav,20250422
2964,2967,Geothlypis trichas,Common Yellowthroat,0.0387,D:/AcousticMonitoringData/ELDON6_Data/Week16\ELDON6_20250422_052700.wav,20250422
2964,2967,Sturnella magna,Eastern Meadowlark,0.0272,D:/AcousticMonitoringData/ELDON6_Data/Week16\ELDON6_20250422_052700.wav,20250422
2964,2967,Passerina caerulea,Blue Grosbeak,0.0148,D:/AcousticMonitoringData/ELDON6_Data/Week16\ELDON6_20250422_052700.wav,20250422
2967,2970,Passerina caerulea,Blue Grosbeak,0.0311,D:/AcousticMonitoringData/ELDON6_Data/Week16\ELDON6_20250422_052700.wav,20250422
2967,2970,Geothlypis trichas,Common Yellowthroat,0.0243,D:/AcousticMonitoringData/ELDON6_Data/Week16\ELDON6_20250422_052700.wav,20250422
2967,2970,Spizella pusilla,Field Sparrow,0.0233,D:/AcousticMonitoringData/ELDON6_Data/Week16\ELDON6_20250422_052700.wav,20250422
2967,2970,Sturnella magna,Eastern Meadowlark,0.0125,D:/AcousticMonitoringData/ELDON6_Data/Week16\ELDON6_20250422_052700.wav,20250422
2970,2973,Geothlypis trichas,Common Yellowthroat,0.0961,D:/AcousticMonitoringData/ELDON6_Data/Week16\ELDON6_20250422_052700.wav,20250422
2970,2973,Spizella pusilla,Field Sparrow,0.035,D:/AcousticMonitoringData/ELDON6_Data/Week16\ELDON6_20250422_052700.wav,20250422
2970,2973,Passerina caerulea,Blue Grosbeak,0.0194,D:/AcousticMonitoringData/ELDON6_Data/Week16\ELDON6_20250422_052700.wav,20250422
2970,2973,Sturnella magna,Eastern Meadowlark,0.0112,D:/AcousticMonitoringData/ELDON6_Data/Week16\ELDON6_20250422_052700.wav,20250422
2973,2976,Spizella pusilla,Field Sparrow,0.029,D:/AcousticMonitoringData/ELDON6_Data/Week16\ELDON6_20250422_052700.wav,20250422
2973,2976,Sturnella magna,Eastern Meadowlark,0.0144,D:/AcousticMonitoringData/ELDON6_Data/Week16\ELDON6_20250422_052700.wav,20250422
2976,2979,Spizella pusilla,Field Sparrow,0.0163,D:/AcousticMonitoringData/ELDON6_Data/Week16\ELDON6_20250422_052700.wav,20250422
2976,2979,Passerina caerulea,Blue Grosbeak,0.012,D:/AcousticMonitoringData/ELDON6_Data/Week16\ELDON6_20250422_052700.wav,20250422
2979,2982,Passerina caerulea,Blue Grosbeak,0.0366,D:/AcousticMonitoringData/ELDON6_Data/Week16\ELDON6_20250422_052700.wav,20250422
2979,2982,Spizella pusilla,Field Sparrow,0.0346,D:/AcousticMonitoringData/ELDON6_Data/Week16\ELDON6_20250422_052700.wav,20250422
2979,2982,Sturnella magna,Eastern Meadowlark,0.0315,D:/AcousticMonitoringData/ELDON6_Data/Week16\ELDON6_20250422_052700.wav,20250422
2979,2982,Geothlypis trichas,Common Yellowthroat,0.0111,D:/AcousticMonitoringData/ELDON6_Data/Week16\ELDON6_20250422_052700.wav,20250422
2982,2985,Spizella pusilla,Field Sparrow,0.053,D:/AcousticMonitoringData/ELDON6_Data/Week16\ELDON6_20250422_052700.wav,20250422
2982,2985,Geothlypis trichas,Common Yellowthroat,0.034,D:/AcousticMonitoringData/ELDON6_Data/Week16\ELDON6_20250422_052700.wav,20250422
2982,2985,Passerina caerulea,Blue Grosbeak,0.0154,D:/AcousticMonitoringData/ELDON6_Data/Week16\ELDON6_20250422_052700.wav,20250422
2985,2988,Spizella pusilla,Field Sparrow,0.0271,D:/AcousticMonitoringData/ELDON6_Data/Week16\ELDON6_20250422_052700.wav,20250422
2985,2988,Passerina caerulea,Blue Grosbeak,0.0225,D:/AcousticMonitoringData/ELDON6_Data/Week16\ELDON6_20250422_052700.wav,20250422
2985,2988,Geothlypis trichas,Common Yellowthroat,0.0175,D:/AcousticMonitoringData/ELDON6_Data/Week16\ELDON6_20250422_052700.wav,20250422
2985,2988,Sturnella magna,Eastern Meadowlark,0.0126,D:/AcousticMonitoringData/ELDON6_Data/Week16\ELDON6_20250422_052700.wav,20250422
2988,2991,Spizella pusilla,Field Sparrow,0.0446,D:/AcousticMonitoringData/ELDON6_Data/Week16\ELDON6_20250422_052700.wav,20250422
2988,2991,Passerina caerulea,Blue Grosbeak,0.0147,D:/AcousticMonitoringData/ELDON6_Data/Week16\ELDON6_20250422_052700.wav,20250422
2988,2991,Sturnella magna,Eastern Meadowlark,0.0109,D:/AcousticMonitoringData/ELDON6_Data/Week16\ELDON6_20250422_052700.wav,20250422
2991,2994,Spizella pusilla,Field Sparrow,0.0405,D:/AcousticMonitoringData/ELDON6_Data/Week16\ELDON6_20250422_052700.wav,20250422
2991,2994,Geothlypis trichas,Common Yellowthroat,0.0328,D:/AcousticMonitoringData/ELDON6_Data/Week16\ELDON6_20250422_052700.wav,20250422
2991,2994,Passerina caerulea,Blue Grosbeak,0.0104,D:/AcousticMonitoringData/ELDON6_Data/Week16\ELDON6_20250422_052700.wav,20250422
2994,2997,Spizella pusilla,Field Sparrow,0.0269,D:/AcousticMonitoringData/ELDON6_Data/Week16\ELDON6_20250422_052700.wav,20250422
2994,2997,Geothlypis trichas,Common Yellowthroat,0.0135,D:/AcousticMonitoringData/ELDON6_Data/Week16\ELDON6_20250422_052700.wav,20250422
2994,2997,Passerina caerulea,Blue Grosbeak,0.012,D:/AcousticMonitoringData/ELDON6_Data/Week16\ELDON6_20250422_052700.wav,20250422
2997,3000,Spizella pusilla,Field Sparrow,0.0241,D:/AcousticMonitoringData/ELDON6_Data/Week16\ELDON6_20250422_052700.wav,20250422
2997,3000,Passerina caerulea,Blue Grosbeak,0.0159,D:/AcousticMonitoringData/ELDON6_Data/Week16\ELDON6_20250422_052700.wav,20250422
2997,3000,Geothlypis trichas,Common Yellowthroat,0.0131,D:/AcousticMonitoringData/ELDON6_Data/Week16\ELDON6_20250422_052700.wav,20250422
3000,3003,Geothlypis trichas,Common Yellowthroat,0.0632,D:/AcousticMonitoringData/ELDON6_Data/Week16\ELDON6_20250422_052700.wav,20250422
3000,3003,Spizella pusilla,Field Sparrow,0.0399,D:/AcousticMonitoringData/ELDON6_Data/Week16\ELDON6_20250422_052700.wav,20250422
3000,3003,Sturnella magna,Eastern Meadowlark,0.0116,D:/AcousticMonitoringData/ELDON6_Data/Week16\ELDON6_20250422_052700.wav,20250422
3000,3003,Passerina caerulea,Blue Grosbeak,0.0104,D:/AcousticMonitoringData/ELDON6_Data/Week16\ELDON6_20250422_052700.wav,20250422
3003,3006,Spizella pusilla,Field Sparrow,0.0334,D:/AcousticMonitoringData/ELDON6_Data/Week16\ELDON6_20250422_052700.wav,20250422
3006,3009,Geothlypis trichas,Common Yellowthroat,0.0488,D:/AcousticMonitoringData/ELDON6_Data/Week16\ELDON6_20250422_052700.wav,20250422
3006,3009,Passerina caerulea,Blue Grosbeak,0.0367,D:/AcousticMonitoringData/ELDON6_Data/Week16\ELDON6_20250422_052700.wav,20250422
3006,3009,Spizella pusilla,Field Sparrow,0.0336,D:/AcousticMonitoringData/ELDON6_Data/Week16\ELDON6_20250422_052700.wav,20250422
3009,3012,Geothlypis trichas,Common Yellowthroat,0.0596,D:/AcousticMonitoringData/ELDON6_Data/Week16\ELDON6_20250422_052700.wav,20250422
3009,3012,Spizella pusilla,Field Sparrow,0.0523,D:/AcousticMonitoringData/ELDON6_Data/Week16\ELDON6_20250422_052700.wav,20250422
3009,3012,Passerina caerulea,Blue Grosbeak,0.0155,D:/AcousticMonitoringData/ELDON6_Data/Week16\ELDON6_20250422_052700.wav,20250422
3009,3012,Sturnella magna,Eastern Meadowlark,0.0101,D:/AcousticMonitoringData/ELDON6_Data/Week16\ELDON6_20250422_052700.wav,20250422
3012,3015,Spizella pusilla,Field Sparrow,0.0418,D:/AcousticMonitoringData/ELDON6_Data/Week16\ELDON6_20250422_052700.wav,20250422
3012,3015,Passerina caerulea,Blue Grosbeak,0.0101,D:/AcousticMonitoringData/ELDON6_Data/Week16\ELDON6_20250422_052700.wav,20250422
3015,3018,Geothlypis trichas,Common Yellowthroat,0.2238,D:/AcousticMonitoringData/ELDON6_Data/Week16\ELDON6_20250422_052700.wav,20250422
3015,3018,Spizella pusilla,Field Sparrow,0.0321,D:/AcousticMonitoringData/ELDON6_Data/Week16\ELDON6_20250422_052700.wav,20250422
3015,3018,Passerina caerulea,Blue Grosbeak,0.0101,D:/AcousticMonitoringData/ELDON6_Data/Week16\ELDON6_20250422_052700.wav,20250422
3018,3021,Geothlypis trichas,Common Yellowthroat,0.0424,D:/AcousticMonitoringData/ELDON6_Data/Week16\ELDON6_20250422_052700.wav,20250422
3018,3021,Spizella pusilla,Field Sparrow,0.0291,D:/AcousticMonitoringData/ELDON6_Data/Week16\ELDON6_20250422_052700.wav,20250422
3018,3021,Passerina caerulea,Blue Grosbeak,0.0103,D:/AcousticMonitoringData/ELDON6_Data/Week16\ELDON6_20250422_052700.wav,20250422
3021,3024,Spizella pusilla,Field Sparrow,0.0266,D:/AcousticMonitoringData/ELDON6_Data/Week16\ELDON6_20250422_052700.wav,20250422
3021,3024,Sturnella magna,Eastern Meadowlark,0.0112,D:/AcousticMonitoringData/ELDON6_Data/Week16\ELDON6_20250422_052700.wav,20250422
3024,3027,Geothlypis trichas,Common Yellowthroat,0.0432,D:/AcousticMonitoringData/ELDON6_Data/Week16\ELDON6_20250422_052700.wav,20250422
3024,3027,Spizella pusilla,Field Sparrow,0.0187,D:/AcousticMonitoringData/ELDON6_Data/Week16\ELDON6_20250422_052700.wav,20250422
3024,3027,Sturnella magna,Eastern Meadowlark,0.013,D:/AcousticMonitoringData/ELDON6_Data/Week16\ELDON6_20250422_052700.wav,20250422
3027,3030,Geothlypis trichas,Common Yellowthroat,0.0842,D:/AcousticMonitoringData/ELDON6_Data/Week16\ELDON6_20250422_052700.wav,20250422
3027,3030,Spizella pusilla,Field Sparrow,0.0219,D:/AcousticMonitoringData/ELDON6_Data/Week16\ELDON6_20250422_052700.wav,20250422
3030,3033,Spizella pusilla,Field Sparrow,0.0288,D:/AcousticMonitoringData/ELDON6_Data/Week16\ELDON6_20250422_052700.wav,20250422
3030,3033,Geothlypis trichas,Common Yellowthroat,0.0238,D:/AcousticMonitoringData/ELDON6_Data/Week16\ELDON6_20250422_052700.wav,20250422
3033,3036,Geothlypis trichas,Common Yellowthroat,0.0985,D:/AcousticMonitoringData/ELDON6_Data/Week16\ELDON6_20250422_052700.wav,20250422
3036,3039,Geothlypis trichas,Common Yellowthroat,0.2072,D:/AcousticMonitoringData/ELDON6_Data/Week16\ELDON6_20250422_052700.wav,20250422
3036,3039,Spizella pusilla,Field Sparrow,0.0722,D:/AcousticMonitoringData/ELDON6_Data/Week16\ELDON6_20250422_052700.wav,20250422
3039,3042,Spizella pusilla,Field Sparrow,0.0396,D:/AcousticMonitoringData/ELDON6_Data/Week16\ELDON6_20250422_052700.wav,20250422
3039,3042,Geothlypis trichas,Common Yellowthroat,0.0313,D:/AcousticMonitoringData/ELDON6_Data/Week16\ELDON6_20250422_052700.wav,20250422
3039,3042,Sturnella magna,Eastern Meadowlark,0.0166,D:/AcousticMonitoringData/ELDON6_Data/Week16\ELDON6_20250422_052700.wav,20250422
3039,3042,Passerina caerulea,Blue Grosbeak,0.0101,D:/AcousticMonitoringData/ELDON6_Data/Week16\ELDON6_20250422_052700.wav,20250422
3042,3045,Geothlypis trichas,Common Yellowthroat,0.1364,D:/AcousticMonitoringData/ELDON6_Data/Week16\ELDON6_20250422_052700.wav,20250422
3042,3045,Spizella pusilla,Field Sparrow,0.0829,D:/AcousticMonitoringData/ELDON6_Data/Week16\ELDON6_20250422_052700.wav,20250422
3042,3045,Sturnella magna,Eastern Meadowlark,0.0153,D:/AcousticMonitoringData/ELDON6_Data/Week16\ELDON6_20250422_052700.wav,20250422
3042,3045,Passerina caerulea,Blue Grosbeak,0.0107,D:/AcousticMonitoringData/ELDON6_Data/Week16\ELDON6_20250422_052700.wav,20250422
3045,3048,Spizella pusilla,Field Sparrow,0.0253,D:/AcousticMonitoringData/ELDON6_Data/Week16\ELDON6_20250422_052700.wav,20250422
3045,3048,Geothlypis trichas,Common Yellowthroat,0.0217,D:/AcousticMonitoringData/ELDON6_Data/Week16\ELDON6_20250422_052700.wav,20250422
3045,3048,Sturnella magna,Eastern Meadowlark,0.0184,D:/AcousticMonitoringData/ELDON6_Data/Week16\ELDON6_20250422_052700.wav,20250422
3045,3048,Passerina caerulea,Blue Grosbeak,0.0106,D:/AcousticMonitoringData/ELDON6_Data/Week16\ELDON6_20250422_052700.wav,20250422
3048,3051,Geothlypis trichas,Common Yellowthroat,0.0706,D:/AcousticMonitoringData/ELDON6_Data/Week16\ELDON6_20250422_052700.wav,20250422
3048,3051,Spizella pusilla,Field Sparrow,0.0472,D:/AcousticMonitoringData/ELDON6_Data/Week16\ELDON6_20250422_052700.wav,20250422
3048,3051,Sturnella magna,Eastern Meadowlark,0.0113,D:/AcousticMonitoringData/ELDON6_Data/Week16\ELDON6_20250422_052700.wav,20250422
3051,3054,Geothlypis trichas,Common Yellowthroat,0.1003,D:/AcousticMonitoringData/ELDON6_Data/Week16\ELDON6_20250422_052700.wav,20250422
3051,3054,Spizella pusilla,Field Sparrow,0.0735,D:/AcousticMonitoringData/ELDON6_Data/Week16\ELDON6_20250422_052700.wav,20250422
3051,3054,Passerina caerulea,Blue Grosbeak,0.0138,D:/AcousticMonitoringData/ELDON6_Data/Week16\ELDON6_20250422_052700.wav,20250422
3051,3054,Sturnella magna,Eastern Meadowlark,0.0111,D:/AcousticMonitoringData/ELDON6_Data/Week16\ELDON6_20250422_052700.wav,20250422
3054,3057,Geothlypis trichas,Common Yellowthroat,0.1469,D:/AcousticMonitoringData/ELDON6_Data/Week16\ELDON6_20250422_052700.wav,20250422
3054,3057,Spizella pusilla,Field Sparrow,0.0644,D:/AcousticMonitoringData/ELDON6_Data/Week16\ELDON6_20250422_052700.wav,20250422
3054,3057,Passerina caerulea,Blue Grosbeak,0.0131,D:/AcousticMonitoringData/ELDON6_Data/Week16\ELDON6_20250422_052700.wav,20250422
3057,3060,Spizella pusilla,Field Sparrow,0.0361,D:/AcousticMonitoringData/ELDON6_Data/Week16\ELDON6_20250422_052700.wav,20250422
3057,3060,Geothlypis trichas,Common Yellowthroat,0.0175,D:/AcousticMonitoringData/ELDON6_Data/Week16\ELDON6_20250422_052700.wav,20250422
3060,3063,Spizella pusilla,Field Sparrow,0.0502,D:/AcousticMonitoringData/ELDON6_Data/Week16\ELDON6_20250422_052700.wav,20250422
3060,3063,Geothlypis trichas,Common Yellowthroat,0.0242,D:/AcousticMonitoringData/ELDON6_Data/Week16\ELDON6_20250422_052700.wav,20250422
3063,3066,Geothlypis trichas,Common Yellowthroat,0.242,D:/AcousticMonitoringData/ELDON6_Data/Week16\ELDON6_20250422_052700.wav,20250422
3063,3066,Spizella pusilla,Field Sparrow,0.0257,D:/AcousticMonitoringData/ELDON6_Data/Week16\ELDON6_20250422_052700.wav,20250422
3066,3069,Spizella pusilla,Field Sparrow,0.1453,D:/AcousticMonitoringData/ELDON6_Data/Week16\ELDON6_20250422_052700.wav,20250422
3066,3069,Sturnella magna,Eastern Meadowlark,0.0951,D:/AcousticMonitoringData/ELDON6_Data/Week16\ELDON6_20250422_052700.wav,20250422
3066,3069,Geothlypis trichas,Common Yellowthroat,0.0214,D:/AcousticMonitoringData/ELDON6_Data/Week16\ELDON6_20250422_052700.wav,20250422
3066,3069,Passerina caerulea,Blue Grosbeak,0.0135,D:/AcousticMonitoringData/ELDON6_Data/Week16\ELDON6_20250422_052700.wav,20250422
3069,3072,Spizella pusilla,Field Sparrow,0.0256,D:/AcousticMonitoringData/ELDON6_Data/Week16\ELDON6_20250422_052700.wav,20250422
3069,3072,Geothlypis trichas,Common Yellowthroat,0.0151,D:/AcousticMonitoringData/ELDON6_Data/Week16\ELDON6_20250422_052700.wav,20250422
3072,3075,Spizella pusilla,Field Sparrow,0.0769,D:/AcousticMonitoringData/ELDON6_Data/Week16\ELDON6_20250422_052700.wav,20250422
3072,3075,Geothlypis trichas,Common Yellowthroat,0.0259,D:/AcousticMonitoringData/ELDON6_Data/Week16\ELDON6_20250422_052700.wav,20250422
3072,3075,Sturnella magna,Eastern Meadowlark,0.0174,D:/AcousticMonitoringData/ELDON6_Data/Week16\ELDON6_20250422_052700.wav,20250422
3072,3075,Passerina caerulea,Blue Grosbeak,0.0109,D:/AcousticMonitoringData/ELDON6_Data/Week16\ELDON6_20250422_052700.wav,20250422
3075,3078,Geothlypis trichas,Common Yellowthroat,0.1409,D:/AcousticMonitoringData/ELDON6_Data/Week16\ELDON6_20250422_052700.wav,20250422
3075,3078,Spizella pusilla,Field Sparrow,0.0146,D:/AcousticMonitoringData/ELDON6_Data/Week16\ELDON6_20250422_052700.wav,20250422
3078,3081,Spizella pusilla,Field Sparrow,0.0314,D:/AcousticMonitoringData/ELDON6_Data/Week16\ELDON6_20250422_052700.wav,20250422
3078,3081,Sturnella magna,Eastern Meadowlark,0.0232,D:/AcousticMonitoringData/ELDON6_Data/Week16\ELDON6_20250422_052700.wav,20250422
3081,3084,Geothlypis trichas,Common Yellowthroat,0.0242,D:/AcousticMonitoringData/ELDON6_Data/Week16\ELDON6_20250422_052700.wav,20250422
3081,3084,Spizella pusilla,Field Sparrow,0.0145,D:/AcousticMonitoringData/ELDON6_Data/Week16\ELDON6_20250422_052700.wav,20250422
3084,3087,Geothlypis trichas,Common Yellowthroat,0.1484,D:/AcousticMonitoringData/ELDON6_Data/Week16\ELDON6_20250422_052700.wav,20250422
3087,3090,Geothlypis trichas,Common Yellowthroat,0.0379,D:/AcousticMonitoringData/ELDON6_Data/Week16\ELDON6_20250422_052700.wav,20250422
3087,3090,Spizella pusilla,Field Sparrow,0.0189,D:/AcousticMonitoringData/ELDON6_Data/Week16\ELDON6_20250422_052700.wav,20250422
3090,3093,Sturnella magna,Eastern Meadowlark,0.0232,D:/AcousticMonitoringData/ELDON6_Data/Week16\ELDON6_20250422_052700.wav,20250422
3090,3093,Spizella pusilla,Field Sparrow,0.0134,D:/AcousticMonitoringData/ELDON6_Data/Week16\ELDON6_20250422_052700.wav,20250422
3090,3093,Passerina caerulea,Blue Grosbeak,0.0106,D:/AcousticMonitoringData/ELDON6_Data/Week16\ELDON6_20250422_052700.wav,20250422
3093,3096,Spizella pusilla,Field Sparrow,0.0211,D:/AcousticMonitoringData/ELDON6_Data/Week16\ELDON6_20250422_052700.wav,20250422
3093,3096,Geothlypis trichas,Common Yellowthroat,0.016,D:/AcousticMonitoringData/ELDON6_Data/Week16\ELDON6_20250422_052700.wav,20250422
3096,3099,Geothlypis trichas,Common Yellowthroat,0.4349,D:/AcousticMonitoringData/ELDON6_Data/Week16\ELDON6_20250422_052700.wav,20250422
3096,3099,Spizella pusilla,Field Sparrow,0.0325,D:/AcousticMonitoringData/ELDON6_Data/Week16\ELDON6_20250422_052700.wav,20250422
3099,3102,Spizella pusilla,Field Sparrow,0.06,D:/AcousticMonitoringData/ELDON6_Data/Week16\ELDON6_20250422_052700.wav,20250422
3099,3102,Geothlypis trichas,Common Yellowthroat,0.0259,D:/AcousticMonitoringData/ELDON6_Data/Week16\ELDON6_20250422_052700.wav,20250422
3102,3105,Spizella pusilla,Field Sparrow,0.0396,D:/AcousticMonitoringData/ELDON6_Data/Week16\ELDON6_20250422_052700.wav,20250422
3102,3105,Sturnella magna,Eastern Meadowlark,0.0294,D:/AcousticMonitoringData/ELDON6_Data/Week16\ELDON6_20250422_052700.wav,20250422
3105,3108,Spizella pusilla,Field Sparrow,0.0688,D:/AcousticMonitoringData/ELDON6_Data/Week16\ELDON6_20250422_052700.wav,20250422
3105,3108,Geothlypis trichas,Common Yellowthroat,0.0461,D:/AcousticMonitoringData/ELDON6_Data/Week16\ELDON6_20250422_052700.wav,20250422
3108,3111,Spizella pusilla,Field Sparrow,0.0722,D:/AcousticMonitoringData/ELDON6_Data/Week16\ELDON6_20250422_052700.wav,20250422
3108,3111,Sturnella magna,Eastern Meadowlark,0.019,D:/AcousticMonitoringData/ELDON6_Data/Week16\ELDON6_20250422_052700.wav,20250422
3108,3111,Passerina caerulea,Blue Grosbeak,0.0146,D:/AcousticMonitoringData/ELDON6_Data/Week16\ELDON6_20250422_052700.wav,20250422
3108,3111,Geothlypis trichas,Common Yellowthroat,0.0138,D:/AcousticMonitoringData/ELDON6_Data/Week16\ELDON6_20250422_052700.wav,20250422
3111,3114,Spizella pusilla,Field Sparrow,0.0896,D:/AcousticMonitoringData/ELDON6_Data/Week16\ELDON6_20250422_052700.wav,20250422
3114,3117,Geothlypis trichas,Common Yellowthroat,0.0958,D:/AcousticMonitoringData/ELDON6_Data/Week16\ELDON6_20250422_052700.wav,20250422
3114,3117,Spizella pusilla,Field Sparrow,0.0464,D:/AcousticMonitoringData/ELDON6_Data/Week16\ELDON6_20250422_052700.wav,20250422
3117,3120,Geothlypis trichas,Common Yellowthroat,0.1887,D:/AcousticMonitoringData/ELDON6_Data/Week16\ELDON6_20250422_052700.wav,20250422
3117,3120,Spizella pusilla,Field Sparrow,0.0384,D:/AcousticMonitoringData/ELDON6_Data/Week16\ELDON6_20250422_052700.wav,20250422
3120,3123,Spizella pusilla,Field Sparrow,0.0794,D:/AcousticMonitoringData/ELDON6_Data/Week16\ELDON6_20250422_052700.wav,20250422
3120,3123,Geothlypis trichas,Common Yellowthroat,0.0154,D:/AcousticMonitoringData/ELDON6_Data/Week16\ELDON6_20250422_052700.wav,20250422
3120,3123,Sturnella magna,Eastern Meadowlark,0.0146,D:/AcousticMonitoringData/ELDON6_Data/Week16\ELDON6_20250422_052700.wav,20250422
3123,3126,Spizella pusilla,Field Sparrow,0.1217,D:/AcousticMonitoringData/ELDON6_Data/Week16\ELDON6_20250422_052700.wav,20250422
3123,3126,Geothlypis trichas,Common Yellowthroat,0.0207,D:/AcousticMonitoringData/ELDON6_Data/Week16\ELDON6_20250422_052700.wav,20250422
3126,3129,Geothlypis trichas,Common Yellowthroat,0.1231,D:/AcousticMonitoringData/ELDON6_Data/Week16\ELDON6_20250422_052700.wav,20250422
3126,3129,Spizella pusilla,Field Sparrow,0.0359,D:/AcousticMonitoringData/ELDON6_Data/Week16\ELDON6_20250422_052700.wav,20250422
3126,3129,Sturnella magna,Eastern Meadowlark,0.0223,D:/AcousticMonitoringData/ELDON6_Data/Week16\ELDON6_20250422_052700.wav,20250422
3126,3129,Passerina caerulea,Blue Grosbeak,0.0194,D:/AcousticMonitoringData/ELDON6_Data/Week16\ELDON6_20250422_052700.wav,20250422
3129,3132,Spizella pusilla,Field Sparrow,0.0866,D:/AcousticMonitoringData/ELDON6_Data/Week16\ELDON6_20250422_052700.wav,20250422
3129,3132,Geothlypis trichas,Common Yellowthroat,0.0358,D:/AcousticMonitoringData/ELDON6_Data/Week16\ELDON6_20250422_052700.wav,20250422
3129,3132,Sturnella magna,Eastern Meadowlark,0.0104,D:/AcousticMonitoringData/ELDON6_Data/Week16\ELDON6_20250422_052700.wav,20250422
3132,3135,Geothlypis trichas,Common Yellowthroat,0.0237,D:/AcousticMonitoringData/ELDON6_Data/Week16\ELDON6_20250422_052700.wav,20250422
3132,3135,Spizella pusilla,Field Sparrow,0.0233,D:/AcousticMonitoringData/ELDON6_Data/Week16\ELDON6_20250422_052700.wav,20250422
3135,3138,Geothlypis trichas,Common Yellowthroat,0.0359,D:/AcousticMonitoringData/ELDON6_Data/Week16\ELDON6_20250422_052700.wav,20250422
3135,3138,Spizella pusilla,Field Sparrow,0.0177,D:/AcousticMonitoringData/ELDON6_Data/Week16\ELDON6_20250422_052700.wav,20250422
3138,3141,Spizella pusilla,Field Sparrow,0.0206,D:/AcousticMonitoringData/ELDON6_Data/Week16\ELDON6_20250422_052700.wav,20250422
3138,3141,Geothlypis trichas,Common Yellowthroat,0.0199,D:/AcousticMonitoringData/ELDON6_Data/Week16\ELDON6_20250422_052700.wav,20250422
3138,3141,Sturnella magna,Eastern Meadowlark,0.0101,D:/AcousticMonitoringData/ELDON6_Data/Week16\ELDON6_20250422_052700.wav,20250422
3141,3144,Spizella pusilla,Field Sparrow,0.0761,D:/AcousticMonitoringData/ELDON6_Data/Week16\ELDON6_20250422_052700.wav,20250422
3144,3147,Spizella pusilla,Field Sparrow,0.1228,D:/AcousticMonitoringData/ELDON6_Data/Week16\ELDON6_20250422_052700.wav,20250422
3144,3147,Geothlypis trichas,Common Yellowthroat,0.0261,D:/AcousticMonitoringData/ELDON6_Data/Week16\ELDON6_20250422_052700.wav,20250422
3144,3147,Sturnella magna,Eastern Meadowlark,0.0149,D:/AcousticMonitoringData/ELDON6_Data/Week16\ELDON6_20250422_052700.wav,20250422
3147,3150,Geothlypis trichas,Common Yellowthroat,0.1039,D:/AcousticMonitoringData/ELDON6_Data/Week16\ELDON6_20250422_052700.wav,20250422
3147,3150,Spizella pusilla,Field Sparrow,0.0853,D:/AcousticMonitoringData/ELDON6_Data/Week16\ELDON6_20250422_052700.wav,20250422
3147,3150,Sturnella magna,Eastern Meadowlark,0.0116,D:/AcousticMonitoringData/ELDON6_Data/Week16\ELDON6_20250422_052700.wav,20250422
3150,3153,Spizella pusilla,Field Sparrow,0.1003,D:/AcousticMonitoringData/ELDON6_Data/Week16\ELDON6_20250422_052700.wav,20250422
3150,3153,Geothlypis trichas,Common Yellowthroat,0.0223,D:/AcousticMonitoringData/ELDON6_Data/Week16\ELDON6_20250422_052700.wav,20250422
3153,3156,Spizella pusilla,Field Sparrow,0.2511,D:/AcousticMonitoringData/ELDON6_Data/Week16\ELDON6_20250422_052700.wav,20250422
3153,3156,Sturnella magna,Eastern Meadowlark,0.0262,D:/AcousticMonitoringData/ELDON6_Data/Week16\ELDON6_20250422_052700.wav,20250422
3153,3156,Geothlypis trichas,Common Yellowthroat,0.0142,D:/AcousticMonitoringData/ELDON6_Data/Week16\ELDON6_20250422_052700.wav,20250422
3156,3159,Geothlypis trichas,Common Yellowthroat,0.1918,D:/AcousticMonitoringData/ELDON6_Data/Week16\ELDON6_20250422_052700.wav,20250422
3156,3159,Spizella pusilla,Field Sparrow,0.0519,D:/AcousticMonitoringData/ELDON6_Data/Week16\ELDON6_20250422_052700.wav,20250422
3159,3162,Spizella pusilla,Field Sparrow,0.0372,D:/AcousticMonitoringData/ELDON6_Data/Week16\ELDON6_20250422_052700.wav,20250422
3159,3162,Geothlypis trichas,Common Yellowthroat,0.015,D:/AcousticMonitoringData/ELDON6_Data/Week16\ELDON6_20250422_052700.wav,20250422
3159,3162,Sturnella magna,Eastern Meadowlark,0.0134,D:/AcousticMonitoringData/ELDON6_Data/Week16\ELDON6_20250422_052700.wav,20250422
3162,3165,Spizella pusilla,Field Sparrow,0.0274,D:/AcousticMonitoringData/ELDON6_Data/Week16\ELDON6_20250422_052700.wav,20250422
3162,3165,Geothlypis trichas,Common Yellowthroat,0.0238,D:/AcousticMonitoringData/ELDON6_Data/Week16\ELDON6_20250422_052700.wav,20250422
3165,3168,Geothlypis trichas,Common Yellowthroat,0.2353,D:/AcousticMonitoringData/ELDON6_Data/Week16\ELDON6_20250422_052700.wav,20250422
3165,3168,Spizella pusilla,Field Sparrow,0.0956,D:/AcousticMonitoringData/ELDON6_Data/Week16\ELDON6_20250422_052700.wav,20250422
3165,3168,Passerina caerulea,Blue Grosbeak,0.0125,D:/AcousticMonitoringData/ELDON6_Data/Week16\ELDON6_20250422_052700.wav,20250422
3168,3171,Geothlypis trichas,Common Yellowthroat,0.1355,D:/AcousticMonitoringData/ELDON6_Data/Week16\ELDON6_20250422_052700.wav,20250422
3168,3171,Spizella pusilla,Field Sparrow,0.1347,D:/AcousticMonitoringData/ELDON6_Data/Week16\ELDON6_20250422_052700.wav,20250422
3171,3174,Geothlypis trichas,Common Yellowthroat,0.0203,D:/AcousticMonitoringData/ELDON6_Data/Week16\ELDON6_20250422_052700.wav,20250422
3171,3174,Spizella pusilla,Field Sparrow,0.0137,D:/AcousticMonitoringData/ELDON6_Data/Week16\ELDON6_20250422_052700.wav,20250422
3174,3177,Spizella pusilla,Field Sparrow,0.2867,D:/AcousticMonitoringData/ELDON6_Data/Week16\ELDON6_20250422_052700.wav,20250422
3174,3177,Geothlypis trichas,Common Yellowthroat,0.012,D:/AcousticMonitoringData/ELDON6_Data/Week16\ELDON6_20250422_052700.wav,20250422
3177,3180,Geothlypis trichas,Common Yellowthroat,0.299,D:/AcousticMonitoringData/ELDON6_Data/Week16\ELDON6_20250422_052700.wav,20250422
3177,3180,Spizella pusilla,Field Sparrow,0.0273,D:/AcousticMonitoringData/ELDON6_Data/Week16\ELDON6_20250422_052700.wav,20250422
3180,3183,Spizella pusilla,Field Sparrow,0.1341,D:/AcousticMonitoringData/ELDON6_Data/Week16\ELDON6_20250422_052700.wav,20250422
3180,3183,Geothlypis trichas,Common Yellowthroat,0.0219,D:/AcousticMonitoringData/ELDON6_Data/Week16\ELDON6_20250422_052700.wav,20250422
3183,3186,Geothlypis trichas,Common Yellowthroat,0.0999,D:/AcousticMonitoringData/ELDON6_Data/Week16\ELDON6_20250422_052700.wav,20250422
3183,3186,Spizella pusilla,Field Sparrow,0.0151,D:/AcousticMonitoringData/ELDON6_Data/Week16\ELDON6_20250422_052700.wav,20250422
3186,3189,Geothlypis trichas,Common Yellowthroat,0.1754,D:/AcousticMonitoringData/ELDON6_Data/Week16\ELDON6_20250422_052700.wav,20250422
3186,3189,Spizella pusilla,Field Sparrow,0.07,D:/AcousticMonitoringData/ELDON6_Data/Week16\ELDON6_20250422_052700.wav,20250422
3186,3189,Passerina caerulea,Blue Grosbeak,0.0216,D:/AcousticMonitoringData/ELDON6_Data/Week16\ELDON6_20250422_052700.wav,20250422
3189,3192,Geothlypis trichas,Common Yellowthroat,0.085,D:/AcousticMonitoringData/ELDON6_Data/Week16\ELDON6_20250422_052700.wav,20250422
3189,3192,Spizella pusilla,Field Sparrow,0.0523,D:/AcousticMonitoringData/ELDON6_Data/Week16\ELDON6_20250422_052700.wav,20250422
3192,3195,Spizella pusilla,Field Sparrow,0.0443,D:/AcousticMonitoringData/ELDON6_Data/Week16\ELDON6_20250422_052700.wav,20250422
3192,3195,Geothlypis trichas,Common Yellowthroat,0.0161,D:/AcousticMonitoringData/ELDON6_Data/Week16\ELDON6_20250422_052700.wav,20250422
3192,3195,Passerina caerulea,Blue Grosbeak,0.016,D:/AcousticMonitoringData/ELDON6_Data/Week16\ELDON6_20250422_052700.wav,20250422
3192,3195,Sturnella magna,Eastern Meadowlark,0.0122,D:/AcousticMonitoringData/ELDON6_Data/Week16\ELDON6_20250422_052700.wav,20250422
3195,3198,Spizella pusilla,Field Sparrow,0.0622,D:/AcousticMonitoringData/ELDON6_Data/Week16\ELDON6_20250422_052700.wav,20250422
3195,3198,Geothlypis trichas,Common Yellowthroat,0.0267,D:/AcousticMonitoringData/ELDON6_Data/Week16\ELDON6_20250422_052700.wav,20250422
3198,3201,Geothlypis trichas,Common Yellowthroat,0.2583,D:/AcousticMonitoringData/ELDON6_Data/Week16\ELDON6_20250422_052700.wav,20250422
3198,3201,Spizella pusilla,Field Sparrow,0.0193,D:/AcousticMonitoringData/ELDON6_Data/Week16\ELDON6_20250422_052700.wav,20250422
3201,3204,Spizella pusilla,Field Sparrow,0.0218,D:/AcousticMonitoringData/ELDON6_Data/Week16\ELDON6_20250422_052700.wav,20250422
3201,3204,Geothlypis trichas,Common Yellowthroat,0.0166,D:/AcousticMonitoringData/ELDON6_Data/Week16\ELDON6_20250422_052700.wav,20250422
3204,3207,Geothlypis trichas,Common Yellowthroat,0.1056,D:/AcousticMonitoringData/ELDON6_Data/Week16\ELDON6_20250422_052700.wav,20250422
3204,3207,Spizella pusilla,Field Sparrow,0.0344,D:/AcousticMonitoringData/ELDON6_Data/Week16\ELDON6_20250422_052700.wav,20250422
3207,3210,Geothlypis trichas,Common Yellowthroat,0.0341,D:/AcousticMonitoringData/ELDON6_Data/Week16\ELDON6_20250422_052700.wav,20250422
3207,3210,Spizella pusilla,Field Sparrow,0.0261,D:/AcousticMonitoringData/ELDON6_Data/Week16\ELDON6_20250422_052700.wav,20250422
3207,3210,Sturnella magna,Eastern Meadowlark,0.0117,D:/AcousticMonitoringData/ELDON6_Data/Week16\ELDON6_20250422_052700.wav,20250422
3210,3213,Geothlypis trichas,Common Yellowthroat,0.042,D:/AcousticMonitoringData/ELDON6_Data/Week16\ELDON6_20250422_052700.wav,20250422
3210,3213,Spizella pusilla,Field Sparrow,0.0354,D:/AcousticMonitoringData/ELDON6_Data/Week16\ELDON6_20250422_052700.wav,20250422
3213,3216,Spizella pusilla,Field Sparrow,0.0175,D:/AcousticMonitoringData/ELDON6_Data/Week16\ELDON6_20250422_052700.wav,20250422
3216,3219,Geothlypis trichas,Common Yellowthroat,0.1142,D:/AcousticMonitoringData/ELDON6_Data/Week16\ELDON6_20250422_052700.wav,20250422
3216,3219,Spizella pusilla,Field Sparrow,0.0395,D:/AcousticMonitoringData/ELDON6_Data/Week16\ELDON6_20250422_052700.wav,20250422
3216,3219,Sturnella magna,Eastern Meadowlark,0.0108,D:/AcousticMonitoringData/ELDON6_Data/Week16\ELDON6_20250422_052700.wav,20250422
3219,3222,Spizella pusilla,Field Sparrow,0.0745,D:/AcousticMonitoringData/ELDON6_Data/Week16\ELDON6_20250422_052700.wav,20250422
3219,3222,Passerina caerulea,Blue Grosbeak,0.0163,D:/AcousticMonitoringData/ELDON6_Data/Week16\ELDON6_20250422_052700.wav,20250422
3219,3222,Geothlypis trichas,Common Yellowthroat,0.0128,D:/AcousticMonitoringData/ELDON6_Data/Week16\ELDON6_20250422_052700.wav,20250422
3222,3225,Geothlypis trichas,Common Yellowthroat,0.0871,D:/AcousticMonitoringData/ELDON6_Data/Week16\ELDON6_20250422_052700.wav,20250422
3222,3225,Spizella pusilla,Field Sparrow,0.0294,D:/AcousticMonitoringData/ELDON6_Data/Week16\ELDON6_20250422_052700.wav,20250422
3222,3225,Passerina caerulea,Blue Grosbeak,0.0105,D:/AcousticMonitoringData/ELDON6_Data/Week16\ELDON6_20250422_052700.wav,20250422
3225,3228,Spizella pusilla,Field Sparrow,0.0637,D:/AcousticMonitoringData/ELDON6_Data/Week16\ELDON6_20250422_052700.wav,20250422
3225,3228,Geothlypis trichas,Common Yellowthroat,0.0167,D:/AcousticMonitoringData/ELDON6_Data/Week16\ELDON6_20250422_052700.wav,20250422
3228,3231,Geothlypis trichas,Common Yellowthroat,0.14,D:/AcousticMonitoringData/ELDON6_Data/Week16\ELDON6_20250422_052700.wav,20250422
3228,3231,Spizella pusilla,Field Sparrow,0.105,D:/AcousticMonitoringData/ELDON6_Data/Week16\ELDON6_20250422_052700.wav,20250422
3228,3231,Sturnella magna,Eastern Meadowlark,0.0235,D:/AcousticMonitoringData/ELDON6_Data/Week16\ELDON6_20250422_052700.wav,20250422
3231,3234,Geothlypis trichas,Common Yellowthroat,0.081,D:/AcousticMonitoringData/ELDON6_Data/Week16\ELDON6_20250422_052700.wav,20250422
3231,3234,Spizella pusilla,Field Sparrow,0.0253,D:/AcousticMonitoringData/ELDON6_Data/Week16\ELDON6_20250422_052700.wav,20250422
3234,3237,Geothlypis trichas,Common Yellowthroat,0.1858,D:/AcousticMonitoringData/ELDON6_Data/Week16\ELDON6_20250422_052700.wav,20250422
3234,3237,Spizella pusilla,Field Sparrow,0.0431,D:/AcousticMonitoringData/ELDON6_Data/Week16\ELDON6_20250422_052700.wav,20250422
3234,3237,Passerina caerulea,Blue Grosbeak,0.0173,D:/AcousticMonitoringData/ELDON6_Data/Week16\ELDON6_20250422_052700.wav,20250422
3234,3237,Sturnella magna,Eastern Meadowlark,0.0111,D:/AcousticMonitoringData/ELDON6_Data/Week16\ELDON6_20250422_052700.wav,20250422
3237,3240,Geothlypis trichas,Common Yellowthroat,0.1357,D:/AcousticMonitoringData/ELDON6_Data/Week16\ELDON6_20250422_052700.wav,20250422
3240,3243,Spizella pusilla,Field Sparrow,0.1196,D:/AcousticMonitoringData/ELDON6_Data/Week16\ELDON6_20250422_052700.wav,20250422
3240,3243,Sturnella magna,Eastern Meadowlark,0.0164,D:/AcousticMonitoringData/ELDON6_Data/Week16\ELDON6_20250422_052700.wav,20250422
3240,3243,Geothlypis trichas,Common Yellowthroat,0.0101,D:/AcousticMonitoringData/ELDON6_Data/Week16\ELDON6_20250422_052700.wav,20250422
3243,3246,Spizella pusilla,Field Sparrow,0.0712,D:/AcousticMonitoringData/ELDON6_Data/Week16\ELDON6_20250422_052700.wav,20250422
3243,3246,Geothlypis trichas,Common Yellowthroat,0.0359,D:/AcousticMonitoringData/ELDON6_Data/Week16\ELDON6_20250422_052700.wav,20250422
3243,3246,Sturnella magna,Eastern Meadowlark,0.0117,D:/AcousticMonitoringData/ELDON6_Data/Week16\ELDON6_20250422_052700.wav,20250422
3246,3249,Geothlypis trichas,Common Yellowthroat,0.4676,D:/AcousticMonitoringData/ELDON6_Data/Week16\ELDON6_20250422_052700.wav,20250422
3246,3249,Spizella pusilla,Field Sparrow,0.0254,D:/AcousticMonitoringData/ELDON6_Data/Week16\ELDON6_20250422_052700.wav,20250422
3246,3249,Passerina caerulea,Blue Grosbeak,0.0129,D:/AcousticMonitoringData/ELDON6_Data/Week16\ELDON6_20250422_052700.wav,20250422
3249,3252,Spizella pusilla,Field Sparrow,0.0439,D:/AcousticMonitoringData/ELDON6_Data/Week16\ELDON6_20250422_052700.wav,20250422
3249,3252,Geothlypis trichas,Common Yellowthroat,0.036,D:/AcousticMonitoringData/ELDON6_Data/Week16\ELDON6_20250422_052700.wav,20250422
3252,3255,Geothlypis trichas,Common Yellowthroat,0.0471,D:/AcousticMonitoringData/ELDON6_Data/Week16\ELDON6_20250422_052700.wav,20250422
3252,3255,Spizella pusilla,Field Sparrow,0.0245,D:/AcousticMonitoringData/ELDON6_Data/Week16\ELDON6_20250422_052700.wav,20250422
3255,3258,Geothlypis trichas,Common Yellowthroat,0.2112,D:/AcousticMonitoringData/ELDON6_Data/Week16\ELDON6_20250422_052700.wav,20250422
3255,3258,Spizella pusilla,Field Sparrow,0.0335,D:/AcousticMonitoringData/ELDON6_Data/Week16\ELDON6_20250422_052700.wav,20250422
3255,3258,Passerina caerulea,Blue Grosbeak,0.0144,D:/AcousticMonitoringData/ELDON6_Data/Week16\ELDON6_20250422_052700.wav,20250422
3258,3261,Spizella pusilla,Field Sparrow,0.0215,D:/AcousticMonitoringData/ELDON6_Data/Week16\ELDON6_20250422_052700.wav,20250422
3258,3261,Geothlypis trichas,Common Yellowthroat,0.0212,D:/AcousticMonitoringData/ELDON6_Data/Week16\ELDON6_20250422_052700.wav,20250422
3258,3261,Sturnella magna,Eastern Meadowlark,0.0153,D:/AcousticMonitoringData/ELDON6_Data/Week16\ELDON6_20250422_052700.wav,20250422
3258,3261,Passerina caerulea,Blue Grosbeak,0.0147,D:/AcousticMonitoringData/ELDON6_Data/Week16\ELDON6_20250422_052700.wav,20250422
3261,3264,Geothlypis trichas,Common Yellowthroat,0.1248,D:/AcousticMonitoringData/ELDON6_Data/Week16\ELDON6_20250422_052700.wav,20250422
3261,3264,Spizella pusilla,Field Sparrow,0.0207,D:/AcousticMonitoringData/ELDON6_Data/Week16\ELDON6_20250422_052700.wav,20250422
3264,3267,Geothlypis trichas,Common Yellowthroat,0.3557,D:/AcousticMonitoringData/ELDON6_Data/Week16\ELDON6_20250422_052700.wav,20250422
3264,3267,Spizella pusilla,Field Sparrow,0.0233,D:/AcousticMonitoringData/ELDON6_Data/Week16\ELDON6_20250422_052700.wav,20250422
3264,3267,Melospiza melodia,Song Sparrow,0.0166,D:/AcousticMonitoringData/ELDON6_Data/Week16\ELDON6_20250422_052700.wav,20250422
3267,3270,Geothlypis trichas,Common Yellowthroat,0.2968,D:/AcousticMonitoringData/ELDON6_Data/Week16\ELDON6_20250422_052700.wav,20250422
3267,3270,Sturnella magna,Eastern Meadowlark,0.0128,D:/AcousticMonitoringData/ELDON6_Data/Week16\ELDON6_20250422_052700.wav,20250422
3267,3270,Spizella pusilla,Field Sparrow,0.0123,D:/AcousticMonitoringData/ELDON6_Data/Week16\ELDON6_20250422_052700.wav,20250422
3270,3273,Spizella pusilla,Field Sparrow,0.0497,D:/AcousticMonitoringData/ELDON6_Data/Week16\ELDON6_20250422_052700.wav,20250422
3270,3273,Geothlypis trichas,Common Yellowthroat,0.0221,D:/AcousticMonitoringData/ELDON6_Data/Week16\ELDON6_20250422_052700.wav,20250422
3270,3273,Passerina caerulea,Blue Grosbeak,0.0161,D:/AcousticMonitoringData/ELDON6_Data/Week16\ELDON6_20250422_052700.wav,20250422
3273,3276,Geothlypis trichas,Common Yellowthroat,0.0499,D:/AcousticMonitoringData/ELDON6_Data/Week16\ELDON6_20250422_052700.wav,20250422
3273,3276,Spizella pusilla,Field Sparrow,0.043,D:/AcousticMonitoringData/ELDON6_Data/Week16\ELDON6_20250422_052700.wav,20250422
3276,3279,Geothlypis trichas,Common Yellowthroat,0.1169,D:/AcousticMonitoringData/ELDON6_Data/Week16\ELDON6_20250422_052700.wav,20250422
3276,3279,Spizella pusilla,Field Sparrow,0.0272,D:/AcousticMonitoringData/ELDON6_Data/Week16\ELDON6_20250422_052700.wav,20250422
3279,3282,Geothlypis trichas,Common Yellowthroat,0.0526,D:/AcousticMonitoringData/ELDON6_Data/Week16\ELDON6_20250422_052700.wav,20250422
3279,3282,Spizella pusilla,Field Sparrow,0.0249,D:/AcousticMonitoringData/ELDON6_Data/Week16\ELDON6_20250422_052700.wav,20250422
3279,3282,Passerina caerulea,Blue Grosbeak,0.0108,D:/AcousticMonitoringData/ELDON6_Data/Week16\ELDON6_20250422_052700.wav,20250422
3282,3285,Geothlypis trichas,Common Yellowthroat,0.0494,D:/AcousticMonitoringData/ELDON6_Data/Week16\ELDON6_20250422_052700.wav,20250422
3282,3285,Spizella pusilla,Field Sparrow,0.0108,D:/AcousticMonitoringData/ELDON6_Data/Week16\ELDON6_20250422_052700.wav,20250422
3285,3288,Geothlypis trichas,Common Yellowthroat,0.3315,D:/AcousticMonitoringData/ELDON6_Data/Week16\ELDON6_20250422_052700.wav,20250422
3285,3288,Spizella pusilla,Field Sparrow,0.0239,D:/AcousticMonitoringData/ELDON6_Data/Week16\ELDON6_20250422_052700.wav,20250422
3288,3291,Geothlypis trichas,Common Yellowthroat,0.0623,D:/AcousticMonitoringData/ELDON6_Data/Week16\ELDON6_20250422_052700.wav,20250422
3288,3291,Spizella pusilla,Field Sparrow,0.0177,D:/AcousticMonitoringData/ELDON6_Data/Week16\ELDON6_20250422_052700.wav,20250422
3291,3294,Geothlypis trichas,Common Yellowthroat,0.0727,D:/AcousticMonitoringData/ELDON6_Data/Week16\ELDON6_20250422_052700.wav,20250422
3291,3294,Sturnella magna,Eastern Meadowlark,0.0174,D:/AcousticMonitoringData/ELDON6_Data/Week16\ELDON6_20250422_052700.wav,20250422
3291,3294,Spizella pusilla,Field Sparrow,0.0107,D:/AcousticMonitoringData/ELDON6_Data/Week16\ELDON6_20250422_052700.wav,20250422
3291,3294,Melospiza melodia,Song Sparrow,0.0104,D:/AcousticMonitoringData/ELDON6_Data/Week16\ELDON6_20250422_052700.wav,20250422
3294,3297,Geothlypis trichas,Common Yellowthroat,0.282,D:/AcousticMonitoringData/ELDON6_Data/Week16\ELDON6_20250422_052700.wav,20250422
3294,3297,Spizella pusilla,Field Sparrow,0.0234,D:/AcousticMonitoringData/ELDON6_Data/Week16\ELDON6_20250422_052700.wav,20250422
3297,3300,Geothlypis trichas,Common Yellowthroat,0.3563,D:/AcousticMonitoringData/ELDON6_Data/Week16\ELDON6_20250422_052700.wav,20250422
3300,3303,Geothlypis trichas,Common Yellowthroat,0.025,D:/AcousticMonitoringData/ELDON6_Data/Week16\ELDON6_20250422_052700.wav,20250422
3300,3303,Spizella pusilla,Field Sparrow,0.0144,D:/AcousticMonitoringData/ELDON6_Data/Week16\ELDON6_20250422_052700.wav,20250422
3300,3303,Melospiza melodia,Song Sparrow,0.0122,D:/AcousticMonitoringData/ELDON6_Data/Week16\ELDON6_20250422_052700.wav,20250422
3303,3306,Geothlypis trichas,Common Yellowthroat,0.0679,D:/AcousticMonitoringData/ELDON6_Data/Week16\ELDON6_20250422_052700.wav,20250422
3303,3306,Spizella pusilla,Field Sparrow,0.0211,D:/AcousticMonitoringData/ELDON6_Data/Week16\ELDON6_20250422_052700.wav,20250422
3306,3309,Geothlypis trichas,Common Yellowthroat,0.2281,D:/AcousticMonitoringData/ELDON6_Data/Week16\ELDON6_20250422_052700.wav,20250422
3306,3309,Spizella pusilla,Field Sparrow,0.0437,D:/AcousticMonitoringData/ELDON6_Data/Week16\ELDON6_20250422_052700.wav,20250422
3306,3309,Passerina caerulea,Blue Grosbeak,0.0109,D:/AcousticMonitoringData/ELDON6_Data/Week16\ELDON6_20250422_052700.wav,20250422
3306,3309,Melospiza melodia,Song Sparrow,0.0103,D:/AcousticMonitoringData/ELDON6_Data/Week16\ELDON6_20250422_052700.wav,20250422
3309,3312,Geothlypis trichas,Common Yellowthroat,0.1002,D:/AcousticMonitoringData/ELDON6_Data/Week16\ELDON6_20250422_052700.wav,20250422
3309,3312,Spizella pusilla,Field Sparrow,0.0172,D:/AcousticMonitoringData/ELDON6_Data/Week16\ELDON6_20250422_052700.wav,20250422
3312,3315,Geothlypis trichas,Common Yellowthroat,0.03,D:/AcousticMonitoringData/ELDON6_Data/Week16\ELDON6_20250422_052700.wav,20250422
3312,3315,Melospiza melodia,Song Sparrow,0.0165,D:/AcousticMonitoringData/ELDON6_Data/Week16\ELDON6_20250422_052700.wav,20250422
3315,3318,Geothlypis trichas,Common Yellowthroat,0.2919,D:/AcousticMonitoringData/ELDON6_Data/Week16\ELDON6_20250422_052700.wav,20250422
3315,3318,Sturnella magna,Eastern Meadowlark,0.0205,D:/AcousticMonitoringData/ELDON6_Data/Week16\ELDON6_20250422_052700.wav,20250422
3315,3318,Spizella pusilla,Field Sparrow,0.0184,D:/AcousticMonitoringData/ELDON6_Data/Week16\ELDON6_20250422_052700.wav,20250422
3315,3318,Melospiza melodia,Song Sparrow,0.0107,D:/AcousticMonitoringData/ELDON6_Data/Week16\ELDON6_20250422_052700.wav,20250422
3318,3321,Geothlypis trichas,Common Yellowthroat,0.1573,D:/AcousticMonitoringData/ELDON6_Data/Week16\ELDON6_20250422_052700.wav,20250422
3318,3321,Spizella pusilla,Field Sparrow,0.0247,D:/AcousticMonitoringData/ELDON6_Data/Week16\ELDON6_20250422_052700.wav,20250422
3318,3321,Passerina caerulea,Blue Grosbeak,0.0124,D:/AcousticMonitoringData/ELDON6_Data/Week16\ELDON6_20250422_052700.wav,20250422
3321,3324,Geothlypis trichas,Common Yellowthroat,0.0829,D:/AcousticMonitoringData/ELDON6_Data/Week16\ELDON6_20250422_052700.wav,20250422
3321,3324,Spizella pusilla,Field Sparrow,0.0116,D:/AcousticMonitoringData/ELDON6_Data/Week16\ELDON6_20250422_052700.wav,20250422
3324,3327,Geothlypis trichas,Common Yellowthroat,0.0702,D:/AcousticMonitoringData/ELDON6_Data/Week16\ELDON6_20250422_052700.wav,20250422
3327,3330,Geothlypis trichas,Common Yellowthroat,0.1779,D:/AcousticMonitoringData/ELDON6_Data/Week16\ELDON6_20250422_052700.wav,20250422
3327,3330,Spizella pusilla,Field Sparrow,0.0284,D:/AcousticMonitoringData/ELDON6_Data/Week16\ELDON6_20250422_052700.wav,20250422
3327,3330,Passerina caerulea,Blue Grosbeak,0.0116,D:/AcousticMonitoringData/ELDON6_Data/Week16\ELDON6_20250422_052700.wav,20250422
3330,3333,Geothlypis trichas,Common Yellowthroat,0.047,D:/AcousticMonitoringData/ELDON6_Data/Week16\ELDON6_20250422_052700.wav,20250422
3330,3333,Spizella pusilla,Field Sparrow,0.0168,D:/AcousticMonitoringData/ELDON6_Data/Week16\ELDON6_20250422_052700.wav,20250422
3333,3336,Geothlypis trichas,Common Yellowthroat,0.119,D:/AcousticMonitoringData/ELDON6_Data/Week16\ELDON6_20250422_052700.wav,20250422
3333,3336,Spizella pusilla,Field Sparrow,0.0722,D:/AcousticMonitoringData/ELDON6_Data/Week16\ELDON6_20250422_052700.wav,20250422
3333,3336,Passerina caerulea,Blue Grosbeak,0.0275,D:/AcousticMonitoringData/ELDON6_Data/Week16\ELDON6_20250422_052700.wav,20250422
3333,3336,Sturnella magna,Eastern Meadowlark,0.0251,D:/AcousticMonitoringData/ELDON6_Data/Week16\ELDON6_20250422_052700.wav,20250422
3336,3339,Geothlypis trichas,Common Yellowthroat,0.5736,D:/AcousticMonitoringData/ELDON6_Data/Week16\ELDON6_20250422_052700.wav,20250422
3336,3339,Spizella pusilla,Field Sparrow,0.015,D:/AcousticMonitoringData/ELDON6_Data/Week16\ELDON6_20250422_052700.wav,20250422
3339,3342,Geothlypis trichas,Common Yellowthroat,0.3485,D:/AcousticMonitoringData/ELDON6_Data/Week16\ELDON6_20250422_052700.wav,20250422
3339,3342,Spizella pusilla,Field Sparrow,0.0393,D:/AcousticMonitoringData/ELDON6_Data/Week16\ELDON6_20250422_052700.wav,20250422
3339,3342,Sturnella magna,Eastern Meadowlark,0.0125,D:/AcousticMonitoringData/ELDON6_Data/Week16\ELDON6_20250422_052700.wav,20250422
3339,3342,Passerina caerulea,Blue Grosbeak,0.0105,D:/AcousticMonitoringData/ELDON6_Data/Week16\ELDON6_20250422_052700.wav,20250422
3342,3345,Geothlypis trichas,Common Yellowthroat,0.1349,D:/AcousticMonitoringData/ELDON6_Data/Week16\ELDON6_20250422_052700.wav,20250422
3342,3345,Spizella pusilla,Field Sparrow,0.0177,D:/AcousticMonitoringData/ELDON6_Data/Week16\ELDON6_20250422_052700.wav,20250422
3345,3348,Geothlypis trichas,Common Yellowthroat,0.0299,D:/AcousticMonitoringData/ELDON6_Data/Week16\ELDON6_20250422_052700.wav,20250422
3345,3348,Sturnella magna,Eastern Meadowlark,0.022,D:/AcousticMonitoringData/ELDON6_Data/Week16\ELDON6_20250422_052700.wav,20250422
3345,3348,Spizella pusilla,Field Sparrow,0.0154,D:/AcousticMonitoringData/ELDON6_Data/Week16\ELDON6_20250422_052700.wav,20250422
3345,3348,Passerina caerulea,Blue Grosbeak,0.0107,D:/AcousticMonitoringData/ELDON6_Data/Week16\ELDON6_20250422_052700.wav,20250422
3348,3351,Geothlypis trichas,Common Yellowthroat,0.4876,D:/AcousticMonitoringData/ELDON6_Data/Week16\ELDON6_20250422_052700.wav,20250422
3348,3351,Spizella pusilla,Field Sparrow,0.0296,D:/AcousticMonitoringData/ELDON6_Data/Week16\ELDON6_20250422_052700.wav,20250422
3351,3354,Geothlypis trichas,Common Yellowthroat,0.0543,D:/AcousticMonitoringData/ELDON6_Data/Week16\ELDON6_20250422_052700.wav,20250422
3351,3354,Spizella pusilla,Field Sparrow,0.0197,D:/AcousticMonitoringData/ELDON6_Data/Week16\ELDON6_20250422_052700.wav,20250422
3354,3357,Spizella pusilla,Field Sparrow,0.0572,D:/AcousticMonitoringData/ELDON6_Data/Week16\ELDON6_20250422_052700.wav,20250422
3354,3357,Geothlypis trichas,Common Yellowthroat,0.0552,D:/AcousticMonitoringData/ELDON6_Data/Week16\ELDON6_20250422_052700.wav,20250422
3354,3357,Passerina caerulea,Blue Grosbeak,0.0153,D:/AcousticMonitoringData/ELDON6_Data/Week16\ELDON6_20250422_052700.wav,20250422
3354,3357,Sturnella magna,Eastern Meadowlark,0.0149,D:/AcousticMonitoringData/ELDON6_Data/Week16\ELDON6_20250422_052700.wav,20250422
3357,3360,Geothlypis trichas,Common Yellowthroat,0.1289,D:/AcousticMonitoringData/ELDON6_Data/Week16\ELDON6_20250422_052700.wav,20250422
3357,3360,Spizella pusilla,Field Sparrow,0.0325,D:/AcousticMonitoringData/ELDON6_Data/Week16\ELDON6_20250422_052700.wav,20250422
3360,3363,Geothlypis trichas,Common Yellowthroat,0.0806,D:/AcousticMonitoringData/ELDON6_Data/Week16\ELDON6_20250422_052700.wav,20250422
3360,3363,Spizella pusilla,Field Sparrow,0.0304,D:/AcousticMonitoringData/ELDON6_Data/Week16\ELDON6_20250422_052700.wav,20250422
3360,3363,Passerina caerulea,Blue Grosbeak,0.0109,D:/AcousticMonitoringData/ELDON6_Data/Week16\ELDON6_20250422_052700.wav,20250422
3363,3366,Geothlypis trichas,Common Yellowthroat,0.0781,D:/AcousticMonitoringData/ELDON6_Data/Week16\ELDON6_20250422_052700.wav,20250422
3363,3366,Spizella pusilla,Field Sparrow,0.0308,D:/AcousticMonitoringData/ELDON6_Data/Week16\ELDON6_20250422_052700.wav,20250422
3363,3366,Sturnella magna,Eastern Meadowlark,0.0157,D:/AcousticMonitoringData/ELDON6_Data/Week16\ELDON6_20250422_052700.wav,20250422
3366,3369,Geothlypis trichas,Common Yellowthroat,0.189,D:/AcousticMonitoringData/ELDON6_Data/Week16\ELDON6_20250422_052700.wav,20250422
3366,3369,Spizella pusilla,Field Sparrow,0.0246,D:/AcousticMonitoringData/ELDON6_Data/Week16\ELDON6_20250422_052700.wav,20250422
3369,3372,Geothlypis trichas,Common Yellowthroat,0.0921,D:/AcousticMonitoringData/ELDON6_Data/Week16\ELDON6_20250422_052700.wav,20250422
3369,3372,Spizella pusilla,Field Sparrow,0.0166,D:/AcousticMonitoringData/ELDON6_Data/Week16\ELDON6_20250422_052700.wav,20250422
3372,3375,Spizella pusilla,Field Sparrow,0.0707,D:/AcousticMonitoringData/ELDON6_Data/Week16\ELDON6_20250422_052700.wav,20250422
3372,3375,Passerina caerulea,Blue Grosbeak,0.0189,D:/AcousticMonitoringData/ELDON6_Data/Week16\ELDON6_20250422_052700.wav,20250422
3375,3378,Spizella pusilla,Field Sparrow,0.0199,D:/AcousticMonitoringData/ELDON6_Data/Week16\ELDON6_20250422_052700.wav,20250422
3375,3378,Geothlypis trichas,Common Yellowthroat,0.0185,D:/AcousticMonitoringData/ELDON6_Data/Week16\ELDON6_20250422_052700.wav,20250422
3378,3381,Geothlypis trichas,Common Yellowthroat,0.2651,D:/AcousticMonitoringData/ELDON6_Data/Week16\ELDON6_20250422_052700.wav,20250422
3381,3384,Geothlypis trichas,Common Yellowthroat,0.0471,D:/AcousticMonitoringData/ELDON6_Data/Week16\ELDON6_20250422_052700.wav,20250422
3381,3384,Spizella pusilla,Field Sparrow,0.0352,D:/AcousticMonitoringData/ELDON6_Data/Week16\ELDON6_20250422_052700.wav,20250422
3381,3384,Passerina caerulea,Blue Grosbeak,0.0123,D:/AcousticMonitoringData/ELDON6_Data/Week16\ELDON6_20250422_052700.wav,20250422
3381,3384,Sturnella magna,Eastern Meadowlark,0.0109,D:/AcousticMonitoringData/ELDON6_Data/Week16\ELDON6_20250422_052700.wav,20250422
3384,3387,Spizella pusilla,Field Sparrow,0.0636,D:/AcousticMonitoringData/ELDON6_Data/Week16\ELDON6_20250422_052700.wav,20250422
3384,3387,Sturnella magna,Eastern Meadowlark,0.0243,D:/AcousticMonitoringData/ELDON6_Data/Week16\ELDON6_20250422_052700.wav,20250422
3384,3387,Geothlypis trichas,Common Yellowthroat,0.0184,D:/AcousticMonitoringData/ELDON6_Data/Week16\ELDON6_20250422_052700.wav,20250422
3384,3387,Passerina caerulea,Blue Grosbeak,0.0128,D:/AcousticMonitoringData/ELDON6_Data/Week16\ELDON6_20250422_052700.wav,20250422
3387,3390,Spizella pusilla,Field Sparrow,0.0471,D:/AcousticMonitoringData/ELDON6_Data/Week16\ELDON6_20250422_052700.wav,20250422
3387,3390,Geothlypis trichas,Common Yellowthroat,0.019,D:/AcousticMonitoringData/ELDON6_Data/Week16\ELDON6_20250422_052700.wav,20250422
3390,3393,Geothlypis trichas,Common Yellowthroat,0.2046,D:/AcousticMonitoringData/ELDON6_Data/Week16\ELDON6_20250422_052700.wav,20250422
3390,3393,Melospiza melodia,Song Sparrow,0.0219,D:/AcousticMonitoringData/ELDON6_Data/Week16\ELDON6_20250422_052700.wav,20250422
3390,3393,Spizella pusilla,Field Sparrow,0.0113,D:/AcousticMonitoringData/ELDON6_Data/Week16\ELDON6_20250422_052700.wav,20250422
3393,3396,Spizella pusilla,Field Sparrow,0.039,D:/AcousticMonitoringData/ELDON6_Data/Week16\ELDON6_20250422_052700.wav,20250422
3393,3396,Geothlypis trichas,Common Yellowthroat,0.0188,D:/AcousticMonitoringData/ELDON6_Data/Week16\ELDON6_20250422_052700.wav,20250422
3396,3399,Geothlypis trichas,Common Yellowthroat,0.0446,D:/AcousticMonitoringData/ELDON6_Data/Week16\ELDON6_20250422_052700.wav,20250422
3396,3399,Spizella pusilla,Field Sparrow,0.0273,D:/AcousticMonitoringData/ELDON6_Data/Week16\ELDON6_20250422_052700.wav,20250422
3396,3399,Sturnella magna,Eastern Meadowlark,0.0142,D:/AcousticMonitoringData/ELDON6_Data/Week16\ELDON6_20250422_052700.wav,20250422
3396,3399,Passerina caerulea,Blue Grosbeak,0.0101,D:/AcousticMonitoringData/ELDON6_Data/Week16\ELDON6_20250422_052700.wav,20250422
3399,3402,Geothlypis trichas,Common Yellowthroat,0.0451,D:/AcousticMonitoringData/ELDON6_Data/Week16\ELDON6_20250422_052700.wav,20250422
3399,3402,Spizella pusilla,Field Sparrow,0.0314,D:/AcousticMonitoringData/ELDON6_Data/Week16\ELDON6_20250422_052700.wav,20250422
3399,3402,Sturnella magna,Eastern Meadowlark,0.0121,D:/AcousticMonitoringData/ELDON6_Data/Week16\ELDON6_20250422_052700.wav,20250422
3402,3405,Spizella pusilla,Field Sparrow,0.0307,D:/AcousticMonitoringData/ELDON6_Data/Week16\ELDON6_20250422_052700.wav,20250422
3402,3405,Sturnella magna,Eastern Meadowlark,0.0215,D:/AcousticMonitoringData/ELDON6_Data/Week16\ELDON6_20250422_052700.wav,20250422
3405,3408,Geothlypis trichas,Common Yellowthroat,0.0131,D:/AcousticMonitoringData/ELDON6_Data/Week16\ELDON6_20250422_052700.wav,20250422
3405,3408,Spizella pusilla,Field Sparrow,0.0106,D:/AcousticMonitoringData/ELDON6_Data/Week16\ELDON6_20250422_052700.wav,20250422
3408,3411,Geothlypis trichas,Common Yellowthroat,0.1142,D:/AcousticMonitoringData/ELDON6_Data/Week16\ELDON6_20250422_052700.wav,20250422
3408,3411,Spizella pusilla,Field Sparrow,0.0498,D:/AcousticMonitoringData/ELDON6_Data/Week16\ELDON6_20250422_052700.wav,20250422
3408,3411,Sturnella magna,Eastern Meadowlark,0.0227,D:/AcousticMonitoringData/ELDON6_Data/Week16\ELDON6_20250422_052700.wav,20250422
3408,3411,Passerina caerulea,Blue Grosbeak,0.0123,D:/AcousticMonitoringData/ELDON6_Data/Week16\ELDON6_20250422_052700.wav,20250422
3411,3414,Geothlypis trichas,Common Yellowthroat,0.0502,D:/AcousticMonitoringData/ELDON6_Data/Week16\ELDON6_20250422_052700.wav,20250422
3411,3414,Spizella pusilla,Field Sparrow,0.0226,D:/AcousticMonitoringData/ELDON6_Data/Week16\ELDON6_20250422_052700.wav,20250422
3411,3414,Passerina caerulea,Blue Grosbeak,0.0136,D:/AcousticMonitoringData/ELDON6_Data/Week16\ELDON6_20250422_052700.wav,20250422
3414,3417,Geothlypis trichas,Common Yellowthroat,0.0508,D:/AcousticMonitoringData/ELDON6_Data/Week16\ELDON6_20250422_052700.wav,20250422
3414,3417,Spizella pusilla,Field Sparrow,0.0186,D:/AcousticMonitoringData/ELDON6_Data/Week16\ELDON6_20250422_052700.wav,20250422
3417,3420,Geothlypis trichas,Common Yellowthroat,0.0269,D:/AcousticMonitoringData/ELDON6_Data/Week16\ELDON6_20250422_052700.wav,20250422
3417,3420,Spizella pusilla,Field Sparrow,0.0105,D:/AcousticMonitoringData/ELDON6_Data/Week16\ELDON6_20250422_052700.wav,20250422
3420,3423,Geothlypis trichas,Common Yellowthroat,0.0822,D:/AcousticMonitoringData/ELDON6_Data/Week16\ELDON6_20250422_052700.wav,20250422
3420,3423,Spizella pusilla,Field Sparrow,0.0169,D:/AcousticMonitoringData/ELDON6_Data/Week16\ELDON6_20250422_052700.wav,20250422
3423,3426,Geothlypis trichas,Common Yellowthroat,0.0843,D:/AcousticMonitoringData/ELDON6_Data/Week16\ELDON6_20250422_052700.wav,20250422
3423,3426,Spizella pusilla,Field Sparrow,0.0454,D:/AcousticMonitoringData/ELDON6_Data/Week16\ELDON6_20250422_052700.wav,20250422
3426,3429,Spizella pusilla,Field Sparrow,0.0594,D:/AcousticMonitoringData/ELDON6_Data/Week16\ELDON6_20250422_052700.wav,20250422
3429,3432,Spizella pusilla,Field Sparrow,0.0327,D:/AcousticMonitoringData/ELDON6_Data/Week16\ELDON6_20250422_052700.wav,20250422
3429,3432,Passerina caerulea,Blue Grosbeak,0.0119,D:/AcousticMonitoringData/ELDON6_Data/Week16\ELDON6_20250422_052700.wav,20250422
3432,3435,Spizella pusilla,Field Sparrow,0.0115,D:/AcousticMonitoringData/ELDON6_Data/Week16\ELDON6_20250422_052700.wav,20250422
3438,3441,Spizella pusilla,Field Sparrow,0.0299,D:/AcousticMonitoringData/ELDON6_Data/Week16\ELDON6_20250422_052700.wav,20250422
3438,3441,Geothlypis trichas,Common Yellowthroat,0.0112,D:/AcousticMonitoringData/ELDON6_Data/Week16\ELDON6_20250422_052700.wav,20250422
3441,3444,Spizella pusilla,Field Sparrow,0.0627,D:/AcousticMonitoringData/ELDON6_Data/Week16\ELDON6_20250422_052700.wav,20250422
3441,3444,Sturnella magna,Eastern Meadowlark,0.0157,D:/AcousticMonitoringData/ELDON6_Data/Week16\ELDON6_20250422_052700.wav,20250422
3444,3447,Spizella pusilla,Field Sparrow,0.0441,D:/AcousticMonitoringData/ELDON6_Data/Week16\ELDON6_20250422_052700.wav,20250422
3450,3453,Spizella pusilla,Field Sparrow,0.1282,D:/AcousticMonitoringData/ELDON6_Data/Week16\ELDON6_20250422_052700.wav,20250422
3453,3456,Spizella pusilla,Field Sparrow,0.0208,D:/AcousticMonitoringData/ELDON6_Data/Week16\ELDON6_20250422_052700.wav,20250422
3456,3459,Geothlypis trichas,Common Yellowthroat,0.0209,D:/AcousticMonitoringData/ELDON6_Data/Week16\ELDON6_20250422_052700.wav,20250422
3456,3459,Spizella pusilla,Field Sparrow,0.0206,D:/AcousticMonitoringData/ELDON6_Data/Week16\ELDON6_20250422_052700.wav,20250422
3456,3459,Passerina caerulea,Blue Grosbeak,0.0122,D:/AcousticMonitoringData/ELDON6_Data/Week16\ELDON6_20250422_052700.wav,20250422
3459,3462,Spizella pusilla,Field Sparrow,0.0241,D:/AcousticMonitoringData/ELDON6_Data/Week16\ELDON6_20250422_052700.wav,20250422
3462,3465,Geothlypis trichas,Common Yellowthroat,0.0401,D:/AcousticMonitoringData/ELDON6_Data/Week16\ELDON6_20250422_052700.wav,20250422
3462,3465,Spizella pusilla,Field Sparrow,0.0263,D:/AcousticMonitoringData/ELDON6_Data/Week16\ELDON6_20250422_052700.wav,20250422
3462,3465,Passerina caerulea,Blue Grosbeak,0.0178,D:/AcousticMonitoringData/ELDON6_Data/Week16\ELDON6_20250422_052700.wav,20250422
3465,3468,Geothlypis trichas,Common Yellowthroat,0.0165,D:/AcousticMonitoringData/ELDON6_Data/Week16\ELDON6_20250422_052700.wav,20250422
3465,3468,Spizella pusilla,Field Sparrow,0.0162,D:/AcousticMonitoringData/ELDON6_Data/Week16\ELDON6_20250422_052700.wav,20250422
3468,3471,Geothlypis trichas,Common Yellowthroat,0.0692,D:/AcousticMonitoringData/ELDON6_Data/Week16\ELDON6_20250422_052700.wav,20250422
3471,3474,Geothlypis trichas,Common Yellowthroat,0.0977,D:/AcousticMonitoringData/ELDON6_Data/Week16\ELDON6_20250422_052700.wav,20250422
3471,3474,Spizella pusilla,Field Sparrow,0.0354,D:/AcousticMonitoringData/ELDON6_Data/Week16\ELDON6_20250422_052700.wav,20250422
3471,3474,Sturnella magna,Eastern Meadowlark,0.01,D:/AcousticMonitoringData/ELDON6_Data/Week16\ELDON6_20250422_052700.wav,20250422
3474,3477,Sturnella magna,Eastern Meadowlark,0.0166,D:/AcousticMonitoringData/ELDON6_Data/Week16\ELDON6_20250422_052700.wav,20250422
3474,3477,Geothlypis trichas,Common Yellowthroat,0.0148,D:/AcousticMonitoringData/ELDON6_Data/Week16\ELDON6_20250422_052700.wav,20250422
3474,3477,Passerina caerulea,Blue Grosbeak,0.0104,D:/AcousticMonitoringData/ELDON6_Data/Week16\ELDON6_20250422_052700.wav,20250422
3477,3480,Geothlypis trichas,Common Yellowthroat,0.035,D:/AcousticMonitoringData/ELDON6_Data/Week16\ELDON6_20250422_052700.wav,20250422
3477,3480,Spizella pusilla,Field Sparrow,0.0199,D:/AcousticMonitoringData/ELDON6_Data/Week16\ELDON6_20250422_052700.wav,20250422
3477,3480,Melospiza melodia,Song Sparrow,0.0111,D:/AcousticMonitoringData/ELDON6_Data/Week16\ELDON6_20250422_052700.wav,20250422
3477,3480,Sturnella magna,Eastern Meadowlark,0.0107,D:/AcousticMonitoringData/ELDON6_Data/Week16\ELDON6_20250422_052700.wav,20250422
3480,3483,Geothlypis trichas,Common Yellowthroat,0.1192,D:/AcousticMonitoringData/ELDON6_Data/Week16\ELDON6_20250422_052700.wav,20250422
3480,3483,Spizella pusilla,Field Sparrow,0.0293,D:/AcousticMonitoringData/ELDON6_Data/Week16\ELDON6_20250422_052700.wav,20250422
3480,3483,Passerina caerulea,Blue Grosbeak,0.0224,D:/AcousticMonitoringData/ELDON6_Data/Week16\ELDON6_20250422_052700.wav,20250422
3480,3483,Sturnella magna,Eastern Meadowlark,0.0106,D:/AcousticMonitoringData/ELDON6_Data/Week16\ELDON6_20250422_052700.wav,20250422
3483,3486,Spizella pusilla,Field Sparrow,0.0432,D:/AcousticMonitoringData/ELDON6_Data/Week16\ELDON6_20250422_052700.wav,20250422
3483,3486,Geothlypis trichas,Common Yellowthroat,0.0122,D:/AcousticMonitoringData/ELDON6_Data/Week16\ELDON6_20250422_052700.wav,20250422
3486,3489,Geothlypis trichas,Common Yellowthroat,0.0445,D:/AcousticMonitoringData/ELDON6_Data/Week16\ELDON6_20250422_052700.wav,20250422
3486,3489,Spizella pusilla,Field Sparrow,0.0149,D:/AcousticMonitoringData/ELDON6_Data/Week16\ELDON6_20250422_052700.wav,20250422
3489,3492,Geothlypis trichas,Common Yellowthroat,0.1561,D:/AcousticMonitoringData/ELDON6_Data/Week16\ELDON6_20250422_052700.wav,20250422
3489,3492,Spizella pusilla,Field Sparrow,0.0218,D:/AcousticMonitoringData/ELDON6_Data/Week16\ELDON6_20250422_052700.wav,20250422
3492,3495,Geothlypis trichas,Common Yellowthroat,0.2281,D:/AcousticMonitoringData/ELDON6_Data/Week16\ELDON6_20250422_052700.wav,20250422
3492,3495,Spizella pusilla,Field Sparrow,0.0174,D:/AcousticMonitoringData/ELDON6_Data/Week16\ELDON6_20250422_052700.wav,20250422
3492,3495,Melospiza melodia,Song Sparrow,0.0105,D:/AcousticMonitoringData/ELDON6_Data/Week16\ELDON6_20250422_052700.wav,20250422
3495,3498,Spizella pusilla,Field Sparrow,0.027,D:/AcousticMonitoringData/ELDON6_Data/Week16\ELDON6_20250422_052700.wav,20250422
3495,3498,Geothlypis trichas,Common Yellowthroat,0.0185,D:/AcousticMonitoringData/ELDON6_Data/Week16\ELDON6_20250422_052700.wav,20250422
3495,3498,Sturnella magna,Eastern Meadowlark,0.0101,D:/AcousticMonitoringData/ELDON6_Data/Week16\ELDON6_20250422_052700.wav,20250422
3498,3501,Spizella pusilla,Field Sparrow,0.0161,D:/AcousticMonitoringData/ELDON6_Data/Week16\ELDON6_20250422_052700.wav,20250422
3498,3501,Geothlypis trichas,Common Yellowthroat,0.0143,D:/AcousticMonitoringData/ELDON6_Data/Week16\ELDON6_20250422_052700.wav,20250422
3501,3504,Geothlypis trichas,Common Yellowthroat,0.0852,D:/AcousticMonitoringData/ELDON6_Data/Week16\ELDON6_20250422_052700.wav,20250422
3501,3504,Sturnella magna,Eastern Meadowlark,0.019,D:/AcousticMonitoringData/ELDON6_Data/Week16\ELDON6_20250422_052700.wav,20250422
3501,3504,Passerina caerulea,Blue Grosbeak,0.0112,D:/AcousticMonitoringData/ELDON6_Data/Week16\ELDON6_20250422_052700.wav,20250422
3504,3507,Spizella pusilla,Field Sparrow,0.0203,D:/AcousticMonitoringData/ELDON6_Data/Week16\ELDON6_20250422_052700.wav,20250422
3504,3507,Geothlypis trichas,Common Yellowthroat,0.0146,D:/AcousticMonitoringData/ELDON6_Data/Week16\ELDON6_20250422_052700.wav,20250422
3507,3510,Spizella pusilla,Field Sparrow,0.0379,D:/AcousticMonitoringData/ELDON6_Data/Week16\ELDON6_20250422_052700.wav,20250422
3507,3510,Geothlypis trichas,Common Yellowthroat,0.0256,D:/AcousticMonitoringData/ELDON6_Data/Week16\ELDON6_20250422_052700.wav,20250422
3510,3513,Geothlypis trichas,Common Yellowthroat,0.0833,D:/AcousticMonitoringData/ELDON6_Data/Week16\ELDON6_20250422_052700.wav,20250422
3510,3513,Spizella pusilla,Field Sparrow,0.0432,D:/AcousticMonitoringData/ELDON6_Data/Week16\ELDON6_20250422_052700.wav,20250422
3516,3519,Geothlypis trichas,Common Yellowthroat,0.0974,D:/AcousticMonitoringData/ELDON6_Data/Week16\ELDON6_20250422_052700.wav,20250422
3516,3519,Spizella pusilla,Field Sparrow,0.0223,D:/AcousticMonitoringData/ELDON6_Data/Week16\ELDON6_20250422_052700.wav,20250422
3519,3522,Geothlypis trichas,Common Yellowthroat,0.079,D:/AcousticMonitoringData/ELDON6_Data/Week16\ELDON6_20250422_052700.wav,20250422
3519,3522,Spizella pusilla,Field Sparrow,0.025,D:/AcousticMonitoringData/ELDON6_Data/Week16\ELDON6_20250422_052700.wav,20250422
3522,3525,Geothlypis trichas,Common Yellowthroat,0.0484,D:/AcousticMonitoringData/ELDON6_Data/Week16\ELDON6_20250422_052700.wav,20250422
3522,3525,Spizella pusilla,Field Sparrow,0.0178,D:/AcousticMonitoringData/ELDON6_Data/Week16\ELDON6_20250422_052700.wav,20250422
3522,3525,Sturnella magna,Eastern Meadowlark,0.0105,D:/AcousticMonitoringData/ELDON6_Data/Week16\ELDON6_20250422_052700.wav,20250422
3525,3528,Geothlypis trichas,Common Yellowthroat,0.0399,D:/AcousticMonitoringData/ELDON6_Data/Week16\ELDON6_20250422_052700.wav,20250422
3525,3528,Spizella pusilla,Field Sparrow,0.0158,D:/AcousticMonitoringData/ELDON6_Data/Week16\ELDON6_20250422_052700.wav,20250422
3528,3531,Geothlypis trichas,Common Yellowthroat,0.0417,D:/AcousticMonitoringData/ELDON6_Data/Week16\ELDON6_20250422_052700.wav,20250422
3528,3531,Spizella pusilla,Field Sparrow,0.0195,D:/AcousticMonitoringData/ELDON6_Data/Week16\ELDON6_20250422_052700.wav,20250422
3531,3534,Geothlypis trichas,Common Yellowthroat,0.1466,D:/AcousticMonitoringData/ELDON6_Data/Week16\ELDON6_20250422_052700.wav,20250422
3534,3537,Geothlypis trichas,Common Yellowthroat,0.0526,D:/AcousticMonitoringData/ELDON6_Data/Week16\ELDON6_20250422_052700.wav,20250422
3534,3537,Spizella pusilla,Field Sparrow,0.0217,D:/AcousticMonitoringData/ELDON6_Data/Week16\ELDON6_20250422_052700.wav,20250422
3537,3540,Spizella pusilla,Field Sparrow,0.0311,D:/AcousticMonitoringData/ELDON6_Data/Week16\ELDON6_20250422_052700.wav,20250422
3537,3540,Passerina caerulea,Blue Grosbeak,0.0133,D:/AcousticMonitoringData/ELDON6_Data/Week16\ELDON6_20250422_052700.wav,20250422
3537,3540,Geothlypis trichas,Common Yellowthroat,0.0104,D:/AcousticMonitoringData/ELDON6_Data/Week16\ELDON6_20250422_052700.wav,20250422
3540,3543,Geothlypis trichas,Common Yellowthroat,0.0262,D:/AcousticMonitoringData/ELDON6_Data/Week16\ELDON6_20250422_052700.wav,20250422
3540,3543,Passerina caerulea,Blue Grosbeak,0.0149,D:/AcousticMonitoringData/ELDON6_Data/Week16\ELDON6_20250422_052700.wav,20250422
3540,3543,Spizella pusilla,Field Sparrow,0.0147,D:/AcousticMonitoringData/ELDON6_Data/Week16\ELDON6_20250422_052700.wav,20250422
3540,3543,Sturnella magna,Eastern Meadowlark,0.011,D:/AcousticMonitoringData/ELDON6_Data/Week16\ELDON6_20250422_052700.wav,20250422
3543,3546,Geothlypis trichas,Common Yellowthroat,0.0672,D:/AcousticMonitoringData/ELDON6_Data/Week16\ELDON6_20250422_052700.wav,20250422
3543,3546,Spizella pusilla,Field Sparrow,0.0189,D:/AcousticMonitoringData/ELDON6_Data/Week16\ELDON6_20250422_052700.wav,20250422
3546,3549,Geothlypis trichas,Common Yellowthroat,0.0306,D:/AcousticMonitoringData/ELDON6_Data/Week16\ELDON6_20250422_052700.wav,20250422
3546,3549,Spizella pusilla,Field Sparrow,0.0239,D:/AcousticMonitoringData/ELDON6_Data/Week16\ELDON6_20250422_052700.wav,20250422
3549,3552,Spizella pusilla,Field Sparrow,0.0298,D:/AcousticMonitoringData/ELDON6_Data/Week16\ELDON6_20250422_052700.wav,20250422
3549,3552,Geothlypis trichas,Common Yellowthroat,0.0249,D:/AcousticMonitoringData/ELDON6_Data/Week16\ELDON6_20250422_052700.wav,20250422
3549,3552,Sturnella magna,Eastern Meadowlark,0.0144,D:/AcousticMonitoringData/ELDON6_Data/Week16\ELDON6_20250422_052700.wav,20250422
3549,3552,Bartramia longicauda,Upland Sandpiper,0.0122,D:/AcousticMonitoringData/ELDON6_Data/Week16\ELDON6_20250422_052700.wav,20250422
3549,3552,Passerina caerulea,Blue Grosbeak,0.0116,D:/AcousticMonitoringData/ELDON6_Data/Week16\ELDON6_20250422_052700.wav,20250422
3555,3558,Geothlypis trichas,Common Yellowthroat,0.0185,D:/AcousticMonitoringData/ELDON6_Data/Week16\ELDON6_20250422_052700.wav,20250422
3558,3561,Geothlypis trichas,Common Yellowthroat,0.0434,D:/AcousticMonitoringData/ELDON6_Data/Week16\ELDON6_20250422_052700.wav,20250422
3561,3564,Geothlypis trichas,Common Yellowthroat,0.0398,D:/AcousticMonitoringData/ELDON6_Data/Week16\ELDON6_20250422_052700.wav,20250422
3561,3564,Spizella pusilla,Field Sparrow,0.0174,D:/AcousticMonitoringData/ELDON6_Data/Week16\ELDON6_20250422_052700.wav,20250422
3564,3567,Geothlypis trichas,Common Yellowthroat,0.3204,D:/AcousticMonitoringData/ELDON6_Data/Week16\ELDON6_20250422_052700.wav,20250422
3564,3567,Spizella pusilla,Field Sparrow,0.0136,D:/AcousticMonitoringData/ELDON6_Data/Week16\ELDON6_20250422_052700.wav,20250422
3564,3567,Passerina caerulea,Blue Grosbeak,0.0119,D:/AcousticMonitoringData/ELDON6_Data/Week16\ELDON6_20250422_052700.wav,20250422
3567,3570,Geothlypis trichas,Common Yellowthroat,0.0595,D:/AcousticMonitoringData/ELDON6_Data/Week16\ELDON6_20250422_052700.wav,20250422
3567,3570,Spizella pusilla,Field Sparrow,0.0406,D:/AcousticMonitoringData/ELDON6_Data/Week16\ELDON6_20250422_052700.wav,20250422
3567,3570,Passerina caerulea,Blue Grosbeak,0.0172,D:/AcousticMonitoringData/ELDON6_Data/Week16\ELDON6_20250422_052700.wav,20250422
3567,3570,Sturnella magna,Eastern Meadowlark,0.0163,D:/AcousticMonitoringData/ELDON6_Data/Week16\ELDON6_20250422_052700.wav,20250422
3570,3573,Geothlypis trichas,Common Yellowthroat,0.0402,D:/AcousticMonitoringData/ELDON6_Data/Week16\ELDON6_20250422_052700.wav,20250422
3573,3576,Geothlypis trichas,Common Yellowthroat,0.0321,D:/AcousticMonitoringData/ELDON6_Data/Week16\ELDON6_20250422_052700.wav,20250422
3573,3576,Spizella pusilla,Field Sparrow,0.0168,D:/AcousticMonitoringData/ELDON6_Data/Week16\ELDON6_20250422_052700.wav,20250422
3573,3576,Passerina caerulea,Blue Grosbeak,0.0112,D:/AcousticMonitoringData/ELDON6_Data/Week16\ELDON6_20250422_052700.wav,20250422
3576,3579,Geothlypis trichas,Common Yellowthroat,0.1154,D:/AcousticMonitoringData/ELDON6_Data/Week16\ELDON6_20250422_052700.wav,20250422
3576,3579,Spizella pusilla,Field Sparrow,0.0184,D:/AcousticMonitoringData/ELDON6_Data/Week16\ELDON6_20250422_052700.wav,20250422
3576,3579,Passerina caerulea,Blue Grosbeak,0.0117,D:/AcousticMonitoringData/ELDON6_Data/Week16\ELDON6_20250422_052700.wav,20250422
3579,3582,Spizella pusilla,Field Sparrow,0.0765,D:/AcousticMonitoringData/ELDON6_Data/Week16\ELDON6_20250422_052700.wav,20250422
3579,3582,Sturnella magna,Eastern Meadowlark,0.0124,D:/AcousticMonitoringData/ELDON6_Data/Week16\ELDON6_20250422_052700.wav,20250422
3579,3582,Geothlypis trichas,Common Yellowthroat,0.0121,D:/AcousticMonitoringData/ELDON6_Data/Week16\ELDON6_20250422_052700.wav,20250422
3579,3582,Passerina caerulea,Blue Grosbeak,0.0116,D:/AcousticMonitoringData/ELDON6_Data/Week16\ELDON6_20250422_052700.wav,20250422
3582,3585,Geothlypis trichas,Common Yellowthroat,0.0143,D:/AcousticMonitoringData/ELDON6_Data/Week16\ELDON6_20250422_052700.wav,20250422
3582,3585,Spizella pusilla,Field Sparrow,0.0128,D:/AcousticMonitoringData/ELDON6_Data/Week16\ELDON6_20250422_052700.wav,20250422
3585,3588,Geothlypis trichas,Common Yellowthroat,0.0395,D:/AcousticMonitoringData/ELDON6_Data/Week16\ELDON6_20250422_052700.wav,20250422
3585,3588,Spizella pusilla,Field Sparrow,0.0162,D:/AcousticMonitoringData/ELDON6_Data/Week16\ELDON6_20250422_052700.wav,20250422
3588,3591,Geothlypis trichas,Common Yellowthroat,0.0218,D:/AcousticMonitoringData/ELDON6_Data/Week16\ELDON6_20250422_052700.wav,20250422
3591,3594,Geothlypis trichas,Common Yellowthroat,0.1067,D:/AcousticMonitoringData/ELDON6_Data/Week16\ELDON6_20250422_052700.wav,20250422
3591,3594,Spizella pusilla,Field Sparrow,0.019,D:/AcousticMonitoringData/ELDON6_Data/Week16\ELDON6_20250422_052700.wav,20250422
3594,3597,Spizella pusilla,Field Sparrow,0.0234,D:/AcousticMonitoringData/ELDON6_Data/Week16\ELDON6_20250422_052700.wav,20250422
3594,3597,Geothlypis trichas,Common Yellowthroat,0.0171,D:/AcousticMonitoringData/ELDON6_Data/Week16\ELDON6_20250422_052700.wav,20250422
3594,3597,Passerina caerulea,Blue Grosbeak,0.0147,D:/AcousticMonitoringData/ELDON6_Data/Week16\ELDON6_20250422_052700.wav,20250422
3597,3600,Geothlypis trichas,Common Yellowthroat,0.11,D:/AcousticMonitoringData/ELDON6_Data/Week16\ELDON6_20250422_052700.wav,20250422
3597,3600,Spizella pusilla,Field Sparrow,0.0242,D:/AcousticMonitoringData/ELDON6_Data/Week16\ELDON6_20250422_052700.wav,20250422
3597,3600,Sturnella magna,Eastern Meadowlark,0.0143,D:/AcousticMonitoringData/ELDON6_Data/Week16\ELDON6_20250422_052700.wav,20250422
3597,3600,Passerina caerulea,Blue Grosbeak,0.0138,D:/AcousticMonitoringData/ELDON6_Data/Week16\ELDON6_20250422_052700.wav,20250422
3600,3603,Geothlypis trichas,Common Yellowthroat,0.1469,D:/AcousticMonitoringData/ELDON6_Data/Week16\ELDON6_20250422_052700.wav,20250422
3600,3603,Spizella pusilla,Field Sparrow,0.0354,D:/AcousticMonitoringData/ELDON6_Data/Week16\ELDON6_20250422_052700.wav,20250422
3603,3606,Geothlypis trichas,Common Yellowthroat,0.1144,D:/AcousticMonitoringData/ELDON6_Data/Week16\ELDON6_20250422_052700.wav,20250422
3603,3606,Spizella pusilla,Field Sparrow,0.0125,D:/AcousticMonitoringData/ELDON6_Data/Week16\ELDON6_20250422_052700.wav,20250422
