Start (s),End (s),Scientific name,Common name,Confidence,File,Date
0,3,Sturnella magna,Eastern Meadowlark,0.4003,D:/AcousticMonitoringData/ELDON2_Data/Week16\ELDON2_20250428_061902.wav,20250428
0,3,Passerina caerulea,Blue Grosbeak,0.0168,D:/AcousticMonitoringData/ELDON2_Data/Week16\ELDON2_20250428_061902.wav,20250428
3,6,Sturnella magna,Eastern Meadowlark,0.1017,D:/AcousticMonitoringData/ELDON2_Data/Week16\ELDON2_20250428_061902.wav,20250428
6,9,Sturnella magna,Eastern Meadowlark,0.0532,D:/AcousticMonitoringData/ELDON2_Data/Week16\ELDON2_20250428_061902.wav,20250428
6,9,Passerina caerulea,Blue Grosbeak,0.0155,D:/AcousticMonitoringData/ELDON2_Data/Week16\ELDON2_20250428_061902.wav,20250428
6,9,Geothlypis trichas,Common Yellowthroat,0.0136,D:/AcousticMonitoringData/ELDON2_Data/Week16\ELDON2_20250428_061902.wav,20250428
9,12,Melospiza melodia,Song Sparrow,0.0183,D:/AcousticMonitoringData/ELDON2_Data/Week16\ELDON2_20250428_061902.wav,20250428
9,12,Geothlypis trichas,Common Yellowthroat,0.015,D:/AcousticMonitoringData/ELDON2_Data/Week16\ELDON2_20250428_061902.wav,20250428
12,15,Sturnella magna,Eastern Meadowlark,0.0267,D:/AcousticMonitoringData/ELDON2_Data/Week16\ELDON2_20250428_061902.wav,20250428
15,18,Sturnella magna,Eastern Meadowlark,0.0931,D:/AcousticMonitoringData/ELDON2_Data/Week16\ELDON2_20250428_061902.wav,20250428
18,21,Sturnella magna,Eastern Meadowlark,0.0774,D:/AcousticMonitoringData/ELDON2_Data/Week16\ELDON2_20250428_061902.wav,20250428
21,24,Sturnella magna,Eastern Meadowlark,0.0351,D:/AcousticMonitoringData/ELDON2_Data/Week16\ELDON2_20250428_061902.wav,20250428
24,27,Sturnella magna,Eastern Meadowlark,0.5772,D:/AcousticMonitoringData/ELDON2_Data/Week16\ELDON2_20250428_061902.wav,20250428
24,27,Spizella pusilla,Field Sparrow,0.0127,D:/AcousticMonitoringData/ELDON2_Data/Week16\ELDON2_20250428_061902.wav,20250428
27,30,Sturnella magna,Eastern Meadowlark,0.0697,D:/AcousticMonitoringData/ELDON2_Data/Week16\ELDON2_20250428_061902.wav,20250428
30,33,Sturnella magna,Eastern Meadowlark,0.0113,D:/AcousticMonitoringData/ELDON2_Data/Week16\ELDON2_20250428_061902.wav,20250428
33,36,Sturnella magna,Eastern Meadowlark,0.0229,D:/AcousticMonitoringData/ELDON2_Data/Week16\ELDON2_20250428_061902.wav,20250428
36,39,Sturnella magna,Eastern Meadowlark,0.4753,D:/AcousticMonitoringData/ELDON2_Data/Week16\ELDON2_20250428_061902.wav,20250428
36,39,Passerina caerulea,Blue Grosbeak,0.0143,D:/AcousticMonitoringData/ELDON2_Data/Week16\ELDON2_20250428_061902.wav,20250428
39,42,Sturnella magna,Eastern Meadowlark,0.2543,D:/AcousticMonitoringData/ELDON2_Data/Week16\ELDON2_20250428_061902.wav,20250428
39,42,Bartramia longicauda,Upland Sandpiper,0.0103,D:/AcousticMonitoringData/ELDON2_Data/Week16\ELDON2_20250428_061902.wav,20250428
42,45,Sturnella magna,Eastern Meadowlark,0.0688,D:/AcousticMonitoringData/ELDON2_Data/Week16\ELDON2_20250428_061902.wav,20250428
45,48,Sturnella magna,Eastern Meadowlark,0.0241,D:/AcousticMonitoringData/ELDON2_Data/Week16\ELDON2_20250428_061902.wav,20250428
45,48,Bartramia longicauda,Upland Sandpiper,0.0198,D:/AcousticMonitoringData/ELDON2_Data/Week16\ELDON2_20250428_061902.wav,20250428
45,48,Melospiza melodia,Song Sparrow,0.0119,D:/AcousticMonitoringData/ELDON2_Data/Week16\ELDON2_20250428_061902.wav,20250428
48,51,Sturnella magna,Eastern Meadowlark,0.1907,D:/AcousticMonitoringData/ELDON2_Data/Week16\ELDON2_20250428_061902.wav,20250428
51,54,Sturnella magna,Eastern Meadowlark,0.337,D:/AcousticMonitoringData/ELDON2_Data/Week16\ELDON2_20250428_061902.wav,20250428
51,54,Passerina caerulea,Blue Grosbeak,0.0117,D:/AcousticMonitoringData/ELDON2_Data/Week16\ELDON2_20250428_061902.wav,20250428
51,54,Bartramia longicauda,Upland Sandpiper,0.0101,D:/AcousticMonitoringData/ELDON2_Data/Week16\ELDON2_20250428_061902.wav,20250428
54,57,Sturnella magna,Eastern Meadowlark,0.5171,D:/AcousticMonitoringData/ELDON2_Data/Week16\ELDON2_20250428_061902.wav,20250428
54,57,Spizella pusilla,Field Sparrow,0.0101,D:/AcousticMonitoringData/ELDON2_Data/Week16\ELDON2_20250428_061902.wav,20250428
57,60,Sturnella magna,Eastern Meadowlark,0.2787,D:/AcousticMonitoringData/ELDON2_Data/Week16\ELDON2_20250428_061902.wav,20250428
57,60,Bartramia longicauda,Upland Sandpiper,0.0138,D:/AcousticMonitoringData/ELDON2_Data/Week16\ELDON2_20250428_061902.wav,20250428
60,63,Sturnella magna,Eastern Meadowlark,0.206,D:/AcousticMonitoringData/ELDON2_Data/Week16\ELDON2_20250428_061902.wav,20250428
60,63,Bartramia longicauda,Upland Sandpiper,0.0148,D:/AcousticMonitoringData/ELDON2_Data/Week16\ELDON2_20250428_061902.wav,20250428
63,66,Sturnella magna,Eastern Meadowlark,0.0152,D:/AcousticMonitoringData/ELDON2_Data/Week16\ELDON2_20250428_061902.wav,20250428
66,69,Sturnella magna,Eastern Meadowlark,0.1851,D:/AcousticMonitoringData/ELDON2_Data/Week16\ELDON2_20250428_061902.wav,20250428
66,69,Spizella pusilla,Field Sparrow,0.0233,D:/AcousticMonitoringData/ELDON2_Data/Week16\ELDON2_20250428_061902.wav,20250428
66,69,Bartramia longicauda,Upland Sandpiper,0.0218,D:/AcousticMonitoringData/ELDON2_Data/Week16\ELDON2_20250428_061902.wav,20250428
66,69,Passerina caerulea,Blue Grosbeak,0.012,D:/AcousticMonitoringData/ELDON2_Data/Week16\ELDON2_20250428_061902.wav,20250428
69,72,Sturnella magna,Eastern Meadowlark,0.1845,D:/AcousticMonitoringData/ELDON2_Data/Week16\ELDON2_20250428_061902.wav,20250428
69,72,Bartramia longicauda,Upland Sandpiper,0.0278,D:/AcousticMonitoringData/ELDON2_Data/Week16\ELDON2_20250428_061902.wav,20250428
69,72,Passerina caerulea,Blue Grosbeak,0.0196,D:/AcousticMonitoringData/ELDON2_Data/Week16\ELDON2_20250428_061902.wav,20250428
72,75,Sturnella magna,Eastern Meadowlark,0.0521,D:/AcousticMonitoringData/ELDON2_Data/Week16\ELDON2_20250428_061902.wav,20250428
75,78,Sturnella magna,Eastern Meadowlark,0.1066,D:/AcousticMonitoringData/ELDON2_Data/Week16\ELDON2_20250428_061902.wav,20250428
75,78,Spizella pusilla,Field Sparrow,0.0269,D:/AcousticMonitoringData/ELDON2_Data/Week16\ELDON2_20250428_061902.wav,20250428
75,78,Melospiza melodia,Song Sparrow,0.0148,D:/AcousticMonitoringData/ELDON2_Data/Week16\ELDON2_20250428_061902.wav,20250428
75,78,Geothlypis trichas,Common Yellowthroat,0.0142,D:/AcousticMonitoringData/ELDON2_Data/Week16\ELDON2_20250428_061902.wav,20250428
75,78,Bartramia longicauda,Upland Sandpiper,0.0107,D:/AcousticMonitoringData/ELDON2_Data/Week16\ELDON2_20250428_061902.wav,20250428
78,81,Melospiza melodia,Song Sparrow,0.0108,D:/AcousticMonitoringData/ELDON2_Data/Week16\ELDON2_20250428_061902.wav,20250428
78,81,Bartramia longicauda,Upland Sandpiper,0.0103,D:/AcousticMonitoringData/ELDON2_Data/Week16\ELDON2_20250428_061902.wav,20250428
81,84,Bartramia longicauda,Upland Sandpiper,0.0174,D:/AcousticMonitoringData/ELDON2_Data/Week16\ELDON2_20250428_061902.wav,20250428
81,84,Sturnella magna,Eastern Meadowlark,0.0158,D:/AcousticMonitoringData/ELDON2_Data/Week16\ELDON2_20250428_061902.wav,20250428
84,87,Sturnella magna,Eastern Meadowlark,0.0797,D:/AcousticMonitoringData/ELDON2_Data/Week16\ELDON2_20250428_061902.wav,20250428
84,87,Bartramia longicauda,Upland Sandpiper,0.0106,D:/AcousticMonitoringData/ELDON2_Data/Week16\ELDON2_20250428_061902.wav,20250428
87,90,Bartramia longicauda,Upland Sandpiper,0.0497,D:/AcousticMonitoringData/ELDON2_Data/Week16\ELDON2_20250428_061902.wav,20250428
87,90,Sturnella magna,Eastern Meadowlark,0.0468,D:/AcousticMonitoringData/ELDON2_Data/Week16\ELDON2_20250428_061902.wav,20250428
90,93,Sturnella magna,Eastern Meadowlark,0.0268,D:/AcousticMonitoringData/ELDON2_Data/Week16\ELDON2_20250428_061902.wav,20250428
93,96,Melospiza melodia,Song Sparrow,0.0102,D:/AcousticMonitoringData/ELDON2_Data/Week16\ELDON2_20250428_061902.wav,20250428
96,99,Sturnella magna,Eastern Meadowlark,0.3124,D:/AcousticMonitoringData/ELDON2_Data/Week16\ELDON2_20250428_061902.wav,20250428
96,99,Bartramia longicauda,Upland Sandpiper,0.0115,D:/AcousticMonitoringData/ELDON2_Data/Week16\ELDON2_20250428_061902.wav,20250428
99,102,Sturnella magna,Eastern Meadowlark,0.1041,D:/AcousticMonitoringData/ELDON2_Data/Week16\ELDON2_20250428_061902.wav,20250428
102,105,Sturnella magna,Eastern Meadowlark,0.0425,D:/AcousticMonitoringData/ELDON2_Data/Week16\ELDON2_20250428_061902.wav,20250428
102,105,Bartramia longicauda,Upland Sandpiper,0.0188,D:/AcousticMonitoringData/ELDON2_Data/Week16\ELDON2_20250428_061902.wav,20250428
105,108,Sturnella magna,Eastern Meadowlark,0.3665,D:/AcousticMonitoringData/ELDON2_Data/Week16\ELDON2_20250428_061902.wav,20250428
105,108,Bartramia longicauda,Upland Sandpiper,0.0483,D:/AcousticMonitoringData/ELDON2_Data/Week16\ELDON2_20250428_061902.wav,20250428
108,111,Sturnella magna,Eastern Meadowlark,0.2739,D:/AcousticMonitoringData/ELDON2_Data/Week16\ELDON2_20250428_061902.wav,20250428
108,111,Bartramia longicauda,Upland Sandpiper,0.0169,D:/AcousticMonitoringData/ELDON2_Data/Week16\ELDON2_20250428_061902.wav,20250428
114,117,Sturnella magna,Eastern Meadowlark,0.2946,D:/AcousticMonitoringData/ELDON2_Data/Week16\ELDON2_20250428_061902.wav,20250428
117,120,Sturnella magna,Eastern Meadowlark,0.3955,D:/AcousticMonitoringData/ELDON2_Data/Week16\ELDON2_20250428_061902.wav,20250428
120,123,Sturnella magna,Eastern Meadowlark,0.4488,D:/AcousticMonitoringData/ELDON2_Data/Week16\ELDON2_20250428_061902.wav,20250428
123,126,Sturnella magna,Eastern Meadowlark,0.8347,D:/AcousticMonitoringData/ELDON2_Data/Week16\ELDON2_20250428_061902.wav,20250428
123,126,Passerina caerulea,Blue Grosbeak,0.0241,D:/AcousticMonitoringData/ELDON2_Data/Week16\ELDON2_20250428_061902.wav,20250428
123,126,Spizella pusilla,Field Sparrow,0.0209,D:/AcousticMonitoringData/ELDON2_Data/Week16\ELDON2_20250428_061902.wav,20250428
126,129,Sturnella magna,Eastern Meadowlark,0.0863,D:/AcousticMonitoringData/ELDON2_Data/Week16\ELDON2_20250428_061902.wav,20250428
126,129,Passerina caerulea,Blue Grosbeak,0.0224,D:/AcousticMonitoringData/ELDON2_Data/Week16\ELDON2_20250428_061902.wav,20250428
129,132,Sturnella magna,Eastern Meadowlark,0.1478,D:/AcousticMonitoringData/ELDON2_Data/Week16\ELDON2_20250428_061902.wav,20250428
129,132,Spizella pusilla,Field Sparrow,0.0123,D:/AcousticMonitoringData/ELDON2_Data/Week16\ELDON2_20250428_061902.wav,20250428
132,135,Sturnella magna,Eastern Meadowlark,0.7765,D:/AcousticMonitoringData/ELDON2_Data/Week16\ELDON2_20250428_061902.wav,20250428
132,135,Passerina caerulea,Blue Grosbeak,0.0276,D:/AcousticMonitoringData/ELDON2_Data/Week16\ELDON2_20250428_061902.wav,20250428
135,138,Sturnella magna,Eastern Meadowlark,0.4116,D:/AcousticMonitoringData/ELDON2_Data/Week16\ELDON2_20250428_061902.wav,20250428
135,138,Bartramia longicauda,Upland Sandpiper,0.0157,D:/AcousticMonitoringData/ELDON2_Data/Week16\ELDON2_20250428_061902.wav,20250428
135,138,Spizella pusilla,Field Sparrow,0.0123,D:/AcousticMonitoringData/ELDON2_Data/Week16\ELDON2_20250428_061902.wav,20250428
138,141,Sturnella magna,Eastern Meadowlark,0.6545,D:/AcousticMonitoringData/ELDON2_Data/Week16\ELDON2_20250428_061902.wav,20250428
138,141,Passerina caerulea,Blue Grosbeak,0.0145,D:/AcousticMonitoringData/ELDON2_Data/Week16\ELDON2_20250428_061902.wav,20250428
141,144,Sturnella magna,Eastern Meadowlark,0.0101,D:/AcousticMonitoringData/ELDON2_Data/Week16\ELDON2_20250428_061902.wav,20250428
144,147,Sturnella magna,Eastern Meadowlark,0.2007,D:/AcousticMonitoringData/ELDON2_Data/Week16\ELDON2_20250428_061902.wav,20250428
147,150,Sturnella magna,Eastern Meadowlark,0.3806,D:/AcousticMonitoringData/ELDON2_Data/Week16\ELDON2_20250428_061902.wav,20250428
150,153,Sturnella magna,Eastern Meadowlark,0.9538,D:/AcousticMonitoringData/ELDON2_Data/Week16\ELDON2_20250428_061902.wav,20250428
150,153,Bartramia longicauda,Upland Sandpiper,0.0116,D:/AcousticMonitoringData/ELDON2_Data/Week16\ELDON2_20250428_061902.wav,20250428
153,156,Sturnella magna,Eastern Meadowlark,0.3712,D:/AcousticMonitoringData/ELDON2_Data/Week16\ELDON2_20250428_061902.wav,20250428
153,156,Bartramia longicauda,Upland Sandpiper,0.0894,D:/AcousticMonitoringData/ELDON2_Data/Week16\ELDON2_20250428_061902.wav,20250428
156,159,Sturnella magna,Eastern Meadowlark,0.4782,D:/AcousticMonitoringData/ELDON2_Data/Week16\ELDON2_20250428_061902.wav,20250428
159,162,Sturnella magna,Eastern Meadowlark,0.0286,D:/AcousticMonitoringData/ELDON2_Data/Week16\ELDON2_20250428_061902.wav,20250428
162,165,Sturnella magna,Eastern Meadowlark,0.0322,D:/AcousticMonitoringData/ELDON2_Data/Week16\ELDON2_20250428_061902.wav,20250428
165,168,Sturnella magna,Eastern Meadowlark,0.405,D:/AcousticMonitoringData/ELDON2_Data/Week16\ELDON2_20250428_061902.wav,20250428
165,168,Spizella pusilla,Field Sparrow,0.0139,D:/AcousticMonitoringData/ELDON2_Data/Week16\ELDON2_20250428_061902.wav,20250428
168,171,Sturnella magna,Eastern Meadowlark,0.0786,D:/AcousticMonitoringData/ELDON2_Data/Week16\ELDON2_20250428_061902.wav,20250428
171,174,Sturnella magna,Eastern Meadowlark,0.7831,D:/AcousticMonitoringData/ELDON2_Data/Week16\ELDON2_20250428_061902.wav,20250428
174,177,Sturnella magna,Eastern Meadowlark,0.1029,D:/AcousticMonitoringData/ELDON2_Data/Week16\ELDON2_20250428_061902.wav,20250428
177,180,Sturnella magna,Eastern Meadowlark,0.6326,D:/AcousticMonitoringData/ELDON2_Data/Week16\ELDON2_20250428_061902.wav,20250428
177,180,Spizella pusilla,Field Sparrow,0.0204,D:/AcousticMonitoringData/ELDON2_Data/Week16\ELDON2_20250428_061902.wav,20250428
180,183,Sturnella magna,Eastern Meadowlark,0.4368,D:/AcousticMonitoringData/ELDON2_Data/Week16\ELDON2_20250428_061902.wav,20250428
180,183,Spizella pusilla,Field Sparrow,0.0164,D:/AcousticMonitoringData/ELDON2_Data/Week16\ELDON2_20250428_061902.wav,20250428
183,186,Melospiza melodia,Song Sparrow,0.0297,D:/AcousticMonitoringData/ELDON2_Data/Week16\ELDON2_20250428_061902.wav,20250428
183,186,Geothlypis trichas,Common Yellowthroat,0.0107,D:/AcousticMonitoringData/ELDON2_Data/Week16\ELDON2_20250428_061902.wav,20250428
186,189,Sturnella magna,Eastern Meadowlark,0.3881,D:/AcousticMonitoringData/ELDON2_Data/Week16\ELDON2_20250428_061902.wav,20250428
189,192,Sturnella magna,Eastern Meadowlark,0.0278,D:/AcousticMonitoringData/ELDON2_Data/Week16\ELDON2_20250428_061902.wav,20250428
192,195,Sturnella magna,Eastern Meadowlark,0.2235,D:/AcousticMonitoringData/ELDON2_Data/Week16\ELDON2_20250428_061902.wav,20250428
192,195,Spizella pusilla,Field Sparrow,0.1045,D:/AcousticMonitoringData/ELDON2_Data/Week16\ELDON2_20250428_061902.wav,20250428
192,195,Passerina caerulea,Blue Grosbeak,0.0169,D:/AcousticMonitoringData/ELDON2_Data/Week16\ELDON2_20250428_061902.wav,20250428
195,198,Sturnella magna,Eastern Meadowlark,0.5705,D:/AcousticMonitoringData/ELDON2_Data/Week16\ELDON2_20250428_061902.wav,20250428
195,198,Bartramia longicauda,Upland Sandpiper,0.0166,D:/AcousticMonitoringData/ELDON2_Data/Week16\ELDON2_20250428_061902.wav,20250428
198,201,Melospiza melodia,Song Sparrow,0.0144,D:/AcousticMonitoringData/ELDON2_Data/Week16\ELDON2_20250428_061902.wav,20250428
198,201,Geothlypis trichas,Common Yellowthroat,0.0125,D:/AcousticMonitoringData/ELDON2_Data/Week16\ELDON2_20250428_061902.wav,20250428
198,201,Eremophila alpestris,Horned Lark,0.0107,D:/AcousticMonitoringData/ELDON2_Data/Week16\ELDON2_20250428_061902.wav,20250428
198,201,Sturnella magna,Eastern Meadowlark,0.0107,D:/AcousticMonitoringData/ELDON2_Data/Week16\ELDON2_20250428_061902.wav,20250428
201,204,Sturnella magna,Eastern Meadowlark,0.3589,D:/AcousticMonitoringData/ELDON2_Data/Week16\ELDON2_20250428_061902.wav,20250428
201,204,Bartramia longicauda,Upland Sandpiper,0.0139,D:/AcousticMonitoringData/ELDON2_Data/Week16\ELDON2_20250428_061902.wav,20250428
204,207,Sturnella magna,Eastern Meadowlark,0.0332,D:/AcousticMonitoringData/ELDON2_Data/Week16\ELDON2_20250428_061902.wav,20250428
204,207,Geothlypis trichas,Common Yellowthroat,0.0174,D:/AcousticMonitoringData/ELDON2_Data/Week16\ELDON2_20250428_061902.wav,20250428
204,207,Melospiza melodia,Song Sparrow,0.0121,D:/AcousticMonitoringData/ELDON2_Data/Week16\ELDON2_20250428_061902.wav,20250428
204,207,Spizella pusilla,Field Sparrow,0.0113,D:/AcousticMonitoringData/ELDON2_Data/Week16\ELDON2_20250428_061902.wav,20250428
207,210,Sturnella magna,Eastern Meadowlark,0.0558,D:/AcousticMonitoringData/ELDON2_Data/Week16\ELDON2_20250428_061902.wav,20250428
210,213,Sturnella magna,Eastern Meadowlark,0.2696,D:/AcousticMonitoringData/ELDON2_Data/Week16\ELDON2_20250428_061902.wav,20250428
210,213,Spizella pusilla,Field Sparrow,0.01,D:/AcousticMonitoringData/ELDON2_Data/Week16\ELDON2_20250428_061902.wav,20250428
213,216,Sturnella magna,Eastern Meadowlark,0.011,D:/AcousticMonitoringData/ELDON2_Data/Week16\ELDON2_20250428_061902.wav,20250428
216,219,Sturnella magna,Eastern Meadowlark,0.0267,D:/AcousticMonitoringData/ELDON2_Data/Week16\ELDON2_20250428_061902.wav,20250428
219,222,Sturnella magna,Eastern Meadowlark,0.0887,D:/AcousticMonitoringData/ELDON2_Data/Week16\ELDON2_20250428_061902.wav,20250428
219,222,Bartramia longicauda,Upland Sandpiper,0.011,D:/AcousticMonitoringData/ELDON2_Data/Week16\ELDON2_20250428_061902.wav,20250428
222,225,Sturnella magna,Eastern Meadowlark,0.1581,D:/AcousticMonitoringData/ELDON2_Data/Week16\ELDON2_20250428_061902.wav,20250428
222,225,Bartramia longicauda,Upland Sandpiper,0.0117,D:/AcousticMonitoringData/ELDON2_Data/Week16\ELDON2_20250428_061902.wav,20250428
225,228,Sturnella magna,Eastern Meadowlark,0.0722,D:/AcousticMonitoringData/ELDON2_Data/Week16\ELDON2_20250428_061902.wav,20250428
225,228,Bartramia longicauda,Upland Sandpiper,0.0144,D:/AcousticMonitoringData/ELDON2_Data/Week16\ELDON2_20250428_061902.wav,20250428
228,231,Sturnella magna,Eastern Meadowlark,0.1231,D:/AcousticMonitoringData/ELDON2_Data/Week16\ELDON2_20250428_061902.wav,20250428
231,234,Sturnella magna,Eastern Meadowlark,0.4968,D:/AcousticMonitoringData/ELDON2_Data/Week16\ELDON2_20250428_061902.wav,20250428
231,234,Bartramia longicauda,Upland Sandpiper,0.028,D:/AcousticMonitoringData/ELDON2_Data/Week16\ELDON2_20250428_061902.wav,20250428
234,237,Sturnella magna,Eastern Meadowlark,0.3038,D:/AcousticMonitoringData/ELDON2_Data/Week16\ELDON2_20250428_061902.wav,20250428
237,240,Sturnella magna,Eastern Meadowlark,0.0883,D:/AcousticMonitoringData/ELDON2_Data/Week16\ELDON2_20250428_061902.wav,20250428
243,246,Sturnella magna,Eastern Meadowlark,0.3259,D:/AcousticMonitoringData/ELDON2_Data/Week16\ELDON2_20250428_061902.wav,20250428
246,249,Sturnella magna,Eastern Meadowlark,0.9051,D:/AcousticMonitoringData/ELDON2_Data/Week16\ELDON2_20250428_061902.wav,20250428
246,249,Bartramia longicauda,Upland Sandpiper,0.0169,D:/AcousticMonitoringData/ELDON2_Data/Week16\ELDON2_20250428_061902.wav,20250428
246,249,Passerina caerulea,Blue Grosbeak,0.0146,D:/AcousticMonitoringData/ELDON2_Data/Week16\ELDON2_20250428_061902.wav,20250428
246,249,Spizella pusilla,Field Sparrow,0.0138,D:/AcousticMonitoringData/ELDON2_Data/Week16\ELDON2_20250428_061902.wav,20250428
249,252,Geothlypis trichas,Common Yellowthroat,0.0343,D:/AcousticMonitoringData/ELDON2_Data/Week16\ELDON2_20250428_061902.wav,20250428
249,252,Spizella pusilla,Field Sparrow,0.0162,D:/AcousticMonitoringData/ELDON2_Data/Week16\ELDON2_20250428_061902.wav,20250428
249,252,Sturnella magna,Eastern Meadowlark,0.013,D:/AcousticMonitoringData/ELDON2_Data/Week16\ELDON2_20250428_061902.wav,20250428
252,255,Sturnella magna,Eastern Meadowlark,0.7806,D:/AcousticMonitoringData/ELDON2_Data/Week16\ELDON2_20250428_061902.wav,20250428
252,255,Bartramia longicauda,Upland Sandpiper,0.0138,D:/AcousticMonitoringData/ELDON2_Data/Week16\ELDON2_20250428_061902.wav,20250428
255,258,Sturnella magna,Eastern Meadowlark,0.1396,D:/AcousticMonitoringData/ELDON2_Data/Week16\ELDON2_20250428_061902.wav,20250428
255,258,Passerina caerulea,Blue Grosbeak,0.025,D:/AcousticMonitoringData/ELDON2_Data/Week16\ELDON2_20250428_061902.wav,20250428
258,261,Sturnella magna,Eastern Meadowlark,0.1369,D:/AcousticMonitoringData/ELDON2_Data/Week16\ELDON2_20250428_061902.wav,20250428
261,264,Sturnella magna,Eastern Meadowlark,0.736,D:/AcousticMonitoringData/ELDON2_Data/Week16\ELDON2_20250428_061902.wav,20250428
261,264,Passerina caerulea,Blue Grosbeak,0.0191,D:/AcousticMonitoringData/ELDON2_Data/Week16\ELDON2_20250428_061902.wav,20250428
261,264,Bartramia longicauda,Upland Sandpiper,0.0144,D:/AcousticMonitoringData/ELDON2_Data/Week16\ELDON2_20250428_061902.wav,20250428
261,264,Spizella pusilla,Field Sparrow,0.0136,D:/AcousticMonitoringData/ELDON2_Data/Week16\ELDON2_20250428_061902.wav,20250428
264,267,Sturnella magna,Eastern Meadowlark,0.9495,D:/AcousticMonitoringData/ELDON2_Data/Week16\ELDON2_20250428_061902.wav,20250428
267,270,Sturnella magna,Eastern Meadowlark,0.1638,D:/AcousticMonitoringData/ELDON2_Data/Week16\ELDON2_20250428_061902.wav,20250428
267,270,Passerina caerulea,Blue Grosbeak,0.0129,D:/AcousticMonitoringData/ELDON2_Data/Week16\ELDON2_20250428_061902.wav,20250428
270,273,Sturnella magna,Eastern Meadowlark,0.0688,D:/AcousticMonitoringData/ELDON2_Data/Week16\ELDON2_20250428_061902.wav,20250428
273,276,Spizella pusilla,Field Sparrow,0.1186,D:/AcousticMonitoringData/ELDON2_Data/Week16\ELDON2_20250428_061902.wav,20250428
273,276,Sturnella magna,Eastern Meadowlark,0.0255,D:/AcousticMonitoringData/ELDON2_Data/Week16\ELDON2_20250428_061902.wav,20250428
276,279,Sturnella magna,Eastern Meadowlark,0.3891,D:/AcousticMonitoringData/ELDON2_Data/Week16\ELDON2_20250428_061902.wav,20250428
276,279,Spizella pusilla,Field Sparrow,0.0236,D:/AcousticMonitoringData/ELDON2_Data/Week16\ELDON2_20250428_061902.wav,20250428
279,282,Sturnella magna,Eastern Meadowlark,0.3118,D:/AcousticMonitoringData/ELDON2_Data/Week16\ELDON2_20250428_061902.wav,20250428
279,282,Bartramia longicauda,Upland Sandpiper,0.0192,D:/AcousticMonitoringData/ELDON2_Data/Week16\ELDON2_20250428_061902.wav,20250428
282,285,Sturnella magna,Eastern Meadowlark,0.3581,D:/AcousticMonitoringData/ELDON2_Data/Week16\ELDON2_20250428_061902.wav,20250428
282,285,Spizella pusilla,Field Sparrow,0.0217,D:/AcousticMonitoringData/ELDON2_Data/Week16\ELDON2_20250428_061902.wav,20250428
285,288,Sturnella magna,Eastern Meadowlark,0.1054,D:/AcousticMonitoringData/ELDON2_Data/Week16\ELDON2_20250428_061902.wav,20250428
288,291,Sturnella magna,Eastern Meadowlark,0.0375,D:/AcousticMonitoringData/ELDON2_Data/Week16\ELDON2_20250428_061902.wav,20250428
291,294,Sturnella magna,Eastern Meadowlark,0.0798,D:/AcousticMonitoringData/ELDON2_Data/Week16\ELDON2_20250428_061902.wav,20250428
291,294,Bartramia longicauda,Upland Sandpiper,0.0608,D:/AcousticMonitoringData/ELDON2_Data/Week16\ELDON2_20250428_061902.wav,20250428
291,294,Spizella pusilla,Field Sparrow,0.0116,D:/AcousticMonitoringData/ELDON2_Data/Week16\ELDON2_20250428_061902.wav,20250428
294,297,Passerina caerulea,Blue Grosbeak,0.0139,D:/AcousticMonitoringData/ELDON2_Data/Week16\ELDON2_20250428_061902.wav,20250428
294,297,Geothlypis trichas,Common Yellowthroat,0.0102,D:/AcousticMonitoringData/ELDON2_Data/Week16\ELDON2_20250428_061902.wav,20250428
297,300,Sturnella magna,Eastern Meadowlark,0.3554,D:/AcousticMonitoringData/ELDON2_Data/Week16\ELDON2_20250428_061902.wav,20250428
297,300,Spizella pusilla,Field Sparrow,0.0314,D:/AcousticMonitoringData/ELDON2_Data/Week16\ELDON2_20250428_061902.wav,20250428
297,300,Passerina caerulea,Blue Grosbeak,0.0236,D:/AcousticMonitoringData/ELDON2_Data/Week16\ELDON2_20250428_061902.wav,20250428
300,303,Sturnella magna,Eastern Meadowlark,0.0365,D:/AcousticMonitoringData/ELDON2_Data/Week16\ELDON2_20250428_061902.wav,20250428
303,306,Sturnella magna,Eastern Meadowlark,0.0825,D:/AcousticMonitoringData/ELDON2_Data/Week16\ELDON2_20250428_061902.wav,20250428
303,306,Spizella pusilla,Field Sparrow,0.0682,D:/AcousticMonitoringData/ELDON2_Data/Week16\ELDON2_20250428_061902.wav,20250428
306,309,Sturnella magna,Eastern Meadowlark,0.3112,D:/AcousticMonitoringData/ELDON2_Data/Week16\ELDON2_20250428_061902.wav,20250428
306,309,Spizella pusilla,Field Sparrow,0.0173,D:/AcousticMonitoringData/ELDON2_Data/Week16\ELDON2_20250428_061902.wav,20250428
306,309,Bartramia longicauda,Upland Sandpiper,0.0132,D:/AcousticMonitoringData/ELDON2_Data/Week16\ELDON2_20250428_061902.wav,20250428
309,312,Sturnella magna,Eastern Meadowlark,0.7155,D:/AcousticMonitoringData/ELDON2_Data/Week16\ELDON2_20250428_061902.wav,20250428
309,312,Spizella pusilla,Field Sparrow,0.0137,D:/AcousticMonitoringData/ELDON2_Data/Week16\ELDON2_20250428_061902.wav,20250428
312,315,Geothlypis trichas,Common Yellowthroat,0.038,D:/AcousticMonitoringData/ELDON2_Data/Week16\ELDON2_20250428_061902.wav,20250428
312,315,Sturnella magna,Eastern Meadowlark,0.017,D:/AcousticMonitoringData/ELDON2_Data/Week16\ELDON2_20250428_061902.wav,20250428
312,315,Spizella pusilla,Field Sparrow,0.0155,D:/AcousticMonitoringData/ELDON2_Data/Week16\ELDON2_20250428_061902.wav,20250428
312,315,Passerina caerulea,Blue Grosbeak,0.012,D:/AcousticMonitoringData/ELDON2_Data/Week16\ELDON2_20250428_061902.wav,20250428
315,318,Sturnella magna,Eastern Meadowlark,0.1206,D:/AcousticMonitoringData/ELDON2_Data/Week16\ELDON2_20250428_061902.wav,20250428
318,321,Sturnella magna,Eastern Meadowlark,0.0753,D:/AcousticMonitoringData/ELDON2_Data/Week16\ELDON2_20250428_061902.wav,20250428
318,321,Spizella pusilla,Field Sparrow,0.0268,D:/AcousticMonitoringData/ELDON2_Data/Week16\ELDON2_20250428_061902.wav,20250428
321,324,Sturnella magna,Eastern Meadowlark,0.2331,D:/AcousticMonitoringData/ELDON2_Data/Week16\ELDON2_20250428_061902.wav,20250428
324,327,Sturnella magna,Eastern Meadowlark,0.1887,D:/AcousticMonitoringData/ELDON2_Data/Week16\ELDON2_20250428_061902.wav,20250428
324,327,Bartramia longicauda,Upland Sandpiper,0.0409,D:/AcousticMonitoringData/ELDON2_Data/Week16\ELDON2_20250428_061902.wav,20250428
327,330,Sturnella magna,Eastern Meadowlark,0.2075,D:/AcousticMonitoringData/ELDON2_Data/Week16\ELDON2_20250428_061902.wav,20250428
327,330,Spizella pusilla,Field Sparrow,0.028,D:/AcousticMonitoringData/ELDON2_Data/Week16\ELDON2_20250428_061902.wav,20250428
330,333,Sturnella magna,Eastern Meadowlark,0.0466,D:/AcousticMonitoringData/ELDON2_Data/Week16\ELDON2_20250428_061902.wav,20250428
333,336,Sturnella magna,Eastern Meadowlark,0.0753,D:/AcousticMonitoringData/ELDON2_Data/Week16\ELDON2_20250428_061902.wav,20250428
333,336,Bartramia longicauda,Upland Sandpiper,0.02,D:/AcousticMonitoringData/ELDON2_Data/Week16\ELDON2_20250428_061902.wav,20250428
336,339,Spizella pusilla,Field Sparrow,0.0132,D:/AcousticMonitoringData/ELDON2_Data/Week16\ELDON2_20250428_061902.wav,20250428
339,342,Spizella pusilla,Field Sparrow,0.0307,D:/AcousticMonitoringData/ELDON2_Data/Week16\ELDON2_20250428_061902.wav,20250428
339,342,Sturnella magna,Eastern Meadowlark,0.0192,D:/AcousticMonitoringData/ELDON2_Data/Week16\ELDON2_20250428_061902.wav,20250428
342,345,Passerina caerulea,Blue Grosbeak,0.0118,D:/AcousticMonitoringData/ELDON2_Data/Week16\ELDON2_20250428_061902.wav,20250428
345,348,Sturnella magna,Eastern Meadowlark,0.0134,D:/AcousticMonitoringData/ELDON2_Data/Week16\ELDON2_20250428_061902.wav,20250428
348,351,Sturnella magna,Eastern Meadowlark,0.1303,D:/AcousticMonitoringData/ELDON2_Data/Week16\ELDON2_20250428_061902.wav,20250428
351,354,Sturnella magna,Eastern Meadowlark,0.057,D:/AcousticMonitoringData/ELDON2_Data/Week16\ELDON2_20250428_061902.wav,20250428
351,354,Spizella pusilla,Field Sparrow,0.0118,D:/AcousticMonitoringData/ELDON2_Data/Week16\ELDON2_20250428_061902.wav,20250428
354,357,Sturnella magna,Eastern Meadowlark,0.1492,D:/AcousticMonitoringData/ELDON2_Data/Week16\ELDON2_20250428_061902.wav,20250428
354,357,Spizella pusilla,Field Sparrow,0.0185,D:/AcousticMonitoringData/ELDON2_Data/Week16\ELDON2_20250428_061902.wav,20250428
354,357,Melospiza melodia,Song Sparrow,0.0125,D:/AcousticMonitoringData/ELDON2_Data/Week16\ELDON2_20250428_061902.wav,20250428
354,357,Bartramia longicauda,Upland Sandpiper,0.0102,D:/AcousticMonitoringData/ELDON2_Data/Week16\ELDON2_20250428_061902.wav,20250428
357,360,Sturnella magna,Eastern Meadowlark,0.0333,D:/AcousticMonitoringData/ELDON2_Data/Week16\ELDON2_20250428_061902.wav,20250428
360,363,Sturnella magna,Eastern Meadowlark,0.017,D:/AcousticMonitoringData/ELDON2_Data/Week16\ELDON2_20250428_061902.wav,20250428
360,363,Spizella pusilla,Field Sparrow,0.0109,D:/AcousticMonitoringData/ELDON2_Data/Week16\ELDON2_20250428_061902.wav,20250428
360,363,Geothlypis trichas,Common Yellowthroat,0.0103,D:/AcousticMonitoringData/ELDON2_Data/Week16\ELDON2_20250428_061902.wav,20250428
363,366,Sturnella magna,Eastern Meadowlark,0.0256,D:/AcousticMonitoringData/ELDON2_Data/Week16\ELDON2_20250428_061902.wav,20250428
366,369,Sturnella magna,Eastern Meadowlark,0.1821,D:/AcousticMonitoringData/ELDON2_Data/Week16\ELDON2_20250428_061902.wav,20250428
369,372,Sturnella magna,Eastern Meadowlark,0.1255,D:/AcousticMonitoringData/ELDON2_Data/Week16\ELDON2_20250428_061902.wav,20250428
369,372,Passerina caerulea,Blue Grosbeak,0.0149,D:/AcousticMonitoringData/ELDON2_Data/Week16\ELDON2_20250428_061902.wav,20250428
372,375,Sturnella magna,Eastern Meadowlark,0.0115,D:/AcousticMonitoringData/ELDON2_Data/Week16\ELDON2_20250428_061902.wav,20250428
375,378,Sturnella magna,Eastern Meadowlark,0.3862,D:/AcousticMonitoringData/ELDON2_Data/Week16\ELDON2_20250428_061902.wav,20250428
375,378,Bartramia longicauda,Upland Sandpiper,0.0301,D:/AcousticMonitoringData/ELDON2_Data/Week16\ELDON2_20250428_061902.wav,20250428
378,381,Sturnella magna,Eastern Meadowlark,0.0796,D:/AcousticMonitoringData/ELDON2_Data/Week16\ELDON2_20250428_061902.wav,20250428
378,381,Bartramia longicauda,Upland Sandpiper,0.0247,D:/AcousticMonitoringData/ELDON2_Data/Week16\ELDON2_20250428_061902.wav,20250428
381,384,Sturnella magna,Eastern Meadowlark,0.062,D:/AcousticMonitoringData/ELDON2_Data/Week16\ELDON2_20250428_061902.wav,20250428
381,384,Geothlypis trichas,Common Yellowthroat,0.0115,D:/AcousticMonitoringData/ELDON2_Data/Week16\ELDON2_20250428_061902.wav,20250428
384,387,Sturnella magna,Eastern Meadowlark,0.0219,D:/AcousticMonitoringData/ELDON2_Data/Week16\ELDON2_20250428_061902.wav,20250428
387,390,Geothlypis trichas,Common Yellowthroat,0.0226,D:/AcousticMonitoringData/ELDON2_Data/Week16\ELDON2_20250428_061902.wav,20250428
387,390,Sturnella magna,Eastern Meadowlark,0.0169,D:/AcousticMonitoringData/ELDON2_Data/Week16\ELDON2_20250428_061902.wav,20250428
390,393,Sturnella magna,Eastern Meadowlark,0.3832,D:/AcousticMonitoringData/ELDON2_Data/Week16\ELDON2_20250428_061902.wav,20250428
390,393,Geothlypis trichas,Common Yellowthroat,0.0149,D:/AcousticMonitoringData/ELDON2_Data/Week16\ELDON2_20250428_061902.wav,20250428
396,399,Sturnella magna,Eastern Meadowlark,0.0173,D:/AcousticMonitoringData/ELDON2_Data/Week16\ELDON2_20250428_061902.wav,20250428
399,402,Sturnella magna,Eastern Meadowlark,0.0734,D:/AcousticMonitoringData/ELDON2_Data/Week16\ELDON2_20250428_061902.wav,20250428
408,411,Sturnella magna,Eastern Meadowlark,0.0635,D:/AcousticMonitoringData/ELDON2_Data/Week16\ELDON2_20250428_061902.wav,20250428
417,420,Sturnella magna,Eastern Meadowlark,0.0113,D:/AcousticMonitoringData/ELDON2_Data/Week16\ELDON2_20250428_061902.wav,20250428
420,423,Sturnella magna,Eastern Meadowlark,0.1598,D:/AcousticMonitoringData/ELDON2_Data/Week16\ELDON2_20250428_061902.wav,20250428
420,423,Bartramia longicauda,Upland Sandpiper,0.0133,D:/AcousticMonitoringData/ELDON2_Data/Week16\ELDON2_20250428_061902.wav,20250428
420,423,Passerina caerulea,Blue Grosbeak,0.0113,D:/AcousticMonitoringData/ELDON2_Data/Week16\ELDON2_20250428_061902.wav,20250428
423,426,Sturnella magna,Eastern Meadowlark,0.1741,D:/AcousticMonitoringData/ELDON2_Data/Week16\ELDON2_20250428_061902.wav,20250428
423,426,Passerina caerulea,Blue Grosbeak,0.0104,D:/AcousticMonitoringData/ELDON2_Data/Week16\ELDON2_20250428_061902.wav,20250428
426,429,Sturnella magna,Eastern Meadowlark,0.0138,D:/AcousticMonitoringData/ELDON2_Data/Week16\ELDON2_20250428_061902.wav,20250428
429,432,Sturnella magna,Eastern Meadowlark,0.0699,D:/AcousticMonitoringData/ELDON2_Data/Week16\ELDON2_20250428_061902.wav,20250428
429,432,Bartramia longicauda,Upland Sandpiper,0.0414,D:/AcousticMonitoringData/ELDON2_Data/Week16\ELDON2_20250428_061902.wav,20250428
432,435,Sturnella magna,Eastern Meadowlark,0.0714,D:/AcousticMonitoringData/ELDON2_Data/Week16\ELDON2_20250428_061902.wav,20250428
432,435,Passerina caerulea,Blue Grosbeak,0.0135,D:/AcousticMonitoringData/ELDON2_Data/Week16\ELDON2_20250428_061902.wav,20250428
438,441,Sturnella magna,Eastern Meadowlark,0.5578,D:/AcousticMonitoringData/ELDON2_Data/Week16\ELDON2_20250428_061902.wav,20250428
438,441,Passerina caerulea,Blue Grosbeak,0.0145,D:/AcousticMonitoringData/ELDON2_Data/Week16\ELDON2_20250428_061902.wav,20250428
444,447,Passerina caerulea,Blue Grosbeak,0.0156,D:/AcousticMonitoringData/ELDON2_Data/Week16\ELDON2_20250428_061902.wav,20250428
444,447,Sturnella magna,Eastern Meadowlark,0.0132,D:/AcousticMonitoringData/ELDON2_Data/Week16\ELDON2_20250428_061902.wav,20250428
447,450,Sturnella magna,Eastern Meadowlark,0.0182,D:/AcousticMonitoringData/ELDON2_Data/Week16\ELDON2_20250428_061902.wav,20250428
450,453,Sturnella magna,Eastern Meadowlark,0.0482,D:/AcousticMonitoringData/ELDON2_Data/Week16\ELDON2_20250428_061902.wav,20250428
450,453,Bartramia longicauda,Upland Sandpiper,0.0128,D:/AcousticMonitoringData/ELDON2_Data/Week16\ELDON2_20250428_061902.wav,20250428
453,456,Sturnella magna,Eastern Meadowlark,0.3301,D:/AcousticMonitoringData/ELDON2_Data/Week16\ELDON2_20250428_061902.wav,20250428
453,456,Spizella pusilla,Field Sparrow,0.0411,D:/AcousticMonitoringData/ELDON2_Data/Week16\ELDON2_20250428_061902.wav,20250428
453,456,Passerina caerulea,Blue Grosbeak,0.0153,D:/AcousticMonitoringData/ELDON2_Data/Week16\ELDON2_20250428_061902.wav,20250428
456,459,Sturnella magna,Eastern Meadowlark,0.327,D:/AcousticMonitoringData/ELDON2_Data/Week16\ELDON2_20250428_061902.wav,20250428
456,459,Spizella pusilla,Field Sparrow,0.0558,D:/AcousticMonitoringData/ELDON2_Data/Week16\ELDON2_20250428_061902.wav,20250428
456,459,Geothlypis trichas,Common Yellowthroat,0.0122,D:/AcousticMonitoringData/ELDON2_Data/Week16\ELDON2_20250428_061902.wav,20250428
459,462,Geothlypis trichas,Common Yellowthroat,0.0137,D:/AcousticMonitoringData/ELDON2_Data/Week16\ELDON2_20250428_061902.wav,20250428
465,468,Sturnella magna,Eastern Meadowlark,0.0425,D:/AcousticMonitoringData/ELDON2_Data/Week16\ELDON2_20250428_061902.wav,20250428
465,468,Geothlypis trichas,Common Yellowthroat,0.0292,D:/AcousticMonitoringData/ELDON2_Data/Week16\ELDON2_20250428_061902.wav,20250428
465,468,Passerina caerulea,Blue Grosbeak,0.01,D:/AcousticMonitoringData/ELDON2_Data/Week16\ELDON2_20250428_061902.wav,20250428
468,471,Sturnella magna,Eastern Meadowlark,0.1454,D:/AcousticMonitoringData/ELDON2_Data/Week16\ELDON2_20250428_061902.wav,20250428
468,471,Geothlypis trichas,Common Yellowthroat,0.056,D:/AcousticMonitoringData/ELDON2_Data/Week16\ELDON2_20250428_061902.wav,20250428
468,471,Spizella pusilla,Field Sparrow,0.0534,D:/AcousticMonitoringData/ELDON2_Data/Week16\ELDON2_20250428_061902.wav,20250428
468,471,Passerina caerulea,Blue Grosbeak,0.0133,D:/AcousticMonitoringData/ELDON2_Data/Week16\ELDON2_20250428_061902.wav,20250428
471,474,Sturnella magna,Eastern Meadowlark,0.1618,D:/AcousticMonitoringData/ELDON2_Data/Week16\ELDON2_20250428_061902.wav,20250428
474,477,Geothlypis trichas,Common Yellowthroat,0.0103,D:/AcousticMonitoringData/ELDON2_Data/Week16\ELDON2_20250428_061902.wav,20250428
477,480,Geothlypis trichas,Common Yellowthroat,0.2045,D:/AcousticMonitoringData/ELDON2_Data/Week16\ELDON2_20250428_061902.wav,20250428
477,480,Sturnella magna,Eastern Meadowlark,0.035,D:/AcousticMonitoringData/ELDON2_Data/Week16\ELDON2_20250428_061902.wav,20250428
477,480,Spizella pusilla,Field Sparrow,0.0253,D:/AcousticMonitoringData/ELDON2_Data/Week16\ELDON2_20250428_061902.wav,20250428
477,480,Melospiza melodia,Song Sparrow,0.0156,D:/AcousticMonitoringData/ELDON2_Data/Week16\ELDON2_20250428_061902.wav,20250428
477,480,Passerina caerulea,Blue Grosbeak,0.0155,D:/AcousticMonitoringData/ELDON2_Data/Week16\ELDON2_20250428_061902.wav,20250428
480,483,Geothlypis trichas,Common Yellowthroat,0.044,D:/AcousticMonitoringData/ELDON2_Data/Week16\ELDON2_20250428_061902.wav,20250428
480,483,Spizella pusilla,Field Sparrow,0.0276,D:/AcousticMonitoringData/ELDON2_Data/Week16\ELDON2_20250428_061902.wav,20250428
480,483,Passerina caerulea,Blue Grosbeak,0.0118,D:/AcousticMonitoringData/ELDON2_Data/Week16\ELDON2_20250428_061902.wav,20250428
483,486,Sturnella magna,Eastern Meadowlark,0.1092,D:/AcousticMonitoringData/ELDON2_Data/Week16\ELDON2_20250428_061902.wav,20250428
483,486,Spizella pusilla,Field Sparrow,0.0167,D:/AcousticMonitoringData/ELDON2_Data/Week16\ELDON2_20250428_061902.wav,20250428
483,486,Passerina caerulea,Blue Grosbeak,0.0109,D:/AcousticMonitoringData/ELDON2_Data/Week16\ELDON2_20250428_061902.wav,20250428
486,489,Sturnella magna,Eastern Meadowlark,0.0209,D:/AcousticMonitoringData/ELDON2_Data/Week16\ELDON2_20250428_061902.wav,20250428
486,489,Eremophila alpestris,Horned Lark,0.0188,D:/AcousticMonitoringData/ELDON2_Data/Week16\ELDON2_20250428_061902.wav,20250428
489,492,Sturnella magna,Eastern Meadowlark,0.0258,D:/AcousticMonitoringData/ELDON2_Data/Week16\ELDON2_20250428_061902.wav,20250428
489,492,Geothlypis trichas,Common Yellowthroat,0.0103,D:/AcousticMonitoringData/ELDON2_Data/Week16\ELDON2_20250428_061902.wav,20250428
492,495,Sturnella magna,Eastern Meadowlark,0.3106,D:/AcousticMonitoringData/ELDON2_Data/Week16\ELDON2_20250428_061902.wav,20250428
492,495,Melospiza melodia,Song Sparrow,0.011,D:/AcousticMonitoringData/ELDON2_Data/Week16\ELDON2_20250428_061902.wav,20250428
492,495,Eremophila alpestris,Horned Lark,0.0105,D:/AcousticMonitoringData/ELDON2_Data/Week16\ELDON2_20250428_061902.wav,20250428
492,495,Bartramia longicauda,Upland Sandpiper,0.0101,D:/AcousticMonitoringData/ELDON2_Data/Week16\ELDON2_20250428_061902.wav,20250428
495,498,Sturnella magna,Eastern Meadowlark,0.2362,D:/AcousticMonitoringData/ELDON2_Data/Week16\ELDON2_20250428_061902.wav,20250428
495,498,Bartramia longicauda,Upland Sandpiper,0.0194,D:/AcousticMonitoringData/ELDON2_Data/Week16\ELDON2_20250428_061902.wav,20250428
498,501,Sturnella magna,Eastern Meadowlark,0.1741,D:/AcousticMonitoringData/ELDON2_Data/Week16\ELDON2_20250428_061902.wav,20250428
501,504,Sturnella magna,Eastern Meadowlark,0.0585,D:/AcousticMonitoringData/ELDON2_Data/Week16\ELDON2_20250428_061902.wav,20250428
504,507,Sturnella magna,Eastern Meadowlark,0.0881,D:/AcousticMonitoringData/ELDON2_Data/Week16\ELDON2_20250428_061902.wav,20250428
504,507,Spizella pusilla,Field Sparrow,0.0108,D:/AcousticMonitoringData/ELDON2_Data/Week16\ELDON2_20250428_061902.wav,20250428
507,510,Sturnella magna,Eastern Meadowlark,0.2116,D:/AcousticMonitoringData/ELDON2_Data/Week16\ELDON2_20250428_061902.wav,20250428
510,513,Sturnella magna,Eastern Meadowlark,0.2594,D:/AcousticMonitoringData/ELDON2_Data/Week16\ELDON2_20250428_061902.wav,20250428
513,516,Sturnella magna,Eastern Meadowlark,0.4535,D:/AcousticMonitoringData/ELDON2_Data/Week16\ELDON2_20250428_061902.wav,20250428
513,516,Spizella pusilla,Field Sparrow,0.0105,D:/AcousticMonitoringData/ELDON2_Data/Week16\ELDON2_20250428_061902.wav,20250428
516,519,Sturnella magna,Eastern Meadowlark,0.0707,D:/AcousticMonitoringData/ELDON2_Data/Week16\ELDON2_20250428_061902.wav,20250428
516,519,Spizella pusilla,Field Sparrow,0.0194,D:/AcousticMonitoringData/ELDON2_Data/Week16\ELDON2_20250428_061902.wav,20250428
516,519,Geothlypis trichas,Common Yellowthroat,0.0146,D:/AcousticMonitoringData/ELDON2_Data/Week16\ELDON2_20250428_061902.wav,20250428
516,519,Passerina caerulea,Blue Grosbeak,0.0141,D:/AcousticMonitoringData/ELDON2_Data/Week16\ELDON2_20250428_061902.wav,20250428
519,522,Sturnella magna,Eastern Meadowlark,0.0669,D:/AcousticMonitoringData/ELDON2_Data/Week16\ELDON2_20250428_061902.wav,20250428
519,522,Passerina caerulea,Blue Grosbeak,0.0106,D:/AcousticMonitoringData/ELDON2_Data/Week16\ELDON2_20250428_061902.wav,20250428
522,525,Sturnella magna,Eastern Meadowlark,0.051,D:/AcousticMonitoringData/ELDON2_Data/Week16\ELDON2_20250428_061902.wav,20250428
525,528,Sturnella magna,Eastern Meadowlark,0.2283,D:/AcousticMonitoringData/ELDON2_Data/Week16\ELDON2_20250428_061902.wav,20250428
525,528,Passerina caerulea,Blue Grosbeak,0.0169,D:/AcousticMonitoringData/ELDON2_Data/Week16\ELDON2_20250428_061902.wav,20250428
528,531,Sturnella magna,Eastern Meadowlark,0.1354,D:/AcousticMonitoringData/ELDON2_Data/Week16\ELDON2_20250428_061902.wav,20250428
528,531,Spizella pusilla,Field Sparrow,0.0238,D:/AcousticMonitoringData/ELDON2_Data/Week16\ELDON2_20250428_061902.wav,20250428
528,531,Passerina caerulea,Blue Grosbeak,0.013,D:/AcousticMonitoringData/ELDON2_Data/Week16\ELDON2_20250428_061902.wav,20250428
531,534,Sturnella magna,Eastern Meadowlark,0.1065,D:/AcousticMonitoringData/ELDON2_Data/Week16\ELDON2_20250428_061902.wav,20250428
531,534,Passerina caerulea,Blue Grosbeak,0.0187,D:/AcousticMonitoringData/ELDON2_Data/Week16\ELDON2_20250428_061902.wav,20250428
534,537,Sturnella magna,Eastern Meadowlark,0.068,D:/AcousticMonitoringData/ELDON2_Data/Week16\ELDON2_20250428_061902.wav,20250428
534,537,Geothlypis trichas,Common Yellowthroat,0.0203,D:/AcousticMonitoringData/ELDON2_Data/Week16\ELDON2_20250428_061902.wav,20250428
534,537,Spizella pusilla,Field Sparrow,0.0176,D:/AcousticMonitoringData/ELDON2_Data/Week16\ELDON2_20250428_061902.wav,20250428
534,537,Passerina caerulea,Blue Grosbeak,0.0142,D:/AcousticMonitoringData/ELDON2_Data/Week16\ELDON2_20250428_061902.wav,20250428
534,537,Melospiza melodia,Song Sparrow,0.0125,D:/AcousticMonitoringData/ELDON2_Data/Week16\ELDON2_20250428_061902.wav,20250428
537,540,Sturnella magna,Eastern Meadowlark,0.0216,D:/AcousticMonitoringData/ELDON2_Data/Week16\ELDON2_20250428_061902.wav,20250428
537,540,Passerina caerulea,Blue Grosbeak,0.021,D:/AcousticMonitoringData/ELDON2_Data/Week16\ELDON2_20250428_061902.wav,20250428
540,543,Sturnella magna,Eastern Meadowlark,0.041,D:/AcousticMonitoringData/ELDON2_Data/Week16\ELDON2_20250428_061902.wav,20250428
543,546,Passerina caerulea,Blue Grosbeak,0.04,D:/AcousticMonitoringData/ELDON2_Data/Week16\ELDON2_20250428_061902.wav,20250428
543,546,Sturnella magna,Eastern Meadowlark,0.012,D:/AcousticMonitoringData/ELDON2_Data/Week16\ELDON2_20250428_061902.wav,20250428
543,546,Geothlypis trichas,Common Yellowthroat,0.0106,D:/AcousticMonitoringData/ELDON2_Data/Week16\ELDON2_20250428_061902.wav,20250428
546,549,Sturnella magna,Eastern Meadowlark,0.0238,D:/AcousticMonitoringData/ELDON2_Data/Week16\ELDON2_20250428_061902.wav,20250428
546,549,Spizella pusilla,Field Sparrow,0.016,D:/AcousticMonitoringData/ELDON2_Data/Week16\ELDON2_20250428_061902.wav,20250428
546,549,Geothlypis trichas,Common Yellowthroat,0.0121,D:/AcousticMonitoringData/ELDON2_Data/Week16\ELDON2_20250428_061902.wav,20250428
549,552,Geothlypis trichas,Common Yellowthroat,0.0201,D:/AcousticMonitoringData/ELDON2_Data/Week16\ELDON2_20250428_061902.wav,20250428
549,552,Sturnella magna,Eastern Meadowlark,0.0128,D:/AcousticMonitoringData/ELDON2_Data/Week16\ELDON2_20250428_061902.wav,20250428
549,552,Passerina caerulea,Blue Grosbeak,0.0112,D:/AcousticMonitoringData/ELDON2_Data/Week16\ELDON2_20250428_061902.wav,20250428
549,552,Melospiza melodia,Song Sparrow,0.0102,D:/AcousticMonitoringData/ELDON2_Data/Week16\ELDON2_20250428_061902.wav,20250428
552,555,Sturnella magna,Eastern Meadowlark,0.0198,D:/AcousticMonitoringData/ELDON2_Data/Week16\ELDON2_20250428_061902.wav,20250428
555,558,Sturnella magna,Eastern Meadowlark,0.0304,D:/AcousticMonitoringData/ELDON2_Data/Week16\ELDON2_20250428_061902.wav,20250428
555,558,Geothlypis trichas,Common Yellowthroat,0.0113,D:/AcousticMonitoringData/ELDON2_Data/Week16\ELDON2_20250428_061902.wav,20250428
558,561,Sturnella magna,Eastern Meadowlark,0.8203,D:/AcousticMonitoringData/ELDON2_Data/Week16\ELDON2_20250428_061902.wav,20250428
564,567,Sturnella magna,Eastern Meadowlark,0.2684,D:/AcousticMonitoringData/ELDON2_Data/Week16\ELDON2_20250428_061902.wav,20250428
567,570,Sturnella magna,Eastern Meadowlark,0.4722,D:/AcousticMonitoringData/ELDON2_Data/Week16\ELDON2_20250428_061902.wav,20250428
570,573,Sturnella magna,Eastern Meadowlark,0.9251,D:/AcousticMonitoringData/ELDON2_Data/Week16\ELDON2_20250428_061902.wav,20250428
570,573,Spizella pusilla,Field Sparrow,0.0187,D:/AcousticMonitoringData/ELDON2_Data/Week16\ELDON2_20250428_061902.wav,20250428
570,573,Passerina caerulea,Blue Grosbeak,0.0102,D:/AcousticMonitoringData/ELDON2_Data/Week16\ELDON2_20250428_061902.wav,20250428
573,576,Sturnella magna,Eastern Meadowlark,0.0541,D:/AcousticMonitoringData/ELDON2_Data/Week16\ELDON2_20250428_061902.wav,20250428
573,576,Geothlypis trichas,Common Yellowthroat,0.0207,D:/AcousticMonitoringData/ELDON2_Data/Week16\ELDON2_20250428_061902.wav,20250428
576,579,Sturnella magna,Eastern Meadowlark,0.1659,D:/AcousticMonitoringData/ELDON2_Data/Week16\ELDON2_20250428_061902.wav,20250428
576,579,Passerina caerulea,Blue Grosbeak,0.0152,D:/AcousticMonitoringData/ELDON2_Data/Week16\ELDON2_20250428_061902.wav,20250428
579,582,Sturnella magna,Eastern Meadowlark,0.7491,D:/AcousticMonitoringData/ELDON2_Data/Week16\ELDON2_20250428_061902.wav,20250428
582,585,Sturnella magna,Eastern Meadowlark,0.1357,D:/AcousticMonitoringData/ELDON2_Data/Week16\ELDON2_20250428_061902.wav,20250428
585,588,Sturnella magna,Eastern Meadowlark,0.0502,D:/AcousticMonitoringData/ELDON2_Data/Week16\ELDON2_20250428_061902.wav,20250428
585,588,Bartramia longicauda,Upland Sandpiper,0.0143,D:/AcousticMonitoringData/ELDON2_Data/Week16\ELDON2_20250428_061902.wav,20250428
588,591,Sturnella magna,Eastern Meadowlark,0.442,D:/AcousticMonitoringData/ELDON2_Data/Week16\ELDON2_20250428_061902.wav,20250428
588,591,Spizella pusilla,Field Sparrow,0.0744,D:/AcousticMonitoringData/ELDON2_Data/Week16\ELDON2_20250428_061902.wav,20250428
591,594,Sturnella magna,Eastern Meadowlark,0.9754,D:/AcousticMonitoringData/ELDON2_Data/Week16\ELDON2_20250428_061902.wav,20250428
594,597,Sturnella magna,Eastern Meadowlark,0.4435,D:/AcousticMonitoringData/ELDON2_Data/Week16\ELDON2_20250428_061902.wav,20250428
597,600,Sturnella magna,Eastern Meadowlark,0.6789,D:/AcousticMonitoringData/ELDON2_Data/Week16\ELDON2_20250428_061902.wav,20250428
600,603,Sturnella magna,Eastern Meadowlark,0.0266,D:/AcousticMonitoringData/ELDON2_Data/Week16\ELDON2_20250428_061902.wav,20250428
603,606,Sturnella magna,Eastern Meadowlark,0.741,D:/AcousticMonitoringData/ELDON2_Data/Week16\ELDON2_20250428_061902.wav,20250428
606,609,Sturnella magna,Eastern Meadowlark,0.9408,D:/AcousticMonitoringData/ELDON2_Data/Week16\ELDON2_20250428_061902.wav,20250428
609,612,Sturnella magna,Eastern Meadowlark,0.1715,D:/AcousticMonitoringData/ELDON2_Data/Week16\ELDON2_20250428_061902.wav,20250428
612,615,Sturnella magna,Eastern Meadowlark,0.1286,D:/AcousticMonitoringData/ELDON2_Data/Week16\ELDON2_20250428_061902.wav,20250428
615,618,Sturnella magna,Eastern Meadowlark,0.8204,D:/AcousticMonitoringData/ELDON2_Data/Week16\ELDON2_20250428_061902.wav,20250428
618,621,Sturnella magna,Eastern Meadowlark,0.9511,D:/AcousticMonitoringData/ELDON2_Data/Week16\ELDON2_20250428_061902.wav,20250428
621,624,Sturnella magna,Eastern Meadowlark,0.9767,D:/AcousticMonitoringData/ELDON2_Data/Week16\ELDON2_20250428_061902.wav,20250428
624,627,Sturnella magna,Eastern Meadowlark,0.1005,D:/AcousticMonitoringData/ELDON2_Data/Week16\ELDON2_20250428_061902.wav,20250428
624,627,Spizella pusilla,Field Sparrow,0.0105,D:/AcousticMonitoringData/ELDON2_Data/Week16\ELDON2_20250428_061902.wav,20250428
627,630,Sturnella magna,Eastern Meadowlark,0.817,D:/AcousticMonitoringData/ELDON2_Data/Week16\ELDON2_20250428_061902.wav,20250428
630,633,Sturnella magna,Eastern Meadowlark,0.1997,D:/AcousticMonitoringData/ELDON2_Data/Week16\ELDON2_20250428_061902.wav,20250428
630,633,Passerina caerulea,Blue Grosbeak,0.019,D:/AcousticMonitoringData/ELDON2_Data/Week16\ELDON2_20250428_061902.wav,20250428
630,633,Spizella pusilla,Field Sparrow,0.0176,D:/AcousticMonitoringData/ELDON2_Data/Week16\ELDON2_20250428_061902.wav,20250428
633,636,Sturnella magna,Eastern Meadowlark,0.8223,D:/AcousticMonitoringData/ELDON2_Data/Week16\ELDON2_20250428_061902.wav,20250428
636,639,Sturnella magna,Eastern Meadowlark,0.8714,D:/AcousticMonitoringData/ELDON2_Data/Week16\ELDON2_20250428_061902.wav,20250428
636,639,Spizella pusilla,Field Sparrow,0.0183,D:/AcousticMonitoringData/ELDON2_Data/Week16\ELDON2_20250428_061902.wav,20250428
639,642,Sturnella magna,Eastern Meadowlark,0.2707,D:/AcousticMonitoringData/ELDON2_Data/Week16\ELDON2_20250428_061902.wav,20250428
642,645,Sturnella magna,Eastern Meadowlark,0.5572,D:/AcousticMonitoringData/ELDON2_Data/Week16\ELDON2_20250428_061902.wav,20250428
645,648,Sturnella magna,Eastern Meadowlark,0.9484,D:/AcousticMonitoringData/ELDON2_Data/Week16\ELDON2_20250428_061902.wav,20250428
651,654,Sturnella magna,Eastern Meadowlark,0.9872,D:/AcousticMonitoringData/ELDON2_Data/Week16\ELDON2_20250428_061902.wav,20250428
654,657,Sturnella magna,Eastern Meadowlark,0.0382,D:/AcousticMonitoringData/ELDON2_Data/Week16\ELDON2_20250428_061902.wav,20250428
654,657,Spizella pusilla,Field Sparrow,0.0102,D:/AcousticMonitoringData/ELDON2_Data/Week16\ELDON2_20250428_061902.wav,20250428
657,660,Sturnella magna,Eastern Meadowlark,0.0125,D:/AcousticMonitoringData/ELDON2_Data/Week16\ELDON2_20250428_061902.wav,20250428
660,663,Sturnella magna,Eastern Meadowlark,0.9868,D:/AcousticMonitoringData/ELDON2_Data/Week16\ELDON2_20250428_061902.wav,20250428
663,666,Sturnella magna,Eastern Meadowlark,0.0257,D:/AcousticMonitoringData/ELDON2_Data/Week16\ELDON2_20250428_061902.wav,20250428
666,669,Geothlypis trichas,Common Yellowthroat,0.0353,D:/AcousticMonitoringData/ELDON2_Data/Week16\ELDON2_20250428_061902.wav,20250428
666,669,Sturnella magna,Eastern Meadowlark,0.0253,D:/AcousticMonitoringData/ELDON2_Data/Week16\ELDON2_20250428_061902.wav,20250428
666,669,Spizella pusilla,Field Sparrow,0.0157,D:/AcousticMonitoringData/ELDON2_Data/Week16\ELDON2_20250428_061902.wav,20250428
666,669,Melospiza melodia,Song Sparrow,0.0111,D:/AcousticMonitoringData/ELDON2_Data/Week16\ELDON2_20250428_061902.wav,20250428
669,672,Sturnella magna,Eastern Meadowlark,0.0158,D:/AcousticMonitoringData/ELDON2_Data/Week16\ELDON2_20250428_061902.wav,20250428
672,675,Sturnella magna,Eastern Meadowlark,0.0105,D:/AcousticMonitoringData/ELDON2_Data/Week16\ELDON2_20250428_061902.wav,20250428
675,678,Sturnella magna,Eastern Meadowlark,0.0251,D:/AcousticMonitoringData/ELDON2_Data/Week16\ELDON2_20250428_061902.wav,20250428
675,678,Spizella pusilla,Field Sparrow,0.023,D:/AcousticMonitoringData/ELDON2_Data/Week16\ELDON2_20250428_061902.wav,20250428
675,678,Geothlypis trichas,Common Yellowthroat,0.0118,D:/AcousticMonitoringData/ELDON2_Data/Week16\ELDON2_20250428_061902.wav,20250428
678,681,Sturnella magna,Eastern Meadowlark,0.3203,D:/AcousticMonitoringData/ELDON2_Data/Week16\ELDON2_20250428_061902.wav,20250428
678,681,Spizella pusilla,Field Sparrow,0.0359,D:/AcousticMonitoringData/ELDON2_Data/Week16\ELDON2_20250428_061902.wav,20250428
678,681,Geothlypis trichas,Common Yellowthroat,0.0227,D:/AcousticMonitoringData/ELDON2_Data/Week16\ELDON2_20250428_061902.wav,20250428
678,681,Melospiza melodia,Song Sparrow,0.0138,D:/AcousticMonitoringData/ELDON2_Data/Week16\ELDON2_20250428_061902.wav,20250428
681,684,Sturnella magna,Eastern Meadowlark,0.0237,D:/AcousticMonitoringData/ELDON2_Data/Week16\ELDON2_20250428_061902.wav,20250428
684,687,Melospiza melodia,Song Sparrow,0.0185,D:/AcousticMonitoringData/ELDON2_Data/Week16\ELDON2_20250428_061902.wav,20250428
684,687,Spizella pusilla,Field Sparrow,0.0156,D:/AcousticMonitoringData/ELDON2_Data/Week16\ELDON2_20250428_061902.wav,20250428
684,687,Geothlypis trichas,Common Yellowthroat,0.0144,D:/AcousticMonitoringData/ELDON2_Data/Week16\ELDON2_20250428_061902.wav,20250428
687,690,Sturnella magna,Eastern Meadowlark,0.9415,D:/AcousticMonitoringData/ELDON2_Data/Week16\ELDON2_20250428_061902.wav,20250428
690,693,Sturnella magna,Eastern Meadowlark,0.2276,D:/AcousticMonitoringData/ELDON2_Data/Week16\ELDON2_20250428_061902.wav,20250428
690,693,Geothlypis trichas,Common Yellowthroat,0.023,D:/AcousticMonitoringData/ELDON2_Data/Week16\ELDON2_20250428_061902.wav,20250428
693,696,Sturnella magna,Eastern Meadowlark,0.9102,D:/AcousticMonitoringData/ELDON2_Data/Week16\ELDON2_20250428_061902.wav,20250428
696,699,Spizella pusilla,Field Sparrow,0.0647,D:/AcousticMonitoringData/ELDON2_Data/Week16\ELDON2_20250428_061902.wav,20250428
696,699,Geothlypis trichas,Common Yellowthroat,0.0265,D:/AcousticMonitoringData/ELDON2_Data/Week16\ELDON2_20250428_061902.wav,20250428
696,699,Sturnella magna,Eastern Meadowlark,0.0106,D:/AcousticMonitoringData/ELDON2_Data/Week16\ELDON2_20250428_061902.wav,20250428
699,702,Sturnella magna,Eastern Meadowlark,0.9394,D:/AcousticMonitoringData/ELDON2_Data/Week16\ELDON2_20250428_061902.wav,20250428
699,702,Spizella pusilla,Field Sparrow,0.0354,D:/AcousticMonitoringData/ELDON2_Data/Week16\ELDON2_20250428_061902.wav,20250428
702,705,Sturnella magna,Eastern Meadowlark,0.9036,D:/AcousticMonitoringData/ELDON2_Data/Week16\ELDON2_20250428_061902.wav,20250428
702,705,Spizella pusilla,Field Sparrow,0.0232,D:/AcousticMonitoringData/ELDON2_Data/Week16\ELDON2_20250428_061902.wav,20250428
705,708,Sturnella magna,Eastern Meadowlark,0.1726,D:/AcousticMonitoringData/ELDON2_Data/Week16\ELDON2_20250428_061902.wav,20250428
708,711,Sturnella magna,Eastern Meadowlark,0.9658,D:/AcousticMonitoringData/ELDON2_Data/Week16\ELDON2_20250428_061902.wav,20250428
708,711,Spizella pusilla,Field Sparrow,0.0134,D:/AcousticMonitoringData/ELDON2_Data/Week16\ELDON2_20250428_061902.wav,20250428
711,714,Sturnella magna,Eastern Meadowlark,0.9827,D:/AcousticMonitoringData/ELDON2_Data/Week16\ELDON2_20250428_061902.wav,20250428
714,717,Sturnella magna,Eastern Meadowlark,0.541,D:/AcousticMonitoringData/ELDON2_Data/Week16\ELDON2_20250428_061902.wav,20250428
714,717,Bartramia longicauda,Upland Sandpiper,0.0399,D:/AcousticMonitoringData/ELDON2_Data/Week16\ELDON2_20250428_061902.wav,20250428
714,717,Spizella pusilla,Field Sparrow,0.0152,D:/AcousticMonitoringData/ELDON2_Data/Week16\ELDON2_20250428_061902.wav,20250428
717,720,Sturnella magna,Eastern Meadowlark,0.5097,D:/AcousticMonitoringData/ELDON2_Data/Week16\ELDON2_20250428_061902.wav,20250428
717,720,Bartramia longicauda,Upland Sandpiper,0.0192,D:/AcousticMonitoringData/ELDON2_Data/Week16\ELDON2_20250428_061902.wav,20250428
720,723,Sturnella magna,Eastern Meadowlark,0.5941,D:/AcousticMonitoringData/ELDON2_Data/Week16\ELDON2_20250428_061902.wav,20250428
723,726,Sturnella magna,Eastern Meadowlark,0.0358,D:/AcousticMonitoringData/ELDON2_Data/Week16\ELDON2_20250428_061902.wav,20250428
723,726,Geothlypis trichas,Common Yellowthroat,0.0132,D:/AcousticMonitoringData/ELDON2_Data/Week16\ELDON2_20250428_061902.wav,20250428
726,729,Sturnella magna,Eastern Meadowlark,0.0974,D:/AcousticMonitoringData/ELDON2_Data/Week16\ELDON2_20250428_061902.wav,20250428
726,729,Spizella pusilla,Field Sparrow,0.0127,D:/AcousticMonitoringData/ELDON2_Data/Week16\ELDON2_20250428_061902.wav,20250428
726,729,Passerina caerulea,Blue Grosbeak,0.0124,D:/AcousticMonitoringData/ELDON2_Data/Week16\ELDON2_20250428_061902.wav,20250428
729,732,Sturnella magna,Eastern Meadowlark,0.8541,D:/AcousticMonitoringData/ELDON2_Data/Week16\ELDON2_20250428_061902.wav,20250428
732,735,Sturnella magna,Eastern Meadowlark,0.8823,D:/AcousticMonitoringData/ELDON2_Data/Week16\ELDON2_20250428_061902.wav,20250428
732,735,Passerina caerulea,Blue Grosbeak,0.0123,D:/AcousticMonitoringData/ELDON2_Data/Week16\ELDON2_20250428_061902.wav,20250428
738,741,Sturnella magna,Eastern Meadowlark,0.5475,D:/AcousticMonitoringData/ELDON2_Data/Week16\ELDON2_20250428_061902.wav,20250428
741,744,Sturnella magna,Eastern Meadowlark,0.9025,D:/AcousticMonitoringData/ELDON2_Data/Week16\ELDON2_20250428_061902.wav,20250428
741,744,Passerina caerulea,Blue Grosbeak,0.0107,D:/AcousticMonitoringData/ELDON2_Data/Week16\ELDON2_20250428_061902.wav,20250428
744,747,Sturnella magna,Eastern Meadowlark,0.647,D:/AcousticMonitoringData/ELDON2_Data/Week16\ELDON2_20250428_061902.wav,20250428
744,747,Bartramia longicauda,Upland Sandpiper,0.0129,D:/AcousticMonitoringData/ELDON2_Data/Week16\ELDON2_20250428_061902.wav,20250428
747,750,Sturnella magna,Eastern Meadowlark,0.0561,D:/AcousticMonitoringData/ELDON2_Data/Week16\ELDON2_20250428_061902.wav,20250428
747,750,Passerina caerulea,Blue Grosbeak,0.0101,D:/AcousticMonitoringData/ELDON2_Data/Week16\ELDON2_20250428_061902.wav,20250428
750,753,Sturnella magna,Eastern Meadowlark,0.1737,D:/AcousticMonitoringData/ELDON2_Data/Week16\ELDON2_20250428_061902.wav,20250428
750,753,Spizella pusilla,Field Sparrow,0.0104,D:/AcousticMonitoringData/ELDON2_Data/Week16\ELDON2_20250428_061902.wav,20250428
753,756,Sturnella magna,Eastern Meadowlark,0.4329,D:/AcousticMonitoringData/ELDON2_Data/Week16\ELDON2_20250428_061902.wav,20250428
756,759,Sturnella magna,Eastern Meadowlark,0.9243,D:/AcousticMonitoringData/ELDON2_Data/Week16\ELDON2_20250428_061902.wav,20250428
759,762,Sturnella magna,Eastern Meadowlark,0.034,D:/AcousticMonitoringData/ELDON2_Data/Week16\ELDON2_20250428_061902.wav,20250428
759,762,Geothlypis trichas,Common Yellowthroat,0.015,D:/AcousticMonitoringData/ELDON2_Data/Week16\ELDON2_20250428_061902.wav,20250428
765,768,Sturnella magna,Eastern Meadowlark,0.5903,D:/AcousticMonitoringData/ELDON2_Data/Week16\ELDON2_20250428_061902.wav,20250428
768,771,Sturnella magna,Eastern Meadowlark,0.3123,D:/AcousticMonitoringData/ELDON2_Data/Week16\ELDON2_20250428_061902.wav,20250428
768,771,Bartramia longicauda,Upland Sandpiper,0.0166,D:/AcousticMonitoringData/ELDON2_Data/Week16\ELDON2_20250428_061902.wav,20250428
768,771,Passerina caerulea,Blue Grosbeak,0.0116,D:/AcousticMonitoringData/ELDON2_Data/Week16\ELDON2_20250428_061902.wav,20250428
771,774,Sturnella magna,Eastern Meadowlark,0.0367,D:/AcousticMonitoringData/ELDON2_Data/Week16\ELDON2_20250428_061902.wav,20250428
774,777,Melospiza melodia,Song Sparrow,0.0278,D:/AcousticMonitoringData/ELDON2_Data/Week16\ELDON2_20250428_061902.wav,20250428
774,777,Geothlypis trichas,Common Yellowthroat,0.0213,D:/AcousticMonitoringData/ELDON2_Data/Week16\ELDON2_20250428_061902.wav,20250428
777,780,Sturnella magna,Eastern Meadowlark,0.0865,D:/AcousticMonitoringData/ELDON2_Data/Week16\ELDON2_20250428_061902.wav,20250428
780,783,Sturnella magna,Eastern Meadowlark,0.0661,D:/AcousticMonitoringData/ELDON2_Data/Week16\ELDON2_20250428_061902.wav,20250428
783,786,Sturnella magna,Eastern Meadowlark,0.8185,D:/AcousticMonitoringData/ELDON2_Data/Week16\ELDON2_20250428_061902.wav,20250428
783,786,Bartramia longicauda,Upland Sandpiper,0.0191,D:/AcousticMonitoringData/ELDON2_Data/Week16\ELDON2_20250428_061902.wav,20250428
786,789,Sturnella magna,Eastern Meadowlark,0.0478,D:/AcousticMonitoringData/ELDON2_Data/Week16\ELDON2_20250428_061902.wav,20250428
786,789,Spizella pusilla,Field Sparrow,0.0372,D:/AcousticMonitoringData/ELDON2_Data/Week16\ELDON2_20250428_061902.wav,20250428
786,789,Geothlypis trichas,Common Yellowthroat,0.0282,D:/AcousticMonitoringData/ELDON2_Data/Week16\ELDON2_20250428_061902.wav,20250428
786,789,Passerina caerulea,Blue Grosbeak,0.0114,D:/AcousticMonitoringData/ELDON2_Data/Week16\ELDON2_20250428_061902.wav,20250428
789,792,Geothlypis trichas,Common Yellowthroat,0.0294,D:/AcousticMonitoringData/ELDON2_Data/Week16\ELDON2_20250428_061902.wav,20250428
789,792,Melospiza melodia,Song Sparrow,0.0266,D:/AcousticMonitoringData/ELDON2_Data/Week16\ELDON2_20250428_061902.wav,20250428
789,792,Sturnella magna,Eastern Meadowlark,0.0111,D:/AcousticMonitoringData/ELDON2_Data/Week16\ELDON2_20250428_061902.wav,20250428
792,795,Sturnella magna,Eastern Meadowlark,0.0417,D:/AcousticMonitoringData/ELDON2_Data/Week16\ELDON2_20250428_061902.wav,20250428
792,795,Geothlypis trichas,Common Yellowthroat,0.0198,D:/AcousticMonitoringData/ELDON2_Data/Week16\ELDON2_20250428_061902.wav,20250428
795,798,Sturnella magna,Eastern Meadowlark,0.0153,D:/AcousticMonitoringData/ELDON2_Data/Week16\ELDON2_20250428_061902.wav,20250428
795,798,Geothlypis trichas,Common Yellowthroat,0.0112,D:/AcousticMonitoringData/ELDON2_Data/Week16\ELDON2_20250428_061902.wav,20250428
798,801,Sturnella magna,Eastern Meadowlark,0.4895,D:/AcousticMonitoringData/ELDON2_Data/Week16\ELDON2_20250428_061902.wav,20250428
798,801,Spizella pusilla,Field Sparrow,0.0589,D:/AcousticMonitoringData/ELDON2_Data/Week16\ELDON2_20250428_061902.wav,20250428
801,804,Sturnella magna,Eastern Meadowlark,0.9454,D:/AcousticMonitoringData/ELDON2_Data/Week16\ELDON2_20250428_061902.wav,20250428
804,807,Geothlypis trichas,Common Yellowthroat,0.0165,D:/AcousticMonitoringData/ELDON2_Data/Week16\ELDON2_20250428_061902.wav,20250428
810,813,Sturnella magna,Eastern Meadowlark,0.0545,D:/AcousticMonitoringData/ELDON2_Data/Week16\ELDON2_20250428_061902.wav,20250428
810,813,Geothlypis trichas,Common Yellowthroat,0.0284,D:/AcousticMonitoringData/ELDON2_Data/Week16\ELDON2_20250428_061902.wav,20250428
813,816,Melospiza melodia,Song Sparrow,0.0474,D:/AcousticMonitoringData/ELDON2_Data/Week16\ELDON2_20250428_061902.wav,20250428
813,816,Geothlypis trichas,Common Yellowthroat,0.0367,D:/AcousticMonitoringData/ELDON2_Data/Week16\ELDON2_20250428_061902.wav,20250428
813,816,Sturnella magna,Eastern Meadowlark,0.0288,D:/AcousticMonitoringData/ELDON2_Data/Week16\ELDON2_20250428_061902.wav,20250428
813,816,Spizella pusilla,Field Sparrow,0.0177,D:/AcousticMonitoringData/ELDON2_Data/Week16\ELDON2_20250428_061902.wav,20250428
816,819,Sturnella magna,Eastern Meadowlark,0.228,D:/AcousticMonitoringData/ELDON2_Data/Week16\ELDON2_20250428_061902.wav,20250428
816,819,Passerina caerulea,Blue Grosbeak,0.0137,D:/AcousticMonitoringData/ELDON2_Data/Week16\ELDON2_20250428_061902.wav,20250428
816,819,Geothlypis trichas,Common Yellowthroat,0.0128,D:/AcousticMonitoringData/ELDON2_Data/Week16\ELDON2_20250428_061902.wav,20250428
819,822,Sturnella magna,Eastern Meadowlark,0.0629,D:/AcousticMonitoringData/ELDON2_Data/Week16\ELDON2_20250428_061902.wav,20250428
819,822,Spizella pusilla,Field Sparrow,0.0188,D:/AcousticMonitoringData/ELDON2_Data/Week16\ELDON2_20250428_061902.wav,20250428
819,822,Geothlypis trichas,Common Yellowthroat,0.0107,D:/AcousticMonitoringData/ELDON2_Data/Week16\ELDON2_20250428_061902.wav,20250428
819,822,Passerina caerulea,Blue Grosbeak,0.0107,D:/AcousticMonitoringData/ELDON2_Data/Week16\ELDON2_20250428_061902.wav,20250428
825,828,Sturnella magna,Eastern Meadowlark,0.2077,D:/AcousticMonitoringData/ELDON2_Data/Week16\ELDON2_20250428_061902.wav,20250428
825,828,Geothlypis trichas,Common Yellowthroat,0.0122,D:/AcousticMonitoringData/ELDON2_Data/Week16\ELDON2_20250428_061902.wav,20250428
828,831,Sturnella magna,Eastern Meadowlark,0.0287,D:/AcousticMonitoringData/ELDON2_Data/Week16\ELDON2_20250428_061902.wav,20250428
828,831,Geothlypis trichas,Common Yellowthroat,0.0128,D:/AcousticMonitoringData/ELDON2_Data/Week16\ELDON2_20250428_061902.wav,20250428
831,834,Sturnella magna,Eastern Meadowlark,0.0218,D:/AcousticMonitoringData/ELDON2_Data/Week16\ELDON2_20250428_061902.wav,20250428
834,837,Sturnella magna,Eastern Meadowlark,0.763,D:/AcousticMonitoringData/ELDON2_Data/Week16\ELDON2_20250428_061902.wav,20250428
834,837,Spizella pusilla,Field Sparrow,0.0299,D:/AcousticMonitoringData/ELDON2_Data/Week16\ELDON2_20250428_061902.wav,20250428
834,837,Bartramia longicauda,Upland Sandpiper,0.0142,D:/AcousticMonitoringData/ELDON2_Data/Week16\ELDON2_20250428_061902.wav,20250428
837,840,Sturnella magna,Eastern Meadowlark,0.8321,D:/AcousticMonitoringData/ELDON2_Data/Week16\ELDON2_20250428_061902.wav,20250428
837,840,Bartramia longicauda,Upland Sandpiper,0.0365,D:/AcousticMonitoringData/ELDON2_Data/Week16\ELDON2_20250428_061902.wav,20250428
837,840,Spizella pusilla,Field Sparrow,0.0183,D:/AcousticMonitoringData/ELDON2_Data/Week16\ELDON2_20250428_061902.wav,20250428
840,843,Sturnella magna,Eastern Meadowlark,0.1542,D:/AcousticMonitoringData/ELDON2_Data/Week16\ELDON2_20250428_061902.wav,20250428
840,843,Bartramia longicauda,Upland Sandpiper,0.0159,D:/AcousticMonitoringData/ELDON2_Data/Week16\ELDON2_20250428_061902.wav,20250428
843,846,Sturnella magna,Eastern Meadowlark,0.0235,D:/AcousticMonitoringData/ELDON2_Data/Week16\ELDON2_20250428_061902.wav,20250428
846,849,Sturnella magna,Eastern Meadowlark,0.326,D:/AcousticMonitoringData/ELDON2_Data/Week16\ELDON2_20250428_061902.wav,20250428
846,849,Spizella pusilla,Field Sparrow,0.0987,D:/AcousticMonitoringData/ELDON2_Data/Week16\ELDON2_20250428_061902.wav,20250428
846,849,Geothlypis trichas,Common Yellowthroat,0.0144,D:/AcousticMonitoringData/ELDON2_Data/Week16\ELDON2_20250428_061902.wav,20250428
846,849,Passerina caerulea,Blue Grosbeak,0.0107,D:/AcousticMonitoringData/ELDON2_Data/Week16\ELDON2_20250428_061902.wav,20250428
849,852,Sturnella magna,Eastern Meadowlark,0.6675,D:/AcousticMonitoringData/ELDON2_Data/Week16\ELDON2_20250428_061902.wav,20250428
849,852,Geothlypis trichas,Common Yellowthroat,0.013,D:/AcousticMonitoringData/ELDON2_Data/Week16\ELDON2_20250428_061902.wav,20250428
852,855,Sturnella magna,Eastern Meadowlark,0.1172,D:/AcousticMonitoringData/ELDON2_Data/Week16\ELDON2_20250428_061902.wav,20250428
852,855,Geothlypis trichas,Common Yellowthroat,0.0352,D:/AcousticMonitoringData/ELDON2_Data/Week16\ELDON2_20250428_061902.wav,20250428
852,855,Spizella pusilla,Field Sparrow,0.0103,D:/AcousticMonitoringData/ELDON2_Data/Week16\ELDON2_20250428_061902.wav,20250428
852,855,Passerina caerulea,Blue Grosbeak,0.01,D:/AcousticMonitoringData/ELDON2_Data/Week16\ELDON2_20250428_061902.wav,20250428
855,858,Sturnella magna,Eastern Meadowlark,0.1117,D:/AcousticMonitoringData/ELDON2_Data/Week16\ELDON2_20250428_061902.wav,20250428
855,858,Geothlypis trichas,Common Yellowthroat,0.0171,D:/AcousticMonitoringData/ELDON2_Data/Week16\ELDON2_20250428_061902.wav,20250428
858,861,Sturnella magna,Eastern Meadowlark,0.0603,D:/AcousticMonitoringData/ELDON2_Data/Week16\ELDON2_20250428_061902.wav,20250428
858,861,Melospiza melodia,Song Sparrow,0.0171,D:/AcousticMonitoringData/ELDON2_Data/Week16\ELDON2_20250428_061902.wav,20250428
858,861,Geothlypis trichas,Common Yellowthroat,0.0104,D:/AcousticMonitoringData/ELDON2_Data/Week16\ELDON2_20250428_061902.wav,20250428
861,864,Sturnella magna,Eastern Meadowlark,0.7281,D:/AcousticMonitoringData/ELDON2_Data/Week16\ELDON2_20250428_061902.wav,20250428
861,864,Geothlypis trichas,Common Yellowthroat,0.0116,D:/AcousticMonitoringData/ELDON2_Data/Week16\ELDON2_20250428_061902.wav,20250428
861,864,Spizella pusilla,Field Sparrow,0.0102,D:/AcousticMonitoringData/ELDON2_Data/Week16\ELDON2_20250428_061902.wav,20250428
864,867,Sturnella magna,Eastern Meadowlark,0.1581,D:/AcousticMonitoringData/ELDON2_Data/Week16\ELDON2_20250428_061902.wav,20250428
864,867,Spizella pusilla,Field Sparrow,0.0407,D:/AcousticMonitoringData/ELDON2_Data/Week16\ELDON2_20250428_061902.wav,20250428
864,867,Passerina caerulea,Blue Grosbeak,0.0311,D:/AcousticMonitoringData/ELDON2_Data/Week16\ELDON2_20250428_061902.wav,20250428
864,867,Geothlypis trichas,Common Yellowthroat,0.0257,D:/AcousticMonitoringData/ELDON2_Data/Week16\ELDON2_20250428_061902.wav,20250428
867,870,Sturnella magna,Eastern Meadowlark,0.028,D:/AcousticMonitoringData/ELDON2_Data/Week16\ELDON2_20250428_061902.wav,20250428
870,873,Sturnella magna,Eastern Meadowlark,0.0458,D:/AcousticMonitoringData/ELDON2_Data/Week16\ELDON2_20250428_061902.wav,20250428
873,876,Sturnella magna,Eastern Meadowlark,0.0702,D:/AcousticMonitoringData/ELDON2_Data/Week16\ELDON2_20250428_061902.wav,20250428
876,879,Sturnella magna,Eastern Meadowlark,0.508,D:/AcousticMonitoringData/ELDON2_Data/Week16\ELDON2_20250428_061902.wav,20250428
879,882,Sturnella magna,Eastern Meadowlark,0.1236,D:/AcousticMonitoringData/ELDON2_Data/Week16\ELDON2_20250428_061902.wav,20250428
879,882,Melospiza melodia,Song Sparrow,0.0172,D:/AcousticMonitoringData/ELDON2_Data/Week16\ELDON2_20250428_061902.wav,20250428
879,882,Bartramia longicauda,Upland Sandpiper,0.0153,D:/AcousticMonitoringData/ELDON2_Data/Week16\ELDON2_20250428_061902.wav,20250428
879,882,Geothlypis trichas,Common Yellowthroat,0.0137,D:/AcousticMonitoringData/ELDON2_Data/Week16\ELDON2_20250428_061902.wav,20250428
882,885,Sturnella magna,Eastern Meadowlark,0.1076,D:/AcousticMonitoringData/ELDON2_Data/Week16\ELDON2_20250428_061902.wav,20250428
885,888,Sturnella magna,Eastern Meadowlark,0.1075,D:/AcousticMonitoringData/ELDON2_Data/Week16\ELDON2_20250428_061902.wav,20250428
885,888,Bartramia longicauda,Upland Sandpiper,0.0127,D:/AcousticMonitoringData/ELDON2_Data/Week16\ELDON2_20250428_061902.wav,20250428
888,891,Sturnella magna,Eastern Meadowlark,0.2423,D:/AcousticMonitoringData/ELDON2_Data/Week16\ELDON2_20250428_061902.wav,20250428
888,891,Bartramia longicauda,Upland Sandpiper,0.0336,D:/AcousticMonitoringData/ELDON2_Data/Week16\ELDON2_20250428_061902.wav,20250428
891,894,Sturnella magna,Eastern Meadowlark,0.1994,D:/AcousticMonitoringData/ELDON2_Data/Week16\ELDON2_20250428_061902.wav,20250428
891,894,Bartramia longicauda,Upland Sandpiper,0.015,D:/AcousticMonitoringData/ELDON2_Data/Week16\ELDON2_20250428_061902.wav,20250428
897,900,Sturnella magna,Eastern Meadowlark,0.0934,D:/AcousticMonitoringData/ELDON2_Data/Week16\ELDON2_20250428_061902.wav,20250428
900,903,Sturnella magna,Eastern Meadowlark,0.0818,D:/AcousticMonitoringData/ELDON2_Data/Week16\ELDON2_20250428_061902.wav,20250428
903,906,Sturnella magna,Eastern Meadowlark,0.0902,D:/AcousticMonitoringData/ELDON2_Data/Week16\ELDON2_20250428_061902.wav,20250428
903,906,Spizella pusilla,Field Sparrow,0.0131,D:/AcousticMonitoringData/ELDON2_Data/Week16\ELDON2_20250428_061902.wav,20250428
903,906,Bartramia longicauda,Upland Sandpiper,0.0122,D:/AcousticMonitoringData/ELDON2_Data/Week16\ELDON2_20250428_061902.wav,20250428
906,909,Sturnella magna,Eastern Meadowlark,0.0516,D:/AcousticMonitoringData/ELDON2_Data/Week16\ELDON2_20250428_061902.wav,20250428
909,912,Sturnella magna,Eastern Meadowlark,0.6647,D:/AcousticMonitoringData/ELDON2_Data/Week16\ELDON2_20250428_061902.wav,20250428
909,912,Geothlypis trichas,Common Yellowthroat,0.0139,D:/AcousticMonitoringData/ELDON2_Data/Week16\ELDON2_20250428_061902.wav,20250428
909,912,Bartramia longicauda,Upland Sandpiper,0.0103,D:/AcousticMonitoringData/ELDON2_Data/Week16\ELDON2_20250428_061902.wav,20250428
912,915,Sturnella magna,Eastern Meadowlark,0.0537,D:/AcousticMonitoringData/ELDON2_Data/Week16\ELDON2_20250428_061902.wav,20250428
912,915,Bartramia longicauda,Upland Sandpiper,0.0227,D:/AcousticMonitoringData/ELDON2_Data/Week16\ELDON2_20250428_061902.wav,20250428
915,918,Sturnella magna,Eastern Meadowlark,0.0485,D:/AcousticMonitoringData/ELDON2_Data/Week16\ELDON2_20250428_061902.wav,20250428
918,921,Sturnella magna,Eastern Meadowlark,0.3105,D:/AcousticMonitoringData/ELDON2_Data/Week16\ELDON2_20250428_061902.wav,20250428
918,921,Bartramia longicauda,Upland Sandpiper,0.0194,D:/AcousticMonitoringData/ELDON2_Data/Week16\ELDON2_20250428_061902.wav,20250428
921,924,Sturnella magna,Eastern Meadowlark,0.112,D:/AcousticMonitoringData/ELDON2_Data/Week16\ELDON2_20250428_061902.wav,20250428
921,924,Bartramia longicauda,Upland Sandpiper,0.0224,D:/AcousticMonitoringData/ELDON2_Data/Week16\ELDON2_20250428_061902.wav,20250428
921,924,Melospiza melodia,Song Sparrow,0.0131,D:/AcousticMonitoringData/ELDON2_Data/Week16\ELDON2_20250428_061902.wav,20250428
921,924,Spizella pusilla,Field Sparrow,0.0118,D:/AcousticMonitoringData/ELDON2_Data/Week16\ELDON2_20250428_061902.wav,20250428
927,930,Sturnella magna,Eastern Meadowlark,0.1309,D:/AcousticMonitoringData/ELDON2_Data/Week16\ELDON2_20250428_061902.wav,20250428
927,930,Bartramia longicauda,Upland Sandpiper,0.0115,D:/AcousticMonitoringData/ELDON2_Data/Week16\ELDON2_20250428_061902.wav,20250428
930,933,Sturnella magna,Eastern Meadowlark,0.0124,D:/AcousticMonitoringData/ELDON2_Data/Week16\ELDON2_20250428_061902.wav,20250428
933,936,Geothlypis trichas,Common Yellowthroat,0.0167,D:/AcousticMonitoringData/ELDON2_Data/Week16\ELDON2_20250428_061902.wav,20250428
933,936,Sturnella magna,Eastern Meadowlark,0.0152,D:/AcousticMonitoringData/ELDON2_Data/Week16\ELDON2_20250428_061902.wav,20250428
936,939,Sturnella magna,Eastern Meadowlark,0.1195,D:/AcousticMonitoringData/ELDON2_Data/Week16\ELDON2_20250428_061902.wav,20250428
936,939,Bartramia longicauda,Upland Sandpiper,0.0108,D:/AcousticMonitoringData/ELDON2_Data/Week16\ELDON2_20250428_061902.wav,20250428
939,942,Sturnella magna,Eastern Meadowlark,0.067,D:/AcousticMonitoringData/ELDON2_Data/Week16\ELDON2_20250428_061902.wav,20250428
939,942,Bartramia longicauda,Upland Sandpiper,0.0157,D:/AcousticMonitoringData/ELDON2_Data/Week16\ELDON2_20250428_061902.wav,20250428
942,945,Sturnella magna,Eastern Meadowlark,0.159,D:/AcousticMonitoringData/ELDON2_Data/Week16\ELDON2_20250428_061902.wav,20250428
942,945,Spizella pusilla,Field Sparrow,0.02,D:/AcousticMonitoringData/ELDON2_Data/Week16\ELDON2_20250428_061902.wav,20250428
945,948,Sturnella magna,Eastern Meadowlark,0.2106,D:/AcousticMonitoringData/ELDON2_Data/Week16\ELDON2_20250428_061902.wav,20250428
945,948,Geothlypis trichas,Common Yellowthroat,0.0127,D:/AcousticMonitoringData/ELDON2_Data/Week16\ELDON2_20250428_061902.wav,20250428
948,951,Sturnella magna,Eastern Meadowlark,0.0654,D:/AcousticMonitoringData/ELDON2_Data/Week16\ELDON2_20250428_061902.wav,20250428
951,954,Sturnella magna,Eastern Meadowlark,0.0375,D:/AcousticMonitoringData/ELDON2_Data/Week16\ELDON2_20250428_061902.wav,20250428
954,957,Sturnella magna,Eastern Meadowlark,0.1848,D:/AcousticMonitoringData/ELDON2_Data/Week16\ELDON2_20250428_061902.wav,20250428
954,957,Passerina caerulea,Blue Grosbeak,0.0205,D:/AcousticMonitoringData/ELDON2_Data/Week16\ELDON2_20250428_061902.wav,20250428
957,960,Sturnella magna,Eastern Meadowlark,0.1128,D:/AcousticMonitoringData/ELDON2_Data/Week16\ELDON2_20250428_061902.wav,20250428
957,960,Bartramia longicauda,Upland Sandpiper,0.0232,D:/AcousticMonitoringData/ELDON2_Data/Week16\ELDON2_20250428_061902.wav,20250428
960,963,Geothlypis trichas,Common Yellowthroat,0.0493,D:/AcousticMonitoringData/ELDON2_Data/Week16\ELDON2_20250428_061902.wav,20250428
960,963,Melospiza melodia,Song Sparrow,0.0243,D:/AcousticMonitoringData/ELDON2_Data/Week16\ELDON2_20250428_061902.wav,20250428
960,963,Spizella pusilla,Field Sparrow,0.0158,D:/AcousticMonitoringData/ELDON2_Data/Week16\ELDON2_20250428_061902.wav,20250428
963,966,Sturnella magna,Eastern Meadowlark,0.0298,D:/AcousticMonitoringData/ELDON2_Data/Week16\ELDON2_20250428_061902.wav,20250428
966,969,Sturnella magna,Eastern Meadowlark,0.0767,D:/AcousticMonitoringData/ELDON2_Data/Week16\ELDON2_20250428_061902.wav,20250428
969,972,Sturnella magna,Eastern Meadowlark,0.4126,D:/AcousticMonitoringData/ELDON2_Data/Week16\ELDON2_20250428_061902.wav,20250428
969,972,Geothlypis trichas,Common Yellowthroat,0.0146,D:/AcousticMonitoringData/ELDON2_Data/Week16\ELDON2_20250428_061902.wav,20250428
972,975,Sturnella magna,Eastern Meadowlark,0.2069,D:/AcousticMonitoringData/ELDON2_Data/Week16\ELDON2_20250428_061902.wav,20250428
972,975,Spizella pusilla,Field Sparrow,0.016,D:/AcousticMonitoringData/ELDON2_Data/Week16\ELDON2_20250428_061902.wav,20250428
972,975,Passerina caerulea,Blue Grosbeak,0.0117,D:/AcousticMonitoringData/ELDON2_Data/Week16\ELDON2_20250428_061902.wav,20250428
975,978,Sturnella magna,Eastern Meadowlark,0.1581,D:/AcousticMonitoringData/ELDON2_Data/Week16\ELDON2_20250428_061902.wav,20250428
981,984,Geothlypis trichas,Common Yellowthroat,0.0157,D:/AcousticMonitoringData/ELDON2_Data/Week16\ELDON2_20250428_061902.wav,20250428
984,987,Geothlypis trichas,Common Yellowthroat,0.0276,D:/AcousticMonitoringData/ELDON2_Data/Week16\ELDON2_20250428_061902.wav,20250428
984,987,Sturnella magna,Eastern Meadowlark,0.0109,D:/AcousticMonitoringData/ELDON2_Data/Week16\ELDON2_20250428_061902.wav,20250428
987,990,Geothlypis trichas,Common Yellowthroat,0.0331,D:/AcousticMonitoringData/ELDON2_Data/Week16\ELDON2_20250428_061902.wav,20250428
987,990,Sturnella magna,Eastern Meadowlark,0.0129,D:/AcousticMonitoringData/ELDON2_Data/Week16\ELDON2_20250428_061902.wav,20250428
987,990,Spizella pusilla,Field Sparrow,0.0118,D:/AcousticMonitoringData/ELDON2_Data/Week16\ELDON2_20250428_061902.wav,20250428
987,990,Melospiza melodia,Song Sparrow,0.0104,D:/AcousticMonitoringData/ELDON2_Data/Week16\ELDON2_20250428_061902.wav,20250428
990,993,Sturnella magna,Eastern Meadowlark,0.0998,D:/AcousticMonitoringData/ELDON2_Data/Week16\ELDON2_20250428_061902.wav,20250428
993,996,Sturnella magna,Eastern Meadowlark,0.0999,D:/AcousticMonitoringData/ELDON2_Data/Week16\ELDON2_20250428_061902.wav,20250428
996,999,Sturnella magna,Eastern Meadowlark,0.0515,D:/AcousticMonitoringData/ELDON2_Data/Week16\ELDON2_20250428_061902.wav,20250428
999,1002,Sturnella magna,Eastern Meadowlark,0.2938,D:/AcousticMonitoringData/ELDON2_Data/Week16\ELDON2_20250428_061902.wav,20250428
999,1002,Spizella pusilla,Field Sparrow,0.0106,D:/AcousticMonitoringData/ELDON2_Data/Week16\ELDON2_20250428_061902.wav,20250428
1002,1005,Sturnella magna,Eastern Meadowlark,0.2103,D:/AcousticMonitoringData/ELDON2_Data/Week16\ELDON2_20250428_061902.wav,20250428
1005,1008,Sturnella magna,Eastern Meadowlark,0.0316,D:/AcousticMonitoringData/ELDON2_Data/Week16\ELDON2_20250428_061902.wav,20250428
1008,1011,Sturnella magna,Eastern Meadowlark,0.0632,D:/AcousticMonitoringData/ELDON2_Data/Week16\ELDON2_20250428_061902.wav,20250428
1008,1011,Geothlypis trichas,Common Yellowthroat,0.0176,D:/AcousticMonitoringData/ELDON2_Data/Week16\ELDON2_20250428_061902.wav,20250428
1011,1014,Sturnella magna,Eastern Meadowlark,0.1458,D:/AcousticMonitoringData/ELDON2_Data/Week16\ELDON2_20250428_061902.wav,20250428
1017,1020,Geothlypis trichas,Common Yellowthroat,0.0124,D:/AcousticMonitoringData/ELDON2_Data/Week16\ELDON2_20250428_061902.wav,20250428
1020,1023,Sturnella magna,Eastern Meadowlark,0.012,D:/AcousticMonitoringData/ELDON2_Data/Week16\ELDON2_20250428_061902.wav,20250428
1020,1023,Geothlypis trichas,Common Yellowthroat,0.0106,D:/AcousticMonitoringData/ELDON2_Data/Week16\ELDON2_20250428_061902.wav,20250428
1023,1026,Sturnella magna,Eastern Meadowlark,0.2153,D:/AcousticMonitoringData/ELDON2_Data/Week16\ELDON2_20250428_061902.wav,20250428
1023,1026,Geothlypis trichas,Common Yellowthroat,0.0155,D:/AcousticMonitoringData/ELDON2_Data/Week16\ELDON2_20250428_061902.wav,20250428
1026,1029,Sturnella magna,Eastern Meadowlark,0.0808,D:/AcousticMonitoringData/ELDON2_Data/Week16\ELDON2_20250428_061902.wav,20250428
1026,1029,Geothlypis trichas,Common Yellowthroat,0.0141,D:/AcousticMonitoringData/ELDON2_Data/Week16\ELDON2_20250428_061902.wav,20250428
1032,1035,Sturnella magna,Eastern Meadowlark,0.0142,D:/AcousticMonitoringData/ELDON2_Data/Week16\ELDON2_20250428_061902.wav,20250428
1035,1038,Sturnella magna,Eastern Meadowlark,0.2367,D:/AcousticMonitoringData/ELDON2_Data/Week16\ELDON2_20250428_061902.wav,20250428
1035,1038,Bartramia longicauda,Upland Sandpiper,0.0168,D:/AcousticMonitoringData/ELDON2_Data/Week16\ELDON2_20250428_061902.wav,20250428
1038,1041,Geothlypis trichas,Common Yellowthroat,0.0458,D:/AcousticMonitoringData/ELDON2_Data/Week16\ELDON2_20250428_061902.wav,20250428
1038,1041,Spizella pusilla,Field Sparrow,0.0164,D:/AcousticMonitoringData/ELDON2_Data/Week16\ELDON2_20250428_061902.wav,20250428
1044,1047,Sturnella magna,Eastern Meadowlark,0.0821,D:/AcousticMonitoringData/ELDON2_Data/Week16\ELDON2_20250428_061902.wav,20250428
1044,1047,Bartramia longicauda,Upland Sandpiper,0.0133,D:/AcousticMonitoringData/ELDON2_Data/Week16\ELDON2_20250428_061902.wav,20250428
1047,1050,Sturnella magna,Eastern Meadowlark,0.0357,D:/AcousticMonitoringData/ELDON2_Data/Week16\ELDON2_20250428_061902.wav,20250428
1047,1050,Passerina caerulea,Blue Grosbeak,0.0148,D:/AcousticMonitoringData/ELDON2_Data/Week16\ELDON2_20250428_061902.wav,20250428
1047,1050,Geothlypis trichas,Common Yellowthroat,0.0139,D:/AcousticMonitoringData/ELDON2_Data/Week16\ELDON2_20250428_061902.wav,20250428
1050,1053,Sturnella magna,Eastern Meadowlark,0.5412,D:/AcousticMonitoringData/ELDON2_Data/Week16\ELDON2_20250428_061902.wav,20250428
1050,1053,Geothlypis trichas,Common Yellowthroat,0.0163,D:/AcousticMonitoringData/ELDON2_Data/Week16\ELDON2_20250428_061902.wav,20250428
1050,1053,Spizella pusilla,Field Sparrow,0.0134,D:/AcousticMonitoringData/ELDON2_Data/Week16\ELDON2_20250428_061902.wav,20250428
1053,1056,Melospiza melodia,Song Sparrow,0.0153,D:/AcousticMonitoringData/ELDON2_Data/Week16\ELDON2_20250428_061902.wav,20250428
1053,1056,Geothlypis trichas,Common Yellowthroat,0.0108,D:/AcousticMonitoringData/ELDON2_Data/Week16\ELDON2_20250428_061902.wav,20250428
1056,1059,Sturnella magna,Eastern Meadowlark,0.5377,D:/AcousticMonitoringData/ELDON2_Data/Week16\ELDON2_20250428_061902.wav,20250428
1056,1059,Bartramia longicauda,Upland Sandpiper,0.0195,D:/AcousticMonitoringData/ELDON2_Data/Week16\ELDON2_20250428_061902.wav,20250428
1056,1059,Passerina caerulea,Blue Grosbeak,0.0131,D:/AcousticMonitoringData/ELDON2_Data/Week16\ELDON2_20250428_061902.wav,20250428
1056,1059,Spizella pusilla,Field Sparrow,0.0131,D:/AcousticMonitoringData/ELDON2_Data/Week16\ELDON2_20250428_061902.wav,20250428
1059,1062,Geothlypis trichas,Common Yellowthroat,0.0287,D:/AcousticMonitoringData/ELDON2_Data/Week16\ELDON2_20250428_061902.wav,20250428
1059,1062,Sturnella magna,Eastern Meadowlark,0.0187,D:/AcousticMonitoringData/ELDON2_Data/Week16\ELDON2_20250428_061902.wav,20250428
1062,1065,Sturnella magna,Eastern Meadowlark,0.3744,D:/AcousticMonitoringData/ELDON2_Data/Week16\ELDON2_20250428_061902.wav,20250428
1062,1065,Geothlypis trichas,Common Yellowthroat,0.0205,D:/AcousticMonitoringData/ELDON2_Data/Week16\ELDON2_20250428_061902.wav,20250428
1062,1065,Passerina caerulea,Blue Grosbeak,0.0193,D:/AcousticMonitoringData/ELDON2_Data/Week16\ELDON2_20250428_061902.wav,20250428
1062,1065,Spizella pusilla,Field Sparrow,0.0143,D:/AcousticMonitoringData/ELDON2_Data/Week16\ELDON2_20250428_061902.wav,20250428
1068,1071,Geothlypis trichas,Common Yellowthroat,0.0289,D:/AcousticMonitoringData/ELDON2_Data/Week16\ELDON2_20250428_061902.wav,20250428
1068,1071,Melospiza melodia,Song Sparrow,0.0214,D:/AcousticMonitoringData/ELDON2_Data/Week16\ELDON2_20250428_061902.wav,20250428
1071,1074,Sturnella magna,Eastern Meadowlark,0.745,D:/AcousticMonitoringData/ELDON2_Data/Week16\ELDON2_20250428_061902.wav,20250428
1071,1074,Geothlypis trichas,Common Yellowthroat,0.0297,D:/AcousticMonitoringData/ELDON2_Data/Week16\ELDON2_20250428_061902.wav,20250428
1071,1074,Spizella pusilla,Field Sparrow,0.0129,D:/AcousticMonitoringData/ELDON2_Data/Week16\ELDON2_20250428_061902.wav,20250428
1071,1074,Melospiza melodia,Song Sparrow,0.0109,D:/AcousticMonitoringData/ELDON2_Data/Week16\ELDON2_20250428_061902.wav,20250428
1071,1074,Bartramia longicauda,Upland Sandpiper,0.0108,D:/AcousticMonitoringData/ELDON2_Data/Week16\ELDON2_20250428_061902.wav,20250428
1074,1077,Sturnella magna,Eastern Meadowlark,0.6076,D:/AcousticMonitoringData/ELDON2_Data/Week16\ELDON2_20250428_061902.wav,20250428
1074,1077,Geothlypis trichas,Common Yellowthroat,0.0319,D:/AcousticMonitoringData/ELDON2_Data/Week16\ELDON2_20250428_061902.wav,20250428
1074,1077,Spizella pusilla,Field Sparrow,0.0103,D:/AcousticMonitoringData/ELDON2_Data/Week16\ELDON2_20250428_061902.wav,20250428
1077,1080,Geothlypis trichas,Common Yellowthroat,0.0477,D:/AcousticMonitoringData/ELDON2_Data/Week16\ELDON2_20250428_061902.wav,20250428
1077,1080,Passerina caerulea,Blue Grosbeak,0.0359,D:/AcousticMonitoringData/ELDON2_Data/Week16\ELDON2_20250428_061902.wav,20250428
1077,1080,Sturnella magna,Eastern Meadowlark,0.0241,D:/AcousticMonitoringData/ELDON2_Data/Week16\ELDON2_20250428_061902.wav,20250428
1077,1080,Spizella pusilla,Field Sparrow,0.0133,D:/AcousticMonitoringData/ELDON2_Data/Week16\ELDON2_20250428_061902.wav,20250428
1080,1083,Sturnella magna,Eastern Meadowlark,0.2695,D:/AcousticMonitoringData/ELDON2_Data/Week16\ELDON2_20250428_061902.wav,20250428
1083,1086,Geothlypis trichas,Common Yellowthroat,0.0518,D:/AcousticMonitoringData/ELDON2_Data/Week16\ELDON2_20250428_061902.wav,20250428
1083,1086,Sturnella magna,Eastern Meadowlark,0.0332,D:/AcousticMonitoringData/ELDON2_Data/Week16\ELDON2_20250428_061902.wav,20250428
1083,1086,Melospiza melodia,Song Sparrow,0.0234,D:/AcousticMonitoringData/ELDON2_Data/Week16\ELDON2_20250428_061902.wav,20250428
1083,1086,Spizella pusilla,Field Sparrow,0.0168,D:/AcousticMonitoringData/ELDON2_Data/Week16\ELDON2_20250428_061902.wav,20250428
1086,1089,Sturnella magna,Eastern Meadowlark,0.2269,D:/AcousticMonitoringData/ELDON2_Data/Week16\ELDON2_20250428_061902.wav,20250428
1086,1089,Bartramia longicauda,Upland Sandpiper,0.0333,D:/AcousticMonitoringData/ELDON2_Data/Week16\ELDON2_20250428_061902.wav,20250428
1086,1089,Melospiza melodia,Song Sparrow,0.0143,D:/AcousticMonitoringData/ELDON2_Data/Week16\ELDON2_20250428_061902.wav,20250428
1086,1089,Geothlypis trichas,Common Yellowthroat,0.0113,D:/AcousticMonitoringData/ELDON2_Data/Week16\ELDON2_20250428_061902.wav,20250428
1089,1092,Geothlypis trichas,Common Yellowthroat,0.0215,D:/AcousticMonitoringData/ELDON2_Data/Week16\ELDON2_20250428_061902.wav,20250428
1092,1095,Sturnella magna,Eastern Meadowlark,0.1442,D:/AcousticMonitoringData/ELDON2_Data/Week16\ELDON2_20250428_061902.wav,20250428
1092,1095,Bartramia longicauda,Upland Sandpiper,0.0308,D:/AcousticMonitoringData/ELDON2_Data/Week16\ELDON2_20250428_061902.wav,20250428
1092,1095,Geothlypis trichas,Common Yellowthroat,0.0171,D:/AcousticMonitoringData/ELDON2_Data/Week16\ELDON2_20250428_061902.wav,20250428
1092,1095,Spizella pusilla,Field Sparrow,0.0133,D:/AcousticMonitoringData/ELDON2_Data/Week16\ELDON2_20250428_061902.wav,20250428
1095,1098,Geothlypis trichas,Common Yellowthroat,0.0187,D:/AcousticMonitoringData/ELDON2_Data/Week16\ELDON2_20250428_061902.wav,20250428
1098,1101,Sturnella magna,Eastern Meadowlark,0.0328,D:/AcousticMonitoringData/ELDON2_Data/Week16\ELDON2_20250428_061902.wav,20250428
1098,1101,Geothlypis trichas,Common Yellowthroat,0.0214,D:/AcousticMonitoringData/ELDON2_Data/Week16\ELDON2_20250428_061902.wav,20250428
1101,1104,Sturnella magna,Eastern Meadowlark,0.6426,D:/AcousticMonitoringData/ELDON2_Data/Week16\ELDON2_20250428_061902.wav,20250428
1101,1104,Bartramia longicauda,Upland Sandpiper,0.0172,D:/AcousticMonitoringData/ELDON2_Data/Week16\ELDON2_20250428_061902.wav,20250428
1101,1104,Spizella pusilla,Field Sparrow,0.0142,D:/AcousticMonitoringData/ELDON2_Data/Week16\ELDON2_20250428_061902.wav,20250428
1101,1104,Geothlypis trichas,Common Yellowthroat,0.0139,D:/AcousticMonitoringData/ELDON2_Data/Week16\ELDON2_20250428_061902.wav,20250428
1104,1107,Geothlypis trichas,Common Yellowthroat,0.0345,D:/AcousticMonitoringData/ELDON2_Data/Week16\ELDON2_20250428_061902.wav,20250428
1104,1107,Melospiza melodia,Song Sparrow,0.0159,D:/AcousticMonitoringData/ELDON2_Data/Week16\ELDON2_20250428_061902.wav,20250428
1107,1110,Sturnella magna,Eastern Meadowlark,0.1865,D:/AcousticMonitoringData/ELDON2_Data/Week16\ELDON2_20250428_061902.wav,20250428
1110,1113,Sturnella magna,Eastern Meadowlark,0.2576,D:/AcousticMonitoringData/ELDON2_Data/Week16\ELDON2_20250428_061902.wav,20250428
1110,1113,Spizella pusilla,Field Sparrow,0.0189,D:/AcousticMonitoringData/ELDON2_Data/Week16\ELDON2_20250428_061902.wav,20250428
1113,1116,Sturnella magna,Eastern Meadowlark,0.0762,D:/AcousticMonitoringData/ELDON2_Data/Week16\ELDON2_20250428_061902.wav,20250428
1116,1119,Sturnella magna,Eastern Meadowlark,0.0128,D:/AcousticMonitoringData/ELDON2_Data/Week16\ELDON2_20250428_061902.wav,20250428
1119,1122,Sturnella magna,Eastern Meadowlark,0.0127,D:/AcousticMonitoringData/ELDON2_Data/Week16\ELDON2_20250428_061902.wav,20250428
1122,1125,Sturnella magna,Eastern Meadowlark,0.0487,D:/AcousticMonitoringData/ELDON2_Data/Week16\ELDON2_20250428_061902.wav,20250428
1125,1128,Sturnella magna,Eastern Meadowlark,0.0913,D:/AcousticMonitoringData/ELDON2_Data/Week16\ELDON2_20250428_061902.wav,20250428
1125,1128,Bartramia longicauda,Upland Sandpiper,0.0138,D:/AcousticMonitoringData/ELDON2_Data/Week16\ELDON2_20250428_061902.wav,20250428
1128,1131,Sturnella magna,Eastern Meadowlark,0.0563,D:/AcousticMonitoringData/ELDON2_Data/Week16\ELDON2_20250428_061902.wav,20250428
1134,1137,Sturnella magna,Eastern Meadowlark,0.0416,D:/AcousticMonitoringData/ELDON2_Data/Week16\ELDON2_20250428_061902.wav,20250428
1137,1140,Sturnella magna,Eastern Meadowlark,0.1299,D:/AcousticMonitoringData/ELDON2_Data/Week16\ELDON2_20250428_061902.wav,20250428
1140,1143,Bartramia longicauda,Upland Sandpiper,0.0346,D:/AcousticMonitoringData/ELDON2_Data/Week16\ELDON2_20250428_061902.wav,20250428
1140,1143,Sturnella magna,Eastern Meadowlark,0.0242,D:/AcousticMonitoringData/ELDON2_Data/Week16\ELDON2_20250428_061902.wav,20250428
1143,1146,Sturnella magna,Eastern Meadowlark,0.0757,D:/AcousticMonitoringData/ELDON2_Data/Week16\ELDON2_20250428_061902.wav,20250428
1143,1146,Bartramia longicauda,Upland Sandpiper,0.0267,D:/AcousticMonitoringData/ELDON2_Data/Week16\ELDON2_20250428_061902.wav,20250428
1146,1149,Sturnella magna,Eastern Meadowlark,0.0219,D:/AcousticMonitoringData/ELDON2_Data/Week16\ELDON2_20250428_061902.wav,20250428
1149,1152,Sturnella magna,Eastern Meadowlark,0.1851,D:/AcousticMonitoringData/ELDON2_Data/Week16\ELDON2_20250428_061902.wav,20250428
1152,1155,Sturnella magna,Eastern Meadowlark,0.256,D:/AcousticMonitoringData/ELDON2_Data/Week16\ELDON2_20250428_061902.wav,20250428
1155,1158,Sturnella magna,Eastern Meadowlark,0.0126,D:/AcousticMonitoringData/ELDON2_Data/Week16\ELDON2_20250428_061902.wav,20250428
1158,1161,Sturnella magna,Eastern Meadowlark,0.1548,D:/AcousticMonitoringData/ELDON2_Data/Week16\ELDON2_20250428_061902.wav,20250428
1158,1161,Bartramia longicauda,Upland Sandpiper,0.0239,D:/AcousticMonitoringData/ELDON2_Data/Week16\ELDON2_20250428_061902.wav,20250428
1161,1164,Sturnella magna,Eastern Meadowlark,0.0463,D:/AcousticMonitoringData/ELDON2_Data/Week16\ELDON2_20250428_061902.wav,20250428
1164,1167,Sturnella magna,Eastern Meadowlark,0.0115,D:/AcousticMonitoringData/ELDON2_Data/Week16\ELDON2_20250428_061902.wav,20250428
1167,1170,Sturnella magna,Eastern Meadowlark,0.1995,D:/AcousticMonitoringData/ELDON2_Data/Week16\ELDON2_20250428_061902.wav,20250428
1167,1170,Passerina caerulea,Blue Grosbeak,0.0116,D:/AcousticMonitoringData/ELDON2_Data/Week16\ELDON2_20250428_061902.wav,20250428
1170,1173,Sturnella magna,Eastern Meadowlark,0.0471,D:/AcousticMonitoringData/ELDON2_Data/Week16\ELDON2_20250428_061902.wav,20250428
1173,1176,Sturnella magna,Eastern Meadowlark,0.0157,D:/AcousticMonitoringData/ELDON2_Data/Week16\ELDON2_20250428_061902.wav,20250428
1176,1179,Sturnella magna,Eastern Meadowlark,0.0124,D:/AcousticMonitoringData/ELDON2_Data/Week16\ELDON2_20250428_061902.wav,20250428
1182,1185,Sturnella magna,Eastern Meadowlark,0.0569,D:/AcousticMonitoringData/ELDON2_Data/Week16\ELDON2_20250428_061902.wav,20250428
1185,1188,Sturnella magna,Eastern Meadowlark,0.0615,D:/AcousticMonitoringData/ELDON2_Data/Week16\ELDON2_20250428_061902.wav,20250428
1185,1188,Bartramia longicauda,Upland Sandpiper,0.014,D:/AcousticMonitoringData/ELDON2_Data/Week16\ELDON2_20250428_061902.wav,20250428
1188,1191,Sturnella magna,Eastern Meadowlark,0.0245,D:/AcousticMonitoringData/ELDON2_Data/Week16\ELDON2_20250428_061902.wav,20250428
1191,1194,Sturnella magna,Eastern Meadowlark,0.0143,D:/AcousticMonitoringData/ELDON2_Data/Week16\ELDON2_20250428_061902.wav,20250428
1194,1197,Sturnella magna,Eastern Meadowlark,0.0247,D:/AcousticMonitoringData/ELDON2_Data/Week16\ELDON2_20250428_061902.wav,20250428
1194,1197,Bartramia longicauda,Upland Sandpiper,0.0114,D:/AcousticMonitoringData/ELDON2_Data/Week16\ELDON2_20250428_061902.wav,20250428
1197,1200,Sturnella magna,Eastern Meadowlark,0.0962,D:/AcousticMonitoringData/ELDON2_Data/Week16\ELDON2_20250428_061902.wav,20250428
1197,1200,Bartramia longicauda,Upland Sandpiper,0.0106,D:/AcousticMonitoringData/ELDON2_Data/Week16\ELDON2_20250428_061902.wav,20250428
1200,1203,Geothlypis trichas,Common Yellowthroat,0.0289,D:/AcousticMonitoringData/ELDON2_Data/Week16\ELDON2_20250428_061902.wav,20250428
1200,1203,Melospiza melodia,Song Sparrow,0.018,D:/AcousticMonitoringData/ELDON2_Data/Week16\ELDON2_20250428_061902.wav,20250428
1200,1203,Sturnella magna,Eastern Meadowlark,0.0117,D:/AcousticMonitoringData/ELDON2_Data/Week16\ELDON2_20250428_061902.wav,20250428
1203,1206,Sturnella magna,Eastern Meadowlark,0.0768,D:/AcousticMonitoringData/ELDON2_Data/Week16\ELDON2_20250428_061902.wav,20250428
1203,1206,Bartramia longicauda,Upland Sandpiper,0.0111,D:/AcousticMonitoringData/ELDON2_Data/Week16\ELDON2_20250428_061902.wav,20250428
1206,1209,Sturnella magna,Eastern Meadowlark,0.1042,D:/AcousticMonitoringData/ELDON2_Data/Week16\ELDON2_20250428_061902.wav,20250428
1206,1209,Bartramia longicauda,Upland Sandpiper,0.011,D:/AcousticMonitoringData/ELDON2_Data/Week16\ELDON2_20250428_061902.wav,20250428
1209,1212,Sturnella magna,Eastern Meadowlark,0.1009,D:/AcousticMonitoringData/ELDON2_Data/Week16\ELDON2_20250428_061902.wav,20250428
1209,1212,Bartramia longicauda,Upland Sandpiper,0.0392,D:/AcousticMonitoringData/ELDON2_Data/Week16\ELDON2_20250428_061902.wav,20250428
1212,1215,Sturnella magna,Eastern Meadowlark,0.3647,D:/AcousticMonitoringData/ELDON2_Data/Week16\ELDON2_20250428_061902.wav,20250428
1215,1218,Sturnella magna,Eastern Meadowlark,0.0114,D:/AcousticMonitoringData/ELDON2_Data/Week16\ELDON2_20250428_061902.wav,20250428
1218,1221,Sturnella magna,Eastern Meadowlark,0.0924,D:/AcousticMonitoringData/ELDON2_Data/Week16\ELDON2_20250428_061902.wav,20250428
1218,1221,Bartramia longicauda,Upland Sandpiper,0.0111,D:/AcousticMonitoringData/ELDON2_Data/Week16\ELDON2_20250428_061902.wav,20250428
1221,1224,Sturnella magna,Eastern Meadowlark,0.2464,D:/AcousticMonitoringData/ELDON2_Data/Week16\ELDON2_20250428_061902.wav,20250428
1221,1224,Spizella pusilla,Field Sparrow,0.0106,D:/AcousticMonitoringData/ELDON2_Data/Week16\ELDON2_20250428_061902.wav,20250428
1224,1227,Sturnella magna,Eastern Meadowlark,0.0586,D:/AcousticMonitoringData/ELDON2_Data/Week16\ELDON2_20250428_061902.wav,20250428
1224,1227,Bartramia longicauda,Upland Sandpiper,0.0143,D:/AcousticMonitoringData/ELDON2_Data/Week16\ELDON2_20250428_061902.wav,20250428
1227,1230,Sturnella magna,Eastern Meadowlark,0.062,D:/AcousticMonitoringData/ELDON2_Data/Week16\ELDON2_20250428_061902.wav,20250428
1230,1233,Sturnella magna,Eastern Meadowlark,0.059,D:/AcousticMonitoringData/ELDON2_Data/Week16\ELDON2_20250428_061902.wav,20250428
1236,1239,Sturnella magna,Eastern Meadowlark,0.0166,D:/AcousticMonitoringData/ELDON2_Data/Week16\ELDON2_20250428_061902.wav,20250428
1239,1242,Sturnella magna,Eastern Meadowlark,0.4242,D:/AcousticMonitoringData/ELDON2_Data/Week16\ELDON2_20250428_061902.wav,20250428
1239,1242,Bartramia longicauda,Upland Sandpiper,0.0154,D:/AcousticMonitoringData/ELDON2_Data/Week16\ELDON2_20250428_061902.wav,20250428
1245,1248,Sturnella magna,Eastern Meadowlark,0.0871,D:/AcousticMonitoringData/ELDON2_Data/Week16\ELDON2_20250428_061902.wav,20250428
1245,1248,Passerina caerulea,Blue Grosbeak,0.0111,D:/AcousticMonitoringData/ELDON2_Data/Week16\ELDON2_20250428_061902.wav,20250428
1248,1251,Sturnella magna,Eastern Meadowlark,0.0687,D:/AcousticMonitoringData/ELDON2_Data/Week16\ELDON2_20250428_061902.wav,20250428
1248,1251,Spizella pusilla,Field Sparrow,0.0195,D:/AcousticMonitoringData/ELDON2_Data/Week16\ELDON2_20250428_061902.wav,20250428
1251,1254,Sturnella magna,Eastern Meadowlark,0.011,D:/AcousticMonitoringData/ELDON2_Data/Week16\ELDON2_20250428_061902.wav,20250428
1254,1257,Sturnella magna,Eastern Meadowlark,0.1472,D:/AcousticMonitoringData/ELDON2_Data/Week16\ELDON2_20250428_061902.wav,20250428
1254,1257,Spizella pusilla,Field Sparrow,0.0578,D:/AcousticMonitoringData/ELDON2_Data/Week16\ELDON2_20250428_061902.wav,20250428
1254,1257,Geothlypis trichas,Common Yellowthroat,0.0244,D:/AcousticMonitoringData/ELDON2_Data/Week16\ELDON2_20250428_061902.wav,20250428
1254,1257,Melospiza melodia,Song Sparrow,0.0235,D:/AcousticMonitoringData/ELDON2_Data/Week16\ELDON2_20250428_061902.wav,20250428
1257,1260,Sturnella magna,Eastern Meadowlark,0.2255,D:/AcousticMonitoringData/ELDON2_Data/Week16\ELDON2_20250428_061902.wav,20250428
1260,1263,Sturnella magna,Eastern Meadowlark,0.0786,D:/AcousticMonitoringData/ELDON2_Data/Week16\ELDON2_20250428_061902.wav,20250428
1263,1266,Sturnella magna,Eastern Meadowlark,0.2274,D:/AcousticMonitoringData/ELDON2_Data/Week16\ELDON2_20250428_061902.wav,20250428
1263,1266,Spizella pusilla,Field Sparrow,0.0148,D:/AcousticMonitoringData/ELDON2_Data/Week16\ELDON2_20250428_061902.wav,20250428
1263,1266,Passerina caerulea,Blue Grosbeak,0.0127,D:/AcousticMonitoringData/ELDON2_Data/Week16\ELDON2_20250428_061902.wav,20250428
1266,1269,Sturnella magna,Eastern Meadowlark,0.0396,D:/AcousticMonitoringData/ELDON2_Data/Week16\ELDON2_20250428_061902.wav,20250428
1266,1269,Geothlypis trichas,Common Yellowthroat,0.0256,D:/AcousticMonitoringData/ELDON2_Data/Week16\ELDON2_20250428_061902.wav,20250428
1266,1269,Melospiza melodia,Song Sparrow,0.0152,D:/AcousticMonitoringData/ELDON2_Data/Week16\ELDON2_20250428_061902.wav,20250428
1269,1272,Sturnella magna,Eastern Meadowlark,0.2035,D:/AcousticMonitoringData/ELDON2_Data/Week16\ELDON2_20250428_061902.wav,20250428
1269,1272,Melospiza melodia,Song Sparrow,0.0134,D:/AcousticMonitoringData/ELDON2_Data/Week16\ELDON2_20250428_061902.wav,20250428
1269,1272,Geothlypis trichas,Common Yellowthroat,0.0119,D:/AcousticMonitoringData/ELDON2_Data/Week16\ELDON2_20250428_061902.wav,20250428
1269,1272,Spizella pusilla,Field Sparrow,0.0113,D:/AcousticMonitoringData/ELDON2_Data/Week16\ELDON2_20250428_061902.wav,20250428
1272,1275,Sturnella magna,Eastern Meadowlark,0.3102,D:/AcousticMonitoringData/ELDON2_Data/Week16\ELDON2_20250428_061902.wav,20250428
1272,1275,Spizella pusilla,Field Sparrow,0.0117,D:/AcousticMonitoringData/ELDON2_Data/Week16\ELDON2_20250428_061902.wav,20250428
1275,1278,Sturnella magna,Eastern Meadowlark,0.0706,D:/AcousticMonitoringData/ELDON2_Data/Week16\ELDON2_20250428_061902.wav,20250428
1275,1278,Bartramia longicauda,Upland Sandpiper,0.0411,D:/AcousticMonitoringData/ELDON2_Data/Week16\ELDON2_20250428_061902.wav,20250428
1278,1281,Sturnella magna,Eastern Meadowlark,0.0605,D:/AcousticMonitoringData/ELDON2_Data/Week16\ELDON2_20250428_061902.wav,20250428
1281,1284,Sturnella magna,Eastern Meadowlark,0.1936,D:/AcousticMonitoringData/ELDON2_Data/Week16\ELDON2_20250428_061902.wav,20250428
1281,1284,Bartramia longicauda,Upland Sandpiper,0.0173,D:/AcousticMonitoringData/ELDON2_Data/Week16\ELDON2_20250428_061902.wav,20250428
1284,1287,Sturnella magna,Eastern Meadowlark,0.0452,D:/AcousticMonitoringData/ELDON2_Data/Week16\ELDON2_20250428_061902.wav,20250428
1284,1287,Bartramia longicauda,Upland Sandpiper,0.0199,D:/AcousticMonitoringData/ELDON2_Data/Week16\ELDON2_20250428_061902.wav,20250428
1287,1290,Sturnella magna,Eastern Meadowlark,0.0567,D:/AcousticMonitoringData/ELDON2_Data/Week16\ELDON2_20250428_061902.wav,20250428
1287,1290,Passerina caerulea,Blue Grosbeak,0.0109,D:/AcousticMonitoringData/ELDON2_Data/Week16\ELDON2_20250428_061902.wav,20250428
1290,1293,Sturnella magna,Eastern Meadowlark,0.0403,D:/AcousticMonitoringData/ELDON2_Data/Week16\ELDON2_20250428_061902.wav,20250428
1293,1296,Sturnella magna,Eastern Meadowlark,0.8021,D:/AcousticMonitoringData/ELDON2_Data/Week16\ELDON2_20250428_061902.wav,20250428
1296,1299,Sturnella magna,Eastern Meadowlark,0.1054,D:/AcousticMonitoringData/ELDON2_Data/Week16\ELDON2_20250428_061902.wav,20250428
1299,1302,Sturnella magna,Eastern Meadowlark,0.0195,D:/AcousticMonitoringData/ELDON2_Data/Week16\ELDON2_20250428_061902.wav,20250428
1302,1305,Sturnella magna,Eastern Meadowlark,0.2912,D:/AcousticMonitoringData/ELDON2_Data/Week16\ELDON2_20250428_061902.wav,20250428
1302,1305,Spizella pusilla,Field Sparrow,0.014,D:/AcousticMonitoringData/ELDON2_Data/Week16\ELDON2_20250428_061902.wav,20250428
1305,1308,Geothlypis trichas,Common Yellowthroat,0.0846,D:/AcousticMonitoringData/ELDON2_Data/Week16\ELDON2_20250428_061902.wav,20250428
1305,1308,Sturnella magna,Eastern Meadowlark,0.0342,D:/AcousticMonitoringData/ELDON2_Data/Week16\ELDON2_20250428_061902.wav,20250428
1305,1308,Spizella pusilla,Field Sparrow,0.0306,D:/AcousticMonitoringData/ELDON2_Data/Week16\ELDON2_20250428_061902.wav,20250428
1305,1308,Melospiza melodia,Song Sparrow,0.0161,D:/AcousticMonitoringData/ELDON2_Data/Week16\ELDON2_20250428_061902.wav,20250428
1305,1308,Passerina caerulea,Blue Grosbeak,0.0125,D:/AcousticMonitoringData/ELDON2_Data/Week16\ELDON2_20250428_061902.wav,20250428
1308,1311,Sturnella magna,Eastern Meadowlark,0.0553,D:/AcousticMonitoringData/ELDON2_Data/Week16\ELDON2_20250428_061902.wav,20250428
1308,1311,Bartramia longicauda,Upland Sandpiper,0.0244,D:/AcousticMonitoringData/ELDON2_Data/Week16\ELDON2_20250428_061902.wav,20250428
1308,1311,Geothlypis trichas,Common Yellowthroat,0.0157,D:/AcousticMonitoringData/ELDON2_Data/Week16\ELDON2_20250428_061902.wav,20250428
1311,1314,Sturnella magna,Eastern Meadowlark,0.1827,D:/AcousticMonitoringData/ELDON2_Data/Week16\ELDON2_20250428_061902.wav,20250428
1314,1317,Sturnella magna,Eastern Meadowlark,0.0188,D:/AcousticMonitoringData/ELDON2_Data/Week16\ELDON2_20250428_061902.wav,20250428
1317,1320,Sturnella magna,Eastern Meadowlark,0.0166,D:/AcousticMonitoringData/ELDON2_Data/Week16\ELDON2_20250428_061902.wav,20250428
1317,1320,Spizella pusilla,Field Sparrow,0.0108,D:/AcousticMonitoringData/ELDON2_Data/Week16\ELDON2_20250428_061902.wav,20250428
1320,1323,Sturnella magna,Eastern Meadowlark,0.0769,D:/AcousticMonitoringData/ELDON2_Data/Week16\ELDON2_20250428_061902.wav,20250428
1320,1323,Bartramia longicauda,Upland Sandpiper,0.0135,D:/AcousticMonitoringData/ELDON2_Data/Week16\ELDON2_20250428_061902.wav,20250428
1326,1329,Sturnella magna,Eastern Meadowlark,0.0171,D:/AcousticMonitoringData/ELDON2_Data/Week16\ELDON2_20250428_061902.wav,20250428
1329,1332,Sturnella magna,Eastern Meadowlark,0.0269,D:/AcousticMonitoringData/ELDON2_Data/Week16\ELDON2_20250428_061902.wav,20250428
1329,1332,Bartramia longicauda,Upland Sandpiper,0.0112,D:/AcousticMonitoringData/ELDON2_Data/Week16\ELDON2_20250428_061902.wav,20250428
1332,1335,Sturnella magna,Eastern Meadowlark,0.0544,D:/AcousticMonitoringData/ELDON2_Data/Week16\ELDON2_20250428_061902.wav,20250428
1335,1338,Sturnella magna,Eastern Meadowlark,0.0262,D:/AcousticMonitoringData/ELDON2_Data/Week16\ELDON2_20250428_061902.wav,20250428
1335,1338,Bartramia longicauda,Upland Sandpiper,0.0164,D:/AcousticMonitoringData/ELDON2_Data/Week16\ELDON2_20250428_061902.wav,20250428
1338,1341,Sturnella magna,Eastern Meadowlark,0.0273,D:/AcousticMonitoringData/ELDON2_Data/Week16\ELDON2_20250428_061902.wav,20250428
1338,1341,Geothlypis trichas,Common Yellowthroat,0.0236,D:/AcousticMonitoringData/ELDON2_Data/Week16\ELDON2_20250428_061902.wav,20250428
1338,1341,Spizella pusilla,Field Sparrow,0.014,D:/AcousticMonitoringData/ELDON2_Data/Week16\ELDON2_20250428_061902.wav,20250428
1341,1344,Geothlypis trichas,Common Yellowthroat,0.0123,D:/AcousticMonitoringData/ELDON2_Data/Week16\ELDON2_20250428_061902.wav,20250428
1341,1344,Melospiza melodia,Song Sparrow,0.011,D:/AcousticMonitoringData/ELDON2_Data/Week16\ELDON2_20250428_061902.wav,20250428
1344,1347,Sturnella magna,Eastern Meadowlark,0.2164,D:/AcousticMonitoringData/ELDON2_Data/Week16\ELDON2_20250428_061902.wav,20250428
1347,1350,Sturnella magna,Eastern Meadowlark,0.0212,D:/AcousticMonitoringData/ELDON2_Data/Week16\ELDON2_20250428_061902.wav,20250428
1350,1353,Geothlypis trichas,Common Yellowthroat,0.0111,D:/AcousticMonitoringData/ELDON2_Data/Week16\ELDON2_20250428_061902.wav,20250428
1353,1356,Sturnella magna,Eastern Meadowlark,0.08,D:/AcousticMonitoringData/ELDON2_Data/Week16\ELDON2_20250428_061902.wav,20250428
1356,1359,Sturnella magna,Eastern Meadowlark,0.0197,D:/AcousticMonitoringData/ELDON2_Data/Week16\ELDON2_20250428_061902.wav,20250428
1359,1362,Sturnella magna,Eastern Meadowlark,0.0238,D:/AcousticMonitoringData/ELDON2_Data/Week16\ELDON2_20250428_061902.wav,20250428
1359,1362,Spizella pusilla,Field Sparrow,0.011,D:/AcousticMonitoringData/ELDON2_Data/Week16\ELDON2_20250428_061902.wav,20250428
1362,1365,Sturnella magna,Eastern Meadowlark,0.0512,D:/AcousticMonitoringData/ELDON2_Data/Week16\ELDON2_20250428_061902.wav,20250428
1365,1368,Sturnella magna,Eastern Meadowlark,0.0137,D:/AcousticMonitoringData/ELDON2_Data/Week16\ELDON2_20250428_061902.wav,20250428
1368,1371,Sturnella magna,Eastern Meadowlark,0.2315,D:/AcousticMonitoringData/ELDON2_Data/Week16\ELDON2_20250428_061902.wav,20250428
1368,1371,Bartramia longicauda,Upland Sandpiper,0.0178,D:/AcousticMonitoringData/ELDON2_Data/Week16\ELDON2_20250428_061902.wav,20250428
1371,1374,Sturnella magna,Eastern Meadowlark,0.0945,D:/AcousticMonitoringData/ELDON2_Data/Week16\ELDON2_20250428_061902.wav,20250428
1374,1377,Sturnella magna,Eastern Meadowlark,0.0459,D:/AcousticMonitoringData/ELDON2_Data/Week16\ELDON2_20250428_061902.wav,20250428
1374,1377,Bartramia longicauda,Upland Sandpiper,0.0272,D:/AcousticMonitoringData/ELDON2_Data/Week16\ELDON2_20250428_061902.wav,20250428
1377,1380,Bartramia longicauda,Upland Sandpiper,0.0107,D:/AcousticMonitoringData/ELDON2_Data/Week16\ELDON2_20250428_061902.wav,20250428
1380,1383,Sturnella magna,Eastern Meadowlark,0.015,D:/AcousticMonitoringData/ELDON2_Data/Week16\ELDON2_20250428_061902.wav,20250428
1383,1386,Sturnella magna,Eastern Meadowlark,0.469,D:/AcousticMonitoringData/ELDON2_Data/Week16\ELDON2_20250428_061902.wav,20250428
1386,1389,Sturnella magna,Eastern Meadowlark,0.148,D:/AcousticMonitoringData/ELDON2_Data/Week16\ELDON2_20250428_061902.wav,20250428
1386,1389,Bartramia longicauda,Upland Sandpiper,0.0159,D:/AcousticMonitoringData/ELDON2_Data/Week16\ELDON2_20250428_061902.wav,20250428
1392,1395,Sturnella magna,Eastern Meadowlark,0.1841,D:/AcousticMonitoringData/ELDON2_Data/Week16\ELDON2_20250428_061902.wav,20250428
1395,1398,Sturnella magna,Eastern Meadowlark,0.0127,D:/AcousticMonitoringData/ELDON2_Data/Week16\ELDON2_20250428_061902.wav,20250428
1395,1398,Geothlypis trichas,Common Yellowthroat,0.0124,D:/AcousticMonitoringData/ELDON2_Data/Week16\ELDON2_20250428_061902.wav,20250428
1398,1401,Sturnella magna,Eastern Meadowlark,0.0103,D:/AcousticMonitoringData/ELDON2_Data/Week16\ELDON2_20250428_061902.wav,20250428
1401,1404,Sturnella magna,Eastern Meadowlark,0.0438,D:/AcousticMonitoringData/ELDON2_Data/Week16\ELDON2_20250428_061902.wav,20250428
1401,1404,Bartramia longicauda,Upland Sandpiper,0.0215,D:/AcousticMonitoringData/ELDON2_Data/Week16\ELDON2_20250428_061902.wav,20250428
1404,1407,Sturnella magna,Eastern Meadowlark,0.6699,D:/AcousticMonitoringData/ELDON2_Data/Week16\ELDON2_20250428_061902.wav,20250428
1404,1407,Bartramia longicauda,Upland Sandpiper,0.0135,D:/AcousticMonitoringData/ELDON2_Data/Week16\ELDON2_20250428_061902.wav,20250428
1407,1410,Sturnella magna,Eastern Meadowlark,0.0671,D:/AcousticMonitoringData/ELDON2_Data/Week16\ELDON2_20250428_061902.wav,20250428
1407,1410,Spizella pusilla,Field Sparrow,0.0112,D:/AcousticMonitoringData/ELDON2_Data/Week16\ELDON2_20250428_061902.wav,20250428
1410,1413,Sturnella magna,Eastern Meadowlark,0.9557,D:/AcousticMonitoringData/ELDON2_Data/Week16\ELDON2_20250428_061902.wav,20250428
1413,1416,Sturnella magna,Eastern Meadowlark,0.7088,D:/AcousticMonitoringData/ELDON2_Data/Week16\ELDON2_20250428_061902.wav,20250428
1416,1419,Sturnella magna,Eastern Meadowlark,0.3803,D:/AcousticMonitoringData/ELDON2_Data/Week16\ELDON2_20250428_061902.wav,20250428
1416,1419,Passerina caerulea,Blue Grosbeak,0.0208,D:/AcousticMonitoringData/ELDON2_Data/Week16\ELDON2_20250428_061902.wav,20250428
1419,1422,Sturnella magna,Eastern Meadowlark,0.9878,D:/AcousticMonitoringData/ELDON2_Data/Week16\ELDON2_20250428_061902.wav,20250428
1422,1425,Sturnella magna,Eastern Meadowlark,0.2611,D:/AcousticMonitoringData/ELDON2_Data/Week16\ELDON2_20250428_061902.wav,20250428
1425,1428,Sturnella magna,Eastern Meadowlark,0.386,D:/AcousticMonitoringData/ELDON2_Data/Week16\ELDON2_20250428_061902.wav,20250428
1428,1431,Sturnella magna,Eastern Meadowlark,0.9957,D:/AcousticMonitoringData/ELDON2_Data/Week16\ELDON2_20250428_061902.wav,20250428
1431,1434,Sturnella magna,Eastern Meadowlark,0.5275,D:/AcousticMonitoringData/ELDON2_Data/Week16\ELDON2_20250428_061902.wav,20250428
1434,1437,Sturnella magna,Eastern Meadowlark,0.0121,D:/AcousticMonitoringData/ELDON2_Data/Week16\ELDON2_20250428_061902.wav,20250428
1437,1440,Sturnella magna,Eastern Meadowlark,0.0893,D:/AcousticMonitoringData/ELDON2_Data/Week16\ELDON2_20250428_061902.wav,20250428
1437,1440,Bartramia longicauda,Upland Sandpiper,0.0375,D:/AcousticMonitoringData/ELDON2_Data/Week16\ELDON2_20250428_061902.wav,20250428
1437,1440,Melospiza melodia,Song Sparrow,0.011,D:/AcousticMonitoringData/ELDON2_Data/Week16\ELDON2_20250428_061902.wav,20250428
1440,1443,Sturnella magna,Eastern Meadowlark,0.6301,D:/AcousticMonitoringData/ELDON2_Data/Week16\ELDON2_20250428_061902.wav,20250428
1440,1443,Passerina caerulea,Blue Grosbeak,0.0152,D:/AcousticMonitoringData/ELDON2_Data/Week16\ELDON2_20250428_061902.wav,20250428
1440,1443,Spizella pusilla,Field Sparrow,0.0119,D:/AcousticMonitoringData/ELDON2_Data/Week16\ELDON2_20250428_061902.wav,20250428
1440,1443,Geothlypis trichas,Common Yellowthroat,0.0104,D:/AcousticMonitoringData/ELDON2_Data/Week16\ELDON2_20250428_061902.wav,20250428
1443,1446,Sturnella magna,Eastern Meadowlark,0.1322,D:/AcousticMonitoringData/ELDON2_Data/Week16\ELDON2_20250428_061902.wav,20250428
1446,1449,Sturnella magna,Eastern Meadowlark,0.9837,D:/AcousticMonitoringData/ELDON2_Data/Week16\ELDON2_20250428_061902.wav,20250428
1449,1452,Sturnella magna,Eastern Meadowlark,0.592,D:/AcousticMonitoringData/ELDON2_Data/Week16\ELDON2_20250428_061902.wav,20250428
1452,1455,Sturnella magna,Eastern Meadowlark,0.8486,D:/AcousticMonitoringData/ELDON2_Data/Week16\ELDON2_20250428_061902.wav,20250428
1455,1458,Sturnella magna,Eastern Meadowlark,0.9947,D:/AcousticMonitoringData/ELDON2_Data/Week16\ELDON2_20250428_061902.wav,20250428
1458,1461,Sturnella magna,Eastern Meadowlark,0.0106,D:/AcousticMonitoringData/ELDON2_Data/Week16\ELDON2_20250428_061902.wav,20250428
1461,1464,Geothlypis trichas,Common Yellowthroat,0.0185,D:/AcousticMonitoringData/ELDON2_Data/Week16\ELDON2_20250428_061902.wav,20250428
1461,1464,Sturnella magna,Eastern Meadowlark,0.0128,D:/AcousticMonitoringData/ELDON2_Data/Week16\ELDON2_20250428_061902.wav,20250428
1464,1467,Sturnella magna,Eastern Meadowlark,0.6782,D:/AcousticMonitoringData/ELDON2_Data/Week16\ELDON2_20250428_061902.wav,20250428
1467,1470,Sturnella magna,Eastern Meadowlark,0.9884,D:/AcousticMonitoringData/ELDON2_Data/Week16\ELDON2_20250428_061902.wav,20250428
1470,1473,Sturnella magna,Eastern Meadowlark,0.9836,D:/AcousticMonitoringData/ELDON2_Data/Week16\ELDON2_20250428_061902.wav,20250428
1473,1476,Sturnella magna,Eastern Meadowlark,0.9576,D:/AcousticMonitoringData/ELDON2_Data/Week16\ELDON2_20250428_061902.wav,20250428
1473,1476,Passerina caerulea,Blue Grosbeak,0.01,D:/AcousticMonitoringData/ELDON2_Data/Week16\ELDON2_20250428_061902.wav,20250428
1476,1479,Sturnella magna,Eastern Meadowlark,0.0115,D:/AcousticMonitoringData/ELDON2_Data/Week16\ELDON2_20250428_061902.wav,20250428
1479,1482,Sturnella magna,Eastern Meadowlark,0.0568,D:/AcousticMonitoringData/ELDON2_Data/Week16\ELDON2_20250428_061902.wav,20250428
1479,1482,Bartramia longicauda,Upland Sandpiper,0.01,D:/AcousticMonitoringData/ELDON2_Data/Week16\ELDON2_20250428_061902.wav,20250428
1482,1485,Spizella pusilla,Field Sparrow,0.0294,D:/AcousticMonitoringData/ELDON2_Data/Week16\ELDON2_20250428_061902.wav,20250428
1482,1485,Geothlypis trichas,Common Yellowthroat,0.0216,D:/AcousticMonitoringData/ELDON2_Data/Week16\ELDON2_20250428_061902.wav,20250428
1482,1485,Sturnella magna,Eastern Meadowlark,0.0214,D:/AcousticMonitoringData/ELDON2_Data/Week16\ELDON2_20250428_061902.wav,20250428
1482,1485,Passerina caerulea,Blue Grosbeak,0.014,D:/AcousticMonitoringData/ELDON2_Data/Week16\ELDON2_20250428_061902.wav,20250428
1485,1488,Sturnella magna,Eastern Meadowlark,0.0164,D:/AcousticMonitoringData/ELDON2_Data/Week16\ELDON2_20250428_061902.wav,20250428
1485,1488,Bartramia longicauda,Upland Sandpiper,0.0138,D:/AcousticMonitoringData/ELDON2_Data/Week16\ELDON2_20250428_061902.wav,20250428
1491,1494,Sturnella magna,Eastern Meadowlark,0.0128,D:/AcousticMonitoringData/ELDON2_Data/Week16\ELDON2_20250428_061902.wav,20250428
1491,1494,Bartramia longicauda,Upland Sandpiper,0.0117,D:/AcousticMonitoringData/ELDON2_Data/Week16\ELDON2_20250428_061902.wav,20250428
1494,1497,Sturnella magna,Eastern Meadowlark,0.0928,D:/AcousticMonitoringData/ELDON2_Data/Week16\ELDON2_20250428_061902.wav,20250428
1494,1497,Geothlypis trichas,Common Yellowthroat,0.0107,D:/AcousticMonitoringData/ELDON2_Data/Week16\ELDON2_20250428_061902.wav,20250428
1497,1500,Sturnella magna,Eastern Meadowlark,0.1119,D:/AcousticMonitoringData/ELDON2_Data/Week16\ELDON2_20250428_061902.wav,20250428
1500,1503,Sturnella magna,Eastern Meadowlark,0.0238,D:/AcousticMonitoringData/ELDON2_Data/Week16\ELDON2_20250428_061902.wav,20250428
1503,1506,Sturnella magna,Eastern Meadowlark,0.0152,D:/AcousticMonitoringData/ELDON2_Data/Week16\ELDON2_20250428_061902.wav,20250428
1512,1515,Sturnella magna,Eastern Meadowlark,0.9578,D:/AcousticMonitoringData/ELDON2_Data/Week16\ELDON2_20250428_061902.wav,20250428
1515,1518,Sturnella magna,Eastern Meadowlark,0.6917,D:/AcousticMonitoringData/ELDON2_Data/Week16\ELDON2_20250428_061902.wav,20250428
1515,1518,Passerina caerulea,Blue Grosbeak,0.0154,D:/AcousticMonitoringData/ELDON2_Data/Week16\ELDON2_20250428_061902.wav,20250428
1518,1521,Sturnella magna,Eastern Meadowlark,0.0366,D:/AcousticMonitoringData/ELDON2_Data/Week16\ELDON2_20250428_061902.wav,20250428
1521,1524,Sturnella magna,Eastern Meadowlark,0.0152,D:/AcousticMonitoringData/ELDON2_Data/Week16\ELDON2_20250428_061902.wav,20250428
1521,1524,Passerina caerulea,Blue Grosbeak,0.0114,D:/AcousticMonitoringData/ELDON2_Data/Week16\ELDON2_20250428_061902.wav,20250428
1524,1527,Sturnella magna,Eastern Meadowlark,0.0284,D:/AcousticMonitoringData/ELDON2_Data/Week16\ELDON2_20250428_061902.wav,20250428
1524,1527,Bartramia longicauda,Upland Sandpiper,0.0156,D:/AcousticMonitoringData/ELDON2_Data/Week16\ELDON2_20250428_061902.wav,20250428
1530,1533,Sturnella magna,Eastern Meadowlark,0.0144,D:/AcousticMonitoringData/ELDON2_Data/Week16\ELDON2_20250428_061902.wav,20250428
1533,1536,Sturnella magna,Eastern Meadowlark,0.0106,D:/AcousticMonitoringData/ELDON2_Data/Week16\ELDON2_20250428_061902.wav,20250428
1536,1539,Sturnella magna,Eastern Meadowlark,0.0196,D:/AcousticMonitoringData/ELDON2_Data/Week16\ELDON2_20250428_061902.wav,20250428
1545,1548,Sturnella magna,Eastern Meadowlark,0.0286,D:/AcousticMonitoringData/ELDON2_Data/Week16\ELDON2_20250428_061902.wav,20250428
1548,1551,Sturnella magna,Eastern Meadowlark,0.0153,D:/AcousticMonitoringData/ELDON2_Data/Week16\ELDON2_20250428_061902.wav,20250428
1563,1566,Sturnella magna,Eastern Meadowlark,0.0183,D:/AcousticMonitoringData/ELDON2_Data/Week16\ELDON2_20250428_061902.wav,20250428
1563,1566,Passerina caerulea,Blue Grosbeak,0.0126,D:/AcousticMonitoringData/ELDON2_Data/Week16\ELDON2_20250428_061902.wav,20250428
1566,1569,Spizella pusilla,Field Sparrow,0.0224,D:/AcousticMonitoringData/ELDON2_Data/Week16\ELDON2_20250428_061902.wav,20250428
1566,1569,Sturnella magna,Eastern Meadowlark,0.0128,D:/AcousticMonitoringData/ELDON2_Data/Week16\ELDON2_20250428_061902.wav,20250428
1566,1569,Passerina caerulea,Blue Grosbeak,0.0113,D:/AcousticMonitoringData/ELDON2_Data/Week16\ELDON2_20250428_061902.wav,20250428
1566,1569,Geothlypis trichas,Common Yellowthroat,0.0103,D:/AcousticMonitoringData/ELDON2_Data/Week16\ELDON2_20250428_061902.wav,20250428
1569,1572,Sturnella magna,Eastern Meadowlark,0.0319,D:/AcousticMonitoringData/ELDON2_Data/Week16\ELDON2_20250428_061902.wav,20250428
1572,1575,Sturnella magna,Eastern Meadowlark,0.0147,D:/AcousticMonitoringData/ELDON2_Data/Week16\ELDON2_20250428_061902.wav,20250428
1575,1578,Sturnella magna,Eastern Meadowlark,0.0203,D:/AcousticMonitoringData/ELDON2_Data/Week16\ELDON2_20250428_061902.wav,20250428
1575,1578,Geothlypis trichas,Common Yellowthroat,0.0108,D:/AcousticMonitoringData/ELDON2_Data/Week16\ELDON2_20250428_061902.wav,20250428
1578,1581,Sturnella magna,Eastern Meadowlark,0.9888,D:/AcousticMonitoringData/ELDON2_Data/Week16\ELDON2_20250428_061902.wav,20250428
1578,1581,Passerina caerulea,Blue Grosbeak,0.0278,D:/AcousticMonitoringData/ELDON2_Data/Week16\ELDON2_20250428_061902.wav,20250428
1581,1584,Sturnella magna,Eastern Meadowlark,0.8292,D:/AcousticMonitoringData/ELDON2_Data/Week16\ELDON2_20250428_061902.wav,20250428
1584,1587,Sturnella magna,Eastern Meadowlark,0.0131,D:/AcousticMonitoringData/ELDON2_Data/Week16\ELDON2_20250428_061902.wav,20250428
1587,1590,Sturnella magna,Eastern Meadowlark,0.0121,D:/AcousticMonitoringData/ELDON2_Data/Week16\ELDON2_20250428_061902.wav,20250428
1590,1593,Sturnella magna,Eastern Meadowlark,0.0348,D:/AcousticMonitoringData/ELDON2_Data/Week16\ELDON2_20250428_061902.wav,20250428
1593,1596,Sturnella magna,Eastern Meadowlark,0.8696,D:/AcousticMonitoringData/ELDON2_Data/Week16\ELDON2_20250428_061902.wav,20250428
1596,1599,Sturnella magna,Eastern Meadowlark,0.6685,D:/AcousticMonitoringData/ELDON2_Data/Week16\ELDON2_20250428_061902.wav,20250428
1596,1599,Passerina caerulea,Blue Grosbeak,0.2403,D:/AcousticMonitoringData/ELDON2_Data/Week16\ELDON2_20250428_061902.wav,20250428
1605,1608,Sturnella magna,Eastern Meadowlark,0.0129,D:/AcousticMonitoringData/ELDON2_Data/Week16\ELDON2_20250428_061902.wav,20250428
1614,1617,Sturnella magna,Eastern Meadowlark,0.0244,D:/AcousticMonitoringData/ELDON2_Data/Week16\ELDON2_20250428_061902.wav,20250428
1623,1626,Sturnella magna,Eastern Meadowlark,0.0193,D:/AcousticMonitoringData/ELDON2_Data/Week16\ELDON2_20250428_061902.wav,20250428
1626,1629,Sturnella magna,Eastern Meadowlark,0.0387,D:/AcousticMonitoringData/ELDON2_Data/Week16\ELDON2_20250428_061902.wav,20250428
1629,1632,Sturnella magna,Eastern Meadowlark,0.0125,D:/AcousticMonitoringData/ELDON2_Data/Week16\ELDON2_20250428_061902.wav,20250428
1635,1638,Sturnella magna,Eastern Meadowlark,0.8105,D:/AcousticMonitoringData/ELDON2_Data/Week16\ELDON2_20250428_061902.wav,20250428
1635,1638,Passerina caerulea,Blue Grosbeak,0.0205,D:/AcousticMonitoringData/ELDON2_Data/Week16\ELDON2_20250428_061902.wav,20250428
1638,1641,Sturnella magna,Eastern Meadowlark,0.7921,D:/AcousticMonitoringData/ELDON2_Data/Week16\ELDON2_20250428_061902.wav,20250428
1638,1641,Passerina caerulea,Blue Grosbeak,0.0167,D:/AcousticMonitoringData/ELDON2_Data/Week16\ELDON2_20250428_061902.wav,20250428
1638,1641,Bartramia longicauda,Upland Sandpiper,0.0102,D:/AcousticMonitoringData/ELDON2_Data/Week16\ELDON2_20250428_061902.wav,20250428
1650,1653,Sturnella magna,Eastern Meadowlark,0.0108,D:/AcousticMonitoringData/ELDON2_Data/Week16\ELDON2_20250428_061902.wav,20250428
1653,1656,Sturnella magna,Eastern Meadowlark,0.0188,D:/AcousticMonitoringData/ELDON2_Data/Week16\ELDON2_20250428_061902.wav,20250428
1656,1659,Sturnella magna,Eastern Meadowlark,0.0672,D:/AcousticMonitoringData/ELDON2_Data/Week16\ELDON2_20250428_061902.wav,20250428
1659,1662,Sturnella magna,Eastern Meadowlark,0.016,D:/AcousticMonitoringData/ELDON2_Data/Week16\ELDON2_20250428_061902.wav,20250428
1662,1665,Geothlypis trichas,Common Yellowthroat,0.0401,D:/AcousticMonitoringData/ELDON2_Data/Week16\ELDON2_20250428_061902.wav,20250428
1662,1665,Sturnella magna,Eastern Meadowlark,0.0249,D:/AcousticMonitoringData/ELDON2_Data/Week16\ELDON2_20250428_061902.wav,20250428
1662,1665,Melospiza melodia,Song Sparrow,0.0147,D:/AcousticMonitoringData/ELDON2_Data/Week16\ELDON2_20250428_061902.wav,20250428
1668,1671,Spizella pusilla,Field Sparrow,0.0533,D:/AcousticMonitoringData/ELDON2_Data/Week16\ELDON2_20250428_061902.wav,20250428
1668,1671,Sturnella magna,Eastern Meadowlark,0.0527,D:/AcousticMonitoringData/ELDON2_Data/Week16\ELDON2_20250428_061902.wav,20250428
1668,1671,Geothlypis trichas,Common Yellowthroat,0.0244,D:/AcousticMonitoringData/ELDON2_Data/Week16\ELDON2_20250428_061902.wav,20250428
1668,1671,Melospiza melodia,Song Sparrow,0.0159,D:/AcousticMonitoringData/ELDON2_Data/Week16\ELDON2_20250428_061902.wav,20250428
1671,1674,Sturnella magna,Eastern Meadowlark,0.0187,D:/AcousticMonitoringData/ELDON2_Data/Week16\ELDON2_20250428_061902.wav,20250428
1674,1677,Sturnella magna,Eastern Meadowlark,0.0977,D:/AcousticMonitoringData/ELDON2_Data/Week16\ELDON2_20250428_061902.wav,20250428
1677,1680,Sturnella magna,Eastern Meadowlark,0.1401,D:/AcousticMonitoringData/ELDON2_Data/Week16\ELDON2_20250428_061902.wav,20250428
1677,1680,Spizella pusilla,Field Sparrow,0.0154,D:/AcousticMonitoringData/ELDON2_Data/Week16\ELDON2_20250428_061902.wav,20250428
1680,1683,Sturnella magna,Eastern Meadowlark,0.0735,D:/AcousticMonitoringData/ELDON2_Data/Week16\ELDON2_20250428_061902.wav,20250428
1683,1686,Sturnella magna,Eastern Meadowlark,0.0874,D:/AcousticMonitoringData/ELDON2_Data/Week16\ELDON2_20250428_061902.wav,20250428
1686,1689,Sturnella magna,Eastern Meadowlark,0.0118,D:/AcousticMonitoringData/ELDON2_Data/Week16\ELDON2_20250428_061902.wav,20250428
1689,1692,Sturnella magna,Eastern Meadowlark,0.846,D:/AcousticMonitoringData/ELDON2_Data/Week16\ELDON2_20250428_061902.wav,20250428
1692,1695,Sturnella magna,Eastern Meadowlark,0.9803,D:/AcousticMonitoringData/ELDON2_Data/Week16\ELDON2_20250428_061902.wav,20250428
1692,1695,Passerina caerulea,Blue Grosbeak,0.0203,D:/AcousticMonitoringData/ELDON2_Data/Week16\ELDON2_20250428_061902.wav,20250428
1695,1698,Sturnella magna,Eastern Meadowlark,0.032,D:/AcousticMonitoringData/ELDON2_Data/Week16\ELDON2_20250428_061902.wav,20250428
1704,1707,Sturnella magna,Eastern Meadowlark,0.0149,D:/AcousticMonitoringData/ELDON2_Data/Week16\ELDON2_20250428_061902.wav,20250428
1710,1713,Sturnella magna,Eastern Meadowlark,0.022,D:/AcousticMonitoringData/ELDON2_Data/Week16\ELDON2_20250428_061902.wav,20250428
1725,1728,Sturnella magna,Eastern Meadowlark,0.0153,D:/AcousticMonitoringData/ELDON2_Data/Week16\ELDON2_20250428_061902.wav,20250428
1728,1731,Melospiza melodia,Song Sparrow,0.0197,D:/AcousticMonitoringData/ELDON2_Data/Week16\ELDON2_20250428_061902.wav,20250428
1728,1731,Geothlypis trichas,Common Yellowthroat,0.017,D:/AcousticMonitoringData/ELDON2_Data/Week16\ELDON2_20250428_061902.wav,20250428
1728,1731,Sturnella magna,Eastern Meadowlark,0.0154,D:/AcousticMonitoringData/ELDON2_Data/Week16\ELDON2_20250428_061902.wav,20250428
1734,1737,Sturnella magna,Eastern Meadowlark,0.0167,D:/AcousticMonitoringData/ELDON2_Data/Week16\ELDON2_20250428_061902.wav,20250428
1737,1740,Sturnella magna,Eastern Meadowlark,0.0289,D:/AcousticMonitoringData/ELDON2_Data/Week16\ELDON2_20250428_061902.wav,20250428
1740,1743,Sturnella magna,Eastern Meadowlark,0.0254,D:/AcousticMonitoringData/ELDON2_Data/Week16\ELDON2_20250428_061902.wav,20250428
1740,1743,Bartramia longicauda,Upland Sandpiper,0.0216,D:/AcousticMonitoringData/ELDON2_Data/Week16\ELDON2_20250428_061902.wav,20250428
1743,1746,Sturnella magna,Eastern Meadowlark,0.1503,D:/AcousticMonitoringData/ELDON2_Data/Week16\ELDON2_20250428_061902.wav,20250428
1746,1749,Sturnella magna,Eastern Meadowlark,0.0274,D:/AcousticMonitoringData/ELDON2_Data/Week16\ELDON2_20250428_061902.wav,20250428
1749,1752,Sturnella magna,Eastern Meadowlark,0.0598,D:/AcousticMonitoringData/ELDON2_Data/Week16\ELDON2_20250428_061902.wav,20250428
1749,1752,Spizella pusilla,Field Sparrow,0.0139,D:/AcousticMonitoringData/ELDON2_Data/Week16\ELDON2_20250428_061902.wav,20250428
1752,1755,Sturnella magna,Eastern Meadowlark,0.2254,D:/AcousticMonitoringData/ELDON2_Data/Week16\ELDON2_20250428_061902.wav,20250428
1755,1758,Sturnella magna,Eastern Meadowlark,0.1551,D:/AcousticMonitoringData/ELDON2_Data/Week16\ELDON2_20250428_061902.wav,20250428
1758,1761,Sturnella magna,Eastern Meadowlark,0.0186,D:/AcousticMonitoringData/ELDON2_Data/Week16\ELDON2_20250428_061902.wav,20250428
1761,1764,Sturnella magna,Eastern Meadowlark,0.0193,D:/AcousticMonitoringData/ELDON2_Data/Week16\ELDON2_20250428_061902.wav,20250428
1764,1767,Sturnella magna,Eastern Meadowlark,0.6626,D:/AcousticMonitoringData/ELDON2_Data/Week16\ELDON2_20250428_061902.wav,20250428
1767,1770,Sturnella magna,Eastern Meadowlark,0.9602,D:/AcousticMonitoringData/ELDON2_Data/Week16\ELDON2_20250428_061902.wav,20250428
1770,1773,Geothlypis trichas,Common Yellowthroat,0.0122,D:/AcousticMonitoringData/ELDON2_Data/Week16\ELDON2_20250428_061902.wav,20250428
1773,1776,Sturnella magna,Eastern Meadowlark,0.0292,D:/AcousticMonitoringData/ELDON2_Data/Week16\ELDON2_20250428_061902.wav,20250428
1779,1782,Sturnella magna,Eastern Meadowlark,0.9863,D:/AcousticMonitoringData/ELDON2_Data/Week16\ELDON2_20250428_061902.wav,20250428
1782,1785,Sturnella magna,Eastern Meadowlark,0.0756,D:/AcousticMonitoringData/ELDON2_Data/Week16\ELDON2_20250428_061902.wav,20250428
1785,1788,Sturnella magna,Eastern Meadowlark,0.0358,D:/AcousticMonitoringData/ELDON2_Data/Week16\ELDON2_20250428_061902.wav,20250428
1788,1791,Sturnella magna,Eastern Meadowlark,0.9989,D:/AcousticMonitoringData/ELDON2_Data/Week16\ELDON2_20250428_061902.wav,20250428
1791,1794,Sturnella magna,Eastern Meadowlark,0.125,D:/AcousticMonitoringData/ELDON2_Data/Week16\ELDON2_20250428_061902.wav,20250428
1791,1794,Passerina caerulea,Blue Grosbeak,0.0145,D:/AcousticMonitoringData/ELDON2_Data/Week16\ELDON2_20250428_061902.wav,20250428
1794,1797,Sturnella magna,Eastern Meadowlark,0.9317,D:/AcousticMonitoringData/ELDON2_Data/Week16\ELDON2_20250428_061902.wav,20250428
1797,1800,Sturnella magna,Eastern Meadowlark,0.8441,D:/AcousticMonitoringData/ELDON2_Data/Week16\ELDON2_20250428_061902.wav,20250428
1800,1803,Sturnella magna,Eastern Meadowlark,0.177,D:/AcousticMonitoringData/ELDON2_Data/Week16\ELDON2_20250428_061902.wav,20250428
1800,1803,Eremophila alpestris,Horned Lark,0.0217,D:/AcousticMonitoringData/ELDON2_Data/Week16\ELDON2_20250428_061902.wav,20250428
1803,1806,Sturnella magna,Eastern Meadowlark,0.9923,D:/AcousticMonitoringData/ELDON2_Data/Week16\ELDON2_20250428_061902.wav,20250428
1809,1812,Sturnella magna,Eastern Meadowlark,0.9425,D:/AcousticMonitoringData/ELDON2_Data/Week16\ELDON2_20250428_061902.wav,20250428
1812,1815,Sturnella magna,Eastern Meadowlark,0.9699,D:/AcousticMonitoringData/ELDON2_Data/Week16\ELDON2_20250428_061902.wav,20250428
1818,1821,Geothlypis trichas,Common Yellowthroat,0.0294,D:/AcousticMonitoringData/ELDON2_Data/Week16\ELDON2_20250428_061902.wav,20250428
1818,1821,Sturnella magna,Eastern Meadowlark,0.0178,D:/AcousticMonitoringData/ELDON2_Data/Week16\ELDON2_20250428_061902.wav,20250428
1818,1821,Passerina caerulea,Blue Grosbeak,0.0137,D:/AcousticMonitoringData/ELDON2_Data/Week16\ELDON2_20250428_061902.wav,20250428
1821,1824,Sturnella magna,Eastern Meadowlark,0.9571,D:/AcousticMonitoringData/ELDON2_Data/Week16\ELDON2_20250428_061902.wav,20250428
1824,1827,Sturnella magna,Eastern Meadowlark,0.1799,D:/AcousticMonitoringData/ELDON2_Data/Week16\ELDON2_20250428_061902.wav,20250428
1824,1827,Bartramia longicauda,Upland Sandpiper,0.0244,D:/AcousticMonitoringData/ELDON2_Data/Week16\ELDON2_20250428_061902.wav,20250428
1824,1827,Spizella pusilla,Field Sparrow,0.0105,D:/AcousticMonitoringData/ELDON2_Data/Week16\ELDON2_20250428_061902.wav,20250428
1824,1827,Passerina caerulea,Blue Grosbeak,0.01,D:/AcousticMonitoringData/ELDON2_Data/Week16\ELDON2_20250428_061902.wav,20250428
1827,1830,Sturnella magna,Eastern Meadowlark,0.0517,D:/AcousticMonitoringData/ELDON2_Data/Week16\ELDON2_20250428_061902.wav,20250428
1830,1833,Geothlypis trichas,Common Yellowthroat,0.0174,D:/AcousticMonitoringData/ELDON2_Data/Week16\ELDON2_20250428_061902.wav,20250428
1830,1833,Sturnella magna,Eastern Meadowlark,0.0172,D:/AcousticMonitoringData/ELDON2_Data/Week16\ELDON2_20250428_061902.wav,20250428
1830,1833,Melospiza melodia,Song Sparrow,0.0142,D:/AcousticMonitoringData/ELDON2_Data/Week16\ELDON2_20250428_061902.wav,20250428
1833,1836,Sturnella magna,Eastern Meadowlark,0.0459,D:/AcousticMonitoringData/ELDON2_Data/Week16\ELDON2_20250428_061902.wav,20250428
1833,1836,Bartramia longicauda,Upland Sandpiper,0.0234,D:/AcousticMonitoringData/ELDON2_Data/Week16\ELDON2_20250428_061902.wav,20250428
1836,1839,Sturnella magna,Eastern Meadowlark,0.9846,D:/AcousticMonitoringData/ELDON2_Data/Week16\ELDON2_20250428_061902.wav,20250428
1839,1842,Geothlypis trichas,Common Yellowthroat,0.0178,D:/AcousticMonitoringData/ELDON2_Data/Week16\ELDON2_20250428_061902.wav,20250428
1839,1842,Sturnella magna,Eastern Meadowlark,0.016,D:/AcousticMonitoringData/ELDON2_Data/Week16\ELDON2_20250428_061902.wav,20250428
1839,1842,Spizella pusilla,Field Sparrow,0.0125,D:/AcousticMonitoringData/ELDON2_Data/Week16\ELDON2_20250428_061902.wav,20250428
1842,1845,Sturnella magna,Eastern Meadowlark,0.0335,D:/AcousticMonitoringData/ELDON2_Data/Week16\ELDON2_20250428_061902.wav,20250428
1845,1848,Sturnella magna,Eastern Meadowlark,0.0216,D:/AcousticMonitoringData/ELDON2_Data/Week16\ELDON2_20250428_061902.wav,20250428
1845,1848,Passerina caerulea,Blue Grosbeak,0.0113,D:/AcousticMonitoringData/ELDON2_Data/Week16\ELDON2_20250428_061902.wav,20250428
1848,1851,Sturnella magna,Eastern Meadowlark,0.0731,D:/AcousticMonitoringData/ELDON2_Data/Week16\ELDON2_20250428_061902.wav,20250428
1848,1851,Bartramia longicauda,Upland Sandpiper,0.0231,D:/AcousticMonitoringData/ELDON2_Data/Week16\ELDON2_20250428_061902.wav,20250428
1851,1854,Sturnella magna,Eastern Meadowlark,0.1389,D:/AcousticMonitoringData/ELDON2_Data/Week16\ELDON2_20250428_061902.wav,20250428
1854,1857,Geothlypis trichas,Common Yellowthroat,0.0159,D:/AcousticMonitoringData/ELDON2_Data/Week16\ELDON2_20250428_061902.wav,20250428
1854,1857,Sturnella magna,Eastern Meadowlark,0.0136,D:/AcousticMonitoringData/ELDON2_Data/Week16\ELDON2_20250428_061902.wav,20250428
1857,1860,Sturnella magna,Eastern Meadowlark,0.9952,D:/AcousticMonitoringData/ELDON2_Data/Week16\ELDON2_20250428_061902.wav,20250428
1860,1863,Sturnella magna,Eastern Meadowlark,0.632,D:/AcousticMonitoringData/ELDON2_Data/Week16\ELDON2_20250428_061902.wav,20250428
1863,1866,Sturnella magna,Eastern Meadowlark,0.0304,D:/AcousticMonitoringData/ELDON2_Data/Week16\ELDON2_20250428_061902.wav,20250428
1866,1869,Sturnella magna,Eastern Meadowlark,0.984,D:/AcousticMonitoringData/ELDON2_Data/Week16\ELDON2_20250428_061902.wav,20250428
1869,1872,Sturnella magna,Eastern Meadowlark,0.0247,D:/AcousticMonitoringData/ELDON2_Data/Week16\ELDON2_20250428_061902.wav,20250428
1872,1875,Sturnella magna,Eastern Meadowlark,0.0355,D:/AcousticMonitoringData/ELDON2_Data/Week16\ELDON2_20250428_061902.wav,20250428
1872,1875,Passerina caerulea,Blue Grosbeak,0.0102,D:/AcousticMonitoringData/ELDON2_Data/Week16\ELDON2_20250428_061902.wav,20250428
1875,1878,Sturnella magna,Eastern Meadowlark,0.9848,D:/AcousticMonitoringData/ELDON2_Data/Week16\ELDON2_20250428_061902.wav,20250428
1878,1881,Geothlypis trichas,Common Yellowthroat,0.0175,D:/AcousticMonitoringData/ELDON2_Data/Week16\ELDON2_20250428_061902.wav,20250428
1881,1884,Sturnella magna,Eastern Meadowlark,0.9913,D:/AcousticMonitoringData/ELDON2_Data/Week16\ELDON2_20250428_061902.wav,20250428
1884,1887,Sturnella magna,Eastern Meadowlark,0.0161,D:/AcousticMonitoringData/ELDON2_Data/Week16\ELDON2_20250428_061902.wav,20250428
1887,1890,Geothlypis trichas,Common Yellowthroat,0.0227,D:/AcousticMonitoringData/ELDON2_Data/Week16\ELDON2_20250428_061902.wav,20250428
1887,1890,Melospiza melodia,Song Sparrow,0.0128,D:/AcousticMonitoringData/ELDON2_Data/Week16\ELDON2_20250428_061902.wav,20250428
1890,1893,Sturnella magna,Eastern Meadowlark,0.9357,D:/AcousticMonitoringData/ELDON2_Data/Week16\ELDON2_20250428_061902.wav,20250428
1893,1896,Sturnella magna,Eastern Meadowlark,0.5534,D:/AcousticMonitoringData/ELDON2_Data/Week16\ELDON2_20250428_061902.wav,20250428
1896,1899,Sturnella magna,Eastern Meadowlark,0.0141,D:/AcousticMonitoringData/ELDON2_Data/Week16\ELDON2_20250428_061902.wav,20250428
1899,1902,Sturnella magna,Eastern Meadowlark,0.0587,D:/AcousticMonitoringData/ELDON2_Data/Week16\ELDON2_20250428_061902.wav,20250428
1902,1905,Spizella pusilla,Field Sparrow,0.0183,D:/AcousticMonitoringData/ELDON2_Data/Week16\ELDON2_20250428_061902.wav,20250428
1902,1905,Sturnella magna,Eastern Meadowlark,0.0137,D:/AcousticMonitoringData/ELDON2_Data/Week16\ELDON2_20250428_061902.wav,20250428
1905,1908,Bartramia longicauda,Upland Sandpiper,0.0445,D:/AcousticMonitoringData/ELDON2_Data/Week16\ELDON2_20250428_061902.wav,20250428
1908,1911,Sturnella magna,Eastern Meadowlark,0.1822,D:/AcousticMonitoringData/ELDON2_Data/Week16\ELDON2_20250428_061902.wav,20250428
1908,1911,Spizella pusilla,Field Sparrow,0.0531,D:/AcousticMonitoringData/ELDON2_Data/Week16\ELDON2_20250428_061902.wav,20250428
1908,1911,Bartramia longicauda,Upland Sandpiper,0.0291,D:/AcousticMonitoringData/ELDON2_Data/Week16\ELDON2_20250428_061902.wav,20250428
1914,1917,Sturnella magna,Eastern Meadowlark,0.0665,D:/AcousticMonitoringData/ELDON2_Data/Week16\ELDON2_20250428_061902.wav,20250428
1914,1917,Spizella pusilla,Field Sparrow,0.0159,D:/AcousticMonitoringData/ELDON2_Data/Week16\ELDON2_20250428_061902.wav,20250428
1914,1917,Bartramia longicauda,Upland Sandpiper,0.012,D:/AcousticMonitoringData/ELDON2_Data/Week16\ELDON2_20250428_061902.wav,20250428
1917,1920,Sturnella magna,Eastern Meadowlark,0.1079,D:/AcousticMonitoringData/ELDON2_Data/Week16\ELDON2_20250428_061902.wav,20250428
1917,1920,Bartramia longicauda,Upland Sandpiper,0.0139,D:/AcousticMonitoringData/ELDON2_Data/Week16\ELDON2_20250428_061902.wav,20250428
1920,1923,Sturnella magna,Eastern Meadowlark,0.0429,D:/AcousticMonitoringData/ELDON2_Data/Week16\ELDON2_20250428_061902.wav,20250428
1923,1926,Bartramia longicauda,Upland Sandpiper,0.0477,D:/AcousticMonitoringData/ELDON2_Data/Week16\ELDON2_20250428_061902.wav,20250428
1923,1926,Sturnella magna,Eastern Meadowlark,0.0458,D:/AcousticMonitoringData/ELDON2_Data/Week16\ELDON2_20250428_061902.wav,20250428
1926,1929,Melospiza melodia,Song Sparrow,0.0116,D:/AcousticMonitoringData/ELDON2_Data/Week16\ELDON2_20250428_061902.wav,20250428
1929,1932,Sturnella magna,Eastern Meadowlark,0.1118,D:/AcousticMonitoringData/ELDON2_Data/Week16\ELDON2_20250428_061902.wav,20250428
1929,1932,Melospiza melodia,Song Sparrow,0.0146,D:/AcousticMonitoringData/ELDON2_Data/Week16\ELDON2_20250428_061902.wav,20250428
1929,1932,Geothlypis trichas,Common Yellowthroat,0.0108,D:/AcousticMonitoringData/ELDON2_Data/Week16\ELDON2_20250428_061902.wav,20250428
1932,1935,Bartramia longicauda,Upland Sandpiper,0.0169,D:/AcousticMonitoringData/ELDON2_Data/Week16\ELDON2_20250428_061902.wav,20250428
1935,1938,Sturnella magna,Eastern Meadowlark,0.013,D:/AcousticMonitoringData/ELDON2_Data/Week16\ELDON2_20250428_061902.wav,20250428
1938,1941,Geothlypis trichas,Common Yellowthroat,0.0138,D:/AcousticMonitoringData/ELDON2_Data/Week16\ELDON2_20250428_061902.wav,20250428
1938,1941,Melospiza melodia,Song Sparrow,0.0135,D:/AcousticMonitoringData/ELDON2_Data/Week16\ELDON2_20250428_061902.wav,20250428
1941,1944,Bartramia longicauda,Upland Sandpiper,0.0109,D:/AcousticMonitoringData/ELDON2_Data/Week16\ELDON2_20250428_061902.wav,20250428
1944,1947,Sturnella magna,Eastern Meadowlark,0.1435,D:/AcousticMonitoringData/ELDON2_Data/Week16\ELDON2_20250428_061902.wav,20250428
1944,1947,Passerina caerulea,Blue Grosbeak,0.0117,D:/AcousticMonitoringData/ELDON2_Data/Week16\ELDON2_20250428_061902.wav,20250428
1947,1950,Geothlypis trichas,Common Yellowthroat,0.0213,D:/AcousticMonitoringData/ELDON2_Data/Week16\ELDON2_20250428_061902.wav,20250428
1947,1950,Passerina caerulea,Blue Grosbeak,0.0156,D:/AcousticMonitoringData/ELDON2_Data/Week16\ELDON2_20250428_061902.wav,20250428
1947,1950,Sturnella magna,Eastern Meadowlark,0.0139,D:/AcousticMonitoringData/ELDON2_Data/Week16\ELDON2_20250428_061902.wav,20250428
1950,1953,Sturnella magna,Eastern Meadowlark,0.0609,D:/AcousticMonitoringData/ELDON2_Data/Week16\ELDON2_20250428_061902.wav,20250428
1953,1956,Bartramia longicauda,Upland Sandpiper,0.0331,D:/AcousticMonitoringData/ELDON2_Data/Week16\ELDON2_20250428_061902.wav,20250428
1953,1956,Sturnella magna,Eastern Meadowlark,0.0308,D:/AcousticMonitoringData/ELDON2_Data/Week16\ELDON2_20250428_061902.wav,20250428
1956,1959,Sturnella magna,Eastern Meadowlark,0.1267,D:/AcousticMonitoringData/ELDON2_Data/Week16\ELDON2_20250428_061902.wav,20250428
1959,1962,Bartramia longicauda,Upland Sandpiper,0.0152,D:/AcousticMonitoringData/ELDON2_Data/Week16\ELDON2_20250428_061902.wav,20250428
1962,1965,Sturnella magna,Eastern Meadowlark,0.0373,D:/AcousticMonitoringData/ELDON2_Data/Week16\ELDON2_20250428_061902.wav,20250428
1965,1968,Sturnella magna,Eastern Meadowlark,0.0747,D:/AcousticMonitoringData/ELDON2_Data/Week16\ELDON2_20250428_061902.wav,20250428
1965,1968,Bartramia longicauda,Upland Sandpiper,0.0159,D:/AcousticMonitoringData/ELDON2_Data/Week16\ELDON2_20250428_061902.wav,20250428
1974,1977,Sturnella magna,Eastern Meadowlark,0.1164,D:/AcousticMonitoringData/ELDON2_Data/Week16\ELDON2_20250428_061902.wav,20250428
1974,1977,Bartramia longicauda,Upland Sandpiper,0.0184,D:/AcousticMonitoringData/ELDON2_Data/Week16\ELDON2_20250428_061902.wav,20250428
1977,1980,Sturnella magna,Eastern Meadowlark,0.108,D:/AcousticMonitoringData/ELDON2_Data/Week16\ELDON2_20250428_061902.wav,20250428
1977,1980,Bartramia longicauda,Upland Sandpiper,0.0104,D:/AcousticMonitoringData/ELDON2_Data/Week16\ELDON2_20250428_061902.wav,20250428
1980,1983,Sturnella magna,Eastern Meadowlark,0.0275,D:/AcousticMonitoringData/ELDON2_Data/Week16\ELDON2_20250428_061902.wav,20250428
1983,1986,Sturnella magna,Eastern Meadowlark,0.0105,D:/AcousticMonitoringData/ELDON2_Data/Week16\ELDON2_20250428_061902.wav,20250428
1983,1986,Geothlypis trichas,Common Yellowthroat,0.0104,D:/AcousticMonitoringData/ELDON2_Data/Week16\ELDON2_20250428_061902.wav,20250428
1986,1989,Sturnella magna,Eastern Meadowlark,0.1484,D:/AcousticMonitoringData/ELDON2_Data/Week16\ELDON2_20250428_061902.wav,20250428
1986,1989,Bartramia longicauda,Upland Sandpiper,0.0216,D:/AcousticMonitoringData/ELDON2_Data/Week16\ELDON2_20250428_061902.wav,20250428
1995,1998,Sturnella magna,Eastern Meadowlark,0.0339,D:/AcousticMonitoringData/ELDON2_Data/Week16\ELDON2_20250428_061902.wav,20250428
2001,2004,Sturnella magna,Eastern Meadowlark,0.0463,D:/AcousticMonitoringData/ELDON2_Data/Week16\ELDON2_20250428_061902.wav,20250428
2001,2004,Bartramia longicauda,Upland Sandpiper,0.0322,D:/AcousticMonitoringData/ELDON2_Data/Week16\ELDON2_20250428_061902.wav,20250428
2004,2007,Sturnella magna,Eastern Meadowlark,0.1453,D:/AcousticMonitoringData/ELDON2_Data/Week16\ELDON2_20250428_061902.wav,20250428
2010,2013,Spizella pusilla,Field Sparrow,0.0112,D:/AcousticMonitoringData/ELDON2_Data/Week16\ELDON2_20250428_061902.wav,20250428
2013,2016,Bartramia longicauda,Upland Sandpiper,0.0216,D:/AcousticMonitoringData/ELDON2_Data/Week16\ELDON2_20250428_061902.wav,20250428
2016,2019,Sturnella magna,Eastern Meadowlark,0.0305,D:/AcousticMonitoringData/ELDON2_Data/Week16\ELDON2_20250428_061902.wav,20250428
2016,2019,Spizella pusilla,Field Sparrow,0.0146,D:/AcousticMonitoringData/ELDON2_Data/Week16\ELDON2_20250428_061902.wav,20250428
2022,2025,Sturnella magna,Eastern Meadowlark,0.0106,D:/AcousticMonitoringData/ELDON2_Data/Week16\ELDON2_20250428_061902.wav,20250428
2028,2031,Spizella pusilla,Field Sparrow,0.0262,D:/AcousticMonitoringData/ELDON2_Data/Week16\ELDON2_20250428_061902.wav,20250428
2028,2031,Sturnella magna,Eastern Meadowlark,0.0123,D:/AcousticMonitoringData/ELDON2_Data/Week16\ELDON2_20250428_061902.wav,20250428
2046,2049,Spizella pusilla,Field Sparrow,0.0325,D:/AcousticMonitoringData/ELDON2_Data/Week16\ELDON2_20250428_061902.wav,20250428
2046,2049,Sturnella magna,Eastern Meadowlark,0.015,D:/AcousticMonitoringData/ELDON2_Data/Week16\ELDON2_20250428_061902.wav,20250428
2049,2052,Sturnella magna,Eastern Meadowlark,0.9225,D:/AcousticMonitoringData/ELDON2_Data/Week16\ELDON2_20250428_061902.wav,20250428
2055,2058,Spizella pusilla,Field Sparrow,0.019,D:/AcousticMonitoringData/ELDON2_Data/Week16\ELDON2_20250428_061902.wav,20250428
2058,2061,Sturnella magna,Eastern Meadowlark,0.9882,D:/AcousticMonitoringData/ELDON2_Data/Week16\ELDON2_20250428_061902.wav,20250428
2061,2064,Sturnella magna,Eastern Meadowlark,0.0178,D:/AcousticMonitoringData/ELDON2_Data/Week16\ELDON2_20250428_061902.wav,20250428
2064,2067,Sturnella magna,Eastern Meadowlark,0.3106,D:/AcousticMonitoringData/ELDON2_Data/Week16\ELDON2_20250428_061902.wav,20250428
2064,2067,Spizella pusilla,Field Sparrow,0.0218,D:/AcousticMonitoringData/ELDON2_Data/Week16\ELDON2_20250428_061902.wav,20250428
2067,2070,Spizella pusilla,Field Sparrow,0.0422,D:/AcousticMonitoringData/ELDON2_Data/Week16\ELDON2_20250428_061902.wav,20250428
2067,2070,Sturnella magna,Eastern Meadowlark,0.0313,D:/AcousticMonitoringData/ELDON2_Data/Week16\ELDON2_20250428_061902.wav,20250428
2070,2073,Spizella pusilla,Field Sparrow,0.0268,D:/AcousticMonitoringData/ELDON2_Data/Week16\ELDON2_20250428_061902.wav,20250428
2073,2076,Spizella pusilla,Field Sparrow,0.0289,D:/AcousticMonitoringData/ELDON2_Data/Week16\ELDON2_20250428_061902.wav,20250428
2073,2076,Sturnella magna,Eastern Meadowlark,0.0147,D:/AcousticMonitoringData/ELDON2_Data/Week16\ELDON2_20250428_061902.wav,20250428
2073,2076,Melospiza melodia,Song Sparrow,0.0134,D:/AcousticMonitoringData/ELDON2_Data/Week16\ELDON2_20250428_061902.wav,20250428
2073,2076,Geothlypis trichas,Common Yellowthroat,0.0125,D:/AcousticMonitoringData/ELDON2_Data/Week16\ELDON2_20250428_061902.wav,20250428
2076,2079,Sturnella magna,Eastern Meadowlark,0.9891,D:/AcousticMonitoringData/ELDON2_Data/Week16\ELDON2_20250428_061902.wav,20250428
2076,2079,Bartramia longicauda,Upland Sandpiper,0.0106,D:/AcousticMonitoringData/ELDON2_Data/Week16\ELDON2_20250428_061902.wav,20250428
2079,2082,Sturnella magna,Eastern Meadowlark,0.173,D:/AcousticMonitoringData/ELDON2_Data/Week16\ELDON2_20250428_061902.wav,20250428
2079,2082,Spizella pusilla,Field Sparrow,0.0151,D:/AcousticMonitoringData/ELDON2_Data/Week16\ELDON2_20250428_061902.wav,20250428
2085,2088,Sturnella magna,Eastern Meadowlark,0.9993,D:/AcousticMonitoringData/ELDON2_Data/Week16\ELDON2_20250428_061902.wav,20250428
2085,2088,Bartramia longicauda,Upland Sandpiper,0.0292,D:/AcousticMonitoringData/ELDON2_Data/Week16\ELDON2_20250428_061902.wav,20250428
2088,2091,Sturnella magna,Eastern Meadowlark,0.7525,D:/AcousticMonitoringData/ELDON2_Data/Week16\ELDON2_20250428_061902.wav,20250428
2088,2091,Bartramia longicauda,Upland Sandpiper,0.0866,D:/AcousticMonitoringData/ELDON2_Data/Week16\ELDON2_20250428_061902.wav,20250428
2088,2091,Passerina caerulea,Blue Grosbeak,0.0128,D:/AcousticMonitoringData/ELDON2_Data/Week16\ELDON2_20250428_061902.wav,20250428
2091,2094,Sturnella magna,Eastern Meadowlark,0.0224,D:/AcousticMonitoringData/ELDON2_Data/Week16\ELDON2_20250428_061902.wav,20250428
2094,2097,Sturnella magna,Eastern Meadowlark,0.1869,D:/AcousticMonitoringData/ELDON2_Data/Week16\ELDON2_20250428_061902.wav,20250428
2097,2100,Sturnella magna,Eastern Meadowlark,0.6654,D:/AcousticMonitoringData/ELDON2_Data/Week16\ELDON2_20250428_061902.wav,20250428
2097,2100,Bartramia longicauda,Upland Sandpiper,0.0134,D:/AcousticMonitoringData/ELDON2_Data/Week16\ELDON2_20250428_061902.wav,20250428
2100,2103,Sturnella magna,Eastern Meadowlark,0.4623,D:/AcousticMonitoringData/ELDON2_Data/Week16\ELDON2_20250428_061902.wav,20250428
2100,2103,Bartramia longicauda,Upland Sandpiper,0.011,D:/AcousticMonitoringData/ELDON2_Data/Week16\ELDON2_20250428_061902.wav,20250428
2106,2109,Sturnella magna,Eastern Meadowlark,0.4729,D:/AcousticMonitoringData/ELDON2_Data/Week16\ELDON2_20250428_061902.wav,20250428
2106,2109,Bartramia longicauda,Upland Sandpiper,0.0189,D:/AcousticMonitoringData/ELDON2_Data/Week16\ELDON2_20250428_061902.wav,20250428
2109,2112,Sturnella magna,Eastern Meadowlark,0.0907,D:/AcousticMonitoringData/ELDON2_Data/Week16\ELDON2_20250428_061902.wav,20250428
2109,2112,Spizella pusilla,Field Sparrow,0.0222,D:/AcousticMonitoringData/ELDON2_Data/Week16\ELDON2_20250428_061902.wav,20250428
2112,2115,Sturnella magna,Eastern Meadowlark,0.0529,D:/AcousticMonitoringData/ELDON2_Data/Week16\ELDON2_20250428_061902.wav,20250428
2115,2118,Sturnella magna,Eastern Meadowlark,0.9969,D:/AcousticMonitoringData/ELDON2_Data/Week16\ELDON2_20250428_061902.wav,20250428
2118,2121,Sturnella magna,Eastern Meadowlark,0.0604,D:/AcousticMonitoringData/ELDON2_Data/Week16\ELDON2_20250428_061902.wav,20250428
2124,2127,Sturnella magna,Eastern Meadowlark,0.2383,D:/AcousticMonitoringData/ELDON2_Data/Week16\ELDON2_20250428_061902.wav,20250428
2127,2130,Sturnella magna,Eastern Meadowlark,0.9962,D:/AcousticMonitoringData/ELDON2_Data/Week16\ELDON2_20250428_061902.wav,20250428
2130,2133,Spizella pusilla,Field Sparrow,0.0638,D:/AcousticMonitoringData/ELDON2_Data/Week16\ELDON2_20250428_061902.wav,20250428
2130,2133,Melospiza melodia,Song Sparrow,0.0196,D:/AcousticMonitoringData/ELDON2_Data/Week16\ELDON2_20250428_061902.wav,20250428
2130,2133,Sturnella magna,Eastern Meadowlark,0.0175,D:/AcousticMonitoringData/ELDON2_Data/Week16\ELDON2_20250428_061902.wav,20250428
2133,2136,Sturnella magna,Eastern Meadowlark,0.1799,D:/AcousticMonitoringData/ELDON2_Data/Week16\ELDON2_20250428_061902.wav,20250428
2136,2139,Sturnella magna,Eastern Meadowlark,0.8863,D:/AcousticMonitoringData/ELDON2_Data/Week16\ELDON2_20250428_061902.wav,20250428
2136,2139,Bartramia longicauda,Upland Sandpiper,0.0136,D:/AcousticMonitoringData/ELDON2_Data/Week16\ELDON2_20250428_061902.wav,20250428
2139,2142,Sturnella magna,Eastern Meadowlark,0.0327,D:/AcousticMonitoringData/ELDON2_Data/Week16\ELDON2_20250428_061902.wav,20250428
2142,2145,Bartramia longicauda,Upland Sandpiper,0.0113,D:/AcousticMonitoringData/ELDON2_Data/Week16\ELDON2_20250428_061902.wav,20250428
2145,2148,Sturnella magna,Eastern Meadowlark,0.1178,D:/AcousticMonitoringData/ELDON2_Data/Week16\ELDON2_20250428_061902.wav,20250428
2148,2151,Sturnella magna,Eastern Meadowlark,0.946,D:/AcousticMonitoringData/ELDON2_Data/Week16\ELDON2_20250428_061902.wav,20250428
2154,2157,Sturnella magna,Eastern Meadowlark,0.8281,D:/AcousticMonitoringData/ELDON2_Data/Week16\ELDON2_20250428_061902.wav,20250428
2154,2157,Bartramia longicauda,Upland Sandpiper,0.0118,D:/AcousticMonitoringData/ELDON2_Data/Week16\ELDON2_20250428_061902.wav,20250428
2157,2160,Sturnella magna,Eastern Meadowlark,0.025,D:/AcousticMonitoringData/ELDON2_Data/Week16\ELDON2_20250428_061902.wav,20250428
2160,2163,Sturnella magna,Eastern Meadowlark,0.9952,D:/AcousticMonitoringData/ELDON2_Data/Week16\ELDON2_20250428_061902.wav,20250428
2163,2166,Sturnella magna,Eastern Meadowlark,0.0554,D:/AcousticMonitoringData/ELDON2_Data/Week16\ELDON2_20250428_061902.wav,20250428
2166,2169,Sturnella magna,Eastern Meadowlark,0.0154,D:/AcousticMonitoringData/ELDON2_Data/Week16\ELDON2_20250428_061902.wav,20250428
2169,2172,Sturnella magna,Eastern Meadowlark,0.0545,D:/AcousticMonitoringData/ELDON2_Data/Week16\ELDON2_20250428_061902.wav,20250428
2172,2175,Sturnella magna,Eastern Meadowlark,0.997,D:/AcousticMonitoringData/ELDON2_Data/Week16\ELDON2_20250428_061902.wav,20250428
2172,2175,Bartramia longicauda,Upland Sandpiper,0.018,D:/AcousticMonitoringData/ELDON2_Data/Week16\ELDON2_20250428_061902.wav,20250428
2178,2181,Sturnella magna,Eastern Meadowlark,0.0786,D:/AcousticMonitoringData/ELDON2_Data/Week16\ELDON2_20250428_061902.wav,20250428
2181,2184,Sturnella magna,Eastern Meadowlark,0.9922,D:/AcousticMonitoringData/ELDON2_Data/Week16\ELDON2_20250428_061902.wav,20250428
2187,2190,Sturnella magna,Eastern Meadowlark,0.0131,D:/AcousticMonitoringData/ELDON2_Data/Week16\ELDON2_20250428_061902.wav,20250428
2193,2196,Sturnella magna,Eastern Meadowlark,0.2408,D:/AcousticMonitoringData/ELDON2_Data/Week16\ELDON2_20250428_061902.wav,20250428
2193,2196,Passerina caerulea,Blue Grosbeak,0.0232,D:/AcousticMonitoringData/ELDON2_Data/Week16\ELDON2_20250428_061902.wav,20250428
2193,2196,Bartramia longicauda,Upland Sandpiper,0.017,D:/AcousticMonitoringData/ELDON2_Data/Week16\ELDON2_20250428_061902.wav,20250428
2196,2199,Sturnella magna,Eastern Meadowlark,0.025,D:/AcousticMonitoringData/ELDON2_Data/Week16\ELDON2_20250428_061902.wav,20250428
2202,2205,Sturnella magna,Eastern Meadowlark,0.212,D:/AcousticMonitoringData/ELDON2_Data/Week16\ELDON2_20250428_061902.wav,20250428
2202,2205,Passerina caerulea,Blue Grosbeak,0.0127,D:/AcousticMonitoringData/ELDON2_Data/Week16\ELDON2_20250428_061902.wav,20250428
2205,2208,Sturnella magna,Eastern Meadowlark,0.0106,D:/AcousticMonitoringData/ELDON2_Data/Week16\ELDON2_20250428_061902.wav,20250428
2214,2217,Sturnella magna,Eastern Meadowlark,0.4702,D:/AcousticMonitoringData/ELDON2_Data/Week16\ELDON2_20250428_061902.wav,20250428
2214,2217,Bartramia longicauda,Upland Sandpiper,0.0307,D:/AcousticMonitoringData/ELDON2_Data/Week16\ELDON2_20250428_061902.wav,20250428
2214,2217,Passerina caerulea,Blue Grosbeak,0.0162,D:/AcousticMonitoringData/ELDON2_Data/Week16\ELDON2_20250428_061902.wav,20250428
2217,2220,Sturnella magna,Eastern Meadowlark,0.4862,D:/AcousticMonitoringData/ELDON2_Data/Week16\ELDON2_20250428_061902.wav,20250428
2220,2223,Sturnella magna,Eastern Meadowlark,0.6741,D:/AcousticMonitoringData/ELDON2_Data/Week16\ELDON2_20250428_061902.wav,20250428
2226,2229,Sturnella magna,Eastern Meadowlark,0.9939,D:/AcousticMonitoringData/ELDON2_Data/Week16\ELDON2_20250428_061902.wav,20250428
2229,2232,Sturnella magna,Eastern Meadowlark,0.1675,D:/AcousticMonitoringData/ELDON2_Data/Week16\ELDON2_20250428_061902.wav,20250428
2229,2232,Spizella pusilla,Field Sparrow,0.0426,D:/AcousticMonitoringData/ELDON2_Data/Week16\ELDON2_20250428_061902.wav,20250428
2235,2238,Spizella pusilla,Field Sparrow,0.055,D:/AcousticMonitoringData/ELDON2_Data/Week16\ELDON2_20250428_061902.wav,20250428
2238,2241,Spizella pusilla,Field Sparrow,0.0323,D:/AcousticMonitoringData/ELDON2_Data/Week16\ELDON2_20250428_061902.wav,20250428
2238,2241,Sturnella magna,Eastern Meadowlark,0.0221,D:/AcousticMonitoringData/ELDON2_Data/Week16\ELDON2_20250428_061902.wav,20250428
2241,2244,Sturnella magna,Eastern Meadowlark,0.2965,D:/AcousticMonitoringData/ELDON2_Data/Week16\ELDON2_20250428_061902.wav,20250428
2244,2247,Sturnella magna,Eastern Meadowlark,0.0572,D:/AcousticMonitoringData/ELDON2_Data/Week16\ELDON2_20250428_061902.wav,20250428
2244,2247,Spizella pusilla,Field Sparrow,0.0183,D:/AcousticMonitoringData/ELDON2_Data/Week16\ELDON2_20250428_061902.wav,20250428
2247,2250,Sturnella magna,Eastern Meadowlark,0.2073,D:/AcousticMonitoringData/ELDON2_Data/Week16\ELDON2_20250428_061902.wav,20250428
2247,2250,Spizella pusilla,Field Sparrow,0.0239,D:/AcousticMonitoringData/ELDON2_Data/Week16\ELDON2_20250428_061902.wav,20250428
2250,2253,Sturnella magna,Eastern Meadowlark,0.2979,D:/AcousticMonitoringData/ELDON2_Data/Week16\ELDON2_20250428_061902.wav,20250428
2253,2256,Sturnella magna,Eastern Meadowlark,0.9566,D:/AcousticMonitoringData/ELDON2_Data/Week16\ELDON2_20250428_061902.wav,20250428
2256,2259,Sturnella magna,Eastern Meadowlark,0.0619,D:/AcousticMonitoringData/ELDON2_Data/Week16\ELDON2_20250428_061902.wav,20250428
2259,2262,Sturnella magna,Eastern Meadowlark,0.1883,D:/AcousticMonitoringData/ELDON2_Data/Week16\ELDON2_20250428_061902.wav,20250428
2262,2265,Sturnella magna,Eastern Meadowlark,0.9918,D:/AcousticMonitoringData/ELDON2_Data/Week16\ELDON2_20250428_061902.wav,20250428
2265,2268,Spizella pusilla,Field Sparrow,0.0319,D:/AcousticMonitoringData/ELDON2_Data/Week16\ELDON2_20250428_061902.wav,20250428
2265,2268,Bartramia longicauda,Upland Sandpiper,0.0161,D:/AcousticMonitoringData/ELDON2_Data/Week16\ELDON2_20250428_061902.wav,20250428
2265,2268,Sturnella magna,Eastern Meadowlark,0.0124,D:/AcousticMonitoringData/ELDON2_Data/Week16\ELDON2_20250428_061902.wav,20250428
2268,2271,Sturnella magna,Eastern Meadowlark,0.0467,D:/AcousticMonitoringData/ELDON2_Data/Week16\ELDON2_20250428_061902.wav,20250428
2268,2271,Spizella pusilla,Field Sparrow,0.0371,D:/AcousticMonitoringData/ELDON2_Data/Week16\ELDON2_20250428_061902.wav,20250428
2271,2274,Sturnella magna,Eastern Meadowlark,0.0341,D:/AcousticMonitoringData/ELDON2_Data/Week16\ELDON2_20250428_061902.wav,20250428
2274,2277,Sturnella magna,Eastern Meadowlark,0.0409,D:/AcousticMonitoringData/ELDON2_Data/Week16\ELDON2_20250428_061902.wav,20250428
2277,2280,Sturnella magna,Eastern Meadowlark,0.1027,D:/AcousticMonitoringData/ELDON2_Data/Week16\ELDON2_20250428_061902.wav,20250428
2280,2283,Sturnella magna,Eastern Meadowlark,0.9526,D:/AcousticMonitoringData/ELDON2_Data/Week16\ELDON2_20250428_061902.wav,20250428
2283,2286,Sturnella magna,Eastern Meadowlark,0.1045,D:/AcousticMonitoringData/ELDON2_Data/Week16\ELDON2_20250428_061902.wav,20250428
2286,2289,Sturnella magna,Eastern Meadowlark,0.9379,D:/AcousticMonitoringData/ELDON2_Data/Week16\ELDON2_20250428_061902.wav,20250428
2289,2292,Sturnella magna,Eastern Meadowlark,0.1893,D:/AcousticMonitoringData/ELDON2_Data/Week16\ELDON2_20250428_061902.wav,20250428
2289,2292,Bartramia longicauda,Upland Sandpiper,0.0109,D:/AcousticMonitoringData/ELDON2_Data/Week16\ELDON2_20250428_061902.wav,20250428
2292,2295,Sturnella magna,Eastern Meadowlark,0.1245,D:/AcousticMonitoringData/ELDON2_Data/Week16\ELDON2_20250428_061902.wav,20250428
2292,2295,Bartramia longicauda,Upland Sandpiper,0.0135,D:/AcousticMonitoringData/ELDON2_Data/Week16\ELDON2_20250428_061902.wav,20250428
2295,2298,Sturnella magna,Eastern Meadowlark,0.9448,D:/AcousticMonitoringData/ELDON2_Data/Week16\ELDON2_20250428_061902.wav,20250428
2295,2298,Bartramia longicauda,Upland Sandpiper,0.0103,D:/AcousticMonitoringData/ELDON2_Data/Week16\ELDON2_20250428_061902.wav,20250428
2298,2301,Sturnella magna,Eastern Meadowlark,0.0235,D:/AcousticMonitoringData/ELDON2_Data/Week16\ELDON2_20250428_061902.wav,20250428
2298,2301,Bartramia longicauda,Upland Sandpiper,0.0228,D:/AcousticMonitoringData/ELDON2_Data/Week16\ELDON2_20250428_061902.wav,20250428
2301,2304,Sturnella magna,Eastern Meadowlark,0.9188,D:/AcousticMonitoringData/ELDON2_Data/Week16\ELDON2_20250428_061902.wav,20250428
2304,2307,Sturnella magna,Eastern Meadowlark,0.016,D:/AcousticMonitoringData/ELDON2_Data/Week16\ELDON2_20250428_061902.wav,20250428
2307,2310,Spizella pusilla,Field Sparrow,0.0181,D:/AcousticMonitoringData/ELDON2_Data/Week16\ELDON2_20250428_061902.wav,20250428
2310,2313,Sturnella magna,Eastern Meadowlark,0.7683,D:/AcousticMonitoringData/ELDON2_Data/Week16\ELDON2_20250428_061902.wav,20250428
2316,2319,Spizella pusilla,Field Sparrow,0.0257,D:/AcousticMonitoringData/ELDON2_Data/Week16\ELDON2_20250428_061902.wav,20250428
2316,2319,Sturnella magna,Eastern Meadowlark,0.0226,D:/AcousticMonitoringData/ELDON2_Data/Week16\ELDON2_20250428_061902.wav,20250428
2316,2319,Bartramia longicauda,Upland Sandpiper,0.0146,D:/AcousticMonitoringData/ELDON2_Data/Week16\ELDON2_20250428_061902.wav,20250428
2322,2325,Sturnella magna,Eastern Meadowlark,0.9472,D:/AcousticMonitoringData/ELDON2_Data/Week16\ELDON2_20250428_061902.wav,20250428
2325,2328,Sturnella magna,Eastern Meadowlark,0.6095,D:/AcousticMonitoringData/ELDON2_Data/Week16\ELDON2_20250428_061902.wav,20250428
2328,2331,Sturnella magna,Eastern Meadowlark,0.0125,D:/AcousticMonitoringData/ELDON2_Data/Week16\ELDON2_20250428_061902.wav,20250428
2331,2334,Spizella pusilla,Field Sparrow,0.0226,D:/AcousticMonitoringData/ELDON2_Data/Week16\ELDON2_20250428_061902.wav,20250428
2331,2334,Sturnella magna,Eastern Meadowlark,0.0143,D:/AcousticMonitoringData/ELDON2_Data/Week16\ELDON2_20250428_061902.wav,20250428
2334,2337,Sturnella magna,Eastern Meadowlark,0.8222,D:/AcousticMonitoringData/ELDON2_Data/Week16\ELDON2_20250428_061902.wav,20250428
2337,2340,Sturnella magna,Eastern Meadowlark,0.0565,D:/AcousticMonitoringData/ELDON2_Data/Week16\ELDON2_20250428_061902.wav,20250428
2337,2340,Spizella pusilla,Field Sparrow,0.0262,D:/AcousticMonitoringData/ELDON2_Data/Week16\ELDON2_20250428_061902.wav,20250428
2340,2343,Sturnella magna,Eastern Meadowlark,0.234,D:/AcousticMonitoringData/ELDON2_Data/Week16\ELDON2_20250428_061902.wav,20250428
2340,2343,Bartramia longicauda,Upland Sandpiper,0.0176,D:/AcousticMonitoringData/ELDON2_Data/Week16\ELDON2_20250428_061902.wav,20250428
2343,2346,Sturnella magna,Eastern Meadowlark,0.0594,D:/AcousticMonitoringData/ELDON2_Data/Week16\ELDON2_20250428_061902.wav,20250428
2346,2349,Sturnella magna,Eastern Meadowlark,0.9936,D:/AcousticMonitoringData/ELDON2_Data/Week16\ELDON2_20250428_061902.wav,20250428
2349,2352,Spizella pusilla,Field Sparrow,0.0304,D:/AcousticMonitoringData/ELDON2_Data/Week16\ELDON2_20250428_061902.wav,20250428
2352,2355,Sturnella magna,Eastern Meadowlark,0.0689,D:/AcousticMonitoringData/ELDON2_Data/Week16\ELDON2_20250428_061902.wav,20250428
2355,2358,Sturnella magna,Eastern Meadowlark,0.0627,D:/AcousticMonitoringData/ELDON2_Data/Week16\ELDON2_20250428_061902.wav,20250428
2358,2361,Sturnella magna,Eastern Meadowlark,0.0172,D:/AcousticMonitoringData/ELDON2_Data/Week16\ELDON2_20250428_061902.wav,20250428
2361,2364,Sturnella magna,Eastern Meadowlark,0.2653,D:/AcousticMonitoringData/ELDON2_Data/Week16\ELDON2_20250428_061902.wav,20250428
2364,2367,Sturnella magna,Eastern Meadowlark,0.6648,D:/AcousticMonitoringData/ELDON2_Data/Week16\ELDON2_20250428_061902.wav,20250428
2367,2370,Sturnella magna,Eastern Meadowlark,0.0427,D:/AcousticMonitoringData/ELDON2_Data/Week16\ELDON2_20250428_061902.wav,20250428
2370,2373,Sturnella magna,Eastern Meadowlark,0.7875,D:/AcousticMonitoringData/ELDON2_Data/Week16\ELDON2_20250428_061902.wav,20250428
2370,2373,Passerina caerulea,Blue Grosbeak,0.0109,D:/AcousticMonitoringData/ELDON2_Data/Week16\ELDON2_20250428_061902.wav,20250428
2373,2376,Sturnella magna,Eastern Meadowlark,0.9297,D:/AcousticMonitoringData/ELDON2_Data/Week16\ELDON2_20250428_061902.wav,20250428
2376,2379,Sturnella magna,Eastern Meadowlark,0.1193,D:/AcousticMonitoringData/ELDON2_Data/Week16\ELDON2_20250428_061902.wav,20250428
2379,2382,Sturnella magna,Eastern Meadowlark,0.0755,D:/AcousticMonitoringData/ELDON2_Data/Week16\ELDON2_20250428_061902.wav,20250428
2382,2385,Sturnella magna,Eastern Meadowlark,0.0998,D:/AcousticMonitoringData/ELDON2_Data/Week16\ELDON2_20250428_061902.wav,20250428
2382,2385,Spizella pusilla,Field Sparrow,0.0306,D:/AcousticMonitoringData/ELDON2_Data/Week16\ELDON2_20250428_061902.wav,20250428
2385,2388,Sturnella magna,Eastern Meadowlark,0.0811,D:/AcousticMonitoringData/ELDON2_Data/Week16\ELDON2_20250428_061902.wav,20250428
2388,2391,Sturnella magna,Eastern Meadowlark,0.3761,D:/AcousticMonitoringData/ELDON2_Data/Week16\ELDON2_20250428_061902.wav,20250428
2388,2391,Spizella pusilla,Field Sparrow,0.0329,D:/AcousticMonitoringData/ELDON2_Data/Week16\ELDON2_20250428_061902.wav,20250428
2391,2394,Sturnella magna,Eastern Meadowlark,0.0233,D:/AcousticMonitoringData/ELDON2_Data/Week16\ELDON2_20250428_061902.wav,20250428
2394,2397,Sturnella magna,Eastern Meadowlark,0.0871,D:/AcousticMonitoringData/ELDON2_Data/Week16\ELDON2_20250428_061902.wav,20250428
2397,2400,Sturnella magna,Eastern Meadowlark,0.6384,D:/AcousticMonitoringData/ELDON2_Data/Week16\ELDON2_20250428_061902.wav,20250428
2397,2400,Spizella pusilla,Field Sparrow,0.0138,D:/AcousticMonitoringData/ELDON2_Data/Week16\ELDON2_20250428_061902.wav,20250428
2400,2403,Spizella pusilla,Field Sparrow,0.0252,D:/AcousticMonitoringData/ELDON2_Data/Week16\ELDON2_20250428_061902.wav,20250428
2403,2406,Sturnella magna,Eastern Meadowlark,0.576,D:/AcousticMonitoringData/ELDON2_Data/Week16\ELDON2_20250428_061902.wav,20250428
2403,2406,Spizella pusilla,Field Sparrow,0.0202,D:/AcousticMonitoringData/ELDON2_Data/Week16\ELDON2_20250428_061902.wav,20250428
2403,2406,Bartramia longicauda,Upland Sandpiper,0.0115,D:/AcousticMonitoringData/ELDON2_Data/Week16\ELDON2_20250428_061902.wav,20250428
2403,2406,Passerina caerulea,Blue Grosbeak,0.0109,D:/AcousticMonitoringData/ELDON2_Data/Week16\ELDON2_20250428_061902.wav,20250428
2403,2406,Eremophila alpestris,Horned Lark,0.0106,D:/AcousticMonitoringData/ELDON2_Data/Week16\ELDON2_20250428_061902.wav,20250428
2406,2409,Sturnella magna,Eastern Meadowlark,0.5612,D:/AcousticMonitoringData/ELDON2_Data/Week16\ELDON2_20250428_061902.wav,20250428
2409,2412,Sturnella magna,Eastern Meadowlark,0.0107,D:/AcousticMonitoringData/ELDON2_Data/Week16\ELDON2_20250428_061902.wav,20250428
2412,2415,Spizella pusilla,Field Sparrow,0.024,D:/AcousticMonitoringData/ELDON2_Data/Week16\ELDON2_20250428_061902.wav,20250428
2412,2415,Geothlypis trichas,Common Yellowthroat,0.0179,D:/AcousticMonitoringData/ELDON2_Data/Week16\ELDON2_20250428_061902.wav,20250428
2412,2415,Melospiza melodia,Song Sparrow,0.0169,D:/AcousticMonitoringData/ELDON2_Data/Week16\ELDON2_20250428_061902.wav,20250428
2415,2418,Sturnella magna,Eastern Meadowlark,0.0877,D:/AcousticMonitoringData/ELDON2_Data/Week16\ELDON2_20250428_061902.wav,20250428
2415,2418,Bartramia longicauda,Upland Sandpiper,0.0109,D:/AcousticMonitoringData/ELDON2_Data/Week16\ELDON2_20250428_061902.wav,20250428
2418,2421,Sturnella magna,Eastern Meadowlark,0.4275,D:/AcousticMonitoringData/ELDON2_Data/Week16\ELDON2_20250428_061902.wav,20250428
2421,2424,Sturnella magna,Eastern Meadowlark,0.0205,D:/AcousticMonitoringData/ELDON2_Data/Week16\ELDON2_20250428_061902.wav,20250428
2424,2427,Sturnella magna,Eastern Meadowlark,0.0952,D:/AcousticMonitoringData/ELDON2_Data/Week16\ELDON2_20250428_061902.wav,20250428
2427,2430,Sturnella magna,Eastern Meadowlark,0.1144,D:/AcousticMonitoringData/ELDON2_Data/Week16\ELDON2_20250428_061902.wav,20250428
2430,2433,Sturnella magna,Eastern Meadowlark,0.079,D:/AcousticMonitoringData/ELDON2_Data/Week16\ELDON2_20250428_061902.wav,20250428
2433,2436,Sturnella magna,Eastern Meadowlark,0.0148,D:/AcousticMonitoringData/ELDON2_Data/Week16\ELDON2_20250428_061902.wav,20250428
2436,2439,Sturnella magna,Eastern Meadowlark,0.088,D:/AcousticMonitoringData/ELDON2_Data/Week16\ELDON2_20250428_061902.wav,20250428
2439,2442,Sturnella magna,Eastern Meadowlark,0.2346,D:/AcousticMonitoringData/ELDON2_Data/Week16\ELDON2_20250428_061902.wav,20250428
2439,2442,Passerina caerulea,Blue Grosbeak,0.0136,D:/AcousticMonitoringData/ELDON2_Data/Week16\ELDON2_20250428_061902.wav,20250428
2439,2442,Spizella pusilla,Field Sparrow,0.0135,D:/AcousticMonitoringData/ELDON2_Data/Week16\ELDON2_20250428_061902.wav,20250428
2442,2445,Sturnella magna,Eastern Meadowlark,0.0339,D:/AcousticMonitoringData/ELDON2_Data/Week16\ELDON2_20250428_061902.wav,20250428
2442,2445,Passerina caerulea,Blue Grosbeak,0.0299,D:/AcousticMonitoringData/ELDON2_Data/Week16\ELDON2_20250428_061902.wav,20250428
2442,2445,Spizella pusilla,Field Sparrow,0.0108,D:/AcousticMonitoringData/ELDON2_Data/Week16\ELDON2_20250428_061902.wav,20250428
2445,2448,Sturnella magna,Eastern Meadowlark,0.034,D:/AcousticMonitoringData/ELDON2_Data/Week16\ELDON2_20250428_061902.wav,20250428
2448,2451,Sturnella magna,Eastern Meadowlark,0.0298,D:/AcousticMonitoringData/ELDON2_Data/Week16\ELDON2_20250428_061902.wav,20250428
2451,2454,Sturnella magna,Eastern Meadowlark,0.0387,D:/AcousticMonitoringData/ELDON2_Data/Week16\ELDON2_20250428_061902.wav,20250428
2454,2457,Sturnella magna,Eastern Meadowlark,0.0401,D:/AcousticMonitoringData/ELDON2_Data/Week16\ELDON2_20250428_061902.wav,20250428
2457,2460,Sturnella magna,Eastern Meadowlark,0.082,D:/AcousticMonitoringData/ELDON2_Data/Week16\ELDON2_20250428_061902.wav,20250428
2466,2469,Sturnella magna,Eastern Meadowlark,0.9586,D:/AcousticMonitoringData/ELDON2_Data/Week16\ELDON2_20250428_061902.wav,20250428
2466,2469,Bartramia longicauda,Upland Sandpiper,0.0227,D:/AcousticMonitoringData/ELDON2_Data/Week16\ELDON2_20250428_061902.wav,20250428
2466,2469,Passerina caerulea,Blue Grosbeak,0.0132,D:/AcousticMonitoringData/ELDON2_Data/Week16\ELDON2_20250428_061902.wav,20250428
2469,2472,Sturnella magna,Eastern Meadowlark,0.2246,D:/AcousticMonitoringData/ELDON2_Data/Week16\ELDON2_20250428_061902.wav,20250428
2469,2472,Bartramia longicauda,Upland Sandpiper,0.018,D:/AcousticMonitoringData/ELDON2_Data/Week16\ELDON2_20250428_061902.wav,20250428
2472,2475,Sturnella magna,Eastern Meadowlark,0.0272,D:/AcousticMonitoringData/ELDON2_Data/Week16\ELDON2_20250428_061902.wav,20250428
2475,2478,Sturnella magna,Eastern Meadowlark,0.0427,D:/AcousticMonitoringData/ELDON2_Data/Week16\ELDON2_20250428_061902.wav,20250428
2478,2481,Sturnella magna,Eastern Meadowlark,0.0816,D:/AcousticMonitoringData/ELDON2_Data/Week16\ELDON2_20250428_061902.wav,20250428
2481,2484,Sturnella magna,Eastern Meadowlark,0.2222,D:/AcousticMonitoringData/ELDON2_Data/Week16\ELDON2_20250428_061902.wav,20250428
2481,2484,Bartramia longicauda,Upland Sandpiper,0.0319,D:/AcousticMonitoringData/ELDON2_Data/Week16\ELDON2_20250428_061902.wav,20250428
2481,2484,Spizella pusilla,Field Sparrow,0.0107,D:/AcousticMonitoringData/ELDON2_Data/Week16\ELDON2_20250428_061902.wav,20250428
2487,2490,Sturnella magna,Eastern Meadowlark,0.8592,D:/AcousticMonitoringData/ELDON2_Data/Week16\ELDON2_20250428_061902.wav,20250428
2487,2490,Bartramia longicauda,Upland Sandpiper,0.0171,D:/AcousticMonitoringData/ELDON2_Data/Week16\ELDON2_20250428_061902.wav,20250428
2487,2490,Passerina caerulea,Blue Grosbeak,0.0109,D:/AcousticMonitoringData/ELDON2_Data/Week16\ELDON2_20250428_061902.wav,20250428
2490,2493,Sturnella magna,Eastern Meadowlark,0.2546,D:/AcousticMonitoringData/ELDON2_Data/Week16\ELDON2_20250428_061902.wav,20250428
2493,2496,Sturnella magna,Eastern Meadowlark,0.0603,D:/AcousticMonitoringData/ELDON2_Data/Week16\ELDON2_20250428_061902.wav,20250428
2496,2499,Sturnella magna,Eastern Meadowlark,0.8516,D:/AcousticMonitoringData/ELDON2_Data/Week16\ELDON2_20250428_061902.wav,20250428
2496,2499,Bartramia longicauda,Upland Sandpiper,0.0238,D:/AcousticMonitoringData/ELDON2_Data/Week16\ELDON2_20250428_061902.wav,20250428
2499,2502,Sturnella magna,Eastern Meadowlark,0.0118,D:/AcousticMonitoringData/ELDON2_Data/Week16\ELDON2_20250428_061902.wav,20250428
2502,2505,Sturnella magna,Eastern Meadowlark,0.0248,D:/AcousticMonitoringData/ELDON2_Data/Week16\ELDON2_20250428_061902.wav,20250428
2505,2508,Sturnella magna,Eastern Meadowlark,0.0871,D:/AcousticMonitoringData/ELDON2_Data/Week16\ELDON2_20250428_061902.wav,20250428
2508,2511,Sturnella magna,Eastern Meadowlark,0.0825,D:/AcousticMonitoringData/ELDON2_Data/Week16\ELDON2_20250428_061902.wav,20250428
2508,2511,Spizella pusilla,Field Sparrow,0.0403,D:/AcousticMonitoringData/ELDON2_Data/Week16\ELDON2_20250428_061902.wav,20250428
2508,2511,Passerina caerulea,Blue Grosbeak,0.0122,D:/AcousticMonitoringData/ELDON2_Data/Week16\ELDON2_20250428_061902.wav,20250428
2511,2514,Sturnella magna,Eastern Meadowlark,0.0712,D:/AcousticMonitoringData/ELDON2_Data/Week16\ELDON2_20250428_061902.wav,20250428
2514,2517,Sturnella magna,Eastern Meadowlark,0.154,D:/AcousticMonitoringData/ELDON2_Data/Week16\ELDON2_20250428_061902.wav,20250428
2514,2517,Passerina caerulea,Blue Grosbeak,0.0111,D:/AcousticMonitoringData/ELDON2_Data/Week16\ELDON2_20250428_061902.wav,20250428
2517,2520,Sturnella magna,Eastern Meadowlark,0.3615,D:/AcousticMonitoringData/ELDON2_Data/Week16\ELDON2_20250428_061902.wav,20250428
2520,2523,Sturnella magna,Eastern Meadowlark,0.025,D:/AcousticMonitoringData/ELDON2_Data/Week16\ELDON2_20250428_061902.wav,20250428
2523,2526,Sturnella magna,Eastern Meadowlark,0.1704,D:/AcousticMonitoringData/ELDON2_Data/Week16\ELDON2_20250428_061902.wav,20250428
2526,2529,Sturnella magna,Eastern Meadowlark,0.0232,D:/AcousticMonitoringData/ELDON2_Data/Week16\ELDON2_20250428_061902.wav,20250428
2529,2532,Sturnella magna,Eastern Meadowlark,0.0979,D:/AcousticMonitoringData/ELDON2_Data/Week16\ELDON2_20250428_061902.wav,20250428
2532,2535,Sturnella magna,Eastern Meadowlark,0.1464,D:/AcousticMonitoringData/ELDON2_Data/Week16\ELDON2_20250428_061902.wav,20250428
2532,2535,Bartramia longicauda,Upland Sandpiper,0.0331,D:/AcousticMonitoringData/ELDON2_Data/Week16\ELDON2_20250428_061902.wav,20250428
2535,2538,Bartramia longicauda,Upland Sandpiper,0.0575,D:/AcousticMonitoringData/ELDON2_Data/Week16\ELDON2_20250428_061902.wav,20250428
2535,2538,Sturnella magna,Eastern Meadowlark,0.0513,D:/AcousticMonitoringData/ELDON2_Data/Week16\ELDON2_20250428_061902.wav,20250428
2538,2541,Sturnella magna,Eastern Meadowlark,0.0181,D:/AcousticMonitoringData/ELDON2_Data/Week16\ELDON2_20250428_061902.wav,20250428
2538,2541,Bartramia longicauda,Upland Sandpiper,0.0107,D:/AcousticMonitoringData/ELDON2_Data/Week16\ELDON2_20250428_061902.wav,20250428
2541,2544,Sturnella magna,Eastern Meadowlark,0.1449,D:/AcousticMonitoringData/ELDON2_Data/Week16\ELDON2_20250428_061902.wav,20250428
2541,2544,Bartramia longicauda,Upland Sandpiper,0.0327,D:/AcousticMonitoringData/ELDON2_Data/Week16\ELDON2_20250428_061902.wav,20250428
2544,2547,Sturnella magna,Eastern Meadowlark,0.0217,D:/AcousticMonitoringData/ELDON2_Data/Week16\ELDON2_20250428_061902.wav,20250428
2547,2550,Sturnella magna,Eastern Meadowlark,0.1555,D:/AcousticMonitoringData/ELDON2_Data/Week16\ELDON2_20250428_061902.wav,20250428
2550,2553,Sturnella magna,Eastern Meadowlark,0.0986,D:/AcousticMonitoringData/ELDON2_Data/Week16\ELDON2_20250428_061902.wav,20250428
2550,2553,Bartramia longicauda,Upland Sandpiper,0.031,D:/AcousticMonitoringData/ELDON2_Data/Week16\ELDON2_20250428_061902.wav,20250428
2553,2556,Sturnella magna,Eastern Meadowlark,0.0278,D:/AcousticMonitoringData/ELDON2_Data/Week16\ELDON2_20250428_061902.wav,20250428
2556,2559,Sturnella magna,Eastern Meadowlark,0.1348,D:/AcousticMonitoringData/ELDON2_Data/Week16\ELDON2_20250428_061902.wav,20250428
2556,2559,Bartramia longicauda,Upland Sandpiper,0.0275,D:/AcousticMonitoringData/ELDON2_Data/Week16\ELDON2_20250428_061902.wav,20250428
2559,2562,Sturnella magna,Eastern Meadowlark,0.0725,D:/AcousticMonitoringData/ELDON2_Data/Week16\ELDON2_20250428_061902.wav,20250428
2562,2565,Bartramia longicauda,Upland Sandpiper,0.0999,D:/AcousticMonitoringData/ELDON2_Data/Week16\ELDON2_20250428_061902.wav,20250428
2562,2565,Sturnella magna,Eastern Meadowlark,0.0452,D:/AcousticMonitoringData/ELDON2_Data/Week16\ELDON2_20250428_061902.wav,20250428
2565,2568,Spizella pusilla,Field Sparrow,0.0147,D:/AcousticMonitoringData/ELDON2_Data/Week16\ELDON2_20250428_061902.wav,20250428
2565,2568,Passerina caerulea,Blue Grosbeak,0.0113,D:/AcousticMonitoringData/ELDON2_Data/Week16\ELDON2_20250428_061902.wav,20250428
2565,2568,Sturnella magna,Eastern Meadowlark,0.011,D:/AcousticMonitoringData/ELDON2_Data/Week16\ELDON2_20250428_061902.wav,20250428
2568,2571,Sturnella magna,Eastern Meadowlark,0.4652,D:/AcousticMonitoringData/ELDON2_Data/Week16\ELDON2_20250428_061902.wav,20250428
2568,2571,Bartramia longicauda,Upland Sandpiper,0.032,D:/AcousticMonitoringData/ELDON2_Data/Week16\ELDON2_20250428_061902.wav,20250428
2568,2571,Geothlypis trichas,Common Yellowthroat,0.0131,D:/AcousticMonitoringData/ELDON2_Data/Week16\ELDON2_20250428_061902.wav,20250428
2568,2571,Passerina caerulea,Blue Grosbeak,0.0127,D:/AcousticMonitoringData/ELDON2_Data/Week16\ELDON2_20250428_061902.wav,20250428
2571,2574,Sturnella magna,Eastern Meadowlark,0.1626,D:/AcousticMonitoringData/ELDON2_Data/Week16\ELDON2_20250428_061902.wav,20250428
2571,2574,Passerina caerulea,Blue Grosbeak,0.0136,D:/AcousticMonitoringData/ELDON2_Data/Week16\ELDON2_20250428_061902.wav,20250428
2577,2580,Bartramia longicauda,Upland Sandpiper,0.0293,D:/AcousticMonitoringData/ELDON2_Data/Week16\ELDON2_20250428_061902.wav,20250428
2577,2580,Sturnella magna,Eastern Meadowlark,0.0169,D:/AcousticMonitoringData/ELDON2_Data/Week16\ELDON2_20250428_061902.wav,20250428
2580,2583,Sturnella magna,Eastern Meadowlark,0.0229,D:/AcousticMonitoringData/ELDON2_Data/Week16\ELDON2_20250428_061902.wav,20250428
2583,2586,Sturnella magna,Eastern Meadowlark,0.0301,D:/AcousticMonitoringData/ELDON2_Data/Week16\ELDON2_20250428_061902.wav,20250428
2586,2589,Sturnella magna,Eastern Meadowlark,0.0588,D:/AcousticMonitoringData/ELDON2_Data/Week16\ELDON2_20250428_061902.wav,20250428
2586,2589,Bartramia longicauda,Upland Sandpiper,0.0186,D:/AcousticMonitoringData/ELDON2_Data/Week16\ELDON2_20250428_061902.wav,20250428
2589,2592,Sturnella magna,Eastern Meadowlark,0.0311,D:/AcousticMonitoringData/ELDON2_Data/Week16\ELDON2_20250428_061902.wav,20250428
2589,2592,Spizella pusilla,Field Sparrow,0.0106,D:/AcousticMonitoringData/ELDON2_Data/Week16\ELDON2_20250428_061902.wav,20250428
2592,2595,Bartramia longicauda,Upland Sandpiper,0.0305,D:/AcousticMonitoringData/ELDON2_Data/Week16\ELDON2_20250428_061902.wav,20250428
2595,2598,Spizella pusilla,Field Sparrow,0.0305,D:/AcousticMonitoringData/ELDON2_Data/Week16\ELDON2_20250428_061902.wav,20250428
2595,2598,Sturnella magna,Eastern Meadowlark,0.0211,D:/AcousticMonitoringData/ELDON2_Data/Week16\ELDON2_20250428_061902.wav,20250428
2598,2601,Sturnella magna,Eastern Meadowlark,0.0481,D:/AcousticMonitoringData/ELDON2_Data/Week16\ELDON2_20250428_061902.wav,20250428
2598,2601,Bartramia longicauda,Upland Sandpiper,0.0116,D:/AcousticMonitoringData/ELDON2_Data/Week16\ELDON2_20250428_061902.wav,20250428
2601,2604,Sturnella magna,Eastern Meadowlark,0.0291,D:/AcousticMonitoringData/ELDON2_Data/Week16\ELDON2_20250428_061902.wav,20250428
2604,2607,Sturnella magna,Eastern Meadowlark,0.0784,D:/AcousticMonitoringData/ELDON2_Data/Week16\ELDON2_20250428_061902.wav,20250428
2607,2610,Sturnella magna,Eastern Meadowlark,0.0385,D:/AcousticMonitoringData/ELDON2_Data/Week16\ELDON2_20250428_061902.wav,20250428
2607,2610,Spizella pusilla,Field Sparrow,0.0201,D:/AcousticMonitoringData/ELDON2_Data/Week16\ELDON2_20250428_061902.wav,20250428
2610,2613,Spizella pusilla,Field Sparrow,0.0266,D:/AcousticMonitoringData/ELDON2_Data/Week16\ELDON2_20250428_061902.wav,20250428
2613,2616,Spizella pusilla,Field Sparrow,0.0592,D:/AcousticMonitoringData/ELDON2_Data/Week16\ELDON2_20250428_061902.wav,20250428
2616,2619,Spizella pusilla,Field Sparrow,0.0664,D:/AcousticMonitoringData/ELDON2_Data/Week16\ELDON2_20250428_061902.wav,20250428
2619,2622,Spizella pusilla,Field Sparrow,0.1377,D:/AcousticMonitoringData/ELDON2_Data/Week16\ELDON2_20250428_061902.wav,20250428
2622,2625,Sturnella magna,Eastern Meadowlark,0.0462,D:/AcousticMonitoringData/ELDON2_Data/Week16\ELDON2_20250428_061902.wav,20250428
2625,2628,Sturnella magna,Eastern Meadowlark,0.682,D:/AcousticMonitoringData/ELDON2_Data/Week16\ELDON2_20250428_061902.wav,20250428
2628,2631,Bartramia longicauda,Upland Sandpiper,0.0159,D:/AcousticMonitoringData/ELDON2_Data/Week16\ELDON2_20250428_061902.wav,20250428
2628,2631,Sturnella magna,Eastern Meadowlark,0.0117,D:/AcousticMonitoringData/ELDON2_Data/Week16\ELDON2_20250428_061902.wav,20250428
2631,2634,Sturnella magna,Eastern Meadowlark,0.0127,D:/AcousticMonitoringData/ELDON2_Data/Week16\ELDON2_20250428_061902.wav,20250428
2634,2637,Sturnella magna,Eastern Meadowlark,0.4924,D:/AcousticMonitoringData/ELDON2_Data/Week16\ELDON2_20250428_061902.wav,20250428
2637,2640,Sturnella magna,Eastern Meadowlark,0.0302,D:/AcousticMonitoringData/ELDON2_Data/Week16\ELDON2_20250428_061902.wav,20250428
2637,2640,Melospiza melodia,Song Sparrow,0.011,D:/AcousticMonitoringData/ELDON2_Data/Week16\ELDON2_20250428_061902.wav,20250428
2640,2643,Sturnella magna,Eastern Meadowlark,0.1091,D:/AcousticMonitoringData/ELDON2_Data/Week16\ELDON2_20250428_061902.wav,20250428
2640,2643,Spizella pusilla,Field Sparrow,0.0121,D:/AcousticMonitoringData/ELDON2_Data/Week16\ELDON2_20250428_061902.wav,20250428
2640,2643,Melospiza melodia,Song Sparrow,0.0112,D:/AcousticMonitoringData/ELDON2_Data/Week16\ELDON2_20250428_061902.wav,20250428
2643,2646,Sturnella magna,Eastern Meadowlark,0.7017,D:/AcousticMonitoringData/ELDON2_Data/Week16\ELDON2_20250428_061902.wav,20250428
2646,2649,Melospiza melodia,Song Sparrow,0.0249,D:/AcousticMonitoringData/ELDON2_Data/Week16\ELDON2_20250428_061902.wav,20250428
2646,2649,Spizella pusilla,Field Sparrow,0.0213,D:/AcousticMonitoringData/ELDON2_Data/Week16\ELDON2_20250428_061902.wav,20250428
2646,2649,Sturnella magna,Eastern Meadowlark,0.0158,D:/AcousticMonitoringData/ELDON2_Data/Week16\ELDON2_20250428_061902.wav,20250428
2646,2649,Geothlypis trichas,Common Yellowthroat,0.0134,D:/AcousticMonitoringData/ELDON2_Data/Week16\ELDON2_20250428_061902.wav,20250428
2649,2652,Spizella pusilla,Field Sparrow,0.0148,D:/AcousticMonitoringData/ELDON2_Data/Week16\ELDON2_20250428_061902.wav,20250428
2652,2655,Sturnella magna,Eastern Meadowlark,0.6703,D:/AcousticMonitoringData/ELDON2_Data/Week16\ELDON2_20250428_061902.wav,20250428
2658,2661,Sturnella magna,Eastern Meadowlark,0.0183,D:/AcousticMonitoringData/ELDON2_Data/Week16\ELDON2_20250428_061902.wav,20250428
2664,2667,Sturnella magna,Eastern Meadowlark,0.0378,D:/AcousticMonitoringData/ELDON2_Data/Week16\ELDON2_20250428_061902.wav,20250428
2667,2670,Sturnella magna,Eastern Meadowlark,0.6006,D:/AcousticMonitoringData/ELDON2_Data/Week16\ELDON2_20250428_061902.wav,20250428
2667,2670,Bartramia longicauda,Upland Sandpiper,0.0111,D:/AcousticMonitoringData/ELDON2_Data/Week16\ELDON2_20250428_061902.wav,20250428
2670,2673,Sturnella magna,Eastern Meadowlark,0.5979,D:/AcousticMonitoringData/ELDON2_Data/Week16\ELDON2_20250428_061902.wav,20250428
2673,2676,Sturnella magna,Eastern Meadowlark,0.166,D:/AcousticMonitoringData/ELDON2_Data/Week16\ELDON2_20250428_061902.wav,20250428
2673,2676,Spizella pusilla,Field Sparrow,0.021,D:/AcousticMonitoringData/ELDON2_Data/Week16\ELDON2_20250428_061902.wav,20250428
2673,2676,Bartramia longicauda,Upland Sandpiper,0.0101,D:/AcousticMonitoringData/ELDON2_Data/Week16\ELDON2_20250428_061902.wav,20250428
2676,2679,Sturnella magna,Eastern Meadowlark,0.0355,D:/AcousticMonitoringData/ELDON2_Data/Week16\ELDON2_20250428_061902.wav,20250428
2679,2682,Sturnella magna,Eastern Meadowlark,0.0143,D:/AcousticMonitoringData/ELDON2_Data/Week16\ELDON2_20250428_061902.wav,20250428
2682,2685,Sturnella magna,Eastern Meadowlark,0.1673,D:/AcousticMonitoringData/ELDON2_Data/Week16\ELDON2_20250428_061902.wav,20250428
2682,2685,Spizella pusilla,Field Sparrow,0.0376,D:/AcousticMonitoringData/ELDON2_Data/Week16\ELDON2_20250428_061902.wav,20250428
2685,2688,Sturnella magna,Eastern Meadowlark,0.0296,D:/AcousticMonitoringData/ELDON2_Data/Week16\ELDON2_20250428_061902.wav,20250428
2688,2691,Sturnella magna,Eastern Meadowlark,0.0124,D:/AcousticMonitoringData/ELDON2_Data/Week16\ELDON2_20250428_061902.wav,20250428
2691,2694,Sturnella magna,Eastern Meadowlark,0.0632,D:/AcousticMonitoringData/ELDON2_Data/Week16\ELDON2_20250428_061902.wav,20250428
2691,2694,Spizella pusilla,Field Sparrow,0.0125,D:/AcousticMonitoringData/ELDON2_Data/Week16\ELDON2_20250428_061902.wav,20250428
2694,2697,Bartramia longicauda,Upland Sandpiper,0.093,D:/AcousticMonitoringData/ELDON2_Data/Week16\ELDON2_20250428_061902.wav,20250428
2694,2697,Sturnella magna,Eastern Meadowlark,0.0513,D:/AcousticMonitoringData/ELDON2_Data/Week16\ELDON2_20250428_061902.wav,20250428
2697,2700,Bartramia longicauda,Upland Sandpiper,0.0233,D:/AcousticMonitoringData/ELDON2_Data/Week16\ELDON2_20250428_061902.wav,20250428
2697,2700,Sturnella magna,Eastern Meadowlark,0.0152,D:/AcousticMonitoringData/ELDON2_Data/Week16\ELDON2_20250428_061902.wav,20250428
2700,2703,Sturnella magna,Eastern Meadowlark,0.0286,D:/AcousticMonitoringData/ELDON2_Data/Week16\ELDON2_20250428_061902.wav,20250428
2706,2709,Sturnella magna,Eastern Meadowlark,0.9869,D:/AcousticMonitoringData/ELDON2_Data/Week16\ELDON2_20250428_061902.wav,20250428
2709,2712,Sturnella magna,Eastern Meadowlark,0.9031,D:/AcousticMonitoringData/ELDON2_Data/Week16\ELDON2_20250428_061902.wav,20250428
2712,2715,Sturnella magna,Eastern Meadowlark,0.0313,D:/AcousticMonitoringData/ELDON2_Data/Week16\ELDON2_20250428_061902.wav,20250428
2715,2718,Sturnella magna,Eastern Meadowlark,0.366,D:/AcousticMonitoringData/ELDON2_Data/Week16\ELDON2_20250428_061902.wav,20250428
2715,2718,Bartramia longicauda,Upland Sandpiper,0.0221,D:/AcousticMonitoringData/ELDON2_Data/Week16\ELDON2_20250428_061902.wav,20250428
2715,2718,Passerina caerulea,Blue Grosbeak,0.0132,D:/AcousticMonitoringData/ELDON2_Data/Week16\ELDON2_20250428_061902.wav,20250428
2715,2718,Eremophila alpestris,Horned Lark,0.0104,D:/AcousticMonitoringData/ELDON2_Data/Week16\ELDON2_20250428_061902.wav,20250428
2718,2721,Sturnella magna,Eastern Meadowlark,0.1088,D:/AcousticMonitoringData/ELDON2_Data/Week16\ELDON2_20250428_061902.wav,20250428
2721,2724,Sturnella magna,Eastern Meadowlark,0.0996,D:/AcousticMonitoringData/ELDON2_Data/Week16\ELDON2_20250428_061902.wav,20250428
2724,2727,Sturnella magna,Eastern Meadowlark,0.085,D:/AcousticMonitoringData/ELDON2_Data/Week16\ELDON2_20250428_061902.wav,20250428
2727,2730,Sturnella magna,Eastern Meadowlark,0.015,D:/AcousticMonitoringData/ELDON2_Data/Week16\ELDON2_20250428_061902.wav,20250428
2730,2733,Sturnella magna,Eastern Meadowlark,0.1651,D:/AcousticMonitoringData/ELDON2_Data/Week16\ELDON2_20250428_061902.wav,20250428
2730,2733,Eremophila alpestris,Horned Lark,0.0128,D:/AcousticMonitoringData/ELDON2_Data/Week16\ELDON2_20250428_061902.wav,20250428
2733,2736,Sturnella magna,Eastern Meadowlark,0.0492,D:/AcousticMonitoringData/ELDON2_Data/Week16\ELDON2_20250428_061902.wav,20250428
2736,2739,Sturnella magna,Eastern Meadowlark,0.0294,D:/AcousticMonitoringData/ELDON2_Data/Week16\ELDON2_20250428_061902.wav,20250428
2736,2739,Spizella pusilla,Field Sparrow,0.0183,D:/AcousticMonitoringData/ELDON2_Data/Week16\ELDON2_20250428_061902.wav,20250428
2742,2745,Sturnella magna,Eastern Meadowlark,0.0634,D:/AcousticMonitoringData/ELDON2_Data/Week16\ELDON2_20250428_061902.wav,20250428
2745,2748,Sturnella magna,Eastern Meadowlark,0.0416,D:/AcousticMonitoringData/ELDON2_Data/Week16\ELDON2_20250428_061902.wav,20250428
2754,2757,Sturnella magna,Eastern Meadowlark,0.0892,D:/AcousticMonitoringData/ELDON2_Data/Week16\ELDON2_20250428_061902.wav,20250428
2757,2760,Sturnella magna,Eastern Meadowlark,0.0325,D:/AcousticMonitoringData/ELDON2_Data/Week16\ELDON2_20250428_061902.wav,20250428
2760,2763,Sturnella magna,Eastern Meadowlark,0.0829,D:/AcousticMonitoringData/ELDON2_Data/Week16\ELDON2_20250428_061902.wav,20250428
2760,2763,Passerina caerulea,Blue Grosbeak,0.0132,D:/AcousticMonitoringData/ELDON2_Data/Week16\ELDON2_20250428_061902.wav,20250428
2763,2766,Sturnella magna,Eastern Meadowlark,0.0101,D:/AcousticMonitoringData/ELDON2_Data/Week16\ELDON2_20250428_061902.wav,20250428
2766,2769,Sturnella magna,Eastern Meadowlark,0.0122,D:/AcousticMonitoringData/ELDON2_Data/Week16\ELDON2_20250428_061902.wav,20250428
2769,2772,Sturnella magna,Eastern Meadowlark,0.3363,D:/AcousticMonitoringData/ELDON2_Data/Week16\ELDON2_20250428_061902.wav,20250428
2772,2775,Sturnella magna,Eastern Meadowlark,0.2321,D:/AcousticMonitoringData/ELDON2_Data/Week16\ELDON2_20250428_061902.wav,20250428
2775,2778,Sturnella magna,Eastern Meadowlark,0.7756,D:/AcousticMonitoringData/ELDON2_Data/Week16\ELDON2_20250428_061902.wav,20250428
2775,2778,Passerina caerulea,Blue Grosbeak,0.0201,D:/AcousticMonitoringData/ELDON2_Data/Week16\ELDON2_20250428_061902.wav,20250428
2778,2781,Sturnella magna,Eastern Meadowlark,0.9194,D:/AcousticMonitoringData/ELDON2_Data/Week16\ELDON2_20250428_061902.wav,20250428
2778,2781,Bartramia longicauda,Upland Sandpiper,0.0114,D:/AcousticMonitoringData/ELDON2_Data/Week16\ELDON2_20250428_061902.wav,20250428
2778,2781,Spizella pusilla,Field Sparrow,0.0111,D:/AcousticMonitoringData/ELDON2_Data/Week16\ELDON2_20250428_061902.wav,20250428
2778,2781,Passerina caerulea,Blue Grosbeak,0.0108,D:/AcousticMonitoringData/ELDON2_Data/Week16\ELDON2_20250428_061902.wav,20250428
2781,2784,Sturnella magna,Eastern Meadowlark,0.0531,D:/AcousticMonitoringData/ELDON2_Data/Week16\ELDON2_20250428_061902.wav,20250428
2781,2784,Passerina caerulea,Blue Grosbeak,0.0186,D:/AcousticMonitoringData/ELDON2_Data/Week16\ELDON2_20250428_061902.wav,20250428
2784,2787,Passerina caerulea,Blue Grosbeak,0.0182,D:/AcousticMonitoringData/ELDON2_Data/Week16\ELDON2_20250428_061902.wav,20250428
2784,2787,Sturnella magna,Eastern Meadowlark,0.0147,D:/AcousticMonitoringData/ELDON2_Data/Week16\ELDON2_20250428_061902.wav,20250428
2784,2787,Spizella pusilla,Field Sparrow,0.0103,D:/AcousticMonitoringData/ELDON2_Data/Week16\ELDON2_20250428_061902.wav,20250428
2787,2790,Sturnella magna,Eastern Meadowlark,0.9378,D:/AcousticMonitoringData/ELDON2_Data/Week16\ELDON2_20250428_061902.wav,20250428
2790,2793,Sturnella magna,Eastern Meadowlark,0.3504,D:/AcousticMonitoringData/ELDON2_Data/Week16\ELDON2_20250428_061902.wav,20250428
2793,2796,Sturnella magna,Eastern Meadowlark,0.0139,D:/AcousticMonitoringData/ELDON2_Data/Week16\ELDON2_20250428_061902.wav,20250428
2796,2799,Sturnella magna,Eastern Meadowlark,0.8095,D:/AcousticMonitoringData/ELDON2_Data/Week16\ELDON2_20250428_061902.wav,20250428
2802,2805,Sturnella magna,Eastern Meadowlark,0.0164,D:/AcousticMonitoringData/ELDON2_Data/Week16\ELDON2_20250428_061902.wav,20250428
2805,2808,Sturnella magna,Eastern Meadowlark,0.6449,D:/AcousticMonitoringData/ELDON2_Data/Week16\ELDON2_20250428_061902.wav,20250428
2808,2811,Sturnella magna,Eastern Meadowlark,0.262,D:/AcousticMonitoringData/ELDON2_Data/Week16\ELDON2_20250428_061902.wav,20250428
2811,2814,Sturnella magna,Eastern Meadowlark,0.0791,D:/AcousticMonitoringData/ELDON2_Data/Week16\ELDON2_20250428_061902.wav,20250428
2814,2817,Sturnella magna,Eastern Meadowlark,0.9496,D:/AcousticMonitoringData/ELDON2_Data/Week16\ELDON2_20250428_061902.wav,20250428
2814,2817,Bartramia longicauda,Upland Sandpiper,0.0149,D:/AcousticMonitoringData/ELDON2_Data/Week16\ELDON2_20250428_061902.wav,20250428
2817,2820,Sturnella magna,Eastern Meadowlark,0.5784,D:/AcousticMonitoringData/ELDON2_Data/Week16\ELDON2_20250428_061902.wav,20250428
2820,2823,Sturnella magna,Eastern Meadowlark,0.0741,D:/AcousticMonitoringData/ELDON2_Data/Week16\ELDON2_20250428_061902.wav,20250428
2823,2826,Sturnella magna,Eastern Meadowlark,0.6282,D:/AcousticMonitoringData/ELDON2_Data/Week16\ELDON2_20250428_061902.wav,20250428
2823,2826,Bartramia longicauda,Upland Sandpiper,0.0169,D:/AcousticMonitoringData/ELDON2_Data/Week16\ELDON2_20250428_061902.wav,20250428
2826,2829,Sturnella magna,Eastern Meadowlark,0.9243,D:/AcousticMonitoringData/ELDON2_Data/Week16\ELDON2_20250428_061902.wav,20250428
2826,2829,Spizella pusilla,Field Sparrow,0.0101,D:/AcousticMonitoringData/ELDON2_Data/Week16\ELDON2_20250428_061902.wav,20250428
2829,2832,Sturnella magna,Eastern Meadowlark,0.1005,D:/AcousticMonitoringData/ELDON2_Data/Week16\ELDON2_20250428_061902.wav,20250428
2832,2835,Sturnella magna,Eastern Meadowlark,0.0125,D:/AcousticMonitoringData/ELDON2_Data/Week16\ELDON2_20250428_061902.wav,20250428
2835,2838,Sturnella magna,Eastern Meadowlark,0.0615,D:/AcousticMonitoringData/ELDON2_Data/Week16\ELDON2_20250428_061902.wav,20250428
2838,2841,Sturnella magna,Eastern Meadowlark,0.9405,D:/AcousticMonitoringData/ELDON2_Data/Week16\ELDON2_20250428_061902.wav,20250428
2841,2844,Sturnella magna,Eastern Meadowlark,0.5296,D:/AcousticMonitoringData/ELDON2_Data/Week16\ELDON2_20250428_061902.wav,20250428
2844,2847,Sturnella magna,Eastern Meadowlark,0.0647,D:/AcousticMonitoringData/ELDON2_Data/Week16\ELDON2_20250428_061902.wav,20250428
2847,2850,Sturnella magna,Eastern Meadowlark,0.0436,D:/AcousticMonitoringData/ELDON2_Data/Week16\ELDON2_20250428_061902.wav,20250428
2850,2853,Sturnella magna,Eastern Meadowlark,0.9818,D:/AcousticMonitoringData/ELDON2_Data/Week16\ELDON2_20250428_061902.wav,20250428
2853,2856,Sturnella magna,Eastern Meadowlark,0.6598,D:/AcousticMonitoringData/ELDON2_Data/Week16\ELDON2_20250428_061902.wav,20250428
2856,2859,Sturnella magna,Eastern Meadowlark,0.0326,D:/AcousticMonitoringData/ELDON2_Data/Week16\ELDON2_20250428_061902.wav,20250428
2859,2862,Sturnella magna,Eastern Meadowlark,0.0945,D:/AcousticMonitoringData/ELDON2_Data/Week16\ELDON2_20250428_061902.wav,20250428
2862,2865,Sturnella magna,Eastern Meadowlark,0.0493,D:/AcousticMonitoringData/ELDON2_Data/Week16\ELDON2_20250428_061902.wav,20250428
2865,2868,Sturnella magna,Eastern Meadowlark,0.943,D:/AcousticMonitoringData/ELDON2_Data/Week16\ELDON2_20250428_061902.wav,20250428
2868,2871,Sturnella magna,Eastern Meadowlark,0.8355,D:/AcousticMonitoringData/ELDON2_Data/Week16\ELDON2_20250428_061902.wav,20250428
2868,2871,Passerina caerulea,Blue Grosbeak,0.0134,D:/AcousticMonitoringData/ELDON2_Data/Week16\ELDON2_20250428_061902.wav,20250428
2871,2874,Sturnella magna,Eastern Meadowlark,0.3953,D:/AcousticMonitoringData/ELDON2_Data/Week16\ELDON2_20250428_061902.wav,20250428
2874,2877,Sturnella magna,Eastern Meadowlark,0.2014,D:/AcousticMonitoringData/ELDON2_Data/Week16\ELDON2_20250428_061902.wav,20250428
2877,2880,Sturnella magna,Eastern Meadowlark,0.1257,D:/AcousticMonitoringData/ELDON2_Data/Week16\ELDON2_20250428_061902.wav,20250428
2877,2880,Spizella pusilla,Field Sparrow,0.0503,D:/AcousticMonitoringData/ELDON2_Data/Week16\ELDON2_20250428_061902.wav,20250428
2880,2883,Sturnella magna,Eastern Meadowlark,0.0189,D:/AcousticMonitoringData/ELDON2_Data/Week16\ELDON2_20250428_061902.wav,20250428
2883,2886,Sturnella magna,Eastern Meadowlark,0.1724,D:/AcousticMonitoringData/ELDON2_Data/Week16\ELDON2_20250428_061902.wav,20250428
2883,2886,Spizella pusilla,Field Sparrow,0.0199,D:/AcousticMonitoringData/ELDON2_Data/Week16\ELDON2_20250428_061902.wav,20250428
2883,2886,Passerina caerulea,Blue Grosbeak,0.0129,D:/AcousticMonitoringData/ELDON2_Data/Week16\ELDON2_20250428_061902.wav,20250428
2883,2886,Bartramia longicauda,Upland Sandpiper,0.0115,D:/AcousticMonitoringData/ELDON2_Data/Week16\ELDON2_20250428_061902.wav,20250428
2886,2889,Sturnella magna,Eastern Meadowlark,0.1531,D:/AcousticMonitoringData/ELDON2_Data/Week16\ELDON2_20250428_061902.wav,20250428
2886,2889,Passerina caerulea,Blue Grosbeak,0.0266,D:/AcousticMonitoringData/ELDON2_Data/Week16\ELDON2_20250428_061902.wav,20250428
2886,2889,Bartramia longicauda,Upland Sandpiper,0.0114,D:/AcousticMonitoringData/ELDON2_Data/Week16\ELDON2_20250428_061902.wav,20250428
2889,2892,Sturnella magna,Eastern Meadowlark,0.0107,D:/AcousticMonitoringData/ELDON2_Data/Week16\ELDON2_20250428_061902.wav,20250428
2892,2895,Sturnella magna,Eastern Meadowlark,0.173,D:/AcousticMonitoringData/ELDON2_Data/Week16\ELDON2_20250428_061902.wav,20250428
2892,2895,Spizella pusilla,Field Sparrow,0.0118,D:/AcousticMonitoringData/ELDON2_Data/Week16\ELDON2_20250428_061902.wav,20250428
2892,2895,Passerina caerulea,Blue Grosbeak,0.0107,D:/AcousticMonitoringData/ELDON2_Data/Week16\ELDON2_20250428_061902.wav,20250428
2895,2898,Sturnella magna,Eastern Meadowlark,0.017,D:/AcousticMonitoringData/ELDON2_Data/Week16\ELDON2_20250428_061902.wav,20250428
2901,2904,Sturnella magna,Eastern Meadowlark,0.018,D:/AcousticMonitoringData/ELDON2_Data/Week16\ELDON2_20250428_061902.wav,20250428
2901,2904,Geothlypis trichas,Common Yellowthroat,0.0103,D:/AcousticMonitoringData/ELDON2_Data/Week16\ELDON2_20250428_061902.wav,20250428
2904,2907,Sturnella magna,Eastern Meadowlark,0.0547,D:/AcousticMonitoringData/ELDON2_Data/Week16\ELDON2_20250428_061902.wav,20250428
2904,2907,Passerina caerulea,Blue Grosbeak,0.0147,D:/AcousticMonitoringData/ELDON2_Data/Week16\ELDON2_20250428_061902.wav,20250428
2907,2910,Geothlypis trichas,Common Yellowthroat,0.0375,D:/AcousticMonitoringData/ELDON2_Data/Week16\ELDON2_20250428_061902.wav,20250428
2907,2910,Spizella pusilla,Field Sparrow,0.0232,D:/AcousticMonitoringData/ELDON2_Data/Week16\ELDON2_20250428_061902.wav,20250428
2907,2910,Melospiza melodia,Song Sparrow,0.0192,D:/AcousticMonitoringData/ELDON2_Data/Week16\ELDON2_20250428_061902.wav,20250428
2907,2910,Sturnella magna,Eastern Meadowlark,0.0101,D:/AcousticMonitoringData/ELDON2_Data/Week16\ELDON2_20250428_061902.wav,20250428
2910,2913,Sturnella magna,Eastern Meadowlark,0.2565,D:/AcousticMonitoringData/ELDON2_Data/Week16\ELDON2_20250428_061902.wav,20250428
2910,2913,Spizella pusilla,Field Sparrow,0.0293,D:/AcousticMonitoringData/ELDON2_Data/Week16\ELDON2_20250428_061902.wav,20250428
2910,2913,Passerina caerulea,Blue Grosbeak,0.0221,D:/AcousticMonitoringData/ELDON2_Data/Week16\ELDON2_20250428_061902.wav,20250428
2910,2913,Geothlypis trichas,Common Yellowthroat,0.0106,D:/AcousticMonitoringData/ELDON2_Data/Week16\ELDON2_20250428_061902.wav,20250428
2913,2916,Sturnella magna,Eastern Meadowlark,0.0376,D:/AcousticMonitoringData/ELDON2_Data/Week16\ELDON2_20250428_061902.wav,20250428
2913,2916,Bartramia longicauda,Upland Sandpiper,0.0124,D:/AcousticMonitoringData/ELDON2_Data/Week16\ELDON2_20250428_061902.wav,20250428
2916,2919,Sturnella magna,Eastern Meadowlark,0.4938,D:/AcousticMonitoringData/ELDON2_Data/Week16\ELDON2_20250428_061902.wav,20250428
2919,2922,Sturnella magna,Eastern Meadowlark,0.7626,D:/AcousticMonitoringData/ELDON2_Data/Week16\ELDON2_20250428_061902.wav,20250428
2922,2925,Sturnella magna,Eastern Meadowlark,0.0298,D:/AcousticMonitoringData/ELDON2_Data/Week16\ELDON2_20250428_061902.wav,20250428
2922,2925,Spizella pusilla,Field Sparrow,0.0135,D:/AcousticMonitoringData/ELDON2_Data/Week16\ELDON2_20250428_061902.wav,20250428
2925,2928,Sturnella magna,Eastern Meadowlark,0.0127,D:/AcousticMonitoringData/ELDON2_Data/Week16\ELDON2_20250428_061902.wav,20250428
2925,2928,Spizella pusilla,Field Sparrow,0.0124,D:/AcousticMonitoringData/ELDON2_Data/Week16\ELDON2_20250428_061902.wav,20250428
2925,2928,Geothlypis trichas,Common Yellowthroat,0.0116,D:/AcousticMonitoringData/ELDON2_Data/Week16\ELDON2_20250428_061902.wav,20250428
2928,2931,Geothlypis trichas,Common Yellowthroat,0.0303,D:/AcousticMonitoringData/ELDON2_Data/Week16\ELDON2_20250428_061902.wav,20250428
2931,2934,Sturnella magna,Eastern Meadowlark,0.0689,D:/AcousticMonitoringData/ELDON2_Data/Week16\ELDON2_20250428_061902.wav,20250428
2931,2934,Bartramia longicauda,Upland Sandpiper,0.0105,D:/AcousticMonitoringData/ELDON2_Data/Week16\ELDON2_20250428_061902.wav,20250428
2937,2940,Bartramia longicauda,Upland Sandpiper,0.0156,D:/AcousticMonitoringData/ELDON2_Data/Week16\ELDON2_20250428_061902.wav,20250428
2940,2943,Sturnella magna,Eastern Meadowlark,0.0275,D:/AcousticMonitoringData/ELDON2_Data/Week16\ELDON2_20250428_061902.wav,20250428
2943,2946,Sturnella magna,Eastern Meadowlark,0.0352,D:/AcousticMonitoringData/ELDON2_Data/Week16\ELDON2_20250428_061902.wav,20250428
2946,2949,Spizella pusilla,Field Sparrow,0.0185,D:/AcousticMonitoringData/ELDON2_Data/Week16\ELDON2_20250428_061902.wav,20250428
2946,2949,Sturnella magna,Eastern Meadowlark,0.0143,D:/AcousticMonitoringData/ELDON2_Data/Week16\ELDON2_20250428_061902.wav,20250428
2949,2952,Sturnella magna,Eastern Meadowlark,0.0393,D:/AcousticMonitoringData/ELDON2_Data/Week16\ELDON2_20250428_061902.wav,20250428
2952,2955,Sturnella magna,Eastern Meadowlark,0.0218,D:/AcousticMonitoringData/ELDON2_Data/Week16\ELDON2_20250428_061902.wav,20250428
2958,2961,Spizella pusilla,Field Sparrow,0.0256,D:/AcousticMonitoringData/ELDON2_Data/Week16\ELDON2_20250428_061902.wav,20250428
2958,2961,Geothlypis trichas,Common Yellowthroat,0.0252,D:/AcousticMonitoringData/ELDON2_Data/Week16\ELDON2_20250428_061902.wav,20250428
2958,2961,Sturnella magna,Eastern Meadowlark,0.0153,D:/AcousticMonitoringData/ELDON2_Data/Week16\ELDON2_20250428_061902.wav,20250428
2958,2961,Passerina caerulea,Blue Grosbeak,0.0129,D:/AcousticMonitoringData/ELDON2_Data/Week16\ELDON2_20250428_061902.wav,20250428
2958,2961,Melospiza melodia,Song Sparrow,0.0122,D:/AcousticMonitoringData/ELDON2_Data/Week16\ELDON2_20250428_061902.wav,20250428
2961,2964,Sturnella magna,Eastern Meadowlark,0.0219,D:/AcousticMonitoringData/ELDON2_Data/Week16\ELDON2_20250428_061902.wav,20250428
2961,2964,Geothlypis trichas,Common Yellowthroat,0.0108,D:/AcousticMonitoringData/ELDON2_Data/Week16\ELDON2_20250428_061902.wav,20250428
2964,2967,Sturnella magna,Eastern Meadowlark,0.0205,D:/AcousticMonitoringData/ELDON2_Data/Week16\ELDON2_20250428_061902.wav,20250428
2967,2970,Sturnella magna,Eastern Meadowlark,0.4959,D:/AcousticMonitoringData/ELDON2_Data/Week16\ELDON2_20250428_061902.wav,20250428
2967,2970,Passerina caerulea,Blue Grosbeak,0.0186,D:/AcousticMonitoringData/ELDON2_Data/Week16\ELDON2_20250428_061902.wav,20250428
2970,2973,Sturnella magna,Eastern Meadowlark,0.8679,D:/AcousticMonitoringData/ELDON2_Data/Week16\ELDON2_20250428_061902.wav,20250428
2976,2979,Sturnella magna,Eastern Meadowlark,0.0522,D:/AcousticMonitoringData/ELDON2_Data/Week16\ELDON2_20250428_061902.wav,20250428
2976,2979,Spizella pusilla,Field Sparrow,0.0206,D:/AcousticMonitoringData/ELDON2_Data/Week16\ELDON2_20250428_061902.wav,20250428
2976,2979,Bartramia longicauda,Upland Sandpiper,0.018,D:/AcousticMonitoringData/ELDON2_Data/Week16\ELDON2_20250428_061902.wav,20250428
2976,2979,Passerina caerulea,Blue Grosbeak,0.0108,D:/AcousticMonitoringData/ELDON2_Data/Week16\ELDON2_20250428_061902.wav,20250428
2982,2985,Sturnella magna,Eastern Meadowlark,0.0215,D:/AcousticMonitoringData/ELDON2_Data/Week16\ELDON2_20250428_061902.wav,20250428
2985,2988,Bartramia longicauda,Upland Sandpiper,0.0165,D:/AcousticMonitoringData/ELDON2_Data/Week16\ELDON2_20250428_061902.wav,20250428
2988,2991,Sturnella magna,Eastern Meadowlark,0.043,D:/AcousticMonitoringData/ELDON2_Data/Week16\ELDON2_20250428_061902.wav,20250428
2991,2994,Sturnella magna,Eastern Meadowlark,0.0271,D:/AcousticMonitoringData/ELDON2_Data/Week16\ELDON2_20250428_061902.wav,20250428
2991,2994,Bartramia longicauda,Upland Sandpiper,0.016,D:/AcousticMonitoringData/ELDON2_Data/Week16\ELDON2_20250428_061902.wav,20250428
2991,2994,Spizella pusilla,Field Sparrow,0.0125,D:/AcousticMonitoringData/ELDON2_Data/Week16\ELDON2_20250428_061902.wav,20250428
2994,2997,Sturnella magna,Eastern Meadowlark,0.0163,D:/AcousticMonitoringData/ELDON2_Data/Week16\ELDON2_20250428_061902.wav,20250428
2997,3000,Sturnella magna,Eastern Meadowlark,0.0213,D:/AcousticMonitoringData/ELDON2_Data/Week16\ELDON2_20250428_061902.wav,20250428
3000,3003,Sturnella magna,Eastern Meadowlark,0.0355,D:/AcousticMonitoringData/ELDON2_Data/Week16\ELDON2_20250428_061902.wav,20250428
3000,3003,Geothlypis trichas,Common Yellowthroat,0.0117,D:/AcousticMonitoringData/ELDON2_Data/Week16\ELDON2_20250428_061902.wav,20250428
3000,3003,Passerina caerulea,Blue Grosbeak,0.0113,D:/AcousticMonitoringData/ELDON2_Data/Week16\ELDON2_20250428_061902.wav,20250428
3003,3006,Sturnella magna,Eastern Meadowlark,0.7852,D:/AcousticMonitoringData/ELDON2_Data/Week16\ELDON2_20250428_061902.wav,20250428
3003,3006,Bartramia longicauda,Upland Sandpiper,0.0112,D:/AcousticMonitoringData/ELDON2_Data/Week16\ELDON2_20250428_061902.wav,20250428
3006,3009,Melospiza melodia,Song Sparrow,0.019,D:/AcousticMonitoringData/ELDON2_Data/Week16\ELDON2_20250428_061902.wav,20250428
3006,3009,Geothlypis trichas,Common Yellowthroat,0.0183,D:/AcousticMonitoringData/ELDON2_Data/Week16\ELDON2_20250428_061902.wav,20250428
3006,3009,Bartramia longicauda,Upland Sandpiper,0.0174,D:/AcousticMonitoringData/ELDON2_Data/Week16\ELDON2_20250428_061902.wav,20250428
3012,3015,Sturnella magna,Eastern Meadowlark,0.034,D:/AcousticMonitoringData/ELDON2_Data/Week16\ELDON2_20250428_061902.wav,20250428
3012,3015,Bartramia longicauda,Upland Sandpiper,0.0136,D:/AcousticMonitoringData/ELDON2_Data/Week16\ELDON2_20250428_061902.wav,20250428
3015,3018,Spizella pusilla,Field Sparrow,0.0383,D:/AcousticMonitoringData/ELDON2_Data/Week16\ELDON2_20250428_061902.wav,20250428
3015,3018,Passerina caerulea,Blue Grosbeak,0.019,D:/AcousticMonitoringData/ELDON2_Data/Week16\ELDON2_20250428_061902.wav,20250428
3015,3018,Sturnella magna,Eastern Meadowlark,0.0183,D:/AcousticMonitoringData/ELDON2_Data/Week16\ELDON2_20250428_061902.wav,20250428
3015,3018,Geothlypis trichas,Common Yellowthroat,0.0114,D:/AcousticMonitoringData/ELDON2_Data/Week16\ELDON2_20250428_061902.wav,20250428
3018,3021,Sturnella magna,Eastern Meadowlark,0.4987,D:/AcousticMonitoringData/ELDON2_Data/Week16\ELDON2_20250428_061902.wav,20250428
3018,3021,Bartramia longicauda,Upland Sandpiper,0.013,D:/AcousticMonitoringData/ELDON2_Data/Week16\ELDON2_20250428_061902.wav,20250428
3021,3024,Sturnella magna,Eastern Meadowlark,0.0162,D:/AcousticMonitoringData/ELDON2_Data/Week16\ELDON2_20250428_061902.wav,20250428
3021,3024,Melospiza melodia,Song Sparrow,0.0131,D:/AcousticMonitoringData/ELDON2_Data/Week16\ELDON2_20250428_061902.wav,20250428
3021,3024,Spizella pusilla,Field Sparrow,0.01,D:/AcousticMonitoringData/ELDON2_Data/Week16\ELDON2_20250428_061902.wav,20250428
3024,3027,Sturnella magna,Eastern Meadowlark,0.0159,D:/AcousticMonitoringData/ELDON2_Data/Week16\ELDON2_20250428_061902.wav,20250428
3027,3030,Sturnella magna,Eastern Meadowlark,0.1357,D:/AcousticMonitoringData/ELDON2_Data/Week16\ELDON2_20250428_061902.wav,20250428
3027,3030,Passerina caerulea,Blue Grosbeak,0.0161,D:/AcousticMonitoringData/ELDON2_Data/Week16\ELDON2_20250428_061902.wav,20250428
3030,3033,Geothlypis trichas,Common Yellowthroat,0.0197,D:/AcousticMonitoringData/ELDON2_Data/Week16\ELDON2_20250428_061902.wav,20250428
3030,3033,Melospiza melodia,Song Sparrow,0.0189,D:/AcousticMonitoringData/ELDON2_Data/Week16\ELDON2_20250428_061902.wav,20250428
3033,3036,Melospiza melodia,Song Sparrow,0.0166,D:/AcousticMonitoringData/ELDON2_Data/Week16\ELDON2_20250428_061902.wav,20250428
3033,3036,Geothlypis trichas,Common Yellowthroat,0.0134,D:/AcousticMonitoringData/ELDON2_Data/Week16\ELDON2_20250428_061902.wav,20250428
3033,3036,Spizella pusilla,Field Sparrow,0.0107,D:/AcousticMonitoringData/ELDON2_Data/Week16\ELDON2_20250428_061902.wav,20250428
3036,3039,Melospiza melodia,Song Sparrow,0.016,D:/AcousticMonitoringData/ELDON2_Data/Week16\ELDON2_20250428_061902.wav,20250428
3039,3042,Sturnella magna,Eastern Meadowlark,0.3,D:/AcousticMonitoringData/ELDON2_Data/Week16\ELDON2_20250428_061902.wav,20250428
3039,3042,Spizella pusilla,Field Sparrow,0.0239,D:/AcousticMonitoringData/ELDON2_Data/Week16\ELDON2_20250428_061902.wav,20250428
3039,3042,Geothlypis trichas,Common Yellowthroat,0.0178,D:/AcousticMonitoringData/ELDON2_Data/Week16\ELDON2_20250428_061902.wav,20250428
3042,3045,Sturnella magna,Eastern Meadowlark,0.5035,D:/AcousticMonitoringData/ELDON2_Data/Week16\ELDON2_20250428_061902.wav,20250428
3045,3048,Sturnella magna,Eastern Meadowlark,0.029,D:/AcousticMonitoringData/ELDON2_Data/Week16\ELDON2_20250428_061902.wav,20250428
3051,3054,Sturnella magna,Eastern Meadowlark,0.3056,D:/AcousticMonitoringData/ELDON2_Data/Week16\ELDON2_20250428_061902.wav,20250428
3051,3054,Spizella pusilla,Field Sparrow,0.0539,D:/AcousticMonitoringData/ELDON2_Data/Week16\ELDON2_20250428_061902.wav,20250428
3051,3054,Bartramia longicauda,Upland Sandpiper,0.0175,D:/AcousticMonitoringData/ELDON2_Data/Week16\ELDON2_20250428_061902.wav,20250428
3054,3057,Sturnella magna,Eastern Meadowlark,0.026,D:/AcousticMonitoringData/ELDON2_Data/Week16\ELDON2_20250428_061902.wav,20250428
3054,3057,Passerina caerulea,Blue Grosbeak,0.0253,D:/AcousticMonitoringData/ELDON2_Data/Week16\ELDON2_20250428_061902.wav,20250428
3054,3057,Geothlypis trichas,Common Yellowthroat,0.0192,D:/AcousticMonitoringData/ELDON2_Data/Week16\ELDON2_20250428_061902.wav,20250428
3054,3057,Melospiza melodia,Song Sparrow,0.0148,D:/AcousticMonitoringData/ELDON2_Data/Week16\ELDON2_20250428_061902.wav,20250428
3054,3057,Spizella pusilla,Field Sparrow,0.0101,D:/AcousticMonitoringData/ELDON2_Data/Week16\ELDON2_20250428_061902.wav,20250428
3057,3060,Sturnella magna,Eastern Meadowlark,0.1211,D:/AcousticMonitoringData/ELDON2_Data/Week16\ELDON2_20250428_061902.wav,20250428
3057,3060,Bartramia longicauda,Upland Sandpiper,0.01,D:/AcousticMonitoringData/ELDON2_Data/Week16\ELDON2_20250428_061902.wav,20250428
3060,3063,Geothlypis trichas,Common Yellowthroat,0.0247,D:/AcousticMonitoringData/ELDON2_Data/Week16\ELDON2_20250428_061902.wav,20250428
3060,3063,Melospiza melodia,Song Sparrow,0.014,D:/AcousticMonitoringData/ELDON2_Data/Week16\ELDON2_20250428_061902.wav,20250428
3060,3063,Passerina caerulea,Blue Grosbeak,0.0115,D:/AcousticMonitoringData/ELDON2_Data/Week16\ELDON2_20250428_061902.wav,20250428
3066,3069,Geothlypis trichas,Common Yellowthroat,0.0174,D:/AcousticMonitoringData/ELDON2_Data/Week16\ELDON2_20250428_061902.wav,20250428
3066,3069,Sturnella magna,Eastern Meadowlark,0.0131,D:/AcousticMonitoringData/ELDON2_Data/Week16\ELDON2_20250428_061902.wav,20250428
3069,3072,Sturnella magna,Eastern Meadowlark,0.162,D:/AcousticMonitoringData/ELDON2_Data/Week16\ELDON2_20250428_061902.wav,20250428
3069,3072,Geothlypis trichas,Common Yellowthroat,0.0155,D:/AcousticMonitoringData/ELDON2_Data/Week16\ELDON2_20250428_061902.wav,20250428
3069,3072,Spizella pusilla,Field Sparrow,0.0131,D:/AcousticMonitoringData/ELDON2_Data/Week16\ELDON2_20250428_061902.wav,20250428
3072,3075,Sturnella magna,Eastern Meadowlark,0.5247,D:/AcousticMonitoringData/ELDON2_Data/Week16\ELDON2_20250428_061902.wav,20250428
3072,3075,Bartramia longicauda,Upland Sandpiper,0.026,D:/AcousticMonitoringData/ELDON2_Data/Week16\ELDON2_20250428_061902.wav,20250428
3075,3078,Sturnella magna,Eastern Meadowlark,0.0652,D:/AcousticMonitoringData/ELDON2_Data/Week16\ELDON2_20250428_061902.wav,20250428
3075,3078,Bartramia longicauda,Upland Sandpiper,0.0128,D:/AcousticMonitoringData/ELDON2_Data/Week16\ELDON2_20250428_061902.wav,20250428
3078,3081,Sturnella magna,Eastern Meadowlark,0.0432,D:/AcousticMonitoringData/ELDON2_Data/Week16\ELDON2_20250428_061902.wav,20250428
3081,3084,Sturnella magna,Eastern Meadowlark,0.0153,D:/AcousticMonitoringData/ELDON2_Data/Week16\ELDON2_20250428_061902.wav,20250428
3084,3087,Sturnella magna,Eastern Meadowlark,0.0111,D:/AcousticMonitoringData/ELDON2_Data/Week16\ELDON2_20250428_061902.wav,20250428
3087,3090,Sturnella magna,Eastern Meadowlark,0.8883,D:/AcousticMonitoringData/ELDON2_Data/Week16\ELDON2_20250428_061902.wav,20250428
3087,3090,Bartramia longicauda,Upland Sandpiper,0.0232,D:/AcousticMonitoringData/ELDON2_Data/Week16\ELDON2_20250428_061902.wav,20250428
3090,3093,Sturnella magna,Eastern Meadowlark,0.0107,D:/AcousticMonitoringData/ELDON2_Data/Week16\ELDON2_20250428_061902.wav,20250428
3093,3096,Passerina caerulea,Blue Grosbeak,0.0102,D:/AcousticMonitoringData/ELDON2_Data/Week16\ELDON2_20250428_061902.wav,20250428
3096,3099,Sturnella magna,Eastern Meadowlark,0.0126,D:/AcousticMonitoringData/ELDON2_Data/Week16\ELDON2_20250428_061902.wav,20250428
3099,3102,Sturnella magna,Eastern Meadowlark,0.0423,D:/AcousticMonitoringData/ELDON2_Data/Week16\ELDON2_20250428_061902.wav,20250428
3102,3105,Sturnella magna,Eastern Meadowlark,0.0389,D:/AcousticMonitoringData/ELDON2_Data/Week16\ELDON2_20250428_061902.wav,20250428
3102,3105,Spizella pusilla,Field Sparrow,0.0157,D:/AcousticMonitoringData/ELDON2_Data/Week16\ELDON2_20250428_061902.wav,20250428
3105,3108,Sturnella magna,Eastern Meadowlark,0.5375,D:/AcousticMonitoringData/ELDON2_Data/Week16\ELDON2_20250428_061902.wav,20250428
3105,3108,Passerina caerulea,Blue Grosbeak,0.0236,D:/AcousticMonitoringData/ELDON2_Data/Week16\ELDON2_20250428_061902.wav,20250428
3105,3108,Bartramia longicauda,Upland Sandpiper,0.022,D:/AcousticMonitoringData/ELDON2_Data/Week16\ELDON2_20250428_061902.wav,20250428
3105,3108,Spizella pusilla,Field Sparrow,0.0116,D:/AcousticMonitoringData/ELDON2_Data/Week16\ELDON2_20250428_061902.wav,20250428
3108,3111,Sturnella magna,Eastern Meadowlark,0.0157,D:/AcousticMonitoringData/ELDON2_Data/Week16\ELDON2_20250428_061902.wav,20250428
3111,3114,Sturnella magna,Eastern Meadowlark,0.0115,D:/AcousticMonitoringData/ELDON2_Data/Week16\ELDON2_20250428_061902.wav,20250428
3114,3117,Sturnella magna,Eastern Meadowlark,0.0133,D:/AcousticMonitoringData/ELDON2_Data/Week16\ELDON2_20250428_061902.wav,20250428
3117,3120,Sturnella magna,Eastern Meadowlark,0.0305,D:/AcousticMonitoringData/ELDON2_Data/Week16\ELDON2_20250428_061902.wav,20250428
3120,3123,Sturnella magna,Eastern Meadowlark,0.0338,D:/AcousticMonitoringData/ELDON2_Data/Week16\ELDON2_20250428_061902.wav,20250428
3123,3126,Sturnella magna,Eastern Meadowlark,0.0208,D:/AcousticMonitoringData/ELDON2_Data/Week16\ELDON2_20250428_061902.wav,20250428
3126,3129,Sturnella magna,Eastern Meadowlark,0.0243,D:/AcousticMonitoringData/ELDON2_Data/Week16\ELDON2_20250428_061902.wav,20250428
3126,3129,Spizella pusilla,Field Sparrow,0.0224,D:/AcousticMonitoringData/ELDON2_Data/Week16\ELDON2_20250428_061902.wav,20250428
3129,3132,Sturnella magna,Eastern Meadowlark,0.13,D:/AcousticMonitoringData/ELDON2_Data/Week16\ELDON2_20250428_061902.wav,20250428
3129,3132,Spizella pusilla,Field Sparrow,0.0134,D:/AcousticMonitoringData/ELDON2_Data/Week16\ELDON2_20250428_061902.wav,20250428
3132,3135,Spizella pusilla,Field Sparrow,0.0344,D:/AcousticMonitoringData/ELDON2_Data/Week16\ELDON2_20250428_061902.wav,20250428
3141,3144,Sturnella magna,Eastern Meadowlark,0.0194,D:/AcousticMonitoringData/ELDON2_Data/Week16\ELDON2_20250428_061902.wav,20250428
3141,3144,Spizella pusilla,Field Sparrow,0.0169,D:/AcousticMonitoringData/ELDON2_Data/Week16\ELDON2_20250428_061902.wav,20250428
3144,3147,Sturnella magna,Eastern Meadowlark,0.0346,D:/AcousticMonitoringData/ELDON2_Data/Week16\ELDON2_20250428_061902.wav,20250428
3144,3147,Passerina caerulea,Blue Grosbeak,0.0139,D:/AcousticMonitoringData/ELDON2_Data/Week16\ELDON2_20250428_061902.wav,20250428
3147,3150,Sturnella magna,Eastern Meadowlark,0.0108,D:/AcousticMonitoringData/ELDON2_Data/Week16\ELDON2_20250428_061902.wav,20250428
3150,3153,Sturnella magna,Eastern Meadowlark,0.0113,D:/AcousticMonitoringData/ELDON2_Data/Week16\ELDON2_20250428_061902.wav,20250428
3153,3156,Sturnella magna,Eastern Meadowlark,0.036,D:/AcousticMonitoringData/ELDON2_Data/Week16\ELDON2_20250428_061902.wav,20250428
3159,3162,Sturnella magna,Eastern Meadowlark,0.057,D:/AcousticMonitoringData/ELDON2_Data/Week16\ELDON2_20250428_061902.wav,20250428
3162,3165,Sturnella magna,Eastern Meadowlark,0.1122,D:/AcousticMonitoringData/ELDON2_Data/Week16\ELDON2_20250428_061902.wav,20250428
3165,3168,Sturnella magna,Eastern Meadowlark,0.0101,D:/AcousticMonitoringData/ELDON2_Data/Week16\ELDON2_20250428_061902.wav,20250428
3168,3171,Sturnella magna,Eastern Meadowlark,0.1079,D:/AcousticMonitoringData/ELDON2_Data/Week16\ELDON2_20250428_061902.wav,20250428
3171,3174,Sturnella magna,Eastern Meadowlark,0.345,D:/AcousticMonitoringData/ELDON2_Data/Week16\ELDON2_20250428_061902.wav,20250428
3174,3177,Spizella pusilla,Field Sparrow,0.1143,D:/AcousticMonitoringData/ELDON2_Data/Week16\ELDON2_20250428_061902.wav,20250428
3177,3180,Sturnella magna,Eastern Meadowlark,0.1093,D:/AcousticMonitoringData/ELDON2_Data/Week16\ELDON2_20250428_061902.wav,20250428
3177,3180,Spizella pusilla,Field Sparrow,0.038,D:/AcousticMonitoringData/ELDON2_Data/Week16\ELDON2_20250428_061902.wav,20250428
3180,3183,Sturnella magna,Eastern Meadowlark,0.0191,D:/AcousticMonitoringData/ELDON2_Data/Week16\ELDON2_20250428_061902.wav,20250428
3180,3183,Eremophila alpestris,Horned Lark,0.0162,D:/AcousticMonitoringData/ELDON2_Data/Week16\ELDON2_20250428_061902.wav,20250428
3183,3186,Sturnella magna,Eastern Meadowlark,0.0655,D:/AcousticMonitoringData/ELDON2_Data/Week16\ELDON2_20250428_061902.wav,20250428
3186,3189,Sturnella magna,Eastern Meadowlark,0.0252,D:/AcousticMonitoringData/ELDON2_Data/Week16\ELDON2_20250428_061902.wav,20250428
3186,3189,Melospiza melodia,Song Sparrow,0.0106,D:/AcousticMonitoringData/ELDON2_Data/Week16\ELDON2_20250428_061902.wav,20250428
3189,3192,Sturnella magna,Eastern Meadowlark,0.3023,D:/AcousticMonitoringData/ELDON2_Data/Week16\ELDON2_20250428_061902.wav,20250428
3189,3192,Bartramia longicauda,Upland Sandpiper,0.0315,D:/AcousticMonitoringData/ELDON2_Data/Week16\ELDON2_20250428_061902.wav,20250428
3189,3192,Geothlypis trichas,Common Yellowthroat,0.0139,D:/AcousticMonitoringData/ELDON2_Data/Week16\ELDON2_20250428_061902.wav,20250428
3189,3192,Spizella pusilla,Field Sparrow,0.0122,D:/AcousticMonitoringData/ELDON2_Data/Week16\ELDON2_20250428_061902.wav,20250428
3189,3192,Passerina caerulea,Blue Grosbeak,0.0102,D:/AcousticMonitoringData/ELDON2_Data/Week16\ELDON2_20250428_061902.wav,20250428
3192,3195,Sturnella magna,Eastern Meadowlark,0.0363,D:/AcousticMonitoringData/ELDON2_Data/Week16\ELDON2_20250428_061902.wav,20250428
3192,3195,Spizella pusilla,Field Sparrow,0.0107,D:/AcousticMonitoringData/ELDON2_Data/Week16\ELDON2_20250428_061902.wav,20250428
3195,3198,Sturnella magna,Eastern Meadowlark,0.024,D:/AcousticMonitoringData/ELDON2_Data/Week16\ELDON2_20250428_061902.wav,20250428
3198,3201,Sturnella magna,Eastern Meadowlark,0.2539,D:/AcousticMonitoringData/ELDON2_Data/Week16\ELDON2_20250428_061902.wav,20250428
3198,3201,Spizella pusilla,Field Sparrow,0.0291,D:/AcousticMonitoringData/ELDON2_Data/Week16\ELDON2_20250428_061902.wav,20250428
3198,3201,Eremophila alpestris,Horned Lark,0.02,D:/AcousticMonitoringData/ELDON2_Data/Week16\ELDON2_20250428_061902.wav,20250428
3198,3201,Bartramia longicauda,Upland Sandpiper,0.0188,D:/AcousticMonitoringData/ELDON2_Data/Week16\ELDON2_20250428_061902.wav,20250428
3201,3204,Sturnella magna,Eastern Meadowlark,0.0897,D:/AcousticMonitoringData/ELDON2_Data/Week16\ELDON2_20250428_061902.wav,20250428
3201,3204,Spizella pusilla,Field Sparrow,0.0197,D:/AcousticMonitoringData/ELDON2_Data/Week16\ELDON2_20250428_061902.wav,20250428
3204,3207,Sturnella magna,Eastern Meadowlark,0.0118,D:/AcousticMonitoringData/ELDON2_Data/Week16\ELDON2_20250428_061902.wav,20250428
3207,3210,Sturnella magna,Eastern Meadowlark,0.017,D:/AcousticMonitoringData/ELDON2_Data/Week16\ELDON2_20250428_061902.wav,20250428
3207,3210,Spizella pusilla,Field Sparrow,0.0127,D:/AcousticMonitoringData/ELDON2_Data/Week16\ELDON2_20250428_061902.wav,20250428
3207,3210,Passerina caerulea,Blue Grosbeak,0.0103,D:/AcousticMonitoringData/ELDON2_Data/Week16\ELDON2_20250428_061902.wav,20250428
3210,3213,Sturnella magna,Eastern Meadowlark,0.88,D:/AcousticMonitoringData/ELDON2_Data/Week16\ELDON2_20250428_061902.wav,20250428
3210,3213,Bartramia longicauda,Upland Sandpiper,0.0149,D:/AcousticMonitoringData/ELDON2_Data/Week16\ELDON2_20250428_061902.wav,20250428
3213,3216,Sturnella magna,Eastern Meadowlark,0.4478,D:/AcousticMonitoringData/ELDON2_Data/Week16\ELDON2_20250428_061902.wav,20250428
3213,3216,Bartramia longicauda,Upland Sandpiper,0.019,D:/AcousticMonitoringData/ELDON2_Data/Week16\ELDON2_20250428_061902.wav,20250428
3213,3216,Spizella pusilla,Field Sparrow,0.0135,D:/AcousticMonitoringData/ELDON2_Data/Week16\ELDON2_20250428_061902.wav,20250428
3216,3219,Sturnella magna,Eastern Meadowlark,0.0244,D:/AcousticMonitoringData/ELDON2_Data/Week16\ELDON2_20250428_061902.wav,20250428
3219,3222,Sturnella magna,Eastern Meadowlark,0.0174,D:/AcousticMonitoringData/ELDON2_Data/Week16\ELDON2_20250428_061902.wav,20250428
3222,3225,Spizella pusilla,Field Sparrow,0.0377,D:/AcousticMonitoringData/ELDON2_Data/Week16\ELDON2_20250428_061902.wav,20250428
3222,3225,Sturnella magna,Eastern Meadowlark,0.0358,D:/AcousticMonitoringData/ELDON2_Data/Week16\ELDON2_20250428_061902.wav,20250428
3222,3225,Geothlypis trichas,Common Yellowthroat,0.0284,D:/AcousticMonitoringData/ELDON2_Data/Week16\ELDON2_20250428_061902.wav,20250428
3222,3225,Passerina caerulea,Blue Grosbeak,0.0108,D:/AcousticMonitoringData/ELDON2_Data/Week16\ELDON2_20250428_061902.wav,20250428
3225,3228,Sturnella magna,Eastern Meadowlark,0.0703,D:/AcousticMonitoringData/ELDON2_Data/Week16\ELDON2_20250428_061902.wav,20250428
3225,3228,Eremophila alpestris,Horned Lark,0.0142,D:/AcousticMonitoringData/ELDON2_Data/Week16\ELDON2_20250428_061902.wav,20250428
3228,3231,Sturnella magna,Eastern Meadowlark,0.0645,D:/AcousticMonitoringData/ELDON2_Data/Week16\ELDON2_20250428_061902.wav,20250428
3228,3231,Spizella pusilla,Field Sparrow,0.0312,D:/AcousticMonitoringData/ELDON2_Data/Week16\ELDON2_20250428_061902.wav,20250428
3228,3231,Passerina caerulea,Blue Grosbeak,0.0237,D:/AcousticMonitoringData/ELDON2_Data/Week16\ELDON2_20250428_061902.wav,20250428
3228,3231,Geothlypis trichas,Common Yellowthroat,0.01,D:/AcousticMonitoringData/ELDON2_Data/Week16\ELDON2_20250428_061902.wav,20250428
3231,3234,Sturnella magna,Eastern Meadowlark,0.1762,D:/AcousticMonitoringData/ELDON2_Data/Week16\ELDON2_20250428_061902.wav,20250428
3231,3234,Spizella pusilla,Field Sparrow,0.0196,D:/AcousticMonitoringData/ELDON2_Data/Week16\ELDON2_20250428_061902.wav,20250428
3234,3237,Sturnella magna,Eastern Meadowlark,0.0148,D:/AcousticMonitoringData/ELDON2_Data/Week16\ELDON2_20250428_061902.wav,20250428
3237,3240,Sturnella magna,Eastern Meadowlark,0.0133,D:/AcousticMonitoringData/ELDON2_Data/Week16\ELDON2_20250428_061902.wav,20250428
3240,3243,Sturnella magna,Eastern Meadowlark,0.0236,D:/AcousticMonitoringData/ELDON2_Data/Week16\ELDON2_20250428_061902.wav,20250428
3243,3246,Sturnella magna,Eastern Meadowlark,0.0743,D:/AcousticMonitoringData/ELDON2_Data/Week16\ELDON2_20250428_061902.wav,20250428
3243,3246,Spizella pusilla,Field Sparrow,0.0235,D:/AcousticMonitoringData/ELDON2_Data/Week16\ELDON2_20250428_061902.wav,20250428
3243,3246,Passerina caerulea,Blue Grosbeak,0.0149,D:/AcousticMonitoringData/ELDON2_Data/Week16\ELDON2_20250428_061902.wav,20250428
3243,3246,Bartramia longicauda,Upland Sandpiper,0.0104,D:/AcousticMonitoringData/ELDON2_Data/Week16\ELDON2_20250428_061902.wav,20250428
3246,3249,Sturnella magna,Eastern Meadowlark,0.0271,D:/AcousticMonitoringData/ELDON2_Data/Week16\ELDON2_20250428_061902.wav,20250428
3249,3252,Sturnella magna,Eastern Meadowlark,0.0352,D:/AcousticMonitoringData/ELDON2_Data/Week16\ELDON2_20250428_061902.wav,20250428
3252,3255,Sturnella magna,Eastern Meadowlark,0.0111,D:/AcousticMonitoringData/ELDON2_Data/Week16\ELDON2_20250428_061902.wav,20250428
3255,3258,Sturnella magna,Eastern Meadowlark,0.0272,D:/AcousticMonitoringData/ELDON2_Data/Week16\ELDON2_20250428_061902.wav,20250428
3258,3261,Sturnella magna,Eastern Meadowlark,0.0155,D:/AcousticMonitoringData/ELDON2_Data/Week16\ELDON2_20250428_061902.wav,20250428
3258,3261,Spizella pusilla,Field Sparrow,0.0103,D:/AcousticMonitoringData/ELDON2_Data/Week16\ELDON2_20250428_061902.wav,20250428
3264,3267,Sturnella magna,Eastern Meadowlark,0.0168,D:/AcousticMonitoringData/ELDON2_Data/Week16\ELDON2_20250428_061902.wav,20250428
3264,3267,Spizella pusilla,Field Sparrow,0.0107,D:/AcousticMonitoringData/ELDON2_Data/Week16\ELDON2_20250428_061902.wav,20250428
3267,3270,Sturnella magna,Eastern Meadowlark,0.0355,D:/AcousticMonitoringData/ELDON2_Data/Week16\ELDON2_20250428_061902.wav,20250428
3270,3273,Sturnella magna,Eastern Meadowlark,0.023,D:/AcousticMonitoringData/ELDON2_Data/Week16\ELDON2_20250428_061902.wav,20250428
3273,3276,Sturnella magna,Eastern Meadowlark,0.1947,D:/AcousticMonitoringData/ELDON2_Data/Week16\ELDON2_20250428_061902.wav,20250428
3273,3276,Bartramia longicauda,Upland Sandpiper,0.0302,D:/AcousticMonitoringData/ELDON2_Data/Week16\ELDON2_20250428_061902.wav,20250428
3273,3276,Passerina caerulea,Blue Grosbeak,0.0195,D:/AcousticMonitoringData/ELDON2_Data/Week16\ELDON2_20250428_061902.wav,20250428
3276,3279,Sturnella magna,Eastern Meadowlark,0.0449,D:/AcousticMonitoringData/ELDON2_Data/Week16\ELDON2_20250428_061902.wav,20250428
3279,3282,Sturnella magna,Eastern Meadowlark,0.0243,D:/AcousticMonitoringData/ELDON2_Data/Week16\ELDON2_20250428_061902.wav,20250428
3279,3282,Bartramia longicauda,Upland Sandpiper,0.013,D:/AcousticMonitoringData/ELDON2_Data/Week16\ELDON2_20250428_061902.wav,20250428
3282,3285,Sturnella magna,Eastern Meadowlark,0.0228,D:/AcousticMonitoringData/ELDON2_Data/Week16\ELDON2_20250428_061902.wav,20250428
3285,3288,Sturnella magna,Eastern Meadowlark,0.0956,D:/AcousticMonitoringData/ELDON2_Data/Week16\ELDON2_20250428_061902.wav,20250428
3285,3288,Passerina caerulea,Blue Grosbeak,0.0145,D:/AcousticMonitoringData/ELDON2_Data/Week16\ELDON2_20250428_061902.wav,20250428
3285,3288,Geothlypis trichas,Common Yellowthroat,0.0108,D:/AcousticMonitoringData/ELDON2_Data/Week16\ELDON2_20250428_061902.wav,20250428
3285,3288,Eremophila alpestris,Horned Lark,0.0104,D:/AcousticMonitoringData/ELDON2_Data/Week16\ELDON2_20250428_061902.wav,20250428
3288,3291,Sturnella magna,Eastern Meadowlark,0.1779,D:/AcousticMonitoringData/ELDON2_Data/Week16\ELDON2_20250428_061902.wav,20250428
3288,3291,Passerina caerulea,Blue Grosbeak,0.0115,D:/AcousticMonitoringData/ELDON2_Data/Week16\ELDON2_20250428_061902.wav,20250428
3288,3291,Geothlypis trichas,Common Yellowthroat,0.0101,D:/AcousticMonitoringData/ELDON2_Data/Week16\ELDON2_20250428_061902.wav,20250428
3291,3294,Sturnella magna,Eastern Meadowlark,0.0125,D:/AcousticMonitoringData/ELDON2_Data/Week16\ELDON2_20250428_061902.wav,20250428
3294,3297,Sturnella magna,Eastern Meadowlark,0.0743,D:/AcousticMonitoringData/ELDON2_Data/Week16\ELDON2_20250428_061902.wav,20250428
3294,3297,Spizella pusilla,Field Sparrow,0.0313,D:/AcousticMonitoringData/ELDON2_Data/Week16\ELDON2_20250428_061902.wav,20250428
3294,3297,Geothlypis trichas,Common Yellowthroat,0.0274,D:/AcousticMonitoringData/ELDON2_Data/Week16\ELDON2_20250428_061902.wav,20250428
3294,3297,Passerina caerulea,Blue Grosbeak,0.0114,D:/AcousticMonitoringData/ELDON2_Data/Week16\ELDON2_20250428_061902.wav,20250428
3294,3297,Melospiza melodia,Song Sparrow,0.0112,D:/AcousticMonitoringData/ELDON2_Data/Week16\ELDON2_20250428_061902.wav,20250428
3297,3300,Melospiza melodia,Song Sparrow,0.0198,D:/AcousticMonitoringData/ELDON2_Data/Week16\ELDON2_20250428_061902.wav,20250428
3297,3300,Sturnella magna,Eastern Meadowlark,0.0192,D:/AcousticMonitoringData/ELDON2_Data/Week16\ELDON2_20250428_061902.wav,20250428
3297,3300,Geothlypis trichas,Common Yellowthroat,0.0137,D:/AcousticMonitoringData/ELDON2_Data/Week16\ELDON2_20250428_061902.wav,20250428
3300,3303,Sturnella magna,Eastern Meadowlark,0.056,D:/AcousticMonitoringData/ELDON2_Data/Week16\ELDON2_20250428_061902.wav,20250428
3300,3303,Geothlypis trichas,Common Yellowthroat,0.0235,D:/AcousticMonitoringData/ELDON2_Data/Week16\ELDON2_20250428_061902.wav,20250428
3300,3303,Bartramia longicauda,Upland Sandpiper,0.0174,D:/AcousticMonitoringData/ELDON2_Data/Week16\ELDON2_20250428_061902.wav,20250428
3300,3303,Spizella pusilla,Field Sparrow,0.0127,D:/AcousticMonitoringData/ELDON2_Data/Week16\ELDON2_20250428_061902.wav,20250428
3300,3303,Melospiza melodia,Song Sparrow,0.0101,D:/AcousticMonitoringData/ELDON2_Data/Week16\ELDON2_20250428_061902.wav,20250428
3303,3306,Sturnella magna,Eastern Meadowlark,0.0442,D:/AcousticMonitoringData/ELDON2_Data/Week16\ELDON2_20250428_061902.wav,20250428
3303,3306,Geothlypis trichas,Common Yellowthroat,0.0183,D:/AcousticMonitoringData/ELDON2_Data/Week16\ELDON2_20250428_061902.wav,20250428
3306,3309,Sturnella magna,Eastern Meadowlark,0.0116,D:/AcousticMonitoringData/ELDON2_Data/Week16\ELDON2_20250428_061902.wav,20250428
3309,3312,Sturnella magna,Eastern Meadowlark,0.1314,D:/AcousticMonitoringData/ELDON2_Data/Week16\ELDON2_20250428_061902.wav,20250428
3309,3312,Bartramia longicauda,Upland Sandpiper,0.0653,D:/AcousticMonitoringData/ELDON2_Data/Week16\ELDON2_20250428_061902.wav,20250428
3312,3315,Sturnella magna,Eastern Meadowlark,0.088,D:/AcousticMonitoringData/ELDON2_Data/Week16\ELDON2_20250428_061902.wav,20250428
3312,3315,Spizella pusilla,Field Sparrow,0.0679,D:/AcousticMonitoringData/ELDON2_Data/Week16\ELDON2_20250428_061902.wav,20250428
3312,3315,Geothlypis trichas,Common Yellowthroat,0.0145,D:/AcousticMonitoringData/ELDON2_Data/Week16\ELDON2_20250428_061902.wav,20250428
3312,3315,Melospiza melodia,Song Sparrow,0.0127,D:/AcousticMonitoringData/ELDON2_Data/Week16\ELDON2_20250428_061902.wav,20250428
3315,3318,Sturnella magna,Eastern Meadowlark,0.0239,D:/AcousticMonitoringData/ELDON2_Data/Week16\ELDON2_20250428_061902.wav,20250428
3315,3318,Geothlypis trichas,Common Yellowthroat,0.0217,D:/AcousticMonitoringData/ELDON2_Data/Week16\ELDON2_20250428_061902.wav,20250428
3315,3318,Melospiza melodia,Song Sparrow,0.0103,D:/AcousticMonitoringData/ELDON2_Data/Week16\ELDON2_20250428_061902.wav,20250428
3318,3321,Sturnella magna,Eastern Meadowlark,0.0271,D:/AcousticMonitoringData/ELDON2_Data/Week16\ELDON2_20250428_061902.wav,20250428
3318,3321,Geothlypis trichas,Common Yellowthroat,0.0249,D:/AcousticMonitoringData/ELDON2_Data/Week16\ELDON2_20250428_061902.wav,20250428
3318,3321,Passerina caerulea,Blue Grosbeak,0.0132,D:/AcousticMonitoringData/ELDON2_Data/Week16\ELDON2_20250428_061902.wav,20250428
3324,3327,Sturnella magna,Eastern Meadowlark,0.0536,D:/AcousticMonitoringData/ELDON2_Data/Week16\ELDON2_20250428_061902.wav,20250428
3324,3327,Geothlypis trichas,Common Yellowthroat,0.0298,D:/AcousticMonitoringData/ELDON2_Data/Week16\ELDON2_20250428_061902.wav,20250428
3324,3327,Spizella pusilla,Field Sparrow,0.0111,D:/AcousticMonitoringData/ELDON2_Data/Week16\ELDON2_20250428_061902.wav,20250428
3327,3330,Sturnella magna,Eastern Meadowlark,0.964,D:/AcousticMonitoringData/ELDON2_Data/Week16\ELDON2_20250428_061902.wav,20250428
3330,3333,Bartramia longicauda,Upland Sandpiper,0.0458,D:/AcousticMonitoringData/ELDON2_Data/Week16\ELDON2_20250428_061902.wav,20250428
3330,3333,Geothlypis trichas,Common Yellowthroat,0.0148,D:/AcousticMonitoringData/ELDON2_Data/Week16\ELDON2_20250428_061902.wav,20250428
3330,3333,Sturnella magna,Eastern Meadowlark,0.0102,D:/AcousticMonitoringData/ELDON2_Data/Week16\ELDON2_20250428_061902.wav,20250428
3333,3336,Geothlypis trichas,Common Yellowthroat,0.1214,D:/AcousticMonitoringData/ELDON2_Data/Week16\ELDON2_20250428_061902.wav,20250428
3333,3336,Spizella pusilla,Field Sparrow,0.0529,D:/AcousticMonitoringData/ELDON2_Data/Week16\ELDON2_20250428_061902.wav,20250428
3333,3336,Sturnella magna,Eastern Meadowlark,0.0158,D:/AcousticMonitoringData/ELDON2_Data/Week16\ELDON2_20250428_061902.wav,20250428
3333,3336,Passerina caerulea,Blue Grosbeak,0.0112,D:/AcousticMonitoringData/ELDON2_Data/Week16\ELDON2_20250428_061902.wav,20250428
3336,3339,Sturnella magna,Eastern Meadowlark,0.8914,D:/AcousticMonitoringData/ELDON2_Data/Week16\ELDON2_20250428_061902.wav,20250428
3336,3339,Passerina caerulea,Blue Grosbeak,0.0166,D:/AcousticMonitoringData/ELDON2_Data/Week16\ELDON2_20250428_061902.wav,20250428
3339,3342,Geothlypis trichas,Common Yellowthroat,0.0103,D:/AcousticMonitoringData/ELDON2_Data/Week16\ELDON2_20250428_061902.wav,20250428
3342,3345,Sturnella magna,Eastern Meadowlark,0.876,D:/AcousticMonitoringData/ELDON2_Data/Week16\ELDON2_20250428_061902.wav,20250428
3345,3348,Sturnella magna,Eastern Meadowlark,0.0157,D:/AcousticMonitoringData/ELDON2_Data/Week16\ELDON2_20250428_061902.wav,20250428
3345,3348,Geothlypis trichas,Common Yellowthroat,0.0146,D:/AcousticMonitoringData/ELDON2_Data/Week16\ELDON2_20250428_061902.wav,20250428
3348,3351,Sturnella magna,Eastern Meadowlark,0.8474,D:/AcousticMonitoringData/ELDON2_Data/Week16\ELDON2_20250428_061902.wav,20250428
3351,3354,Sturnella magna,Eastern Meadowlark,0.0247,D:/AcousticMonitoringData/ELDON2_Data/Week16\ELDON2_20250428_061902.wav,20250428
3351,3354,Geothlypis trichas,Common Yellowthroat,0.0217,D:/AcousticMonitoringData/ELDON2_Data/Week16\ELDON2_20250428_061902.wav,20250428
3351,3354,Melospiza melodia,Song Sparrow,0.0113,D:/AcousticMonitoringData/ELDON2_Data/Week16\ELDON2_20250428_061902.wav,20250428
3354,3357,Sturnella magna,Eastern Meadowlark,0.9061,D:/AcousticMonitoringData/ELDON2_Data/Week16\ELDON2_20250428_061902.wav,20250428
3354,3357,Passerina caerulea,Blue Grosbeak,0.0221,D:/AcousticMonitoringData/ELDON2_Data/Week16\ELDON2_20250428_061902.wav,20250428
3357,3360,Sturnella magna,Eastern Meadowlark,0.09,D:/AcousticMonitoringData/ELDON2_Data/Week16\ELDON2_20250428_061902.wav,20250428
3360,3363,Sturnella magna,Eastern Meadowlark,0.9482,D:/AcousticMonitoringData/ELDON2_Data/Week16\ELDON2_20250428_061902.wav,20250428
3360,3363,Passerina caerulea,Blue Grosbeak,0.0258,D:/AcousticMonitoringData/ELDON2_Data/Week16\ELDON2_20250428_061902.wav,20250428
3360,3363,Bartramia longicauda,Upland Sandpiper,0.0171,D:/AcousticMonitoringData/ELDON2_Data/Week16\ELDON2_20250428_061902.wav,20250428
3363,3366,Geothlypis trichas,Common Yellowthroat,0.0451,D:/AcousticMonitoringData/ELDON2_Data/Week16\ELDON2_20250428_061902.wav,20250428
3363,3366,Spizella pusilla,Field Sparrow,0.04,D:/AcousticMonitoringData/ELDON2_Data/Week16\ELDON2_20250428_061902.wav,20250428
3363,3366,Melospiza melodia,Song Sparrow,0.0183,D:/AcousticMonitoringData/ELDON2_Data/Week16\ELDON2_20250428_061902.wav,20250428
3366,3369,Sturnella magna,Eastern Meadowlark,0.9398,D:/AcousticMonitoringData/ELDON2_Data/Week16\ELDON2_20250428_061902.wav,20250428
3369,3372,Sturnella magna,Eastern Meadowlark,0.2282,D:/AcousticMonitoringData/ELDON2_Data/Week16\ELDON2_20250428_061902.wav,20250428
3369,3372,Geothlypis trichas,Common Yellowthroat,0.0442,D:/AcousticMonitoringData/ELDON2_Data/Week16\ELDON2_20250428_061902.wav,20250428
3369,3372,Spizella pusilla,Field Sparrow,0.0161,D:/AcousticMonitoringData/ELDON2_Data/Week16\ELDON2_20250428_061902.wav,20250428
3372,3375,Sturnella magna,Eastern Meadowlark,0.1522,D:/AcousticMonitoringData/ELDON2_Data/Week16\ELDON2_20250428_061902.wav,20250428
3375,3378,Sturnella magna,Eastern Meadowlark,0.0448,D:/AcousticMonitoringData/ELDON2_Data/Week16\ELDON2_20250428_061902.wav,20250428
3375,3378,Geothlypis trichas,Common Yellowthroat,0.0138,D:/AcousticMonitoringData/ELDON2_Data/Week16\ELDON2_20250428_061902.wav,20250428
3375,3378,Spizella pusilla,Field Sparrow,0.0132,D:/AcousticMonitoringData/ELDON2_Data/Week16\ELDON2_20250428_061902.wav,20250428
3378,3381,Sturnella magna,Eastern Meadowlark,0.0177,D:/AcousticMonitoringData/ELDON2_Data/Week16\ELDON2_20250428_061902.wav,20250428
3381,3384,Sturnella magna,Eastern Meadowlark,0.0228,D:/AcousticMonitoringData/ELDON2_Data/Week16\ELDON2_20250428_061902.wav,20250428
3384,3387,Sturnella magna,Eastern Meadowlark,0.8838,D:/AcousticMonitoringData/ELDON2_Data/Week16\ELDON2_20250428_061902.wav,20250428
3387,3390,Geothlypis trichas,Common Yellowthroat,0.0194,D:/AcousticMonitoringData/ELDON2_Data/Week16\ELDON2_20250428_061902.wav,20250428
3387,3390,Spizella pusilla,Field Sparrow,0.0165,D:/AcousticMonitoringData/ELDON2_Data/Week16\ELDON2_20250428_061902.wav,20250428
3387,3390,Sturnella magna,Eastern Meadowlark,0.0163,D:/AcousticMonitoringData/ELDON2_Data/Week16\ELDON2_20250428_061902.wav,20250428
3390,3393,Sturnella magna,Eastern Meadowlark,0.0164,D:/AcousticMonitoringData/ELDON2_Data/Week16\ELDON2_20250428_061902.wav,20250428
3393,3396,Sturnella magna,Eastern Meadowlark,0.8062,D:/AcousticMonitoringData/ELDON2_Data/Week16\ELDON2_20250428_061902.wav,20250428
3396,3399,Geothlypis trichas,Common Yellowthroat,0.0278,D:/AcousticMonitoringData/ELDON2_Data/Week16\ELDON2_20250428_061902.wav,20250428
3396,3399,Sturnella magna,Eastern Meadowlark,0.0228,D:/AcousticMonitoringData/ELDON2_Data/Week16\ELDON2_20250428_061902.wav,20250428
3399,3402,Geothlypis trichas,Common Yellowthroat,0.0441,D:/AcousticMonitoringData/ELDON2_Data/Week16\ELDON2_20250428_061902.wav,20250428
3399,3402,Sturnella magna,Eastern Meadowlark,0.0254,D:/AcousticMonitoringData/ELDON2_Data/Week16\ELDON2_20250428_061902.wav,20250428
3399,3402,Bartramia longicauda,Upland Sandpiper,0.0246,D:/AcousticMonitoringData/ELDON2_Data/Week16\ELDON2_20250428_061902.wav,20250428
3402,3405,Sturnella magna,Eastern Meadowlark,0.0667,D:/AcousticMonitoringData/ELDON2_Data/Week16\ELDON2_20250428_061902.wav,20250428
3402,3405,Spizella pusilla,Field Sparrow,0.0376,D:/AcousticMonitoringData/ELDON2_Data/Week16\ELDON2_20250428_061902.wav,20250428
3402,3405,Geothlypis trichas,Common Yellowthroat,0.0154,D:/AcousticMonitoringData/ELDON2_Data/Week16\ELDON2_20250428_061902.wav,20250428
3405,3408,Sturnella magna,Eastern Meadowlark,0.9295,D:/AcousticMonitoringData/ELDON2_Data/Week16\ELDON2_20250428_061902.wav,20250428
3405,3408,Passerina caerulea,Blue Grosbeak,0.0173,D:/AcousticMonitoringData/ELDON2_Data/Week16\ELDON2_20250428_061902.wav,20250428
3408,3411,Sturnella magna,Eastern Meadowlark,0.0268,D:/AcousticMonitoringData/ELDON2_Data/Week16\ELDON2_20250428_061902.wav,20250428
3408,3411,Bartramia longicauda,Upland Sandpiper,0.0101,D:/AcousticMonitoringData/ELDON2_Data/Week16\ELDON2_20250428_061902.wav,20250428
3411,3414,Sturnella magna,Eastern Meadowlark,0.0319,D:/AcousticMonitoringData/ELDON2_Data/Week16\ELDON2_20250428_061902.wav,20250428
3414,3417,Sturnella magna,Eastern Meadowlark,0.0135,D:/AcousticMonitoringData/ELDON2_Data/Week16\ELDON2_20250428_061902.wav,20250428
3417,3420,Sturnella magna,Eastern Meadowlark,0.0142,D:/AcousticMonitoringData/ELDON2_Data/Week16\ELDON2_20250428_061902.wav,20250428
3420,3423,Passerina caerulea,Blue Grosbeak,0.0167,D:/AcousticMonitoringData/ELDON2_Data/Week16\ELDON2_20250428_061902.wav,20250428
3420,3423,Geothlypis trichas,Common Yellowthroat,0.0144,D:/AcousticMonitoringData/ELDON2_Data/Week16\ELDON2_20250428_061902.wav,20250428
3420,3423,Sturnella magna,Eastern Meadowlark,0.0137,D:/AcousticMonitoringData/ELDON2_Data/Week16\ELDON2_20250428_061902.wav,20250428
3420,3423,Spizella pusilla,Field Sparrow,0.0117,D:/AcousticMonitoringData/ELDON2_Data/Week16\ELDON2_20250428_061902.wav,20250428
3423,3426,Sturnella magna,Eastern Meadowlark,0.148,D:/AcousticMonitoringData/ELDON2_Data/Week16\ELDON2_20250428_061902.wav,20250428
3423,3426,Spizella pusilla,Field Sparrow,0.0115,D:/AcousticMonitoringData/ELDON2_Data/Week16\ELDON2_20250428_061902.wav,20250428
3426,3429,Sturnella magna,Eastern Meadowlark,0.2249,D:/AcousticMonitoringData/ELDON2_Data/Week16\ELDON2_20250428_061902.wav,20250428
3429,3432,Sturnella magna,Eastern Meadowlark,0.0141,D:/AcousticMonitoringData/ELDON2_Data/Week16\ELDON2_20250428_061902.wav,20250428
3432,3435,Sturnella magna,Eastern Meadowlark,0.262,D:/AcousticMonitoringData/ELDON2_Data/Week16\ELDON2_20250428_061902.wav,20250428
3435,3438,Sturnella magna,Eastern Meadowlark,0.7521,D:/AcousticMonitoringData/ELDON2_Data/Week16\ELDON2_20250428_061902.wav,20250428
3435,3438,Passerina caerulea,Blue Grosbeak,0.0199,D:/AcousticMonitoringData/ELDON2_Data/Week16\ELDON2_20250428_061902.wav,20250428
3438,3441,Sturnella magna,Eastern Meadowlark,0.9815,D:/AcousticMonitoringData/ELDON2_Data/Week16\ELDON2_20250428_061902.wav,20250428
3438,3441,Passerina caerulea,Blue Grosbeak,0.0243,D:/AcousticMonitoringData/ELDON2_Data/Week16\ELDON2_20250428_061902.wav,20250428
3441,3444,Sturnella magna,Eastern Meadowlark,0.0611,D:/AcousticMonitoringData/ELDON2_Data/Week16\ELDON2_20250428_061902.wav,20250428
3441,3444,Spizella pusilla,Field Sparrow,0.0517,D:/AcousticMonitoringData/ELDON2_Data/Week16\ELDON2_20250428_061902.wav,20250428
3441,3444,Passerina caerulea,Blue Grosbeak,0.0306,D:/AcousticMonitoringData/ELDON2_Data/Week16\ELDON2_20250428_061902.wav,20250428
3441,3444,Geothlypis trichas,Common Yellowthroat,0.0157,D:/AcousticMonitoringData/ELDON2_Data/Week16\ELDON2_20250428_061902.wav,20250428
3444,3447,Sturnella magna,Eastern Meadowlark,0.0203,D:/AcousticMonitoringData/ELDON2_Data/Week16\ELDON2_20250428_061902.wav,20250428
3444,3447,Geothlypis trichas,Common Yellowthroat,0.0116,D:/AcousticMonitoringData/ELDON2_Data/Week16\ELDON2_20250428_061902.wav,20250428
3447,3450,Sturnella magna,Eastern Meadowlark,0.0932,D:/AcousticMonitoringData/ELDON2_Data/Week16\ELDON2_20250428_061902.wav,20250428
3450,3453,Sturnella magna,Eastern Meadowlark,0.0197,D:/AcousticMonitoringData/ELDON2_Data/Week16\ELDON2_20250428_061902.wav,20250428
3450,3453,Melospiza melodia,Song Sparrow,0.0138,D:/AcousticMonitoringData/ELDON2_Data/Week16\ELDON2_20250428_061902.wav,20250428
3453,3456,Sturnella magna,Eastern Meadowlark,0.0956,D:/AcousticMonitoringData/ELDON2_Data/Week16\ELDON2_20250428_061902.wav,20250428
3456,3459,Spizella pusilla,Field Sparrow,0.0431,D:/AcousticMonitoringData/ELDON2_Data/Week16\ELDON2_20250428_061902.wav,20250428
3456,3459,Sturnella magna,Eastern Meadowlark,0.0193,D:/AcousticMonitoringData/ELDON2_Data/Week16\ELDON2_20250428_061902.wav,20250428
3459,3462,Sturnella magna,Eastern Meadowlark,0.044,D:/AcousticMonitoringData/ELDON2_Data/Week16\ELDON2_20250428_061902.wav,20250428
3462,3465,Passerina caerulea,Blue Grosbeak,0.0275,D:/AcousticMonitoringData/ELDON2_Data/Week16\ELDON2_20250428_061902.wav,20250428
3462,3465,Sturnella magna,Eastern Meadowlark,0.0241,D:/AcousticMonitoringData/ELDON2_Data/Week16\ELDON2_20250428_061902.wav,20250428
3465,3468,Sturnella magna,Eastern Meadowlark,0.2117,D:/AcousticMonitoringData/ELDON2_Data/Week16\ELDON2_20250428_061902.wav,20250428
3465,3468,Spizella pusilla,Field Sparrow,0.0897,D:/AcousticMonitoringData/ELDON2_Data/Week16\ELDON2_20250428_061902.wav,20250428
3465,3468,Bartramia longicauda,Upland Sandpiper,0.03,D:/AcousticMonitoringData/ELDON2_Data/Week16\ELDON2_20250428_061902.wav,20250428
3465,3468,Passerina caerulea,Blue Grosbeak,0.0119,D:/AcousticMonitoringData/ELDON2_Data/Week16\ELDON2_20250428_061902.wav,20250428
3465,3468,Melospiza melodia,Song Sparrow,0.0113,D:/AcousticMonitoringData/ELDON2_Data/Week16\ELDON2_20250428_061902.wav,20250428
3468,3471,Sturnella magna,Eastern Meadowlark,0.0137,D:/AcousticMonitoringData/ELDON2_Data/Week16\ELDON2_20250428_061902.wav,20250428
3471,3474,Sturnella magna,Eastern Meadowlark,0.0772,D:/AcousticMonitoringData/ELDON2_Data/Week16\ELDON2_20250428_061902.wav,20250428
3474,3477,Spizella pusilla,Field Sparrow,0.0415,D:/AcousticMonitoringData/ELDON2_Data/Week16\ELDON2_20250428_061902.wav,20250428
3477,3480,Sturnella magna,Eastern Meadowlark,0.0887,D:/AcousticMonitoringData/ELDON2_Data/Week16\ELDON2_20250428_061902.wav,20250428
3477,3480,Spizella pusilla,Field Sparrow,0.0389,D:/AcousticMonitoringData/ELDON2_Data/Week16\ELDON2_20250428_061902.wav,20250428
3477,3480,Bartramia longicauda,Upland Sandpiper,0.0139,D:/AcousticMonitoringData/ELDON2_Data/Week16\ELDON2_20250428_061902.wav,20250428
3480,3483,Sturnella magna,Eastern Meadowlark,0.1376,D:/AcousticMonitoringData/ELDON2_Data/Week16\ELDON2_20250428_061902.wav,20250428
3480,3483,Passerina caerulea,Blue Grosbeak,0.0272,D:/AcousticMonitoringData/ELDON2_Data/Week16\ELDON2_20250428_061902.wav,20250428
3480,3483,Spizella pusilla,Field Sparrow,0.0252,D:/AcousticMonitoringData/ELDON2_Data/Week16\ELDON2_20250428_061902.wav,20250428
3480,3483,Bartramia longicauda,Upland Sandpiper,0.0105,D:/AcousticMonitoringData/ELDON2_Data/Week16\ELDON2_20250428_061902.wav,20250428
3483,3486,Sturnella magna,Eastern Meadowlark,0.036,D:/AcousticMonitoringData/ELDON2_Data/Week16\ELDON2_20250428_061902.wav,20250428
3486,3489,Spizella pusilla,Field Sparrow,0.5048,D:/AcousticMonitoringData/ELDON2_Data/Week16\ELDON2_20250428_061902.wav,20250428
3486,3489,Sturnella magna,Eastern Meadowlark,0.0322,D:/AcousticMonitoringData/ELDON2_Data/Week16\ELDON2_20250428_061902.wav,20250428
3486,3489,Geothlypis trichas,Common Yellowthroat,0.0112,D:/AcousticMonitoringData/ELDON2_Data/Week16\ELDON2_20250428_061902.wav,20250428
3489,3492,Spizella pusilla,Field Sparrow,0.1723,D:/AcousticMonitoringData/ELDON2_Data/Week16\ELDON2_20250428_061902.wav,20250428
3489,3492,Sturnella magna,Eastern Meadowlark,0.0454,D:/AcousticMonitoringData/ELDON2_Data/Week16\ELDON2_20250428_061902.wav,20250428
3489,3492,Geothlypis trichas,Common Yellowthroat,0.0274,D:/AcousticMonitoringData/ELDON2_Data/Week16\ELDON2_20250428_061902.wav,20250428
3489,3492,Melospiza melodia,Song Sparrow,0.0118,D:/AcousticMonitoringData/ELDON2_Data/Week16\ELDON2_20250428_061902.wav,20250428
3492,3495,Sturnella magna,Eastern Meadowlark,0.5841,D:/AcousticMonitoringData/ELDON2_Data/Week16\ELDON2_20250428_061902.wav,20250428
3492,3495,Passerina caerulea,Blue Grosbeak,0.0153,D:/AcousticMonitoringData/ELDON2_Data/Week16\ELDON2_20250428_061902.wav,20250428
3492,3495,Bartramia longicauda,Upland Sandpiper,0.0133,D:/AcousticMonitoringData/ELDON2_Data/Week16\ELDON2_20250428_061902.wav,20250428
3495,3498,Sturnella magna,Eastern Meadowlark,0.0273,D:/AcousticMonitoringData/ELDON2_Data/Week16\ELDON2_20250428_061902.wav,20250428
3495,3498,Passerina caerulea,Blue Grosbeak,0.0118,D:/AcousticMonitoringData/ELDON2_Data/Week16\ELDON2_20250428_061902.wav,20250428
3498,3501,Sturnella magna,Eastern Meadowlark,0.1155,D:/AcousticMonitoringData/ELDON2_Data/Week16\ELDON2_20250428_061902.wav,20250428
3501,3504,Sturnella magna,Eastern Meadowlark,0.1688,D:/AcousticMonitoringData/ELDON2_Data/Week16\ELDON2_20250428_061902.wav,20250428
3501,3504,Spizella pusilla,Field Sparrow,0.049,D:/AcousticMonitoringData/ELDON2_Data/Week16\ELDON2_20250428_061902.wav,20250428
3501,3504,Passerina caerulea,Blue Grosbeak,0.0107,D:/AcousticMonitoringData/ELDON2_Data/Week16\ELDON2_20250428_061902.wav,20250428
3504,3507,Sturnella magna,Eastern Meadowlark,0.0999,D:/AcousticMonitoringData/ELDON2_Data/Week16\ELDON2_20250428_061902.wav,20250428
3504,3507,Spizella pusilla,Field Sparrow,0.0193,D:/AcousticMonitoringData/ELDON2_Data/Week16\ELDON2_20250428_061902.wav,20250428
3504,3507,Bartramia longicauda,Upland Sandpiper,0.0166,D:/AcousticMonitoringData/ELDON2_Data/Week16\ELDON2_20250428_061902.wav,20250428
3507,3510,Sturnella magna,Eastern Meadowlark,0.5196,D:/AcousticMonitoringData/ELDON2_Data/Week16\ELDON2_20250428_061902.wav,20250428
3507,3510,Bartramia longicauda,Upland Sandpiper,0.027,D:/AcousticMonitoringData/ELDON2_Data/Week16\ELDON2_20250428_061902.wav,20250428
3510,3513,Sturnella magna,Eastern Meadowlark,0.0228,D:/AcousticMonitoringData/ELDON2_Data/Week16\ELDON2_20250428_061902.wav,20250428
3513,3516,Spizella pusilla,Field Sparrow,0.0451,D:/AcousticMonitoringData/ELDON2_Data/Week16\ELDON2_20250428_061902.wav,20250428
3516,3519,Sturnella magna,Eastern Meadowlark,0.0272,D:/AcousticMonitoringData/ELDON2_Data/Week16\ELDON2_20250428_061902.wav,20250428
3516,3519,Passerina caerulea,Blue Grosbeak,0.0115,D:/AcousticMonitoringData/ELDON2_Data/Week16\ELDON2_20250428_061902.wav,20250428
3519,3522,Sturnella magna,Eastern Meadowlark,0.1158,D:/AcousticMonitoringData/ELDON2_Data/Week16\ELDON2_20250428_061902.wav,20250428
3522,3525,Sturnella magna,Eastern Meadowlark,0.4284,D:/AcousticMonitoringData/ELDON2_Data/Week16\ELDON2_20250428_061902.wav,20250428
3522,3525,Passerina caerulea,Blue Grosbeak,0.012,D:/AcousticMonitoringData/ELDON2_Data/Week16\ELDON2_20250428_061902.wav,20250428
3525,3528,Sturnella magna,Eastern Meadowlark,0.0487,D:/AcousticMonitoringData/ELDON2_Data/Week16\ELDON2_20250428_061902.wav,20250428
3525,3528,Spizella pusilla,Field Sparrow,0.0132,D:/AcousticMonitoringData/ELDON2_Data/Week16\ELDON2_20250428_061902.wav,20250428
3528,3531,Spizella pusilla,Field Sparrow,0.1442,D:/AcousticMonitoringData/ELDON2_Data/Week16\ELDON2_20250428_061902.wav,20250428
3528,3531,Geothlypis trichas,Common Yellowthroat,0.0411,D:/AcousticMonitoringData/ELDON2_Data/Week16\ELDON2_20250428_061902.wav,20250428
3528,3531,Melospiza melodia,Song Sparrow,0.0163,D:/AcousticMonitoringData/ELDON2_Data/Week16\ELDON2_20250428_061902.wav,20250428
3534,3537,Sturnella magna,Eastern Meadowlark,0.0788,D:/AcousticMonitoringData/ELDON2_Data/Week16\ELDON2_20250428_061902.wav,20250428
3537,3540,Sturnella magna,Eastern Meadowlark,0.1828,D:/AcousticMonitoringData/ELDON2_Data/Week16\ELDON2_20250428_061902.wav,20250428
3540,3543,Sturnella magna,Eastern Meadowlark,0.1198,D:/AcousticMonitoringData/ELDON2_Data/Week16\ELDON2_20250428_061902.wav,20250428
3540,3543,Passerina caerulea,Blue Grosbeak,0.0313,D:/AcousticMonitoringData/ELDON2_Data/Week16\ELDON2_20250428_061902.wav,20250428
3540,3543,Spizella pusilla,Field Sparrow,0.0199,D:/AcousticMonitoringData/ELDON2_Data/Week16\ELDON2_20250428_061902.wav,20250428
3540,3543,Geothlypis trichas,Common Yellowthroat,0.0151,D:/AcousticMonitoringData/ELDON2_Data/Week16\ELDON2_20250428_061902.wav,20250428
3543,3546,Sturnella magna,Eastern Meadowlark,0.1135,D:/AcousticMonitoringData/ELDON2_Data/Week16\ELDON2_20250428_061902.wav,20250428
3546,3549,Sturnella magna,Eastern Meadowlark,0.0302,D:/AcousticMonitoringData/ELDON2_Data/Week16\ELDON2_20250428_061902.wav,20250428
3546,3549,Geothlypis trichas,Common Yellowthroat,0.01,D:/AcousticMonitoringData/ELDON2_Data/Week16\ELDON2_20250428_061902.wav,20250428
3549,3552,Sturnella magna,Eastern Meadowlark,0.0721,D:/AcousticMonitoringData/ELDON2_Data/Week16\ELDON2_20250428_061902.wav,20250428
3552,3555,Geothlypis trichas,Common Yellowthroat,0.0131,D:/AcousticMonitoringData/ELDON2_Data/Week16\ELDON2_20250428_061902.wav,20250428
3555,3558,Sturnella magna,Eastern Meadowlark,0.0254,D:/AcousticMonitoringData/ELDON2_Data/Week16\ELDON2_20250428_061902.wav,20250428
3558,3561,Sturnella magna,Eastern Meadowlark,0.3016,D:/AcousticMonitoringData/ELDON2_Data/Week16\ELDON2_20250428_061902.wav,20250428
3561,3564,Sturnella magna,Eastern Meadowlark,0.0382,D:/AcousticMonitoringData/ELDON2_Data/Week16\ELDON2_20250428_061902.wav,20250428
3564,3567,Sturnella magna,Eastern Meadowlark,0.5036,D:/AcousticMonitoringData/ELDON2_Data/Week16\ELDON2_20250428_061902.wav,20250428
3567,3570,Sturnella magna,Eastern Meadowlark,0.2493,D:/AcousticMonitoringData/ELDON2_Data/Week16\ELDON2_20250428_061902.wav,20250428
3570,3573,Sturnella magna,Eastern Meadowlark,0.9216,D:/AcousticMonitoringData/ELDON2_Data/Week16\ELDON2_20250428_061902.wav,20250428
3570,3573,Geothlypis trichas,Common Yellowthroat,0.0177,D:/AcousticMonitoringData/ELDON2_Data/Week16\ELDON2_20250428_061902.wav,20250428
3573,3576,Melospiza melodia,Song Sparrow,0.0197,D:/AcousticMonitoringData/ELDON2_Data/Week16\ELDON2_20250428_061902.wav,20250428
3573,3576,Sturnella magna,Eastern Meadowlark,0.0118,D:/AcousticMonitoringData/ELDON2_Data/Week16\ELDON2_20250428_061902.wav,20250428
3576,3579,Melospiza melodia,Song Sparrow,0.032,D:/AcousticMonitoringData/ELDON2_Data/Week16\ELDON2_20250428_061902.wav,20250428
3576,3579,Sturnella magna,Eastern Meadowlark,0.0123,D:/AcousticMonitoringData/ELDON2_Data/Week16\ELDON2_20250428_061902.wav,20250428
3579,3582,Sturnella magna,Eastern Meadowlark,0.0293,D:/AcousticMonitoringData/ELDON2_Data/Week16\ELDON2_20250428_061902.wav,20250428
3579,3582,Passerina caerulea,Blue Grosbeak,0.0122,D:/AcousticMonitoringData/ELDON2_Data/Week16\ELDON2_20250428_061902.wav,20250428
3582,3585,Sturnella magna,Eastern Meadowlark,0.8812,D:/AcousticMonitoringData/ELDON2_Data/Week16\ELDON2_20250428_061902.wav,20250428
3582,3585,Melospiza melodia,Song Sparrow,0.0121,D:/AcousticMonitoringData/ELDON2_Data/Week16\ELDON2_20250428_061902.wav,20250428
3585,3588,Sturnella magna,Eastern Meadowlark,0.8388,D:/AcousticMonitoringData/ELDON2_Data/Week16\ELDON2_20250428_061902.wav,20250428
3588,3591,Sturnella magna,Eastern Meadowlark,0.4257,D:/AcousticMonitoringData/ELDON2_Data/Week16\ELDON2_20250428_061902.wav,20250428
3591,3594,Sturnella magna,Eastern Meadowlark,0.2358,D:/AcousticMonitoringData/ELDON2_Data/Week16\ELDON2_20250428_061902.wav,20250428
3591,3594,Bartramia longicauda,Upland Sandpiper,0.0135,D:/AcousticMonitoringData/ELDON2_Data/Week16\ELDON2_20250428_061902.wav,20250428
3591,3594,Spizella pusilla,Field Sparrow,0.0109,D:/AcousticMonitoringData/ELDON2_Data/Week16\ELDON2_20250428_061902.wav,20250428
3594,3597,Sturnella magna,Eastern Meadowlark,0.3343,D:/AcousticMonitoringData/ELDON2_Data/Week16\ELDON2_20250428_061902.wav,20250428
3594,3597,Eremophila alpestris,Horned Lark,0.0131,D:/AcousticMonitoringData/ELDON2_Data/Week16\ELDON2_20250428_061902.wav,20250428
3597,3600,Sturnella magna,Eastern Meadowlark,0.739,D:/AcousticMonitoringData/ELDON2_Data/Week16\ELDON2_20250428_061902.wav,20250428
3600,3603,Sturnella magna,Eastern Meadowlark,0.9637,D:/AcousticMonitoringData/ELDON2_Data/Week16\ELDON2_20250428_061902.wav,20250428
3600,3603,Bartramia longicauda,Upland Sandpiper,0.0128,D:/AcousticMonitoringData/ELDON2_Data/Week16\ELDON2_20250428_061902.wav,20250428
