Start (s),End (s),Scientific name,Common name,Confidence,File,Date
0,3,Geothlypis trichas,Common Yellowthroat,0.0215,D:/AcousticMonitoringData/ELDON6_Data/Week18\ELDON6_20250510_060502.wav,20250510
0,3,Spizella pusilla,Field Sparrow,0.0167,D:/AcousticMonitoringData/ELDON6_Data/Week18\ELDON6_20250510_060502.wav,20250510
3,6,Geothlypis trichas,Common Yellowthroat,0.1471,D:/AcousticMonitoringData/ELDON6_Data/Week18\ELDON6_20250510_060502.wav,20250510
3,6,Spizella pusilla,Field Sparrow,0.022,D:/AcousticMonitoringData/ELDON6_Data/Week18\ELDON6_20250510_060502.wav,20250510
6,9,Spizella pusilla,Field Sparrow,0.0145,D:/AcousticMonitoringData/ELDON6_Data/Week18\ELDON6_20250510_060502.wav,20250510
9,12,Spizella pusilla,Field Sparrow,0.0161,D:/AcousticMonitoringData/ELDON6_Data/Week18\ELDON6_20250510_060502.wav,20250510
12,15,Geothlypis trichas,Common Yellowthroat,0.0341,D:/AcousticMonitoringData/ELDON6_Data/Week18\ELDON6_20250510_060502.wav,20250510
12,15,Spizella pusilla,Field Sparrow,0.0227,D:/AcousticMonitoringData/ELDON6_Data/Week18\ELDON6_20250510_060502.wav,20250510
15,18,Geothlypis trichas,Common Yellowthroat,0.0729,D:/AcousticMonitoringData/ELDON6_Data/Week18\ELDON6_20250510_060502.wav,20250510
18,21,Geothlypis trichas,Common Yellowthroat,0.0143,D:/AcousticMonitoringData/ELDON6_Data/Week18\ELDON6_20250510_060502.wav,20250510
21,24,Geothlypis trichas,Common Yellowthroat,0.0221,D:/AcousticMonitoringData/ELDON6_Data/Week18\ELDON6_20250510_060502.wav,20250510
21,24,Spizella pusilla,Field Sparrow,0.0139,D:/AcousticMonitoringData/ELDON6_Data/Week18\ELDON6_20250510_060502.wav,20250510
24,27,Geothlypis trichas,Common Yellowthroat,0.1785,D:/AcousticMonitoringData/ELDON6_Data/Week18\ELDON6_20250510_060502.wav,20250510
24,27,Spizella pusilla,Field Sparrow,0.014,D:/AcousticMonitoringData/ELDON6_Data/Week18\ELDON6_20250510_060502.wav,20250510
30,33,Geothlypis trichas,Common Yellowthroat,0.0107,D:/AcousticMonitoringData/ELDON6_Data/Week18\ELDON6_20250510_060502.wav,20250510
33,36,Spizella pusilla,Field Sparrow,0.0428,D:/AcousticMonitoringData/ELDON6_Data/Week18\ELDON6_20250510_060502.wav,20250510
36,39,Spizella pusilla,Field Sparrow,0.0207,D:/AcousticMonitoringData/ELDON6_Data/Week18\ELDON6_20250510_060502.wav,20250510
42,45,Spizella pusilla,Field Sparrow,0.0254,D:/AcousticMonitoringData/ELDON6_Data/Week18\ELDON6_20250510_060502.wav,20250510
42,45,Geothlypis trichas,Common Yellowthroat,0.0107,D:/AcousticMonitoringData/ELDON6_Data/Week18\ELDON6_20250510_060502.wav,20250510
45,48,Geothlypis trichas,Common Yellowthroat,0.335,D:/AcousticMonitoringData/ELDON6_Data/Week18\ELDON6_20250510_060502.wav,20250510
45,48,Spizella pusilla,Field Sparrow,0.0164,D:/AcousticMonitoringData/ELDON6_Data/Week18\ELDON6_20250510_060502.wav,20250510
51,54,Spizella pusilla,Field Sparrow,0.0236,D:/AcousticMonitoringData/ELDON6_Data/Week18\ELDON6_20250510_060502.wav,20250510
57,60,Geothlypis trichas,Common Yellowthroat,0.1239,D:/AcousticMonitoringData/ELDON6_Data/Week18\ELDON6_20250510_060502.wav,20250510
57,60,Spizella pusilla,Field Sparrow,0.0428,D:/AcousticMonitoringData/ELDON6_Data/Week18\ELDON6_20250510_060502.wav,20250510
60,63,Spizella pusilla,Field Sparrow,0.0281,D:/AcousticMonitoringData/ELDON6_Data/Week18\ELDON6_20250510_060502.wav,20250510
60,63,Passerina caerulea,Blue Grosbeak,0.0184,D:/AcousticMonitoringData/ELDON6_Data/Week18\ELDON6_20250510_060502.wav,20250510
66,69,Spizella pusilla,Field Sparrow,0.0301,D:/AcousticMonitoringData/ELDON6_Data/Week18\ELDON6_20250510_060502.wav,20250510
75,78,Spizella pusilla,Field Sparrow,0.0184,D:/AcousticMonitoringData/ELDON6_Data/Week18\ELDON6_20250510_060502.wav,20250510
75,78,Geothlypis trichas,Common Yellowthroat,0.0108,D:/AcousticMonitoringData/ELDON6_Data/Week18\ELDON6_20250510_060502.wav,20250510
78,81,Spizella pusilla,Field Sparrow,0.0439,D:/AcousticMonitoringData/ELDON6_Data/Week18\ELDON6_20250510_060502.wav,20250510
81,84,Spizella pusilla,Field Sparrow,0.0147,D:/AcousticMonitoringData/ELDON6_Data/Week18\ELDON6_20250510_060502.wav,20250510
87,90,Geothlypis trichas,Common Yellowthroat,0.0309,D:/AcousticMonitoringData/ELDON6_Data/Week18\ELDON6_20250510_060502.wav,20250510
90,93,Spizella pusilla,Field Sparrow,0.0306,D:/AcousticMonitoringData/ELDON6_Data/Week18\ELDON6_20250510_060502.wav,20250510
93,96,Spizella pusilla,Field Sparrow,0.0256,D:/AcousticMonitoringData/ELDON6_Data/Week18\ELDON6_20250510_060502.wav,20250510
96,99,Spizella pusilla,Field Sparrow,0.1129,D:/AcousticMonitoringData/ELDON6_Data/Week18\ELDON6_20250510_060502.wav,20250510
99,102,Geothlypis trichas,Common Yellowthroat,0.0308,D:/AcousticMonitoringData/ELDON6_Data/Week18\ELDON6_20250510_060502.wav,20250510
99,102,Spizella pusilla,Field Sparrow,0.0121,D:/AcousticMonitoringData/ELDON6_Data/Week18\ELDON6_20250510_060502.wav,20250510
102,105,Geothlypis trichas,Common Yellowthroat,0.0123,D:/AcousticMonitoringData/ELDON6_Data/Week18\ELDON6_20250510_060502.wav,20250510
105,108,Spizella pusilla,Field Sparrow,0.011,D:/AcousticMonitoringData/ELDON6_Data/Week18\ELDON6_20250510_060502.wav,20250510
108,111,Spizella pusilla,Field Sparrow,0.0374,D:/AcousticMonitoringData/ELDON6_Data/Week18\ELDON6_20250510_060502.wav,20250510
111,114,Geothlypis trichas,Common Yellowthroat,0.0335,D:/AcousticMonitoringData/ELDON6_Data/Week18\ELDON6_20250510_060502.wav,20250510
111,114,Spizella pusilla,Field Sparrow,0.0302,D:/AcousticMonitoringData/ELDON6_Data/Week18\ELDON6_20250510_060502.wav,20250510
111,114,Passerina caerulea,Blue Grosbeak,0.0215,D:/AcousticMonitoringData/ELDON6_Data/Week18\ELDON6_20250510_060502.wav,20250510
123,126,Geothlypis trichas,Common Yellowthroat,0.0243,D:/AcousticMonitoringData/ELDON6_Data/Week18\ELDON6_20250510_060502.wav,20250510
123,126,Spizella pusilla,Field Sparrow,0.0174,D:/AcousticMonitoringData/ELDON6_Data/Week18\ELDON6_20250510_060502.wav,20250510
126,129,Spizella pusilla,Field Sparrow,0.0158,D:/AcousticMonitoringData/ELDON6_Data/Week18\ELDON6_20250510_060502.wav,20250510
132,135,Geothlypis trichas,Common Yellowthroat,0.0377,D:/AcousticMonitoringData/ELDON6_Data/Week18\ELDON6_20250510_060502.wav,20250510
132,135,Spizella pusilla,Field Sparrow,0.0118,D:/AcousticMonitoringData/ELDON6_Data/Week18\ELDON6_20250510_060502.wav,20250510
135,138,Geothlypis trichas,Common Yellowthroat,0.1356,D:/AcousticMonitoringData/ELDON6_Data/Week18\ELDON6_20250510_060502.wav,20250510
135,138,Spizella pusilla,Field Sparrow,0.0416,D:/AcousticMonitoringData/ELDON6_Data/Week18\ELDON6_20250510_060502.wav,20250510
144,147,Geothlypis trichas,Common Yellowthroat,0.09,D:/AcousticMonitoringData/ELDON6_Data/Week18\ELDON6_20250510_060502.wav,20250510
144,147,Spizella pusilla,Field Sparrow,0.0107,D:/AcousticMonitoringData/ELDON6_Data/Week18\ELDON6_20250510_060502.wav,20250510
147,150,Geothlypis trichas,Common Yellowthroat,0.015,D:/AcousticMonitoringData/ELDON6_Data/Week18\ELDON6_20250510_060502.wav,20250510
150,153,Geothlypis trichas,Common Yellowthroat,0.0199,D:/AcousticMonitoringData/ELDON6_Data/Week18\ELDON6_20250510_060502.wav,20250510
153,156,Geothlypis trichas,Common Yellowthroat,0.0134,D:/AcousticMonitoringData/ELDON6_Data/Week18\ELDON6_20250510_060502.wav,20250510
156,159,Geothlypis trichas,Common Yellowthroat,0.0334,D:/AcousticMonitoringData/ELDON6_Data/Week18\ELDON6_20250510_060502.wav,20250510
156,159,Spizella pusilla,Field Sparrow,0.0272,D:/AcousticMonitoringData/ELDON6_Data/Week18\ELDON6_20250510_060502.wav,20250510
159,162,Spizella pusilla,Field Sparrow,0.0116,D:/AcousticMonitoringData/ELDON6_Data/Week18\ELDON6_20250510_060502.wav,20250510
162,165,Geothlypis trichas,Common Yellowthroat,0.0158,D:/AcousticMonitoringData/ELDON6_Data/Week18\ELDON6_20250510_060502.wav,20250510
165,168,Geothlypis trichas,Common Yellowthroat,0.0232,D:/AcousticMonitoringData/ELDON6_Data/Week18\ELDON6_20250510_060502.wav,20250510
168,171,Geothlypis trichas,Common Yellowthroat,0.1095,D:/AcousticMonitoringData/ELDON6_Data/Week18\ELDON6_20250510_060502.wav,20250510
171,174,Spizella pusilla,Field Sparrow,0.021,D:/AcousticMonitoringData/ELDON6_Data/Week18\ELDON6_20250510_060502.wav,20250510
174,177,Spizella pusilla,Field Sparrow,0.0115,D:/AcousticMonitoringData/ELDON6_Data/Week18\ELDON6_20250510_060502.wav,20250510
177,180,Geothlypis trichas,Common Yellowthroat,0.1349,D:/AcousticMonitoringData/ELDON6_Data/Week18\ELDON6_20250510_060502.wav,20250510
180,183,Geothlypis trichas,Common Yellowthroat,0.0827,D:/AcousticMonitoringData/ELDON6_Data/Week18\ELDON6_20250510_060502.wav,20250510
189,192,Spizella pusilla,Field Sparrow,0.108,D:/AcousticMonitoringData/ELDON6_Data/Week18\ELDON6_20250510_060502.wav,20250510
189,192,Geothlypis trichas,Common Yellowthroat,0.0652,D:/AcousticMonitoringData/ELDON6_Data/Week18\ELDON6_20250510_060502.wav,20250510
192,195,Spizella pusilla,Field Sparrow,0.0119,D:/AcousticMonitoringData/ELDON6_Data/Week18\ELDON6_20250510_060502.wav,20250510
201,204,Spizella pusilla,Field Sparrow,0.0138,D:/AcousticMonitoringData/ELDON6_Data/Week18\ELDON6_20250510_060502.wav,20250510
201,204,Geothlypis trichas,Common Yellowthroat,0.0128,D:/AcousticMonitoringData/ELDON6_Data/Week18\ELDON6_20250510_060502.wav,20250510
207,210,Spizella pusilla,Field Sparrow,0.0151,D:/AcousticMonitoringData/ELDON6_Data/Week18\ELDON6_20250510_060502.wav,20250510
210,213,Geothlypis trichas,Common Yellowthroat,0.0182,D:/AcousticMonitoringData/ELDON6_Data/Week18\ELDON6_20250510_060502.wav,20250510
210,213,Spizella pusilla,Field Sparrow,0.0178,D:/AcousticMonitoringData/ELDON6_Data/Week18\ELDON6_20250510_060502.wav,20250510
219,222,Spizella pusilla,Field Sparrow,0.0439,D:/AcousticMonitoringData/ELDON6_Data/Week18\ELDON6_20250510_060502.wav,20250510
222,225,Spizella pusilla,Field Sparrow,0.0491,D:/AcousticMonitoringData/ELDON6_Data/Week18\ELDON6_20250510_060502.wav,20250510
222,225,Geothlypis trichas,Common Yellowthroat,0.0321,D:/AcousticMonitoringData/ELDON6_Data/Week18\ELDON6_20250510_060502.wav,20250510
225,228,Spizella pusilla,Field Sparrow,0.025,D:/AcousticMonitoringData/ELDON6_Data/Week18\ELDON6_20250510_060502.wav,20250510
234,237,Geothlypis trichas,Common Yellowthroat,0.0175,D:/AcousticMonitoringData/ELDON6_Data/Week18\ELDON6_20250510_060502.wav,20250510
234,237,Spizella pusilla,Field Sparrow,0.0119,D:/AcousticMonitoringData/ELDON6_Data/Week18\ELDON6_20250510_060502.wav,20250510
237,240,Spizella pusilla,Field Sparrow,0.0301,D:/AcousticMonitoringData/ELDON6_Data/Week18\ELDON6_20250510_060502.wav,20250510
240,243,Spizella pusilla,Field Sparrow,0.044,D:/AcousticMonitoringData/ELDON6_Data/Week18\ELDON6_20250510_060502.wav,20250510
243,246,Geothlypis trichas,Common Yellowthroat,0.0504,D:/AcousticMonitoringData/ELDON6_Data/Week18\ELDON6_20250510_060502.wav,20250510
243,246,Spizella pusilla,Field Sparrow,0.0341,D:/AcousticMonitoringData/ELDON6_Data/Week18\ELDON6_20250510_060502.wav,20250510
252,255,Spizella pusilla,Field Sparrow,0.0275,D:/AcousticMonitoringData/ELDON6_Data/Week18\ELDON6_20250510_060502.wav,20250510
255,258,Geothlypis trichas,Common Yellowthroat,0.0141,D:/AcousticMonitoringData/ELDON6_Data/Week18\ELDON6_20250510_060502.wav,20250510
261,264,Geothlypis trichas,Common Yellowthroat,0.0104,D:/AcousticMonitoringData/ELDON6_Data/Week18\ELDON6_20250510_060502.wav,20250510
264,267,Spizella pusilla,Field Sparrow,0.0299,D:/AcousticMonitoringData/ELDON6_Data/Week18\ELDON6_20250510_060502.wav,20250510
264,267,Passerina caerulea,Blue Grosbeak,0.0103,D:/AcousticMonitoringData/ELDON6_Data/Week18\ELDON6_20250510_060502.wav,20250510
267,270,Spizella pusilla,Field Sparrow,0.0332,D:/AcousticMonitoringData/ELDON6_Data/Week18\ELDON6_20250510_060502.wav,20250510
267,270,Geothlypis trichas,Common Yellowthroat,0.0282,D:/AcousticMonitoringData/ELDON6_Data/Week18\ELDON6_20250510_060502.wav,20250510
270,273,Spizella pusilla,Field Sparrow,0.0264,D:/AcousticMonitoringData/ELDON6_Data/Week18\ELDON6_20250510_060502.wav,20250510
270,273,Sturnella magna,Eastern Meadowlark,0.0243,D:/AcousticMonitoringData/ELDON6_Data/Week18\ELDON6_20250510_060502.wav,20250510
270,273,Geothlypis trichas,Common Yellowthroat,0.0207,D:/AcousticMonitoringData/ELDON6_Data/Week18\ELDON6_20250510_060502.wav,20250510
273,276,Spizella pusilla,Field Sparrow,0.0251,D:/AcousticMonitoringData/ELDON6_Data/Week18\ELDON6_20250510_060502.wav,20250510
273,276,Sturnella magna,Eastern Meadowlark,0.0189,D:/AcousticMonitoringData/ELDON6_Data/Week18\ELDON6_20250510_060502.wav,20250510
273,276,Geothlypis trichas,Common Yellowthroat,0.0148,D:/AcousticMonitoringData/ELDON6_Data/Week18\ELDON6_20250510_060502.wav,20250510
273,276,Passerina caerulea,Blue Grosbeak,0.0124,D:/AcousticMonitoringData/ELDON6_Data/Week18\ELDON6_20250510_060502.wav,20250510
276,279,Spizella pusilla,Field Sparrow,0.0226,D:/AcousticMonitoringData/ELDON6_Data/Week18\ELDON6_20250510_060502.wav,20250510
276,279,Geothlypis trichas,Common Yellowthroat,0.0192,D:/AcousticMonitoringData/ELDON6_Data/Week18\ELDON6_20250510_060502.wav,20250510
279,282,Geothlypis trichas,Common Yellowthroat,0.0531,D:/AcousticMonitoringData/ELDON6_Data/Week18\ELDON6_20250510_060502.wav,20250510
279,282,Spizella pusilla,Field Sparrow,0.0237,D:/AcousticMonitoringData/ELDON6_Data/Week18\ELDON6_20250510_060502.wav,20250510
282,285,Spizella pusilla,Field Sparrow,0.0334,D:/AcousticMonitoringData/ELDON6_Data/Week18\ELDON6_20250510_060502.wav,20250510
285,288,Spizella pusilla,Field Sparrow,0.0129,D:/AcousticMonitoringData/ELDON6_Data/Week18\ELDON6_20250510_060502.wav,20250510
288,291,Geothlypis trichas,Common Yellowthroat,0.0619,D:/AcousticMonitoringData/ELDON6_Data/Week18\ELDON6_20250510_060502.wav,20250510
288,291,Spizella pusilla,Field Sparrow,0.0117,D:/AcousticMonitoringData/ELDON6_Data/Week18\ELDON6_20250510_060502.wav,20250510
288,291,Sturnella magna,Eastern Meadowlark,0.0103,D:/AcousticMonitoringData/ELDON6_Data/Week18\ELDON6_20250510_060502.wav,20250510
297,300,Spizella pusilla,Field Sparrow,0.0103,D:/AcousticMonitoringData/ELDON6_Data/Week18\ELDON6_20250510_060502.wav,20250510
300,303,Spizella pusilla,Field Sparrow,0.0611,D:/AcousticMonitoringData/ELDON6_Data/Week18\ELDON6_20250510_060502.wav,20250510
300,303,Geothlypis trichas,Common Yellowthroat,0.0545,D:/AcousticMonitoringData/ELDON6_Data/Week18\ELDON6_20250510_060502.wav,20250510
306,309,Geothlypis trichas,Common Yellowthroat,0.0251,D:/AcousticMonitoringData/ELDON6_Data/Week18\ELDON6_20250510_060502.wav,20250510
309,312,Spizella pusilla,Field Sparrow,0.011,D:/AcousticMonitoringData/ELDON6_Data/Week18\ELDON6_20250510_060502.wav,20250510
312,315,Geothlypis trichas,Common Yellowthroat,0.0143,D:/AcousticMonitoringData/ELDON6_Data/Week18\ELDON6_20250510_060502.wav,20250510
315,318,Spizella pusilla,Field Sparrow,0.0271,D:/AcousticMonitoringData/ELDON6_Data/Week18\ELDON6_20250510_060502.wav,20250510
318,321,Geothlypis trichas,Common Yellowthroat,0.0104,D:/AcousticMonitoringData/ELDON6_Data/Week18\ELDON6_20250510_060502.wav,20250510
321,324,Geothlypis trichas,Common Yellowthroat,0.1022,D:/AcousticMonitoringData/ELDON6_Data/Week18\ELDON6_20250510_060502.wav,20250510
321,324,Spizella pusilla,Field Sparrow,0.0232,D:/AcousticMonitoringData/ELDON6_Data/Week18\ELDON6_20250510_060502.wav,20250510
327,330,Geothlypis trichas,Common Yellowthroat,0.0133,D:/AcousticMonitoringData/ELDON6_Data/Week18\ELDON6_20250510_060502.wav,20250510
333,336,Geothlypis trichas,Common Yellowthroat,0.028,D:/AcousticMonitoringData/ELDON6_Data/Week18\ELDON6_20250510_060502.wav,20250510
333,336,Spizella pusilla,Field Sparrow,0.0128,D:/AcousticMonitoringData/ELDON6_Data/Week18\ELDON6_20250510_060502.wav,20250510
339,342,Geothlypis trichas,Common Yellowthroat,0.0175,D:/AcousticMonitoringData/ELDON6_Data/Week18\ELDON6_20250510_060502.wav,20250510
342,345,Geothlypis trichas,Common Yellowthroat,0.1612,D:/AcousticMonitoringData/ELDON6_Data/Week18\ELDON6_20250510_060502.wav,20250510
351,354,Geothlypis trichas,Common Yellowthroat,0.017,D:/AcousticMonitoringData/ELDON6_Data/Week18\ELDON6_20250510_060502.wav,20250510
354,357,Geothlypis trichas,Common Yellowthroat,0.1508,D:/AcousticMonitoringData/ELDON6_Data/Week18\ELDON6_20250510_060502.wav,20250510
354,357,Spizella pusilla,Field Sparrow,0.0139,D:/AcousticMonitoringData/ELDON6_Data/Week18\ELDON6_20250510_060502.wav,20250510
354,357,Sturnella magna,Eastern Meadowlark,0.01,D:/AcousticMonitoringData/ELDON6_Data/Week18\ELDON6_20250510_060502.wav,20250510
357,360,Geothlypis trichas,Common Yellowthroat,0.0626,D:/AcousticMonitoringData/ELDON6_Data/Week18\ELDON6_20250510_060502.wav,20250510
357,360,Spizella pusilla,Field Sparrow,0.0174,D:/AcousticMonitoringData/ELDON6_Data/Week18\ELDON6_20250510_060502.wav,20250510
360,363,Sturnella magna,Eastern Meadowlark,0.018,D:/AcousticMonitoringData/ELDON6_Data/Week18\ELDON6_20250510_060502.wav,20250510
363,366,Geothlypis trichas,Common Yellowthroat,0.0821,D:/AcousticMonitoringData/ELDON6_Data/Week18\ELDON6_20250510_060502.wav,20250510
363,366,Spizella pusilla,Field Sparrow,0.021,D:/AcousticMonitoringData/ELDON6_Data/Week18\ELDON6_20250510_060502.wav,20250510
366,369,Spizella pusilla,Field Sparrow,0.0402,D:/AcousticMonitoringData/ELDON6_Data/Week18\ELDON6_20250510_060502.wav,20250510
366,369,Geothlypis trichas,Common Yellowthroat,0.0237,D:/AcousticMonitoringData/ELDON6_Data/Week18\ELDON6_20250510_060502.wav,20250510
369,372,Geothlypis trichas,Common Yellowthroat,0.0522,D:/AcousticMonitoringData/ELDON6_Data/Week18\ELDON6_20250510_060502.wav,20250510
369,372,Melospiza melodia,Song Sparrow,0.0201,D:/AcousticMonitoringData/ELDON6_Data/Week18\ELDON6_20250510_060502.wav,20250510
372,375,Geothlypis trichas,Common Yellowthroat,0.0262,D:/AcousticMonitoringData/ELDON6_Data/Week18\ELDON6_20250510_060502.wav,20250510
372,375,Sturnella magna,Eastern Meadowlark,0.0202,D:/AcousticMonitoringData/ELDON6_Data/Week18\ELDON6_20250510_060502.wav,20250510
372,375,Spizella pusilla,Field Sparrow,0.0142,D:/AcousticMonitoringData/ELDON6_Data/Week18\ELDON6_20250510_060502.wav,20250510
372,375,Melospiza melodia,Song Sparrow,0.013,D:/AcousticMonitoringData/ELDON6_Data/Week18\ELDON6_20250510_060502.wav,20250510
375,378,Geothlypis trichas,Common Yellowthroat,0.1388,D:/AcousticMonitoringData/ELDON6_Data/Week18\ELDON6_20250510_060502.wav,20250510
375,378,Spizella pusilla,Field Sparrow,0.0194,D:/AcousticMonitoringData/ELDON6_Data/Week18\ELDON6_20250510_060502.wav,20250510
378,381,Melospiza melodia,Song Sparrow,0.0172,D:/AcousticMonitoringData/ELDON6_Data/Week18\ELDON6_20250510_060502.wav,20250510
378,381,Geothlypis trichas,Common Yellowthroat,0.0163,D:/AcousticMonitoringData/ELDON6_Data/Week18\ELDON6_20250510_060502.wav,20250510
384,387,Geothlypis trichas,Common Yellowthroat,0.1129,D:/AcousticMonitoringData/ELDON6_Data/Week18\ELDON6_20250510_060502.wav,20250510
384,387,Spizella pusilla,Field Sparrow,0.0227,D:/AcousticMonitoringData/ELDON6_Data/Week18\ELDON6_20250510_060502.wav,20250510
387,390,Geothlypis trichas,Common Yellowthroat,0.1377,D:/AcousticMonitoringData/ELDON6_Data/Week18\ELDON6_20250510_060502.wav,20250510
387,390,Spizella pusilla,Field Sparrow,0.0308,D:/AcousticMonitoringData/ELDON6_Data/Week18\ELDON6_20250510_060502.wav,20250510
387,390,Passerina caerulea,Blue Grosbeak,0.0157,D:/AcousticMonitoringData/ELDON6_Data/Week18\ELDON6_20250510_060502.wav,20250510
387,390,Sturnella magna,Eastern Meadowlark,0.0151,D:/AcousticMonitoringData/ELDON6_Data/Week18\ELDON6_20250510_060502.wav,20250510
396,399,Spizella pusilla,Field Sparrow,0.0218,D:/AcousticMonitoringData/ELDON6_Data/Week18\ELDON6_20250510_060502.wav,20250510
396,399,Geothlypis trichas,Common Yellowthroat,0.0149,D:/AcousticMonitoringData/ELDON6_Data/Week18\ELDON6_20250510_060502.wav,20250510
402,405,Geothlypis trichas,Common Yellowthroat,0.0291,D:/AcousticMonitoringData/ELDON6_Data/Week18\ELDON6_20250510_060502.wav,20250510
405,408,Spizella pusilla,Field Sparrow,0.0171,D:/AcousticMonitoringData/ELDON6_Data/Week18\ELDON6_20250510_060502.wav,20250510
405,408,Geothlypis trichas,Common Yellowthroat,0.011,D:/AcousticMonitoringData/ELDON6_Data/Week18\ELDON6_20250510_060502.wav,20250510
408,411,Geothlypis trichas,Common Yellowthroat,0.235,D:/AcousticMonitoringData/ELDON6_Data/Week18\ELDON6_20250510_060502.wav,20250510
408,411,Melospiza melodia,Song Sparrow,0.0244,D:/AcousticMonitoringData/ELDON6_Data/Week18\ELDON6_20250510_060502.wav,20250510
408,411,Spizella pusilla,Field Sparrow,0.0146,D:/AcousticMonitoringData/ELDON6_Data/Week18\ELDON6_20250510_060502.wav,20250510
420,423,Geothlypis trichas,Common Yellowthroat,0.0799,D:/AcousticMonitoringData/ELDON6_Data/Week18\ELDON6_20250510_060502.wav,20250510
420,423,Spizella pusilla,Field Sparrow,0.0166,D:/AcousticMonitoringData/ELDON6_Data/Week18\ELDON6_20250510_060502.wav,20250510
423,426,Geothlypis trichas,Common Yellowthroat,0.0584,D:/AcousticMonitoringData/ELDON6_Data/Week18\ELDON6_20250510_060502.wav,20250510
423,426,Spizella pusilla,Field Sparrow,0.0218,D:/AcousticMonitoringData/ELDON6_Data/Week18\ELDON6_20250510_060502.wav,20250510
426,429,Spizella pusilla,Field Sparrow,0.0255,D:/AcousticMonitoringData/ELDON6_Data/Week18\ELDON6_20250510_060502.wav,20250510
429,432,Spizella pusilla,Field Sparrow,0.0107,D:/AcousticMonitoringData/ELDON6_Data/Week18\ELDON6_20250510_060502.wav,20250510
432,435,Geothlypis trichas,Common Yellowthroat,0.3403,D:/AcousticMonitoringData/ELDON6_Data/Week18\ELDON6_20250510_060502.wav,20250510
432,435,Melospiza melodia,Song Sparrow,0.0231,D:/AcousticMonitoringData/ELDON6_Data/Week18\ELDON6_20250510_060502.wav,20250510
432,435,Spizella pusilla,Field Sparrow,0.0146,D:/AcousticMonitoringData/ELDON6_Data/Week18\ELDON6_20250510_060502.wav,20250510
435,438,Geothlypis trichas,Common Yellowthroat,0.0546,D:/AcousticMonitoringData/ELDON6_Data/Week18\ELDON6_20250510_060502.wav,20250510
435,438,Melospiza melodia,Song Sparrow,0.0132,D:/AcousticMonitoringData/ELDON6_Data/Week18\ELDON6_20250510_060502.wav,20250510
435,438,Spizella pusilla,Field Sparrow,0.0107,D:/AcousticMonitoringData/ELDON6_Data/Week18\ELDON6_20250510_060502.wav,20250510
441,444,Geothlypis trichas,Common Yellowthroat,0.0899,D:/AcousticMonitoringData/ELDON6_Data/Week18\ELDON6_20250510_060502.wav,20250510
441,444,Spizella pusilla,Field Sparrow,0.08,D:/AcousticMonitoringData/ELDON6_Data/Week18\ELDON6_20250510_060502.wav,20250510
444,447,Spizella pusilla,Field Sparrow,0.086,D:/AcousticMonitoringData/ELDON6_Data/Week18\ELDON6_20250510_060502.wav,20250510
444,447,Geothlypis trichas,Common Yellowthroat,0.0772,D:/AcousticMonitoringData/ELDON6_Data/Week18\ELDON6_20250510_060502.wav,20250510
447,450,Geothlypis trichas,Common Yellowthroat,0.0986,D:/AcousticMonitoringData/ELDON6_Data/Week18\ELDON6_20250510_060502.wav,20250510
447,450,Melospiza melodia,Song Sparrow,0.0208,D:/AcousticMonitoringData/ELDON6_Data/Week18\ELDON6_20250510_060502.wav,20250510
447,450,Spizella pusilla,Field Sparrow,0.0205,D:/AcousticMonitoringData/ELDON6_Data/Week18\ELDON6_20250510_060502.wav,20250510
450,453,Spizella pusilla,Field Sparrow,0.0125,D:/AcousticMonitoringData/ELDON6_Data/Week18\ELDON6_20250510_060502.wav,20250510
453,456,Geothlypis trichas,Common Yellowthroat,0.3053,D:/AcousticMonitoringData/ELDON6_Data/Week18\ELDON6_20250510_060502.wav,20250510
453,456,Spizella pusilla,Field Sparrow,0.0339,D:/AcousticMonitoringData/ELDON6_Data/Week18\ELDON6_20250510_060502.wav,20250510
453,456,Melospiza melodia,Song Sparrow,0.0104,D:/AcousticMonitoringData/ELDON6_Data/Week18\ELDON6_20250510_060502.wav,20250510
459,462,Spizella pusilla,Field Sparrow,0.0172,D:/AcousticMonitoringData/ELDON6_Data/Week18\ELDON6_20250510_060502.wav,20250510
462,465,Spizella pusilla,Field Sparrow,0.0938,D:/AcousticMonitoringData/ELDON6_Data/Week18\ELDON6_20250510_060502.wav,20250510
465,468,Geothlypis trichas,Common Yellowthroat,0.0437,D:/AcousticMonitoringData/ELDON6_Data/Week18\ELDON6_20250510_060502.wav,20250510
465,468,Spizella pusilla,Field Sparrow,0.0154,D:/AcousticMonitoringData/ELDON6_Data/Week18\ELDON6_20250510_060502.wav,20250510
468,471,Geothlypis trichas,Common Yellowthroat,0.0142,D:/AcousticMonitoringData/ELDON6_Data/Week18\ELDON6_20250510_060502.wav,20250510
468,471,Spizella pusilla,Field Sparrow,0.0125,D:/AcousticMonitoringData/ELDON6_Data/Week18\ELDON6_20250510_060502.wav,20250510
471,474,Geothlypis trichas,Common Yellowthroat,0.0105,D:/AcousticMonitoringData/ELDON6_Data/Week18\ELDON6_20250510_060502.wav,20250510
477,480,Geothlypis trichas,Common Yellowthroat,0.0291,D:/AcousticMonitoringData/ELDON6_Data/Week18\ELDON6_20250510_060502.wav,20250510
477,480,Spizella pusilla,Field Sparrow,0.0219,D:/AcousticMonitoringData/ELDON6_Data/Week18\ELDON6_20250510_060502.wav,20250510
480,483,Geothlypis trichas,Common Yellowthroat,0.0155,D:/AcousticMonitoringData/ELDON6_Data/Week18\ELDON6_20250510_060502.wav,20250510
483,486,Spizella pusilla,Field Sparrow,0.01,D:/AcousticMonitoringData/ELDON6_Data/Week18\ELDON6_20250510_060502.wav,20250510
486,489,Geothlypis trichas,Common Yellowthroat,0.161,D:/AcousticMonitoringData/ELDON6_Data/Week18\ELDON6_20250510_060502.wav,20250510
486,489,Spizella pusilla,Field Sparrow,0.0108,D:/AcousticMonitoringData/ELDON6_Data/Week18\ELDON6_20250510_060502.wav,20250510
489,492,Spizella pusilla,Field Sparrow,0.0471,D:/AcousticMonitoringData/ELDON6_Data/Week18\ELDON6_20250510_060502.wav,20250510
489,492,Geothlypis trichas,Common Yellowthroat,0.0361,D:/AcousticMonitoringData/ELDON6_Data/Week18\ELDON6_20250510_060502.wav,20250510
492,495,Spizella pusilla,Field Sparrow,0.0394,D:/AcousticMonitoringData/ELDON6_Data/Week18\ELDON6_20250510_060502.wav,20250510
495,498,Geothlypis trichas,Common Yellowthroat,0.0221,D:/AcousticMonitoringData/ELDON6_Data/Week18\ELDON6_20250510_060502.wav,20250510
495,498,Spizella pusilla,Field Sparrow,0.0133,D:/AcousticMonitoringData/ELDON6_Data/Week18\ELDON6_20250510_060502.wav,20250510
498,501,Geothlypis trichas,Common Yellowthroat,0.0674,D:/AcousticMonitoringData/ELDON6_Data/Week18\ELDON6_20250510_060502.wav,20250510
498,501,Spizella pusilla,Field Sparrow,0.0283,D:/AcousticMonitoringData/ELDON6_Data/Week18\ELDON6_20250510_060502.wav,20250510
501,504,Spizella pusilla,Field Sparrow,0.0307,D:/AcousticMonitoringData/ELDON6_Data/Week18\ELDON6_20250510_060502.wav,20250510
501,504,Geothlypis trichas,Common Yellowthroat,0.0252,D:/AcousticMonitoringData/ELDON6_Data/Week18\ELDON6_20250510_060502.wav,20250510
504,507,Geothlypis trichas,Common Yellowthroat,0.0288,D:/AcousticMonitoringData/ELDON6_Data/Week18\ELDON6_20250510_060502.wav,20250510
504,507,Melospiza melodia,Song Sparrow,0.0143,D:/AcousticMonitoringData/ELDON6_Data/Week18\ELDON6_20250510_060502.wav,20250510
507,510,Geothlypis trichas,Common Yellowthroat,0.0465,D:/AcousticMonitoringData/ELDON6_Data/Week18\ELDON6_20250510_060502.wav,20250510
507,510,Spizella pusilla,Field Sparrow,0.0156,D:/AcousticMonitoringData/ELDON6_Data/Week18\ELDON6_20250510_060502.wav,20250510
510,513,Geothlypis trichas,Common Yellowthroat,0.1611,D:/AcousticMonitoringData/ELDON6_Data/Week18\ELDON6_20250510_060502.wav,20250510
510,513,Spizella pusilla,Field Sparrow,0.0232,D:/AcousticMonitoringData/ELDON6_Data/Week18\ELDON6_20250510_060502.wav,20250510
513,516,Geothlypis trichas,Common Yellowthroat,0.0194,D:/AcousticMonitoringData/ELDON6_Data/Week18\ELDON6_20250510_060502.wav,20250510
513,516,Spizella pusilla,Field Sparrow,0.0109,D:/AcousticMonitoringData/ELDON6_Data/Week18\ELDON6_20250510_060502.wav,20250510
516,519,Spizella pusilla,Field Sparrow,0.0302,D:/AcousticMonitoringData/ELDON6_Data/Week18\ELDON6_20250510_060502.wav,20250510
516,519,Geothlypis trichas,Common Yellowthroat,0.0156,D:/AcousticMonitoringData/ELDON6_Data/Week18\ELDON6_20250510_060502.wav,20250510
516,519,Passerina caerulea,Blue Grosbeak,0.0111,D:/AcousticMonitoringData/ELDON6_Data/Week18\ELDON6_20250510_060502.wav,20250510
519,522,Geothlypis trichas,Common Yellowthroat,0.0865,D:/AcousticMonitoringData/ELDON6_Data/Week18\ELDON6_20250510_060502.wav,20250510
519,522,Sturnella magna,Eastern Meadowlark,0.0155,D:/AcousticMonitoringData/ELDON6_Data/Week18\ELDON6_20250510_060502.wav,20250510
519,522,Spizella pusilla,Field Sparrow,0.0141,D:/AcousticMonitoringData/ELDON6_Data/Week18\ELDON6_20250510_060502.wav,20250510
522,525,Geothlypis trichas,Common Yellowthroat,0.0391,D:/AcousticMonitoringData/ELDON6_Data/Week18\ELDON6_20250510_060502.wav,20250510
522,525,Spizella pusilla,Field Sparrow,0.0139,D:/AcousticMonitoringData/ELDON6_Data/Week18\ELDON6_20250510_060502.wav,20250510
525,528,Spizella pusilla,Field Sparrow,0.0171,D:/AcousticMonitoringData/ELDON6_Data/Week18\ELDON6_20250510_060502.wav,20250510
528,531,Geothlypis trichas,Common Yellowthroat,0.0185,D:/AcousticMonitoringData/ELDON6_Data/Week18\ELDON6_20250510_060502.wav,20250510
528,531,Spizella pusilla,Field Sparrow,0.0152,D:/AcousticMonitoringData/ELDON6_Data/Week18\ELDON6_20250510_060502.wav,20250510
528,531,Melospiza melodia,Song Sparrow,0.0115,D:/AcousticMonitoringData/ELDON6_Data/Week18\ELDON6_20250510_060502.wav,20250510
531,534,Geothlypis trichas,Common Yellowthroat,0.1611,D:/AcousticMonitoringData/ELDON6_Data/Week18\ELDON6_20250510_060502.wav,20250510
531,534,Spizella pusilla,Field Sparrow,0.0141,D:/AcousticMonitoringData/ELDON6_Data/Week18\ELDON6_20250510_060502.wav,20250510
531,534,Melospiza melodia,Song Sparrow,0.0129,D:/AcousticMonitoringData/ELDON6_Data/Week18\ELDON6_20250510_060502.wav,20250510
534,537,Geothlypis trichas,Common Yellowthroat,0.1807,D:/AcousticMonitoringData/ELDON6_Data/Week18\ELDON6_20250510_060502.wav,20250510
534,537,Melospiza melodia,Song Sparrow,0.0437,D:/AcousticMonitoringData/ELDON6_Data/Week18\ELDON6_20250510_060502.wav,20250510
534,537,Sturnella magna,Eastern Meadowlark,0.0192,D:/AcousticMonitoringData/ELDON6_Data/Week18\ELDON6_20250510_060502.wav,20250510
537,540,Spizella pusilla,Field Sparrow,0.0347,D:/AcousticMonitoringData/ELDON6_Data/Week18\ELDON6_20250510_060502.wav,20250510
537,540,Geothlypis trichas,Common Yellowthroat,0.0184,D:/AcousticMonitoringData/ELDON6_Data/Week18\ELDON6_20250510_060502.wav,20250510
537,540,Melospiza melodia,Song Sparrow,0.012,D:/AcousticMonitoringData/ELDON6_Data/Week18\ELDON6_20250510_060502.wav,20250510
540,543,Spizella pusilla,Field Sparrow,0.0836,D:/AcousticMonitoringData/ELDON6_Data/Week18\ELDON6_20250510_060502.wav,20250510
543,546,Spizella pusilla,Field Sparrow,0.0357,D:/AcousticMonitoringData/ELDON6_Data/Week18\ELDON6_20250510_060502.wav,20250510
546,549,Spizella pusilla,Field Sparrow,0.0276,D:/AcousticMonitoringData/ELDON6_Data/Week18\ELDON6_20250510_060502.wav,20250510
549,552,Sturnella magna,Eastern Meadowlark,0.0447,D:/AcousticMonitoringData/ELDON6_Data/Week18\ELDON6_20250510_060502.wav,20250510
549,552,Passerina caerulea,Blue Grosbeak,0.0105,D:/AcousticMonitoringData/ELDON6_Data/Week18\ELDON6_20250510_060502.wav,20250510
552,555,Geothlypis trichas,Common Yellowthroat,0.0126,D:/AcousticMonitoringData/ELDON6_Data/Week18\ELDON6_20250510_060502.wav,20250510
552,555,Melospiza melodia,Song Sparrow,0.0105,D:/AcousticMonitoringData/ELDON6_Data/Week18\ELDON6_20250510_060502.wav,20250510
555,558,Spizella pusilla,Field Sparrow,0.0103,D:/AcousticMonitoringData/ELDON6_Data/Week18\ELDON6_20250510_060502.wav,20250510
558,561,Spizella pusilla,Field Sparrow,0.0283,D:/AcousticMonitoringData/ELDON6_Data/Week18\ELDON6_20250510_060502.wav,20250510
558,561,Geothlypis trichas,Common Yellowthroat,0.0103,D:/AcousticMonitoringData/ELDON6_Data/Week18\ELDON6_20250510_060502.wav,20250510
561,564,Geothlypis trichas,Common Yellowthroat,0.0533,D:/AcousticMonitoringData/ELDON6_Data/Week18\ELDON6_20250510_060502.wav,20250510
561,564,Melospiza melodia,Song Sparrow,0.0154,D:/AcousticMonitoringData/ELDON6_Data/Week18\ELDON6_20250510_060502.wav,20250510
564,567,Geothlypis trichas,Common Yellowthroat,0.0132,D:/AcousticMonitoringData/ELDON6_Data/Week18\ELDON6_20250510_060502.wav,20250510
567,570,Geothlypis trichas,Common Yellowthroat,0.1632,D:/AcousticMonitoringData/ELDON6_Data/Week18\ELDON6_20250510_060502.wav,20250510
567,570,Spizella pusilla,Field Sparrow,0.0184,D:/AcousticMonitoringData/ELDON6_Data/Week18\ELDON6_20250510_060502.wav,20250510
570,573,Spizella pusilla,Field Sparrow,0.0342,D:/AcousticMonitoringData/ELDON6_Data/Week18\ELDON6_20250510_060502.wav,20250510
570,573,Geothlypis trichas,Common Yellowthroat,0.0238,D:/AcousticMonitoringData/ELDON6_Data/Week18\ELDON6_20250510_060502.wav,20250510
570,573,Melospiza melodia,Song Sparrow,0.0102,D:/AcousticMonitoringData/ELDON6_Data/Week18\ELDON6_20250510_060502.wav,20250510
573,576,Melospiza melodia,Song Sparrow,0.0412,D:/AcousticMonitoringData/ELDON6_Data/Week18\ELDON6_20250510_060502.wav,20250510
573,576,Geothlypis trichas,Common Yellowthroat,0.0262,D:/AcousticMonitoringData/ELDON6_Data/Week18\ELDON6_20250510_060502.wav,20250510
576,579,Geothlypis trichas,Common Yellowthroat,0.0493,D:/AcousticMonitoringData/ELDON6_Data/Week18\ELDON6_20250510_060502.wav,20250510
576,579,Melospiza melodia,Song Sparrow,0.0188,D:/AcousticMonitoringData/ELDON6_Data/Week18\ELDON6_20250510_060502.wav,20250510
579,582,Geothlypis trichas,Common Yellowthroat,0.2234,D:/AcousticMonitoringData/ELDON6_Data/Week18\ELDON6_20250510_060502.wav,20250510
579,582,Melospiza melodia,Song Sparrow,0.0134,D:/AcousticMonitoringData/ELDON6_Data/Week18\ELDON6_20250510_060502.wav,20250510
582,585,Geothlypis trichas,Common Yellowthroat,0.359,D:/AcousticMonitoringData/ELDON6_Data/Week18\ELDON6_20250510_060502.wav,20250510
582,585,Spizella pusilla,Field Sparrow,0.0248,D:/AcousticMonitoringData/ELDON6_Data/Week18\ELDON6_20250510_060502.wav,20250510
585,588,Spizella pusilla,Field Sparrow,0.0129,D:/AcousticMonitoringData/ELDON6_Data/Week18\ELDON6_20250510_060502.wav,20250510
588,591,Spizella pusilla,Field Sparrow,0.1184,D:/AcousticMonitoringData/ELDON6_Data/Week18\ELDON6_20250510_060502.wav,20250510
591,594,Geothlypis trichas,Common Yellowthroat,0.1282,D:/AcousticMonitoringData/ELDON6_Data/Week18\ELDON6_20250510_060502.wav,20250510
591,594,Spizella pusilla,Field Sparrow,0.0149,D:/AcousticMonitoringData/ELDON6_Data/Week18\ELDON6_20250510_060502.wav,20250510
594,597,Geothlypis trichas,Common Yellowthroat,0.0522,D:/AcousticMonitoringData/ELDON6_Data/Week18\ELDON6_20250510_060502.wav,20250510
600,603,Geothlypis trichas,Common Yellowthroat,0.0687,D:/AcousticMonitoringData/ELDON6_Data/Week18\ELDON6_20250510_060502.wav,20250510
600,603,Spizella pusilla,Field Sparrow,0.0229,D:/AcousticMonitoringData/ELDON6_Data/Week18\ELDON6_20250510_060502.wav,20250510
603,606,Spizella pusilla,Field Sparrow,0.0169,D:/AcousticMonitoringData/ELDON6_Data/Week18\ELDON6_20250510_060502.wav,20250510
606,609,Spizella pusilla,Field Sparrow,0.0114,D:/AcousticMonitoringData/ELDON6_Data/Week18\ELDON6_20250510_060502.wav,20250510
609,612,Geothlypis trichas,Common Yellowthroat,0.0797,D:/AcousticMonitoringData/ELDON6_Data/Week18\ELDON6_20250510_060502.wav,20250510
612,615,Spizella pusilla,Field Sparrow,0.096,D:/AcousticMonitoringData/ELDON6_Data/Week18\ELDON6_20250510_060502.wav,20250510
612,615,Geothlypis trichas,Common Yellowthroat,0.0306,D:/AcousticMonitoringData/ELDON6_Data/Week18\ELDON6_20250510_060502.wav,20250510
615,618,Geothlypis trichas,Common Yellowthroat,0.0143,D:/AcousticMonitoringData/ELDON6_Data/Week18\ELDON6_20250510_060502.wav,20250510
621,624,Geothlypis trichas,Common Yellowthroat,0.0777,D:/AcousticMonitoringData/ELDON6_Data/Week18\ELDON6_20250510_060502.wav,20250510
624,627,Sturnella magna,Eastern Meadowlark,0.012,D:/AcousticMonitoringData/ELDON6_Data/Week18\ELDON6_20250510_060502.wav,20250510
624,627,Spizella pusilla,Field Sparrow,0.0118,D:/AcousticMonitoringData/ELDON6_Data/Week18\ELDON6_20250510_060502.wav,20250510
627,630,Geothlypis trichas,Common Yellowthroat,0.0162,D:/AcousticMonitoringData/ELDON6_Data/Week18\ELDON6_20250510_060502.wav,20250510
630,633,Geothlypis trichas,Common Yellowthroat,0.0485,D:/AcousticMonitoringData/ELDON6_Data/Week18\ELDON6_20250510_060502.wav,20250510
630,633,Spizella pusilla,Field Sparrow,0.012,D:/AcousticMonitoringData/ELDON6_Data/Week18\ELDON6_20250510_060502.wav,20250510
633,636,Spizella pusilla,Field Sparrow,0.0152,D:/AcousticMonitoringData/ELDON6_Data/Week18\ELDON6_20250510_060502.wav,20250510
636,639,Spizella pusilla,Field Sparrow,0.011,D:/AcousticMonitoringData/ELDON6_Data/Week18\ELDON6_20250510_060502.wav,20250510
639,642,Geothlypis trichas,Common Yellowthroat,0.1138,D:/AcousticMonitoringData/ELDON6_Data/Week18\ELDON6_20250510_060502.wav,20250510
639,642,Spizella pusilla,Field Sparrow,0.0179,D:/AcousticMonitoringData/ELDON6_Data/Week18\ELDON6_20250510_060502.wav,20250510
639,642,Sturnella magna,Eastern Meadowlark,0.0168,D:/AcousticMonitoringData/ELDON6_Data/Week18\ELDON6_20250510_060502.wav,20250510
642,645,Geothlypis trichas,Common Yellowthroat,0.0344,D:/AcousticMonitoringData/ELDON6_Data/Week18\ELDON6_20250510_060502.wav,20250510
645,648,Spizella pusilla,Field Sparrow,0.025,D:/AcousticMonitoringData/ELDON6_Data/Week18\ELDON6_20250510_060502.wav,20250510
645,648,Geothlypis trichas,Common Yellowthroat,0.0125,D:/AcousticMonitoringData/ELDON6_Data/Week18\ELDON6_20250510_060502.wav,20250510
648,651,Sturnella magna,Eastern Meadowlark,0.0281,D:/AcousticMonitoringData/ELDON6_Data/Week18\ELDON6_20250510_060502.wav,20250510
648,651,Spizella pusilla,Field Sparrow,0.0254,D:/AcousticMonitoringData/ELDON6_Data/Week18\ELDON6_20250510_060502.wav,20250510
651,654,Geothlypis trichas,Common Yellowthroat,0.0541,D:/AcousticMonitoringData/ELDON6_Data/Week18\ELDON6_20250510_060502.wav,20250510
651,654,Spizella pusilla,Field Sparrow,0.0262,D:/AcousticMonitoringData/ELDON6_Data/Week18\ELDON6_20250510_060502.wav,20250510
654,657,Geothlypis trichas,Common Yellowthroat,0.0114,D:/AcousticMonitoringData/ELDON6_Data/Week18\ELDON6_20250510_060502.wav,20250510
657,660,Geothlypis trichas,Common Yellowthroat,0.0363,D:/AcousticMonitoringData/ELDON6_Data/Week18\ELDON6_20250510_060502.wav,20250510
660,663,Geothlypis trichas,Common Yellowthroat,0.0275,D:/AcousticMonitoringData/ELDON6_Data/Week18\ELDON6_20250510_060502.wav,20250510
660,663,Spizella pusilla,Field Sparrow,0.016,D:/AcousticMonitoringData/ELDON6_Data/Week18\ELDON6_20250510_060502.wav,20250510
663,666,Geothlypis trichas,Common Yellowthroat,0.0541,D:/AcousticMonitoringData/ELDON6_Data/Week18\ELDON6_20250510_060502.wav,20250510
663,666,Spizella pusilla,Field Sparrow,0.0206,D:/AcousticMonitoringData/ELDON6_Data/Week18\ELDON6_20250510_060502.wav,20250510
666,669,Spizella pusilla,Field Sparrow,0.0582,D:/AcousticMonitoringData/ELDON6_Data/Week18\ELDON6_20250510_060502.wav,20250510
669,672,Spizella pusilla,Field Sparrow,0.0343,D:/AcousticMonitoringData/ELDON6_Data/Week18\ELDON6_20250510_060502.wav,20250510
669,672,Geothlypis trichas,Common Yellowthroat,0.0286,D:/AcousticMonitoringData/ELDON6_Data/Week18\ELDON6_20250510_060502.wav,20250510
669,672,Sturnella magna,Eastern Meadowlark,0.0177,D:/AcousticMonitoringData/ELDON6_Data/Week18\ELDON6_20250510_060502.wav,20250510
669,672,Passerina caerulea,Blue Grosbeak,0.0112,D:/AcousticMonitoringData/ELDON6_Data/Week18\ELDON6_20250510_060502.wav,20250510
672,675,Geothlypis trichas,Common Yellowthroat,0.0797,D:/AcousticMonitoringData/ELDON6_Data/Week18\ELDON6_20250510_060502.wav,20250510
675,678,Spizella pusilla,Field Sparrow,0.0358,D:/AcousticMonitoringData/ELDON6_Data/Week18\ELDON6_20250510_060502.wav,20250510
675,678,Sturnella magna,Eastern Meadowlark,0.025,D:/AcousticMonitoringData/ELDON6_Data/Week18\ELDON6_20250510_060502.wav,20250510
675,678,Geothlypis trichas,Common Yellowthroat,0.0199,D:/AcousticMonitoringData/ELDON6_Data/Week18\ELDON6_20250510_060502.wav,20250510
678,681,Geothlypis trichas,Common Yellowthroat,0.0183,D:/AcousticMonitoringData/ELDON6_Data/Week18\ELDON6_20250510_060502.wav,20250510
678,681,Spizella pusilla,Field Sparrow,0.0154,D:/AcousticMonitoringData/ELDON6_Data/Week18\ELDON6_20250510_060502.wav,20250510
681,684,Spizella pusilla,Field Sparrow,0.0267,D:/AcousticMonitoringData/ELDON6_Data/Week18\ELDON6_20250510_060502.wav,20250510
681,684,Geothlypis trichas,Common Yellowthroat,0.0256,D:/AcousticMonitoringData/ELDON6_Data/Week18\ELDON6_20250510_060502.wav,20250510
684,687,Geothlypis trichas,Common Yellowthroat,0.1764,D:/AcousticMonitoringData/ELDON6_Data/Week18\ELDON6_20250510_060502.wav,20250510
684,687,Spizella pusilla,Field Sparrow,0.0198,D:/AcousticMonitoringData/ELDON6_Data/Week18\ELDON6_20250510_060502.wav,20250510
687,690,Geothlypis trichas,Common Yellowthroat,0.0202,D:/AcousticMonitoringData/ELDON6_Data/Week18\ELDON6_20250510_060502.wav,20250510
687,690,Spizella pusilla,Field Sparrow,0.0187,D:/AcousticMonitoringData/ELDON6_Data/Week18\ELDON6_20250510_060502.wav,20250510
690,693,Geothlypis trichas,Common Yellowthroat,0.0396,D:/AcousticMonitoringData/ELDON6_Data/Week18\ELDON6_20250510_060502.wav,20250510
693,696,Geothlypis trichas,Common Yellowthroat,0.1324,D:/AcousticMonitoringData/ELDON6_Data/Week18\ELDON6_20250510_060502.wav,20250510
693,696,Spizella pusilla,Field Sparrow,0.0193,D:/AcousticMonitoringData/ELDON6_Data/Week18\ELDON6_20250510_060502.wav,20250510
696,699,Geothlypis trichas,Common Yellowthroat,0.0291,D:/AcousticMonitoringData/ELDON6_Data/Week18\ELDON6_20250510_060502.wav,20250510
696,699,Spizella pusilla,Field Sparrow,0.0269,D:/AcousticMonitoringData/ELDON6_Data/Week18\ELDON6_20250510_060502.wav,20250510
699,702,Spizella pusilla,Field Sparrow,0.0244,D:/AcousticMonitoringData/ELDON6_Data/Week18\ELDON6_20250510_060502.wav,20250510
702,705,Geothlypis trichas,Common Yellowthroat,0.1315,D:/AcousticMonitoringData/ELDON6_Data/Week18\ELDON6_20250510_060502.wav,20250510
702,705,Spizella pusilla,Field Sparrow,0.0288,D:/AcousticMonitoringData/ELDON6_Data/Week18\ELDON6_20250510_060502.wav,20250510
705,708,Spizella pusilla,Field Sparrow,0.0213,D:/AcousticMonitoringData/ELDON6_Data/Week18\ELDON6_20250510_060502.wav,20250510
708,711,Spizella pusilla,Field Sparrow,0.0182,D:/AcousticMonitoringData/ELDON6_Data/Week18\ELDON6_20250510_060502.wav,20250510
711,714,Geothlypis trichas,Common Yellowthroat,0.0272,D:/AcousticMonitoringData/ELDON6_Data/Week18\ELDON6_20250510_060502.wav,20250510
714,717,Geothlypis trichas,Common Yellowthroat,0.1995,D:/AcousticMonitoringData/ELDON6_Data/Week18\ELDON6_20250510_060502.wav,20250510
714,717,Spizella pusilla,Field Sparrow,0.0243,D:/AcousticMonitoringData/ELDON6_Data/Week18\ELDON6_20250510_060502.wav,20250510
717,720,Geothlypis trichas,Common Yellowthroat,0.0378,D:/AcousticMonitoringData/ELDON6_Data/Week18\ELDON6_20250510_060502.wav,20250510
720,723,Geothlypis trichas,Common Yellowthroat,0.3592,D:/AcousticMonitoringData/ELDON6_Data/Week18\ELDON6_20250510_060502.wav,20250510
723,726,Geothlypis trichas,Common Yellowthroat,0.1224,D:/AcousticMonitoringData/ELDON6_Data/Week18\ELDON6_20250510_060502.wav,20250510
723,726,Spizella pusilla,Field Sparrow,0.0261,D:/AcousticMonitoringData/ELDON6_Data/Week18\ELDON6_20250510_060502.wav,20250510
729,732,Spizella pusilla,Field Sparrow,0.0199,D:/AcousticMonitoringData/ELDON6_Data/Week18\ELDON6_20250510_060502.wav,20250510
729,732,Geothlypis trichas,Common Yellowthroat,0.017,D:/AcousticMonitoringData/ELDON6_Data/Week18\ELDON6_20250510_060502.wav,20250510
732,735,Geothlypis trichas,Common Yellowthroat,0.0621,D:/AcousticMonitoringData/ELDON6_Data/Week18\ELDON6_20250510_060502.wav,20250510
732,735,Spizella pusilla,Field Sparrow,0.0258,D:/AcousticMonitoringData/ELDON6_Data/Week18\ELDON6_20250510_060502.wav,20250510
735,738,Spizella pusilla,Field Sparrow,0.029,D:/AcousticMonitoringData/ELDON6_Data/Week18\ELDON6_20250510_060502.wav,20250510
741,744,Spizella pusilla,Field Sparrow,0.0447,D:/AcousticMonitoringData/ELDON6_Data/Week18\ELDON6_20250510_060502.wav,20250510
741,744,Geothlypis trichas,Common Yellowthroat,0.035,D:/AcousticMonitoringData/ELDON6_Data/Week18\ELDON6_20250510_060502.wav,20250510
741,744,Sturnella magna,Eastern Meadowlark,0.0155,D:/AcousticMonitoringData/ELDON6_Data/Week18\ELDON6_20250510_060502.wav,20250510
744,747,Geothlypis trichas,Common Yellowthroat,0.0508,D:/AcousticMonitoringData/ELDON6_Data/Week18\ELDON6_20250510_060502.wav,20250510
744,747,Spizella pusilla,Field Sparrow,0.0141,D:/AcousticMonitoringData/ELDON6_Data/Week18\ELDON6_20250510_060502.wav,20250510
747,750,Sturnella magna,Eastern Meadowlark,0.0128,D:/AcousticMonitoringData/ELDON6_Data/Week18\ELDON6_20250510_060502.wav,20250510
750,753,Spizella pusilla,Field Sparrow,0.0194,D:/AcousticMonitoringData/ELDON6_Data/Week18\ELDON6_20250510_060502.wav,20250510
753,756,Geothlypis trichas,Common Yellowthroat,0.0346,D:/AcousticMonitoringData/ELDON6_Data/Week18\ELDON6_20250510_060502.wav,20250510
753,756,Spizella pusilla,Field Sparrow,0.0204,D:/AcousticMonitoringData/ELDON6_Data/Week18\ELDON6_20250510_060502.wav,20250510
756,759,Spizella pusilla,Field Sparrow,0.0474,D:/AcousticMonitoringData/ELDON6_Data/Week18\ELDON6_20250510_060502.wav,20250510
759,762,Geothlypis trichas,Common Yellowthroat,0.0142,D:/AcousticMonitoringData/ELDON6_Data/Week18\ELDON6_20250510_060502.wav,20250510
762,765,Spizella pusilla,Field Sparrow,0.0154,D:/AcousticMonitoringData/ELDON6_Data/Week18\ELDON6_20250510_060502.wav,20250510
765,768,Geothlypis trichas,Common Yellowthroat,0.1057,D:/AcousticMonitoringData/ELDON6_Data/Week18\ELDON6_20250510_060502.wav,20250510
765,768,Spizella pusilla,Field Sparrow,0.0175,D:/AcousticMonitoringData/ELDON6_Data/Week18\ELDON6_20250510_060502.wav,20250510
771,774,Spizella pusilla,Field Sparrow,0.0103,D:/AcousticMonitoringData/ELDON6_Data/Week18\ELDON6_20250510_060502.wav,20250510
774,777,Spizella pusilla,Field Sparrow,0.0513,D:/AcousticMonitoringData/ELDON6_Data/Week18\ELDON6_20250510_060502.wav,20250510
774,777,Geothlypis trichas,Common Yellowthroat,0.0339,D:/AcousticMonitoringData/ELDON6_Data/Week18\ELDON6_20250510_060502.wav,20250510
777,780,Spizella pusilla,Field Sparrow,0.0581,D:/AcousticMonitoringData/ELDON6_Data/Week18\ELDON6_20250510_060502.wav,20250510
777,780,Geothlypis trichas,Common Yellowthroat,0.0482,D:/AcousticMonitoringData/ELDON6_Data/Week18\ELDON6_20250510_060502.wav,20250510
777,780,Passerina caerulea,Blue Grosbeak,0.044,D:/AcousticMonitoringData/ELDON6_Data/Week18\ELDON6_20250510_060502.wav,20250510
777,780,Sturnella magna,Eastern Meadowlark,0.023,D:/AcousticMonitoringData/ELDON6_Data/Week18\ELDON6_20250510_060502.wav,20250510
786,789,Spizella pusilla,Field Sparrow,0.0552,D:/AcousticMonitoringData/ELDON6_Data/Week18\ELDON6_20250510_060502.wav,20250510
786,789,Geothlypis trichas,Common Yellowthroat,0.0252,D:/AcousticMonitoringData/ELDON6_Data/Week18\ELDON6_20250510_060502.wav,20250510
786,789,Sturnella magna,Eastern Meadowlark,0.0244,D:/AcousticMonitoringData/ELDON6_Data/Week18\ELDON6_20250510_060502.wav,20250510
789,792,Spizella pusilla,Field Sparrow,0.0384,D:/AcousticMonitoringData/ELDON6_Data/Week18\ELDON6_20250510_060502.wav,20250510
789,792,Geothlypis trichas,Common Yellowthroat,0.014,D:/AcousticMonitoringData/ELDON6_Data/Week18\ELDON6_20250510_060502.wav,20250510
795,798,Geothlypis trichas,Common Yellowthroat,0.0784,D:/AcousticMonitoringData/ELDON6_Data/Week18\ELDON6_20250510_060502.wav,20250510
798,801,Geothlypis trichas,Common Yellowthroat,0.0658,D:/AcousticMonitoringData/ELDON6_Data/Week18\ELDON6_20250510_060502.wav,20250510
798,801,Spizella pusilla,Field Sparrow,0.0225,D:/AcousticMonitoringData/ELDON6_Data/Week18\ELDON6_20250510_060502.wav,20250510
801,804,Spizella pusilla,Field Sparrow,0.048,D:/AcousticMonitoringData/ELDON6_Data/Week18\ELDON6_20250510_060502.wav,20250510
804,807,Spizella pusilla,Field Sparrow,0.18,D:/AcousticMonitoringData/ELDON6_Data/Week18\ELDON6_20250510_060502.wav,20250510
804,807,Geothlypis trichas,Common Yellowthroat,0.0197,D:/AcousticMonitoringData/ELDON6_Data/Week18\ELDON6_20250510_060502.wav,20250510
807,810,Geothlypis trichas,Common Yellowthroat,0.0268,D:/AcousticMonitoringData/ELDON6_Data/Week18\ELDON6_20250510_060502.wav,20250510
807,810,Spizella pusilla,Field Sparrow,0.0257,D:/AcousticMonitoringData/ELDON6_Data/Week18\ELDON6_20250510_060502.wav,20250510
807,810,Passerina caerulea,Blue Grosbeak,0.0116,D:/AcousticMonitoringData/ELDON6_Data/Week18\ELDON6_20250510_060502.wav,20250510
810,813,Geothlypis trichas,Common Yellowthroat,0.0658,D:/AcousticMonitoringData/ELDON6_Data/Week18\ELDON6_20250510_060502.wav,20250510
810,813,Spizella pusilla,Field Sparrow,0.0129,D:/AcousticMonitoringData/ELDON6_Data/Week18\ELDON6_20250510_060502.wav,20250510
813,816,Sturnella magna,Eastern Meadowlark,0.0143,D:/AcousticMonitoringData/ELDON6_Data/Week18\ELDON6_20250510_060502.wav,20250510
813,816,Spizella pusilla,Field Sparrow,0.0115,D:/AcousticMonitoringData/ELDON6_Data/Week18\ELDON6_20250510_060502.wav,20250510
816,819,Spizella pusilla,Field Sparrow,0.0501,D:/AcousticMonitoringData/ELDON6_Data/Week18\ELDON6_20250510_060502.wav,20250510
819,822,Spizella pusilla,Field Sparrow,0.0367,D:/AcousticMonitoringData/ELDON6_Data/Week18\ELDON6_20250510_060502.wav,20250510
819,822,Geothlypis trichas,Common Yellowthroat,0.0227,D:/AcousticMonitoringData/ELDON6_Data/Week18\ELDON6_20250510_060502.wav,20250510
822,825,Spizella pusilla,Field Sparrow,0.0157,D:/AcousticMonitoringData/ELDON6_Data/Week18\ELDON6_20250510_060502.wav,20250510
828,831,Spizella pusilla,Field Sparrow,0.0378,D:/AcousticMonitoringData/ELDON6_Data/Week18\ELDON6_20250510_060502.wav,20250510
828,831,Passerina caerulea,Blue Grosbeak,0.0143,D:/AcousticMonitoringData/ELDON6_Data/Week18\ELDON6_20250510_060502.wav,20250510
828,831,Sturnella magna,Eastern Meadowlark,0.0127,D:/AcousticMonitoringData/ELDON6_Data/Week18\ELDON6_20250510_060502.wav,20250510
828,831,Geothlypis trichas,Common Yellowthroat,0.0106,D:/AcousticMonitoringData/ELDON6_Data/Week18\ELDON6_20250510_060502.wav,20250510
831,834,Geothlypis trichas,Common Yellowthroat,0.014,D:/AcousticMonitoringData/ELDON6_Data/Week18\ELDON6_20250510_060502.wav,20250510
834,837,Spizella pusilla,Field Sparrow,0.031,D:/AcousticMonitoringData/ELDON6_Data/Week18\ELDON6_20250510_060502.wav,20250510
837,840,Spizella pusilla,Field Sparrow,0.0559,D:/AcousticMonitoringData/ELDON6_Data/Week18\ELDON6_20250510_060502.wav,20250510
837,840,Geothlypis trichas,Common Yellowthroat,0.0111,D:/AcousticMonitoringData/ELDON6_Data/Week18\ELDON6_20250510_060502.wav,20250510
837,840,Sturnella magna,Eastern Meadowlark,0.0105,D:/AcousticMonitoringData/ELDON6_Data/Week18\ELDON6_20250510_060502.wav,20250510
843,846,Geothlypis trichas,Common Yellowthroat,0.0803,D:/AcousticMonitoringData/ELDON6_Data/Week18\ELDON6_20250510_060502.wav,20250510
843,846,Spizella pusilla,Field Sparrow,0.0549,D:/AcousticMonitoringData/ELDON6_Data/Week18\ELDON6_20250510_060502.wav,20250510
846,849,Spizella pusilla,Field Sparrow,0.0108,D:/AcousticMonitoringData/ELDON6_Data/Week18\ELDON6_20250510_060502.wav,20250510
849,852,Spizella pusilla,Field Sparrow,0.0123,D:/AcousticMonitoringData/ELDON6_Data/Week18\ELDON6_20250510_060502.wav,20250510
855,858,Geothlypis trichas,Common Yellowthroat,0.0503,D:/AcousticMonitoringData/ELDON6_Data/Week18\ELDON6_20250510_060502.wav,20250510
855,858,Spizella pusilla,Field Sparrow,0.0178,D:/AcousticMonitoringData/ELDON6_Data/Week18\ELDON6_20250510_060502.wav,20250510
858,861,Spizella pusilla,Field Sparrow,0.0231,D:/AcousticMonitoringData/ELDON6_Data/Week18\ELDON6_20250510_060502.wav,20250510
858,861,Sturnella magna,Eastern Meadowlark,0.0132,D:/AcousticMonitoringData/ELDON6_Data/Week18\ELDON6_20250510_060502.wav,20250510
858,861,Geothlypis trichas,Common Yellowthroat,0.0126,D:/AcousticMonitoringData/ELDON6_Data/Week18\ELDON6_20250510_060502.wav,20250510
864,867,Spizella pusilla,Field Sparrow,0.0463,D:/AcousticMonitoringData/ELDON6_Data/Week18\ELDON6_20250510_060502.wav,20250510
867,870,Geothlypis trichas,Common Yellowthroat,0.0706,D:/AcousticMonitoringData/ELDON6_Data/Week18\ELDON6_20250510_060502.wav,20250510
867,870,Spizella pusilla,Field Sparrow,0.0233,D:/AcousticMonitoringData/ELDON6_Data/Week18\ELDON6_20250510_060502.wav,20250510
870,873,Geothlypis trichas,Common Yellowthroat,0.0165,D:/AcousticMonitoringData/ELDON6_Data/Week18\ELDON6_20250510_060502.wav,20250510
870,873,Spizella pusilla,Field Sparrow,0.0146,D:/AcousticMonitoringData/ELDON6_Data/Week18\ELDON6_20250510_060502.wav,20250510
873,876,Geothlypis trichas,Common Yellowthroat,0.0393,D:/AcousticMonitoringData/ELDON6_Data/Week18\ELDON6_20250510_060502.wav,20250510
876,879,Geothlypis trichas,Common Yellowthroat,0.0415,D:/AcousticMonitoringData/ELDON6_Data/Week18\ELDON6_20250510_060502.wav,20250510
879,882,Geothlypis trichas,Common Yellowthroat,0.1835,D:/AcousticMonitoringData/ELDON6_Data/Week18\ELDON6_20250510_060502.wav,20250510
879,882,Spizella pusilla,Field Sparrow,0.0165,D:/AcousticMonitoringData/ELDON6_Data/Week18\ELDON6_20250510_060502.wav,20250510
882,885,Spizella pusilla,Field Sparrow,0.0542,D:/AcousticMonitoringData/ELDON6_Data/Week18\ELDON6_20250510_060502.wav,20250510
882,885,Geothlypis trichas,Common Yellowthroat,0.0367,D:/AcousticMonitoringData/ELDON6_Data/Week18\ELDON6_20250510_060502.wav,20250510
882,885,Melospiza melodia,Song Sparrow,0.0145,D:/AcousticMonitoringData/ELDON6_Data/Week18\ELDON6_20250510_060502.wav,20250510
885,888,Geothlypis trichas,Common Yellowthroat,0.0259,D:/AcousticMonitoringData/ELDON6_Data/Week18\ELDON6_20250510_060502.wav,20250510
888,891,Geothlypis trichas,Common Yellowthroat,0.1582,D:/AcousticMonitoringData/ELDON6_Data/Week18\ELDON6_20250510_060502.wav,20250510
888,891,Spizella pusilla,Field Sparrow,0.0288,D:/AcousticMonitoringData/ELDON6_Data/Week18\ELDON6_20250510_060502.wav,20250510
891,894,Geothlypis trichas,Common Yellowthroat,0.0843,D:/AcousticMonitoringData/ELDON6_Data/Week18\ELDON6_20250510_060502.wav,20250510
894,897,Geothlypis trichas,Common Yellowthroat,0.0158,D:/AcousticMonitoringData/ELDON6_Data/Week18\ELDON6_20250510_060502.wav,20250510
894,897,Spizella pusilla,Field Sparrow,0.0116,D:/AcousticMonitoringData/ELDON6_Data/Week18\ELDON6_20250510_060502.wav,20250510
894,897,Melospiza melodia,Song Sparrow,0.0109,D:/AcousticMonitoringData/ELDON6_Data/Week18\ELDON6_20250510_060502.wav,20250510
897,900,Spizella pusilla,Field Sparrow,0.029,D:/AcousticMonitoringData/ELDON6_Data/Week18\ELDON6_20250510_060502.wav,20250510
897,900,Geothlypis trichas,Common Yellowthroat,0.0245,D:/AcousticMonitoringData/ELDON6_Data/Week18\ELDON6_20250510_060502.wav,20250510
900,903,Geothlypis trichas,Common Yellowthroat,0.0346,D:/AcousticMonitoringData/ELDON6_Data/Week18\ELDON6_20250510_060502.wav,20250510
900,903,Spizella pusilla,Field Sparrow,0.0192,D:/AcousticMonitoringData/ELDON6_Data/Week18\ELDON6_20250510_060502.wav,20250510
900,903,Passerina caerulea,Blue Grosbeak,0.0152,D:/AcousticMonitoringData/ELDON6_Data/Week18\ELDON6_20250510_060502.wav,20250510
903,906,Sturnella magna,Eastern Meadowlark,0.0149,D:/AcousticMonitoringData/ELDON6_Data/Week18\ELDON6_20250510_060502.wav,20250510
903,906,Geothlypis trichas,Common Yellowthroat,0.0124,D:/AcousticMonitoringData/ELDON6_Data/Week18\ELDON6_20250510_060502.wav,20250510
906,909,Geothlypis trichas,Common Yellowthroat,0.0124,D:/AcousticMonitoringData/ELDON6_Data/Week18\ELDON6_20250510_060502.wav,20250510
909,912,Geothlypis trichas,Common Yellowthroat,0.0308,D:/AcousticMonitoringData/ELDON6_Data/Week18\ELDON6_20250510_060502.wav,20250510
912,915,Geothlypis trichas,Common Yellowthroat,0.041,D:/AcousticMonitoringData/ELDON6_Data/Week18\ELDON6_20250510_060502.wav,20250510
912,915,Spizella pusilla,Field Sparrow,0.011,D:/AcousticMonitoringData/ELDON6_Data/Week18\ELDON6_20250510_060502.wav,20250510
915,918,Geothlypis trichas,Common Yellowthroat,0.1239,D:/AcousticMonitoringData/ELDON6_Data/Week18\ELDON6_20250510_060502.wav,20250510
915,918,Melospiza melodia,Song Sparrow,0.015,D:/AcousticMonitoringData/ELDON6_Data/Week18\ELDON6_20250510_060502.wav,20250510
918,921,Geothlypis trichas,Common Yellowthroat,0.0123,D:/AcousticMonitoringData/ELDON6_Data/Week18\ELDON6_20250510_060502.wav,20250510
924,927,Geothlypis trichas,Common Yellowthroat,0.0422,D:/AcousticMonitoringData/ELDON6_Data/Week18\ELDON6_20250510_060502.wav,20250510
924,927,Spizella pusilla,Field Sparrow,0.0274,D:/AcousticMonitoringData/ELDON6_Data/Week18\ELDON6_20250510_060502.wav,20250510
936,939,Spizella pusilla,Field Sparrow,0.0237,D:/AcousticMonitoringData/ELDON6_Data/Week18\ELDON6_20250510_060502.wav,20250510
936,939,Sturnella magna,Eastern Meadowlark,0.0124,D:/AcousticMonitoringData/ELDON6_Data/Week18\ELDON6_20250510_060502.wav,20250510
936,939,Passerina caerulea,Blue Grosbeak,0.0116,D:/AcousticMonitoringData/ELDON6_Data/Week18\ELDON6_20250510_060502.wav,20250510
936,939,Geothlypis trichas,Common Yellowthroat,0.0115,D:/AcousticMonitoringData/ELDON6_Data/Week18\ELDON6_20250510_060502.wav,20250510
939,942,Spizella pusilla,Field Sparrow,0.0241,D:/AcousticMonitoringData/ELDON6_Data/Week18\ELDON6_20250510_060502.wav,20250510
945,948,Geothlypis trichas,Common Yellowthroat,0.0238,D:/AcousticMonitoringData/ELDON6_Data/Week18\ELDON6_20250510_060502.wav,20250510
945,948,Spizella pusilla,Field Sparrow,0.0147,D:/AcousticMonitoringData/ELDON6_Data/Week18\ELDON6_20250510_060502.wav,20250510
948,951,Spizella pusilla,Field Sparrow,0.0202,D:/AcousticMonitoringData/ELDON6_Data/Week18\ELDON6_20250510_060502.wav,20250510
948,951,Geothlypis trichas,Common Yellowthroat,0.019,D:/AcousticMonitoringData/ELDON6_Data/Week18\ELDON6_20250510_060502.wav,20250510
957,960,Geothlypis trichas,Common Yellowthroat,0.0128,D:/AcousticMonitoringData/ELDON6_Data/Week18\ELDON6_20250510_060502.wav,20250510
957,960,Spizella pusilla,Field Sparrow,0.0115,D:/AcousticMonitoringData/ELDON6_Data/Week18\ELDON6_20250510_060502.wav,20250510
960,963,Spizella pusilla,Field Sparrow,0.0258,D:/AcousticMonitoringData/ELDON6_Data/Week18\ELDON6_20250510_060502.wav,20250510
966,969,Passerina caerulea,Blue Grosbeak,0.0128,D:/AcousticMonitoringData/ELDON6_Data/Week18\ELDON6_20250510_060502.wav,20250510
969,972,Spizella pusilla,Field Sparrow,0.0294,D:/AcousticMonitoringData/ELDON6_Data/Week18\ELDON6_20250510_060502.wav,20250510
969,972,Geothlypis trichas,Common Yellowthroat,0.0277,D:/AcousticMonitoringData/ELDON6_Data/Week18\ELDON6_20250510_060502.wav,20250510
969,972,Passerina caerulea,Blue Grosbeak,0.0112,D:/AcousticMonitoringData/ELDON6_Data/Week18\ELDON6_20250510_060502.wav,20250510
972,975,Geothlypis trichas,Common Yellowthroat,0.033,D:/AcousticMonitoringData/ELDON6_Data/Week18\ELDON6_20250510_060502.wav,20250510
972,975,Spizella pusilla,Field Sparrow,0.0176,D:/AcousticMonitoringData/ELDON6_Data/Week18\ELDON6_20250510_060502.wav,20250510
981,984,Spizella pusilla,Field Sparrow,0.0232,D:/AcousticMonitoringData/ELDON6_Data/Week18\ELDON6_20250510_060502.wav,20250510
981,984,Geothlypis trichas,Common Yellowthroat,0.0206,D:/AcousticMonitoringData/ELDON6_Data/Week18\ELDON6_20250510_060502.wav,20250510
984,987,Spizella pusilla,Field Sparrow,0.0569,D:/AcousticMonitoringData/ELDON6_Data/Week18\ELDON6_20250510_060502.wav,20250510
984,987,Passerina caerulea,Blue Grosbeak,0.0147,D:/AcousticMonitoringData/ELDON6_Data/Week18\ELDON6_20250510_060502.wav,20250510
990,993,Spizella pusilla,Field Sparrow,0.0219,D:/AcousticMonitoringData/ELDON6_Data/Week18\ELDON6_20250510_060502.wav,20250510
993,996,Spizella pusilla,Field Sparrow,0.0294,D:/AcousticMonitoringData/ELDON6_Data/Week18\ELDON6_20250510_060502.wav,20250510
993,996,Geothlypis trichas,Common Yellowthroat,0.0261,D:/AcousticMonitoringData/ELDON6_Data/Week18\ELDON6_20250510_060502.wav,20250510
1002,1005,Spizella pusilla,Field Sparrow,0.0313,D:/AcousticMonitoringData/ELDON6_Data/Week18\ELDON6_20250510_060502.wav,20250510
1005,1008,Geothlypis trichas,Common Yellowthroat,0.0222,D:/AcousticMonitoringData/ELDON6_Data/Week18\ELDON6_20250510_060502.wav,20250510
1008,1011,Spizella pusilla,Field Sparrow,0.0175,D:/AcousticMonitoringData/ELDON6_Data/Week18\ELDON6_20250510_060502.wav,20250510
1014,1017,Spizella pusilla,Field Sparrow,0.0333,D:/AcousticMonitoringData/ELDON6_Data/Week18\ELDON6_20250510_060502.wav,20250510
1014,1017,Geothlypis trichas,Common Yellowthroat,0.0148,D:/AcousticMonitoringData/ELDON6_Data/Week18\ELDON6_20250510_060502.wav,20250510
1017,1020,Geothlypis trichas,Common Yellowthroat,0.0212,D:/AcousticMonitoringData/ELDON6_Data/Week18\ELDON6_20250510_060502.wav,20250510
1017,1020,Spizella pusilla,Field Sparrow,0.0119,D:/AcousticMonitoringData/ELDON6_Data/Week18\ELDON6_20250510_060502.wav,20250510
1020,1023,Spizella pusilla,Field Sparrow,0.0258,D:/AcousticMonitoringData/ELDON6_Data/Week18\ELDON6_20250510_060502.wav,20250510
1023,1026,Spizella pusilla,Field Sparrow,0.0109,D:/AcousticMonitoringData/ELDON6_Data/Week18\ELDON6_20250510_060502.wav,20250510
1026,1029,Spizella pusilla,Field Sparrow,0.0491,D:/AcousticMonitoringData/ELDON6_Data/Week18\ELDON6_20250510_060502.wav,20250510
1029,1032,Spizella pusilla,Field Sparrow,0.0129,D:/AcousticMonitoringData/ELDON6_Data/Week18\ELDON6_20250510_060502.wav,20250510
1032,1035,Spizella pusilla,Field Sparrow,0.0261,D:/AcousticMonitoringData/ELDON6_Data/Week18\ELDON6_20250510_060502.wav,20250510
1032,1035,Geothlypis trichas,Common Yellowthroat,0.0138,D:/AcousticMonitoringData/ELDON6_Data/Week18\ELDON6_20250510_060502.wav,20250510
1035,1038,Spizella pusilla,Field Sparrow,0.0129,D:/AcousticMonitoringData/ELDON6_Data/Week18\ELDON6_20250510_060502.wav,20250510
1041,1044,Spizella pusilla,Field Sparrow,0.0508,D:/AcousticMonitoringData/ELDON6_Data/Week18\ELDON6_20250510_060502.wav,20250510
1041,1044,Geothlypis trichas,Common Yellowthroat,0.037,D:/AcousticMonitoringData/ELDON6_Data/Week18\ELDON6_20250510_060502.wav,20250510
1044,1047,Spizella pusilla,Field Sparrow,0.0264,D:/AcousticMonitoringData/ELDON6_Data/Week18\ELDON6_20250510_060502.wav,20250510
1050,1053,Spizella pusilla,Field Sparrow,0.0191,D:/AcousticMonitoringData/ELDON6_Data/Week18\ELDON6_20250510_060502.wav,20250510
1053,1056,Spizella pusilla,Field Sparrow,0.0525,D:/AcousticMonitoringData/ELDON6_Data/Week18\ELDON6_20250510_060502.wav,20250510
1053,1056,Geothlypis trichas,Common Yellowthroat,0.014,D:/AcousticMonitoringData/ELDON6_Data/Week18\ELDON6_20250510_060502.wav,20250510
1053,1056,Passerina caerulea,Blue Grosbeak,0.0104,D:/AcousticMonitoringData/ELDON6_Data/Week18\ELDON6_20250510_060502.wav,20250510
1065,1068,Geothlypis trichas,Common Yellowthroat,0.0169,D:/AcousticMonitoringData/ELDON6_Data/Week18\ELDON6_20250510_060502.wav,20250510
1065,1068,Spizella pusilla,Field Sparrow,0.0131,D:/AcousticMonitoringData/ELDON6_Data/Week18\ELDON6_20250510_060502.wav,20250510
1071,1074,Spizella pusilla,Field Sparrow,0.0112,D:/AcousticMonitoringData/ELDON6_Data/Week18\ELDON6_20250510_060502.wav,20250510
1071,1074,Geothlypis trichas,Common Yellowthroat,0.0102,D:/AcousticMonitoringData/ELDON6_Data/Week18\ELDON6_20250510_060502.wav,20250510
1074,1077,Geothlypis trichas,Common Yellowthroat,0.0285,D:/AcousticMonitoringData/ELDON6_Data/Week18\ELDON6_20250510_060502.wav,20250510
1077,1080,Spizella pusilla,Field Sparrow,0.043,D:/AcousticMonitoringData/ELDON6_Data/Week18\ELDON6_20250510_060502.wav,20250510
1077,1080,Geothlypis trichas,Common Yellowthroat,0.0174,D:/AcousticMonitoringData/ELDON6_Data/Week18\ELDON6_20250510_060502.wav,20250510
1080,1083,Geothlypis trichas,Common Yellowthroat,0.1436,D:/AcousticMonitoringData/ELDON6_Data/Week18\ELDON6_20250510_060502.wav,20250510
1080,1083,Spizella pusilla,Field Sparrow,0.0314,D:/AcousticMonitoringData/ELDON6_Data/Week18\ELDON6_20250510_060502.wav,20250510
1089,1092,Spizella pusilla,Field Sparrow,0.08,D:/AcousticMonitoringData/ELDON6_Data/Week18\ELDON6_20250510_060502.wav,20250510
1089,1092,Geothlypis trichas,Common Yellowthroat,0.0456,D:/AcousticMonitoringData/ELDON6_Data/Week18\ELDON6_20250510_060502.wav,20250510
1092,1095,Geothlypis trichas,Common Yellowthroat,0.036,D:/AcousticMonitoringData/ELDON6_Data/Week18\ELDON6_20250510_060502.wav,20250510
1092,1095,Spizella pusilla,Field Sparrow,0.0279,D:/AcousticMonitoringData/ELDON6_Data/Week18\ELDON6_20250510_060502.wav,20250510
1101,1104,Spizella pusilla,Field Sparrow,0.0134,D:/AcousticMonitoringData/ELDON6_Data/Week18\ELDON6_20250510_060502.wav,20250510
1101,1104,Geothlypis trichas,Common Yellowthroat,0.0116,D:/AcousticMonitoringData/ELDON6_Data/Week18\ELDON6_20250510_060502.wav,20250510
1104,1107,Geothlypis trichas,Common Yellowthroat,0.0897,D:/AcousticMonitoringData/ELDON6_Data/Week18\ELDON6_20250510_060502.wav,20250510
1107,1110,Melospiza melodia,Song Sparrow,0.0376,D:/AcousticMonitoringData/ELDON6_Data/Week18\ELDON6_20250510_060502.wav,20250510
1107,1110,Geothlypis trichas,Common Yellowthroat,0.0327,D:/AcousticMonitoringData/ELDON6_Data/Week18\ELDON6_20250510_060502.wav,20250510
1116,1119,Geothlypis trichas,Common Yellowthroat,0.0631,D:/AcousticMonitoringData/ELDON6_Data/Week18\ELDON6_20250510_060502.wav,20250510
1119,1122,Geothlypis trichas,Common Yellowthroat,0.3017,D:/AcousticMonitoringData/ELDON6_Data/Week18\ELDON6_20250510_060502.wav,20250510
1119,1122,Melospiza melodia,Song Sparrow,0.0225,D:/AcousticMonitoringData/ELDON6_Data/Week18\ELDON6_20250510_060502.wav,20250510
1119,1122,Spizella pusilla,Field Sparrow,0.0144,D:/AcousticMonitoringData/ELDON6_Data/Week18\ELDON6_20250510_060502.wav,20250510
1122,1125,Geothlypis trichas,Common Yellowthroat,0.1814,D:/AcousticMonitoringData/ELDON6_Data/Week18\ELDON6_20250510_060502.wav,20250510
1125,1128,Geothlypis trichas,Common Yellowthroat,0.0146,D:/AcousticMonitoringData/ELDON6_Data/Week18\ELDON6_20250510_060502.wav,20250510
1128,1131,Geothlypis trichas,Common Yellowthroat,0.0319,D:/AcousticMonitoringData/ELDON6_Data/Week18\ELDON6_20250510_060502.wav,20250510
1131,1134,Geothlypis trichas,Common Yellowthroat,0.163,D:/AcousticMonitoringData/ELDON6_Data/Week18\ELDON6_20250510_060502.wav,20250510
1131,1134,Spizella pusilla,Field Sparrow,0.0365,D:/AcousticMonitoringData/ELDON6_Data/Week18\ELDON6_20250510_060502.wav,20250510
1140,1143,Geothlypis trichas,Common Yellowthroat,0.0298,D:/AcousticMonitoringData/ELDON6_Data/Week18\ELDON6_20250510_060502.wav,20250510
1140,1143,Spizella pusilla,Field Sparrow,0.0173,D:/AcousticMonitoringData/ELDON6_Data/Week18\ELDON6_20250510_060502.wav,20250510
1143,1146,Geothlypis trichas,Common Yellowthroat,0.2751,D:/AcousticMonitoringData/ELDON6_Data/Week18\ELDON6_20250510_060502.wav,20250510
1143,1146,Spizella pusilla,Field Sparrow,0.0243,D:/AcousticMonitoringData/ELDON6_Data/Week18\ELDON6_20250510_060502.wav,20250510
1143,1146,Melospiza melodia,Song Sparrow,0.0111,D:/AcousticMonitoringData/ELDON6_Data/Week18\ELDON6_20250510_060502.wav,20250510
1146,1149,Geothlypis trichas,Common Yellowthroat,0.0112,D:/AcousticMonitoringData/ELDON6_Data/Week18\ELDON6_20250510_060502.wav,20250510
1149,1152,Geothlypis trichas,Common Yellowthroat,0.0668,D:/AcousticMonitoringData/ELDON6_Data/Week18\ELDON6_20250510_060502.wav,20250510
1149,1152,Spizella pusilla,Field Sparrow,0.0123,D:/AcousticMonitoringData/ELDON6_Data/Week18\ELDON6_20250510_060502.wav,20250510
1152,1155,Geothlypis trichas,Common Yellowthroat,0.182,D:/AcousticMonitoringData/ELDON6_Data/Week18\ELDON6_20250510_060502.wav,20250510
1152,1155,Spizella pusilla,Field Sparrow,0.0401,D:/AcousticMonitoringData/ELDON6_Data/Week18\ELDON6_20250510_060502.wav,20250510
1152,1155,Melospiza melodia,Song Sparrow,0.0116,D:/AcousticMonitoringData/ELDON6_Data/Week18\ELDON6_20250510_060502.wav,20250510
1155,1158,Geothlypis trichas,Common Yellowthroat,0.0385,D:/AcousticMonitoringData/ELDON6_Data/Week18\ELDON6_20250510_060502.wav,20250510
1155,1158,Spizella pusilla,Field Sparrow,0.0104,D:/AcousticMonitoringData/ELDON6_Data/Week18\ELDON6_20250510_060502.wav,20250510
1158,1161,Geothlypis trichas,Common Yellowthroat,0.0677,D:/AcousticMonitoringData/ELDON6_Data/Week18\ELDON6_20250510_060502.wav,20250510
1158,1161,Melospiza melodia,Song Sparrow,0.0125,D:/AcousticMonitoringData/ELDON6_Data/Week18\ELDON6_20250510_060502.wav,20250510
1161,1164,Geothlypis trichas,Common Yellowthroat,0.1341,D:/AcousticMonitoringData/ELDON6_Data/Week18\ELDON6_20250510_060502.wav,20250510
1161,1164,Spizella pusilla,Field Sparrow,0.0173,D:/AcousticMonitoringData/ELDON6_Data/Week18\ELDON6_20250510_060502.wav,20250510
1164,1167,Geothlypis trichas,Common Yellowthroat,0.0568,D:/AcousticMonitoringData/ELDON6_Data/Week18\ELDON6_20250510_060502.wav,20250510
1164,1167,Spizella pusilla,Field Sparrow,0.0303,D:/AcousticMonitoringData/ELDON6_Data/Week18\ELDON6_20250510_060502.wav,20250510
1176,1179,Geothlypis trichas,Common Yellowthroat,0.0273,D:/AcousticMonitoringData/ELDON6_Data/Week18\ELDON6_20250510_060502.wav,20250510
1179,1182,Geothlypis trichas,Common Yellowthroat,0.0236,D:/AcousticMonitoringData/ELDON6_Data/Week18\ELDON6_20250510_060502.wav,20250510
1179,1182,Spizella pusilla,Field Sparrow,0.0152,D:/AcousticMonitoringData/ELDON6_Data/Week18\ELDON6_20250510_060502.wav,20250510
1185,1188,Geothlypis trichas,Common Yellowthroat,0.0177,D:/AcousticMonitoringData/ELDON6_Data/Week18\ELDON6_20250510_060502.wav,20250510
1188,1191,Geothlypis trichas,Common Yellowthroat,0.0215,D:/AcousticMonitoringData/ELDON6_Data/Week18\ELDON6_20250510_060502.wav,20250510
1191,1194,Geothlypis trichas,Common Yellowthroat,0.0281,D:/AcousticMonitoringData/ELDON6_Data/Week18\ELDON6_20250510_060502.wav,20250510
1194,1197,Geothlypis trichas,Common Yellowthroat,0.0219,D:/AcousticMonitoringData/ELDON6_Data/Week18\ELDON6_20250510_060502.wav,20250510
1197,1200,Geothlypis trichas,Common Yellowthroat,0.1519,D:/AcousticMonitoringData/ELDON6_Data/Week18\ELDON6_20250510_060502.wav,20250510
1197,1200,Spizella pusilla,Field Sparrow,0.0203,D:/AcousticMonitoringData/ELDON6_Data/Week18\ELDON6_20250510_060502.wav,20250510
1197,1200,Sturnella magna,Eastern Meadowlark,0.0122,D:/AcousticMonitoringData/ELDON6_Data/Week18\ELDON6_20250510_060502.wav,20250510
1203,1206,Geothlypis trichas,Common Yellowthroat,0.0429,D:/AcousticMonitoringData/ELDON6_Data/Week18\ELDON6_20250510_060502.wav,20250510
1203,1206,Spizella pusilla,Field Sparrow,0.0261,D:/AcousticMonitoringData/ELDON6_Data/Week18\ELDON6_20250510_060502.wav,20250510
1206,1209,Geothlypis trichas,Common Yellowthroat,0.0163,D:/AcousticMonitoringData/ELDON6_Data/Week18\ELDON6_20250510_060502.wav,20250510
1209,1212,Geothlypis trichas,Common Yellowthroat,0.0719,D:/AcousticMonitoringData/ELDON6_Data/Week18\ELDON6_20250510_060502.wav,20250510
1209,1212,Spizella pusilla,Field Sparrow,0.0173,D:/AcousticMonitoringData/ELDON6_Data/Week18\ELDON6_20250510_060502.wav,20250510
1209,1212,Melospiza melodia,Song Sparrow,0.0109,D:/AcousticMonitoringData/ELDON6_Data/Week18\ELDON6_20250510_060502.wav,20250510
1212,1215,Geothlypis trichas,Common Yellowthroat,0.025,D:/AcousticMonitoringData/ELDON6_Data/Week18\ELDON6_20250510_060502.wav,20250510
1212,1215,Melospiza melodia,Song Sparrow,0.0188,D:/AcousticMonitoringData/ELDON6_Data/Week18\ELDON6_20250510_060502.wav,20250510
1215,1218,Geothlypis trichas,Common Yellowthroat,0.0267,D:/AcousticMonitoringData/ELDON6_Data/Week18\ELDON6_20250510_060502.wav,20250510
1221,1224,Geothlypis trichas,Common Yellowthroat,0.1548,D:/AcousticMonitoringData/ELDON6_Data/Week18\ELDON6_20250510_060502.wav,20250510
1221,1224,Sturnella magna,Eastern Meadowlark,0.0181,D:/AcousticMonitoringData/ELDON6_Data/Week18\ELDON6_20250510_060502.wav,20250510
1221,1224,Spizella pusilla,Field Sparrow,0.0181,D:/AcousticMonitoringData/ELDON6_Data/Week18\ELDON6_20250510_060502.wav,20250510
1221,1224,Bartramia longicauda,Upland Sandpiper,0.0136,D:/AcousticMonitoringData/ELDON6_Data/Week18\ELDON6_20250510_060502.wav,20250510
1224,1227,Geothlypis trichas,Common Yellowthroat,0.0287,D:/AcousticMonitoringData/ELDON6_Data/Week18\ELDON6_20250510_060502.wav,20250510
1227,1230,Geothlypis trichas,Common Yellowthroat,0.0196,D:/AcousticMonitoringData/ELDON6_Data/Week18\ELDON6_20250510_060502.wav,20250510
1227,1230,Melospiza melodia,Song Sparrow,0.0116,D:/AcousticMonitoringData/ELDON6_Data/Week18\ELDON6_20250510_060502.wav,20250510
1230,1233,Geothlypis trichas,Common Yellowthroat,0.0295,D:/AcousticMonitoringData/ELDON6_Data/Week18\ELDON6_20250510_060502.wav,20250510
1230,1233,Spizella pusilla,Field Sparrow,0.0141,D:/AcousticMonitoringData/ELDON6_Data/Week18\ELDON6_20250510_060502.wav,20250510
1233,1236,Geothlypis trichas,Common Yellowthroat,0.0692,D:/AcousticMonitoringData/ELDON6_Data/Week18\ELDON6_20250510_060502.wav,20250510
1233,1236,Sturnella magna,Eastern Meadowlark,0.0188,D:/AcousticMonitoringData/ELDON6_Data/Week18\ELDON6_20250510_060502.wav,20250510
1233,1236,Spizella pusilla,Field Sparrow,0.0165,D:/AcousticMonitoringData/ELDON6_Data/Week18\ELDON6_20250510_060502.wav,20250510
1236,1239,Spizella pusilla,Field Sparrow,0.0161,D:/AcousticMonitoringData/ELDON6_Data/Week18\ELDON6_20250510_060502.wav,20250510
1236,1239,Geothlypis trichas,Common Yellowthroat,0.0155,D:/AcousticMonitoringData/ELDON6_Data/Week18\ELDON6_20250510_060502.wav,20250510
1239,1242,Geothlypis trichas,Common Yellowthroat,0.0204,D:/AcousticMonitoringData/ELDON6_Data/Week18\ELDON6_20250510_060502.wav,20250510
1245,1248,Geothlypis trichas,Common Yellowthroat,0.1585,D:/AcousticMonitoringData/ELDON6_Data/Week18\ELDON6_20250510_060502.wav,20250510
1245,1248,Spizella pusilla,Field Sparrow,0.0297,D:/AcousticMonitoringData/ELDON6_Data/Week18\ELDON6_20250510_060502.wav,20250510
1248,1251,Geothlypis trichas,Common Yellowthroat,0.0172,D:/AcousticMonitoringData/ELDON6_Data/Week18\ELDON6_20250510_060502.wav,20250510
1251,1254,Geothlypis trichas,Common Yellowthroat,0.2419,D:/AcousticMonitoringData/ELDON6_Data/Week18\ELDON6_20250510_060502.wav,20250510
1251,1254,Spizella pusilla,Field Sparrow,0.0136,D:/AcousticMonitoringData/ELDON6_Data/Week18\ELDON6_20250510_060502.wav,20250510
1254,1257,Geothlypis trichas,Common Yellowthroat,0.3583,D:/AcousticMonitoringData/ELDON6_Data/Week18\ELDON6_20250510_060502.wav,20250510
1254,1257,Spizella pusilla,Field Sparrow,0.0624,D:/AcousticMonitoringData/ELDON6_Data/Week18\ELDON6_20250510_060502.wav,20250510
1254,1257,Melospiza melodia,Song Sparrow,0.0174,D:/AcousticMonitoringData/ELDON6_Data/Week18\ELDON6_20250510_060502.wav,20250510
1254,1257,Passerina caerulea,Blue Grosbeak,0.0101,D:/AcousticMonitoringData/ELDON6_Data/Week18\ELDON6_20250510_060502.wav,20250510
1263,1266,Geothlypis trichas,Common Yellowthroat,0.0637,D:/AcousticMonitoringData/ELDON6_Data/Week18\ELDON6_20250510_060502.wav,20250510
1263,1266,Spizella pusilla,Field Sparrow,0.0119,D:/AcousticMonitoringData/ELDON6_Data/Week18\ELDON6_20250510_060502.wav,20250510
1266,1269,Geothlypis trichas,Common Yellowthroat,0.0352,D:/AcousticMonitoringData/ELDON6_Data/Week18\ELDON6_20250510_060502.wav,20250510
1266,1269,Spizella pusilla,Field Sparrow,0.0139,D:/AcousticMonitoringData/ELDON6_Data/Week18\ELDON6_20250510_060502.wav,20250510
1269,1272,Spizella pusilla,Field Sparrow,0.0265,D:/AcousticMonitoringData/ELDON6_Data/Week18\ELDON6_20250510_060502.wav,20250510
1269,1272,Geothlypis trichas,Common Yellowthroat,0.0211,D:/AcousticMonitoringData/ELDON6_Data/Week18\ELDON6_20250510_060502.wav,20250510
1272,1275,Geothlypis trichas,Common Yellowthroat,0.0249,D:/AcousticMonitoringData/ELDON6_Data/Week18\ELDON6_20250510_060502.wav,20250510
1275,1278,Geothlypis trichas,Common Yellowthroat,0.3642,D:/AcousticMonitoringData/ELDON6_Data/Week18\ELDON6_20250510_060502.wav,20250510
1278,1281,Geothlypis trichas,Common Yellowthroat,0.0227,D:/AcousticMonitoringData/ELDON6_Data/Week18\ELDON6_20250510_060502.wav,20250510
1281,1284,Geothlypis trichas,Common Yellowthroat,0.011,D:/AcousticMonitoringData/ELDON6_Data/Week18\ELDON6_20250510_060502.wav,20250510
1284,1287,Geothlypis trichas,Common Yellowthroat,0.0698,D:/AcousticMonitoringData/ELDON6_Data/Week18\ELDON6_20250510_060502.wav,20250510
1284,1287,Spizella pusilla,Field Sparrow,0.0287,D:/AcousticMonitoringData/ELDON6_Data/Week18\ELDON6_20250510_060502.wav,20250510
1287,1290,Geothlypis trichas,Common Yellowthroat,0.0104,D:/AcousticMonitoringData/ELDON6_Data/Week18\ELDON6_20250510_060502.wav,20250510
1290,1293,Geothlypis trichas,Common Yellowthroat,0.018,D:/AcousticMonitoringData/ELDON6_Data/Week18\ELDON6_20250510_060502.wav,20250510
1293,1296,Geothlypis trichas,Common Yellowthroat,0.0109,D:/AcousticMonitoringData/ELDON6_Data/Week18\ELDON6_20250510_060502.wav,20250510
1296,1299,Geothlypis trichas,Common Yellowthroat,0.0224,D:/AcousticMonitoringData/ELDON6_Data/Week18\ELDON6_20250510_060502.wav,20250510
1299,1302,Geothlypis trichas,Common Yellowthroat,0.024,D:/AcousticMonitoringData/ELDON6_Data/Week18\ELDON6_20250510_060502.wav,20250510
1299,1302,Melospiza melodia,Song Sparrow,0.0142,D:/AcousticMonitoringData/ELDON6_Data/Week18\ELDON6_20250510_060502.wav,20250510
1299,1302,Spizella pusilla,Field Sparrow,0.011,D:/AcousticMonitoringData/ELDON6_Data/Week18\ELDON6_20250510_060502.wav,20250510
1302,1305,Spizella pusilla,Field Sparrow,0.0369,D:/AcousticMonitoringData/ELDON6_Data/Week18\ELDON6_20250510_060502.wav,20250510
1302,1305,Geothlypis trichas,Common Yellowthroat,0.0243,D:/AcousticMonitoringData/ELDON6_Data/Week18\ELDON6_20250510_060502.wav,20250510
1305,1308,Geothlypis trichas,Common Yellowthroat,0.0326,D:/AcousticMonitoringData/ELDON6_Data/Week18\ELDON6_20250510_060502.wav,20250510
1305,1308,Spizella pusilla,Field Sparrow,0.0214,D:/AcousticMonitoringData/ELDON6_Data/Week18\ELDON6_20250510_060502.wav,20250510
1308,1311,Geothlypis trichas,Common Yellowthroat,0.3062,D:/AcousticMonitoringData/ELDON6_Data/Week18\ELDON6_20250510_060502.wav,20250510
1308,1311,Spizella pusilla,Field Sparrow,0.013,D:/AcousticMonitoringData/ELDON6_Data/Week18\ELDON6_20250510_060502.wav,20250510
1311,1314,Geothlypis trichas,Common Yellowthroat,0.018,D:/AcousticMonitoringData/ELDON6_Data/Week18\ELDON6_20250510_060502.wav,20250510
1314,1317,Geothlypis trichas,Common Yellowthroat,0.0108,D:/AcousticMonitoringData/ELDON6_Data/Week18\ELDON6_20250510_060502.wav,20250510
1317,1320,Geothlypis trichas,Common Yellowthroat,0.0413,D:/AcousticMonitoringData/ELDON6_Data/Week18\ELDON6_20250510_060502.wav,20250510
1317,1320,Spizella pusilla,Field Sparrow,0.0142,D:/AcousticMonitoringData/ELDON6_Data/Week18\ELDON6_20250510_060502.wav,20250510
1320,1323,Geothlypis trichas,Common Yellowthroat,0.018,D:/AcousticMonitoringData/ELDON6_Data/Week18\ELDON6_20250510_060502.wav,20250510
1320,1323,Spizella pusilla,Field Sparrow,0.0114,D:/AcousticMonitoringData/ELDON6_Data/Week18\ELDON6_20250510_060502.wav,20250510
1323,1326,Geothlypis trichas,Common Yellowthroat,0.0205,D:/AcousticMonitoringData/ELDON6_Data/Week18\ELDON6_20250510_060502.wav,20250510
1326,1329,Geothlypis trichas,Common Yellowthroat,0.0751,D:/AcousticMonitoringData/ELDON6_Data/Week18\ELDON6_20250510_060502.wav,20250510
1329,1332,Geothlypis trichas,Common Yellowthroat,0.0169,D:/AcousticMonitoringData/ELDON6_Data/Week18\ELDON6_20250510_060502.wav,20250510
1332,1335,Spizella pusilla,Field Sparrow,0.0222,D:/AcousticMonitoringData/ELDON6_Data/Week18\ELDON6_20250510_060502.wav,20250510
1335,1338,Spizella pusilla,Field Sparrow,0.0476,D:/AcousticMonitoringData/ELDON6_Data/Week18\ELDON6_20250510_060502.wav,20250510
1335,1338,Geothlypis trichas,Common Yellowthroat,0.0232,D:/AcousticMonitoringData/ELDON6_Data/Week18\ELDON6_20250510_060502.wav,20250510
1338,1341,Geothlypis trichas,Common Yellowthroat,0.1915,D:/AcousticMonitoringData/ELDON6_Data/Week18\ELDON6_20250510_060502.wav,20250510
1338,1341,Spizella pusilla,Field Sparrow,0.0142,D:/AcousticMonitoringData/ELDON6_Data/Week18\ELDON6_20250510_060502.wav,20250510
1341,1344,Geothlypis trichas,Common Yellowthroat,0.057,D:/AcousticMonitoringData/ELDON6_Data/Week18\ELDON6_20250510_060502.wav,20250510
1341,1344,Spizella pusilla,Field Sparrow,0.0261,D:/AcousticMonitoringData/ELDON6_Data/Week18\ELDON6_20250510_060502.wav,20250510
1341,1344,Passerina caerulea,Blue Grosbeak,0.0144,D:/AcousticMonitoringData/ELDON6_Data/Week18\ELDON6_20250510_060502.wav,20250510
1344,1347,Geothlypis trichas,Common Yellowthroat,0.0136,D:/AcousticMonitoringData/ELDON6_Data/Week18\ELDON6_20250510_060502.wav,20250510
1347,1350,Geothlypis trichas,Common Yellowthroat,0.1901,D:/AcousticMonitoringData/ELDON6_Data/Week18\ELDON6_20250510_060502.wav,20250510
1347,1350,Spizella pusilla,Field Sparrow,0.0209,D:/AcousticMonitoringData/ELDON6_Data/Week18\ELDON6_20250510_060502.wav,20250510
1350,1353,Geothlypis trichas,Common Yellowthroat,0.0716,D:/AcousticMonitoringData/ELDON6_Data/Week18\ELDON6_20250510_060502.wav,20250510
1350,1353,Spizella pusilla,Field Sparrow,0.0317,D:/AcousticMonitoringData/ELDON6_Data/Week18\ELDON6_20250510_060502.wav,20250510
1353,1356,Spizella pusilla,Field Sparrow,0.0191,D:/AcousticMonitoringData/ELDON6_Data/Week18\ELDON6_20250510_060502.wav,20250510
1353,1356,Geothlypis trichas,Common Yellowthroat,0.0176,D:/AcousticMonitoringData/ELDON6_Data/Week18\ELDON6_20250510_060502.wav,20250510
1356,1359,Geothlypis trichas,Common Yellowthroat,0.018,D:/AcousticMonitoringData/ELDON6_Data/Week18\ELDON6_20250510_060502.wav,20250510
1356,1359,Spizella pusilla,Field Sparrow,0.0102,D:/AcousticMonitoringData/ELDON6_Data/Week18\ELDON6_20250510_060502.wav,20250510
1359,1362,Geothlypis trichas,Common Yellowthroat,0.2851,D:/AcousticMonitoringData/ELDON6_Data/Week18\ELDON6_20250510_060502.wav,20250510
1359,1362,Spizella pusilla,Field Sparrow,0.0111,D:/AcousticMonitoringData/ELDON6_Data/Week18\ELDON6_20250510_060502.wav,20250510
1362,1365,Geothlypis trichas,Common Yellowthroat,0.0344,D:/AcousticMonitoringData/ELDON6_Data/Week18\ELDON6_20250510_060502.wav,20250510
1362,1365,Spizella pusilla,Field Sparrow,0.0116,D:/AcousticMonitoringData/ELDON6_Data/Week18\ELDON6_20250510_060502.wav,20250510
1365,1368,Spizella pusilla,Field Sparrow,0.0318,D:/AcousticMonitoringData/ELDON6_Data/Week18\ELDON6_20250510_060502.wav,20250510
1365,1368,Geothlypis trichas,Common Yellowthroat,0.0253,D:/AcousticMonitoringData/ELDON6_Data/Week18\ELDON6_20250510_060502.wav,20250510
1365,1368,Melospiza melodia,Song Sparrow,0.0145,D:/AcousticMonitoringData/ELDON6_Data/Week18\ELDON6_20250510_060502.wav,20250510
1368,1371,Spizella pusilla,Field Sparrow,0.0249,D:/AcousticMonitoringData/ELDON6_Data/Week18\ELDON6_20250510_060502.wav,20250510
1368,1371,Geothlypis trichas,Common Yellowthroat,0.0178,D:/AcousticMonitoringData/ELDON6_Data/Week18\ELDON6_20250510_060502.wav,20250510
1371,1374,Geothlypis trichas,Common Yellowthroat,0.1447,D:/AcousticMonitoringData/ELDON6_Data/Week18\ELDON6_20250510_060502.wav,20250510
1371,1374,Spizella pusilla,Field Sparrow,0.0137,D:/AcousticMonitoringData/ELDON6_Data/Week18\ELDON6_20250510_060502.wav,20250510
1374,1377,Geothlypis trichas,Common Yellowthroat,0.2624,D:/AcousticMonitoringData/ELDON6_Data/Week18\ELDON6_20250510_060502.wav,20250510
1374,1377,Spizella pusilla,Field Sparrow,0.0255,D:/AcousticMonitoringData/ELDON6_Data/Week18\ELDON6_20250510_060502.wav,20250510
1374,1377,Melospiza melodia,Song Sparrow,0.0114,D:/AcousticMonitoringData/ELDON6_Data/Week18\ELDON6_20250510_060502.wav,20250510
1377,1380,Geothlypis trichas,Common Yellowthroat,0.0176,D:/AcousticMonitoringData/ELDON6_Data/Week18\ELDON6_20250510_060502.wav,20250510
1380,1383,Geothlypis trichas,Common Yellowthroat,0.0207,D:/AcousticMonitoringData/ELDON6_Data/Week18\ELDON6_20250510_060502.wav,20250510
1380,1383,Spizella pusilla,Field Sparrow,0.0129,D:/AcousticMonitoringData/ELDON6_Data/Week18\ELDON6_20250510_060502.wav,20250510
1383,1386,Geothlypis trichas,Common Yellowthroat,0.2327,D:/AcousticMonitoringData/ELDON6_Data/Week18\ELDON6_20250510_060502.wav,20250510
1383,1386,Spizella pusilla,Field Sparrow,0.036,D:/AcousticMonitoringData/ELDON6_Data/Week18\ELDON6_20250510_060502.wav,20250510
1386,1389,Geothlypis trichas,Common Yellowthroat,0.0698,D:/AcousticMonitoringData/ELDON6_Data/Week18\ELDON6_20250510_060502.wav,20250510
1389,1392,Geothlypis trichas,Common Yellowthroat,0.0268,D:/AcousticMonitoringData/ELDON6_Data/Week18\ELDON6_20250510_060502.wav,20250510
1392,1395,Geothlypis trichas,Common Yellowthroat,0.0531,D:/AcousticMonitoringData/ELDON6_Data/Week18\ELDON6_20250510_060502.wav,20250510
1395,1398,Geothlypis trichas,Common Yellowthroat,0.3556,D:/AcousticMonitoringData/ELDON6_Data/Week18\ELDON6_20250510_060502.wav,20250510
1395,1398,Spizella pusilla,Field Sparrow,0.0288,D:/AcousticMonitoringData/ELDON6_Data/Week18\ELDON6_20250510_060502.wav,20250510
1395,1398,Melospiza melodia,Song Sparrow,0.013,D:/AcousticMonitoringData/ELDON6_Data/Week18\ELDON6_20250510_060502.wav,20250510
1398,1401,Geothlypis trichas,Common Yellowthroat,0.0402,D:/AcousticMonitoringData/ELDON6_Data/Week18\ELDON6_20250510_060502.wav,20250510
1401,1404,Geothlypis trichas,Common Yellowthroat,0.0424,D:/AcousticMonitoringData/ELDON6_Data/Week18\ELDON6_20250510_060502.wav,20250510
1404,1407,Geothlypis trichas,Common Yellowthroat,0.0143,D:/AcousticMonitoringData/ELDON6_Data/Week18\ELDON6_20250510_060502.wav,20250510
1407,1410,Geothlypis trichas,Common Yellowthroat,0.1813,D:/AcousticMonitoringData/ELDON6_Data/Week18\ELDON6_20250510_060502.wav,20250510
1407,1410,Spizella pusilla,Field Sparrow,0.0304,D:/AcousticMonitoringData/ELDON6_Data/Week18\ELDON6_20250510_060502.wav,20250510
1410,1413,Geothlypis trichas,Common Yellowthroat,0.069,D:/AcousticMonitoringData/ELDON6_Data/Week18\ELDON6_20250510_060502.wav,20250510
1413,1416,Geothlypis trichas,Common Yellowthroat,0.0277,D:/AcousticMonitoringData/ELDON6_Data/Week18\ELDON6_20250510_060502.wav,20250510
1413,1416,Spizella pusilla,Field Sparrow,0.0126,D:/AcousticMonitoringData/ELDON6_Data/Week18\ELDON6_20250510_060502.wav,20250510
1416,1419,Geothlypis trichas,Common Yellowthroat,0.054,D:/AcousticMonitoringData/ELDON6_Data/Week18\ELDON6_20250510_060502.wav,20250510
1416,1419,Spizella pusilla,Field Sparrow,0.0281,D:/AcousticMonitoringData/ELDON6_Data/Week18\ELDON6_20250510_060502.wav,20250510
1416,1419,Sturnella magna,Eastern Meadowlark,0.017,D:/AcousticMonitoringData/ELDON6_Data/Week18\ELDON6_20250510_060502.wav,20250510
1419,1422,Geothlypis trichas,Common Yellowthroat,0.0496,D:/AcousticMonitoringData/ELDON6_Data/Week18\ELDON6_20250510_060502.wav,20250510
1419,1422,Spizella pusilla,Field Sparrow,0.026,D:/AcousticMonitoringData/ELDON6_Data/Week18\ELDON6_20250510_060502.wav,20250510
1425,1428,Spizella pusilla,Field Sparrow,0.0149,D:/AcousticMonitoringData/ELDON6_Data/Week18\ELDON6_20250510_060502.wav,20250510
1425,1428,Geothlypis trichas,Common Yellowthroat,0.0108,D:/AcousticMonitoringData/ELDON6_Data/Week18\ELDON6_20250510_060502.wav,20250510
1428,1431,Geothlypis trichas,Common Yellowthroat,0.0974,D:/AcousticMonitoringData/ELDON6_Data/Week18\ELDON6_20250510_060502.wav,20250510
1428,1431,Spizella pusilla,Field Sparrow,0.0135,D:/AcousticMonitoringData/ELDON6_Data/Week18\ELDON6_20250510_060502.wav,20250510
1431,1434,Geothlypis trichas,Common Yellowthroat,0.134,D:/AcousticMonitoringData/ELDON6_Data/Week18\ELDON6_20250510_060502.wav,20250510
1431,1434,Spizella pusilla,Field Sparrow,0.0298,D:/AcousticMonitoringData/ELDON6_Data/Week18\ELDON6_20250510_060502.wav,20250510
1431,1434,Sturnella magna,Eastern Meadowlark,0.0144,D:/AcousticMonitoringData/ELDON6_Data/Week18\ELDON6_20250510_060502.wav,20250510
1434,1437,Geothlypis trichas,Common Yellowthroat,0.0364,D:/AcousticMonitoringData/ELDON6_Data/Week18\ELDON6_20250510_060502.wav,20250510
1434,1437,Spizella pusilla,Field Sparrow,0.0188,D:/AcousticMonitoringData/ELDON6_Data/Week18\ELDON6_20250510_060502.wav,20250510
1437,1440,Geothlypis trichas,Common Yellowthroat,0.1895,D:/AcousticMonitoringData/ELDON6_Data/Week18\ELDON6_20250510_060502.wav,20250510
1437,1440,Sturnella magna,Eastern Meadowlark,0.022,D:/AcousticMonitoringData/ELDON6_Data/Week18\ELDON6_20250510_060502.wav,20250510
1437,1440,Melospiza melodia,Song Sparrow,0.0124,D:/AcousticMonitoringData/ELDON6_Data/Week18\ELDON6_20250510_060502.wav,20250510
1437,1440,Spizella pusilla,Field Sparrow,0.0109,D:/AcousticMonitoringData/ELDON6_Data/Week18\ELDON6_20250510_060502.wav,20250510
1440,1443,Geothlypis trichas,Common Yellowthroat,0.2356,D:/AcousticMonitoringData/ELDON6_Data/Week18\ELDON6_20250510_060502.wav,20250510
1440,1443,Spizella pusilla,Field Sparrow,0.0493,D:/AcousticMonitoringData/ELDON6_Data/Week18\ELDON6_20250510_060502.wav,20250510
1443,1446,Geothlypis trichas,Common Yellowthroat,0.0561,D:/AcousticMonitoringData/ELDON6_Data/Week18\ELDON6_20250510_060502.wav,20250510
1443,1446,Spizella pusilla,Field Sparrow,0.0152,D:/AcousticMonitoringData/ELDON6_Data/Week18\ELDON6_20250510_060502.wav,20250510
1449,1452,Geothlypis trichas,Common Yellowthroat,0.2373,D:/AcousticMonitoringData/ELDON6_Data/Week18\ELDON6_20250510_060502.wav,20250510
1449,1452,Spizella pusilla,Field Sparrow,0.0121,D:/AcousticMonitoringData/ELDON6_Data/Week18\ELDON6_20250510_060502.wav,20250510
1452,1455,Geothlypis trichas,Common Yellowthroat,0.0435,D:/AcousticMonitoringData/ELDON6_Data/Week18\ELDON6_20250510_060502.wav,20250510
1455,1458,Geothlypis trichas,Common Yellowthroat,0.0143,D:/AcousticMonitoringData/ELDON6_Data/Week18\ELDON6_20250510_060502.wav,20250510
1455,1458,Spizella pusilla,Field Sparrow,0.0123,D:/AcousticMonitoringData/ELDON6_Data/Week18\ELDON6_20250510_060502.wav,20250510
1458,1461,Spizella pusilla,Field Sparrow,0.0226,D:/AcousticMonitoringData/ELDON6_Data/Week18\ELDON6_20250510_060502.wav,20250510
1461,1464,Geothlypis trichas,Common Yellowthroat,0.1935,D:/AcousticMonitoringData/ELDON6_Data/Week18\ELDON6_20250510_060502.wav,20250510
1461,1464,Spizella pusilla,Field Sparrow,0.0682,D:/AcousticMonitoringData/ELDON6_Data/Week18\ELDON6_20250510_060502.wav,20250510
1461,1464,Passerina caerulea,Blue Grosbeak,0.0111,D:/AcousticMonitoringData/ELDON6_Data/Week18\ELDON6_20250510_060502.wav,20250510
1464,1467,Geothlypis trichas,Common Yellowthroat,0.013,D:/AcousticMonitoringData/ELDON6_Data/Week18\ELDON6_20250510_060502.wav,20250510
1467,1470,Geothlypis trichas,Common Yellowthroat,0.0143,D:/AcousticMonitoringData/ELDON6_Data/Week18\ELDON6_20250510_060502.wav,20250510
1470,1473,Geothlypis trichas,Common Yellowthroat,0.0124,D:/AcousticMonitoringData/ELDON6_Data/Week18\ELDON6_20250510_060502.wav,20250510
1470,1473,Spizella pusilla,Field Sparrow,0.0103,D:/AcousticMonitoringData/ELDON6_Data/Week18\ELDON6_20250510_060502.wav,20250510
1473,1476,Geothlypis trichas,Common Yellowthroat,0.0539,D:/AcousticMonitoringData/ELDON6_Data/Week18\ELDON6_20250510_060502.wav,20250510
1473,1476,Spizella pusilla,Field Sparrow,0.022,D:/AcousticMonitoringData/ELDON6_Data/Week18\ELDON6_20250510_060502.wav,20250510
1476,1479,Geothlypis trichas,Common Yellowthroat,0.0423,D:/AcousticMonitoringData/ELDON6_Data/Week18\ELDON6_20250510_060502.wav,20250510
1476,1479,Spizella pusilla,Field Sparrow,0.0122,D:/AcousticMonitoringData/ELDON6_Data/Week18\ELDON6_20250510_060502.wav,20250510
1479,1482,Geothlypis trichas,Common Yellowthroat,0.0157,D:/AcousticMonitoringData/ELDON6_Data/Week18\ELDON6_20250510_060502.wav,20250510
1485,1488,Geothlypis trichas,Common Yellowthroat,0.0537,D:/AcousticMonitoringData/ELDON6_Data/Week18\ELDON6_20250510_060502.wav,20250510
1485,1488,Spizella pusilla,Field Sparrow,0.0133,D:/AcousticMonitoringData/ELDON6_Data/Week18\ELDON6_20250510_060502.wav,20250510
1488,1491,Geothlypis trichas,Common Yellowthroat,0.0121,D:/AcousticMonitoringData/ELDON6_Data/Week18\ELDON6_20250510_060502.wav,20250510
1491,1494,Spizella pusilla,Field Sparrow,0.0104,D:/AcousticMonitoringData/ELDON6_Data/Week18\ELDON6_20250510_060502.wav,20250510
1497,1500,Spizella pusilla,Field Sparrow,0.0461,D:/AcousticMonitoringData/ELDON6_Data/Week18\ELDON6_20250510_060502.wav,20250510
1497,1500,Sturnella magna,Eastern Meadowlark,0.0162,D:/AcousticMonitoringData/ELDON6_Data/Week18\ELDON6_20250510_060502.wav,20250510
1497,1500,Passerina caerulea,Blue Grosbeak,0.0102,D:/AcousticMonitoringData/ELDON6_Data/Week18\ELDON6_20250510_060502.wav,20250510
1506,1509,Geothlypis trichas,Common Yellowthroat,0.0987,D:/AcousticMonitoringData/ELDON6_Data/Week18\ELDON6_20250510_060502.wav,20250510
1509,1512,Geothlypis trichas,Common Yellowthroat,0.0238,D:/AcousticMonitoringData/ELDON6_Data/Week18\ELDON6_20250510_060502.wav,20250510
1512,1515,Spizella pusilla,Field Sparrow,0.0131,D:/AcousticMonitoringData/ELDON6_Data/Week18\ELDON6_20250510_060502.wav,20250510
1515,1518,Geothlypis trichas,Common Yellowthroat,0.0213,D:/AcousticMonitoringData/ELDON6_Data/Week18\ELDON6_20250510_060502.wav,20250510
1518,1521,Geothlypis trichas,Common Yellowthroat,0.0116,D:/AcousticMonitoringData/ELDON6_Data/Week18\ELDON6_20250510_060502.wav,20250510
1521,1524,Spizella pusilla,Field Sparrow,0.0218,D:/AcousticMonitoringData/ELDON6_Data/Week18\ELDON6_20250510_060502.wav,20250510
1521,1524,Passerina caerulea,Blue Grosbeak,0.0136,D:/AcousticMonitoringData/ELDON6_Data/Week18\ELDON6_20250510_060502.wav,20250510
1521,1524,Geothlypis trichas,Common Yellowthroat,0.0108,D:/AcousticMonitoringData/ELDON6_Data/Week18\ELDON6_20250510_060502.wav,20250510
1524,1527,Spizella pusilla,Field Sparrow,0.0183,D:/AcousticMonitoringData/ELDON6_Data/Week18\ELDON6_20250510_060502.wav,20250510
1527,1530,Spizella pusilla,Field Sparrow,0.0185,D:/AcousticMonitoringData/ELDON6_Data/Week18\ELDON6_20250510_060502.wav,20250510
1527,1530,Geothlypis trichas,Common Yellowthroat,0.0113,D:/AcousticMonitoringData/ELDON6_Data/Week18\ELDON6_20250510_060502.wav,20250510
1530,1533,Geothlypis trichas,Common Yellowthroat,0.0502,D:/AcousticMonitoringData/ELDON6_Data/Week18\ELDON6_20250510_060502.wav,20250510
1542,1545,Geothlypis trichas,Common Yellowthroat,0.0559,D:/AcousticMonitoringData/ELDON6_Data/Week18\ELDON6_20250510_060502.wav,20250510
1542,1545,Spizella pusilla,Field Sparrow,0.0334,D:/AcousticMonitoringData/ELDON6_Data/Week18\ELDON6_20250510_060502.wav,20250510
1545,1548,Geothlypis trichas,Common Yellowthroat,0.0159,D:/AcousticMonitoringData/ELDON6_Data/Week18\ELDON6_20250510_060502.wav,20250510
1548,1551,Spizella pusilla,Field Sparrow,0.0151,D:/AcousticMonitoringData/ELDON6_Data/Week18\ELDON6_20250510_060502.wav,20250510
1548,1551,Geothlypis trichas,Common Yellowthroat,0.0128,D:/AcousticMonitoringData/ELDON6_Data/Week18\ELDON6_20250510_060502.wav,20250510
1554,1557,Geothlypis trichas,Common Yellowthroat,0.0962,D:/AcousticMonitoringData/ELDON6_Data/Week18\ELDON6_20250510_060502.wav,20250510
1554,1557,Sturnella magna,Eastern Meadowlark,0.0221,D:/AcousticMonitoringData/ELDON6_Data/Week18\ELDON6_20250510_060502.wav,20250510
1557,1560,Spizella pusilla,Field Sparrow,0.1391,D:/AcousticMonitoringData/ELDON6_Data/Week18\ELDON6_20250510_060502.wav,20250510
1560,1563,Geothlypis trichas,Common Yellowthroat,0.0151,D:/AcousticMonitoringData/ELDON6_Data/Week18\ELDON6_20250510_060502.wav,20250510
1563,1566,Geothlypis trichas,Common Yellowthroat,0.0261,D:/AcousticMonitoringData/ELDON6_Data/Week18\ELDON6_20250510_060502.wav,20250510
1566,1569,Geothlypis trichas,Common Yellowthroat,0.2604,D:/AcousticMonitoringData/ELDON6_Data/Week18\ELDON6_20250510_060502.wav,20250510
1566,1569,Spizella pusilla,Field Sparrow,0.0178,D:/AcousticMonitoringData/ELDON6_Data/Week18\ELDON6_20250510_060502.wav,20250510
1569,1572,Geothlypis trichas,Common Yellowthroat,0.0703,D:/AcousticMonitoringData/ELDON6_Data/Week18\ELDON6_20250510_060502.wav,20250510
1569,1572,Spizella pusilla,Field Sparrow,0.0124,D:/AcousticMonitoringData/ELDON6_Data/Week18\ELDON6_20250510_060502.wav,20250510
1572,1575,Spizella pusilla,Field Sparrow,0.0326,D:/AcousticMonitoringData/ELDON6_Data/Week18\ELDON6_20250510_060502.wav,20250510
1575,1578,Geothlypis trichas,Common Yellowthroat,0.1474,D:/AcousticMonitoringData/ELDON6_Data/Week18\ELDON6_20250510_060502.wav,20250510
1575,1578,Spizella pusilla,Field Sparrow,0.0688,D:/AcousticMonitoringData/ELDON6_Data/Week18\ELDON6_20250510_060502.wav,20250510
1575,1578,Melospiza melodia,Song Sparrow,0.0105,D:/AcousticMonitoringData/ELDON6_Data/Week18\ELDON6_20250510_060502.wav,20250510
1578,1581,Geothlypis trichas,Common Yellowthroat,0.104,D:/AcousticMonitoringData/ELDON6_Data/Week18\ELDON6_20250510_060502.wav,20250510
1578,1581,Spizella pusilla,Field Sparrow,0.0232,D:/AcousticMonitoringData/ELDON6_Data/Week18\ELDON6_20250510_060502.wav,20250510
1581,1584,Spizella pusilla,Field Sparrow,0.0167,D:/AcousticMonitoringData/ELDON6_Data/Week18\ELDON6_20250510_060502.wav,20250510
1584,1587,Spizella pusilla,Field Sparrow,0.0188,D:/AcousticMonitoringData/ELDON6_Data/Week18\ELDON6_20250510_060502.wav,20250510
1587,1590,Geothlypis trichas,Common Yellowthroat,0.1341,D:/AcousticMonitoringData/ELDON6_Data/Week18\ELDON6_20250510_060502.wav,20250510
1587,1590,Spizella pusilla,Field Sparrow,0.0218,D:/AcousticMonitoringData/ELDON6_Data/Week18\ELDON6_20250510_060502.wav,20250510
1590,1593,Geothlypis trichas,Common Yellowthroat,0.016,D:/AcousticMonitoringData/ELDON6_Data/Week18\ELDON6_20250510_060502.wav,20250510
1590,1593,Spizella pusilla,Field Sparrow,0.0154,D:/AcousticMonitoringData/ELDON6_Data/Week18\ELDON6_20250510_060502.wav,20250510
1593,1596,Spizella pusilla,Field Sparrow,0.0225,D:/AcousticMonitoringData/ELDON6_Data/Week18\ELDON6_20250510_060502.wav,20250510
1593,1596,Geothlypis trichas,Common Yellowthroat,0.0136,D:/AcousticMonitoringData/ELDON6_Data/Week18\ELDON6_20250510_060502.wav,20250510
1596,1599,Geothlypis trichas,Common Yellowthroat,0.0491,D:/AcousticMonitoringData/ELDON6_Data/Week18\ELDON6_20250510_060502.wav,20250510
1596,1599,Spizella pusilla,Field Sparrow,0.0211,D:/AcousticMonitoringData/ELDON6_Data/Week18\ELDON6_20250510_060502.wav,20250510
1602,1605,Spizella pusilla,Field Sparrow,0.0193,D:/AcousticMonitoringData/ELDON6_Data/Week18\ELDON6_20250510_060502.wav,20250510
1605,1608,Geothlypis trichas,Common Yellowthroat,0.016,D:/AcousticMonitoringData/ELDON6_Data/Week18\ELDON6_20250510_060502.wav,20250510
1605,1608,Spizella pusilla,Field Sparrow,0.0134,D:/AcousticMonitoringData/ELDON6_Data/Week18\ELDON6_20250510_060502.wav,20250510
1608,1611,Geothlypis trichas,Common Yellowthroat,0.5186,D:/AcousticMonitoringData/ELDON6_Data/Week18\ELDON6_20250510_060502.wav,20250510
1608,1611,Melospiza melodia,Song Sparrow,0.0242,D:/AcousticMonitoringData/ELDON6_Data/Week18\ELDON6_20250510_060502.wav,20250510
1608,1611,Spizella pusilla,Field Sparrow,0.0169,D:/AcousticMonitoringData/ELDON6_Data/Week18\ELDON6_20250510_060502.wav,20250510
1611,1614,Geothlypis trichas,Common Yellowthroat,0.0272,D:/AcousticMonitoringData/ELDON6_Data/Week18\ELDON6_20250510_060502.wav,20250510
1614,1617,Spizella pusilla,Field Sparrow,0.0552,D:/AcousticMonitoringData/ELDON6_Data/Week18\ELDON6_20250510_060502.wav,20250510
1617,1620,Geothlypis trichas,Common Yellowthroat,0.0196,D:/AcousticMonitoringData/ELDON6_Data/Week18\ELDON6_20250510_060502.wav,20250510
1620,1623,Geothlypis trichas,Common Yellowthroat,0.2911,D:/AcousticMonitoringData/ELDON6_Data/Week18\ELDON6_20250510_060502.wav,20250510
1626,1629,Geothlypis trichas,Common Yellowthroat,0.0192,D:/AcousticMonitoringData/ELDON6_Data/Week18\ELDON6_20250510_060502.wav,20250510
1629,1632,Geothlypis trichas,Common Yellowthroat,0.0865,D:/AcousticMonitoringData/ELDON6_Data/Week18\ELDON6_20250510_060502.wav,20250510
1629,1632,Spizella pusilla,Field Sparrow,0.0101,D:/AcousticMonitoringData/ELDON6_Data/Week18\ELDON6_20250510_060502.wav,20250510
1632,1635,Geothlypis trichas,Common Yellowthroat,0.0319,D:/AcousticMonitoringData/ELDON6_Data/Week18\ELDON6_20250510_060502.wav,20250510
1632,1635,Passerina caerulea,Blue Grosbeak,0.0291,D:/AcousticMonitoringData/ELDON6_Data/Week18\ELDON6_20250510_060502.wav,20250510
1638,1641,Geothlypis trichas,Common Yellowthroat,0.0713,D:/AcousticMonitoringData/ELDON6_Data/Week18\ELDON6_20250510_060502.wav,20250510
1638,1641,Spizella pusilla,Field Sparrow,0.0237,D:/AcousticMonitoringData/ELDON6_Data/Week18\ELDON6_20250510_060502.wav,20250510
1641,1644,Geothlypis trichas,Common Yellowthroat,0.2534,D:/AcousticMonitoringData/ELDON6_Data/Week18\ELDON6_20250510_060502.wav,20250510
1641,1644,Spizella pusilla,Field Sparrow,0.0243,D:/AcousticMonitoringData/ELDON6_Data/Week18\ELDON6_20250510_060502.wav,20250510
1650,1653,Geothlypis trichas,Common Yellowthroat,0.1463,D:/AcousticMonitoringData/ELDON6_Data/Week18\ELDON6_20250510_060502.wav,20250510
1650,1653,Spizella pusilla,Field Sparrow,0.0669,D:/AcousticMonitoringData/ELDON6_Data/Week18\ELDON6_20250510_060502.wav,20250510
1653,1656,Geothlypis trichas,Common Yellowthroat,0.0258,D:/AcousticMonitoringData/ELDON6_Data/Week18\ELDON6_20250510_060502.wav,20250510
1653,1656,Spizella pusilla,Field Sparrow,0.0122,D:/AcousticMonitoringData/ELDON6_Data/Week18\ELDON6_20250510_060502.wav,20250510
1662,1665,Geothlypis trichas,Common Yellowthroat,0.1339,D:/AcousticMonitoringData/ELDON6_Data/Week18\ELDON6_20250510_060502.wav,20250510
1662,1665,Spizella pusilla,Field Sparrow,0.03,D:/AcousticMonitoringData/ELDON6_Data/Week18\ELDON6_20250510_060502.wav,20250510
1665,1668,Spizella pusilla,Field Sparrow,0.0158,D:/AcousticMonitoringData/ELDON6_Data/Week18\ELDON6_20250510_060502.wav,20250510
1665,1668,Geothlypis trichas,Common Yellowthroat,0.0147,D:/AcousticMonitoringData/ELDON6_Data/Week18\ELDON6_20250510_060502.wav,20250510
1668,1671,Geothlypis trichas,Common Yellowthroat,0.0178,D:/AcousticMonitoringData/ELDON6_Data/Week18\ELDON6_20250510_060502.wav,20250510
1674,1677,Geothlypis trichas,Common Yellowthroat,0.1609,D:/AcousticMonitoringData/ELDON6_Data/Week18\ELDON6_20250510_060502.wav,20250510
1674,1677,Spizella pusilla,Field Sparrow,0.0203,D:/AcousticMonitoringData/ELDON6_Data/Week18\ELDON6_20250510_060502.wav,20250510
1677,1680,Geothlypis trichas,Common Yellowthroat,0.0167,D:/AcousticMonitoringData/ELDON6_Data/Week18\ELDON6_20250510_060502.wav,20250510
1680,1683,Spizella pusilla,Field Sparrow,0.0123,D:/AcousticMonitoringData/ELDON6_Data/Week18\ELDON6_20250510_060502.wav,20250510
1686,1689,Geothlypis trichas,Common Yellowthroat,0.1397,D:/AcousticMonitoringData/ELDON6_Data/Week18\ELDON6_20250510_060502.wav,20250510
1686,1689,Spizella pusilla,Field Sparrow,0.0128,D:/AcousticMonitoringData/ELDON6_Data/Week18\ELDON6_20250510_060502.wav,20250510
1689,1692,Spizella pusilla,Field Sparrow,0.0143,D:/AcousticMonitoringData/ELDON6_Data/Week18\ELDON6_20250510_060502.wav,20250510
1692,1695,Spizella pusilla,Field Sparrow,0.033,D:/AcousticMonitoringData/ELDON6_Data/Week18\ELDON6_20250510_060502.wav,20250510
1692,1695,Geothlypis trichas,Common Yellowthroat,0.0196,D:/AcousticMonitoringData/ELDON6_Data/Week18\ELDON6_20250510_060502.wav,20250510
1692,1695,Sturnella magna,Eastern Meadowlark,0.0102,D:/AcousticMonitoringData/ELDON6_Data/Week18\ELDON6_20250510_060502.wav,20250510
1695,1698,Spizella pusilla,Field Sparrow,0.026,D:/AcousticMonitoringData/ELDON6_Data/Week18\ELDON6_20250510_060502.wav,20250510
1698,1701,Geothlypis trichas,Common Yellowthroat,0.1081,D:/AcousticMonitoringData/ELDON6_Data/Week18\ELDON6_20250510_060502.wav,20250510
1698,1701,Spizella pusilla,Field Sparrow,0.0151,D:/AcousticMonitoringData/ELDON6_Data/Week18\ELDON6_20250510_060502.wav,20250510
1704,1707,Geothlypis trichas,Common Yellowthroat,0.0156,D:/AcousticMonitoringData/ELDON6_Data/Week18\ELDON6_20250510_060502.wav,20250510
1707,1710,Geothlypis trichas,Common Yellowthroat,0.0914,D:/AcousticMonitoringData/ELDON6_Data/Week18\ELDON6_20250510_060502.wav,20250510
1707,1710,Spizella pusilla,Field Sparrow,0.019,D:/AcousticMonitoringData/ELDON6_Data/Week18\ELDON6_20250510_060502.wav,20250510
1713,1716,Geothlypis trichas,Common Yellowthroat,0.0332,D:/AcousticMonitoringData/ELDON6_Data/Week18\ELDON6_20250510_060502.wav,20250510
1716,1719,Geothlypis trichas,Common Yellowthroat,0.0392,D:/AcousticMonitoringData/ELDON6_Data/Week18\ELDON6_20250510_060502.wav,20250510
1719,1722,Geothlypis trichas,Common Yellowthroat,0.1452,D:/AcousticMonitoringData/ELDON6_Data/Week18\ELDON6_20250510_060502.wav,20250510
1728,1731,Geothlypis trichas,Common Yellowthroat,0.025,D:/AcousticMonitoringData/ELDON6_Data/Week18\ELDON6_20250510_060502.wav,20250510
1731,1734,Geothlypis trichas,Common Yellowthroat,0.4196,D:/AcousticMonitoringData/ELDON6_Data/Week18\ELDON6_20250510_060502.wav,20250510
1731,1734,Spizella pusilla,Field Sparrow,0.0144,D:/AcousticMonitoringData/ELDON6_Data/Week18\ELDON6_20250510_060502.wav,20250510
1734,1737,Geothlypis trichas,Common Yellowthroat,0.0169,D:/AcousticMonitoringData/ELDON6_Data/Week18\ELDON6_20250510_060502.wav,20250510
1740,1743,Geothlypis trichas,Common Yellowthroat,0.0252,D:/AcousticMonitoringData/ELDON6_Data/Week18\ELDON6_20250510_060502.wav,20250510
1743,1746,Geothlypis trichas,Common Yellowthroat,0.3574,D:/AcousticMonitoringData/ELDON6_Data/Week18\ELDON6_20250510_060502.wav,20250510
1746,1749,Geothlypis trichas,Common Yellowthroat,0.0705,D:/AcousticMonitoringData/ELDON6_Data/Week18\ELDON6_20250510_060502.wav,20250510
1746,1749,Melospiza melodia,Song Sparrow,0.0111,D:/AcousticMonitoringData/ELDON6_Data/Week18\ELDON6_20250510_060502.wav,20250510
1749,1752,Geothlypis trichas,Common Yellowthroat,0.0235,D:/AcousticMonitoringData/ELDON6_Data/Week18\ELDON6_20250510_060502.wav,20250510
1755,1758,Geothlypis trichas,Common Yellowthroat,0.0424,D:/AcousticMonitoringData/ELDON6_Data/Week18\ELDON6_20250510_060502.wav,20250510
1761,1764,Geothlypis trichas,Common Yellowthroat,0.0146,D:/AcousticMonitoringData/ELDON6_Data/Week18\ELDON6_20250510_060502.wav,20250510
1767,1770,Geothlypis trichas,Common Yellowthroat,0.0266,D:/AcousticMonitoringData/ELDON6_Data/Week18\ELDON6_20250510_060502.wav,20250510
1770,1773,Geothlypis trichas,Common Yellowthroat,0.017,D:/AcousticMonitoringData/ELDON6_Data/Week18\ELDON6_20250510_060502.wav,20250510
1773,1776,Geothlypis trichas,Common Yellowthroat,0.0205,D:/AcousticMonitoringData/ELDON6_Data/Week18\ELDON6_20250510_060502.wav,20250510
1776,1779,Geothlypis trichas,Common Yellowthroat,0.0344,D:/AcousticMonitoringData/ELDON6_Data/Week18\ELDON6_20250510_060502.wav,20250510
1776,1779,Melospiza melodia,Song Sparrow,0.01,D:/AcousticMonitoringData/ELDON6_Data/Week18\ELDON6_20250510_060502.wav,20250510
1779,1782,Geothlypis trichas,Common Yellowthroat,0.0162,D:/AcousticMonitoringData/ELDON6_Data/Week18\ELDON6_20250510_060502.wav,20250510
1782,1785,Spizella pusilla,Field Sparrow,0.0151,D:/AcousticMonitoringData/ELDON6_Data/Week18\ELDON6_20250510_060502.wav,20250510
1785,1788,Geothlypis trichas,Common Yellowthroat,0.0112,D:/AcousticMonitoringData/ELDON6_Data/Week18\ELDON6_20250510_060502.wav,20250510
1791,1794,Geothlypis trichas,Common Yellowthroat,0.0267,D:/AcousticMonitoringData/ELDON6_Data/Week18\ELDON6_20250510_060502.wav,20250510
1797,1800,Spizella pusilla,Field Sparrow,0.0126,D:/AcousticMonitoringData/ELDON6_Data/Week18\ELDON6_20250510_060502.wav,20250510
1800,1803,Geothlypis trichas,Common Yellowthroat,0.1521,D:/AcousticMonitoringData/ELDON6_Data/Week18\ELDON6_20250510_060502.wav,20250510
1800,1803,Spizella pusilla,Field Sparrow,0.0176,D:/AcousticMonitoringData/ELDON6_Data/Week18\ELDON6_20250510_060502.wav,20250510
1809,1812,Geothlypis trichas,Common Yellowthroat,0.0267,D:/AcousticMonitoringData/ELDON6_Data/Week18\ELDON6_20250510_060502.wav,20250510
1815,1818,Spizella pusilla,Field Sparrow,0.0185,D:/AcousticMonitoringData/ELDON6_Data/Week18\ELDON6_20250510_060502.wav,20250510
1815,1818,Geothlypis trichas,Common Yellowthroat,0.0109,D:/AcousticMonitoringData/ELDON6_Data/Week18\ELDON6_20250510_060502.wav,20250510
1818,1821,Geothlypis trichas,Common Yellowthroat,0.015,D:/AcousticMonitoringData/ELDON6_Data/Week18\ELDON6_20250510_060502.wav,20250510
1821,1824,Geothlypis trichas,Common Yellowthroat,0.0157,D:/AcousticMonitoringData/ELDON6_Data/Week18\ELDON6_20250510_060502.wav,20250510
1824,1827,Geothlypis trichas,Common Yellowthroat,0.0174,D:/AcousticMonitoringData/ELDON6_Data/Week18\ELDON6_20250510_060502.wav,20250510
1827,1830,Geothlypis trichas,Common Yellowthroat,0.1509,D:/AcousticMonitoringData/ELDON6_Data/Week18\ELDON6_20250510_060502.wav,20250510
1827,1830,Spizella pusilla,Field Sparrow,0.0185,D:/AcousticMonitoringData/ELDON6_Data/Week18\ELDON6_20250510_060502.wav,20250510
1833,1836,Spizella pusilla,Field Sparrow,0.029,D:/AcousticMonitoringData/ELDON6_Data/Week18\ELDON6_20250510_060502.wav,20250510
1836,1839,Geothlypis trichas,Common Yellowthroat,0.1866,D:/AcousticMonitoringData/ELDON6_Data/Week18\ELDON6_20250510_060502.wav,20250510
1836,1839,Spizella pusilla,Field Sparrow,0.0256,D:/AcousticMonitoringData/ELDON6_Data/Week18\ELDON6_20250510_060502.wav,20250510
1836,1839,Sturnella magna,Eastern Meadowlark,0.0102,D:/AcousticMonitoringData/ELDON6_Data/Week18\ELDON6_20250510_060502.wav,20250510
1848,1851,Geothlypis trichas,Common Yellowthroat,0.091,D:/AcousticMonitoringData/ELDON6_Data/Week18\ELDON6_20250510_060502.wav,20250510
1848,1851,Spizella pusilla,Field Sparrow,0.0189,D:/AcousticMonitoringData/ELDON6_Data/Week18\ELDON6_20250510_060502.wav,20250510
1851,1854,Spizella pusilla,Field Sparrow,0.0152,D:/AcousticMonitoringData/ELDON6_Data/Week18\ELDON6_20250510_060502.wav,20250510
1854,1857,Spizella pusilla,Field Sparrow,0.0112,D:/AcousticMonitoringData/ELDON6_Data/Week18\ELDON6_20250510_060502.wav,20250510
1857,1860,Geothlypis trichas,Common Yellowthroat,0.0469,D:/AcousticMonitoringData/ELDON6_Data/Week18\ELDON6_20250510_060502.wav,20250510
1857,1860,Spizella pusilla,Field Sparrow,0.0116,D:/AcousticMonitoringData/ELDON6_Data/Week18\ELDON6_20250510_060502.wav,20250510
1860,1863,Geothlypis trichas,Common Yellowthroat,0.173,D:/AcousticMonitoringData/ELDON6_Data/Week18\ELDON6_20250510_060502.wav,20250510
1860,1863,Spizella pusilla,Field Sparrow,0.0225,D:/AcousticMonitoringData/ELDON6_Data/Week18\ELDON6_20250510_060502.wav,20250510
1860,1863,Passerina caerulea,Blue Grosbeak,0.0129,D:/AcousticMonitoringData/ELDON6_Data/Week18\ELDON6_20250510_060502.wav,20250510
1866,1869,Spizella pusilla,Field Sparrow,0.0448,D:/AcousticMonitoringData/ELDON6_Data/Week18\ELDON6_20250510_060502.wav,20250510
1866,1869,Geothlypis trichas,Common Yellowthroat,0.0163,D:/AcousticMonitoringData/ELDON6_Data/Week18\ELDON6_20250510_060502.wav,20250510
1866,1869,Sturnella magna,Eastern Meadowlark,0.0113,D:/AcousticMonitoringData/ELDON6_Data/Week18\ELDON6_20250510_060502.wav,20250510
1869,1872,Geothlypis trichas,Common Yellowthroat,0.0105,D:/AcousticMonitoringData/ELDON6_Data/Week18\ELDON6_20250510_060502.wav,20250510
1872,1875,Geothlypis trichas,Common Yellowthroat,0.1927,D:/AcousticMonitoringData/ELDON6_Data/Week18\ELDON6_20250510_060502.wav,20250510
1872,1875,Spizella pusilla,Field Sparrow,0.0137,D:/AcousticMonitoringData/ELDON6_Data/Week18\ELDON6_20250510_060502.wav,20250510
1875,1878,Geothlypis trichas,Common Yellowthroat,0.0137,D:/AcousticMonitoringData/ELDON6_Data/Week18\ELDON6_20250510_060502.wav,20250510
1878,1881,Spizella pusilla,Field Sparrow,0.5061,D:/AcousticMonitoringData/ELDON6_Data/Week18\ELDON6_20250510_060502.wav,20250510
1878,1881,Sturnella magna,Eastern Meadowlark,0.032,D:/AcousticMonitoringData/ELDON6_Data/Week18\ELDON6_20250510_060502.wav,20250510
1878,1881,Passerina caerulea,Blue Grosbeak,0.0161,D:/AcousticMonitoringData/ELDON6_Data/Week18\ELDON6_20250510_060502.wav,20250510
1878,1881,Geothlypis trichas,Common Yellowthroat,0.0145,D:/AcousticMonitoringData/ELDON6_Data/Week18\ELDON6_20250510_060502.wav,20250510
1881,1884,Geothlypis trichas,Common Yellowthroat,0.1643,D:/AcousticMonitoringData/ELDON6_Data/Week18\ELDON6_20250510_060502.wav,20250510
1881,1884,Spizella pusilla,Field Sparrow,0.0548,D:/AcousticMonitoringData/ELDON6_Data/Week18\ELDON6_20250510_060502.wav,20250510
1881,1884,Sturnella magna,Eastern Meadowlark,0.0202,D:/AcousticMonitoringData/ELDON6_Data/Week18\ELDON6_20250510_060502.wav,20250510
1884,1887,Geothlypis trichas,Common Yellowthroat,0.3414,D:/AcousticMonitoringData/ELDON6_Data/Week18\ELDON6_20250510_060502.wav,20250510
1884,1887,Sturnella magna,Eastern Meadowlark,0.0228,D:/AcousticMonitoringData/ELDON6_Data/Week18\ELDON6_20250510_060502.wav,20250510
1890,1893,Spizella pusilla,Field Sparrow,0.017,D:/AcousticMonitoringData/ELDON6_Data/Week18\ELDON6_20250510_060502.wav,20250510
1893,1896,Spizella pusilla,Field Sparrow,0.0891,D:/AcousticMonitoringData/ELDON6_Data/Week18\ELDON6_20250510_060502.wav,20250510
1893,1896,Geothlypis trichas,Common Yellowthroat,0.0695,D:/AcousticMonitoringData/ELDON6_Data/Week18\ELDON6_20250510_060502.wav,20250510
1893,1896,Passerina caerulea,Blue Grosbeak,0.0113,D:/AcousticMonitoringData/ELDON6_Data/Week18\ELDON6_20250510_060502.wav,20250510
1893,1896,Sturnella magna,Eastern Meadowlark,0.0111,D:/AcousticMonitoringData/ELDON6_Data/Week18\ELDON6_20250510_060502.wav,20250510
1896,1899,Geothlypis trichas,Common Yellowthroat,0.1417,D:/AcousticMonitoringData/ELDON6_Data/Week18\ELDON6_20250510_060502.wav,20250510
1896,1899,Sturnella magna,Eastern Meadowlark,0.0187,D:/AcousticMonitoringData/ELDON6_Data/Week18\ELDON6_20250510_060502.wav,20250510
1899,1902,Spizella pusilla,Field Sparrow,0.0269,D:/AcousticMonitoringData/ELDON6_Data/Week18\ELDON6_20250510_060502.wav,20250510
1899,1902,Sturnella magna,Eastern Meadowlark,0.0162,D:/AcousticMonitoringData/ELDON6_Data/Week18\ELDON6_20250510_060502.wav,20250510
1902,1905,Spizella pusilla,Field Sparrow,0.0686,D:/AcousticMonitoringData/ELDON6_Data/Week18\ELDON6_20250510_060502.wav,20250510
1902,1905,Geothlypis trichas,Common Yellowthroat,0.0193,D:/AcousticMonitoringData/ELDON6_Data/Week18\ELDON6_20250510_060502.wav,20250510
1905,1908,Spizella pusilla,Field Sparrow,0.0335,D:/AcousticMonitoringData/ELDON6_Data/Week18\ELDON6_20250510_060502.wav,20250510
1908,1911,Geothlypis trichas,Common Yellowthroat,0.0398,D:/AcousticMonitoringData/ELDON6_Data/Week18\ELDON6_20250510_060502.wav,20250510
1908,1911,Spizella pusilla,Field Sparrow,0.0287,D:/AcousticMonitoringData/ELDON6_Data/Week18\ELDON6_20250510_060502.wav,20250510
1908,1911,Passerina caerulea,Blue Grosbeak,0.0131,D:/AcousticMonitoringData/ELDON6_Data/Week18\ELDON6_20250510_060502.wav,20250510
1911,1914,Spizella pusilla,Field Sparrow,0.0136,D:/AcousticMonitoringData/ELDON6_Data/Week18\ELDON6_20250510_060502.wav,20250510
1914,1917,Spizella pusilla,Field Sparrow,0.0815,D:/AcousticMonitoringData/ELDON6_Data/Week18\ELDON6_20250510_060502.wav,20250510
1914,1917,Geothlypis trichas,Common Yellowthroat,0.0127,D:/AcousticMonitoringData/ELDON6_Data/Week18\ELDON6_20250510_060502.wav,20250510
1914,1917,Sturnella magna,Eastern Meadowlark,0.0106,D:/AcousticMonitoringData/ELDON6_Data/Week18\ELDON6_20250510_060502.wav,20250510
1917,1920,Geothlypis trichas,Common Yellowthroat,0.0628,D:/AcousticMonitoringData/ELDON6_Data/Week18\ELDON6_20250510_060502.wav,20250510
1917,1920,Spizella pusilla,Field Sparrow,0.0432,D:/AcousticMonitoringData/ELDON6_Data/Week18\ELDON6_20250510_060502.wav,20250510
1920,1923,Geothlypis trichas,Common Yellowthroat,0.0296,D:/AcousticMonitoringData/ELDON6_Data/Week18\ELDON6_20250510_060502.wav,20250510
1920,1923,Spizella pusilla,Field Sparrow,0.0263,D:/AcousticMonitoringData/ELDON6_Data/Week18\ELDON6_20250510_060502.wav,20250510
1920,1923,Sturnella magna,Eastern Meadowlark,0.0184,D:/AcousticMonitoringData/ELDON6_Data/Week18\ELDON6_20250510_060502.wav,20250510
1920,1923,Passerina caerulea,Blue Grosbeak,0.0152,D:/AcousticMonitoringData/ELDON6_Data/Week18\ELDON6_20250510_060502.wav,20250510
1923,1926,Passerina caerulea,Blue Grosbeak,0.0163,D:/AcousticMonitoringData/ELDON6_Data/Week18\ELDON6_20250510_060502.wav,20250510
1923,1926,Spizella pusilla,Field Sparrow,0.0135,D:/AcousticMonitoringData/ELDON6_Data/Week18\ELDON6_20250510_060502.wav,20250510
1923,1926,Sturnella magna,Eastern Meadowlark,0.0119,D:/AcousticMonitoringData/ELDON6_Data/Week18\ELDON6_20250510_060502.wav,20250510
1926,1929,Spizella pusilla,Field Sparrow,0.0144,D:/AcousticMonitoringData/ELDON6_Data/Week18\ELDON6_20250510_060502.wav,20250510
1929,1932,Geothlypis trichas,Common Yellowthroat,0.0719,D:/AcousticMonitoringData/ELDON6_Data/Week18\ELDON6_20250510_060502.wav,20250510
1929,1932,Spizella pusilla,Field Sparrow,0.0324,D:/AcousticMonitoringData/ELDON6_Data/Week18\ELDON6_20250510_060502.wav,20250510
1932,1935,Spizella pusilla,Field Sparrow,0.0498,D:/AcousticMonitoringData/ELDON6_Data/Week18\ELDON6_20250510_060502.wav,20250510
1932,1935,Geothlypis trichas,Common Yellowthroat,0.0102,D:/AcousticMonitoringData/ELDON6_Data/Week18\ELDON6_20250510_060502.wav,20250510
1932,1935,Passerina caerulea,Blue Grosbeak,0.01,D:/AcousticMonitoringData/ELDON6_Data/Week18\ELDON6_20250510_060502.wav,20250510
1938,1941,Spizella pusilla,Field Sparrow,0.0173,D:/AcousticMonitoringData/ELDON6_Data/Week18\ELDON6_20250510_060502.wav,20250510
1941,1944,Geothlypis trichas,Common Yellowthroat,0.1442,D:/AcousticMonitoringData/ELDON6_Data/Week18\ELDON6_20250510_060502.wav,20250510
1941,1944,Spizella pusilla,Field Sparrow,0.0206,D:/AcousticMonitoringData/ELDON6_Data/Week18\ELDON6_20250510_060502.wav,20250510
1947,1950,Spizella pusilla,Field Sparrow,0.0144,D:/AcousticMonitoringData/ELDON6_Data/Week18\ELDON6_20250510_060502.wav,20250510
1947,1950,Sturnella magna,Eastern Meadowlark,0.0128,D:/AcousticMonitoringData/ELDON6_Data/Week18\ELDON6_20250510_060502.wav,20250510
1950,1953,Spizella pusilla,Field Sparrow,0.0688,D:/AcousticMonitoringData/ELDON6_Data/Week18\ELDON6_20250510_060502.wav,20250510
1950,1953,Geothlypis trichas,Common Yellowthroat,0.0572,D:/AcousticMonitoringData/ELDON6_Data/Week18\ELDON6_20250510_060502.wav,20250510
1953,1956,Geothlypis trichas,Common Yellowthroat,0.0501,D:/AcousticMonitoringData/ELDON6_Data/Week18\ELDON6_20250510_060502.wav,20250510
1953,1956,Spizella pusilla,Field Sparrow,0.015,D:/AcousticMonitoringData/ELDON6_Data/Week18\ELDON6_20250510_060502.wav,20250510
1962,1965,Geothlypis trichas,Common Yellowthroat,0.0565,D:/AcousticMonitoringData/ELDON6_Data/Week18\ELDON6_20250510_060502.wav,20250510
1962,1965,Spizella pusilla,Field Sparrow,0.0203,D:/AcousticMonitoringData/ELDON6_Data/Week18\ELDON6_20250510_060502.wav,20250510
1962,1965,Passerina caerulea,Blue Grosbeak,0.0151,D:/AcousticMonitoringData/ELDON6_Data/Week18\ELDON6_20250510_060502.wav,20250510
1965,1968,Spizella pusilla,Field Sparrow,0.037,D:/AcousticMonitoringData/ELDON6_Data/Week18\ELDON6_20250510_060502.wav,20250510
1965,1968,Geothlypis trichas,Common Yellowthroat,0.0274,D:/AcousticMonitoringData/ELDON6_Data/Week18\ELDON6_20250510_060502.wav,20250510
1974,1977,Geothlypis trichas,Common Yellowthroat,0.0686,D:/AcousticMonitoringData/ELDON6_Data/Week18\ELDON6_20250510_060502.wav,20250510
1974,1977,Spizella pusilla,Field Sparrow,0.0307,D:/AcousticMonitoringData/ELDON6_Data/Week18\ELDON6_20250510_060502.wav,20250510
1977,1980,Geothlypis trichas,Common Yellowthroat,0.0166,D:/AcousticMonitoringData/ELDON6_Data/Week18\ELDON6_20250510_060502.wav,20250510
1980,1983,Spizella pusilla,Field Sparrow,0.0315,D:/AcousticMonitoringData/ELDON6_Data/Week18\ELDON6_20250510_060502.wav,20250510
1980,1983,Sturnella magna,Eastern Meadowlark,0.0201,D:/AcousticMonitoringData/ELDON6_Data/Week18\ELDON6_20250510_060502.wav,20250510
1986,1989,Geothlypis trichas,Common Yellowthroat,0.035,D:/AcousticMonitoringData/ELDON6_Data/Week18\ELDON6_20250510_060502.wav,20250510
1995,1998,Geothlypis trichas,Common Yellowthroat,0.1088,D:/AcousticMonitoringData/ELDON6_Data/Week18\ELDON6_20250510_060502.wav,20250510
1995,1998,Sturnella magna,Eastern Meadowlark,0.0157,D:/AcousticMonitoringData/ELDON6_Data/Week18\ELDON6_20250510_060502.wav,20250510
1995,1998,Spizella pusilla,Field Sparrow,0.0119,D:/AcousticMonitoringData/ELDON6_Data/Week18\ELDON6_20250510_060502.wav,20250510
1998,2001,Geothlypis trichas,Common Yellowthroat,0.0388,D:/AcousticMonitoringData/ELDON6_Data/Week18\ELDON6_20250510_060502.wav,20250510
2004,2007,Geothlypis trichas,Common Yellowthroat,0.0103,D:/AcousticMonitoringData/ELDON6_Data/Week18\ELDON6_20250510_060502.wav,20250510
2007,2010,Geothlypis trichas,Common Yellowthroat,0.1741,D:/AcousticMonitoringData/ELDON6_Data/Week18\ELDON6_20250510_060502.wav,20250510
2007,2010,Spizella pusilla,Field Sparrow,0.0145,D:/AcousticMonitoringData/ELDON6_Data/Week18\ELDON6_20250510_060502.wav,20250510
2010,2013,Geothlypis trichas,Common Yellowthroat,0.0253,D:/AcousticMonitoringData/ELDON6_Data/Week18\ELDON6_20250510_060502.wav,20250510
2010,2013,Spizella pusilla,Field Sparrow,0.0118,D:/AcousticMonitoringData/ELDON6_Data/Week18\ELDON6_20250510_060502.wav,20250510
2013,2016,Geothlypis trichas,Common Yellowthroat,0.0281,D:/AcousticMonitoringData/ELDON6_Data/Week18\ELDON6_20250510_060502.wav,20250510
2019,2022,Geothlypis trichas,Common Yellowthroat,0.0232,D:/AcousticMonitoringData/ELDON6_Data/Week18\ELDON6_20250510_060502.wav,20250510
2019,2022,Spizella pusilla,Field Sparrow,0.0166,D:/AcousticMonitoringData/ELDON6_Data/Week18\ELDON6_20250510_060502.wav,20250510
2022,2025,Spizella pusilla,Field Sparrow,0.0166,D:/AcousticMonitoringData/ELDON6_Data/Week18\ELDON6_20250510_060502.wav,20250510
2022,2025,Geothlypis trichas,Common Yellowthroat,0.013,D:/AcousticMonitoringData/ELDON6_Data/Week18\ELDON6_20250510_060502.wav,20250510
2022,2025,Passerina caerulea,Blue Grosbeak,0.0104,D:/AcousticMonitoringData/ELDON6_Data/Week18\ELDON6_20250510_060502.wav,20250510
2025,2028,Spizella pusilla,Field Sparrow,0.0124,D:/AcousticMonitoringData/ELDON6_Data/Week18\ELDON6_20250510_060502.wav,20250510
2028,2031,Spizella pusilla,Field Sparrow,0.0284,D:/AcousticMonitoringData/ELDON6_Data/Week18\ELDON6_20250510_060502.wav,20250510
2028,2031,Geothlypis trichas,Common Yellowthroat,0.0237,D:/AcousticMonitoringData/ELDON6_Data/Week18\ELDON6_20250510_060502.wav,20250510
2031,2034,Geothlypis trichas,Common Yellowthroat,0.0115,D:/AcousticMonitoringData/ELDON6_Data/Week18\ELDON6_20250510_060502.wav,20250510
2034,2037,Geothlypis trichas,Common Yellowthroat,0.0256,D:/AcousticMonitoringData/ELDON6_Data/Week18\ELDON6_20250510_060502.wav,20250510
2040,2043,Geothlypis trichas,Common Yellowthroat,0.03,D:/AcousticMonitoringData/ELDON6_Data/Week18\ELDON6_20250510_060502.wav,20250510
2040,2043,Spizella pusilla,Field Sparrow,0.0143,D:/AcousticMonitoringData/ELDON6_Data/Week18\ELDON6_20250510_060502.wav,20250510
2040,2043,Sturnella magna,Eastern Meadowlark,0.01,D:/AcousticMonitoringData/ELDON6_Data/Week18\ELDON6_20250510_060502.wav,20250510
2043,2046,Spizella pusilla,Field Sparrow,0.013,D:/AcousticMonitoringData/ELDON6_Data/Week18\ELDON6_20250510_060502.wav,20250510
2046,2049,Spizella pusilla,Field Sparrow,0.0148,D:/AcousticMonitoringData/ELDON6_Data/Week18\ELDON6_20250510_060502.wav,20250510
2046,2049,Geothlypis trichas,Common Yellowthroat,0.0147,D:/AcousticMonitoringData/ELDON6_Data/Week18\ELDON6_20250510_060502.wav,20250510
2052,2055,Geothlypis trichas,Common Yellowthroat,0.1549,D:/AcousticMonitoringData/ELDON6_Data/Week18\ELDON6_20250510_060502.wav,20250510
2052,2055,Spizella pusilla,Field Sparrow,0.0355,D:/AcousticMonitoringData/ELDON6_Data/Week18\ELDON6_20250510_060502.wav,20250510
2055,2058,Geothlypis trichas,Common Yellowthroat,0.0472,D:/AcousticMonitoringData/ELDON6_Data/Week18\ELDON6_20250510_060502.wav,20250510
2061,2064,Geothlypis trichas,Common Yellowthroat,0.2096,D:/AcousticMonitoringData/ELDON6_Data/Week18\ELDON6_20250510_060502.wav,20250510
2064,2067,Geothlypis trichas,Common Yellowthroat,0.0203,D:/AcousticMonitoringData/ELDON6_Data/Week18\ELDON6_20250510_060502.wav,20250510
2067,2070,Spizella pusilla,Field Sparrow,0.0147,D:/AcousticMonitoringData/ELDON6_Data/Week18\ELDON6_20250510_060502.wav,20250510
2067,2070,Geothlypis trichas,Common Yellowthroat,0.0104,D:/AcousticMonitoringData/ELDON6_Data/Week18\ELDON6_20250510_060502.wav,20250510
2070,2073,Sturnella magna,Eastern Meadowlark,0.0109,D:/AcousticMonitoringData/ELDON6_Data/Week18\ELDON6_20250510_060502.wav,20250510
2070,2073,Geothlypis trichas,Common Yellowthroat,0.0103,D:/AcousticMonitoringData/ELDON6_Data/Week18\ELDON6_20250510_060502.wav,20250510
2073,2076,Geothlypis trichas,Common Yellowthroat,0.1319,D:/AcousticMonitoringData/ELDON6_Data/Week18\ELDON6_20250510_060502.wav,20250510
2073,2076,Spizella pusilla,Field Sparrow,0.0193,D:/AcousticMonitoringData/ELDON6_Data/Week18\ELDON6_20250510_060502.wav,20250510
2076,2079,Spizella pusilla,Field Sparrow,0.0445,D:/AcousticMonitoringData/ELDON6_Data/Week18\ELDON6_20250510_060502.wav,20250510
2076,2079,Sturnella magna,Eastern Meadowlark,0.0406,D:/AcousticMonitoringData/ELDON6_Data/Week18\ELDON6_20250510_060502.wav,20250510
2076,2079,Geothlypis trichas,Common Yellowthroat,0.0142,D:/AcousticMonitoringData/ELDON6_Data/Week18\ELDON6_20250510_060502.wav,20250510
2079,2082,Geothlypis trichas,Common Yellowthroat,0.0177,D:/AcousticMonitoringData/ELDON6_Data/Week18\ELDON6_20250510_060502.wav,20250510
2079,2082,Spizella pusilla,Field Sparrow,0.0167,D:/AcousticMonitoringData/ELDON6_Data/Week18\ELDON6_20250510_060502.wav,20250510
2082,2085,Geothlypis trichas,Common Yellowthroat,0.0845,D:/AcousticMonitoringData/ELDON6_Data/Week18\ELDON6_20250510_060502.wav,20250510
2082,2085,Spizella pusilla,Field Sparrow,0.0485,D:/AcousticMonitoringData/ELDON6_Data/Week18\ELDON6_20250510_060502.wav,20250510
2085,2088,Geothlypis trichas,Common Yellowthroat,0.0107,D:/AcousticMonitoringData/ELDON6_Data/Week18\ELDON6_20250510_060502.wav,20250510
2088,2091,Geothlypis trichas,Common Yellowthroat,0.0312,D:/AcousticMonitoringData/ELDON6_Data/Week18\ELDON6_20250510_060502.wav,20250510
2088,2091,Spizella pusilla,Field Sparrow,0.0277,D:/AcousticMonitoringData/ELDON6_Data/Week18\ELDON6_20250510_060502.wav,20250510
2088,2091,Sturnella magna,Eastern Meadowlark,0.022,D:/AcousticMonitoringData/ELDON6_Data/Week18\ELDON6_20250510_060502.wav,20250510
2091,2094,Geothlypis trichas,Common Yellowthroat,0.0584,D:/AcousticMonitoringData/ELDON6_Data/Week18\ELDON6_20250510_060502.wav,20250510
2091,2094,Spizella pusilla,Field Sparrow,0.0204,D:/AcousticMonitoringData/ELDON6_Data/Week18\ELDON6_20250510_060502.wav,20250510
2094,2097,Geothlypis trichas,Common Yellowthroat,0.1921,D:/AcousticMonitoringData/ELDON6_Data/Week18\ELDON6_20250510_060502.wav,20250510
2094,2097,Spizella pusilla,Field Sparrow,0.0141,D:/AcousticMonitoringData/ELDON6_Data/Week18\ELDON6_20250510_060502.wav,20250510
2097,2100,Spizella pusilla,Field Sparrow,0.0301,D:/AcousticMonitoringData/ELDON6_Data/Week18\ELDON6_20250510_060502.wav,20250510
2097,2100,Geothlypis trichas,Common Yellowthroat,0.0201,D:/AcousticMonitoringData/ELDON6_Data/Week18\ELDON6_20250510_060502.wav,20250510
2100,2103,Spizella pusilla,Field Sparrow,0.0264,D:/AcousticMonitoringData/ELDON6_Data/Week18\ELDON6_20250510_060502.wav,20250510
2100,2103,Sturnella magna,Eastern Meadowlark,0.0147,D:/AcousticMonitoringData/ELDON6_Data/Week18\ELDON6_20250510_060502.wav,20250510
2100,2103,Geothlypis trichas,Common Yellowthroat,0.014,D:/AcousticMonitoringData/ELDON6_Data/Week18\ELDON6_20250510_060502.wav,20250510
2103,2106,Geothlypis trichas,Common Yellowthroat,0.0771,D:/AcousticMonitoringData/ELDON6_Data/Week18\ELDON6_20250510_060502.wav,20250510
2106,2109,Spizella pusilla,Field Sparrow,0.0153,D:/AcousticMonitoringData/ELDON6_Data/Week18\ELDON6_20250510_060502.wav,20250510
2106,2109,Geothlypis trichas,Common Yellowthroat,0.0119,D:/AcousticMonitoringData/ELDON6_Data/Week18\ELDON6_20250510_060502.wav,20250510
2109,2112,Spizella pusilla,Field Sparrow,0.0104,D:/AcousticMonitoringData/ELDON6_Data/Week18\ELDON6_20250510_060502.wav,20250510
2112,2115,Geothlypis trichas,Common Yellowthroat,0.0216,D:/AcousticMonitoringData/ELDON6_Data/Week18\ELDON6_20250510_060502.wav,20250510
2112,2115,Spizella pusilla,Field Sparrow,0.0186,D:/AcousticMonitoringData/ELDON6_Data/Week18\ELDON6_20250510_060502.wav,20250510
2115,2118,Geothlypis trichas,Common Yellowthroat,0.3305,D:/AcousticMonitoringData/ELDON6_Data/Week18\ELDON6_20250510_060502.wav,20250510
2115,2118,Spizella pusilla,Field Sparrow,0.0257,D:/AcousticMonitoringData/ELDON6_Data/Week18\ELDON6_20250510_060502.wav,20250510
2118,2121,Geothlypis trichas,Common Yellowthroat,0.0121,D:/AcousticMonitoringData/ELDON6_Data/Week18\ELDON6_20250510_060502.wav,20250510
2121,2124,Geothlypis trichas,Common Yellowthroat,0.0137,D:/AcousticMonitoringData/ELDON6_Data/Week18\ELDON6_20250510_060502.wav,20250510
2121,2124,Spizella pusilla,Field Sparrow,0.0123,D:/AcousticMonitoringData/ELDON6_Data/Week18\ELDON6_20250510_060502.wav,20250510
2124,2127,Spizella pusilla,Field Sparrow,0.0716,D:/AcousticMonitoringData/ELDON6_Data/Week18\ELDON6_20250510_060502.wav,20250510
2124,2127,Passerina caerulea,Blue Grosbeak,0.0155,D:/AcousticMonitoringData/ELDON6_Data/Week18\ELDON6_20250510_060502.wav,20250510
2127,2130,Geothlypis trichas,Common Yellowthroat,0.0789,D:/AcousticMonitoringData/ELDON6_Data/Week18\ELDON6_20250510_060502.wav,20250510
2127,2130,Spizella pusilla,Field Sparrow,0.0266,D:/AcousticMonitoringData/ELDON6_Data/Week18\ELDON6_20250510_060502.wav,20250510
2127,2130,Passerina caerulea,Blue Grosbeak,0.0109,D:/AcousticMonitoringData/ELDON6_Data/Week18\ELDON6_20250510_060502.wav,20250510
2130,2133,Spizella pusilla,Field Sparrow,0.0675,D:/AcousticMonitoringData/ELDON6_Data/Week18\ELDON6_20250510_060502.wav,20250510
2130,2133,Sturnella magna,Eastern Meadowlark,0.0277,D:/AcousticMonitoringData/ELDON6_Data/Week18\ELDON6_20250510_060502.wav,20250510
2130,2133,Geothlypis trichas,Common Yellowthroat,0.0174,D:/AcousticMonitoringData/ELDON6_Data/Week18\ELDON6_20250510_060502.wav,20250510
2133,2136,Geothlypis trichas,Common Yellowthroat,0.0158,D:/AcousticMonitoringData/ELDON6_Data/Week18\ELDON6_20250510_060502.wav,20250510
2136,2139,Geothlypis trichas,Common Yellowthroat,0.1586,D:/AcousticMonitoringData/ELDON6_Data/Week18\ELDON6_20250510_060502.wav,20250510
2136,2139,Spizella pusilla,Field Sparrow,0.0196,D:/AcousticMonitoringData/ELDON6_Data/Week18\ELDON6_20250510_060502.wav,20250510
2139,2142,Geothlypis trichas,Common Yellowthroat,0.0711,D:/AcousticMonitoringData/ELDON6_Data/Week18\ELDON6_20250510_060502.wav,20250510
2139,2142,Spizella pusilla,Field Sparrow,0.0146,D:/AcousticMonitoringData/ELDON6_Data/Week18\ELDON6_20250510_060502.wav,20250510
2142,2145,Geothlypis trichas,Common Yellowthroat,0.051,D:/AcousticMonitoringData/ELDON6_Data/Week18\ELDON6_20250510_060502.wav,20250510
2145,2148,Geothlypis trichas,Common Yellowthroat,0.0174,D:/AcousticMonitoringData/ELDON6_Data/Week18\ELDON6_20250510_060502.wav,20250510
2148,2151,Geothlypis trichas,Common Yellowthroat,0.4327,D:/AcousticMonitoringData/ELDON6_Data/Week18\ELDON6_20250510_060502.wav,20250510
2148,2151,Spizella pusilla,Field Sparrow,0.0326,D:/AcousticMonitoringData/ELDON6_Data/Week18\ELDON6_20250510_060502.wav,20250510
2151,2154,Geothlypis trichas,Common Yellowthroat,0.2489,D:/AcousticMonitoringData/ELDON6_Data/Week18\ELDON6_20250510_060502.wav,20250510
2154,2157,Melospiza melodia,Song Sparrow,0.0377,D:/AcousticMonitoringData/ELDON6_Data/Week18\ELDON6_20250510_060502.wav,20250510
2154,2157,Geothlypis trichas,Common Yellowthroat,0.0283,D:/AcousticMonitoringData/ELDON6_Data/Week18\ELDON6_20250510_060502.wav,20250510
2157,2160,Geothlypis trichas,Common Yellowthroat,0.071,D:/AcousticMonitoringData/ELDON6_Data/Week18\ELDON6_20250510_060502.wav,20250510
2160,2163,Geothlypis trichas,Common Yellowthroat,0.1991,D:/AcousticMonitoringData/ELDON6_Data/Week18\ELDON6_20250510_060502.wav,20250510
2160,2163,Spizella pusilla,Field Sparrow,0.0325,D:/AcousticMonitoringData/ELDON6_Data/Week18\ELDON6_20250510_060502.wav,20250510
2163,2166,Geothlypis trichas,Common Yellowthroat,0.186,D:/AcousticMonitoringData/ELDON6_Data/Week18\ELDON6_20250510_060502.wav,20250510
2166,2169,Geothlypis trichas,Common Yellowthroat,0.0628,D:/AcousticMonitoringData/ELDON6_Data/Week18\ELDON6_20250510_060502.wav,20250510
2166,2169,Spizella pusilla,Field Sparrow,0.0113,D:/AcousticMonitoringData/ELDON6_Data/Week18\ELDON6_20250510_060502.wav,20250510
2169,2172,Spizella pusilla,Field Sparrow,0.0399,D:/AcousticMonitoringData/ELDON6_Data/Week18\ELDON6_20250510_060502.wav,20250510
2169,2172,Geothlypis trichas,Common Yellowthroat,0.0307,D:/AcousticMonitoringData/ELDON6_Data/Week18\ELDON6_20250510_060502.wav,20250510
2169,2172,Sturnella magna,Eastern Meadowlark,0.0226,D:/AcousticMonitoringData/ELDON6_Data/Week18\ELDON6_20250510_060502.wav,20250510
2172,2175,Geothlypis trichas,Common Yellowthroat,0.4421,D:/AcousticMonitoringData/ELDON6_Data/Week18\ELDON6_20250510_060502.wav,20250510
2172,2175,Melospiza melodia,Song Sparrow,0.0111,D:/AcousticMonitoringData/ELDON6_Data/Week18\ELDON6_20250510_060502.wav,20250510
2175,2178,Geothlypis trichas,Common Yellowthroat,0.026,D:/AcousticMonitoringData/ELDON6_Data/Week18\ELDON6_20250510_060502.wav,20250510
2184,2187,Geothlypis trichas,Common Yellowthroat,0.1546,D:/AcousticMonitoringData/ELDON6_Data/Week18\ELDON6_20250510_060502.wav,20250510
2184,2187,Spizella pusilla,Field Sparrow,0.0401,D:/AcousticMonitoringData/ELDON6_Data/Week18\ELDON6_20250510_060502.wav,20250510
2184,2187,Sturnella magna,Eastern Meadowlark,0.0306,D:/AcousticMonitoringData/ELDON6_Data/Week18\ELDON6_20250510_060502.wav,20250510
2187,2190,Geothlypis trichas,Common Yellowthroat,0.0429,D:/AcousticMonitoringData/ELDON6_Data/Week18\ELDON6_20250510_060502.wav,20250510
2190,2193,Geothlypis trichas,Common Yellowthroat,0.0225,D:/AcousticMonitoringData/ELDON6_Data/Week18\ELDON6_20250510_060502.wav,20250510
2193,2196,Geothlypis trichas,Common Yellowthroat,0.0196,D:/AcousticMonitoringData/ELDON6_Data/Week18\ELDON6_20250510_060502.wav,20250510
2196,2199,Geothlypis trichas,Common Yellowthroat,0.1696,D:/AcousticMonitoringData/ELDON6_Data/Week18\ELDON6_20250510_060502.wav,20250510
2196,2199,Spizella pusilla,Field Sparrow,0.0184,D:/AcousticMonitoringData/ELDON6_Data/Week18\ELDON6_20250510_060502.wav,20250510
2208,2211,Geothlypis trichas,Common Yellowthroat,0.0361,D:/AcousticMonitoringData/ELDON6_Data/Week18\ELDON6_20250510_060502.wav,20250510
2208,2211,Spizella pusilla,Field Sparrow,0.031,D:/AcousticMonitoringData/ELDON6_Data/Week18\ELDON6_20250510_060502.wav,20250510
2220,2223,Geothlypis trichas,Common Yellowthroat,0.0339,D:/AcousticMonitoringData/ELDON6_Data/Week18\ELDON6_20250510_060502.wav,20250510
2220,2223,Passerina caerulea,Blue Grosbeak,0.0105,D:/AcousticMonitoringData/ELDON6_Data/Week18\ELDON6_20250510_060502.wav,20250510
2220,2223,Spizella pusilla,Field Sparrow,0.0102,D:/AcousticMonitoringData/ELDON6_Data/Week18\ELDON6_20250510_060502.wav,20250510
2226,2229,Geothlypis trichas,Common Yellowthroat,0.0151,D:/AcousticMonitoringData/ELDON6_Data/Week18\ELDON6_20250510_060502.wav,20250510
2229,2232,Geothlypis trichas,Common Yellowthroat,0.2139,D:/AcousticMonitoringData/ELDON6_Data/Week18\ELDON6_20250510_060502.wav,20250510
2229,2232,Spizella pusilla,Field Sparrow,0.0186,D:/AcousticMonitoringData/ELDON6_Data/Week18\ELDON6_20250510_060502.wav,20250510
2232,2235,Geothlypis trichas,Common Yellowthroat,0.0891,D:/AcousticMonitoringData/ELDON6_Data/Week18\ELDON6_20250510_060502.wav,20250510
2232,2235,Spizella pusilla,Field Sparrow,0.017,D:/AcousticMonitoringData/ELDON6_Data/Week18\ELDON6_20250510_060502.wav,20250510
2241,2244,Geothlypis trichas,Common Yellowthroat,0.2804,D:/AcousticMonitoringData/ELDON6_Data/Week18\ELDON6_20250510_060502.wav,20250510
2241,2244,Spizella pusilla,Field Sparrow,0.0226,D:/AcousticMonitoringData/ELDON6_Data/Week18\ELDON6_20250510_060502.wav,20250510
2247,2250,Geothlypis trichas,Common Yellowthroat,0.0711,D:/AcousticMonitoringData/ELDON6_Data/Week18\ELDON6_20250510_060502.wav,20250510
2250,2253,Geothlypis trichas,Common Yellowthroat,0.0107,D:/AcousticMonitoringData/ELDON6_Data/Week18\ELDON6_20250510_060502.wav,20250510
2253,2256,Geothlypis trichas,Common Yellowthroat,0.2587,D:/AcousticMonitoringData/ELDON6_Data/Week18\ELDON6_20250510_060502.wav,20250510
2253,2256,Spizella pusilla,Field Sparrow,0.0121,D:/AcousticMonitoringData/ELDON6_Data/Week18\ELDON6_20250510_060502.wav,20250510
2256,2259,Geothlypis trichas,Common Yellowthroat,0.0232,D:/AcousticMonitoringData/ELDON6_Data/Week18\ELDON6_20250510_060502.wav,20250510
2259,2262,Geothlypis trichas,Common Yellowthroat,0.0209,D:/AcousticMonitoringData/ELDON6_Data/Week18\ELDON6_20250510_060502.wav,20250510
2262,2265,Geothlypis trichas,Common Yellowthroat,0.376,D:/AcousticMonitoringData/ELDON6_Data/Week18\ELDON6_20250510_060502.wav,20250510
2262,2265,Melospiza melodia,Song Sparrow,0.0321,D:/AcousticMonitoringData/ELDON6_Data/Week18\ELDON6_20250510_060502.wav,20250510
2262,2265,Spizella pusilla,Field Sparrow,0.0158,D:/AcousticMonitoringData/ELDON6_Data/Week18\ELDON6_20250510_060502.wav,20250510
2265,2268,Geothlypis trichas,Common Yellowthroat,0.1364,D:/AcousticMonitoringData/ELDON6_Data/Week18\ELDON6_20250510_060502.wav,20250510
2265,2268,Spizella pusilla,Field Sparrow,0.0347,D:/AcousticMonitoringData/ELDON6_Data/Week18\ELDON6_20250510_060502.wav,20250510
2265,2268,Sturnella magna,Eastern Meadowlark,0.0222,D:/AcousticMonitoringData/ELDON6_Data/Week18\ELDON6_20250510_060502.wav,20250510
2265,2268,Passerina caerulea,Blue Grosbeak,0.0108,D:/AcousticMonitoringData/ELDON6_Data/Week18\ELDON6_20250510_060502.wav,20250510
2268,2271,Geothlypis trichas,Common Yellowthroat,0.0141,D:/AcousticMonitoringData/ELDON6_Data/Week18\ELDON6_20250510_060502.wav,20250510
2271,2274,Geothlypis trichas,Common Yellowthroat,0.0106,D:/AcousticMonitoringData/ELDON6_Data/Week18\ELDON6_20250510_060502.wav,20250510
2274,2277,Geothlypis trichas,Common Yellowthroat,0.5566,D:/AcousticMonitoringData/ELDON6_Data/Week18\ELDON6_20250510_060502.wav,20250510
2277,2280,Geothlypis trichas,Common Yellowthroat,0.0354,D:/AcousticMonitoringData/ELDON6_Data/Week18\ELDON6_20250510_060502.wav,20250510
2280,2283,Geothlypis trichas,Common Yellowthroat,0.0174,D:/AcousticMonitoringData/ELDON6_Data/Week18\ELDON6_20250510_060502.wav,20250510
2280,2283,Spizella pusilla,Field Sparrow,0.0129,D:/AcousticMonitoringData/ELDON6_Data/Week18\ELDON6_20250510_060502.wav,20250510
2286,2289,Geothlypis trichas,Common Yellowthroat,0.0997,D:/AcousticMonitoringData/ELDON6_Data/Week18\ELDON6_20250510_060502.wav,20250510
2286,2289,Spizella pusilla,Field Sparrow,0.0291,D:/AcousticMonitoringData/ELDON6_Data/Week18\ELDON6_20250510_060502.wav,20250510
2289,2292,Geothlypis trichas,Common Yellowthroat,0.0567,D:/AcousticMonitoringData/ELDON6_Data/Week18\ELDON6_20250510_060502.wav,20250510
2289,2292,Spizella pusilla,Field Sparrow,0.0132,D:/AcousticMonitoringData/ELDON6_Data/Week18\ELDON6_20250510_060502.wav,20250510
2292,2295,Spizella pusilla,Field Sparrow,0.0497,D:/AcousticMonitoringData/ELDON6_Data/Week18\ELDON6_20250510_060502.wav,20250510
2292,2295,Geothlypis trichas,Common Yellowthroat,0.0114,D:/AcousticMonitoringData/ELDON6_Data/Week18\ELDON6_20250510_060502.wav,20250510
2295,2298,Geothlypis trichas,Common Yellowthroat,0.0959,D:/AcousticMonitoringData/ELDON6_Data/Week18\ELDON6_20250510_060502.wav,20250510
2295,2298,Spizella pusilla,Field Sparrow,0.0285,D:/AcousticMonitoringData/ELDON6_Data/Week18\ELDON6_20250510_060502.wav,20250510
2298,2301,Geothlypis trichas,Common Yellowthroat,0.0675,D:/AcousticMonitoringData/ELDON6_Data/Week18\ELDON6_20250510_060502.wav,20250510
2298,2301,Spizella pusilla,Field Sparrow,0.0268,D:/AcousticMonitoringData/ELDON6_Data/Week18\ELDON6_20250510_060502.wav,20250510
2298,2301,Sturnella magna,Eastern Meadowlark,0.0131,D:/AcousticMonitoringData/ELDON6_Data/Week18\ELDON6_20250510_060502.wav,20250510
2301,2304,Geothlypis trichas,Common Yellowthroat,0.0282,D:/AcousticMonitoringData/ELDON6_Data/Week18\ELDON6_20250510_060502.wav,20250510
2301,2304,Spizella pusilla,Field Sparrow,0.0189,D:/AcousticMonitoringData/ELDON6_Data/Week18\ELDON6_20250510_060502.wav,20250510
2316,2319,Geothlypis trichas,Common Yellowthroat,0.0109,D:/AcousticMonitoringData/ELDON6_Data/Week18\ELDON6_20250510_060502.wav,20250510
2319,2322,Geothlypis trichas,Common Yellowthroat,0.0102,D:/AcousticMonitoringData/ELDON6_Data/Week18\ELDON6_20250510_060502.wav,20250510
2322,2325,Geothlypis trichas,Common Yellowthroat,0.0127,D:/AcousticMonitoringData/ELDON6_Data/Week18\ELDON6_20250510_060502.wav,20250510
2325,2328,Geothlypis trichas,Common Yellowthroat,0.0245,D:/AcousticMonitoringData/ELDON6_Data/Week18\ELDON6_20250510_060502.wav,20250510
2325,2328,Spizella pusilla,Field Sparrow,0.0189,D:/AcousticMonitoringData/ELDON6_Data/Week18\ELDON6_20250510_060502.wav,20250510
2328,2331,Geothlypis trichas,Common Yellowthroat,0.0174,D:/AcousticMonitoringData/ELDON6_Data/Week18\ELDON6_20250510_060502.wav,20250510
2331,2334,Geothlypis trichas,Common Yellowthroat,0.0769,D:/AcousticMonitoringData/ELDON6_Data/Week18\ELDON6_20250510_060502.wav,20250510
2334,2337,Geothlypis trichas,Common Yellowthroat,0.0107,D:/AcousticMonitoringData/ELDON6_Data/Week18\ELDON6_20250510_060502.wav,20250510
2337,2340,Spizella pusilla,Field Sparrow,0.0518,D:/AcousticMonitoringData/ELDON6_Data/Week18\ELDON6_20250510_060502.wav,20250510
2337,2340,Geothlypis trichas,Common Yellowthroat,0.0363,D:/AcousticMonitoringData/ELDON6_Data/Week18\ELDON6_20250510_060502.wav,20250510
2340,2343,Geothlypis trichas,Common Yellowthroat,0.0552,D:/AcousticMonitoringData/ELDON6_Data/Week18\ELDON6_20250510_060502.wav,20250510
2340,2343,Spizella pusilla,Field Sparrow,0.0536,D:/AcousticMonitoringData/ELDON6_Data/Week18\ELDON6_20250510_060502.wav,20250510
2343,2346,Geothlypis trichas,Common Yellowthroat,0.1692,D:/AcousticMonitoringData/ELDON6_Data/Week18\ELDON6_20250510_060502.wav,20250510
2352,2355,Geothlypis trichas,Common Yellowthroat,0.162,D:/AcousticMonitoringData/ELDON6_Data/Week18\ELDON6_20250510_060502.wav,20250510
2352,2355,Spizella pusilla,Field Sparrow,0.0191,D:/AcousticMonitoringData/ELDON6_Data/Week18\ELDON6_20250510_060502.wav,20250510
2355,2358,Geothlypis trichas,Common Yellowthroat,0.1526,D:/AcousticMonitoringData/ELDON6_Data/Week18\ELDON6_20250510_060502.wav,20250510
2364,2367,Geothlypis trichas,Common Yellowthroat,0.1683,D:/AcousticMonitoringData/ELDON6_Data/Week18\ELDON6_20250510_060502.wav,20250510
2364,2367,Spizella pusilla,Field Sparrow,0.0112,D:/AcousticMonitoringData/ELDON6_Data/Week18\ELDON6_20250510_060502.wav,20250510
2367,2370,Geothlypis trichas,Common Yellowthroat,0.0508,D:/AcousticMonitoringData/ELDON6_Data/Week18\ELDON6_20250510_060502.wav,20250510
2367,2370,Spizella pusilla,Field Sparrow,0.0108,D:/AcousticMonitoringData/ELDON6_Data/Week18\ELDON6_20250510_060502.wav,20250510
2373,2376,Geothlypis trichas,Common Yellowthroat,0.249,D:/AcousticMonitoringData/ELDON6_Data/Week18\ELDON6_20250510_060502.wav,20250510
2382,2385,Geothlypis trichas,Common Yellowthroat,0.0102,D:/AcousticMonitoringData/ELDON6_Data/Week18\ELDON6_20250510_060502.wav,20250510
2385,2388,Geothlypis trichas,Common Yellowthroat,0.02,D:/AcousticMonitoringData/ELDON6_Data/Week18\ELDON6_20250510_060502.wav,20250510
2394,2397,Geothlypis trichas,Common Yellowthroat,0.0673,D:/AcousticMonitoringData/ELDON6_Data/Week18\ELDON6_20250510_060502.wav,20250510
2394,2397,Spizella pusilla,Field Sparrow,0.0197,D:/AcousticMonitoringData/ELDON6_Data/Week18\ELDON6_20250510_060502.wav,20250510
2394,2397,Sturnella magna,Eastern Meadowlark,0.0173,D:/AcousticMonitoringData/ELDON6_Data/Week18\ELDON6_20250510_060502.wav,20250510
2394,2397,Passerina caerulea,Blue Grosbeak,0.012,D:/AcousticMonitoringData/ELDON6_Data/Week18\ELDON6_20250510_060502.wav,20250510
2397,2400,Spizella pusilla,Field Sparrow,0.0625,D:/AcousticMonitoringData/ELDON6_Data/Week18\ELDON6_20250510_060502.wav,20250510
2397,2400,Geothlypis trichas,Common Yellowthroat,0.0165,D:/AcousticMonitoringData/ELDON6_Data/Week18\ELDON6_20250510_060502.wav,20250510
2406,2409,Geothlypis trichas,Common Yellowthroat,0.1652,D:/AcousticMonitoringData/ELDON6_Data/Week18\ELDON6_20250510_060502.wav,20250510
2406,2409,Spizella pusilla,Field Sparrow,0.0205,D:/AcousticMonitoringData/ELDON6_Data/Week18\ELDON6_20250510_060502.wav,20250510
2409,2412,Geothlypis trichas,Common Yellowthroat,0.0284,D:/AcousticMonitoringData/ELDON6_Data/Week18\ELDON6_20250510_060502.wav,20250510
2412,2415,Sturnella magna,Eastern Meadowlark,0.0254,D:/AcousticMonitoringData/ELDON6_Data/Week18\ELDON6_20250510_060502.wav,20250510
2415,2418,Geothlypis trichas,Common Yellowthroat,0.1408,D:/AcousticMonitoringData/ELDON6_Data/Week18\ELDON6_20250510_060502.wav,20250510
2418,2421,Geothlypis trichas,Common Yellowthroat,0.1249,D:/AcousticMonitoringData/ELDON6_Data/Week18\ELDON6_20250510_060502.wav,20250510
2421,2424,Geothlypis trichas,Common Yellowthroat,0.0107,D:/AcousticMonitoringData/ELDON6_Data/Week18\ELDON6_20250510_060502.wav,20250510
2427,2430,Geothlypis trichas,Common Yellowthroat,0.0203,D:/AcousticMonitoringData/ELDON6_Data/Week18\ELDON6_20250510_060502.wav,20250510
2439,2442,Geothlypis trichas,Common Yellowthroat,0.0432,D:/AcousticMonitoringData/ELDON6_Data/Week18\ELDON6_20250510_060502.wav,20250510
2439,2442,Spizella pusilla,Field Sparrow,0.0111,D:/AcousticMonitoringData/ELDON6_Data/Week18\ELDON6_20250510_060502.wav,20250510
2451,2454,Geothlypis trichas,Common Yellowthroat,0.0179,D:/AcousticMonitoringData/ELDON6_Data/Week18\ELDON6_20250510_060502.wav,20250510
2451,2454,Passerina caerulea,Blue Grosbeak,0.0119,D:/AcousticMonitoringData/ELDON6_Data/Week18\ELDON6_20250510_060502.wav,20250510
2454,2457,Spizella pusilla,Field Sparrow,0.0138,D:/AcousticMonitoringData/ELDON6_Data/Week18\ELDON6_20250510_060502.wav,20250510
2454,2457,Geothlypis trichas,Common Yellowthroat,0.0123,D:/AcousticMonitoringData/ELDON6_Data/Week18\ELDON6_20250510_060502.wav,20250510
2460,2463,Spizella pusilla,Field Sparrow,0.0119,D:/AcousticMonitoringData/ELDON6_Data/Week18\ELDON6_20250510_060502.wav,20250510
2463,2466,Passerina caerulea,Blue Grosbeak,0.0222,D:/AcousticMonitoringData/ELDON6_Data/Week18\ELDON6_20250510_060502.wav,20250510
2466,2469,Geothlypis trichas,Common Yellowthroat,0.016,D:/AcousticMonitoringData/ELDON6_Data/Week18\ELDON6_20250510_060502.wav,20250510
2466,2469,Spizella pusilla,Field Sparrow,0.0143,D:/AcousticMonitoringData/ELDON6_Data/Week18\ELDON6_20250510_060502.wav,20250510
2466,2469,Passerina caerulea,Blue Grosbeak,0.0113,D:/AcousticMonitoringData/ELDON6_Data/Week18\ELDON6_20250510_060502.wav,20250510
2484,2487,Geothlypis trichas,Common Yellowthroat,0.0526,D:/AcousticMonitoringData/ELDON6_Data/Week18\ELDON6_20250510_060502.wav,20250510
2484,2487,Spizella pusilla,Field Sparrow,0.0166,D:/AcousticMonitoringData/ELDON6_Data/Week18\ELDON6_20250510_060502.wav,20250510
2502,2505,Geothlypis trichas,Common Yellowthroat,0.0419,D:/AcousticMonitoringData/ELDON6_Data/Week18\ELDON6_20250510_060502.wav,20250510
2502,2505,Spizella pusilla,Field Sparrow,0.033,D:/AcousticMonitoringData/ELDON6_Data/Week18\ELDON6_20250510_060502.wav,20250510
2502,2505,Passerina caerulea,Blue Grosbeak,0.0219,D:/AcousticMonitoringData/ELDON6_Data/Week18\ELDON6_20250510_060502.wav,20250510
2502,2505,Sturnella magna,Eastern Meadowlark,0.0153,D:/AcousticMonitoringData/ELDON6_Data/Week18\ELDON6_20250510_060502.wav,20250510
2511,2514,Geothlypis trichas,Common Yellowthroat,0.0137,D:/AcousticMonitoringData/ELDON6_Data/Week18\ELDON6_20250510_060502.wav,20250510
2511,2514,Sturnella magna,Eastern Meadowlark,0.0131,D:/AcousticMonitoringData/ELDON6_Data/Week18\ELDON6_20250510_060502.wav,20250510
2511,2514,Spizella pusilla,Field Sparrow,0.0116,D:/AcousticMonitoringData/ELDON6_Data/Week18\ELDON6_20250510_060502.wav,20250510
2514,2517,Geothlypis trichas,Common Yellowthroat,0.1469,D:/AcousticMonitoringData/ELDON6_Data/Week18\ELDON6_20250510_060502.wav,20250510
2514,2517,Spizella pusilla,Field Sparrow,0.0171,D:/AcousticMonitoringData/ELDON6_Data/Week18\ELDON6_20250510_060502.wav,20250510
2520,2523,Spizella pusilla,Field Sparrow,0.0112,D:/AcousticMonitoringData/ELDON6_Data/Week18\ELDON6_20250510_060502.wav,20250510
2523,2526,Geothlypis trichas,Common Yellowthroat,0.0424,D:/AcousticMonitoringData/ELDON6_Data/Week18\ELDON6_20250510_060502.wav,20250510
2523,2526,Spizella pusilla,Field Sparrow,0.02,D:/AcousticMonitoringData/ELDON6_Data/Week18\ELDON6_20250510_060502.wav,20250510
2529,2532,Spizella pusilla,Field Sparrow,0.0151,D:/AcousticMonitoringData/ELDON6_Data/Week18\ELDON6_20250510_060502.wav,20250510
2535,2538,Geothlypis trichas,Common Yellowthroat,0.0544,D:/AcousticMonitoringData/ELDON6_Data/Week18\ELDON6_20250510_060502.wav,20250510
2535,2538,Spizella pusilla,Field Sparrow,0.031,D:/AcousticMonitoringData/ELDON6_Data/Week18\ELDON6_20250510_060502.wav,20250510
2541,2544,Spizella pusilla,Field Sparrow,0.0229,D:/AcousticMonitoringData/ELDON6_Data/Week18\ELDON6_20250510_060502.wav,20250510
2541,2544,Passerina caerulea,Blue Grosbeak,0.0173,D:/AcousticMonitoringData/ELDON6_Data/Week18\ELDON6_20250510_060502.wav,20250510
2547,2550,Geothlypis trichas,Common Yellowthroat,0.0816,D:/AcousticMonitoringData/ELDON6_Data/Week18\ELDON6_20250510_060502.wav,20250510
2547,2550,Spizella pusilla,Field Sparrow,0.0135,D:/AcousticMonitoringData/ELDON6_Data/Week18\ELDON6_20250510_060502.wav,20250510
2559,2562,Geothlypis trichas,Common Yellowthroat,0.0817,D:/AcousticMonitoringData/ELDON6_Data/Week18\ELDON6_20250510_060502.wav,20250510
2559,2562,Spizella pusilla,Field Sparrow,0.0189,D:/AcousticMonitoringData/ELDON6_Data/Week18\ELDON6_20250510_060502.wav,20250510
2568,2571,Geothlypis trichas,Common Yellowthroat,0.0859,D:/AcousticMonitoringData/ELDON6_Data/Week18\ELDON6_20250510_060502.wav,20250510
2568,2571,Spizella pusilla,Field Sparrow,0.0272,D:/AcousticMonitoringData/ELDON6_Data/Week18\ELDON6_20250510_060502.wav,20250510
2568,2571,Passerina caerulea,Blue Grosbeak,0.0111,D:/AcousticMonitoringData/ELDON6_Data/Week18\ELDON6_20250510_060502.wav,20250510
2577,2580,Geothlypis trichas,Common Yellowthroat,0.0174,D:/AcousticMonitoringData/ELDON6_Data/Week18\ELDON6_20250510_060502.wav,20250510
2577,2580,Spizella pusilla,Field Sparrow,0.01,D:/AcousticMonitoringData/ELDON6_Data/Week18\ELDON6_20250510_060502.wav,20250510
2580,2583,Geothlypis trichas,Common Yellowthroat,0.0593,D:/AcousticMonitoringData/ELDON6_Data/Week18\ELDON6_20250510_060502.wav,20250510
2589,2592,Geothlypis trichas,Common Yellowthroat,0.0774,D:/AcousticMonitoringData/ELDON6_Data/Week18\ELDON6_20250510_060502.wav,20250510
2592,2595,Spizella pusilla,Field Sparrow,0.0197,D:/AcousticMonitoringData/ELDON6_Data/Week18\ELDON6_20250510_060502.wav,20250510
2592,2595,Geothlypis trichas,Common Yellowthroat,0.0179,D:/AcousticMonitoringData/ELDON6_Data/Week18\ELDON6_20250510_060502.wav,20250510
2595,2598,Spizella pusilla,Field Sparrow,0.0126,D:/AcousticMonitoringData/ELDON6_Data/Week18\ELDON6_20250510_060502.wav,20250510
2598,2601,Geothlypis trichas,Common Yellowthroat,0.0158,D:/AcousticMonitoringData/ELDON6_Data/Week18\ELDON6_20250510_060502.wav,20250510
2601,2604,Geothlypis trichas,Common Yellowthroat,0.0995,D:/AcousticMonitoringData/ELDON6_Data/Week18\ELDON6_20250510_060502.wav,20250510
2601,2604,Spizella pusilla,Field Sparrow,0.0288,D:/AcousticMonitoringData/ELDON6_Data/Week18\ELDON6_20250510_060502.wav,20250510
2604,2607,Spizella pusilla,Field Sparrow,0.0122,D:/AcousticMonitoringData/ELDON6_Data/Week18\ELDON6_20250510_060502.wav,20250510
2604,2607,Geothlypis trichas,Common Yellowthroat,0.012,D:/AcousticMonitoringData/ELDON6_Data/Week18\ELDON6_20250510_060502.wav,20250510
2613,2616,Geothlypis trichas,Common Yellowthroat,0.095,D:/AcousticMonitoringData/ELDON6_Data/Week18\ELDON6_20250510_060502.wav,20250510
2613,2616,Spizella pusilla,Field Sparrow,0.0113,D:/AcousticMonitoringData/ELDON6_Data/Week18\ELDON6_20250510_060502.wav,20250510
2616,2619,Geothlypis trichas,Common Yellowthroat,0.0182,D:/AcousticMonitoringData/ELDON6_Data/Week18\ELDON6_20250510_060502.wav,20250510
2619,2622,Spizella pusilla,Field Sparrow,0.0117,D:/AcousticMonitoringData/ELDON6_Data/Week18\ELDON6_20250510_060502.wav,20250510
2619,2622,Geothlypis trichas,Common Yellowthroat,0.0101,D:/AcousticMonitoringData/ELDON6_Data/Week18\ELDON6_20250510_060502.wav,20250510
2622,2625,Spizella pusilla,Field Sparrow,0.0735,D:/AcousticMonitoringData/ELDON6_Data/Week18\ELDON6_20250510_060502.wav,20250510
2622,2625,Geothlypis trichas,Common Yellowthroat,0.0113,D:/AcousticMonitoringData/ELDON6_Data/Week18\ELDON6_20250510_060502.wav,20250510
2625,2628,Geothlypis trichas,Common Yellowthroat,0.0607,D:/AcousticMonitoringData/ELDON6_Data/Week18\ELDON6_20250510_060502.wav,20250510
2625,2628,Spizella pusilla,Field Sparrow,0.0276,D:/AcousticMonitoringData/ELDON6_Data/Week18\ELDON6_20250510_060502.wav,20250510
2628,2631,Geothlypis trichas,Common Yellowthroat,0.0139,D:/AcousticMonitoringData/ELDON6_Data/Week18\ELDON6_20250510_060502.wav,20250510
2634,2637,Geothlypis trichas,Common Yellowthroat,0.0315,D:/AcousticMonitoringData/ELDON6_Data/Week18\ELDON6_20250510_060502.wav,20250510
2637,2640,Geothlypis trichas,Common Yellowthroat,0.2263,D:/AcousticMonitoringData/ELDON6_Data/Week18\ELDON6_20250510_060502.wav,20250510
2637,2640,Spizella pusilla,Field Sparrow,0.0444,D:/AcousticMonitoringData/ELDON6_Data/Week18\ELDON6_20250510_060502.wav,20250510
2637,2640,Sturnella magna,Eastern Meadowlark,0.0117,D:/AcousticMonitoringData/ELDON6_Data/Week18\ELDON6_20250510_060502.wav,20250510
2640,2643,Geothlypis trichas,Common Yellowthroat,0.0177,D:/AcousticMonitoringData/ELDON6_Data/Week18\ELDON6_20250510_060502.wav,20250510
2643,2646,Geothlypis trichas,Common Yellowthroat,0.0218,D:/AcousticMonitoringData/ELDON6_Data/Week18\ELDON6_20250510_060502.wav,20250510
2643,2646,Melospiza melodia,Song Sparrow,0.0115,D:/AcousticMonitoringData/ELDON6_Data/Week18\ELDON6_20250510_060502.wav,20250510
2646,2649,Geothlypis trichas,Common Yellowthroat,0.1321,D:/AcousticMonitoringData/ELDON6_Data/Week18\ELDON6_20250510_060502.wav,20250510
2646,2649,Spizella pusilla,Field Sparrow,0.0342,D:/AcousticMonitoringData/ELDON6_Data/Week18\ELDON6_20250510_060502.wav,20250510
2646,2649,Passerina caerulea,Blue Grosbeak,0.0109,D:/AcousticMonitoringData/ELDON6_Data/Week18\ELDON6_20250510_060502.wav,20250510
2649,2652,Geothlypis trichas,Common Yellowthroat,0.1445,D:/AcousticMonitoringData/ELDON6_Data/Week18\ELDON6_20250510_060502.wav,20250510
2655,2658,Geothlypis trichas,Common Yellowthroat,0.0205,D:/AcousticMonitoringData/ELDON6_Data/Week18\ELDON6_20250510_060502.wav,20250510
2658,2661,Geothlypis trichas,Common Yellowthroat,0.4078,D:/AcousticMonitoringData/ELDON6_Data/Week18\ELDON6_20250510_060502.wav,20250510
2658,2661,Spizella pusilla,Field Sparrow,0.03,D:/AcousticMonitoringData/ELDON6_Data/Week18\ELDON6_20250510_060502.wav,20250510
2661,2664,Geothlypis trichas,Common Yellowthroat,0.0521,D:/AcousticMonitoringData/ELDON6_Data/Week18\ELDON6_20250510_060502.wav,20250510
2664,2667,Geothlypis trichas,Common Yellowthroat,0.0174,D:/AcousticMonitoringData/ELDON6_Data/Week18\ELDON6_20250510_060502.wav,20250510
2664,2667,Spizella pusilla,Field Sparrow,0.013,D:/AcousticMonitoringData/ELDON6_Data/Week18\ELDON6_20250510_060502.wav,20250510
2670,2673,Geothlypis trichas,Common Yellowthroat,0.0982,D:/AcousticMonitoringData/ELDON6_Data/Week18\ELDON6_20250510_060502.wav,20250510
2676,2679,Geothlypis trichas,Common Yellowthroat,0.0187,D:/AcousticMonitoringData/ELDON6_Data/Week18\ELDON6_20250510_060502.wav,20250510
2679,2682,Geothlypis trichas,Common Yellowthroat,0.2247,D:/AcousticMonitoringData/ELDON6_Data/Week18\ELDON6_20250510_060502.wav,20250510
2679,2682,Spizella pusilla,Field Sparrow,0.0261,D:/AcousticMonitoringData/ELDON6_Data/Week18\ELDON6_20250510_060502.wav,20250510
2682,2685,Geothlypis trichas,Common Yellowthroat,0.1404,D:/AcousticMonitoringData/ELDON6_Data/Week18\ELDON6_20250510_060502.wav,20250510
2682,2685,Spizella pusilla,Field Sparrow,0.0164,D:/AcousticMonitoringData/ELDON6_Data/Week18\ELDON6_20250510_060502.wav,20250510
2688,2691,Geothlypis trichas,Common Yellowthroat,0.0101,D:/AcousticMonitoringData/ELDON6_Data/Week18\ELDON6_20250510_060502.wav,20250510
2694,2697,Geothlypis trichas,Common Yellowthroat,0.1858,D:/AcousticMonitoringData/ELDON6_Data/Week18\ELDON6_20250510_060502.wav,20250510
2694,2697,Melospiza melodia,Song Sparrow,0.015,D:/AcousticMonitoringData/ELDON6_Data/Week18\ELDON6_20250510_060502.wav,20250510
2694,2697,Spizella pusilla,Field Sparrow,0.0124,D:/AcousticMonitoringData/ELDON6_Data/Week18\ELDON6_20250510_060502.wav,20250510
2703,2706,Geothlypis trichas,Common Yellowthroat,0.4582,D:/AcousticMonitoringData/ELDON6_Data/Week18\ELDON6_20250510_060502.wav,20250510
2706,2709,Geothlypis trichas,Common Yellowthroat,0.0153,D:/AcousticMonitoringData/ELDON6_Data/Week18\ELDON6_20250510_060502.wav,20250510
2706,2709,Spizella pusilla,Field Sparrow,0.0114,D:/AcousticMonitoringData/ELDON6_Data/Week18\ELDON6_20250510_060502.wav,20250510
2709,2712,Geothlypis trichas,Common Yellowthroat,0.0135,D:/AcousticMonitoringData/ELDON6_Data/Week18\ELDON6_20250510_060502.wav,20250510
2715,2718,Geothlypis trichas,Common Yellowthroat,0.2293,D:/AcousticMonitoringData/ELDON6_Data/Week18\ELDON6_20250510_060502.wav,20250510
2715,2718,Spizella pusilla,Field Sparrow,0.0121,D:/AcousticMonitoringData/ELDON6_Data/Week18\ELDON6_20250510_060502.wav,20250510
2718,2721,Geothlypis trichas,Common Yellowthroat,0.0943,D:/AcousticMonitoringData/ELDON6_Data/Week18\ELDON6_20250510_060502.wav,20250510
2721,2724,Spizella pusilla,Field Sparrow,0.0133,D:/AcousticMonitoringData/ELDON6_Data/Week18\ELDON6_20250510_060502.wav,20250510
2727,2730,Geothlypis trichas,Common Yellowthroat,0.0496,D:/AcousticMonitoringData/ELDON6_Data/Week18\ELDON6_20250510_060502.wav,20250510
2727,2730,Spizella pusilla,Field Sparrow,0.0176,D:/AcousticMonitoringData/ELDON6_Data/Week18\ELDON6_20250510_060502.wav,20250510
2730,2733,Geothlypis trichas,Common Yellowthroat,0.0179,D:/AcousticMonitoringData/ELDON6_Data/Week18\ELDON6_20250510_060502.wav,20250510
2733,2736,Geothlypis trichas,Common Yellowthroat,0.0108,D:/AcousticMonitoringData/ELDON6_Data/Week18\ELDON6_20250510_060502.wav,20250510
2739,2742,Geothlypis trichas,Common Yellowthroat,0.3308,D:/AcousticMonitoringData/ELDON6_Data/Week18\ELDON6_20250510_060502.wav,20250510
2739,2742,Spizella pusilla,Field Sparrow,0.0207,D:/AcousticMonitoringData/ELDON6_Data/Week18\ELDON6_20250510_060502.wav,20250510
2742,2745,Geothlypis trichas,Common Yellowthroat,0.0193,D:/AcousticMonitoringData/ELDON6_Data/Week18\ELDON6_20250510_060502.wav,20250510
2745,2748,Geothlypis trichas,Common Yellowthroat,0.0126,D:/AcousticMonitoringData/ELDON6_Data/Week18\ELDON6_20250510_060502.wav,20250510
2748,2751,Geothlypis trichas,Common Yellowthroat,0.0205,D:/AcousticMonitoringData/ELDON6_Data/Week18\ELDON6_20250510_060502.wav,20250510
2751,2754,Geothlypis trichas,Common Yellowthroat,0.4634,D:/AcousticMonitoringData/ELDON6_Data/Week18\ELDON6_20250510_060502.wav,20250510
2751,2754,Spizella pusilla,Field Sparrow,0.017,D:/AcousticMonitoringData/ELDON6_Data/Week18\ELDON6_20250510_060502.wav,20250510
2751,2754,Melospiza melodia,Song Sparrow,0.0102,D:/AcousticMonitoringData/ELDON6_Data/Week18\ELDON6_20250510_060502.wav,20250510
2757,2760,Geothlypis trichas,Common Yellowthroat,0.0218,D:/AcousticMonitoringData/ELDON6_Data/Week18\ELDON6_20250510_060502.wav,20250510
2760,2763,Geothlypis trichas,Common Yellowthroat,0.113,D:/AcousticMonitoringData/ELDON6_Data/Week18\ELDON6_20250510_060502.wav,20250510
2760,2763,Spizella pusilla,Field Sparrow,0.0139,D:/AcousticMonitoringData/ELDON6_Data/Week18\ELDON6_20250510_060502.wav,20250510
2760,2763,Sturnella magna,Eastern Meadowlark,0.0112,D:/AcousticMonitoringData/ELDON6_Data/Week18\ELDON6_20250510_060502.wav,20250510
2763,2766,Geothlypis trichas,Common Yellowthroat,0.1802,D:/AcousticMonitoringData/ELDON6_Data/Week18\ELDON6_20250510_060502.wav,20250510
2766,2769,Geothlypis trichas,Common Yellowthroat,0.0176,D:/AcousticMonitoringData/ELDON6_Data/Week18\ELDON6_20250510_060502.wav,20250510
2772,2775,Geothlypis trichas,Common Yellowthroat,0.0301,D:/AcousticMonitoringData/ELDON6_Data/Week18\ELDON6_20250510_060502.wav,20250510
2775,2778,Geothlypis trichas,Common Yellowthroat,0.0404,D:/AcousticMonitoringData/ELDON6_Data/Week18\ELDON6_20250510_060502.wav,20250510
2784,2787,Spizella pusilla,Field Sparrow,0.0208,D:/AcousticMonitoringData/ELDON6_Data/Week18\ELDON6_20250510_060502.wav,20250510
2787,2790,Geothlypis trichas,Common Yellowthroat,0.0349,D:/AcousticMonitoringData/ELDON6_Data/Week18\ELDON6_20250510_060502.wav,20250510
2787,2790,Passerina caerulea,Blue Grosbeak,0.0142,D:/AcousticMonitoringData/ELDON6_Data/Week18\ELDON6_20250510_060502.wav,20250510
2796,2799,Spizella pusilla,Field Sparrow,0.0105,D:/AcousticMonitoringData/ELDON6_Data/Week18\ELDON6_20250510_060502.wav,20250510
2799,2802,Sturnella magna,Eastern Meadowlark,0.0782,D:/AcousticMonitoringData/ELDON6_Data/Week18\ELDON6_20250510_060502.wav,20250510
2799,2802,Spizella pusilla,Field Sparrow,0.0111,D:/AcousticMonitoringData/ELDON6_Data/Week18\ELDON6_20250510_060502.wav,20250510
2805,2808,Spizella pusilla,Field Sparrow,0.0171,D:/AcousticMonitoringData/ELDON6_Data/Week18\ELDON6_20250510_060502.wav,20250510
2805,2808,Geothlypis trichas,Common Yellowthroat,0.013,D:/AcousticMonitoringData/ELDON6_Data/Week18\ELDON6_20250510_060502.wav,20250510
2811,2814,Spizella pusilla,Field Sparrow,0.0101,D:/AcousticMonitoringData/ELDON6_Data/Week18\ELDON6_20250510_060502.wav,20250510
2814,2817,Sturnella magna,Eastern Meadowlark,0.0238,D:/AcousticMonitoringData/ELDON6_Data/Week18\ELDON6_20250510_060502.wav,20250510
2814,2817,Spizella pusilla,Field Sparrow,0.0178,D:/AcousticMonitoringData/ELDON6_Data/Week18\ELDON6_20250510_060502.wav,20250510
2820,2823,Sturnella magna,Eastern Meadowlark,0.1783,D:/AcousticMonitoringData/ELDON6_Data/Week18\ELDON6_20250510_060502.wav,20250510
2820,2823,Spizella pusilla,Field Sparrow,0.0114,D:/AcousticMonitoringData/ELDON6_Data/Week18\ELDON6_20250510_060502.wav,20250510
2823,2826,Geothlypis trichas,Common Yellowthroat,0.0205,D:/AcousticMonitoringData/ELDON6_Data/Week18\ELDON6_20250510_060502.wav,20250510
2823,2826,Spizella pusilla,Field Sparrow,0.0103,D:/AcousticMonitoringData/ELDON6_Data/Week18\ELDON6_20250510_060502.wav,20250510
2826,2829,Spizella pusilla,Field Sparrow,0.0181,D:/AcousticMonitoringData/ELDON6_Data/Week18\ELDON6_20250510_060502.wav,20250510
2826,2829,Geothlypis trichas,Common Yellowthroat,0.0113,D:/AcousticMonitoringData/ELDON6_Data/Week18\ELDON6_20250510_060502.wav,20250510
2832,2835,Spizella pusilla,Field Sparrow,0.0105,D:/AcousticMonitoringData/ELDON6_Data/Week18\ELDON6_20250510_060502.wav,20250510
2838,2841,Spizella pusilla,Field Sparrow,0.0214,D:/AcousticMonitoringData/ELDON6_Data/Week18\ELDON6_20250510_060502.wav,20250510
2853,2856,Geothlypis trichas,Common Yellowthroat,0.2762,D:/AcousticMonitoringData/ELDON6_Data/Week18\ELDON6_20250510_060502.wav,20250510
2853,2856,Melospiza melodia,Song Sparrow,0.0124,D:/AcousticMonitoringData/ELDON6_Data/Week18\ELDON6_20250510_060502.wav,20250510
2853,2856,Spizella pusilla,Field Sparrow,0.0111,D:/AcousticMonitoringData/ELDON6_Data/Week18\ELDON6_20250510_060502.wav,20250510
2859,2862,Geothlypis trichas,Common Yellowthroat,0.0142,D:/AcousticMonitoringData/ELDON6_Data/Week18\ELDON6_20250510_060502.wav,20250510
2862,2865,Geothlypis trichas,Common Yellowthroat,0.102,D:/AcousticMonitoringData/ELDON6_Data/Week18\ELDON6_20250510_060502.wav,20250510
2865,2868,Geothlypis trichas,Common Yellowthroat,0.0365,D:/AcousticMonitoringData/ELDON6_Data/Week18\ELDON6_20250510_060502.wav,20250510
2865,2868,Sturnella magna,Eastern Meadowlark,0.0207,D:/AcousticMonitoringData/ELDON6_Data/Week18\ELDON6_20250510_060502.wav,20250510
2865,2868,Spizella pusilla,Field Sparrow,0.0202,D:/AcousticMonitoringData/ELDON6_Data/Week18\ELDON6_20250510_060502.wav,20250510
2865,2868,Passerina caerulea,Blue Grosbeak,0.0103,D:/AcousticMonitoringData/ELDON6_Data/Week18\ELDON6_20250510_060502.wav,20250510
2868,2871,Spizella pusilla,Field Sparrow,0.0124,D:/AcousticMonitoringData/ELDON6_Data/Week18\ELDON6_20250510_060502.wav,20250510
2871,2874,Spizella pusilla,Field Sparrow,0.0346,D:/AcousticMonitoringData/ELDON6_Data/Week18\ELDON6_20250510_060502.wav,20250510
2871,2874,Geothlypis trichas,Common Yellowthroat,0.0252,D:/AcousticMonitoringData/ELDON6_Data/Week18\ELDON6_20250510_060502.wav,20250510
2871,2874,Passerina caerulea,Blue Grosbeak,0.0112,D:/AcousticMonitoringData/ELDON6_Data/Week18\ELDON6_20250510_060502.wav,20250510
2874,2877,Geothlypis trichas,Common Yellowthroat,0.136,D:/AcousticMonitoringData/ELDON6_Data/Week18\ELDON6_20250510_060502.wav,20250510
2877,2880,Spizella pusilla,Field Sparrow,0.0287,D:/AcousticMonitoringData/ELDON6_Data/Week18\ELDON6_20250510_060502.wav,20250510
2880,2883,Spizella pusilla,Field Sparrow,0.0228,D:/AcousticMonitoringData/ELDON6_Data/Week18\ELDON6_20250510_060502.wav,20250510
2880,2883,Geothlypis trichas,Common Yellowthroat,0.012,D:/AcousticMonitoringData/ELDON6_Data/Week18\ELDON6_20250510_060502.wav,20250510
2883,2886,Geothlypis trichas,Common Yellowthroat,0.0338,D:/AcousticMonitoringData/ELDON6_Data/Week18\ELDON6_20250510_060502.wav,20250510
2883,2886,Spizella pusilla,Field Sparrow,0.033,D:/AcousticMonitoringData/ELDON6_Data/Week18\ELDON6_20250510_060502.wav,20250510
2886,2889,Geothlypis trichas,Common Yellowthroat,0.016,D:/AcousticMonitoringData/ELDON6_Data/Week18\ELDON6_20250510_060502.wav,20250510
2886,2889,Spizella pusilla,Field Sparrow,0.0156,D:/AcousticMonitoringData/ELDON6_Data/Week18\ELDON6_20250510_060502.wav,20250510
2889,2892,Spizella pusilla,Field Sparrow,0.0268,D:/AcousticMonitoringData/ELDON6_Data/Week18\ELDON6_20250510_060502.wav,20250510
2889,2892,Sturnella magna,Eastern Meadowlark,0.0184,D:/AcousticMonitoringData/ELDON6_Data/Week18\ELDON6_20250510_060502.wav,20250510
2892,2895,Geothlypis trichas,Common Yellowthroat,0.0893,D:/AcousticMonitoringData/ELDON6_Data/Week18\ELDON6_20250510_060502.wav,20250510
2892,2895,Spizella pusilla,Field Sparrow,0.021,D:/AcousticMonitoringData/ELDON6_Data/Week18\ELDON6_20250510_060502.wav,20250510
2895,2898,Geothlypis trichas,Common Yellowthroat,0.0145,D:/AcousticMonitoringData/ELDON6_Data/Week18\ELDON6_20250510_060502.wav,20250510
2898,2901,Geothlypis trichas,Common Yellowthroat,0.0296,D:/AcousticMonitoringData/ELDON6_Data/Week18\ELDON6_20250510_060502.wav,20250510
2898,2901,Spizella pusilla,Field Sparrow,0.0154,D:/AcousticMonitoringData/ELDON6_Data/Week18\ELDON6_20250510_060502.wav,20250510
2901,2904,Sturnella magna,Eastern Meadowlark,0.3171,D:/AcousticMonitoringData/ELDON6_Data/Week18\ELDON6_20250510_060502.wav,20250510
2910,2913,Geothlypis trichas,Common Yellowthroat,0.044,D:/AcousticMonitoringData/ELDON6_Data/Week18\ELDON6_20250510_060502.wav,20250510
2910,2913,Spizella pusilla,Field Sparrow,0.0101,D:/AcousticMonitoringData/ELDON6_Data/Week18\ELDON6_20250510_060502.wav,20250510
2913,2916,Geothlypis trichas,Common Yellowthroat,0.1536,D:/AcousticMonitoringData/ELDON6_Data/Week18\ELDON6_20250510_060502.wav,20250510
2913,2916,Spizella pusilla,Field Sparrow,0.0299,D:/AcousticMonitoringData/ELDON6_Data/Week18\ELDON6_20250510_060502.wav,20250510
2916,2919,Spizella pusilla,Field Sparrow,0.0126,D:/AcousticMonitoringData/ELDON6_Data/Week18\ELDON6_20250510_060502.wav,20250510
2916,2919,Geothlypis trichas,Common Yellowthroat,0.0112,D:/AcousticMonitoringData/ELDON6_Data/Week18\ELDON6_20250510_060502.wav,20250510
2919,2922,Spizella pusilla,Field Sparrow,0.031,D:/AcousticMonitoringData/ELDON6_Data/Week18\ELDON6_20250510_060502.wav,20250510
2919,2922,Geothlypis trichas,Common Yellowthroat,0.0214,D:/AcousticMonitoringData/ELDON6_Data/Week18\ELDON6_20250510_060502.wav,20250510
2919,2922,Sturnella magna,Eastern Meadowlark,0.0177,D:/AcousticMonitoringData/ELDON6_Data/Week18\ELDON6_20250510_060502.wav,20250510
2922,2925,Geothlypis trichas,Common Yellowthroat,0.0386,D:/AcousticMonitoringData/ELDON6_Data/Week18\ELDON6_20250510_060502.wav,20250510
2925,2928,Geothlypis trichas,Common Yellowthroat,0.1309,D:/AcousticMonitoringData/ELDON6_Data/Week18\ELDON6_20250510_060502.wav,20250510
2925,2928,Spizella pusilla,Field Sparrow,0.0219,D:/AcousticMonitoringData/ELDON6_Data/Week18\ELDON6_20250510_060502.wav,20250510
2925,2928,Sturnella magna,Eastern Meadowlark,0.0125,D:/AcousticMonitoringData/ELDON6_Data/Week18\ELDON6_20250510_060502.wav,20250510
2928,2931,Geothlypis trichas,Common Yellowthroat,0.0382,D:/AcousticMonitoringData/ELDON6_Data/Week18\ELDON6_20250510_060502.wav,20250510
2931,2934,Sturnella magna,Eastern Meadowlark,0.0709,D:/AcousticMonitoringData/ELDON6_Data/Week18\ELDON6_20250510_060502.wav,20250510
2931,2934,Geothlypis trichas,Common Yellowthroat,0.0165,D:/AcousticMonitoringData/ELDON6_Data/Week18\ELDON6_20250510_060502.wav,20250510
2931,2934,Spizella pusilla,Field Sparrow,0.0115,D:/AcousticMonitoringData/ELDON6_Data/Week18\ELDON6_20250510_060502.wav,20250510
2934,2937,Geothlypis trichas,Common Yellowthroat,0.1819,D:/AcousticMonitoringData/ELDON6_Data/Week18\ELDON6_20250510_060502.wav,20250510
2934,2937,Spizella pusilla,Field Sparrow,0.0162,D:/AcousticMonitoringData/ELDON6_Data/Week18\ELDON6_20250510_060502.wav,20250510
2937,2940,Geothlypis trichas,Common Yellowthroat,0.0189,D:/AcousticMonitoringData/ELDON6_Data/Week18\ELDON6_20250510_060502.wav,20250510
2937,2940,Spizella pusilla,Field Sparrow,0.0153,D:/AcousticMonitoringData/ELDON6_Data/Week18\ELDON6_20250510_060502.wav,20250510
2940,2943,Sturnella magna,Eastern Meadowlark,0.0534,D:/AcousticMonitoringData/ELDON6_Data/Week18\ELDON6_20250510_060502.wav,20250510
2940,2943,Geothlypis trichas,Common Yellowthroat,0.0251,D:/AcousticMonitoringData/ELDON6_Data/Week18\ELDON6_20250510_060502.wav,20250510
2943,2946,Geothlypis trichas,Common Yellowthroat,0.3614,D:/AcousticMonitoringData/ELDON6_Data/Week18\ELDON6_20250510_060502.wav,20250510
2943,2946,Spizella pusilla,Field Sparrow,0.0174,D:/AcousticMonitoringData/ELDON6_Data/Week18\ELDON6_20250510_060502.wav,20250510
2946,2949,Sturnella magna,Eastern Meadowlark,0.0167,D:/AcousticMonitoringData/ELDON6_Data/Week18\ELDON6_20250510_060502.wav,20250510
2949,2952,Geothlypis trichas,Common Yellowthroat,0.0145,D:/AcousticMonitoringData/ELDON6_Data/Week18\ELDON6_20250510_060502.wav,20250510
2952,2955,Geothlypis trichas,Common Yellowthroat,0.0964,D:/AcousticMonitoringData/ELDON6_Data/Week18\ELDON6_20250510_060502.wav,20250510
2952,2955,Spizella pusilla,Field Sparrow,0.0195,D:/AcousticMonitoringData/ELDON6_Data/Week18\ELDON6_20250510_060502.wav,20250510
2955,2958,Geothlypis trichas,Common Yellowthroat,0.1055,D:/AcousticMonitoringData/ELDON6_Data/Week18\ELDON6_20250510_060502.wav,20250510
2958,2961,Geothlypis trichas,Common Yellowthroat,0.0338,D:/AcousticMonitoringData/ELDON6_Data/Week18\ELDON6_20250510_060502.wav,20250510
2961,2964,Geothlypis trichas,Common Yellowthroat,0.0131,D:/AcousticMonitoringData/ELDON6_Data/Week18\ELDON6_20250510_060502.wav,20250510
2964,2967,Geothlypis trichas,Common Yellowthroat,0.054,D:/AcousticMonitoringData/ELDON6_Data/Week18\ELDON6_20250510_060502.wav,20250510
2964,2967,Spizella pusilla,Field Sparrow,0.0212,D:/AcousticMonitoringData/ELDON6_Data/Week18\ELDON6_20250510_060502.wav,20250510
2964,2967,Passerina caerulea,Blue Grosbeak,0.0143,D:/AcousticMonitoringData/ELDON6_Data/Week18\ELDON6_20250510_060502.wav,20250510
2967,2970,Geothlypis trichas,Common Yellowthroat,0.0368,D:/AcousticMonitoringData/ELDON6_Data/Week18\ELDON6_20250510_060502.wav,20250510
2967,2970,Spizella pusilla,Field Sparrow,0.0118,D:/AcousticMonitoringData/ELDON6_Data/Week18\ELDON6_20250510_060502.wav,20250510
2970,2973,Geothlypis trichas,Common Yellowthroat,0.0383,D:/AcousticMonitoringData/ELDON6_Data/Week18\ELDON6_20250510_060502.wav,20250510
2976,2979,Geothlypis trichas,Common Yellowthroat,0.1848,D:/AcousticMonitoringData/ELDON6_Data/Week18\ELDON6_20250510_060502.wav,20250510
2976,2979,Spizella pusilla,Field Sparrow,0.0205,D:/AcousticMonitoringData/ELDON6_Data/Week18\ELDON6_20250510_060502.wav,20250510
2982,2985,Spizella pusilla,Field Sparrow,0.021,D:/AcousticMonitoringData/ELDON6_Data/Week18\ELDON6_20250510_060502.wav,20250510
2985,2988,Geothlypis trichas,Common Yellowthroat,0.0923,D:/AcousticMonitoringData/ELDON6_Data/Week18\ELDON6_20250510_060502.wav,20250510
2985,2988,Spizella pusilla,Field Sparrow,0.0243,D:/AcousticMonitoringData/ELDON6_Data/Week18\ELDON6_20250510_060502.wav,20250510
2985,2988,Passerina caerulea,Blue Grosbeak,0.0114,D:/AcousticMonitoringData/ELDON6_Data/Week18\ELDON6_20250510_060502.wav,20250510
2988,2991,Geothlypis trichas,Common Yellowthroat,0.014,D:/AcousticMonitoringData/ELDON6_Data/Week18\ELDON6_20250510_060502.wav,20250510
2991,2994,Geothlypis trichas,Common Yellowthroat,0.0177,D:/AcousticMonitoringData/ELDON6_Data/Week18\ELDON6_20250510_060502.wav,20250510
2991,2994,Spizella pusilla,Field Sparrow,0.0145,D:/AcousticMonitoringData/ELDON6_Data/Week18\ELDON6_20250510_060502.wav,20250510
2994,2997,Spizella pusilla,Field Sparrow,0.0296,D:/AcousticMonitoringData/ELDON6_Data/Week18\ELDON6_20250510_060502.wav,20250510
2994,2997,Geothlypis trichas,Common Yellowthroat,0.0154,D:/AcousticMonitoringData/ELDON6_Data/Week18\ELDON6_20250510_060502.wav,20250510
2997,3000,Geothlypis trichas,Common Yellowthroat,0.0514,D:/AcousticMonitoringData/ELDON6_Data/Week18\ELDON6_20250510_060502.wav,20250510
2997,3000,Spizella pusilla,Field Sparrow,0.0257,D:/AcousticMonitoringData/ELDON6_Data/Week18\ELDON6_20250510_060502.wav,20250510
3000,3003,Geothlypis trichas,Common Yellowthroat,0.0126,D:/AcousticMonitoringData/ELDON6_Data/Week18\ELDON6_20250510_060502.wav,20250510
3003,3006,Geothlypis trichas,Common Yellowthroat,0.0445,D:/AcousticMonitoringData/ELDON6_Data/Week18\ELDON6_20250510_060502.wav,20250510
3003,3006,Spizella pusilla,Field Sparrow,0.0129,D:/AcousticMonitoringData/ELDON6_Data/Week18\ELDON6_20250510_060502.wav,20250510
3006,3009,Geothlypis trichas,Common Yellowthroat,0.5406,D:/AcousticMonitoringData/ELDON6_Data/Week18\ELDON6_20250510_060502.wav,20250510
3012,3015,Spizella pusilla,Field Sparrow,0.0112,D:/AcousticMonitoringData/ELDON6_Data/Week18\ELDON6_20250510_060502.wav,20250510
3018,3021,Geothlypis trichas,Common Yellowthroat,0.289,D:/AcousticMonitoringData/ELDON6_Data/Week18\ELDON6_20250510_060502.wav,20250510
3018,3021,Melospiza melodia,Song Sparrow,0.0148,D:/AcousticMonitoringData/ELDON6_Data/Week18\ELDON6_20250510_060502.wav,20250510
3021,3024,Geothlypis trichas,Common Yellowthroat,0.0195,D:/AcousticMonitoringData/ELDON6_Data/Week18\ELDON6_20250510_060502.wav,20250510
3024,3027,Spizella pusilla,Field Sparrow,0.0323,D:/AcousticMonitoringData/ELDON6_Data/Week18\ELDON6_20250510_060502.wav,20250510
3030,3033,Geothlypis trichas,Common Yellowthroat,0.0368,D:/AcousticMonitoringData/ELDON6_Data/Week18\ELDON6_20250510_060502.wav,20250510
3033,3036,Geothlypis trichas,Common Yellowthroat,0.026,D:/AcousticMonitoringData/ELDON6_Data/Week18\ELDON6_20250510_060502.wav,20250510
3036,3039,Geothlypis trichas,Common Yellowthroat,0.0149,D:/AcousticMonitoringData/ELDON6_Data/Week18\ELDON6_20250510_060502.wav,20250510
3039,3042,Geothlypis trichas,Common Yellowthroat,0.1015,D:/AcousticMonitoringData/ELDON6_Data/Week18\ELDON6_20250510_060502.wav,20250510
3039,3042,Spizella pusilla,Field Sparrow,0.0322,D:/AcousticMonitoringData/ELDON6_Data/Week18\ELDON6_20250510_060502.wav,20250510
3042,3045,Spizella pusilla,Field Sparrow,0.0221,D:/AcousticMonitoringData/ELDON6_Data/Week18\ELDON6_20250510_060502.wav,20250510
3042,3045,Geothlypis trichas,Common Yellowthroat,0.0156,D:/AcousticMonitoringData/ELDON6_Data/Week18\ELDON6_20250510_060502.wav,20250510
3045,3048,Geothlypis trichas,Common Yellowthroat,0.0187,D:/AcousticMonitoringData/ELDON6_Data/Week18\ELDON6_20250510_060502.wav,20250510
3048,3051,Geothlypis trichas,Common Yellowthroat,0.0369,D:/AcousticMonitoringData/ELDON6_Data/Week18\ELDON6_20250510_060502.wav,20250510
3048,3051,Spizella pusilla,Field Sparrow,0.0175,D:/AcousticMonitoringData/ELDON6_Data/Week18\ELDON6_20250510_060502.wav,20250510
3051,3054,Geothlypis trichas,Common Yellowthroat,0.0321,D:/AcousticMonitoringData/ELDON6_Data/Week18\ELDON6_20250510_060502.wav,20250510
3051,3054,Spizella pusilla,Field Sparrow,0.0195,D:/AcousticMonitoringData/ELDON6_Data/Week18\ELDON6_20250510_060502.wav,20250510
3057,3060,Spizella pusilla,Field Sparrow,0.0287,D:/AcousticMonitoringData/ELDON6_Data/Week18\ELDON6_20250510_060502.wav,20250510
3060,3063,Spizella pusilla,Field Sparrow,0.0259,D:/AcousticMonitoringData/ELDON6_Data/Week18\ELDON6_20250510_060502.wav,20250510
3060,3063,Geothlypis trichas,Common Yellowthroat,0.0186,D:/AcousticMonitoringData/ELDON6_Data/Week18\ELDON6_20250510_060502.wav,20250510
3063,3066,Spizella pusilla,Field Sparrow,0.0324,D:/AcousticMonitoringData/ELDON6_Data/Week18\ELDON6_20250510_060502.wav,20250510
3063,3066,Geothlypis trichas,Common Yellowthroat,0.0229,D:/AcousticMonitoringData/ELDON6_Data/Week18\ELDON6_20250510_060502.wav,20250510
3066,3069,Spizella pusilla,Field Sparrow,0.0118,D:/AcousticMonitoringData/ELDON6_Data/Week18\ELDON6_20250510_060502.wav,20250510
3072,3075,Geothlypis trichas,Common Yellowthroat,0.0733,D:/AcousticMonitoringData/ELDON6_Data/Week18\ELDON6_20250510_060502.wav,20250510
3072,3075,Spizella pusilla,Field Sparrow,0.028,D:/AcousticMonitoringData/ELDON6_Data/Week18\ELDON6_20250510_060502.wav,20250510
3075,3078,Geothlypis trichas,Common Yellowthroat,0.0113,D:/AcousticMonitoringData/ELDON6_Data/Week18\ELDON6_20250510_060502.wav,20250510
3081,3084,Spizella pusilla,Field Sparrow,0.0202,D:/AcousticMonitoringData/ELDON6_Data/Week18\ELDON6_20250510_060502.wav,20250510
3081,3084,Geothlypis trichas,Common Yellowthroat,0.0114,D:/AcousticMonitoringData/ELDON6_Data/Week18\ELDON6_20250510_060502.wav,20250510
3084,3087,Spizella pusilla,Field Sparrow,0.0243,D:/AcousticMonitoringData/ELDON6_Data/Week18\ELDON6_20250510_060502.wav,20250510
3084,3087,Geothlypis trichas,Common Yellowthroat,0.0215,D:/AcousticMonitoringData/ELDON6_Data/Week18\ELDON6_20250510_060502.wav,20250510
3087,3090,Geothlypis trichas,Common Yellowthroat,0.0248,D:/AcousticMonitoringData/ELDON6_Data/Week18\ELDON6_20250510_060502.wav,20250510
3087,3090,Spizella pusilla,Field Sparrow,0.0225,D:/AcousticMonitoringData/ELDON6_Data/Week18\ELDON6_20250510_060502.wav,20250510
3090,3093,Geothlypis trichas,Common Yellowthroat,0.0141,D:/AcousticMonitoringData/ELDON6_Data/Week18\ELDON6_20250510_060502.wav,20250510
3096,3099,Geothlypis trichas,Common Yellowthroat,0.2336,D:/AcousticMonitoringData/ELDON6_Data/Week18\ELDON6_20250510_060502.wav,20250510
3096,3099,Spizella pusilla,Field Sparrow,0.0105,D:/AcousticMonitoringData/ELDON6_Data/Week18\ELDON6_20250510_060502.wav,20250510
3102,3105,Sturnella magna,Eastern Meadowlark,0.0108,D:/AcousticMonitoringData/ELDON6_Data/Week18\ELDON6_20250510_060502.wav,20250510
3108,3111,Geothlypis trichas,Common Yellowthroat,0.2056,D:/AcousticMonitoringData/ELDON6_Data/Week18\ELDON6_20250510_060502.wav,20250510
3108,3111,Spizella pusilla,Field Sparrow,0.0299,D:/AcousticMonitoringData/ELDON6_Data/Week18\ELDON6_20250510_060502.wav,20250510
3111,3114,Geothlypis trichas,Common Yellowthroat,0.0358,D:/AcousticMonitoringData/ELDON6_Data/Week18\ELDON6_20250510_060502.wav,20250510
3114,3117,Geothlypis trichas,Common Yellowthroat,0.0212,D:/AcousticMonitoringData/ELDON6_Data/Week18\ELDON6_20250510_060502.wav,20250510
3120,3123,Geothlypis trichas,Common Yellowthroat,0.0972,D:/AcousticMonitoringData/ELDON6_Data/Week18\ELDON6_20250510_060502.wav,20250510
3120,3123,Spizella pusilla,Field Sparrow,0.0433,D:/AcousticMonitoringData/ELDON6_Data/Week18\ELDON6_20250510_060502.wav,20250510
3123,3126,Geothlypis trichas,Common Yellowthroat,0.0175,D:/AcousticMonitoringData/ELDON6_Data/Week18\ELDON6_20250510_060502.wav,20250510
3129,3132,Geothlypis trichas,Common Yellowthroat,0.0964,D:/AcousticMonitoringData/ELDON6_Data/Week18\ELDON6_20250510_060502.wav,20250510
3129,3132,Sturnella magna,Eastern Meadowlark,0.0218,D:/AcousticMonitoringData/ELDON6_Data/Week18\ELDON6_20250510_060502.wav,20250510
3129,3132,Passerina caerulea,Blue Grosbeak,0.0159,D:/AcousticMonitoringData/ELDON6_Data/Week18\ELDON6_20250510_060502.wav,20250510
3129,3132,Spizella pusilla,Field Sparrow,0.0108,D:/AcousticMonitoringData/ELDON6_Data/Week18\ELDON6_20250510_060502.wav,20250510
3132,3135,Geothlypis trichas,Common Yellowthroat,0.3061,D:/AcousticMonitoringData/ELDON6_Data/Week18\ELDON6_20250510_060502.wav,20250510
3132,3135,Melospiza melodia,Song Sparrow,0.0137,D:/AcousticMonitoringData/ELDON6_Data/Week18\ELDON6_20250510_060502.wav,20250510
3132,3135,Spizella pusilla,Field Sparrow,0.0108,D:/AcousticMonitoringData/ELDON6_Data/Week18\ELDON6_20250510_060502.wav,20250510
3135,3138,Geothlypis trichas,Common Yellowthroat,0.0163,D:/AcousticMonitoringData/ELDON6_Data/Week18\ELDON6_20250510_060502.wav,20250510
3135,3138,Spizella pusilla,Field Sparrow,0.0157,D:/AcousticMonitoringData/ELDON6_Data/Week18\ELDON6_20250510_060502.wav,20250510
3141,3144,Geothlypis trichas,Common Yellowthroat,0.0357,D:/AcousticMonitoringData/ELDON6_Data/Week18\ELDON6_20250510_060502.wav,20250510
3141,3144,Melospiza melodia,Song Sparrow,0.012,D:/AcousticMonitoringData/ELDON6_Data/Week18\ELDON6_20250510_060502.wav,20250510
3144,3147,Geothlypis trichas,Common Yellowthroat,0.0625,D:/AcousticMonitoringData/ELDON6_Data/Week18\ELDON6_20250510_060502.wav,20250510
3144,3147,Spizella pusilla,Field Sparrow,0.0188,D:/AcousticMonitoringData/ELDON6_Data/Week18\ELDON6_20250510_060502.wav,20250510
3147,3150,Spizella pusilla,Field Sparrow,0.0116,D:/AcousticMonitoringData/ELDON6_Data/Week18\ELDON6_20250510_060502.wav,20250510
3150,3153,Geothlypis trichas,Common Yellowthroat,0.0189,D:/AcousticMonitoringData/ELDON6_Data/Week18\ELDON6_20250510_060502.wav,20250510
3153,3156,Spizella pusilla,Field Sparrow,0.0378,D:/AcousticMonitoringData/ELDON6_Data/Week18\ELDON6_20250510_060502.wav,20250510
3153,3156,Geothlypis trichas,Common Yellowthroat,0.0266,D:/AcousticMonitoringData/ELDON6_Data/Week18\ELDON6_20250510_060502.wav,20250510
3159,3162,Spizella pusilla,Field Sparrow,0.0101,D:/AcousticMonitoringData/ELDON6_Data/Week18\ELDON6_20250510_060502.wav,20250510
3162,3165,Spizella pusilla,Field Sparrow,0.0193,D:/AcousticMonitoringData/ELDON6_Data/Week18\ELDON6_20250510_060502.wav,20250510
3162,3165,Passerina caerulea,Blue Grosbeak,0.0125,D:/AcousticMonitoringData/ELDON6_Data/Week18\ELDON6_20250510_060502.wav,20250510
3165,3168,Spizella pusilla,Field Sparrow,0.0339,D:/AcousticMonitoringData/ELDON6_Data/Week18\ELDON6_20250510_060502.wav,20250510
3165,3168,Passerina caerulea,Blue Grosbeak,0.0127,D:/AcousticMonitoringData/ELDON6_Data/Week18\ELDON6_20250510_060502.wav,20250510
3168,3171,Sturnella magna,Eastern Meadowlark,0.01,D:/AcousticMonitoringData/ELDON6_Data/Week18\ELDON6_20250510_060502.wav,20250510
3174,3177,Spizella pusilla,Field Sparrow,0.0206,D:/AcousticMonitoringData/ELDON6_Data/Week18\ELDON6_20250510_060502.wav,20250510
3174,3177,Passerina caerulea,Blue Grosbeak,0.0129,D:/AcousticMonitoringData/ELDON6_Data/Week18\ELDON6_20250510_060502.wav,20250510
3189,3192,Geothlypis trichas,Common Yellowthroat,0.0147,D:/AcousticMonitoringData/ELDON6_Data/Week18\ELDON6_20250510_060502.wav,20250510
3189,3192,Spizella pusilla,Field Sparrow,0.0121,D:/AcousticMonitoringData/ELDON6_Data/Week18\ELDON6_20250510_060502.wav,20250510
3192,3195,Geothlypis trichas,Common Yellowthroat,0.0386,D:/AcousticMonitoringData/ELDON6_Data/Week18\ELDON6_20250510_060502.wav,20250510
3192,3195,Spizella pusilla,Field Sparrow,0.0147,D:/AcousticMonitoringData/ELDON6_Data/Week18\ELDON6_20250510_060502.wav,20250510
3201,3204,Geothlypis trichas,Common Yellowthroat,0.0262,D:/AcousticMonitoringData/ELDON6_Data/Week18\ELDON6_20250510_060502.wav,20250510
3201,3204,Passerina caerulea,Blue Grosbeak,0.0143,D:/AcousticMonitoringData/ELDON6_Data/Week18\ELDON6_20250510_060502.wav,20250510
3210,3213,Geothlypis trichas,Common Yellowthroat,0.051,D:/AcousticMonitoringData/ELDON6_Data/Week18\ELDON6_20250510_060502.wav,20250510
3210,3213,Spizella pusilla,Field Sparrow,0.0189,D:/AcousticMonitoringData/ELDON6_Data/Week18\ELDON6_20250510_060502.wav,20250510
3219,3222,Eremophila alpestris,Horned Lark,0.0155,D:/AcousticMonitoringData/ELDON6_Data/Week18\ELDON6_20250510_060502.wav,20250510
3222,3225,Spizella pusilla,Field Sparrow,0.0296,D:/AcousticMonitoringData/ELDON6_Data/Week18\ELDON6_20250510_060502.wav,20250510
3222,3225,Geothlypis trichas,Common Yellowthroat,0.0188,D:/AcousticMonitoringData/ELDON6_Data/Week18\ELDON6_20250510_060502.wav,20250510
3225,3228,Spizella pusilla,Field Sparrow,0.0111,D:/AcousticMonitoringData/ELDON6_Data/Week18\ELDON6_20250510_060502.wav,20250510
3231,3234,Geothlypis trichas,Common Yellowthroat,0.0309,D:/AcousticMonitoringData/ELDON6_Data/Week18\ELDON6_20250510_060502.wav,20250510
3231,3234,Spizella pusilla,Field Sparrow,0.0129,D:/AcousticMonitoringData/ELDON6_Data/Week18\ELDON6_20250510_060502.wav,20250510
3234,3237,Geothlypis trichas,Common Yellowthroat,0.0164,D:/AcousticMonitoringData/ELDON6_Data/Week18\ELDON6_20250510_060502.wav,20250510
3234,3237,Sturnella magna,Eastern Meadowlark,0.0149,D:/AcousticMonitoringData/ELDON6_Data/Week18\ELDON6_20250510_060502.wav,20250510
3237,3240,Spizella pusilla,Field Sparrow,0.0183,D:/AcousticMonitoringData/ELDON6_Data/Week18\ELDON6_20250510_060502.wav,20250510
3237,3240,Sturnella magna,Eastern Meadowlark,0.0117,D:/AcousticMonitoringData/ELDON6_Data/Week18\ELDON6_20250510_060502.wav,20250510
3240,3243,Spizella pusilla,Field Sparrow,0.0363,D:/AcousticMonitoringData/ELDON6_Data/Week18\ELDON6_20250510_060502.wav,20250510
3243,3246,Geothlypis trichas,Common Yellowthroat,0.0441,D:/AcousticMonitoringData/ELDON6_Data/Week18\ELDON6_20250510_060502.wav,20250510
3243,3246,Spizella pusilla,Field Sparrow,0.0241,D:/AcousticMonitoringData/ELDON6_Data/Week18\ELDON6_20250510_060502.wav,20250510
3243,3246,Passerina caerulea,Blue Grosbeak,0.0123,D:/AcousticMonitoringData/ELDON6_Data/Week18\ELDON6_20250510_060502.wav,20250510
3246,3249,Spizella pusilla,Field Sparrow,0.0107,D:/AcousticMonitoringData/ELDON6_Data/Week18\ELDON6_20250510_060502.wav,20250510
3255,3258,Geothlypis trichas,Common Yellowthroat,0.0343,D:/AcousticMonitoringData/ELDON6_Data/Week18\ELDON6_20250510_060502.wav,20250510
3258,3261,Spizella pusilla,Field Sparrow,0.0191,D:/AcousticMonitoringData/ELDON6_Data/Week18\ELDON6_20250510_060502.wav,20250510
3264,3267,Geothlypis trichas,Common Yellowthroat,0.0599,D:/AcousticMonitoringData/ELDON6_Data/Week18\ELDON6_20250510_060502.wav,20250510
3264,3267,Spizella pusilla,Field Sparrow,0.0225,D:/AcousticMonitoringData/ELDON6_Data/Week18\ELDON6_20250510_060502.wav,20250510
3264,3267,Passerina caerulea,Blue Grosbeak,0.012,D:/AcousticMonitoringData/ELDON6_Data/Week18\ELDON6_20250510_060502.wav,20250510
3270,3273,Spizella pusilla,Field Sparrow,0.0144,D:/AcousticMonitoringData/ELDON6_Data/Week18\ELDON6_20250510_060502.wav,20250510
3273,3276,Spizella pusilla,Field Sparrow,0.0197,D:/AcousticMonitoringData/ELDON6_Data/Week18\ELDON6_20250510_060502.wav,20250510
3276,3279,Geothlypis trichas,Common Yellowthroat,0.0367,D:/AcousticMonitoringData/ELDON6_Data/Week18\ELDON6_20250510_060502.wav,20250510
3276,3279,Spizella pusilla,Field Sparrow,0.0198,D:/AcousticMonitoringData/ELDON6_Data/Week18\ELDON6_20250510_060502.wav,20250510
3282,3285,Spizella pusilla,Field Sparrow,0.0197,D:/AcousticMonitoringData/ELDON6_Data/Week18\ELDON6_20250510_060502.wav,20250510
3288,3291,Spizella pusilla,Field Sparrow,0.0371,D:/AcousticMonitoringData/ELDON6_Data/Week18\ELDON6_20250510_060502.wav,20250510
3288,3291,Geothlypis trichas,Common Yellowthroat,0.0216,D:/AcousticMonitoringData/ELDON6_Data/Week18\ELDON6_20250510_060502.wav,20250510
3300,3303,Geothlypis trichas,Common Yellowthroat,0.0202,D:/AcousticMonitoringData/ELDON6_Data/Week18\ELDON6_20250510_060502.wav,20250510
3300,3303,Spizella pusilla,Field Sparrow,0.0191,D:/AcousticMonitoringData/ELDON6_Data/Week18\ELDON6_20250510_060502.wav,20250510
3306,3309,Eremophila alpestris,Horned Lark,0.0371,D:/AcousticMonitoringData/ELDON6_Data/Week18\ELDON6_20250510_060502.wav,20250510
3309,3312,Passerina caerulea,Blue Grosbeak,0.0217,D:/AcousticMonitoringData/ELDON6_Data/Week18\ELDON6_20250510_060502.wav,20250510
3312,3315,Geothlypis trichas,Common Yellowthroat,0.1098,D:/AcousticMonitoringData/ELDON6_Data/Week18\ELDON6_20250510_060502.wav,20250510
3315,3318,Geothlypis trichas,Common Yellowthroat,0.0146,D:/AcousticMonitoringData/ELDON6_Data/Week18\ELDON6_20250510_060502.wav,20250510
3315,3318,Spizella pusilla,Field Sparrow,0.0104,D:/AcousticMonitoringData/ELDON6_Data/Week18\ELDON6_20250510_060502.wav,20250510
3318,3321,Spizella pusilla,Field Sparrow,0.0298,D:/AcousticMonitoringData/ELDON6_Data/Week18\ELDON6_20250510_060502.wav,20250510
3321,3324,Spizella pusilla,Field Sparrow,0.0148,D:/AcousticMonitoringData/ELDON6_Data/Week18\ELDON6_20250510_060502.wav,20250510
3321,3324,Sturnella magna,Eastern Meadowlark,0.0143,D:/AcousticMonitoringData/ELDON6_Data/Week18\ELDON6_20250510_060502.wav,20250510
3327,3330,Spizella pusilla,Field Sparrow,0.0558,D:/AcousticMonitoringData/ELDON6_Data/Week18\ELDON6_20250510_060502.wav,20250510
3327,3330,Geothlypis trichas,Common Yellowthroat,0.0466,D:/AcousticMonitoringData/ELDON6_Data/Week18\ELDON6_20250510_060502.wav,20250510
3327,3330,Passerina caerulea,Blue Grosbeak,0.0106,D:/AcousticMonitoringData/ELDON6_Data/Week18\ELDON6_20250510_060502.wav,20250510
3339,3342,Geothlypis trichas,Common Yellowthroat,0.0481,D:/AcousticMonitoringData/ELDON6_Data/Week18\ELDON6_20250510_060502.wav,20250510
3339,3342,Spizella pusilla,Field Sparrow,0.0201,D:/AcousticMonitoringData/ELDON6_Data/Week18\ELDON6_20250510_060502.wav,20250510
3342,3345,Spizella pusilla,Field Sparrow,0.012,D:/AcousticMonitoringData/ELDON6_Data/Week18\ELDON6_20250510_060502.wav,20250510
3351,3354,Geothlypis trichas,Common Yellowthroat,0.0146,D:/AcousticMonitoringData/ELDON6_Data/Week18\ELDON6_20250510_060502.wav,20250510
3351,3354,Spizella pusilla,Field Sparrow,0.0136,D:/AcousticMonitoringData/ELDON6_Data/Week18\ELDON6_20250510_060502.wav,20250510
3354,3357,Geothlypis trichas,Common Yellowthroat,0.0515,D:/AcousticMonitoringData/ELDON6_Data/Week18\ELDON6_20250510_060502.wav,20250510
3354,3357,Spizella pusilla,Field Sparrow,0.0361,D:/AcousticMonitoringData/ELDON6_Data/Week18\ELDON6_20250510_060502.wav,20250510
3366,3369,Geothlypis trichas,Common Yellowthroat,0.0389,D:/AcousticMonitoringData/ELDON6_Data/Week18\ELDON6_20250510_060502.wav,20250510
3366,3369,Spizella pusilla,Field Sparrow,0.0171,D:/AcousticMonitoringData/ELDON6_Data/Week18\ELDON6_20250510_060502.wav,20250510
3369,3372,Geothlypis trichas,Common Yellowthroat,0.0159,D:/AcousticMonitoringData/ELDON6_Data/Week18\ELDON6_20250510_060502.wav,20250510
3375,3378,Spizella pusilla,Field Sparrow,0.0232,D:/AcousticMonitoringData/ELDON6_Data/Week18\ELDON6_20250510_060502.wav,20250510
3378,3381,Geothlypis trichas,Common Yellowthroat,0.0275,D:/AcousticMonitoringData/ELDON6_Data/Week18\ELDON6_20250510_060502.wav,20250510
3378,3381,Spizella pusilla,Field Sparrow,0.0204,D:/AcousticMonitoringData/ELDON6_Data/Week18\ELDON6_20250510_060502.wav,20250510
3381,3384,Spizella pusilla,Field Sparrow,0.0195,D:/AcousticMonitoringData/ELDON6_Data/Week18\ELDON6_20250510_060502.wav,20250510
3387,3390,Spizella pusilla,Field Sparrow,0.0407,D:/AcousticMonitoringData/ELDON6_Data/Week18\ELDON6_20250510_060502.wav,20250510
3390,3393,Sturnella magna,Eastern Meadowlark,0.0129,D:/AcousticMonitoringData/ELDON6_Data/Week18\ELDON6_20250510_060502.wav,20250510
3393,3396,Geothlypis trichas,Common Yellowthroat,0.0897,D:/AcousticMonitoringData/ELDON6_Data/Week18\ELDON6_20250510_060502.wav,20250510
3393,3396,Spizella pusilla,Field Sparrow,0.0467,D:/AcousticMonitoringData/ELDON6_Data/Week18\ELDON6_20250510_060502.wav,20250510
3399,3402,Spizella pusilla,Field Sparrow,0.0428,D:/AcousticMonitoringData/ELDON6_Data/Week18\ELDON6_20250510_060502.wav,20250510
3402,3405,Geothlypis trichas,Common Yellowthroat,0.0314,D:/AcousticMonitoringData/ELDON6_Data/Week18\ELDON6_20250510_060502.wav,20250510
3402,3405,Spizella pusilla,Field Sparrow,0.023,D:/AcousticMonitoringData/ELDON6_Data/Week18\ELDON6_20250510_060502.wav,20250510
3405,3408,Geothlypis trichas,Common Yellowthroat,0.035,D:/AcousticMonitoringData/ELDON6_Data/Week18\ELDON6_20250510_060502.wav,20250510
3405,3408,Spizella pusilla,Field Sparrow,0.0234,D:/AcousticMonitoringData/ELDON6_Data/Week18\ELDON6_20250510_060502.wav,20250510
3405,3408,Passerina caerulea,Blue Grosbeak,0.0124,D:/AcousticMonitoringData/ELDON6_Data/Week18\ELDON6_20250510_060502.wav,20250510
3408,3411,Spizella pusilla,Field Sparrow,0.023,D:/AcousticMonitoringData/ELDON6_Data/Week18\ELDON6_20250510_060502.wav,20250510
3411,3414,Spizella pusilla,Field Sparrow,0.056,D:/AcousticMonitoringData/ELDON6_Data/Week18\ELDON6_20250510_060502.wav,20250510
3414,3417,Geothlypis trichas,Common Yellowthroat,0.0339,D:/AcousticMonitoringData/ELDON6_Data/Week18\ELDON6_20250510_060502.wav,20250510
3414,3417,Spizella pusilla,Field Sparrow,0.0248,D:/AcousticMonitoringData/ELDON6_Data/Week18\ELDON6_20250510_060502.wav,20250510
3414,3417,Passerina caerulea,Blue Grosbeak,0.0123,D:/AcousticMonitoringData/ELDON6_Data/Week18\ELDON6_20250510_060502.wav,20250510
3417,3420,Spizella pusilla,Field Sparrow,0.02,D:/AcousticMonitoringData/ELDON6_Data/Week18\ELDON6_20250510_060502.wav,20250510
3417,3420,Geothlypis trichas,Common Yellowthroat,0.0155,D:/AcousticMonitoringData/ELDON6_Data/Week18\ELDON6_20250510_060502.wav,20250510
3423,3426,Spizella pusilla,Field Sparrow,0.0133,D:/AcousticMonitoringData/ELDON6_Data/Week18\ELDON6_20250510_060502.wav,20250510
3423,3426,Sturnella magna,Eastern Meadowlark,0.0116,D:/AcousticMonitoringData/ELDON6_Data/Week18\ELDON6_20250510_060502.wav,20250510
3426,3429,Spizella pusilla,Field Sparrow,0.0373,D:/AcousticMonitoringData/ELDON6_Data/Week18\ELDON6_20250510_060502.wav,20250510
3426,3429,Geothlypis trichas,Common Yellowthroat,0.023,D:/AcousticMonitoringData/ELDON6_Data/Week18\ELDON6_20250510_060502.wav,20250510
3426,3429,Passerina caerulea,Blue Grosbeak,0.0169,D:/AcousticMonitoringData/ELDON6_Data/Week18\ELDON6_20250510_060502.wav,20250510
3429,3432,Passerina caerulea,Blue Grosbeak,0.0116,D:/AcousticMonitoringData/ELDON6_Data/Week18\ELDON6_20250510_060502.wav,20250510
3432,3435,Spizella pusilla,Field Sparrow,0.0198,D:/AcousticMonitoringData/ELDON6_Data/Week18\ELDON6_20250510_060502.wav,20250510
3432,3435,Passerina caerulea,Blue Grosbeak,0.0189,D:/AcousticMonitoringData/ELDON6_Data/Week18\ELDON6_20250510_060502.wav,20250510
3435,3438,Spizella pusilla,Field Sparrow,0.0279,D:/AcousticMonitoringData/ELDON6_Data/Week18\ELDON6_20250510_060502.wav,20250510
3435,3438,Passerina caerulea,Blue Grosbeak,0.0119,D:/AcousticMonitoringData/ELDON6_Data/Week18\ELDON6_20250510_060502.wav,20250510
3438,3441,Spizella pusilla,Field Sparrow,0.0298,D:/AcousticMonitoringData/ELDON6_Data/Week18\ELDON6_20250510_060502.wav,20250510
3438,3441,Geothlypis trichas,Common Yellowthroat,0.0137,D:/AcousticMonitoringData/ELDON6_Data/Week18\ELDON6_20250510_060502.wav,20250510
3438,3441,Passerina caerulea,Blue Grosbeak,0.0113,D:/AcousticMonitoringData/ELDON6_Data/Week18\ELDON6_20250510_060502.wav,20250510
3444,3447,Geothlypis trichas,Common Yellowthroat,0.0103,D:/AcousticMonitoringData/ELDON6_Data/Week18\ELDON6_20250510_060502.wav,20250510
3447,3450,Geothlypis trichas,Common Yellowthroat,0.0189,D:/AcousticMonitoringData/ELDON6_Data/Week18\ELDON6_20250510_060502.wav,20250510
3447,3450,Passerina caerulea,Blue Grosbeak,0.011,D:/AcousticMonitoringData/ELDON6_Data/Week18\ELDON6_20250510_060502.wav,20250510
3450,3453,Geothlypis trichas,Common Yellowthroat,0.1007,D:/AcousticMonitoringData/ELDON6_Data/Week18\ELDON6_20250510_060502.wav,20250510
3450,3453,Spizella pusilla,Field Sparrow,0.0231,D:/AcousticMonitoringData/ELDON6_Data/Week18\ELDON6_20250510_060502.wav,20250510
3450,3453,Passerina caerulea,Blue Grosbeak,0.0114,D:/AcousticMonitoringData/ELDON6_Data/Week18\ELDON6_20250510_060502.wav,20250510
3453,3456,Spizella pusilla,Field Sparrow,0.04,D:/AcousticMonitoringData/ELDON6_Data/Week18\ELDON6_20250510_060502.wav,20250510
3453,3456,Passerina caerulea,Blue Grosbeak,0.0179,D:/AcousticMonitoringData/ELDON6_Data/Week18\ELDON6_20250510_060502.wav,20250510
3453,3456,Geothlypis trichas,Common Yellowthroat,0.0138,D:/AcousticMonitoringData/ELDON6_Data/Week18\ELDON6_20250510_060502.wav,20250510
3456,3459,Passerina caerulea,Blue Grosbeak,0.0236,D:/AcousticMonitoringData/ELDON6_Data/Week18\ELDON6_20250510_060502.wav,20250510
3456,3459,Spizella pusilla,Field Sparrow,0.0166,D:/AcousticMonitoringData/ELDON6_Data/Week18\ELDON6_20250510_060502.wav,20250510
3456,3459,Geothlypis trichas,Common Yellowthroat,0.0124,D:/AcousticMonitoringData/ELDON6_Data/Week18\ELDON6_20250510_060502.wav,20250510
3459,3462,Geothlypis trichas,Common Yellowthroat,0.0586,D:/AcousticMonitoringData/ELDON6_Data/Week18\ELDON6_20250510_060502.wav,20250510
3462,3465,Geothlypis trichas,Common Yellowthroat,0.0287,D:/AcousticMonitoringData/ELDON6_Data/Week18\ELDON6_20250510_060502.wav,20250510
3462,3465,Spizella pusilla,Field Sparrow,0.0202,D:/AcousticMonitoringData/ELDON6_Data/Week18\ELDON6_20250510_060502.wav,20250510
3471,3474,Spizella pusilla,Field Sparrow,0.0205,D:/AcousticMonitoringData/ELDON6_Data/Week18\ELDON6_20250510_060502.wav,20250510
3474,3477,Geothlypis trichas,Common Yellowthroat,0.0819,D:/AcousticMonitoringData/ELDON6_Data/Week18\ELDON6_20250510_060502.wav,20250510
3474,3477,Spizella pusilla,Field Sparrow,0.013,D:/AcousticMonitoringData/ELDON6_Data/Week18\ELDON6_20250510_060502.wav,20250510
3483,3486,Spizella pusilla,Field Sparrow,0.0165,D:/AcousticMonitoringData/ELDON6_Data/Week18\ELDON6_20250510_060502.wav,20250510
3486,3489,Geothlypis trichas,Common Yellowthroat,0.0633,D:/AcousticMonitoringData/ELDON6_Data/Week18\ELDON6_20250510_060502.wav,20250510
3486,3489,Spizella pusilla,Field Sparrow,0.0343,D:/AcousticMonitoringData/ELDON6_Data/Week18\ELDON6_20250510_060502.wav,20250510
3486,3489,Sturnella magna,Eastern Meadowlark,0.0247,D:/AcousticMonitoringData/ELDON6_Data/Week18\ELDON6_20250510_060502.wav,20250510
3489,3492,Geothlypis trichas,Common Yellowthroat,0.0256,D:/AcousticMonitoringData/ELDON6_Data/Week18\ELDON6_20250510_060502.wav,20250510
3489,3492,Sturnella magna,Eastern Meadowlark,0.0138,D:/AcousticMonitoringData/ELDON6_Data/Week18\ELDON6_20250510_060502.wav,20250510
3489,3492,Spizella pusilla,Field Sparrow,0.0135,D:/AcousticMonitoringData/ELDON6_Data/Week18\ELDON6_20250510_060502.wav,20250510
3498,3501,Geothlypis trichas,Common Yellowthroat,0.0554,D:/AcousticMonitoringData/ELDON6_Data/Week18\ELDON6_20250510_060502.wav,20250510
3498,3501,Spizella pusilla,Field Sparrow,0.0137,D:/AcousticMonitoringData/ELDON6_Data/Week18\ELDON6_20250510_060502.wav,20250510
3504,3507,Geothlypis trichas,Common Yellowthroat,0.0114,D:/AcousticMonitoringData/ELDON6_Data/Week18\ELDON6_20250510_060502.wav,20250510
3507,3510,Spizella pusilla,Field Sparrow,0.0403,D:/AcousticMonitoringData/ELDON6_Data/Week18\ELDON6_20250510_060502.wav,20250510
3507,3510,Geothlypis trichas,Common Yellowthroat,0.0131,D:/AcousticMonitoringData/ELDON6_Data/Week18\ELDON6_20250510_060502.wav,20250510
3510,3513,Geothlypis trichas,Common Yellowthroat,0.1145,D:/AcousticMonitoringData/ELDON6_Data/Week18\ELDON6_20250510_060502.wav,20250510
3513,3516,Geothlypis trichas,Common Yellowthroat,0.0144,D:/AcousticMonitoringData/ELDON6_Data/Week18\ELDON6_20250510_060502.wav,20250510
3519,3522,Geothlypis trichas,Common Yellowthroat,0.0215,D:/AcousticMonitoringData/ELDON6_Data/Week18\ELDON6_20250510_060502.wav,20250510
3522,3525,Geothlypis trichas,Common Yellowthroat,0.0814,D:/AcousticMonitoringData/ELDON6_Data/Week18\ELDON6_20250510_060502.wav,20250510
3522,3525,Spizella pusilla,Field Sparrow,0.0363,D:/AcousticMonitoringData/ELDON6_Data/Week18\ELDON6_20250510_060502.wav,20250510
3522,3525,Sturnella magna,Eastern Meadowlark,0.0226,D:/AcousticMonitoringData/ELDON6_Data/Week18\ELDON6_20250510_060502.wav,20250510
3531,3534,Geothlypis trichas,Common Yellowthroat,0.0806,D:/AcousticMonitoringData/ELDON6_Data/Week18\ELDON6_20250510_060502.wav,20250510
3534,3537,Geothlypis trichas,Common Yellowthroat,0.0517,D:/AcousticMonitoringData/ELDON6_Data/Week18\ELDON6_20250510_060502.wav,20250510
3534,3537,Spizella pusilla,Field Sparrow,0.0255,D:/AcousticMonitoringData/ELDON6_Data/Week18\ELDON6_20250510_060502.wav,20250510
3534,3537,Sturnella magna,Eastern Meadowlark,0.0141,D:/AcousticMonitoringData/ELDON6_Data/Week18\ELDON6_20250510_060502.wav,20250510
3537,3540,Spizella pusilla,Field Sparrow,0.0239,D:/AcousticMonitoringData/ELDON6_Data/Week18\ELDON6_20250510_060502.wav,20250510
3540,3543,Spizella pusilla,Field Sparrow,0.0103,D:/AcousticMonitoringData/ELDON6_Data/Week18\ELDON6_20250510_060502.wav,20250510
3543,3546,Geothlypis trichas,Common Yellowthroat,0.0538,D:/AcousticMonitoringData/ELDON6_Data/Week18\ELDON6_20250510_060502.wav,20250510
3552,3555,Geothlypis trichas,Common Yellowthroat,0.1834,D:/AcousticMonitoringData/ELDON6_Data/Week18\ELDON6_20250510_060502.wav,20250510
3552,3555,Spizella pusilla,Field Sparrow,0.0107,D:/AcousticMonitoringData/ELDON6_Data/Week18\ELDON6_20250510_060502.wav,20250510
3555,3558,Geothlypis trichas,Common Yellowthroat,0.0103,D:/AcousticMonitoringData/ELDON6_Data/Week18\ELDON6_20250510_060502.wav,20250510
3564,3567,Geothlypis trichas,Common Yellowthroat,0.0128,D:/AcousticMonitoringData/ELDON6_Data/Week18\ELDON6_20250510_060502.wav,20250510
3585,3588,Spizella pusilla,Field Sparrow,0.0135,D:/AcousticMonitoringData/ELDON6_Data/Week18\ELDON6_20250510_060502.wav,20250510
3588,3591,Spizella pusilla,Field Sparrow,0.0199,D:/AcousticMonitoringData/ELDON6_Data/Week18\ELDON6_20250510_060502.wav,20250510
3588,3591,Geothlypis trichas,Common Yellowthroat,0.0187,D:/AcousticMonitoringData/ELDON6_Data/Week18\ELDON6_20250510_060502.wav,20250510
3597,3600,Spizella pusilla,Field Sparrow,0.0127,D:/AcousticMonitoringData/ELDON6_Data/Week18\ELDON6_20250510_060502.wav,20250510
