Start (s),End (s),Scientific name,Common name,Confidence,File
0,3.0,Sturnella magna,Eastern Meadowlark,0.0295,D:/AcousticMonitoringData/ELDON10_Data/Week16\ELDON10_20250430_200402.wav
0,3.0,Passerina caerulea,Blue Grosbeak,0.0234,D:/AcousticMonitoringData/ELDON10_Data/Week16\ELDON10_20250430_200402.wav
0,3.0,Spizella pusilla,Field Sparrow,0.0167,D:/AcousticMonitoringData/ELDON10_Data/Week16\ELDON10_20250430_200402.wav
3.0,6.0,Sturnella magna,Eastern Meadowlark,0.0222,D:/AcousticMonitoringData/ELDON10_Data/Week16\ELDON10_20250430_200402.wav
3.0,6.0,Spizella pusilla,Field Sparrow,0.0151,D:/AcousticMonitoringData/ELDON10_Data/Week16\ELDON10_20250430_200402.wav
6.0,9.0,Geothlypis trichas,Common Yellowthroat,0.0202,D:/AcousticMonitoringData/ELDON10_Data/Week16\ELDON10_20250430_200402.wav
15.0,18.0,Spizella pusilla,Field Sparrow,0.0211,D:/AcousticMonitoringData/ELDON10_Data/Week16\ELDON10_20250430_200402.wav
15.0,18.0,Passerina caerulea,Blue Grosbeak,0.0162,D:/AcousticMonitoringData/ELDON10_Data/Week16\ELDON10_20250430_200402.wav
15.0,18.0,Sturnella magna,Eastern Meadowlark,0.0151,D:/AcousticMonitoringData/ELDON10_Data/Week16\ELDON10_20250430_200402.wav
15.0,18.0,Geothlypis trichas,Common Yellowthroat,0.0150,D:/AcousticMonitoringData/ELDON10_Data/Week16\ELDON10_20250430_200402.wav
18.0,21.0,Geothlypis trichas,Common Yellowthroat,0.0154,D:/AcousticMonitoringData/ELDON10_Data/Week16\ELDON10_20250430_200402.wav
24.0,27.0,Sturnella magna,Eastern Meadowlark,0.0128,D:/AcousticMonitoringData/ELDON10_Data/Week16\ELDON10_20250430_200402.wav
24.0,27.0,Passerina caerulea,Blue Grosbeak,0.0107,D:/AcousticMonitoringData/ELDON10_Data/Week16\ELDON10_20250430_200402.wav
27.0,30.0,Spizella pusilla,Field Sparrow,0.0520,D:/AcousticMonitoringData/ELDON10_Data/Week16\ELDON10_20250430_200402.wav
27.0,30.0,Passerina caerulea,Blue Grosbeak,0.0426,D:/AcousticMonitoringData/ELDON10_Data/Week16\ELDON10_20250430_200402.wav
27.0,30.0,Sturnella magna,Eastern Meadowlark,0.0335,D:/AcousticMonitoringData/ELDON10_Data/Week16\ELDON10_20250430_200402.wav
27.0,30.0,Geothlypis trichas,Common Yellowthroat,0.0154,D:/AcousticMonitoringData/ELDON10_Data/Week16\ELDON10_20250430_200402.wav
30.0,33.0,Passerina caerulea,Blue Grosbeak,0.0186,D:/AcousticMonitoringData/ELDON10_Data/Week16\ELDON10_20250430_200402.wav
33.0,36.0,Sturnella magna,Eastern Meadowlark,0.0379,D:/AcousticMonitoringData/ELDON10_Data/Week16\ELDON10_20250430_200402.wav
33.0,36.0,Passerina caerulea,Blue Grosbeak,0.0243,D:/AcousticMonitoringData/ELDON10_Data/Week16\ELDON10_20250430_200402.wav
33.0,36.0,Spizella pusilla,Field Sparrow,0.0170,D:/AcousticMonitoringData/ELDON10_Data/Week16\ELDON10_20250430_200402.wav
36.0,39.0,Spizella pusilla,Field Sparrow,0.0341,D:/AcousticMonitoringData/ELDON10_Data/Week16\ELDON10_20250430_200402.wav
36.0,39.0,Sturnella magna,Eastern Meadowlark,0.0258,D:/AcousticMonitoringData/ELDON10_Data/Week16\ELDON10_20250430_200402.wav
36.0,39.0,Passerina caerulea,Blue Grosbeak,0.0201,D:/AcousticMonitoringData/ELDON10_Data/Week16\ELDON10_20250430_200402.wav
36.0,39.0,Geothlypis trichas,Common Yellowthroat,0.0143,D:/AcousticMonitoringData/ELDON10_Data/Week16\ELDON10_20250430_200402.wav
39.0,42.0,Passerina caerulea,Blue Grosbeak,0.0122,D:/AcousticMonitoringData/ELDON10_Data/Week16\ELDON10_20250430_200402.wav
42.0,45.0,Sturnella magna,Eastern Meadowlark,0.0273,D:/AcousticMonitoringData/ELDON10_Data/Week16\ELDON10_20250430_200402.wav
42.0,45.0,Spizella pusilla,Field Sparrow,0.0266,D:/AcousticMonitoringData/ELDON10_Data/Week16\ELDON10_20250430_200402.wav
42.0,45.0,Passerina caerulea,Blue Grosbeak,0.0145,D:/AcousticMonitoringData/ELDON10_Data/Week16\ELDON10_20250430_200402.wav
42.0,45.0,Geothlypis trichas,Common Yellowthroat,0.0127,D:/AcousticMonitoringData/ELDON10_Data/Week16\ELDON10_20250430_200402.wav
45.0,48.0,Spizella pusilla,Field Sparrow,0.0553,D:/AcousticMonitoringData/ELDON10_Data/Week16\ELDON10_20250430_200402.wav
45.0,48.0,Passerina caerulea,Blue Grosbeak,0.0200,D:/AcousticMonitoringData/ELDON10_Data/Week16\ELDON10_20250430_200402.wav
45.0,48.0,Sturnella magna,Eastern Meadowlark,0.0156,D:/AcousticMonitoringData/ELDON10_Data/Week16\ELDON10_20250430_200402.wav
48.0,51.0,Sturnella magna,Eastern Meadowlark,0.0702,D:/AcousticMonitoringData/ELDON10_Data/Week16\ELDON10_20250430_200402.wav
48.0,51.0,Spizella pusilla,Field Sparrow,0.0597,D:/AcousticMonitoringData/ELDON10_Data/Week16\ELDON10_20250430_200402.wav
48.0,51.0,Geothlypis trichas,Common Yellowthroat,0.0128,D:/AcousticMonitoringData/ELDON10_Data/Week16\ELDON10_20250430_200402.wav
48.0,51.0,Passerina caerulea,Blue Grosbeak,0.0122,D:/AcousticMonitoringData/ELDON10_Data/Week16\ELDON10_20250430_200402.wav
51.0,54.0,Sturnella magna,Eastern Meadowlark,0.0281,D:/AcousticMonitoringData/ELDON10_Data/Week16\ELDON10_20250430_200402.wav
51.0,54.0,Spizella pusilla,Field Sparrow,0.0269,D:/AcousticMonitoringData/ELDON10_Data/Week16\ELDON10_20250430_200402.wav
51.0,54.0,Passerina caerulea,Blue Grosbeak,0.0241,D:/AcousticMonitoringData/ELDON10_Data/Week16\ELDON10_20250430_200402.wav
54.0,57.0,Sturnella magna,Eastern Meadowlark,0.0344,D:/AcousticMonitoringData/ELDON10_Data/Week16\ELDON10_20250430_200402.wav
54.0,57.0,Spizella pusilla,Field Sparrow,0.0176,D:/AcousticMonitoringData/ELDON10_Data/Week16\ELDON10_20250430_200402.wav
57.0,60.0,Sturnella magna,Eastern Meadowlark,0.0306,D:/AcousticMonitoringData/ELDON10_Data/Week16\ELDON10_20250430_200402.wav
57.0,60.0,Geothlypis trichas,Common Yellowthroat,0.0205,D:/AcousticMonitoringData/ELDON10_Data/Week16\ELDON10_20250430_200402.wav
57.0,60.0,Spizella pusilla,Field Sparrow,0.0162,D:/AcousticMonitoringData/ELDON10_Data/Week16\ELDON10_20250430_200402.wav
57.0,60.0,Passerina caerulea,Blue Grosbeak,0.0155,D:/AcousticMonitoringData/ELDON10_Data/Week16\ELDON10_20250430_200402.wav
60.0,63.0,Spizella pusilla,Field Sparrow,0.0729,D:/AcousticMonitoringData/ELDON10_Data/Week16\ELDON10_20250430_200402.wav
60.0,63.0,Sturnella magna,Eastern Meadowlark,0.0256,D:/AcousticMonitoringData/ELDON10_Data/Week16\ELDON10_20250430_200402.wav
60.0,63.0,Passerina caerulea,Blue Grosbeak,0.0137,D:/AcousticMonitoringData/ELDON10_Data/Week16\ELDON10_20250430_200402.wav
63.0,66.0,Spizella pusilla,Field Sparrow,0.1429,D:/AcousticMonitoringData/ELDON10_Data/Week16\ELDON10_20250430_200402.wav
63.0,66.0,Sturnella magna,Eastern Meadowlark,0.0674,D:/AcousticMonitoringData/ELDON10_Data/Week16\ELDON10_20250430_200402.wav
63.0,66.0,Passerina caerulea,Blue Grosbeak,0.0165,D:/AcousticMonitoringData/ELDON10_Data/Week16\ELDON10_20250430_200402.wav
66.0,69.0,Sturnella magna,Eastern Meadowlark,0.0235,D:/AcousticMonitoringData/ELDON10_Data/Week16\ELDON10_20250430_200402.wav
66.0,69.0,Passerina caerulea,Blue Grosbeak,0.0143,D:/AcousticMonitoringData/ELDON10_Data/Week16\ELDON10_20250430_200402.wav
69.0,72.0,Geothlypis trichas,Common Yellowthroat,0.0572,D:/AcousticMonitoringData/ELDON10_Data/Week16\ELDON10_20250430_200402.wav
69.0,72.0,Sturnella magna,Eastern Meadowlark,0.0461,D:/AcousticMonitoringData/ELDON10_Data/Week16\ELDON10_20250430_200402.wav
72.0,75.0,Passerina caerulea,Blue Grosbeak,0.0281,D:/AcousticMonitoringData/ELDON10_Data/Week16\ELDON10_20250430_200402.wav
72.0,75.0,Geothlypis trichas,Common Yellowthroat,0.0262,D:/AcousticMonitoringData/ELDON10_Data/Week16\ELDON10_20250430_200402.wav
72.0,75.0,Spizella pusilla,Field Sparrow,0.0221,D:/AcousticMonitoringData/ELDON10_Data/Week16\ELDON10_20250430_200402.wav
72.0,75.0,Sturnella magna,Eastern Meadowlark,0.0195,D:/AcousticMonitoringData/ELDON10_Data/Week16\ELDON10_20250430_200402.wav
72.0,75.0,Melospiza melodia,Song Sparrow,0.0166,D:/AcousticMonitoringData/ELDON10_Data/Week16\ELDON10_20250430_200402.wav
75.0,78.0,Geothlypis trichas,Common Yellowthroat,0.0206,D:/AcousticMonitoringData/ELDON10_Data/Week16\ELDON10_20250430_200402.wav
81.0,84.0,Spizella pusilla,Field Sparrow,0.3957,D:/AcousticMonitoringData/ELDON10_Data/Week16\ELDON10_20250430_200402.wav
81.0,84.0,Geothlypis trichas,Common Yellowthroat,0.0502,D:/AcousticMonitoringData/ELDON10_Data/Week16\ELDON10_20250430_200402.wav
81.0,84.0,Passerina caerulea,Blue Grosbeak,0.0241,D:/AcousticMonitoringData/ELDON10_Data/Week16\ELDON10_20250430_200402.wav
81.0,84.0,Melospiza melodia,Song Sparrow,0.0117,D:/AcousticMonitoringData/ELDON10_Data/Week16\ELDON10_20250430_200402.wav
81.0,84.0,Sturnella magna,Eastern Meadowlark,0.0104,D:/AcousticMonitoringData/ELDON10_Data/Week16\ELDON10_20250430_200402.wav
84.0,87.0,Geothlypis trichas,Common Yellowthroat,0.0340,D:/AcousticMonitoringData/ELDON10_Data/Week16\ELDON10_20250430_200402.wav
84.0,87.0,Passerina caerulea,Blue Grosbeak,0.0121,D:/AcousticMonitoringData/ELDON10_Data/Week16\ELDON10_20250430_200402.wav
84.0,87.0,Spizella pusilla,Field Sparrow,0.0112,D:/AcousticMonitoringData/ELDON10_Data/Week16\ELDON10_20250430_200402.wav
87.0,90.0,Geothlypis trichas,Common Yellowthroat,0.1334,D:/AcousticMonitoringData/ELDON10_Data/Week16\ELDON10_20250430_200402.wav
87.0,90.0,Passerina caerulea,Blue Grosbeak,0.0203,D:/AcousticMonitoringData/ELDON10_Data/Week16\ELDON10_20250430_200402.wav
87.0,90.0,Spizella pusilla,Field Sparrow,0.0164,D:/AcousticMonitoringData/ELDON10_Data/Week16\ELDON10_20250430_200402.wav
87.0,90.0,Sturnella magna,Eastern Meadowlark,0.0163,D:/AcousticMonitoringData/ELDON10_Data/Week16\ELDON10_20250430_200402.wav
90.0,93.0,Geothlypis trichas,Common Yellowthroat,0.3189,D:/AcousticMonitoringData/ELDON10_Data/Week16\ELDON10_20250430_200402.wav
90.0,93.0,Passerina caerulea,Blue Grosbeak,0.0226,D:/AcousticMonitoringData/ELDON10_Data/Week16\ELDON10_20250430_200402.wav
90.0,93.0,Sturnella magna,Eastern Meadowlark,0.0212,D:/AcousticMonitoringData/ELDON10_Data/Week16\ELDON10_20250430_200402.wav
90.0,93.0,Spizella pusilla,Field Sparrow,0.0196,D:/AcousticMonitoringData/ELDON10_Data/Week16\ELDON10_20250430_200402.wav
90.0,93.0,Melospiza melodia,Song Sparrow,0.0120,D:/AcousticMonitoringData/ELDON10_Data/Week16\ELDON10_20250430_200402.wav
93.0,96.0,Passerina caerulea,Blue Grosbeak,0.0223,D:/AcousticMonitoringData/ELDON10_Data/Week16\ELDON10_20250430_200402.wav
93.0,96.0,Sturnella magna,Eastern Meadowlark,0.0211,D:/AcousticMonitoringData/ELDON10_Data/Week16\ELDON10_20250430_200402.wav
93.0,96.0,Spizella pusilla,Field Sparrow,0.0133,D:/AcousticMonitoringData/ELDON10_Data/Week16\ELDON10_20250430_200402.wav
96.0,99.0,Sturnella magna,Eastern Meadowlark,0.0211,D:/AcousticMonitoringData/ELDON10_Data/Week16\ELDON10_20250430_200402.wav
96.0,99.0,Spizella pusilla,Field Sparrow,0.0173,D:/AcousticMonitoringData/ELDON10_Data/Week16\ELDON10_20250430_200402.wav
96.0,99.0,Passerina caerulea,Blue Grosbeak,0.0100,D:/AcousticMonitoringData/ELDON10_Data/Week16\ELDON10_20250430_200402.wav
99.0,102.0,Spizella pusilla,Field Sparrow,0.1840,D:/AcousticMonitoringData/ELDON10_Data/Week16\ELDON10_20250430_200402.wav
99.0,102.0,Geothlypis trichas,Common Yellowthroat,0.0547,D:/AcousticMonitoringData/ELDON10_Data/Week16\ELDON10_20250430_200402.wav
99.0,102.0,Sturnella magna,Eastern Meadowlark,0.0222,D:/AcousticMonitoringData/ELDON10_Data/Week16\ELDON10_20250430_200402.wav
102.0,105.0,Spizella pusilla,Field Sparrow,0.2796,D:/AcousticMonitoringData/ELDON10_Data/Week16\ELDON10_20250430_200402.wav
102.0,105.0,Geothlypis trichas,Common Yellowthroat,0.0560,D:/AcousticMonitoringData/ELDON10_Data/Week16\ELDON10_20250430_200402.wav
102.0,105.0,Passerina caerulea,Blue Grosbeak,0.0440,D:/AcousticMonitoringData/ELDON10_Data/Week16\ELDON10_20250430_200402.wav
102.0,105.0,Sturnella magna,Eastern Meadowlark,0.0134,D:/AcousticMonitoringData/ELDON10_Data/Week16\ELDON10_20250430_200402.wav
105.0,108.0,Spizella pusilla,Field Sparrow,0.0871,D:/AcousticMonitoringData/ELDON10_Data/Week16\ELDON10_20250430_200402.wav
105.0,108.0,Melospiza melodia,Song Sparrow,0.0173,D:/AcousticMonitoringData/ELDON10_Data/Week16\ELDON10_20250430_200402.wav
105.0,108.0,Geothlypis trichas,Common Yellowthroat,0.0146,D:/AcousticMonitoringData/ELDON10_Data/Week16\ELDON10_20250430_200402.wav
108.0,111.0,Geothlypis trichas,Common Yellowthroat,0.0818,D:/AcousticMonitoringData/ELDON10_Data/Week16\ELDON10_20250430_200402.wav
108.0,111.0,Spizella pusilla,Field Sparrow,0.0124,D:/AcousticMonitoringData/ELDON10_Data/Week16\ELDON10_20250430_200402.wav
108.0,111.0,Melospiza melodia,Song Sparrow,0.0116,D:/AcousticMonitoringData/ELDON10_Data/Week16\ELDON10_20250430_200402.wav
108.0,111.0,Sturnella magna,Eastern Meadowlark,0.0104,D:/AcousticMonitoringData/ELDON10_Data/Week16\ELDON10_20250430_200402.wav
111.0,114.0,Melospiza melodia,Song Sparrow,0.0290,D:/AcousticMonitoringData/ELDON10_Data/Week16\ELDON10_20250430_200402.wav
114.0,117.0,Geothlypis trichas,Common Yellowthroat,0.1438,D:/AcousticMonitoringData/ELDON10_Data/Week16\ELDON10_20250430_200402.wav
114.0,117.0,Spizella pusilla,Field Sparrow,0.0225,D:/AcousticMonitoringData/ELDON10_Data/Week16\ELDON10_20250430_200402.wav
114.0,117.0,Melospiza melodia,Song Sparrow,0.0193,D:/AcousticMonitoringData/ELDON10_Data/Week16\ELDON10_20250430_200402.wav
114.0,117.0,Passerina caerulea,Blue Grosbeak,0.0107,D:/AcousticMonitoringData/ELDON10_Data/Week16\ELDON10_20250430_200402.wav
117.0,120.0,Geothlypis trichas,Common Yellowthroat,0.0238,D:/AcousticMonitoringData/ELDON10_Data/Week16\ELDON10_20250430_200402.wav
117.0,120.0,Sturnella magna,Eastern Meadowlark,0.0130,D:/AcousticMonitoringData/ELDON10_Data/Week16\ELDON10_20250430_200402.wav
120.0,123.0,Geothlypis trichas,Common Yellowthroat,0.1665,D:/AcousticMonitoringData/ELDON10_Data/Week16\ELDON10_20250430_200402.wav
120.0,123.0,Melospiza melodia,Song Sparrow,0.0124,D:/AcousticMonitoringData/ELDON10_Data/Week16\ELDON10_20250430_200402.wav
120.0,123.0,Passerina caerulea,Blue Grosbeak,0.0106,D:/AcousticMonitoringData/ELDON10_Data/Week16\ELDON10_20250430_200402.wav
120.0,123.0,Sturnella magna,Eastern Meadowlark,0.0105,D:/AcousticMonitoringData/ELDON10_Data/Week16\ELDON10_20250430_200402.wav
123.0,126.0,Geothlypis trichas,Common Yellowthroat,0.0185,D:/AcousticMonitoringData/ELDON10_Data/Week16\ELDON10_20250430_200402.wav
123.0,126.0,Sturnella magna,Eastern Meadowlark,0.0128,D:/AcousticMonitoringData/ELDON10_Data/Week16\ELDON10_20250430_200402.wav
126.0,129.0,Geothlypis trichas,Common Yellowthroat,0.1277,D:/AcousticMonitoringData/ELDON10_Data/Week16\ELDON10_20250430_200402.wav
126.0,129.0,Passerina caerulea,Blue Grosbeak,0.0107,D:/AcousticMonitoringData/ELDON10_Data/Week16\ELDON10_20250430_200402.wav
129.0,132.0,Geothlypis trichas,Common Yellowthroat,0.0427,D:/AcousticMonitoringData/ELDON10_Data/Week16\ELDON10_20250430_200402.wav
132.0,135.0,Spizella pusilla,Field Sparrow,0.0385,D:/AcousticMonitoringData/ELDON10_Data/Week16\ELDON10_20250430_200402.wav
132.0,135.0,Passerina caerulea,Blue Grosbeak,0.0232,D:/AcousticMonitoringData/ELDON10_Data/Week16\ELDON10_20250430_200402.wav
132.0,135.0,Sturnella magna,Eastern Meadowlark,0.0102,D:/AcousticMonitoringData/ELDON10_Data/Week16\ELDON10_20250430_200402.wav
138.0,141.0,Geothlypis trichas,Common Yellowthroat,0.0281,D:/AcousticMonitoringData/ELDON10_Data/Week16\ELDON10_20250430_200402.wav
141.0,144.0,Geothlypis trichas,Common Yellowthroat,0.0127,D:/AcousticMonitoringData/ELDON10_Data/Week16\ELDON10_20250430_200402.wav
144.0,147.0,Geothlypis trichas,Common Yellowthroat,0.0856,D:/AcousticMonitoringData/ELDON10_Data/Week16\ELDON10_20250430_200402.wav
147.0,150.0,Geothlypis trichas,Common Yellowthroat,0.0105,D:/AcousticMonitoringData/ELDON10_Data/Week16\ELDON10_20250430_200402.wav
150.0,153.0,Geothlypis trichas,Common Yellowthroat,0.1332,D:/AcousticMonitoringData/ELDON10_Data/Week16\ELDON10_20250430_200402.wav
150.0,153.0,Spizella pusilla,Field Sparrow,0.0120,D:/AcousticMonitoringData/ELDON10_Data/Week16\ELDON10_20250430_200402.wav
153.0,156.0,Geothlypis trichas,Common Yellowthroat,0.0385,D:/AcousticMonitoringData/ELDON10_Data/Week16\ELDON10_20250430_200402.wav
153.0,156.0,Spizella pusilla,Field Sparrow,0.0176,D:/AcousticMonitoringData/ELDON10_Data/Week16\ELDON10_20250430_200402.wav
168.0,171.0,Spizella pusilla,Field Sparrow,0.0127,D:/AcousticMonitoringData/ELDON10_Data/Week16\ELDON10_20250430_200402.wav
171.0,174.0,Passerina caerulea,Blue Grosbeak,0.0291,D:/AcousticMonitoringData/ELDON10_Data/Week16\ELDON10_20250430_200402.wav
171.0,174.0,Spizella pusilla,Field Sparrow,0.0152,D:/AcousticMonitoringData/ELDON10_Data/Week16\ELDON10_20250430_200402.wav
183.0,186.0,Geothlypis trichas,Common Yellowthroat,0.0249,D:/AcousticMonitoringData/ELDON10_Data/Week16\ELDON10_20250430_200402.wav
183.0,186.0,Spizella pusilla,Field Sparrow,0.0109,D:/AcousticMonitoringData/ELDON10_Data/Week16\ELDON10_20250430_200402.wav
186.0,189.0,Bartramia longicauda,Upland Sandpiper,0.0140,D:/AcousticMonitoringData/ELDON10_Data/Week16\ELDON10_20250430_200402.wav
207.0,210.0,Geothlypis trichas,Common Yellowthroat,0.0145,D:/AcousticMonitoringData/ELDON10_Data/Week16\ELDON10_20250430_200402.wav
210.0,213.0,Passerina caerulea,Blue Grosbeak,0.0345,D:/AcousticMonitoringData/ELDON10_Data/Week16\ELDON10_20250430_200402.wav
210.0,213.0,Sturnella magna,Eastern Meadowlark,0.0186,D:/AcousticMonitoringData/ELDON10_Data/Week16\ELDON10_20250430_200402.wav
210.0,213.0,Spizella pusilla,Field Sparrow,0.0129,D:/AcousticMonitoringData/ELDON10_Data/Week16\ELDON10_20250430_200402.wav
210.0,213.0,Geothlypis trichas,Common Yellowthroat,0.0101,D:/AcousticMonitoringData/ELDON10_Data/Week16\ELDON10_20250430_200402.wav
213.0,216.0,Passerina caerulea,Blue Grosbeak,0.0163,D:/AcousticMonitoringData/ELDON10_Data/Week16\ELDON10_20250430_200402.wav
213.0,216.0,Spizella pusilla,Field Sparrow,0.0123,D:/AcousticMonitoringData/ELDON10_Data/Week16\ELDON10_20250430_200402.wav
216.0,219.0,Spizella pusilla,Field Sparrow,0.0426,D:/AcousticMonitoringData/ELDON10_Data/Week16\ELDON10_20250430_200402.wav
216.0,219.0,Passerina caerulea,Blue Grosbeak,0.0159,D:/AcousticMonitoringData/ELDON10_Data/Week16\ELDON10_20250430_200402.wav
216.0,219.0,Sturnella magna,Eastern Meadowlark,0.0152,D:/AcousticMonitoringData/ELDON10_Data/Week16\ELDON10_20250430_200402.wav
216.0,219.0,Geothlypis trichas,Common Yellowthroat,0.0119,D:/AcousticMonitoringData/ELDON10_Data/Week16\ELDON10_20250430_200402.wav
219.0,222.0,Spizella pusilla,Field Sparrow,0.2639,D:/AcousticMonitoringData/ELDON10_Data/Week16\ELDON10_20250430_200402.wav
222.0,225.0,Spizella pusilla,Field Sparrow,0.4360,D:/AcousticMonitoringData/ELDON10_Data/Week16\ELDON10_20250430_200402.wav
222.0,225.0,Geothlypis trichas,Common Yellowthroat,0.0252,D:/AcousticMonitoringData/ELDON10_Data/Week16\ELDON10_20250430_200402.wav
222.0,225.0,Passerina caerulea,Blue Grosbeak,0.0130,D:/AcousticMonitoringData/ELDON10_Data/Week16\ELDON10_20250430_200402.wav
222.0,225.0,Sturnella magna,Eastern Meadowlark,0.0105,D:/AcousticMonitoringData/ELDON10_Data/Week16\ELDON10_20250430_200402.wav
225.0,228.0,Spizella pusilla,Field Sparrow,0.0233,D:/AcousticMonitoringData/ELDON10_Data/Week16\ELDON10_20250430_200402.wav
228.0,231.0,Geothlypis trichas,Common Yellowthroat,0.0672,D:/AcousticMonitoringData/ELDON10_Data/Week16\ELDON10_20250430_200402.wav
228.0,231.0,Spizella pusilla,Field Sparrow,0.0320,D:/AcousticMonitoringData/ELDON10_Data/Week16\ELDON10_20250430_200402.wav
228.0,231.0,Sturnella magna,Eastern Meadowlark,0.0163,D:/AcousticMonitoringData/ELDON10_Data/Week16\ELDON10_20250430_200402.wav
228.0,231.0,Passerina caerulea,Blue Grosbeak,0.0139,D:/AcousticMonitoringData/ELDON10_Data/Week16\ELDON10_20250430_200402.wav
234.0,237.0,Spizella pusilla,Field Sparrow,0.4971,D:/AcousticMonitoringData/ELDON10_Data/Week16\ELDON10_20250430_200402.wav
234.0,237.0,Sturnella magna,Eastern Meadowlark,0.0155,D:/AcousticMonitoringData/ELDON10_Data/Week16\ELDON10_20250430_200402.wav
234.0,237.0,Passerina caerulea,Blue Grosbeak,0.0136,D:/AcousticMonitoringData/ELDON10_Data/Week16\ELDON10_20250430_200402.wav
237.0,240.0,Spizella pusilla,Field Sparrow,0.1074,D:/AcousticMonitoringData/ELDON10_Data/Week16\ELDON10_20250430_200402.wav
237.0,240.0,Sturnella magna,Eastern Meadowlark,0.0218,D:/AcousticMonitoringData/ELDON10_Data/Week16\ELDON10_20250430_200402.wav
240.0,243.0,Spizella pusilla,Field Sparrow,0.0266,D:/AcousticMonitoringData/ELDON10_Data/Week16\ELDON10_20250430_200402.wav
240.0,243.0,Sturnella magna,Eastern Meadowlark,0.0129,D:/AcousticMonitoringData/ELDON10_Data/Week16\ELDON10_20250430_200402.wav
243.0,246.0,Geothlypis trichas,Common Yellowthroat,0.0832,D:/AcousticMonitoringData/ELDON10_Data/Week16\ELDON10_20250430_200402.wav
243.0,246.0,Spizella pusilla,Field Sparrow,0.0255,D:/AcousticMonitoringData/ELDON10_Data/Week16\ELDON10_20250430_200402.wav
243.0,246.0,Sturnella magna,Eastern Meadowlark,0.0143,D:/AcousticMonitoringData/ELDON10_Data/Week16\ELDON10_20250430_200402.wav
243.0,246.0,Passerina caerulea,Blue Grosbeak,0.0122,D:/AcousticMonitoringData/ELDON10_Data/Week16\ELDON10_20250430_200402.wav
246.0,249.0,Bartramia longicauda,Upland Sandpiper,0.0288,D:/AcousticMonitoringData/ELDON10_Data/Week16\ELDON10_20250430_200402.wav
246.0,249.0,Spizella pusilla,Field Sparrow,0.0161,D:/AcousticMonitoringData/ELDON10_Data/Week16\ELDON10_20250430_200402.wav
246.0,249.0,Sturnella magna,Eastern Meadowlark,0.0149,D:/AcousticMonitoringData/ELDON10_Data/Week16\ELDON10_20250430_200402.wav
246.0,249.0,Passerina caerulea,Blue Grosbeak,0.0141,D:/AcousticMonitoringData/ELDON10_Data/Week16\ELDON10_20250430_200402.wav
255.0,258.0,Spizella pusilla,Field Sparrow,0.1051,D:/AcousticMonitoringData/ELDON10_Data/Week16\ELDON10_20250430_200402.wav
255.0,258.0,Sturnella magna,Eastern Meadowlark,0.0100,D:/AcousticMonitoringData/ELDON10_Data/Week16\ELDON10_20250430_200402.wav
258.0,261.0,Spizella pusilla,Field Sparrow,0.0187,D:/AcousticMonitoringData/ELDON10_Data/Week16\ELDON10_20250430_200402.wav
261.0,264.0,Geothlypis trichas,Common Yellowthroat,0.0306,D:/AcousticMonitoringData/ELDON10_Data/Week16\ELDON10_20250430_200402.wav
261.0,264.0,Spizella pusilla,Field Sparrow,0.0207,D:/AcousticMonitoringData/ELDON10_Data/Week16\ELDON10_20250430_200402.wav
261.0,264.0,Sturnella magna,Eastern Meadowlark,0.0203,D:/AcousticMonitoringData/ELDON10_Data/Week16\ELDON10_20250430_200402.wav
261.0,264.0,Passerina caerulea,Blue Grosbeak,0.0195,D:/AcousticMonitoringData/ELDON10_Data/Week16\ELDON10_20250430_200402.wav
264.0,267.0,Spizella pusilla,Field Sparrow,0.0733,D:/AcousticMonitoringData/ELDON10_Data/Week16\ELDON10_20250430_200402.wav
264.0,267.0,Bartramia longicauda,Upland Sandpiper,0.0320,D:/AcousticMonitoringData/ELDON10_Data/Week16\ELDON10_20250430_200402.wav
267.0,270.0,Bartramia longicauda,Upland Sandpiper,0.0171,D:/AcousticMonitoringData/ELDON10_Data/Week16\ELDON10_20250430_200402.wav
270.0,273.0,Spizella pusilla,Field Sparrow,0.0214,D:/AcousticMonitoringData/ELDON10_Data/Week16\ELDON10_20250430_200402.wav
276.0,279.0,Passerina caerulea,Blue Grosbeak,0.0269,D:/AcousticMonitoringData/ELDON10_Data/Week16\ELDON10_20250430_200402.wav
276.0,279.0,Spizella pusilla,Field Sparrow,0.0262,D:/AcousticMonitoringData/ELDON10_Data/Week16\ELDON10_20250430_200402.wav
276.0,279.0,Sturnella magna,Eastern Meadowlark,0.0153,D:/AcousticMonitoringData/ELDON10_Data/Week16\ELDON10_20250430_200402.wav
279.0,282.0,Spizella pusilla,Field Sparrow,0.0102,D:/AcousticMonitoringData/ELDON10_Data/Week16\ELDON10_20250430_200402.wav
282.0,285.0,Spizella pusilla,Field Sparrow,0.1919,D:/AcousticMonitoringData/ELDON10_Data/Week16\ELDON10_20250430_200402.wav
282.0,285.0,Sturnella magna,Eastern Meadowlark,0.0521,D:/AcousticMonitoringData/ELDON10_Data/Week16\ELDON10_20250430_200402.wav
285.0,288.0,Passerina caerulea,Blue Grosbeak,0.0154,D:/AcousticMonitoringData/ELDON10_Data/Week16\ELDON10_20250430_200402.wav
288.0,291.0,Sturnella magna,Eastern Meadowlark,0.0232,D:/AcousticMonitoringData/ELDON10_Data/Week16\ELDON10_20250430_200402.wav
288.0,291.0,Passerina caerulea,Blue Grosbeak,0.0136,D:/AcousticMonitoringData/ELDON10_Data/Week16\ELDON10_20250430_200402.wav
291.0,294.0,Geothlypis trichas,Common Yellowthroat,0.0176,D:/AcousticMonitoringData/ELDON10_Data/Week16\ELDON10_20250430_200402.wav
291.0,294.0,Spizella pusilla,Field Sparrow,0.0102,D:/AcousticMonitoringData/ELDON10_Data/Week16\ELDON10_20250430_200402.wav
294.0,297.0,Geothlypis trichas,Common Yellowthroat,0.0286,D:/AcousticMonitoringData/ELDON10_Data/Week16\ELDON10_20250430_200402.wav
294.0,297.0,Spizella pusilla,Field Sparrow,0.0107,D:/AcousticMonitoringData/ELDON10_Data/Week16\ELDON10_20250430_200402.wav
297.0,300.0,Passerina caerulea,Blue Grosbeak,0.0133,D:/AcousticMonitoringData/ELDON10_Data/Week16\ELDON10_20250430_200402.wav
303.0,306.0,Sturnella magna,Eastern Meadowlark,0.0116,D:/AcousticMonitoringData/ELDON10_Data/Week16\ELDON10_20250430_200402.wav
303.0,306.0,Spizella pusilla,Field Sparrow,0.0103,D:/AcousticMonitoringData/ELDON10_Data/Week16\ELDON10_20250430_200402.wav
309.0,312.0,Geothlypis trichas,Common Yellowthroat,0.0918,D:/AcousticMonitoringData/ELDON10_Data/Week16\ELDON10_20250430_200402.wav
309.0,312.0,Spizella pusilla,Field Sparrow,0.0122,D:/AcousticMonitoringData/ELDON10_Data/Week16\ELDON10_20250430_200402.wav
312.0,315.0,Geothlypis trichas,Common Yellowthroat,0.3211,D:/AcousticMonitoringData/ELDON10_Data/Week16\ELDON10_20250430_200402.wav
312.0,315.0,Spizella pusilla,Field Sparrow,0.0453,D:/AcousticMonitoringData/ELDON10_Data/Week16\ELDON10_20250430_200402.wav
315.0,318.0,Sturnella magna,Eastern Meadowlark,0.0101,D:/AcousticMonitoringData/ELDON10_Data/Week16\ELDON10_20250430_200402.wav
318.0,321.0,Geothlypis trichas,Common Yellowthroat,0.0785,D:/AcousticMonitoringData/ELDON10_Data/Week16\ELDON10_20250430_200402.wav
321.0,324.0,Geothlypis trichas,Common Yellowthroat,0.0209,D:/AcousticMonitoringData/ELDON10_Data/Week16\ELDON10_20250430_200402.wav
321.0,324.0,Sturnella magna,Eastern Meadowlark,0.0208,D:/AcousticMonitoringData/ELDON10_Data/Week16\ELDON10_20250430_200402.wav
321.0,324.0,Spizella pusilla,Field Sparrow,0.0107,D:/AcousticMonitoringData/ELDON10_Data/Week16\ELDON10_20250430_200402.wav
324.0,327.0,Geothlypis trichas,Common Yellowthroat,0.0306,D:/AcousticMonitoringData/ELDON10_Data/Week16\ELDON10_20250430_200402.wav
327.0,330.0,Geothlypis trichas,Common Yellowthroat,0.0877,D:/AcousticMonitoringData/ELDON10_Data/Week16\ELDON10_20250430_200402.wav
327.0,330.0,Sturnella magna,Eastern Meadowlark,0.0293,D:/AcousticMonitoringData/ELDON10_Data/Week16\ELDON10_20250430_200402.wav
330.0,333.0,Spizella pusilla,Field Sparrow,0.0443,D:/AcousticMonitoringData/ELDON10_Data/Week16\ELDON10_20250430_200402.wav
330.0,333.0,Geothlypis trichas,Common Yellowthroat,0.0147,D:/AcousticMonitoringData/ELDON10_Data/Week16\ELDON10_20250430_200402.wav
333.0,336.0,Spizella pusilla,Field Sparrow,0.0468,D:/AcousticMonitoringData/ELDON10_Data/Week16\ELDON10_20250430_200402.wav
333.0,336.0,Sturnella magna,Eastern Meadowlark,0.0320,D:/AcousticMonitoringData/ELDON10_Data/Week16\ELDON10_20250430_200402.wav
333.0,336.0,Passerina caerulea,Blue Grosbeak,0.0216,D:/AcousticMonitoringData/ELDON10_Data/Week16\ELDON10_20250430_200402.wav
333.0,336.0,Geothlypis trichas,Common Yellowthroat,0.0183,D:/AcousticMonitoringData/ELDON10_Data/Week16\ELDON10_20250430_200402.wav
336.0,339.0,Spizella pusilla,Field Sparrow,0.1092,D:/AcousticMonitoringData/ELDON10_Data/Week16\ELDON10_20250430_200402.wav
336.0,339.0,Passerina caerulea,Blue Grosbeak,0.0310,D:/AcousticMonitoringData/ELDON10_Data/Week16\ELDON10_20250430_200402.wav
336.0,339.0,Sturnella magna,Eastern Meadowlark,0.0255,D:/AcousticMonitoringData/ELDON10_Data/Week16\ELDON10_20250430_200402.wav
339.0,342.0,Spizella pusilla,Field Sparrow,0.1745,D:/AcousticMonitoringData/ELDON10_Data/Week16\ELDON10_20250430_200402.wav
339.0,342.0,Sturnella magna,Eastern Meadowlark,0.0872,D:/AcousticMonitoringData/ELDON10_Data/Week16\ELDON10_20250430_200402.wav
339.0,342.0,Passerina caerulea,Blue Grosbeak,0.0307,D:/AcousticMonitoringData/ELDON10_Data/Week16\ELDON10_20250430_200402.wav
342.0,345.0,Spizella pusilla,Field Sparrow,0.0570,D:/AcousticMonitoringData/ELDON10_Data/Week16\ELDON10_20250430_200402.wav
342.0,345.0,Sturnella magna,Eastern Meadowlark,0.0178,D:/AcousticMonitoringData/ELDON10_Data/Week16\ELDON10_20250430_200402.wav
342.0,345.0,Passerina caerulea,Blue Grosbeak,0.0111,D:/AcousticMonitoringData/ELDON10_Data/Week16\ELDON10_20250430_200402.wav
345.0,348.0,Sturnella magna,Eastern Meadowlark,0.0235,D:/AcousticMonitoringData/ELDON10_Data/Week16\ELDON10_20250430_200402.wav
348.0,351.0,Spizella pusilla,Field Sparrow,0.0951,D:/AcousticMonitoringData/ELDON10_Data/Week16\ELDON10_20250430_200402.wav
348.0,351.0,Sturnella magna,Eastern Meadowlark,0.0270,D:/AcousticMonitoringData/ELDON10_Data/Week16\ELDON10_20250430_200402.wav
354.0,357.0,Spizella pusilla,Field Sparrow,0.0136,D:/AcousticMonitoringData/ELDON10_Data/Week16\ELDON10_20250430_200402.wav
357.0,360.0,Spizella pusilla,Field Sparrow,0.0473,D:/AcousticMonitoringData/ELDON10_Data/Week16\ELDON10_20250430_200402.wav
357.0,360.0,Sturnella magna,Eastern Meadowlark,0.0346,D:/AcousticMonitoringData/ELDON10_Data/Week16\ELDON10_20250430_200402.wav
357.0,360.0,Passerina caerulea,Blue Grosbeak,0.0276,D:/AcousticMonitoringData/ELDON10_Data/Week16\ELDON10_20250430_200402.wav
360.0,363.0,Sturnella magna,Eastern Meadowlark,0.0216,D:/AcousticMonitoringData/ELDON10_Data/Week16\ELDON10_20250430_200402.wav
360.0,363.0,Spizella pusilla,Field Sparrow,0.0195,D:/AcousticMonitoringData/ELDON10_Data/Week16\ELDON10_20250430_200402.wav
360.0,363.0,Passerina caerulea,Blue Grosbeak,0.0127,D:/AcousticMonitoringData/ELDON10_Data/Week16\ELDON10_20250430_200402.wav
363.0,366.0,Spizella pusilla,Field Sparrow,0.0241,D:/AcousticMonitoringData/ELDON10_Data/Week16\ELDON10_20250430_200402.wav
363.0,366.0,Sturnella magna,Eastern Meadowlark,0.0180,D:/AcousticMonitoringData/ELDON10_Data/Week16\ELDON10_20250430_200402.wav
366.0,369.0,Spizella pusilla,Field Sparrow,0.0413,D:/AcousticMonitoringData/ELDON10_Data/Week16\ELDON10_20250430_200402.wav
369.0,372.0,Spizella pusilla,Field Sparrow,0.1197,D:/AcousticMonitoringData/ELDON10_Data/Week16\ELDON10_20250430_200402.wav
372.0,375.0,Spizella pusilla,Field Sparrow,0.1725,D:/AcousticMonitoringData/ELDON10_Data/Week16\ELDON10_20250430_200402.wav
372.0,375.0,Geothlypis trichas,Common Yellowthroat,0.0144,D:/AcousticMonitoringData/ELDON10_Data/Week16\ELDON10_20250430_200402.wav
375.0,378.0,Spizella pusilla,Field Sparrow,0.0232,D:/AcousticMonitoringData/ELDON10_Data/Week16\ELDON10_20250430_200402.wav
378.0,381.0,Spizella pusilla,Field Sparrow,0.1036,D:/AcousticMonitoringData/ELDON10_Data/Week16\ELDON10_20250430_200402.wav
381.0,384.0,Spizella pusilla,Field Sparrow,0.0302,D:/AcousticMonitoringData/ELDON10_Data/Week16\ELDON10_20250430_200402.wav
384.0,387.0,Spizella pusilla,Field Sparrow,0.0400,D:/AcousticMonitoringData/ELDON10_Data/Week16\ELDON10_20250430_200402.wav
384.0,387.0,Sturnella magna,Eastern Meadowlark,0.0176,D:/AcousticMonitoringData/ELDON10_Data/Week16\ELDON10_20250430_200402.wav
384.0,387.0,Geothlypis trichas,Common Yellowthroat,0.0123,D:/AcousticMonitoringData/ELDON10_Data/Week16\ELDON10_20250430_200402.wav
387.0,390.0,Spizella pusilla,Field Sparrow,0.0297,D:/AcousticMonitoringData/ELDON10_Data/Week16\ELDON10_20250430_200402.wav
390.0,393.0,Spizella pusilla,Field Sparrow,0.1154,D:/AcousticMonitoringData/ELDON10_Data/Week16\ELDON10_20250430_200402.wav
390.0,393.0,Geothlypis trichas,Common Yellowthroat,0.0352,D:/AcousticMonitoringData/ELDON10_Data/Week16\ELDON10_20250430_200402.wav
390.0,393.0,Sturnella magna,Eastern Meadowlark,0.0101,D:/AcousticMonitoringData/ELDON10_Data/Week16\ELDON10_20250430_200402.wav
393.0,396.0,Geothlypis trichas,Common Yellowthroat,0.1031,D:/AcousticMonitoringData/ELDON10_Data/Week16\ELDON10_20250430_200402.wav
393.0,396.0,Spizella pusilla,Field Sparrow,0.0748,D:/AcousticMonitoringData/ELDON10_Data/Week16\ELDON10_20250430_200402.wav
396.0,399.0,Spizella pusilla,Field Sparrow,0.0673,D:/AcousticMonitoringData/ELDON10_Data/Week16\ELDON10_20250430_200402.wav
399.0,402.0,Spizella pusilla,Field Sparrow,0.3151,D:/AcousticMonitoringData/ELDON10_Data/Week16\ELDON10_20250430_200402.wav
399.0,402.0,Sturnella magna,Eastern Meadowlark,0.0144,D:/AcousticMonitoringData/ELDON10_Data/Week16\ELDON10_20250430_200402.wav
402.0,405.0,Spizella pusilla,Field Sparrow,0.0970,D:/AcousticMonitoringData/ELDON10_Data/Week16\ELDON10_20250430_200402.wav
405.0,408.0,Spizella pusilla,Field Sparrow,0.9371,D:/AcousticMonitoringData/ELDON10_Data/Week16\ELDON10_20250430_200402.wav
408.0,411.0,Spizella pusilla,Field Sparrow,0.8631,D:/AcousticMonitoringData/ELDON10_Data/Week16\ELDON10_20250430_200402.wav
411.0,414.0,Spizella pusilla,Field Sparrow,0.2966,D:/AcousticMonitoringData/ELDON10_Data/Week16\ELDON10_20250430_200402.wav
414.0,417.0,Spizella pusilla,Field Sparrow,0.4434,D:/AcousticMonitoringData/ELDON10_Data/Week16\ELDON10_20250430_200402.wav
417.0,420.0,Spizella pusilla,Field Sparrow,0.3703,D:/AcousticMonitoringData/ELDON10_Data/Week16\ELDON10_20250430_200402.wav
420.0,423.0,Spizella pusilla,Field Sparrow,0.8444,D:/AcousticMonitoringData/ELDON10_Data/Week16\ELDON10_20250430_200402.wav
423.0,426.0,Spizella pusilla,Field Sparrow,0.5437,D:/AcousticMonitoringData/ELDON10_Data/Week16\ELDON10_20250430_200402.wav
426.0,429.0,Spizella pusilla,Field Sparrow,0.1442,D:/AcousticMonitoringData/ELDON10_Data/Week16\ELDON10_20250430_200402.wav
429.0,432.0,Spizella pusilla,Field Sparrow,0.0542,D:/AcousticMonitoringData/ELDON10_Data/Week16\ELDON10_20250430_200402.wav
432.0,435.0,Spizella pusilla,Field Sparrow,0.3287,D:/AcousticMonitoringData/ELDON10_Data/Week16\ELDON10_20250430_200402.wav
435.0,438.0,Spizella pusilla,Field Sparrow,0.4054,D:/AcousticMonitoringData/ELDON10_Data/Week16\ELDON10_20250430_200402.wav
438.0,441.0,Geothlypis trichas,Common Yellowthroat,0.2419,D:/AcousticMonitoringData/ELDON10_Data/Week16\ELDON10_20250430_200402.wav
438.0,441.0,Spizella pusilla,Field Sparrow,0.0418,D:/AcousticMonitoringData/ELDON10_Data/Week16\ELDON10_20250430_200402.wav
441.0,444.0,Geothlypis trichas,Common Yellowthroat,0.0695,D:/AcousticMonitoringData/ELDON10_Data/Week16\ELDON10_20250430_200402.wav
441.0,444.0,Spizella pusilla,Field Sparrow,0.0105,D:/AcousticMonitoringData/ELDON10_Data/Week16\ELDON10_20250430_200402.wav
447.0,450.0,Spizella pusilla,Field Sparrow,0.0357,D:/AcousticMonitoringData/ELDON10_Data/Week16\ELDON10_20250430_200402.wav
450.0,453.0,Geothlypis trichas,Common Yellowthroat,0.1344,D:/AcousticMonitoringData/ELDON10_Data/Week16\ELDON10_20250430_200402.wav
450.0,453.0,Spizella pusilla,Field Sparrow,0.0882,D:/AcousticMonitoringData/ELDON10_Data/Week16\ELDON10_20250430_200402.wav
450.0,453.0,Melospiza melodia,Song Sparrow,0.0102,D:/AcousticMonitoringData/ELDON10_Data/Week16\ELDON10_20250430_200402.wav
453.0,456.0,Geothlypis trichas,Common Yellowthroat,0.5775,D:/AcousticMonitoringData/ELDON10_Data/Week16\ELDON10_20250430_200402.wav
453.0,456.0,Spizella pusilla,Field Sparrow,0.0212,D:/AcousticMonitoringData/ELDON10_Data/Week16\ELDON10_20250430_200402.wav
453.0,456.0,Melospiza melodia,Song Sparrow,0.0105,D:/AcousticMonitoringData/ELDON10_Data/Week16\ELDON10_20250430_200402.wav
456.0,459.0,Geothlypis trichas,Common Yellowthroat,0.3554,D:/AcousticMonitoringData/ELDON10_Data/Week16\ELDON10_20250430_200402.wav
456.0,459.0,Melospiza melodia,Song Sparrow,0.0397,D:/AcousticMonitoringData/ELDON10_Data/Week16\ELDON10_20250430_200402.wav
459.0,462.0,Geothlypis trichas,Common Yellowthroat,0.1667,D:/AcousticMonitoringData/ELDON10_Data/Week16\ELDON10_20250430_200402.wav
462.0,465.0,Spizella pusilla,Field Sparrow,0.0249,D:/AcousticMonitoringData/ELDON10_Data/Week16\ELDON10_20250430_200402.wav
462.0,465.0,Sturnella magna,Eastern Meadowlark,0.0186,D:/AcousticMonitoringData/ELDON10_Data/Week16\ELDON10_20250430_200402.wav
462.0,465.0,Passerina caerulea,Blue Grosbeak,0.0162,D:/AcousticMonitoringData/ELDON10_Data/Week16\ELDON10_20250430_200402.wav
465.0,468.0,Geothlypis trichas,Common Yellowthroat,0.0515,D:/AcousticMonitoringData/ELDON10_Data/Week16\ELDON10_20250430_200402.wav
465.0,468.0,Spizella pusilla,Field Sparrow,0.0101,D:/AcousticMonitoringData/ELDON10_Data/Week16\ELDON10_20250430_200402.wav
468.0,471.0,Geothlypis trichas,Common Yellowthroat,0.0497,D:/AcousticMonitoringData/ELDON10_Data/Week16\ELDON10_20250430_200402.wav
468.0,471.0,Spizella pusilla,Field Sparrow,0.0470,D:/AcousticMonitoringData/ELDON10_Data/Week16\ELDON10_20250430_200402.wav
468.0,471.0,Melospiza melodia,Song Sparrow,0.0389,D:/AcousticMonitoringData/ELDON10_Data/Week16\ELDON10_20250430_200402.wav
471.0,474.0,Geothlypis trichas,Common Yellowthroat,0.2308,D:/AcousticMonitoringData/ELDON10_Data/Week16\ELDON10_20250430_200402.wav
471.0,474.0,Spizella pusilla,Field Sparrow,0.0130,D:/AcousticMonitoringData/ELDON10_Data/Week16\ELDON10_20250430_200402.wav
474.0,477.0,Geothlypis trichas,Common Yellowthroat,0.5244,D:/AcousticMonitoringData/ELDON10_Data/Week16\ELDON10_20250430_200402.wav
474.0,477.0,Melospiza melodia,Song Sparrow,0.0176,D:/AcousticMonitoringData/ELDON10_Data/Week16\ELDON10_20250430_200402.wav
477.0,480.0,Geothlypis trichas,Common Yellowthroat,0.1073,D:/AcousticMonitoringData/ELDON10_Data/Week16\ELDON10_20250430_200402.wav
477.0,480.0,Spizella pusilla,Field Sparrow,0.0102,D:/AcousticMonitoringData/ELDON10_Data/Week16\ELDON10_20250430_200402.wav
480.0,483.0,Geothlypis trichas,Common Yellowthroat,0.1729,D:/AcousticMonitoringData/ELDON10_Data/Week16\ELDON10_20250430_200402.wav
483.0,486.0,Passerina caerulea,Blue Grosbeak,0.1270,D:/AcousticMonitoringData/ELDON10_Data/Week16\ELDON10_20250430_200402.wav
486.0,489.0,Geothlypis trichas,Common Yellowthroat,0.5088,D:/AcousticMonitoringData/ELDON10_Data/Week16\ELDON10_20250430_200402.wav
486.0,489.0,Melospiza melodia,Song Sparrow,0.0178,D:/AcousticMonitoringData/ELDON10_Data/Week16\ELDON10_20250430_200402.wav
489.0,492.0,Geothlypis trichas,Common Yellowthroat,0.7270,D:/AcousticMonitoringData/ELDON10_Data/Week16\ELDON10_20250430_200402.wav
489.0,492.0,Melospiza melodia,Song Sparrow,0.0258,D:/AcousticMonitoringData/ELDON10_Data/Week16\ELDON10_20250430_200402.wav
492.0,495.0,Geothlypis trichas,Common Yellowthroat,0.1724,D:/AcousticMonitoringData/ELDON10_Data/Week16\ELDON10_20250430_200402.wav
492.0,495.0,Melospiza melodia,Song Sparrow,0.0131,D:/AcousticMonitoringData/ELDON10_Data/Week16\ELDON10_20250430_200402.wav
492.0,495.0,Bartramia longicauda,Upland Sandpiper,0.0121,D:/AcousticMonitoringData/ELDON10_Data/Week16\ELDON10_20250430_200402.wav
495.0,498.0,Geothlypis trichas,Common Yellowthroat,0.1363,D:/AcousticMonitoringData/ELDON10_Data/Week16\ELDON10_20250430_200402.wav
498.0,501.0,Geothlypis trichas,Common Yellowthroat,0.4126,D:/AcousticMonitoringData/ELDON10_Data/Week16\ELDON10_20250430_200402.wav
501.0,504.0,Geothlypis trichas,Common Yellowthroat,0.1603,D:/AcousticMonitoringData/ELDON10_Data/Week16\ELDON10_20250430_200402.wav
501.0,504.0,Sturnella magna,Eastern Meadowlark,0.0112,D:/AcousticMonitoringData/ELDON10_Data/Week16\ELDON10_20250430_200402.wav
501.0,504.0,Spizella pusilla,Field Sparrow,0.0105,D:/AcousticMonitoringData/ELDON10_Data/Week16\ELDON10_20250430_200402.wav
504.0,507.0,Sturnella magna,Eastern Meadowlark,0.0178,D:/AcousticMonitoringData/ELDON10_Data/Week16\ELDON10_20250430_200402.wav
504.0,507.0,Passerina caerulea,Blue Grosbeak,0.0126,D:/AcousticMonitoringData/ELDON10_Data/Week16\ELDON10_20250430_200402.wav
504.0,507.0,Geothlypis trichas,Common Yellowthroat,0.0113,D:/AcousticMonitoringData/ELDON10_Data/Week16\ELDON10_20250430_200402.wav
507.0,510.0,Geothlypis trichas,Common Yellowthroat,0.0396,D:/AcousticMonitoringData/ELDON10_Data/Week16\ELDON10_20250430_200402.wav
510.0,513.0,Sturnella magna,Eastern Meadowlark,0.0227,D:/AcousticMonitoringData/ELDON10_Data/Week16\ELDON10_20250430_200402.wav
510.0,513.0,Spizella pusilla,Field Sparrow,0.0108,D:/AcousticMonitoringData/ELDON10_Data/Week16\ELDON10_20250430_200402.wav
513.0,516.0,Geothlypis trichas,Common Yellowthroat,0.0139,D:/AcousticMonitoringData/ELDON10_Data/Week16\ELDON10_20250430_200402.wav
513.0,516.0,Spizella pusilla,Field Sparrow,0.0125,D:/AcousticMonitoringData/ELDON10_Data/Week16\ELDON10_20250430_200402.wav
516.0,519.0,Geothlypis trichas,Common Yellowthroat,0.0211,D:/AcousticMonitoringData/ELDON10_Data/Week16\ELDON10_20250430_200402.wav
516.0,519.0,Spizella pusilla,Field Sparrow,0.0167,D:/AcousticMonitoringData/ELDON10_Data/Week16\ELDON10_20250430_200402.wav
516.0,519.0,Sturnella magna,Eastern Meadowlark,0.0123,D:/AcousticMonitoringData/ELDON10_Data/Week16\ELDON10_20250430_200402.wav
519.0,522.0,Spizella pusilla,Field Sparrow,0.4062,D:/AcousticMonitoringData/ELDON10_Data/Week16\ELDON10_20250430_200402.wav
519.0,522.0,Sturnella magna,Eastern Meadowlark,0.0138,D:/AcousticMonitoringData/ELDON10_Data/Week16\ELDON10_20250430_200402.wav
519.0,522.0,Geothlypis trichas,Common Yellowthroat,0.0105,D:/AcousticMonitoringData/ELDON10_Data/Week16\ELDON10_20250430_200402.wav
522.0,525.0,Spizella pusilla,Field Sparrow,0.2302,D:/AcousticMonitoringData/ELDON10_Data/Week16\ELDON10_20250430_200402.wav
522.0,525.0,Passerina caerulea,Blue Grosbeak,0.0301,D:/AcousticMonitoringData/ELDON10_Data/Week16\ELDON10_20250430_200402.wav
522.0,525.0,Sturnella magna,Eastern Meadowlark,0.0228,D:/AcousticMonitoringData/ELDON10_Data/Week16\ELDON10_20250430_200402.wav
525.0,528.0,Spizella pusilla,Field Sparrow,0.0324,D:/AcousticMonitoringData/ELDON10_Data/Week16\ELDON10_20250430_200402.wav
525.0,528.0,Passerina caerulea,Blue Grosbeak,0.0164,D:/AcousticMonitoringData/ELDON10_Data/Week16\ELDON10_20250430_200402.wav
528.0,531.0,Spizella pusilla,Field Sparrow,0.0156,D:/AcousticMonitoringData/ELDON10_Data/Week16\ELDON10_20250430_200402.wav
531.0,534.0,Spizella pusilla,Field Sparrow,0.0146,D:/AcousticMonitoringData/ELDON10_Data/Week16\ELDON10_20250430_200402.wav
531.0,534.0,Geothlypis trichas,Common Yellowthroat,0.0104,D:/AcousticMonitoringData/ELDON10_Data/Week16\ELDON10_20250430_200402.wav
534.0,537.0,Spizella pusilla,Field Sparrow,0.0147,D:/AcousticMonitoringData/ELDON10_Data/Week16\ELDON10_20250430_200402.wav
537.0,540.0,Sturnella magna,Eastern Meadowlark,0.0132,D:/AcousticMonitoringData/ELDON10_Data/Week16\ELDON10_20250430_200402.wav
540.0,543.0,Geothlypis trichas,Common Yellowthroat,0.0887,D:/AcousticMonitoringData/ELDON10_Data/Week16\ELDON10_20250430_200402.wav
543.0,546.0,Geothlypis trichas,Common Yellowthroat,0.0309,D:/AcousticMonitoringData/ELDON10_Data/Week16\ELDON10_20250430_200402.wav
543.0,546.0,Sturnella magna,Eastern Meadowlark,0.0141,D:/AcousticMonitoringData/ELDON10_Data/Week16\ELDON10_20250430_200402.wav
543.0,546.0,Spizella pusilla,Field Sparrow,0.0124,D:/AcousticMonitoringData/ELDON10_Data/Week16\ELDON10_20250430_200402.wav
543.0,546.0,Passerina caerulea,Blue Grosbeak,0.0115,D:/AcousticMonitoringData/ELDON10_Data/Week16\ELDON10_20250430_200402.wav
546.0,549.0,Geothlypis trichas,Common Yellowthroat,0.0491,D:/AcousticMonitoringData/ELDON10_Data/Week16\ELDON10_20250430_200402.wav
549.0,552.0,Sturnella magna,Eastern Meadowlark,0.0179,D:/AcousticMonitoringData/ELDON10_Data/Week16\ELDON10_20250430_200402.wav
549.0,552.0,Passerina caerulea,Blue Grosbeak,0.0147,D:/AcousticMonitoringData/ELDON10_Data/Week16\ELDON10_20250430_200402.wav
549.0,552.0,Spizella pusilla,Field Sparrow,0.0133,D:/AcousticMonitoringData/ELDON10_Data/Week16\ELDON10_20250430_200402.wav
552.0,555.0,Sturnella magna,Eastern Meadowlark,0.0341,D:/AcousticMonitoringData/ELDON10_Data/Week16\ELDON10_20250430_200402.wav
552.0,555.0,Geothlypis trichas,Common Yellowthroat,0.0251,D:/AcousticMonitoringData/ELDON10_Data/Week16\ELDON10_20250430_200402.wav
552.0,555.0,Spizella pusilla,Field Sparrow,0.0141,D:/AcousticMonitoringData/ELDON10_Data/Week16\ELDON10_20250430_200402.wav
555.0,558.0,Geothlypis trichas,Common Yellowthroat,0.0216,D:/AcousticMonitoringData/ELDON10_Data/Week16\ELDON10_20250430_200402.wav
555.0,558.0,Sturnella magna,Eastern Meadowlark,0.0105,D:/AcousticMonitoringData/ELDON10_Data/Week16\ELDON10_20250430_200402.wav
558.0,561.0,Sturnella magna,Eastern Meadowlark,0.0110,D:/AcousticMonitoringData/ELDON10_Data/Week16\ELDON10_20250430_200402.wav
564.0,567.0,Passerina caerulea,Blue Grosbeak,0.0265,D:/AcousticMonitoringData/ELDON10_Data/Week16\ELDON10_20250430_200402.wav
564.0,567.0,Sturnella magna,Eastern Meadowlark,0.0211,D:/AcousticMonitoringData/ELDON10_Data/Week16\ELDON10_20250430_200402.wav
567.0,570.0,Sturnella magna,Eastern Meadowlark,0.0720,D:/AcousticMonitoringData/ELDON10_Data/Week16\ELDON10_20250430_200402.wav
567.0,570.0,Spizella pusilla,Field Sparrow,0.0134,D:/AcousticMonitoringData/ELDON10_Data/Week16\ELDON10_20250430_200402.wav
570.0,573.0,Sturnella magna,Eastern Meadowlark,0.0254,D:/AcousticMonitoringData/ELDON10_Data/Week16\ELDON10_20250430_200402.wav
570.0,573.0,Bartramia longicauda,Upland Sandpiper,0.0123,D:/AcousticMonitoringData/ELDON10_Data/Week16\ELDON10_20250430_200402.wav
570.0,573.0,Spizella pusilla,Field Sparrow,0.0121,D:/AcousticMonitoringData/ELDON10_Data/Week16\ELDON10_20250430_200402.wav
573.0,576.0,Spizella pusilla,Field Sparrow,0.0338,D:/AcousticMonitoringData/ELDON10_Data/Week16\ELDON10_20250430_200402.wav
576.0,579.0,Spizella pusilla,Field Sparrow,0.1779,D:/AcousticMonitoringData/ELDON10_Data/Week16\ELDON10_20250430_200402.wav
576.0,579.0,Sturnella magna,Eastern Meadowlark,0.0287,D:/AcousticMonitoringData/ELDON10_Data/Week16\ELDON10_20250430_200402.wav
579.0,582.0,Sturnella magna,Eastern Meadowlark,0.0370,D:/AcousticMonitoringData/ELDON10_Data/Week16\ELDON10_20250430_200402.wav
579.0,582.0,Spizella pusilla,Field Sparrow,0.0339,D:/AcousticMonitoringData/ELDON10_Data/Week16\ELDON10_20250430_200402.wav
579.0,582.0,Passerina caerulea,Blue Grosbeak,0.0133,D:/AcousticMonitoringData/ELDON10_Data/Week16\ELDON10_20250430_200402.wav
582.0,585.0,Spizella pusilla,Field Sparrow,0.0249,D:/AcousticMonitoringData/ELDON10_Data/Week16\ELDON10_20250430_200402.wav
582.0,585.0,Sturnella magna,Eastern Meadowlark,0.0209,D:/AcousticMonitoringData/ELDON10_Data/Week16\ELDON10_20250430_200402.wav
585.0,588.0,Spizella pusilla,Field Sparrow,0.0296,D:/AcousticMonitoringData/ELDON10_Data/Week16\ELDON10_20250430_200402.wav
588.0,591.0,Geothlypis trichas,Common Yellowthroat,0.0233,D:/AcousticMonitoringData/ELDON10_Data/Week16\ELDON10_20250430_200402.wav
591.0,594.0,Geothlypis trichas,Common Yellowthroat,0.0161,D:/AcousticMonitoringData/ELDON10_Data/Week16\ELDON10_20250430_200402.wav
591.0,594.0,Spizella pusilla,Field Sparrow,0.0150,D:/AcousticMonitoringData/ELDON10_Data/Week16\ELDON10_20250430_200402.wav
591.0,594.0,Sturnella magna,Eastern Meadowlark,0.0130,D:/AcousticMonitoringData/ELDON10_Data/Week16\ELDON10_20250430_200402.wav
594.0,597.0,Spizella pusilla,Field Sparrow,0.0719,D:/AcousticMonitoringData/ELDON10_Data/Week16\ELDON10_20250430_200402.wav
594.0,597.0,Passerina caerulea,Blue Grosbeak,0.0235,D:/AcousticMonitoringData/ELDON10_Data/Week16\ELDON10_20250430_200402.wav
594.0,597.0,Geothlypis trichas,Common Yellowthroat,0.0185,D:/AcousticMonitoringData/ELDON10_Data/Week16\ELDON10_20250430_200402.wav
594.0,597.0,Sturnella magna,Eastern Meadowlark,0.0169,D:/AcousticMonitoringData/ELDON10_Data/Week16\ELDON10_20250430_200402.wav
597.0,600.0,Geothlypis trichas,Common Yellowthroat,0.2659,D:/AcousticMonitoringData/ELDON10_Data/Week16\ELDON10_20250430_200402.wav
597.0,600.0,Spizella pusilla,Field Sparrow,0.0466,D:/AcousticMonitoringData/ELDON10_Data/Week16\ELDON10_20250430_200402.wav
600.0,603.0,Geothlypis trichas,Common Yellowthroat,0.1615,D:/AcousticMonitoringData/ELDON10_Data/Week16\ELDON10_20250430_200402.wav
600.0,603.0,Spizella pusilla,Field Sparrow,0.0193,D:/AcousticMonitoringData/ELDON10_Data/Week16\ELDON10_20250430_200402.wav
600.0,603.0,Passerina caerulea,Blue Grosbeak,0.0123,D:/AcousticMonitoringData/ELDON10_Data/Week16\ELDON10_20250430_200402.wav
603.0,606.0,Geothlypis trichas,Common Yellowthroat,0.0880,D:/AcousticMonitoringData/ELDON10_Data/Week16\ELDON10_20250430_200402.wav
603.0,606.0,Spizella pusilla,Field Sparrow,0.0588,D:/AcousticMonitoringData/ELDON10_Data/Week16\ELDON10_20250430_200402.wav
606.0,609.0,Spizella pusilla,Field Sparrow,0.0780,D:/AcousticMonitoringData/ELDON10_Data/Week16\ELDON10_20250430_200402.wav
606.0,609.0,Geothlypis trichas,Common Yellowthroat,0.0325,D:/AcousticMonitoringData/ELDON10_Data/Week16\ELDON10_20250430_200402.wav
609.0,612.0,Geothlypis trichas,Common Yellowthroat,0.0640,D:/AcousticMonitoringData/ELDON10_Data/Week16\ELDON10_20250430_200402.wav
609.0,612.0,Spizella pusilla,Field Sparrow,0.0263,D:/AcousticMonitoringData/ELDON10_Data/Week16\ELDON10_20250430_200402.wav
612.0,615.0,Spizella pusilla,Field Sparrow,0.0373,D:/AcousticMonitoringData/ELDON10_Data/Week16\ELDON10_20250430_200402.wav
612.0,615.0,Passerina caerulea,Blue Grosbeak,0.0113,D:/AcousticMonitoringData/ELDON10_Data/Week16\ELDON10_20250430_200402.wav
615.0,618.0,Spizella pusilla,Field Sparrow,0.0289,D:/AcousticMonitoringData/ELDON10_Data/Week16\ELDON10_20250430_200402.wav
624.0,627.0,Spizella pusilla,Field Sparrow,0.0336,D:/AcousticMonitoringData/ELDON10_Data/Week16\ELDON10_20250430_200402.wav
624.0,627.0,Geothlypis trichas,Common Yellowthroat,0.0185,D:/AcousticMonitoringData/ELDON10_Data/Week16\ELDON10_20250430_200402.wav
627.0,630.0,Spizella pusilla,Field Sparrow,0.0223,D:/AcousticMonitoringData/ELDON10_Data/Week16\ELDON10_20250430_200402.wav
636.0,639.0,Spizella pusilla,Field Sparrow,0.0243,D:/AcousticMonitoringData/ELDON10_Data/Week16\ELDON10_20250430_200402.wav
636.0,639.0,Sturnella magna,Eastern Meadowlark,0.0113,D:/AcousticMonitoringData/ELDON10_Data/Week16\ELDON10_20250430_200402.wav
636.0,639.0,Geothlypis trichas,Common Yellowthroat,0.0101,D:/AcousticMonitoringData/ELDON10_Data/Week16\ELDON10_20250430_200402.wav
639.0,642.0,Geothlypis trichas,Common Yellowthroat,0.1070,D:/AcousticMonitoringData/ELDON10_Data/Week16\ELDON10_20250430_200402.wav
639.0,642.0,Spizella pusilla,Field Sparrow,0.0219,D:/AcousticMonitoringData/ELDON10_Data/Week16\ELDON10_20250430_200402.wav
642.0,645.0,Spizella pusilla,Field Sparrow,0.0333,D:/AcousticMonitoringData/ELDON10_Data/Week16\ELDON10_20250430_200402.wav
642.0,645.0,Sturnella magna,Eastern Meadowlark,0.0132,D:/AcousticMonitoringData/ELDON10_Data/Week16\ELDON10_20250430_200402.wav
642.0,645.0,Geothlypis trichas,Common Yellowthroat,0.0107,D:/AcousticMonitoringData/ELDON10_Data/Week16\ELDON10_20250430_200402.wav
642.0,645.0,Passerina caerulea,Blue Grosbeak,0.0106,D:/AcousticMonitoringData/ELDON10_Data/Week16\ELDON10_20250430_200402.wav
645.0,648.0,Spizella pusilla,Field Sparrow,0.0143,D:/AcousticMonitoringData/ELDON10_Data/Week16\ELDON10_20250430_200402.wav
660.0,663.0,Geothlypis trichas,Common Yellowthroat,0.0121,D:/AcousticMonitoringData/ELDON10_Data/Week16\ELDON10_20250430_200402.wav
663.0,666.0,Geothlypis trichas,Common Yellowthroat,0.0118,D:/AcousticMonitoringData/ELDON10_Data/Week16\ELDON10_20250430_200402.wav
663.0,666.0,Sturnella magna,Eastern Meadowlark,0.0109,D:/AcousticMonitoringData/ELDON10_Data/Week16\ELDON10_20250430_200402.wav
666.0,669.0,Geothlypis trichas,Common Yellowthroat,0.0339,D:/AcousticMonitoringData/ELDON10_Data/Week16\ELDON10_20250430_200402.wav
666.0,669.0,Passerina caerulea,Blue Grosbeak,0.0137,D:/AcousticMonitoringData/ELDON10_Data/Week16\ELDON10_20250430_200402.wav
666.0,669.0,Sturnella magna,Eastern Meadowlark,0.0130,D:/AcousticMonitoringData/ELDON10_Data/Week16\ELDON10_20250430_200402.wav
666.0,669.0,Spizella pusilla,Field Sparrow,0.0127,D:/AcousticMonitoringData/ELDON10_Data/Week16\ELDON10_20250430_200402.wav
669.0,672.0,Geothlypis trichas,Common Yellowthroat,0.0279,D:/AcousticMonitoringData/ELDON10_Data/Week16\ELDON10_20250430_200402.wav
669.0,672.0,Sturnella magna,Eastern Meadowlark,0.0154,D:/AcousticMonitoringData/ELDON10_Data/Week16\ELDON10_20250430_200402.wav
675.0,678.0,Geothlypis trichas,Common Yellowthroat,0.0278,D:/AcousticMonitoringData/ELDON10_Data/Week16\ELDON10_20250430_200402.wav
678.0,681.0,Geothlypis trichas,Common Yellowthroat,0.1051,D:/AcousticMonitoringData/ELDON10_Data/Week16\ELDON10_20250430_200402.wav
678.0,681.0,Bartramia longicauda,Upland Sandpiper,0.0132,D:/AcousticMonitoringData/ELDON10_Data/Week16\ELDON10_20250430_200402.wav
681.0,684.0,Geothlypis trichas,Common Yellowthroat,0.0170,D:/AcousticMonitoringData/ELDON10_Data/Week16\ELDON10_20250430_200402.wav
684.0,687.0,Spizella pusilla,Field Sparrow,0.0143,D:/AcousticMonitoringData/ELDON10_Data/Week16\ELDON10_20250430_200402.wav
684.0,687.0,Geothlypis trichas,Common Yellowthroat,0.0120,D:/AcousticMonitoringData/ELDON10_Data/Week16\ELDON10_20250430_200402.wav
687.0,690.0,Geothlypis trichas,Common Yellowthroat,0.0189,D:/AcousticMonitoringData/ELDON10_Data/Week16\ELDON10_20250430_200402.wav
687.0,690.0,Bartramia longicauda,Upland Sandpiper,0.0184,D:/AcousticMonitoringData/ELDON10_Data/Week16\ELDON10_20250430_200402.wav
687.0,690.0,Sturnella magna,Eastern Meadowlark,0.0118,D:/AcousticMonitoringData/ELDON10_Data/Week16\ELDON10_20250430_200402.wav
690.0,693.0,Geothlypis trichas,Common Yellowthroat,0.0655,D:/AcousticMonitoringData/ELDON10_Data/Week16\ELDON10_20250430_200402.wav
693.0,696.0,Geothlypis trichas,Common Yellowthroat,0.1620,D:/AcousticMonitoringData/ELDON10_Data/Week16\ELDON10_20250430_200402.wav
693.0,696.0,Bartramia longicauda,Upland Sandpiper,0.0221,D:/AcousticMonitoringData/ELDON10_Data/Week16\ELDON10_20250430_200402.wav
696.0,699.0,Geothlypis trichas,Common Yellowthroat,0.0101,D:/AcousticMonitoringData/ELDON10_Data/Week16\ELDON10_20250430_200402.wav
699.0,702.0,Geothlypis trichas,Common Yellowthroat,0.0197,D:/AcousticMonitoringData/ELDON10_Data/Week16\ELDON10_20250430_200402.wav
702.0,705.0,Spizella pusilla,Field Sparrow,0.0411,D:/AcousticMonitoringData/ELDON10_Data/Week16\ELDON10_20250430_200402.wav
708.0,711.0,Spizella pusilla,Field Sparrow,0.0254,D:/AcousticMonitoringData/ELDON10_Data/Week16\ELDON10_20250430_200402.wav
708.0,711.0,Geothlypis trichas,Common Yellowthroat,0.0235,D:/AcousticMonitoringData/ELDON10_Data/Week16\ELDON10_20250430_200402.wav
708.0,711.0,Sturnella magna,Eastern Meadowlark,0.0116,D:/AcousticMonitoringData/ELDON10_Data/Week16\ELDON10_20250430_200402.wav
708.0,711.0,Passerina caerulea,Blue Grosbeak,0.0101,D:/AcousticMonitoringData/ELDON10_Data/Week16\ELDON10_20250430_200402.wav
711.0,714.0,Geothlypis trichas,Common Yellowthroat,0.0927,D:/AcousticMonitoringData/ELDON10_Data/Week16\ELDON10_20250430_200402.wav
711.0,714.0,Spizella pusilla,Field Sparrow,0.0124,D:/AcousticMonitoringData/ELDON10_Data/Week16\ELDON10_20250430_200402.wav
714.0,717.0,Geothlypis trichas,Common Yellowthroat,0.0706,D:/AcousticMonitoringData/ELDON10_Data/Week16\ELDON10_20250430_200402.wav
714.0,717.0,Spizella pusilla,Field Sparrow,0.0692,D:/AcousticMonitoringData/ELDON10_Data/Week16\ELDON10_20250430_200402.wav
720.0,723.0,Geothlypis trichas,Common Yellowthroat,0.0132,D:/AcousticMonitoringData/ELDON10_Data/Week16\ELDON10_20250430_200402.wav
720.0,723.0,Bartramia longicauda,Upland Sandpiper,0.0115,D:/AcousticMonitoringData/ELDON10_Data/Week16\ELDON10_20250430_200402.wav
723.0,726.0,Geothlypis trichas,Common Yellowthroat,0.1562,D:/AcousticMonitoringData/ELDON10_Data/Week16\ELDON10_20250430_200402.wav
723.0,726.0,Spizella pusilla,Field Sparrow,0.0262,D:/AcousticMonitoringData/ELDON10_Data/Week16\ELDON10_20250430_200402.wav
726.0,729.0,Geothlypis trichas,Common Yellowthroat,0.0220,D:/AcousticMonitoringData/ELDON10_Data/Week16\ELDON10_20250430_200402.wav
729.0,732.0,Geothlypis trichas,Common Yellowthroat,0.0384,D:/AcousticMonitoringData/ELDON10_Data/Week16\ELDON10_20250430_200402.wav
732.0,735.0,Geothlypis trichas,Common Yellowthroat,0.0658,D:/AcousticMonitoringData/ELDON10_Data/Week16\ELDON10_20250430_200402.wav
735.0,738.0,Geothlypis trichas,Common Yellowthroat,0.0480,D:/AcousticMonitoringData/ELDON10_Data/Week16\ELDON10_20250430_200402.wav
741.0,744.0,Geothlypis trichas,Common Yellowthroat,0.0403,D:/AcousticMonitoringData/ELDON10_Data/Week16\ELDON10_20250430_200402.wav
744.0,747.0,Geothlypis trichas,Common Yellowthroat,0.0254,D:/AcousticMonitoringData/ELDON10_Data/Week16\ELDON10_20250430_200402.wav
744.0,747.0,Sturnella magna,Eastern Meadowlark,0.0226,D:/AcousticMonitoringData/ELDON10_Data/Week16\ELDON10_20250430_200402.wav
744.0,747.0,Passerina caerulea,Blue Grosbeak,0.0166,D:/AcousticMonitoringData/ELDON10_Data/Week16\ELDON10_20250430_200402.wav
744.0,747.0,Spizella pusilla,Field Sparrow,0.0132,D:/AcousticMonitoringData/ELDON10_Data/Week16\ELDON10_20250430_200402.wav
747.0,750.0,Geothlypis trichas,Common Yellowthroat,0.0115,D:/AcousticMonitoringData/ELDON10_Data/Week16\ELDON10_20250430_200402.wav
750.0,753.0,Geothlypis trichas,Common Yellowthroat,0.0449,D:/AcousticMonitoringData/ELDON10_Data/Week16\ELDON10_20250430_200402.wav
753.0,756.0,Geothlypis trichas,Common Yellowthroat,0.0558,D:/AcousticMonitoringData/ELDON10_Data/Week16\ELDON10_20250430_200402.wav
756.0,759.0,Geothlypis trichas,Common Yellowthroat,0.0350,D:/AcousticMonitoringData/ELDON10_Data/Week16\ELDON10_20250430_200402.wav
762.0,765.0,Geothlypis trichas,Common Yellowthroat,0.0341,D:/AcousticMonitoringData/ELDON10_Data/Week16\ELDON10_20250430_200402.wav
762.0,765.0,Spizella pusilla,Field Sparrow,0.0315,D:/AcousticMonitoringData/ELDON10_Data/Week16\ELDON10_20250430_200402.wav
765.0,768.0,Geothlypis trichas,Common Yellowthroat,0.6007,D:/AcousticMonitoringData/ELDON10_Data/Week16\ELDON10_20250430_200402.wav
768.0,771.0,Geothlypis trichas,Common Yellowthroat,0.0575,D:/AcousticMonitoringData/ELDON10_Data/Week16\ELDON10_20250430_200402.wav
768.0,771.0,Spizella pusilla,Field Sparrow,0.0230,D:/AcousticMonitoringData/ELDON10_Data/Week16\ELDON10_20250430_200402.wav
771.0,774.0,Spizella pusilla,Field Sparrow,0.0413,D:/AcousticMonitoringData/ELDON10_Data/Week16\ELDON10_20250430_200402.wav
771.0,774.0,Geothlypis trichas,Common Yellowthroat,0.0363,D:/AcousticMonitoringData/ELDON10_Data/Week16\ELDON10_20250430_200402.wav
774.0,777.0,Geothlypis trichas,Common Yellowthroat,0.0526,D:/AcousticMonitoringData/ELDON10_Data/Week16\ELDON10_20250430_200402.wav
774.0,777.0,Sturnella magna,Eastern Meadowlark,0.0159,D:/AcousticMonitoringData/ELDON10_Data/Week16\ELDON10_20250430_200402.wav
780.0,783.0,Geothlypis trichas,Common Yellowthroat,0.1061,D:/AcousticMonitoringData/ELDON10_Data/Week16\ELDON10_20250430_200402.wav
780.0,783.0,Spizella pusilla,Field Sparrow,0.0182,D:/AcousticMonitoringData/ELDON10_Data/Week16\ELDON10_20250430_200402.wav
780.0,783.0,Sturnella magna,Eastern Meadowlark,0.0107,D:/AcousticMonitoringData/ELDON10_Data/Week16\ELDON10_20250430_200402.wav
783.0,786.0,Geothlypis trichas,Common Yellowthroat,0.2872,D:/AcousticMonitoringData/ELDON10_Data/Week16\ELDON10_20250430_200402.wav
783.0,786.0,Spizella pusilla,Field Sparrow,0.0243,D:/AcousticMonitoringData/ELDON10_Data/Week16\ELDON10_20250430_200402.wav
783.0,786.0,Passerina caerulea,Blue Grosbeak,0.0109,D:/AcousticMonitoringData/ELDON10_Data/Week16\ELDON10_20250430_200402.wav
786.0,789.0,Geothlypis trichas,Common Yellowthroat,0.2605,D:/AcousticMonitoringData/ELDON10_Data/Week16\ELDON10_20250430_200402.wav
786.0,789.0,Spizella pusilla,Field Sparrow,0.0246,D:/AcousticMonitoringData/ELDON10_Data/Week16\ELDON10_20250430_200402.wav
789.0,792.0,Geothlypis trichas,Common Yellowthroat,0.0796,D:/AcousticMonitoringData/ELDON10_Data/Week16\ELDON10_20250430_200402.wav
789.0,792.0,Passerina caerulea,Blue Grosbeak,0.0161,D:/AcousticMonitoringData/ELDON10_Data/Week16\ELDON10_20250430_200402.wav
792.0,795.0,Geothlypis trichas,Common Yellowthroat,0.1364,D:/AcousticMonitoringData/ELDON10_Data/Week16\ELDON10_20250430_200402.wav
792.0,795.0,Spizella pusilla,Field Sparrow,0.0291,D:/AcousticMonitoringData/ELDON10_Data/Week16\ELDON10_20250430_200402.wav
792.0,795.0,Sturnella magna,Eastern Meadowlark,0.0206,D:/AcousticMonitoringData/ELDON10_Data/Week16\ELDON10_20250430_200402.wav
795.0,798.0,Geothlypis trichas,Common Yellowthroat,0.5184,D:/AcousticMonitoringData/ELDON10_Data/Week16\ELDON10_20250430_200402.wav
795.0,798.0,Spizella pusilla,Field Sparrow,0.0129,D:/AcousticMonitoringData/ELDON10_Data/Week16\ELDON10_20250430_200402.wav
798.0,801.0,Geothlypis trichas,Common Yellowthroat,0.0702,D:/AcousticMonitoringData/ELDON10_Data/Week16\ELDON10_20250430_200402.wav
798.0,801.0,Melospiza melodia,Song Sparrow,0.0459,D:/AcousticMonitoringData/ELDON10_Data/Week16\ELDON10_20250430_200402.wav
798.0,801.0,Spizella pusilla,Field Sparrow,0.0427,D:/AcousticMonitoringData/ELDON10_Data/Week16\ELDON10_20250430_200402.wav
798.0,801.0,Sturnella magna,Eastern Meadowlark,0.0127,D:/AcousticMonitoringData/ELDON10_Data/Week16\ELDON10_20250430_200402.wav
801.0,804.0,Sturnella magna,Eastern Meadowlark,0.0335,D:/AcousticMonitoringData/ELDON10_Data/Week16\ELDON10_20250430_200402.wav
801.0,804.0,Spizella pusilla,Field Sparrow,0.0154,D:/AcousticMonitoringData/ELDON10_Data/Week16\ELDON10_20250430_200402.wav
804.0,807.0,Spizella pusilla,Field Sparrow,0.0397,D:/AcousticMonitoringData/ELDON10_Data/Week16\ELDON10_20250430_200402.wav
804.0,807.0,Geothlypis trichas,Common Yellowthroat,0.0130,D:/AcousticMonitoringData/ELDON10_Data/Week16\ELDON10_20250430_200402.wav
807.0,810.0,Geothlypis trichas,Common Yellowthroat,0.3652,D:/AcousticMonitoringData/ELDON10_Data/Week16\ELDON10_20250430_200402.wav
807.0,810.0,Spizella pusilla,Field Sparrow,0.0258,D:/AcousticMonitoringData/ELDON10_Data/Week16\ELDON10_20250430_200402.wav
810.0,813.0,Geothlypis trichas,Common Yellowthroat,0.0468,D:/AcousticMonitoringData/ELDON10_Data/Week16\ELDON10_20250430_200402.wav
810.0,813.0,Sturnella magna,Eastern Meadowlark,0.0186,D:/AcousticMonitoringData/ELDON10_Data/Week16\ELDON10_20250430_200402.wav
813.0,816.0,Geothlypis trichas,Common Yellowthroat,0.0319,D:/AcousticMonitoringData/ELDON10_Data/Week16\ELDON10_20250430_200402.wav
816.0,819.0,Geothlypis trichas,Common Yellowthroat,0.0401,D:/AcousticMonitoringData/ELDON10_Data/Week16\ELDON10_20250430_200402.wav
816.0,819.0,Passerina caerulea,Blue Grosbeak,0.0231,D:/AcousticMonitoringData/ELDON10_Data/Week16\ELDON10_20250430_200402.wav
816.0,819.0,Spizella pusilla,Field Sparrow,0.0164,D:/AcousticMonitoringData/ELDON10_Data/Week16\ELDON10_20250430_200402.wav
816.0,819.0,Sturnella magna,Eastern Meadowlark,0.0145,D:/AcousticMonitoringData/ELDON10_Data/Week16\ELDON10_20250430_200402.wav
819.0,822.0,Geothlypis trichas,Common Yellowthroat,0.4965,D:/AcousticMonitoringData/ELDON10_Data/Week16\ELDON10_20250430_200402.wav
822.0,825.0,Geothlypis trichas,Common Yellowthroat,0.1707,D:/AcousticMonitoringData/ELDON10_Data/Week16\ELDON10_20250430_200402.wav
825.0,828.0,Geothlypis trichas,Common Yellowthroat,0.3307,D:/AcousticMonitoringData/ELDON10_Data/Week16\ELDON10_20250430_200402.wav
825.0,828.0,Melospiza melodia,Song Sparrow,0.0339,D:/AcousticMonitoringData/ELDON10_Data/Week16\ELDON10_20250430_200402.wav
825.0,828.0,Spizella pusilla,Field Sparrow,0.0167,D:/AcousticMonitoringData/ELDON10_Data/Week16\ELDON10_20250430_200402.wav
828.0,831.0,Geothlypis trichas,Common Yellowthroat,0.0572,D:/AcousticMonitoringData/ELDON10_Data/Week16\ELDON10_20250430_200402.wav
828.0,831.0,Spizella pusilla,Field Sparrow,0.0137,D:/AcousticMonitoringData/ELDON10_Data/Week16\ELDON10_20250430_200402.wav
831.0,834.0,Geothlypis trichas,Common Yellowthroat,0.4625,D:/AcousticMonitoringData/ELDON10_Data/Week16\ELDON10_20250430_200402.wav
831.0,834.0,Spizella pusilla,Field Sparrow,0.0154,D:/AcousticMonitoringData/ELDON10_Data/Week16\ELDON10_20250430_200402.wav
834.0,837.0,Geothlypis trichas,Common Yellowthroat,0.2602,D:/AcousticMonitoringData/ELDON10_Data/Week16\ELDON10_20250430_200402.wav
834.0,837.0,Spizella pusilla,Field Sparrow,0.0272,D:/AcousticMonitoringData/ELDON10_Data/Week16\ELDON10_20250430_200402.wav
834.0,837.0,Sturnella magna,Eastern Meadowlark,0.0170,D:/AcousticMonitoringData/ELDON10_Data/Week16\ELDON10_20250430_200402.wav
837.0,840.0,Geothlypis trichas,Common Yellowthroat,0.0321,D:/AcousticMonitoringData/ELDON10_Data/Week16\ELDON10_20250430_200402.wav
837.0,840.0,Spizella pusilla,Field Sparrow,0.0236,D:/AcousticMonitoringData/ELDON10_Data/Week16\ELDON10_20250430_200402.wav
837.0,840.0,Passerina caerulea,Blue Grosbeak,0.0183,D:/AcousticMonitoringData/ELDON10_Data/Week16\ELDON10_20250430_200402.wav
840.0,843.0,Geothlypis trichas,Common Yellowthroat,0.3535,D:/AcousticMonitoringData/ELDON10_Data/Week16\ELDON10_20250430_200402.wav
840.0,843.0,Spizella pusilla,Field Sparrow,0.0165,D:/AcousticMonitoringData/ELDON10_Data/Week16\ELDON10_20250430_200402.wav
840.0,843.0,Passerina caerulea,Blue Grosbeak,0.0119,D:/AcousticMonitoringData/ELDON10_Data/Week16\ELDON10_20250430_200402.wav
843.0,846.0,Geothlypis trichas,Common Yellowthroat,0.4212,D:/AcousticMonitoringData/ELDON10_Data/Week16\ELDON10_20250430_200402.wav
843.0,846.0,Spizella pusilla,Field Sparrow,0.0121,D:/AcousticMonitoringData/ELDON10_Data/Week16\ELDON10_20250430_200402.wav
846.0,849.0,Geothlypis trichas,Common Yellowthroat,0.0668,D:/AcousticMonitoringData/ELDON10_Data/Week16\ELDON10_20250430_200402.wav
846.0,849.0,Spizella pusilla,Field Sparrow,0.0148,D:/AcousticMonitoringData/ELDON10_Data/Week16\ELDON10_20250430_200402.wav
846.0,849.0,Passerina caerulea,Blue Grosbeak,0.0139,D:/AcousticMonitoringData/ELDON10_Data/Week16\ELDON10_20250430_200402.wav
849.0,852.0,Geothlypis trichas,Common Yellowthroat,0.0161,D:/AcousticMonitoringData/ELDON10_Data/Week16\ELDON10_20250430_200402.wav
852.0,855.0,Geothlypis trichas,Common Yellowthroat,0.1303,D:/AcousticMonitoringData/ELDON10_Data/Week16\ELDON10_20250430_200402.wav
852.0,855.0,Passerina caerulea,Blue Grosbeak,0.0223,D:/AcousticMonitoringData/ELDON10_Data/Week16\ELDON10_20250430_200402.wav
852.0,855.0,Sturnella magna,Eastern Meadowlark,0.0148,D:/AcousticMonitoringData/ELDON10_Data/Week16\ELDON10_20250430_200402.wav
858.0,861.0,Geothlypis trichas,Common Yellowthroat,0.0314,D:/AcousticMonitoringData/ELDON10_Data/Week16\ELDON10_20250430_200402.wav
861.0,864.0,Geothlypis trichas,Common Yellowthroat,0.1050,D:/AcousticMonitoringData/ELDON10_Data/Week16\ELDON10_20250430_200402.wav
864.0,867.0,Geothlypis trichas,Common Yellowthroat,0.1837,D:/AcousticMonitoringData/ELDON10_Data/Week16\ELDON10_20250430_200402.wav
864.0,867.0,Spizella pusilla,Field Sparrow,0.0156,D:/AcousticMonitoringData/ELDON10_Data/Week16\ELDON10_20250430_200402.wav
864.0,867.0,Melospiza melodia,Song Sparrow,0.0112,D:/AcousticMonitoringData/ELDON10_Data/Week16\ELDON10_20250430_200402.wav
867.0,870.0,Geothlypis trichas,Common Yellowthroat,0.0580,D:/AcousticMonitoringData/ELDON10_Data/Week16\ELDON10_20250430_200402.wav
870.0,873.0,Geothlypis trichas,Common Yellowthroat,0.0342,D:/AcousticMonitoringData/ELDON10_Data/Week16\ELDON10_20250430_200402.wav
870.0,873.0,Spizella pusilla,Field Sparrow,0.0140,D:/AcousticMonitoringData/ELDON10_Data/Week16\ELDON10_20250430_200402.wav
873.0,876.0,Geothlypis trichas,Common Yellowthroat,0.5335,D:/AcousticMonitoringData/ELDON10_Data/Week16\ELDON10_20250430_200402.wav
876.0,879.0,Geothlypis trichas,Common Yellowthroat,0.0737,D:/AcousticMonitoringData/ELDON10_Data/Week16\ELDON10_20250430_200402.wav
876.0,879.0,Spizella pusilla,Field Sparrow,0.0112,D:/AcousticMonitoringData/ELDON10_Data/Week16\ELDON10_20250430_200402.wav
879.0,882.0,Geothlypis trichas,Common Yellowthroat,0.0381,D:/AcousticMonitoringData/ELDON10_Data/Week16\ELDON10_20250430_200402.wav
879.0,882.0,Passerina caerulea,Blue Grosbeak,0.0110,D:/AcousticMonitoringData/ELDON10_Data/Week16\ELDON10_20250430_200402.wav
879.0,882.0,Spizella pusilla,Field Sparrow,0.0101,D:/AcousticMonitoringData/ELDON10_Data/Week16\ELDON10_20250430_200402.wav
882.0,885.0,Geothlypis trichas,Common Yellowthroat,0.0215,D:/AcousticMonitoringData/ELDON10_Data/Week16\ELDON10_20250430_200402.wav
882.0,885.0,Sturnella magna,Eastern Meadowlark,0.0136,D:/AcousticMonitoringData/ELDON10_Data/Week16\ELDON10_20250430_200402.wav
885.0,888.0,Geothlypis trichas,Common Yellowthroat,0.0429,D:/AcousticMonitoringData/ELDON10_Data/Week16\ELDON10_20250430_200402.wav
885.0,888.0,Spizella pusilla,Field Sparrow,0.0245,D:/AcousticMonitoringData/ELDON10_Data/Week16\ELDON10_20250430_200402.wav
885.0,888.0,Passerina caerulea,Blue Grosbeak,0.0173,D:/AcousticMonitoringData/ELDON10_Data/Week16\ELDON10_20250430_200402.wav
891.0,894.0,Spizella pusilla,Field Sparrow,0.0271,D:/AcousticMonitoringData/ELDON10_Data/Week16\ELDON10_20250430_200402.wav
891.0,894.0,Passerina caerulea,Blue Grosbeak,0.0114,D:/AcousticMonitoringData/ELDON10_Data/Week16\ELDON10_20250430_200402.wav
894.0,897.0,Spizella pusilla,Field Sparrow,0.0409,D:/AcousticMonitoringData/ELDON10_Data/Week16\ELDON10_20250430_200402.wav
897.0,900.0,Geothlypis trichas,Common Yellowthroat,0.0207,D:/AcousticMonitoringData/ELDON10_Data/Week16\ELDON10_20250430_200402.wav
897.0,900.0,Passerina caerulea,Blue Grosbeak,0.0146,D:/AcousticMonitoringData/ELDON10_Data/Week16\ELDON10_20250430_200402.wav
897.0,900.0,Spizella pusilla,Field Sparrow,0.0104,D:/AcousticMonitoringData/ELDON10_Data/Week16\ELDON10_20250430_200402.wav
900.0,903.0,Geothlypis trichas,Common Yellowthroat,0.0767,D:/AcousticMonitoringData/ELDON10_Data/Week16\ELDON10_20250430_200402.wav
900.0,903.0,Spizella pusilla,Field Sparrow,0.0320,D:/AcousticMonitoringData/ELDON10_Data/Week16\ELDON10_20250430_200402.wav
903.0,906.0,Spizella pusilla,Field Sparrow,0.0199,D:/AcousticMonitoringData/ELDON10_Data/Week16\ELDON10_20250430_200402.wav
903.0,906.0,Sturnella magna,Eastern Meadowlark,0.0131,D:/AcousticMonitoringData/ELDON10_Data/Week16\ELDON10_20250430_200402.wav
906.0,909.0,Geothlypis trichas,Common Yellowthroat,0.0406,D:/AcousticMonitoringData/ELDON10_Data/Week16\ELDON10_20250430_200402.wav
909.0,912.0,Spizella pusilla,Field Sparrow,0.0446,D:/AcousticMonitoringData/ELDON10_Data/Week16\ELDON10_20250430_200402.wav
909.0,912.0,Passerina caerulea,Blue Grosbeak,0.0196,D:/AcousticMonitoringData/ELDON10_Data/Week16\ELDON10_20250430_200402.wav
909.0,912.0,Sturnella magna,Eastern Meadowlark,0.0112,D:/AcousticMonitoringData/ELDON10_Data/Week16\ELDON10_20250430_200402.wav
912.0,915.0,Spizella pusilla,Field Sparrow,0.2391,D:/AcousticMonitoringData/ELDON10_Data/Week16\ELDON10_20250430_200402.wav
912.0,915.0,Geothlypis trichas,Common Yellowthroat,0.0126,D:/AcousticMonitoringData/ELDON10_Data/Week16\ELDON10_20250430_200402.wav
912.0,915.0,Sturnella magna,Eastern Meadowlark,0.0123,D:/AcousticMonitoringData/ELDON10_Data/Week16\ELDON10_20250430_200402.wav
915.0,918.0,Geothlypis trichas,Common Yellowthroat,0.0464,D:/AcousticMonitoringData/ELDON10_Data/Week16\ELDON10_20250430_200402.wav
915.0,918.0,Spizella pusilla,Field Sparrow,0.0151,D:/AcousticMonitoringData/ELDON10_Data/Week16\ELDON10_20250430_200402.wav
918.0,921.0,Geothlypis trichas,Common Yellowthroat,0.0403,D:/AcousticMonitoringData/ELDON10_Data/Week16\ELDON10_20250430_200402.wav
918.0,921.0,Spizella pusilla,Field Sparrow,0.0161,D:/AcousticMonitoringData/ELDON10_Data/Week16\ELDON10_20250430_200402.wav
921.0,924.0,Geothlypis trichas,Common Yellowthroat,0.0760,D:/AcousticMonitoringData/ELDON10_Data/Week16\ELDON10_20250430_200402.wav
921.0,924.0,Sturnella magna,Eastern Meadowlark,0.0140,D:/AcousticMonitoringData/ELDON10_Data/Week16\ELDON10_20250430_200402.wav
921.0,924.0,Spizella pusilla,Field Sparrow,0.0120,D:/AcousticMonitoringData/ELDON10_Data/Week16\ELDON10_20250430_200402.wav
921.0,924.0,Bartramia longicauda,Upland Sandpiper,0.0118,D:/AcousticMonitoringData/ELDON10_Data/Week16\ELDON10_20250430_200402.wav
924.0,927.0,Spizella pusilla,Field Sparrow,0.0129,D:/AcousticMonitoringData/ELDON10_Data/Week16\ELDON10_20250430_200402.wav
924.0,927.0,Sturnella magna,Eastern Meadowlark,0.0123,D:/AcousticMonitoringData/ELDON10_Data/Week16\ELDON10_20250430_200402.wav
927.0,930.0,Geothlypis trichas,Common Yellowthroat,0.1371,D:/AcousticMonitoringData/ELDON10_Data/Week16\ELDON10_20250430_200402.wav
927.0,930.0,Spizella pusilla,Field Sparrow,0.0108,D:/AcousticMonitoringData/ELDON10_Data/Week16\ELDON10_20250430_200402.wav
930.0,933.0,Geothlypis trichas,Common Yellowthroat,0.1260,D:/AcousticMonitoringData/ELDON10_Data/Week16\ELDON10_20250430_200402.wav
930.0,933.0,Spizella pusilla,Field Sparrow,0.0132,D:/AcousticMonitoringData/ELDON10_Data/Week16\ELDON10_20250430_200402.wav
933.0,936.0,Passerina caerulea,Blue Grosbeak,0.0200,D:/AcousticMonitoringData/ELDON10_Data/Week16\ELDON10_20250430_200402.wav
933.0,936.0,Sturnella magna,Eastern Meadowlark,0.0114,D:/AcousticMonitoringData/ELDON10_Data/Week16\ELDON10_20250430_200402.wav
936.0,939.0,Geothlypis trichas,Common Yellowthroat,0.1142,D:/AcousticMonitoringData/ELDON10_Data/Week16\ELDON10_20250430_200402.wav
936.0,939.0,Spizella pusilla,Field Sparrow,0.0175,D:/AcousticMonitoringData/ELDON10_Data/Week16\ELDON10_20250430_200402.wav
939.0,942.0,Spizella pusilla,Field Sparrow,0.0698,D:/AcousticMonitoringData/ELDON10_Data/Week16\ELDON10_20250430_200402.wav
939.0,942.0,Geothlypis trichas,Common Yellowthroat,0.0659,D:/AcousticMonitoringData/ELDON10_Data/Week16\ELDON10_20250430_200402.wav
942.0,945.0,Passerina caerulea,Blue Grosbeak,0.0377,D:/AcousticMonitoringData/ELDON10_Data/Week16\ELDON10_20250430_200402.wav
942.0,945.0,Spizella pusilla,Field Sparrow,0.0303,D:/AcousticMonitoringData/ELDON10_Data/Week16\ELDON10_20250430_200402.wav
942.0,945.0,Sturnella magna,Eastern Meadowlark,0.0114,D:/AcousticMonitoringData/ELDON10_Data/Week16\ELDON10_20250430_200402.wav
945.0,948.0,Spizella pusilla,Field Sparrow,0.5572,D:/AcousticMonitoringData/ELDON10_Data/Week16\ELDON10_20250430_200402.wav
945.0,948.0,Geothlypis trichas,Common Yellowthroat,0.0135,D:/AcousticMonitoringData/ELDON10_Data/Week16\ELDON10_20250430_200402.wav
948.0,951.0,Spizella pusilla,Field Sparrow,0.0215,D:/AcousticMonitoringData/ELDON10_Data/Week16\ELDON10_20250430_200402.wav
951.0,954.0,Spizella pusilla,Field Sparrow,0.1994,D:/AcousticMonitoringData/ELDON10_Data/Week16\ELDON10_20250430_200402.wav
954.0,957.0,Spizella pusilla,Field Sparrow,0.0799,D:/AcousticMonitoringData/ELDON10_Data/Week16\ELDON10_20250430_200402.wav
954.0,957.0,Geothlypis trichas,Common Yellowthroat,0.0232,D:/AcousticMonitoringData/ELDON10_Data/Week16\ELDON10_20250430_200402.wav
957.0,960.0,Geothlypis trichas,Common Yellowthroat,0.0724,D:/AcousticMonitoringData/ELDON10_Data/Week16\ELDON10_20250430_200402.wav
957.0,960.0,Spizella pusilla,Field Sparrow,0.0536,D:/AcousticMonitoringData/ELDON10_Data/Week16\ELDON10_20250430_200402.wav
960.0,963.0,Geothlypis trichas,Common Yellowthroat,0.1436,D:/AcousticMonitoringData/ELDON10_Data/Week16\ELDON10_20250430_200402.wav
960.0,963.0,Spizella pusilla,Field Sparrow,0.0174,D:/AcousticMonitoringData/ELDON10_Data/Week16\ELDON10_20250430_200402.wav
963.0,966.0,Geothlypis trichas,Common Yellowthroat,0.1534,D:/AcousticMonitoringData/ELDON10_Data/Week16\ELDON10_20250430_200402.wav
966.0,969.0,Geothlypis trichas,Common Yellowthroat,0.0848,D:/AcousticMonitoringData/ELDON10_Data/Week16\ELDON10_20250430_200402.wav
966.0,969.0,Spizella pusilla,Field Sparrow,0.0597,D:/AcousticMonitoringData/ELDON10_Data/Week16\ELDON10_20250430_200402.wav
969.0,972.0,Spizella pusilla,Field Sparrow,0.0992,D:/AcousticMonitoringData/ELDON10_Data/Week16\ELDON10_20250430_200402.wav
969.0,972.0,Geothlypis trichas,Common Yellowthroat,0.0118,D:/AcousticMonitoringData/ELDON10_Data/Week16\ELDON10_20250430_200402.wav
972.0,975.0,Geothlypis trichas,Common Yellowthroat,0.0222,D:/AcousticMonitoringData/ELDON10_Data/Week16\ELDON10_20250430_200402.wav
975.0,978.0,Geothlypis trichas,Common Yellowthroat,0.0306,D:/AcousticMonitoringData/ELDON10_Data/Week16\ELDON10_20250430_200402.wav
975.0,978.0,Spizella pusilla,Field Sparrow,0.0118,D:/AcousticMonitoringData/ELDON10_Data/Week16\ELDON10_20250430_200402.wav
981.0,984.0,Geothlypis trichas,Common Yellowthroat,0.0164,D:/AcousticMonitoringData/ELDON10_Data/Week16\ELDON10_20250430_200402.wav
981.0,984.0,Spizella pusilla,Field Sparrow,0.0147,D:/AcousticMonitoringData/ELDON10_Data/Week16\ELDON10_20250430_200402.wav
984.0,987.0,Spizella pusilla,Field Sparrow,0.0116,D:/AcousticMonitoringData/ELDON10_Data/Week16\ELDON10_20250430_200402.wav
987.0,990.0,Geothlypis trichas,Common Yellowthroat,0.0835,D:/AcousticMonitoringData/ELDON10_Data/Week16\ELDON10_20250430_200402.wav
987.0,990.0,Melospiza melodia,Song Sparrow,0.0224,D:/AcousticMonitoringData/ELDON10_Data/Week16\ELDON10_20250430_200402.wav
987.0,990.0,Spizella pusilla,Field Sparrow,0.0190,D:/AcousticMonitoringData/ELDON10_Data/Week16\ELDON10_20250430_200402.wav
990.0,993.0,Spizella pusilla,Field Sparrow,0.0123,D:/AcousticMonitoringData/ELDON10_Data/Week16\ELDON10_20250430_200402.wav
990.0,993.0,Geothlypis trichas,Common Yellowthroat,0.0112,D:/AcousticMonitoringData/ELDON10_Data/Week16\ELDON10_20250430_200402.wav
993.0,996.0,Sturnella magna,Eastern Meadowlark,0.0172,D:/AcousticMonitoringData/ELDON10_Data/Week16\ELDON10_20250430_200402.wav
996.0,999.0,Spizella pusilla,Field Sparrow,0.0387,D:/AcousticMonitoringData/ELDON10_Data/Week16\ELDON10_20250430_200402.wav
996.0,999.0,Geothlypis trichas,Common Yellowthroat,0.0106,D:/AcousticMonitoringData/ELDON10_Data/Week16\ELDON10_20250430_200402.wav
999.0,1002.0,Spizella pusilla,Field Sparrow,0.1100,D:/AcousticMonitoringData/ELDON10_Data/Week16\ELDON10_20250430_200402.wav
999.0,1002.0,Geothlypis trichas,Common Yellowthroat,0.0164,D:/AcousticMonitoringData/ELDON10_Data/Week16\ELDON10_20250430_200402.wav
999.0,1002.0,Passerina caerulea,Blue Grosbeak,0.0135,D:/AcousticMonitoringData/ELDON10_Data/Week16\ELDON10_20250430_200402.wav
1002.0,1005.0,Spizella pusilla,Field Sparrow,0.0506,D:/AcousticMonitoringData/ELDON10_Data/Week16\ELDON10_20250430_200402.wav
1002.0,1005.0,Geothlypis trichas,Common Yellowthroat,0.0138,D:/AcousticMonitoringData/ELDON10_Data/Week16\ELDON10_20250430_200402.wav
1008.0,1011.0,Spizella pusilla,Field Sparrow,0.0244,D:/AcousticMonitoringData/ELDON10_Data/Week16\ELDON10_20250430_200402.wav
1008.0,1011.0,Geothlypis trichas,Common Yellowthroat,0.0204,D:/AcousticMonitoringData/ELDON10_Data/Week16\ELDON10_20250430_200402.wav
1008.0,1011.0,Passerina caerulea,Blue Grosbeak,0.0163,D:/AcousticMonitoringData/ELDON10_Data/Week16\ELDON10_20250430_200402.wav
1011.0,1014.0,Spizella pusilla,Field Sparrow,0.0211,D:/AcousticMonitoringData/ELDON10_Data/Week16\ELDON10_20250430_200402.wav
1011.0,1014.0,Geothlypis trichas,Common Yellowthroat,0.0112,D:/AcousticMonitoringData/ELDON10_Data/Week16\ELDON10_20250430_200402.wav
1017.0,1020.0,Spizella pusilla,Field Sparrow,0.0151,D:/AcousticMonitoringData/ELDON10_Data/Week16\ELDON10_20250430_200402.wav
1020.0,1023.0,Spizella pusilla,Field Sparrow,0.0379,D:/AcousticMonitoringData/ELDON10_Data/Week16\ELDON10_20250430_200402.wav
1020.0,1023.0,Passerina caerulea,Blue Grosbeak,0.0128,D:/AcousticMonitoringData/ELDON10_Data/Week16\ELDON10_20250430_200402.wav
1020.0,1023.0,Geothlypis trichas,Common Yellowthroat,0.0104,D:/AcousticMonitoringData/ELDON10_Data/Week16\ELDON10_20250430_200402.wav
1023.0,1026.0,Spizella pusilla,Field Sparrow,0.0394,D:/AcousticMonitoringData/ELDON10_Data/Week16\ELDON10_20250430_200402.wav
1026.0,1029.0,Spizella pusilla,Field Sparrow,0.3016,D:/AcousticMonitoringData/ELDON10_Data/Week16\ELDON10_20250430_200402.wav
1029.0,1032.0,Spizella pusilla,Field Sparrow,0.0242,D:/AcousticMonitoringData/ELDON10_Data/Week16\ELDON10_20250430_200402.wav
1032.0,1035.0,Geothlypis trichas,Common Yellowthroat,0.0216,D:/AcousticMonitoringData/ELDON10_Data/Week16\ELDON10_20250430_200402.wav
1032.0,1035.0,Spizella pusilla,Field Sparrow,0.0169,D:/AcousticMonitoringData/ELDON10_Data/Week16\ELDON10_20250430_200402.wav
1035.0,1038.0,Spizella pusilla,Field Sparrow,0.7915,D:/AcousticMonitoringData/ELDON10_Data/Week16\ELDON10_20250430_200402.wav
1038.0,1041.0,Spizella pusilla,Field Sparrow,0.3429,D:/AcousticMonitoringData/ELDON10_Data/Week16\ELDON10_20250430_200402.wav
1038.0,1041.0,Passerina caerulea,Blue Grosbeak,0.0133,D:/AcousticMonitoringData/ELDON10_Data/Week16\ELDON10_20250430_200402.wav
1041.0,1044.0,Geothlypis trichas,Common Yellowthroat,0.0105,D:/AcousticMonitoringData/ELDON10_Data/Week16\ELDON10_20250430_200402.wav
1044.0,1047.0,Geothlypis trichas,Common Yellowthroat,0.0350,D:/AcousticMonitoringData/ELDON10_Data/Week16\ELDON10_20250430_200402.wav
1044.0,1047.0,Spizella pusilla,Field Sparrow,0.0200,D:/AcousticMonitoringData/ELDON10_Data/Week16\ELDON10_20250430_200402.wav
1044.0,1047.0,Passerina caerulea,Blue Grosbeak,0.0101,D:/AcousticMonitoringData/ELDON10_Data/Week16\ELDON10_20250430_200402.wav
1047.0,1050.0,Spizella pusilla,Field Sparrow,0.0533,D:/AcousticMonitoringData/ELDON10_Data/Week16\ELDON10_20250430_200402.wav
1047.0,1050.0,Geothlypis trichas,Common Yellowthroat,0.0297,D:/AcousticMonitoringData/ELDON10_Data/Week16\ELDON10_20250430_200402.wav
1050.0,1053.0,Spizella pusilla,Field Sparrow,0.0911,D:/AcousticMonitoringData/ELDON10_Data/Week16\ELDON10_20250430_200402.wav
1056.0,1059.0,Spizella pusilla,Field Sparrow,0.0294,D:/AcousticMonitoringData/ELDON10_Data/Week16\ELDON10_20250430_200402.wav
1056.0,1059.0,Passerina caerulea,Blue Grosbeak,0.0110,D:/AcousticMonitoringData/ELDON10_Data/Week16\ELDON10_20250430_200402.wav
1059.0,1062.0,Spizella pusilla,Field Sparrow,0.0185,D:/AcousticMonitoringData/ELDON10_Data/Week16\ELDON10_20250430_200402.wav
1059.0,1062.0,Geothlypis trichas,Common Yellowthroat,0.0156,D:/AcousticMonitoringData/ELDON10_Data/Week16\ELDON10_20250430_200402.wav
1059.0,1062.0,Passerina caerulea,Blue Grosbeak,0.0106,D:/AcousticMonitoringData/ELDON10_Data/Week16\ELDON10_20250430_200402.wav
1062.0,1065.0,Spizella pusilla,Field Sparrow,0.0136,D:/AcousticMonitoringData/ELDON10_Data/Week16\ELDON10_20250430_200402.wav
1062.0,1065.0,Passerina caerulea,Blue Grosbeak,0.0129,D:/AcousticMonitoringData/ELDON10_Data/Week16\ELDON10_20250430_200402.wav
1065.0,1068.0,Spizella pusilla,Field Sparrow,0.1459,D:/AcousticMonitoringData/ELDON10_Data/Week16\ELDON10_20250430_200402.wav
1065.0,1068.0,Passerina caerulea,Blue Grosbeak,0.0138,D:/AcousticMonitoringData/ELDON10_Data/Week16\ELDON10_20250430_200402.wav
1068.0,1071.0,Spizella pusilla,Field Sparrow,0.0170,D:/AcousticMonitoringData/ELDON10_Data/Week16\ELDON10_20250430_200402.wav
1071.0,1074.0,Spizella pusilla,Field Sparrow,0.0130,D:/AcousticMonitoringData/ELDON10_Data/Week16\ELDON10_20250430_200402.wav
1074.0,1077.0,Spizella pusilla,Field Sparrow,0.0114,D:/AcousticMonitoringData/ELDON10_Data/Week16\ELDON10_20250430_200402.wav
1080.0,1083.0,Spizella pusilla,Field Sparrow,0.0282,D:/AcousticMonitoringData/ELDON10_Data/Week16\ELDON10_20250430_200402.wav
1080.0,1083.0,Geothlypis trichas,Common Yellowthroat,0.0163,D:/AcousticMonitoringData/ELDON10_Data/Week16\ELDON10_20250430_200402.wav
1080.0,1083.0,Passerina caerulea,Blue Grosbeak,0.0119,D:/AcousticMonitoringData/ELDON10_Data/Week16\ELDON10_20250430_200402.wav
1083.0,1086.0,Spizella pusilla,Field Sparrow,0.0284,D:/AcousticMonitoringData/ELDON10_Data/Week16\ELDON10_20250430_200402.wav
1086.0,1089.0,Passerina caerulea,Blue Grosbeak,0.0358,D:/AcousticMonitoringData/ELDON10_Data/Week16\ELDON10_20250430_200402.wav
1086.0,1089.0,Spizella pusilla,Field Sparrow,0.0210,D:/AcousticMonitoringData/ELDON10_Data/Week16\ELDON10_20250430_200402.wav
1089.0,1092.0,Passerina caerulea,Blue Grosbeak,0.0193,D:/AcousticMonitoringData/ELDON10_Data/Week16\ELDON10_20250430_200402.wav
1089.0,1092.0,Spizella pusilla,Field Sparrow,0.0167,D:/AcousticMonitoringData/ELDON10_Data/Week16\ELDON10_20250430_200402.wav
1089.0,1092.0,Bartramia longicauda,Upland Sandpiper,0.0146,D:/AcousticMonitoringData/ELDON10_Data/Week16\ELDON10_20250430_200402.wav
1089.0,1092.0,Geothlypis trichas,Common Yellowthroat,0.0135,D:/AcousticMonitoringData/ELDON10_Data/Week16\ELDON10_20250430_200402.wav
1089.0,1092.0,Sturnella magna,Eastern Meadowlark,0.0113,D:/AcousticMonitoringData/ELDON10_Data/Week16\ELDON10_20250430_200402.wav
1092.0,1095.0,Spizella pusilla,Field Sparrow,0.0295,D:/AcousticMonitoringData/ELDON10_Data/Week16\ELDON10_20250430_200402.wav
1095.0,1098.0,Geothlypis trichas,Common Yellowthroat,0.1013,D:/AcousticMonitoringData/ELDON10_Data/Week16\ELDON10_20250430_200402.wav
1095.0,1098.0,Spizella pusilla,Field Sparrow,0.0418,D:/AcousticMonitoringData/ELDON10_Data/Week16\ELDON10_20250430_200402.wav
1098.0,1101.0,Geothlypis trichas,Common Yellowthroat,0.2191,D:/AcousticMonitoringData/ELDON10_Data/Week16\ELDON10_20250430_200402.wav
1098.0,1101.0,Spizella pusilla,Field Sparrow,0.0152,D:/AcousticMonitoringData/ELDON10_Data/Week16\ELDON10_20250430_200402.wav
1098.0,1101.0,Sturnella magna,Eastern Meadowlark,0.0100,D:/AcousticMonitoringData/ELDON10_Data/Week16\ELDON10_20250430_200402.wav
1101.0,1104.0,Geothlypis trichas,Common Yellowthroat,0.0835,D:/AcousticMonitoringData/ELDON10_Data/Week16\ELDON10_20250430_200402.wav
1101.0,1104.0,Sturnella magna,Eastern Meadowlark,0.0103,D:/AcousticMonitoringData/ELDON10_Data/Week16\ELDON10_20250430_200402.wav
1104.0,1107.0,Geothlypis trichas,Common Yellowthroat,0.2513,D:/AcousticMonitoringData/ELDON10_Data/Week16\ELDON10_20250430_200402.wav
1104.0,1107.0,Spizella pusilla,Field Sparrow,0.0242,D:/AcousticMonitoringData/ELDON10_Data/Week16\ELDON10_20250430_200402.wav
1107.0,1110.0,Geothlypis trichas,Common Yellowthroat,0.6950,D:/AcousticMonitoringData/ELDON10_Data/Week16\ELDON10_20250430_200402.wav
1107.0,1110.0,Spizella pusilla,Field Sparrow,0.0382,D:/AcousticMonitoringData/ELDON10_Data/Week16\ELDON10_20250430_200402.wav
1110.0,1113.0,Geothlypis trichas,Common Yellowthroat,0.1975,D:/AcousticMonitoringData/ELDON10_Data/Week16\ELDON10_20250430_200402.wav
1110.0,1113.0,Spizella pusilla,Field Sparrow,0.0232,D:/AcousticMonitoringData/ELDON10_Data/Week16\ELDON10_20250430_200402.wav
1116.0,1119.0,Spizella pusilla,Field Sparrow,0.1758,D:/AcousticMonitoringData/ELDON10_Data/Week16\ELDON10_20250430_200402.wav
1116.0,1119.0,Passerina caerulea,Blue Grosbeak,0.0208,D:/AcousticMonitoringData/ELDON10_Data/Week16\ELDON10_20250430_200402.wav
1116.0,1119.0,Sturnella magna,Eastern Meadowlark,0.0130,D:/AcousticMonitoringData/ELDON10_Data/Week16\ELDON10_20250430_200402.wav
1122.0,1125.0,Spizella pusilla,Field Sparrow,0.0322,D:/AcousticMonitoringData/ELDON10_Data/Week16\ELDON10_20250430_200402.wav
1122.0,1125.0,Passerina caerulea,Blue Grosbeak,0.0234,D:/AcousticMonitoringData/ELDON10_Data/Week16\ELDON10_20250430_200402.wav
1122.0,1125.0,Geothlypis trichas,Common Yellowthroat,0.0134,D:/AcousticMonitoringData/ELDON10_Data/Week16\ELDON10_20250430_200402.wav
1122.0,1125.0,Sturnella magna,Eastern Meadowlark,0.0112,D:/AcousticMonitoringData/ELDON10_Data/Week16\ELDON10_20250430_200402.wav
1125.0,1128.0,Passerina caerulea,Blue Grosbeak,0.0104,D:/AcousticMonitoringData/ELDON10_Data/Week16\ELDON10_20250430_200402.wav
1128.0,1131.0,Sturnella magna,Eastern Meadowlark,0.0150,D:/AcousticMonitoringData/ELDON10_Data/Week16\ELDON10_20250430_200402.wav
1131.0,1134.0,Spizella pusilla,Field Sparrow,0.0173,D:/AcousticMonitoringData/ELDON10_Data/Week16\ELDON10_20250430_200402.wav
1131.0,1134.0,Passerina caerulea,Blue Grosbeak,0.0170,D:/AcousticMonitoringData/ELDON10_Data/Week16\ELDON10_20250430_200402.wav
1131.0,1134.0,Sturnella magna,Eastern Meadowlark,0.0150,D:/AcousticMonitoringData/ELDON10_Data/Week16\ELDON10_20250430_200402.wav
1131.0,1134.0,Geothlypis trichas,Common Yellowthroat,0.0122,D:/AcousticMonitoringData/ELDON10_Data/Week16\ELDON10_20250430_200402.wav
1134.0,1137.0,Geothlypis trichas,Common Yellowthroat,0.0466,D:/AcousticMonitoringData/ELDON10_Data/Week16\ELDON10_20250430_200402.wav
1134.0,1137.0,Sturnella magna,Eastern Meadowlark,0.0236,D:/AcousticMonitoringData/ELDON10_Data/Week16\ELDON10_20250430_200402.wav
1134.0,1137.0,Passerina caerulea,Blue Grosbeak,0.0166,D:/AcousticMonitoringData/ELDON10_Data/Week16\ELDON10_20250430_200402.wav
1137.0,1140.0,Sturnella magna,Eastern Meadowlark,0.0246,D:/AcousticMonitoringData/ELDON10_Data/Week16\ELDON10_20250430_200402.wav
1140.0,1143.0,Geothlypis trichas,Common Yellowthroat,0.0448,D:/AcousticMonitoringData/ELDON10_Data/Week16\ELDON10_20250430_200402.wav
1140.0,1143.0,Sturnella magna,Eastern Meadowlark,0.0103,D:/AcousticMonitoringData/ELDON10_Data/Week16\ELDON10_20250430_200402.wav
1143.0,1146.0,Spizella pusilla,Field Sparrow,0.4717,D:/AcousticMonitoringData/ELDON10_Data/Week16\ELDON10_20250430_200402.wav
1143.0,1146.0,Passerina caerulea,Blue Grosbeak,0.0266,D:/AcousticMonitoringData/ELDON10_Data/Week16\ELDON10_20250430_200402.wav
1143.0,1146.0,Sturnella magna,Eastern Meadowlark,0.0144,D:/AcousticMonitoringData/ELDON10_Data/Week16\ELDON10_20250430_200402.wav
1146.0,1149.0,Spizella pusilla,Field Sparrow,0.3151,D:/AcousticMonitoringData/ELDON10_Data/Week16\ELDON10_20250430_200402.wav
1149.0,1152.0,Spizella pusilla,Field Sparrow,0.2602,D:/AcousticMonitoringData/ELDON10_Data/Week16\ELDON10_20250430_200402.wav
1149.0,1152.0,Passerina caerulea,Blue Grosbeak,0.0189,D:/AcousticMonitoringData/ELDON10_Data/Week16\ELDON10_20250430_200402.wav
1149.0,1152.0,Sturnella magna,Eastern Meadowlark,0.0150,D:/AcousticMonitoringData/ELDON10_Data/Week16\ELDON10_20250430_200402.wav
1152.0,1155.0,Spizella pusilla,Field Sparrow,0.3039,D:/AcousticMonitoringData/ELDON10_Data/Week16\ELDON10_20250430_200402.wav
1152.0,1155.0,Passerina caerulea,Blue Grosbeak,0.0124,D:/AcousticMonitoringData/ELDON10_Data/Week16\ELDON10_20250430_200402.wav
1155.0,1158.0,Spizella pusilla,Field Sparrow,0.0935,D:/AcousticMonitoringData/ELDON10_Data/Week16\ELDON10_20250430_200402.wav
1155.0,1158.0,Sturnella magna,Eastern Meadowlark,0.0110,D:/AcousticMonitoringData/ELDON10_Data/Week16\ELDON10_20250430_200402.wav
1158.0,1161.0,Spizella pusilla,Field Sparrow,0.1486,D:/AcousticMonitoringData/ELDON10_Data/Week16\ELDON10_20250430_200402.wav
1158.0,1161.0,Passerina caerulea,Blue Grosbeak,0.0185,D:/AcousticMonitoringData/ELDON10_Data/Week16\ELDON10_20250430_200402.wav
1161.0,1164.0,Spizella pusilla,Field Sparrow,0.0416,D:/AcousticMonitoringData/ELDON10_Data/Week16\ELDON10_20250430_200402.wav
1161.0,1164.0,Sturnella magna,Eastern Meadowlark,0.0114,D:/AcousticMonitoringData/ELDON10_Data/Week16\ELDON10_20250430_200402.wav
1161.0,1164.0,Passerina caerulea,Blue Grosbeak,0.0102,D:/AcousticMonitoringData/ELDON10_Data/Week16\ELDON10_20250430_200402.wav
1164.0,1167.0,Spizella pusilla,Field Sparrow,0.0164,D:/AcousticMonitoringData/ELDON10_Data/Week16\ELDON10_20250430_200402.wav
1164.0,1167.0,Passerina caerulea,Blue Grosbeak,0.0113,D:/AcousticMonitoringData/ELDON10_Data/Week16\ELDON10_20250430_200402.wav
1167.0,1170.0,Spizella pusilla,Field Sparrow,0.0103,D:/AcousticMonitoringData/ELDON10_Data/Week16\ELDON10_20250430_200402.wav
1170.0,1173.0,Spizella pusilla,Field Sparrow,0.3532,D:/AcousticMonitoringData/ELDON10_Data/Week16\ELDON10_20250430_200402.wav
1173.0,1176.0,Geothlypis trichas,Common Yellowthroat,0.0629,D:/AcousticMonitoringData/ELDON10_Data/Week16\ELDON10_20250430_200402.wav
1173.0,1176.0,Spizella pusilla,Field Sparrow,0.0548,D:/AcousticMonitoringData/ELDON10_Data/Week16\ELDON10_20250430_200402.wav
1173.0,1176.0,Sturnella magna,Eastern Meadowlark,0.0355,D:/AcousticMonitoringData/ELDON10_Data/Week16\ELDON10_20250430_200402.wav
1173.0,1176.0,Passerina caerulea,Blue Grosbeak,0.0120,D:/AcousticMonitoringData/ELDON10_Data/Week16\ELDON10_20250430_200402.wav
1176.0,1179.0,Spizella pusilla,Field Sparrow,0.4423,D:/AcousticMonitoringData/ELDON10_Data/Week16\ELDON10_20250430_200402.wav
1179.0,1182.0,Spizella pusilla,Field Sparrow,0.4858,D:/AcousticMonitoringData/ELDON10_Data/Week16\ELDON10_20250430_200402.wav
1179.0,1182.0,Passerina caerulea,Blue Grosbeak,0.0111,D:/AcousticMonitoringData/ELDON10_Data/Week16\ELDON10_20250430_200402.wav
1191.0,1194.0,Passerina caerulea,Blue Grosbeak,0.0166,D:/AcousticMonitoringData/ELDON10_Data/Week16\ELDON10_20250430_200402.wav
1191.0,1194.0,Sturnella magna,Eastern Meadowlark,0.0103,D:/AcousticMonitoringData/ELDON10_Data/Week16\ELDON10_20250430_200402.wav
1194.0,1197.0,Spizella pusilla,Field Sparrow,0.0142,D:/AcousticMonitoringData/ELDON10_Data/Week16\ELDON10_20250430_200402.wav
1197.0,1200.0,Spizella pusilla,Field Sparrow,0.0157,D:/AcousticMonitoringData/ELDON10_Data/Week16\ELDON10_20250430_200402.wav
1203.0,1206.0,Spizella pusilla,Field Sparrow,0.2557,D:/AcousticMonitoringData/ELDON10_Data/Week16\ELDON10_20250430_200402.wav
1206.0,1209.0,Geothlypis trichas,Common Yellowthroat,0.1149,D:/AcousticMonitoringData/ELDON10_Data/Week16\ELDON10_20250430_200402.wav
1206.0,1209.0,Spizella pusilla,Field Sparrow,0.0489,D:/AcousticMonitoringData/ELDON10_Data/Week16\ELDON10_20250430_200402.wav
1209.0,1212.0,Spizella pusilla,Field Sparrow,0.0529,D:/AcousticMonitoringData/ELDON10_Data/Week16\ELDON10_20250430_200402.wav
1212.0,1215.0,Spizella pusilla,Field Sparrow,0.0348,D:/AcousticMonitoringData/ELDON10_Data/Week16\ELDON10_20250430_200402.wav
1215.0,1218.0,Spizella pusilla,Field Sparrow,0.0908,D:/AcousticMonitoringData/ELDON10_Data/Week16\ELDON10_20250430_200402.wav
1215.0,1218.0,Sturnella magna,Eastern Meadowlark,0.0160,D:/AcousticMonitoringData/ELDON10_Data/Week16\ELDON10_20250430_200402.wav
1215.0,1218.0,Passerina caerulea,Blue Grosbeak,0.0135,D:/AcousticMonitoringData/ELDON10_Data/Week16\ELDON10_20250430_200402.wav
1218.0,1221.0,Geothlypis trichas,Common Yellowthroat,0.0549,D:/AcousticMonitoringData/ELDON10_Data/Week16\ELDON10_20250430_200402.wav
1218.0,1221.0,Spizella pusilla,Field Sparrow,0.0262,D:/AcousticMonitoringData/ELDON10_Data/Week16\ELDON10_20250430_200402.wav
1218.0,1221.0,Sturnella magna,Eastern Meadowlark,0.0126,D:/AcousticMonitoringData/ELDON10_Data/Week16\ELDON10_20250430_200402.wav
1221.0,1224.0,Spizella pusilla,Field Sparrow,0.0641,D:/AcousticMonitoringData/ELDON10_Data/Week16\ELDON10_20250430_200402.wav
1221.0,1224.0,Geothlypis trichas,Common Yellowthroat,0.0437,D:/AcousticMonitoringData/ELDON10_Data/Week16\ELDON10_20250430_200402.wav
1221.0,1224.0,Sturnella magna,Eastern Meadowlark,0.0329,D:/AcousticMonitoringData/ELDON10_Data/Week16\ELDON10_20250430_200402.wav
1221.0,1224.0,Passerina caerulea,Blue Grosbeak,0.0295,D:/AcousticMonitoringData/ELDON10_Data/Week16\ELDON10_20250430_200402.wav
1224.0,1227.0,Spizella pusilla,Field Sparrow,0.4748,D:/AcousticMonitoringData/ELDON10_Data/Week16\ELDON10_20250430_200402.wav
1224.0,1227.0,Sturnella magna,Eastern Meadowlark,0.0164,D:/AcousticMonitoringData/ELDON10_Data/Week16\ELDON10_20250430_200402.wav
1224.0,1227.0,Passerina caerulea,Blue Grosbeak,0.0145,D:/AcousticMonitoringData/ELDON10_Data/Week16\ELDON10_20250430_200402.wav
1227.0,1230.0,Spizella pusilla,Field Sparrow,0.1797,D:/AcousticMonitoringData/ELDON10_Data/Week16\ELDON10_20250430_200402.wav
1227.0,1230.0,Passerina caerulea,Blue Grosbeak,0.0138,D:/AcousticMonitoringData/ELDON10_Data/Week16\ELDON10_20250430_200402.wav
1227.0,1230.0,Geothlypis trichas,Common Yellowthroat,0.0129,D:/AcousticMonitoringData/ELDON10_Data/Week16\ELDON10_20250430_200402.wav
1230.0,1233.0,Spizella pusilla,Field Sparrow,0.0802,D:/AcousticMonitoringData/ELDON10_Data/Week16\ELDON10_20250430_200402.wav
1230.0,1233.0,Geothlypis trichas,Common Yellowthroat,0.0285,D:/AcousticMonitoringData/ELDON10_Data/Week16\ELDON10_20250430_200402.wav
1230.0,1233.0,Passerina caerulea,Blue Grosbeak,0.0107,D:/AcousticMonitoringData/ELDON10_Data/Week16\ELDON10_20250430_200402.wav
1230.0,1233.0,Sturnella magna,Eastern Meadowlark,0.0101,D:/AcousticMonitoringData/ELDON10_Data/Week16\ELDON10_20250430_200402.wav
1233.0,1236.0,Spizella pusilla,Field Sparrow,0.0230,D:/AcousticMonitoringData/ELDON10_Data/Week16\ELDON10_20250430_200402.wav
1233.0,1236.0,Sturnella magna,Eastern Meadowlark,0.0113,D:/AcousticMonitoringData/ELDON10_Data/Week16\ELDON10_20250430_200402.wav
1236.0,1239.0,Spizella pusilla,Field Sparrow,0.7049,D:/AcousticMonitoringData/ELDON10_Data/Week16\ELDON10_20250430_200402.wav
1236.0,1239.0,Passerina caerulea,Blue Grosbeak,0.0186,D:/AcousticMonitoringData/ELDON10_Data/Week16\ELDON10_20250430_200402.wav
1236.0,1239.0,Sturnella magna,Eastern Meadowlark,0.0143,D:/AcousticMonitoringData/ELDON10_Data/Week16\ELDON10_20250430_200402.wav
1236.0,1239.0,Geothlypis trichas,Common Yellowthroat,0.0117,D:/AcousticMonitoringData/ELDON10_Data/Week16\ELDON10_20250430_200402.wav
1239.0,1242.0,Geothlypis trichas,Common Yellowthroat,0.0693,D:/AcousticMonitoringData/ELDON10_Data/Week16\ELDON10_20250430_200402.wav
1239.0,1242.0,Sturnella magna,Eastern Meadowlark,0.0254,D:/AcousticMonitoringData/ELDON10_Data/Week16\ELDON10_20250430_200402.wav
1239.0,1242.0,Passerina caerulea,Blue Grosbeak,0.0176,D:/AcousticMonitoringData/ELDON10_Data/Week16\ELDON10_20250430_200402.wav
1239.0,1242.0,Spizella pusilla,Field Sparrow,0.0168,D:/AcousticMonitoringData/ELDON10_Data/Week16\ELDON10_20250430_200402.wav
1242.0,1245.0,Spizella pusilla,Field Sparrow,0.0629,D:/AcousticMonitoringData/ELDON10_Data/Week16\ELDON10_20250430_200402.wav
1242.0,1245.0,Geothlypis trichas,Common Yellowthroat,0.0205,D:/AcousticMonitoringData/ELDON10_Data/Week16\ELDON10_20250430_200402.wav
1242.0,1245.0,Sturnella magna,Eastern Meadowlark,0.0202,D:/AcousticMonitoringData/ELDON10_Data/Week16\ELDON10_20250430_200402.wav
1242.0,1245.0,Passerina caerulea,Blue Grosbeak,0.0178,D:/AcousticMonitoringData/ELDON10_Data/Week16\ELDON10_20250430_200402.wav
1245.0,1248.0,Spizella pusilla,Field Sparrow,0.0216,D:/AcousticMonitoringData/ELDON10_Data/Week16\ELDON10_20250430_200402.wav
1248.0,1251.0,Geothlypis trichas,Common Yellowthroat,0.0441,D:/AcousticMonitoringData/ELDON10_Data/Week16\ELDON10_20250430_200402.wav
1248.0,1251.0,Sturnella magna,Eastern Meadowlark,0.0123,D:/AcousticMonitoringData/ELDON10_Data/Week16\ELDON10_20250430_200402.wav
1248.0,1251.0,Spizella pusilla,Field Sparrow,0.0115,D:/AcousticMonitoringData/ELDON10_Data/Week16\ELDON10_20250430_200402.wav
1248.0,1251.0,Passerina caerulea,Blue Grosbeak,0.0110,D:/AcousticMonitoringData/ELDON10_Data/Week16\ELDON10_20250430_200402.wav
1251.0,1254.0,Geothlypis trichas,Common Yellowthroat,0.0702,D:/AcousticMonitoringData/ELDON10_Data/Week16\ELDON10_20250430_200402.wav
1251.0,1254.0,Passerina caerulea,Blue Grosbeak,0.0124,D:/AcousticMonitoringData/ELDON10_Data/Week16\ELDON10_20250430_200402.wav
1254.0,1257.0,Geothlypis trichas,Common Yellowthroat,0.0148,D:/AcousticMonitoringData/ELDON10_Data/Week16\ELDON10_20250430_200402.wav
1254.0,1257.0,Spizella pusilla,Field Sparrow,0.0136,D:/AcousticMonitoringData/ELDON10_Data/Week16\ELDON10_20250430_200402.wav
1257.0,1260.0,Spizella pusilla,Field Sparrow,0.2701,D:/AcousticMonitoringData/ELDON10_Data/Week16\ELDON10_20250430_200402.wav
1257.0,1260.0,Geothlypis trichas,Common Yellowthroat,0.0108,D:/AcousticMonitoringData/ELDON10_Data/Week16\ELDON10_20250430_200402.wav
1269.0,1272.0,Spizella pusilla,Field Sparrow,0.0527,D:/AcousticMonitoringData/ELDON10_Data/Week16\ELDON10_20250430_200402.wav
1299.0,1302.0,Spizella pusilla,Field Sparrow,0.0161,D:/AcousticMonitoringData/ELDON10_Data/Week16\ELDON10_20250430_200402.wav
1305.0,1308.0,Spizella pusilla,Field Sparrow,0.0158,D:/AcousticMonitoringData/ELDON10_Data/Week16\ELDON10_20250430_200402.wav
1305.0,1308.0,Passerina caerulea,Blue Grosbeak,0.0132,D:/AcousticMonitoringData/ELDON10_Data/Week16\ELDON10_20250430_200402.wav
1308.0,1311.0,Passerina caerulea,Blue Grosbeak,0.0120,D:/AcousticMonitoringData/ELDON10_Data/Week16\ELDON10_20250430_200402.wav
1311.0,1314.0,Spizella pusilla,Field Sparrow,0.0123,D:/AcousticMonitoringData/ELDON10_Data/Week16\ELDON10_20250430_200402.wav
1314.0,1317.0,Geothlypis trichas,Common Yellowthroat,0.0118,D:/AcousticMonitoringData/ELDON10_Data/Week16\ELDON10_20250430_200402.wav
1323.0,1326.0,Geothlypis trichas,Common Yellowthroat,0.0268,D:/AcousticMonitoringData/ELDON10_Data/Week16\ELDON10_20250430_200402.wav
1323.0,1326.0,Spizella pusilla,Field Sparrow,0.0147,D:/AcousticMonitoringData/ELDON10_Data/Week16\ELDON10_20250430_200402.wav
1326.0,1329.0,Geothlypis trichas,Common Yellowthroat,0.0197,D:/AcousticMonitoringData/ELDON10_Data/Week16\ELDON10_20250430_200402.wav
1326.0,1329.0,Sturnella magna,Eastern Meadowlark,0.0127,D:/AcousticMonitoringData/ELDON10_Data/Week16\ELDON10_20250430_200402.wav
1335.0,1338.0,Bartramia longicauda,Upland Sandpiper,0.0425,D:/AcousticMonitoringData/ELDON10_Data/Week16\ELDON10_20250430_200402.wav
1335.0,1338.0,Sturnella magna,Eastern Meadowlark,0.0169,D:/AcousticMonitoringData/ELDON10_Data/Week16\ELDON10_20250430_200402.wav
1335.0,1338.0,Passerina caerulea,Blue Grosbeak,0.0133,D:/AcousticMonitoringData/ELDON10_Data/Week16\ELDON10_20250430_200402.wav
1338.0,1341.0,Bartramia longicauda,Upland Sandpiper,0.0194,D:/AcousticMonitoringData/ELDON10_Data/Week16\ELDON10_20250430_200402.wav
1338.0,1341.0,Sturnella magna,Eastern Meadowlark,0.0185,D:/AcousticMonitoringData/ELDON10_Data/Week16\ELDON10_20250430_200402.wav
1338.0,1341.0,Passerina caerulea,Blue Grosbeak,0.0157,D:/AcousticMonitoringData/ELDON10_Data/Week16\ELDON10_20250430_200402.wav
1341.0,1344.0,Bartramia longicauda,Upland Sandpiper,0.0455,D:/AcousticMonitoringData/ELDON10_Data/Week16\ELDON10_20250430_200402.wav
1341.0,1344.0,Geothlypis trichas,Common Yellowthroat,0.0271,D:/AcousticMonitoringData/ELDON10_Data/Week16\ELDON10_20250430_200402.wav
1341.0,1344.0,Spizella pusilla,Field Sparrow,0.0245,D:/AcousticMonitoringData/ELDON10_Data/Week16\ELDON10_20250430_200402.wav
1341.0,1344.0,Sturnella magna,Eastern Meadowlark,0.0156,D:/AcousticMonitoringData/ELDON10_Data/Week16\ELDON10_20250430_200402.wav
1341.0,1344.0,Passerina caerulea,Blue Grosbeak,0.0140,D:/AcousticMonitoringData/ELDON10_Data/Week16\ELDON10_20250430_200402.wav
1344.0,1347.0,Sturnella magna,Eastern Meadowlark,0.0415,D:/AcousticMonitoringData/ELDON10_Data/Week16\ELDON10_20250430_200402.wav
1344.0,1347.0,Bartramia longicauda,Upland Sandpiper,0.0388,D:/AcousticMonitoringData/ELDON10_Data/Week16\ELDON10_20250430_200402.wav
1344.0,1347.0,Passerina caerulea,Blue Grosbeak,0.0257,D:/AcousticMonitoringData/ELDON10_Data/Week16\ELDON10_20250430_200402.wav
1347.0,1350.0,Bartramia longicauda,Upland Sandpiper,0.0470,D:/AcousticMonitoringData/ELDON10_Data/Week16\ELDON10_20250430_200402.wav
1350.0,1353.0,Geothlypis trichas,Common Yellowthroat,0.0426,D:/AcousticMonitoringData/ELDON10_Data/Week16\ELDON10_20250430_200402.wav
1350.0,1353.0,Spizella pusilla,Field Sparrow,0.0286,D:/AcousticMonitoringData/ELDON10_Data/Week16\ELDON10_20250430_200402.wav
1350.0,1353.0,Passerina caerulea,Blue Grosbeak,0.0181,D:/AcousticMonitoringData/ELDON10_Data/Week16\ELDON10_20250430_200402.wav
1353.0,1356.0,Bartramia longicauda,Upland Sandpiper,0.0136,D:/AcousticMonitoringData/ELDON10_Data/Week16\ELDON10_20250430_200402.wav
1353.0,1356.0,Geothlypis trichas,Common Yellowthroat,0.0135,D:/AcousticMonitoringData/ELDON10_Data/Week16\ELDON10_20250430_200402.wav
1356.0,1359.0,Geothlypis trichas,Common Yellowthroat,0.0232,D:/AcousticMonitoringData/ELDON10_Data/Week16\ELDON10_20250430_200402.wav
1356.0,1359.0,Sturnella magna,Eastern Meadowlark,0.0168,D:/AcousticMonitoringData/ELDON10_Data/Week16\ELDON10_20250430_200402.wav
1356.0,1359.0,Passerina caerulea,Blue Grosbeak,0.0134,D:/AcousticMonitoringData/ELDON10_Data/Week16\ELDON10_20250430_200402.wav
1371.0,1374.0,Spizella pusilla,Field Sparrow,0.0862,D:/AcousticMonitoringData/ELDON10_Data/Week16\ELDON10_20250430_200402.wav
1371.0,1374.0,Geothlypis trichas,Common Yellowthroat,0.0509,D:/AcousticMonitoringData/ELDON10_Data/Week16\ELDON10_20250430_200402.wav
1374.0,1377.0,Spizella pusilla,Field Sparrow,0.5538,D:/AcousticMonitoringData/ELDON10_Data/Week16\ELDON10_20250430_200402.wav
1377.0,1380.0,Spizella pusilla,Field Sparrow,0.0965,D:/AcousticMonitoringData/ELDON10_Data/Week16\ELDON10_20250430_200402.wav
1380.0,1383.0,Geothlypis trichas,Common Yellowthroat,0.1416,D:/AcousticMonitoringData/ELDON10_Data/Week16\ELDON10_20250430_200402.wav
1380.0,1383.0,Spizella pusilla,Field Sparrow,0.0208,D:/AcousticMonitoringData/ELDON10_Data/Week16\ELDON10_20250430_200402.wav
1380.0,1383.0,Sturnella magna,Eastern Meadowlark,0.0135,D:/AcousticMonitoringData/ELDON10_Data/Week16\ELDON10_20250430_200402.wav
1383.0,1386.0,Spizella pusilla,Field Sparrow,0.0196,D:/AcousticMonitoringData/ELDON10_Data/Week16\ELDON10_20250430_200402.wav
1383.0,1386.0,Sturnella magna,Eastern Meadowlark,0.0101,D:/AcousticMonitoringData/ELDON10_Data/Week16\ELDON10_20250430_200402.wav
1386.0,1389.0,Passerina caerulea,Blue Grosbeak,0.0127,D:/AcousticMonitoringData/ELDON10_Data/Week16\ELDON10_20250430_200402.wav
1386.0,1389.0,Spizella pusilla,Field Sparrow,0.0112,D:/AcousticMonitoringData/ELDON10_Data/Week16\ELDON10_20250430_200402.wav
1389.0,1392.0,Geothlypis trichas,Common Yellowthroat,0.0604,D:/AcousticMonitoringData/ELDON10_Data/Week16\ELDON10_20250430_200402.wav
1389.0,1392.0,Spizella pusilla,Field Sparrow,0.0109,D:/AcousticMonitoringData/ELDON10_Data/Week16\ELDON10_20250430_200402.wav
1392.0,1395.0,Geothlypis trichas,Common Yellowthroat,0.0543,D:/AcousticMonitoringData/ELDON10_Data/Week16\ELDON10_20250430_200402.wav
1392.0,1395.0,Passerina caerulea,Blue Grosbeak,0.0186,D:/AcousticMonitoringData/ELDON10_Data/Week16\ELDON10_20250430_200402.wav
1392.0,1395.0,Spizella pusilla,Field Sparrow,0.0174,D:/AcousticMonitoringData/ELDON10_Data/Week16\ELDON10_20250430_200402.wav
1395.0,1398.0,Geothlypis trichas,Common Yellowthroat,0.0167,D:/AcousticMonitoringData/ELDON10_Data/Week16\ELDON10_20250430_200402.wav
1395.0,1398.0,Spizella pusilla,Field Sparrow,0.0163,D:/AcousticMonitoringData/ELDON10_Data/Week16\ELDON10_20250430_200402.wav
1401.0,1404.0,Geothlypis trichas,Common Yellowthroat,0.0396,D:/AcousticMonitoringData/ELDON10_Data/Week16\ELDON10_20250430_200402.wav
1401.0,1404.0,Passerina caerulea,Blue Grosbeak,0.0200,D:/AcousticMonitoringData/ELDON10_Data/Week16\ELDON10_20250430_200402.wav
1404.0,1407.0,Spizella pusilla,Field Sparrow,0.7580,D:/AcousticMonitoringData/ELDON10_Data/Week16\ELDON10_20250430_200402.wav
1404.0,1407.0,Bartramia longicauda,Upland Sandpiper,0.0278,D:/AcousticMonitoringData/ELDON10_Data/Week16\ELDON10_20250430_200402.wav
1404.0,1407.0,Passerina caerulea,Blue Grosbeak,0.0211,D:/AcousticMonitoringData/ELDON10_Data/Week16\ELDON10_20250430_200402.wav
1404.0,1407.0,Geothlypis trichas,Common Yellowthroat,0.0113,D:/AcousticMonitoringData/ELDON10_Data/Week16\ELDON10_20250430_200402.wav
1407.0,1410.0,Spizella pusilla,Field Sparrow,0.3161,D:/AcousticMonitoringData/ELDON10_Data/Week16\ELDON10_20250430_200402.wav
1407.0,1410.0,Bartramia longicauda,Upland Sandpiper,0.0846,D:/AcousticMonitoringData/ELDON10_Data/Week16\ELDON10_20250430_200402.wav
1410.0,1413.0,Spizella pusilla,Field Sparrow,0.2544,D:/AcousticMonitoringData/ELDON10_Data/Week16\ELDON10_20250430_200402.wav
1410.0,1413.0,Bartramia longicauda,Upland Sandpiper,0.0840,D:/AcousticMonitoringData/ELDON10_Data/Week16\ELDON10_20250430_200402.wav
1413.0,1416.0,Spizella pusilla,Field Sparrow,0.0337,D:/AcousticMonitoringData/ELDON10_Data/Week16\ELDON10_20250430_200402.wav
1416.0,1419.0,Spizella pusilla,Field Sparrow,0.0131,D:/AcousticMonitoringData/ELDON10_Data/Week16\ELDON10_20250430_200402.wav
1419.0,1422.0,Spizella pusilla,Field Sparrow,0.0742,D:/AcousticMonitoringData/ELDON10_Data/Week16\ELDON10_20250430_200402.wav
1419.0,1422.0,Geothlypis trichas,Common Yellowthroat,0.0311,D:/AcousticMonitoringData/ELDON10_Data/Week16\ELDON10_20250430_200402.wav
1419.0,1422.0,Passerina caerulea,Blue Grosbeak,0.0255,D:/AcousticMonitoringData/ELDON10_Data/Week16\ELDON10_20250430_200402.wav
1419.0,1422.0,Sturnella magna,Eastern Meadowlark,0.0202,D:/AcousticMonitoringData/ELDON10_Data/Week16\ELDON10_20250430_200402.wav
1419.0,1422.0,Bartramia longicauda,Upland Sandpiper,0.0196,D:/AcousticMonitoringData/ELDON10_Data/Week16\ELDON10_20250430_200402.wav
1422.0,1425.0,Passerina caerulea,Blue Grosbeak,0.0215,D:/AcousticMonitoringData/ELDON10_Data/Week16\ELDON10_20250430_200402.wav
1422.0,1425.0,Spizella pusilla,Field Sparrow,0.0127,D:/AcousticMonitoringData/ELDON10_Data/Week16\ELDON10_20250430_200402.wav
1422.0,1425.0,Sturnella magna,Eastern Meadowlark,0.0123,D:/AcousticMonitoringData/ELDON10_Data/Week16\ELDON10_20250430_200402.wav
1425.0,1428.0,Spizella pusilla,Field Sparrow,0.0111,D:/AcousticMonitoringData/ELDON10_Data/Week16\ELDON10_20250430_200402.wav
1431.0,1434.0,Spizella pusilla,Field Sparrow,0.0873,D:/AcousticMonitoringData/ELDON10_Data/Week16\ELDON10_20250430_200402.wav
1431.0,1434.0,Geothlypis trichas,Common Yellowthroat,0.0237,D:/AcousticMonitoringData/ELDON10_Data/Week16\ELDON10_20250430_200402.wav
1431.0,1434.0,Bartramia longicauda,Upland Sandpiper,0.0198,D:/AcousticMonitoringData/ELDON10_Data/Week16\ELDON10_20250430_200402.wav
1434.0,1437.0,Spizella pusilla,Field Sparrow,0.0896,D:/AcousticMonitoringData/ELDON10_Data/Week16\ELDON10_20250430_200402.wav
1434.0,1437.0,Sturnella magna,Eastern Meadowlark,0.0186,D:/AcousticMonitoringData/ELDON10_Data/Week16\ELDON10_20250430_200402.wav
1434.0,1437.0,Bartramia longicauda,Upland Sandpiper,0.0150,D:/AcousticMonitoringData/ELDON10_Data/Week16\ELDON10_20250430_200402.wav
1437.0,1440.0,Bartramia longicauda,Upland Sandpiper,0.0470,D:/AcousticMonitoringData/ELDON10_Data/Week16\ELDON10_20250430_200402.wav
1443.0,1446.0,Spizella pusilla,Field Sparrow,0.0592,D:/AcousticMonitoringData/ELDON10_Data/Week16\ELDON10_20250430_200402.wav
1443.0,1446.0,Geothlypis trichas,Common Yellowthroat,0.0205,D:/AcousticMonitoringData/ELDON10_Data/Week16\ELDON10_20250430_200402.wav
1446.0,1449.0,Spizella pusilla,Field Sparrow,0.0131,D:/AcousticMonitoringData/ELDON10_Data/Week16\ELDON10_20250430_200402.wav
1446.0,1449.0,Bartramia longicauda,Upland Sandpiper,0.0121,D:/AcousticMonitoringData/ELDON10_Data/Week16\ELDON10_20250430_200402.wav
1449.0,1452.0,Spizella pusilla,Field Sparrow,0.0212,D:/AcousticMonitoringData/ELDON10_Data/Week16\ELDON10_20250430_200402.wav
1452.0,1455.0,Geothlypis trichas,Common Yellowthroat,0.0162,D:/AcousticMonitoringData/ELDON10_Data/Week16\ELDON10_20250430_200402.wav
1452.0,1455.0,Spizella pusilla,Field Sparrow,0.0104,D:/AcousticMonitoringData/ELDON10_Data/Week16\ELDON10_20250430_200402.wav
1455.0,1458.0,Bartramia longicauda,Upland Sandpiper,0.0281,D:/AcousticMonitoringData/ELDON10_Data/Week16\ELDON10_20250430_200402.wav
1455.0,1458.0,Geothlypis trichas,Common Yellowthroat,0.0212,D:/AcousticMonitoringData/ELDON10_Data/Week16\ELDON10_20250430_200402.wav
1458.0,1461.0,Geothlypis trichas,Common Yellowthroat,0.0269,D:/AcousticMonitoringData/ELDON10_Data/Week16\ELDON10_20250430_200402.wav
1461.0,1464.0,Geothlypis trichas,Common Yellowthroat,0.0185,D:/AcousticMonitoringData/ELDON10_Data/Week16\ELDON10_20250430_200402.wav
1461.0,1464.0,Spizella pusilla,Field Sparrow,0.0111,D:/AcousticMonitoringData/ELDON10_Data/Week16\ELDON10_20250430_200402.wav
1464.0,1467.0,Geothlypis trichas,Common Yellowthroat,0.0354,D:/AcousticMonitoringData/ELDON10_Data/Week16\ELDON10_20250430_200402.wav
1464.0,1467.0,Bartramia longicauda,Upland Sandpiper,0.0190,D:/AcousticMonitoringData/ELDON10_Data/Week16\ELDON10_20250430_200402.wav
1464.0,1467.0,Spizella pusilla,Field Sparrow,0.0102,D:/AcousticMonitoringData/ELDON10_Data/Week16\ELDON10_20250430_200402.wav
1470.0,1473.0,Bartramia longicauda,Upland Sandpiper,0.0981,D:/AcousticMonitoringData/ELDON10_Data/Week16\ELDON10_20250430_200402.wav
1470.0,1473.0,Geothlypis trichas,Common Yellowthroat,0.0423,D:/AcousticMonitoringData/ELDON10_Data/Week16\ELDON10_20250430_200402.wav
1470.0,1473.0,Spizella pusilla,Field Sparrow,0.0148,D:/AcousticMonitoringData/ELDON10_Data/Week16\ELDON10_20250430_200402.wav
1470.0,1473.0,Sturnella magna,Eastern Meadowlark,0.0129,D:/AcousticMonitoringData/ELDON10_Data/Week16\ELDON10_20250430_200402.wav
1473.0,1476.0,Geothlypis trichas,Common Yellowthroat,0.0486,D:/AcousticMonitoringData/ELDON10_Data/Week16\ELDON10_20250430_200402.wav
1473.0,1476.0,Bartramia longicauda,Upland Sandpiper,0.0121,D:/AcousticMonitoringData/ELDON10_Data/Week16\ELDON10_20250430_200402.wav
1479.0,1482.0,Sturnella magna,Eastern Meadowlark,0.0191,D:/AcousticMonitoringData/ELDON10_Data/Week16\ELDON10_20250430_200402.wav
1479.0,1482.0,Bartramia longicauda,Upland Sandpiper,0.0154,D:/AcousticMonitoringData/ELDON10_Data/Week16\ELDON10_20250430_200402.wav
1482.0,1485.0,Spizella pusilla,Field Sparrow,0.0130,D:/AcousticMonitoringData/ELDON10_Data/Week16\ELDON10_20250430_200402.wav
1482.0,1485.0,Geothlypis trichas,Common Yellowthroat,0.0102,D:/AcousticMonitoringData/ELDON10_Data/Week16\ELDON10_20250430_200402.wav
1485.0,1488.0,Geothlypis trichas,Common Yellowthroat,0.0217,D:/AcousticMonitoringData/ELDON10_Data/Week16\ELDON10_20250430_200402.wav
1500.0,1503.0,Spizella pusilla,Field Sparrow,0.0154,D:/AcousticMonitoringData/ELDON10_Data/Week16\ELDON10_20250430_200402.wav
1512.0,1515.0,Geothlypis trichas,Common Yellowthroat,0.3155,D:/AcousticMonitoringData/ELDON10_Data/Week16\ELDON10_20250430_200402.wav
1521.0,1524.0,Bartramia longicauda,Upland Sandpiper,0.0145,D:/AcousticMonitoringData/ELDON10_Data/Week16\ELDON10_20250430_200402.wav
1524.0,1527.0,Bartramia longicauda,Upland Sandpiper,0.0134,D:/AcousticMonitoringData/ELDON10_Data/Week16\ELDON10_20250430_200402.wav
1527.0,1530.0,Spizella pusilla,Field Sparrow,0.0199,D:/AcousticMonitoringData/ELDON10_Data/Week16\ELDON10_20250430_200402.wav
1527.0,1530.0,Sturnella magna,Eastern Meadowlark,0.0139,D:/AcousticMonitoringData/ELDON10_Data/Week16\ELDON10_20250430_200402.wav
1545.0,1548.0,Bartramia longicauda,Upland Sandpiper,0.0243,D:/AcousticMonitoringData/ELDON10_Data/Week16\ELDON10_20250430_200402.wav
1545.0,1548.0,Sturnella magna,Eastern Meadowlark,0.0110,D:/AcousticMonitoringData/ELDON10_Data/Week16\ELDON10_20250430_200402.wav
1551.0,1554.0,Bartramia longicauda,Upland Sandpiper,0.1517,D:/AcousticMonitoringData/ELDON10_Data/Week16\ELDON10_20250430_200402.wav
1551.0,1554.0,Sturnella magna,Eastern Meadowlark,0.0190,D:/AcousticMonitoringData/ELDON10_Data/Week16\ELDON10_20250430_200402.wav
1557.0,1560.0,Sturnella magna,Eastern Meadowlark,0.0109,D:/AcousticMonitoringData/ELDON10_Data/Week16\ELDON10_20250430_200402.wav
1563.0,1566.0,Geothlypis trichas,Common Yellowthroat,0.0109,D:/AcousticMonitoringData/ELDON10_Data/Week16\ELDON10_20250430_200402.wav
1566.0,1569.0,Sturnella magna,Eastern Meadowlark,0.0113,D:/AcousticMonitoringData/ELDON10_Data/Week16\ELDON10_20250430_200402.wav
1581.0,1584.0,Passerina caerulea,Blue Grosbeak,0.0142,D:/AcousticMonitoringData/ELDON10_Data/Week16\ELDON10_20250430_200402.wav
1581.0,1584.0,Bartramia longicauda,Upland Sandpiper,0.0100,D:/AcousticMonitoringData/ELDON10_Data/Week16\ELDON10_20250430_200402.wav
1584.0,1587.0,Sturnella magna,Eastern Meadowlark,0.0139,D:/AcousticMonitoringData/ELDON10_Data/Week16\ELDON10_20250430_200402.wav
1584.0,1587.0,Passerina caerulea,Blue Grosbeak,0.0128,D:/AcousticMonitoringData/ELDON10_Data/Week16\ELDON10_20250430_200402.wav
1587.0,1590.0,Bartramia longicauda,Upland Sandpiper,0.0423,D:/AcousticMonitoringData/ELDON10_Data/Week16\ELDON10_20250430_200402.wav
1587.0,1590.0,Passerina caerulea,Blue Grosbeak,0.0105,D:/AcousticMonitoringData/ELDON10_Data/Week16\ELDON10_20250430_200402.wav
1590.0,1593.0,Passerina caerulea,Blue Grosbeak,0.0110,D:/AcousticMonitoringData/ELDON10_Data/Week16\ELDON10_20250430_200402.wav
1593.0,1596.0,Passerina caerulea,Blue Grosbeak,0.0381,D:/AcousticMonitoringData/ELDON10_Data/Week16\ELDON10_20250430_200402.wav
1593.0,1596.0,Bartramia longicauda,Upland Sandpiper,0.0200,D:/AcousticMonitoringData/ELDON10_Data/Week16\ELDON10_20250430_200402.wav
1593.0,1596.0,Sturnella magna,Eastern Meadowlark,0.0108,D:/AcousticMonitoringData/ELDON10_Data/Week16\ELDON10_20250430_200402.wav
1596.0,1599.0,Bartramia longicauda,Upland Sandpiper,0.0145,D:/AcousticMonitoringData/ELDON10_Data/Week16\ELDON10_20250430_200402.wav
1596.0,1599.0,Spizella pusilla,Field Sparrow,0.0140,D:/AcousticMonitoringData/ELDON10_Data/Week16\ELDON10_20250430_200402.wav
1596.0,1599.0,Sturnella magna,Eastern Meadowlark,0.0111,D:/AcousticMonitoringData/ELDON10_Data/Week16\ELDON10_20250430_200402.wav
1599.0,1602.0,Spizella pusilla,Field Sparrow,0.0315,D:/AcousticMonitoringData/ELDON10_Data/Week16\ELDON10_20250430_200402.wav
1602.0,1605.0,Passerina caerulea,Blue Grosbeak,0.0148,D:/AcousticMonitoringData/ELDON10_Data/Week16\ELDON10_20250430_200402.wav
1602.0,1605.0,Bartramia longicauda,Upland Sandpiper,0.0126,D:/AcousticMonitoringData/ELDON10_Data/Week16\ELDON10_20250430_200402.wav
1605.0,1608.0,Passerina caerulea,Blue Grosbeak,0.0205,D:/AcousticMonitoringData/ELDON10_Data/Week16\ELDON10_20250430_200402.wav
1605.0,1608.0,Spizella pusilla,Field Sparrow,0.0102,D:/AcousticMonitoringData/ELDON10_Data/Week16\ELDON10_20250430_200402.wav
1611.0,1614.0,Bartramia longicauda,Upland Sandpiper,0.0235,D:/AcousticMonitoringData/ELDON10_Data/Week16\ELDON10_20250430_200402.wav
1611.0,1614.0,Passerina caerulea,Blue Grosbeak,0.0108,D:/AcousticMonitoringData/ELDON10_Data/Week16\ELDON10_20250430_200402.wav
1614.0,1617.0,Sturnella magna,Eastern Meadowlark,0.0115,D:/AcousticMonitoringData/ELDON10_Data/Week16\ELDON10_20250430_200402.wav
1617.0,1620.0,Spizella pusilla,Field Sparrow,0.1475,D:/AcousticMonitoringData/ELDON10_Data/Week16\ELDON10_20250430_200402.wav
1620.0,1623.0,Bartramia longicauda,Upland Sandpiper,0.0314,D:/AcousticMonitoringData/ELDON10_Data/Week16\ELDON10_20250430_200402.wav
1620.0,1623.0,Spizella pusilla,Field Sparrow,0.0164,D:/AcousticMonitoringData/ELDON10_Data/Week16\ELDON10_20250430_200402.wav
1623.0,1626.0,Bartramia longicauda,Upland Sandpiper,0.0381,D:/AcousticMonitoringData/ELDON10_Data/Week16\ELDON10_20250430_200402.wav
1623.0,1626.0,Passerina caerulea,Blue Grosbeak,0.0248,D:/AcousticMonitoringData/ELDON10_Data/Week16\ELDON10_20250430_200402.wav
1626.0,1629.0,Spizella pusilla,Field Sparrow,0.0128,D:/AcousticMonitoringData/ELDON10_Data/Week16\ELDON10_20250430_200402.wav
1626.0,1629.0,Bartramia longicauda,Upland Sandpiper,0.0125,D:/AcousticMonitoringData/ELDON10_Data/Week16\ELDON10_20250430_200402.wav
1626.0,1629.0,Passerina caerulea,Blue Grosbeak,0.0112,D:/AcousticMonitoringData/ELDON10_Data/Week16\ELDON10_20250430_200402.wav
1629.0,1632.0,Spizella pusilla,Field Sparrow,0.2296,D:/AcousticMonitoringData/ELDON10_Data/Week16\ELDON10_20250430_200402.wav
1629.0,1632.0,Bartramia longicauda,Upland Sandpiper,0.0196,D:/AcousticMonitoringData/ELDON10_Data/Week16\ELDON10_20250430_200402.wav
1629.0,1632.0,Sturnella magna,Eastern Meadowlark,0.0119,D:/AcousticMonitoringData/ELDON10_Data/Week16\ELDON10_20250430_200402.wav
1635.0,1638.0,Bartramia longicauda,Upland Sandpiper,0.0645,D:/AcousticMonitoringData/ELDON10_Data/Week16\ELDON10_20250430_200402.wav
1635.0,1638.0,Spizella pusilla,Field Sparrow,0.0438,D:/AcousticMonitoringData/ELDON10_Data/Week16\ELDON10_20250430_200402.wav
1638.0,1641.0,Sturnella magna,Eastern Meadowlark,0.0176,D:/AcousticMonitoringData/ELDON10_Data/Week16\ELDON10_20250430_200402.wav
1638.0,1641.0,Spizella pusilla,Field Sparrow,0.0118,D:/AcousticMonitoringData/ELDON10_Data/Week16\ELDON10_20250430_200402.wav
1641.0,1644.0,Spizella pusilla,Field Sparrow,0.0255,D:/AcousticMonitoringData/ELDON10_Data/Week16\ELDON10_20250430_200402.wav
1641.0,1644.0,Geothlypis trichas,Common Yellowthroat,0.0140,D:/AcousticMonitoringData/ELDON10_Data/Week16\ELDON10_20250430_200402.wav
1641.0,1644.0,Bartramia longicauda,Upland Sandpiper,0.0110,D:/AcousticMonitoringData/ELDON10_Data/Week16\ELDON10_20250430_200402.wav
1641.0,1644.0,Passerina caerulea,Blue Grosbeak,0.0109,D:/AcousticMonitoringData/ELDON10_Data/Week16\ELDON10_20250430_200402.wav
1644.0,1647.0,Spizella pusilla,Field Sparrow,0.7022,D:/AcousticMonitoringData/ELDON10_Data/Week16\ELDON10_20250430_200402.wav
1644.0,1647.0,Bartramia longicauda,Upland Sandpiper,0.0193,D:/AcousticMonitoringData/ELDON10_Data/Week16\ELDON10_20250430_200402.wav
1644.0,1647.0,Sturnella magna,Eastern Meadowlark,0.0159,D:/AcousticMonitoringData/ELDON10_Data/Week16\ELDON10_20250430_200402.wav
1647.0,1650.0,Spizella pusilla,Field Sparrow,0.3350,D:/AcousticMonitoringData/ELDON10_Data/Week16\ELDON10_20250430_200402.wav
1647.0,1650.0,Passerina caerulea,Blue Grosbeak,0.0216,D:/AcousticMonitoringData/ELDON10_Data/Week16\ELDON10_20250430_200402.wav
1650.0,1653.0,Bartramia longicauda,Upland Sandpiper,0.0379,D:/AcousticMonitoringData/ELDON10_Data/Week16\ELDON10_20250430_200402.wav
1662.0,1665.0,Geothlypis trichas,Common Yellowthroat,0.0154,D:/AcousticMonitoringData/ELDON10_Data/Week16\ELDON10_20250430_200402.wav
1668.0,1671.0,Geothlypis trichas,Common Yellowthroat,0.0101,D:/AcousticMonitoringData/ELDON10_Data/Week16\ELDON10_20250430_200402.wav
1674.0,1677.0,Bartramia longicauda,Upland Sandpiper,0.0175,D:/AcousticMonitoringData/ELDON10_Data/Week16\ELDON10_20250430_200402.wav
1674.0,1677.0,Geothlypis trichas,Common Yellowthroat,0.0132,D:/AcousticMonitoringData/ELDON10_Data/Week16\ELDON10_20250430_200402.wav
1677.0,1680.0,Sturnella magna,Eastern Meadowlark,0.0118,D:/AcousticMonitoringData/ELDON10_Data/Week16\ELDON10_20250430_200402.wav
1680.0,1683.0,Geothlypis trichas,Common Yellowthroat,0.0399,D:/AcousticMonitoringData/ELDON10_Data/Week16\ELDON10_20250430_200402.wav
1680.0,1683.0,Spizella pusilla,Field Sparrow,0.0204,D:/AcousticMonitoringData/ELDON10_Data/Week16\ELDON10_20250430_200402.wav
1683.0,1686.0,Geothlypis trichas,Common Yellowthroat,0.0113,D:/AcousticMonitoringData/ELDON10_Data/Week16\ELDON10_20250430_200402.wav
1686.0,1689.0,Geothlypis trichas,Common Yellowthroat,0.0125,D:/AcousticMonitoringData/ELDON10_Data/Week16\ELDON10_20250430_200402.wav
1686.0,1689.0,Bartramia longicauda,Upland Sandpiper,0.0124,D:/AcousticMonitoringData/ELDON10_Data/Week16\ELDON10_20250430_200402.wav
1689.0,1692.0,Spizella pusilla,Field Sparrow,0.0373,D:/AcousticMonitoringData/ELDON10_Data/Week16\ELDON10_20250430_200402.wav
1689.0,1692.0,Geothlypis trichas,Common Yellowthroat,0.0155,D:/AcousticMonitoringData/ELDON10_Data/Week16\ELDON10_20250430_200402.wav
1689.0,1692.0,Melospiza melodia,Song Sparrow,0.0135,D:/AcousticMonitoringData/ELDON10_Data/Week16\ELDON10_20250430_200402.wav
1692.0,1695.0,Geothlypis trichas,Common Yellowthroat,0.0329,D:/AcousticMonitoringData/ELDON10_Data/Week16\ELDON10_20250430_200402.wav
1692.0,1695.0,Bartramia longicauda,Upland Sandpiper,0.0107,D:/AcousticMonitoringData/ELDON10_Data/Week16\ELDON10_20250430_200402.wav
1695.0,1698.0,Geothlypis trichas,Common Yellowthroat,0.0186,D:/AcousticMonitoringData/ELDON10_Data/Week16\ELDON10_20250430_200402.wav
1695.0,1698.0,Bartramia longicauda,Upland Sandpiper,0.0158,D:/AcousticMonitoringData/ELDON10_Data/Week16\ELDON10_20250430_200402.wav
1695.0,1698.0,Passerina caerulea,Blue Grosbeak,0.0148,D:/AcousticMonitoringData/ELDON10_Data/Week16\ELDON10_20250430_200402.wav
1695.0,1698.0,Melospiza melodia,Song Sparrow,0.0106,D:/AcousticMonitoringData/ELDON10_Data/Week16\ELDON10_20250430_200402.wav
1698.0,1701.0,Spizella pusilla,Field Sparrow,0.0106,D:/AcousticMonitoringData/ELDON10_Data/Week16\ELDON10_20250430_200402.wav
1698.0,1701.0,Geothlypis trichas,Common Yellowthroat,0.0106,D:/AcousticMonitoringData/ELDON10_Data/Week16\ELDON10_20250430_200402.wav
1698.0,1701.0,Melospiza melodia,Song Sparrow,0.0102,D:/AcousticMonitoringData/ELDON10_Data/Week16\ELDON10_20250430_200402.wav
1704.0,1707.0,Sturnella magna,Eastern Meadowlark,0.0111,D:/AcousticMonitoringData/ELDON10_Data/Week16\ELDON10_20250430_200402.wav
1707.0,1710.0,Spizella pusilla,Field Sparrow,0.0112,D:/AcousticMonitoringData/ELDON10_Data/Week16\ELDON10_20250430_200402.wav
1713.0,1716.0,Spizella pusilla,Field Sparrow,0.0178,D:/AcousticMonitoringData/ELDON10_Data/Week16\ELDON10_20250430_200402.wav
1716.0,1719.0,Spizella pusilla,Field Sparrow,0.0719,D:/AcousticMonitoringData/ELDON10_Data/Week16\ELDON10_20250430_200402.wav
1716.0,1719.0,Melospiza melodia,Song Sparrow,0.0256,D:/AcousticMonitoringData/ELDON10_Data/Week16\ELDON10_20250430_200402.wav
1719.0,1722.0,Spizella pusilla,Field Sparrow,0.0943,D:/AcousticMonitoringData/ELDON10_Data/Week16\ELDON10_20250430_200402.wav
1719.0,1722.0,Geothlypis trichas,Common Yellowthroat,0.0146,D:/AcousticMonitoringData/ELDON10_Data/Week16\ELDON10_20250430_200402.wav
1722.0,1725.0,Passerina caerulea,Blue Grosbeak,0.0378,D:/AcousticMonitoringData/ELDON10_Data/Week16\ELDON10_20250430_200402.wav
1722.0,1725.0,Spizella pusilla,Field Sparrow,0.0294,D:/AcousticMonitoringData/ELDON10_Data/Week16\ELDON10_20250430_200402.wav
1722.0,1725.0,Melospiza melodia,Song Sparrow,0.0137,D:/AcousticMonitoringData/ELDON10_Data/Week16\ELDON10_20250430_200402.wav
1722.0,1725.0,Geothlypis trichas,Common Yellowthroat,0.0104,D:/AcousticMonitoringData/ELDON10_Data/Week16\ELDON10_20250430_200402.wav
1725.0,1728.0,Geothlypis trichas,Common Yellowthroat,0.0123,D:/AcousticMonitoringData/ELDON10_Data/Week16\ELDON10_20250430_200402.wav
1728.0,1731.0,Melospiza melodia,Song Sparrow,0.0157,D:/AcousticMonitoringData/ELDON10_Data/Week16\ELDON10_20250430_200402.wav
1728.0,1731.0,Geothlypis trichas,Common Yellowthroat,0.0106,D:/AcousticMonitoringData/ELDON10_Data/Week16\ELDON10_20250430_200402.wav
1731.0,1734.0,Sturnella magna,Eastern Meadowlark,0.0194,D:/AcousticMonitoringData/ELDON10_Data/Week16\ELDON10_20250430_200402.wav
1740.0,1743.0,Sturnella magna,Eastern Meadowlark,0.0161,D:/AcousticMonitoringData/ELDON10_Data/Week16\ELDON10_20250430_200402.wav
1743.0,1746.0,Melospiza melodia,Song Sparrow,0.0119,D:/AcousticMonitoringData/ELDON10_Data/Week16\ELDON10_20250430_200402.wav
1746.0,1749.0,Sturnella magna,Eastern Meadowlark,0.0126,D:/AcousticMonitoringData/ELDON10_Data/Week16\ELDON10_20250430_200402.wav
1746.0,1749.0,Melospiza melodia,Song Sparrow,0.0116,D:/AcousticMonitoringData/ELDON10_Data/Week16\ELDON10_20250430_200402.wav
1749.0,1752.0,Sturnella magna,Eastern Meadowlark,0.0227,D:/AcousticMonitoringData/ELDON10_Data/Week16\ELDON10_20250430_200402.wav
1749.0,1752.0,Passerina caerulea,Blue Grosbeak,0.0114,D:/AcousticMonitoringData/ELDON10_Data/Week16\ELDON10_20250430_200402.wav
1752.0,1755.0,Spizella pusilla,Field Sparrow,0.0143,D:/AcousticMonitoringData/ELDON10_Data/Week16\ELDON10_20250430_200402.wav
1752.0,1755.0,Sturnella magna,Eastern Meadowlark,0.0125,D:/AcousticMonitoringData/ELDON10_Data/Week16\ELDON10_20250430_200402.wav
1755.0,1758.0,Passerina caerulea,Blue Grosbeak,0.0121,D:/AcousticMonitoringData/ELDON10_Data/Week16\ELDON10_20250430_200402.wav
1761.0,1764.0,Geothlypis trichas,Common Yellowthroat,0.1222,D:/AcousticMonitoringData/ELDON10_Data/Week16\ELDON10_20250430_200402.wav
1761.0,1764.0,Melospiza melodia,Song Sparrow,0.0217,D:/AcousticMonitoringData/ELDON10_Data/Week16\ELDON10_20250430_200402.wav
1761.0,1764.0,Spizella pusilla,Field Sparrow,0.0165,D:/AcousticMonitoringData/ELDON10_Data/Week16\ELDON10_20250430_200402.wav
1764.0,1767.0,Sturnella magna,Eastern Meadowlark,0.0232,D:/AcousticMonitoringData/ELDON10_Data/Week16\ELDON10_20250430_200402.wav
1764.0,1767.0,Geothlypis trichas,Common Yellowthroat,0.0153,D:/AcousticMonitoringData/ELDON10_Data/Week16\ELDON10_20250430_200402.wav
1764.0,1767.0,Melospiza melodia,Song Sparrow,0.0119,D:/AcousticMonitoringData/ELDON10_Data/Week16\ELDON10_20250430_200402.wav
1767.0,1770.0,Geothlypis trichas,Common Yellowthroat,0.0126,D:/AcousticMonitoringData/ELDON10_Data/Week16\ELDON10_20250430_200402.wav
1770.0,1773.0,Geothlypis trichas,Common Yellowthroat,0.0163,D:/AcousticMonitoringData/ELDON10_Data/Week16\ELDON10_20250430_200402.wav
1773.0,1776.0,Geothlypis trichas,Common Yellowthroat,0.0520,D:/AcousticMonitoringData/ELDON10_Data/Week16\ELDON10_20250430_200402.wav
1773.0,1776.0,Melospiza melodia,Song Sparrow,0.0119,D:/AcousticMonitoringData/ELDON10_Data/Week16\ELDON10_20250430_200402.wav
1776.0,1779.0,Melospiza melodia,Song Sparrow,0.0252,D:/AcousticMonitoringData/ELDON10_Data/Week16\ELDON10_20250430_200402.wav
1779.0,1782.0,Melospiza melodia,Song Sparrow,0.0204,D:/AcousticMonitoringData/ELDON10_Data/Week16\ELDON10_20250430_200402.wav
1779.0,1782.0,Geothlypis trichas,Common Yellowthroat,0.0142,D:/AcousticMonitoringData/ELDON10_Data/Week16\ELDON10_20250430_200402.wav
1782.0,1785.0,Melospiza melodia,Song Sparrow,0.0127,D:/AcousticMonitoringData/ELDON10_Data/Week16\ELDON10_20250430_200402.wav
1785.0,1788.0,Sturnella magna,Eastern Meadowlark,0.0161,D:/AcousticMonitoringData/ELDON10_Data/Week16\ELDON10_20250430_200402.wav
1788.0,1791.0,Spizella pusilla,Field Sparrow,0.0121,D:/AcousticMonitoringData/ELDON10_Data/Week16\ELDON10_20250430_200402.wav
1791.0,1794.0,Geothlypis trichas,Common Yellowthroat,0.0131,D:/AcousticMonitoringData/ELDON10_Data/Week16\ELDON10_20250430_200402.wav
1791.0,1794.0,Melospiza melodia,Song Sparrow,0.0111,D:/AcousticMonitoringData/ELDON10_Data/Week16\ELDON10_20250430_200402.wav
1794.0,1797.0,Sturnella magna,Eastern Meadowlark,0.0100,D:/AcousticMonitoringData/ELDON10_Data/Week16\ELDON10_20250430_200402.wav
1797.0,1800.0,Geothlypis trichas,Common Yellowthroat,0.0257,D:/AcousticMonitoringData/ELDON10_Data/Week16\ELDON10_20250430_200402.wav
1797.0,1800.0,Spizella pusilla,Field Sparrow,0.0153,D:/AcousticMonitoringData/ELDON10_Data/Week16\ELDON10_20250430_200402.wav
1797.0,1800.0,Passerina caerulea,Blue Grosbeak,0.0103,D:/AcousticMonitoringData/ELDON10_Data/Week16\ELDON10_20250430_200402.wav
1800.0,1803.0,Sturnella magna,Eastern Meadowlark,0.0392,D:/AcousticMonitoringData/ELDON10_Data/Week16\ELDON10_20250430_200402.wav
1800.0,1803.0,Geothlypis trichas,Common Yellowthroat,0.0169,D:/AcousticMonitoringData/ELDON10_Data/Week16\ELDON10_20250430_200402.wav
1800.0,1803.0,Melospiza melodia,Song Sparrow,0.0109,D:/AcousticMonitoringData/ELDON10_Data/Week16\ELDON10_20250430_200402.wav
1800.0,1803.0,Passerina caerulea,Blue Grosbeak,0.0106,D:/AcousticMonitoringData/ELDON10_Data/Week16\ELDON10_20250430_200402.wav
1803.0,1806.0,Melospiza melodia,Song Sparrow,0.0297,D:/AcousticMonitoringData/ELDON10_Data/Week16\ELDON10_20250430_200402.wav
1803.0,1806.0,Geothlypis trichas,Common Yellowthroat,0.0272,D:/AcousticMonitoringData/ELDON10_Data/Week16\ELDON10_20250430_200402.wav
1806.0,1809.0,Melospiza melodia,Song Sparrow,0.0248,D:/AcousticMonitoringData/ELDON10_Data/Week16\ELDON10_20250430_200402.wav
1806.0,1809.0,Spizella pusilla,Field Sparrow,0.0144,D:/AcousticMonitoringData/ELDON10_Data/Week16\ELDON10_20250430_200402.wav
1806.0,1809.0,Sturnella magna,Eastern Meadowlark,0.0101,D:/AcousticMonitoringData/ELDON10_Data/Week16\ELDON10_20250430_200402.wav
1809.0,1812.0,Melospiza melodia,Song Sparrow,0.0116,D:/AcousticMonitoringData/ELDON10_Data/Week16\ELDON10_20250430_200402.wav
1815.0,1818.0,Geothlypis trichas,Common Yellowthroat,0.0165,D:/AcousticMonitoringData/ELDON10_Data/Week16\ELDON10_20250430_200402.wav
1818.0,1821.0,Melospiza melodia,Song Sparrow,0.0218,D:/AcousticMonitoringData/ELDON10_Data/Week16\ELDON10_20250430_200402.wav
1818.0,1821.0,Geothlypis trichas,Common Yellowthroat,0.0161,D:/AcousticMonitoringData/ELDON10_Data/Week16\ELDON10_20250430_200402.wav
1821.0,1824.0,Geothlypis trichas,Common Yellowthroat,0.0182,D:/AcousticMonitoringData/ELDON10_Data/Week16\ELDON10_20250430_200402.wav
1824.0,1827.0,Geothlypis trichas,Common Yellowthroat,0.0200,D:/AcousticMonitoringData/ELDON10_Data/Week16\ELDON10_20250430_200402.wav
1824.0,1827.0,Spizella pusilla,Field Sparrow,0.0103,D:/AcousticMonitoringData/ELDON10_Data/Week16\ELDON10_20250430_200402.wav
1827.0,1830.0,Geothlypis trichas,Common Yellowthroat,0.0207,D:/AcousticMonitoringData/ELDON10_Data/Week16\ELDON10_20250430_200402.wav
1827.0,1830.0,Bartramia longicauda,Upland Sandpiper,0.0194,D:/AcousticMonitoringData/ELDON10_Data/Week16\ELDON10_20250430_200402.wav
1827.0,1830.0,Spizella pusilla,Field Sparrow,0.0139,D:/AcousticMonitoringData/ELDON10_Data/Week16\ELDON10_20250430_200402.wav
1830.0,1833.0,Bartramia longicauda,Upland Sandpiper,0.0264,D:/AcousticMonitoringData/ELDON10_Data/Week16\ELDON10_20250430_200402.wav
1833.0,1836.0,Melospiza melodia,Song Sparrow,0.0105,D:/AcousticMonitoringData/ELDON10_Data/Week16\ELDON10_20250430_200402.wav
1836.0,1839.0,Bartramia longicauda,Upland Sandpiper,0.0222,D:/AcousticMonitoringData/ELDON10_Data/Week16\ELDON10_20250430_200402.wav
1836.0,1839.0,Sturnella magna,Eastern Meadowlark,0.0144,D:/AcousticMonitoringData/ELDON10_Data/Week16\ELDON10_20250430_200402.wav
1842.0,1845.0,Bartramia longicauda,Upland Sandpiper,0.0200,D:/AcousticMonitoringData/ELDON10_Data/Week16\ELDON10_20250430_200402.wav
1854.0,1857.0,Bartramia longicauda,Upland Sandpiper,0.0365,D:/AcousticMonitoringData/ELDON10_Data/Week16\ELDON10_20250430_200402.wav
1857.0,1860.0,Melospiza melodia,Song Sparrow,0.0126,D:/AcousticMonitoringData/ELDON10_Data/Week16\ELDON10_20250430_200402.wav
1860.0,1863.0,Geothlypis trichas,Common Yellowthroat,0.0306,D:/AcousticMonitoringData/ELDON10_Data/Week16\ELDON10_20250430_200402.wav
1860.0,1863.0,Melospiza melodia,Song Sparrow,0.0141,D:/AcousticMonitoringData/ELDON10_Data/Week16\ELDON10_20250430_200402.wav
1866.0,1869.0,Melospiza melodia,Song Sparrow,0.0114,D:/AcousticMonitoringData/ELDON10_Data/Week16\ELDON10_20250430_200402.wav
1875.0,1878.0,Melospiza melodia,Song Sparrow,0.0182,D:/AcousticMonitoringData/ELDON10_Data/Week16\ELDON10_20250430_200402.wav
1875.0,1878.0,Geothlypis trichas,Common Yellowthroat,0.0126,D:/AcousticMonitoringData/ELDON10_Data/Week16\ELDON10_20250430_200402.wav
1878.0,1881.0,Melospiza melodia,Song Sparrow,0.0156,D:/AcousticMonitoringData/ELDON10_Data/Week16\ELDON10_20250430_200402.wav
1881.0,1884.0,Bartramia longicauda,Upland Sandpiper,0.0223,D:/AcousticMonitoringData/ELDON10_Data/Week16\ELDON10_20250430_200402.wav
1881.0,1884.0,Sturnella magna,Eastern Meadowlark,0.0123,D:/AcousticMonitoringData/ELDON10_Data/Week16\ELDON10_20250430_200402.wav
1884.0,1887.0,Spizella pusilla,Field Sparrow,0.0203,D:/AcousticMonitoringData/ELDON10_Data/Week16\ELDON10_20250430_200402.wav
1884.0,1887.0,Passerina caerulea,Blue Grosbeak,0.0102,D:/AcousticMonitoringData/ELDON10_Data/Week16\ELDON10_20250430_200402.wav
1887.0,1890.0,Bartramia longicauda,Upland Sandpiper,0.0389,D:/AcousticMonitoringData/ELDON10_Data/Week16\ELDON10_20250430_200402.wav
1887.0,1890.0,Sturnella magna,Eastern Meadowlark,0.0129,D:/AcousticMonitoringData/ELDON10_Data/Week16\ELDON10_20250430_200402.wav
1890.0,1893.0,Geothlypis trichas,Common Yellowthroat,0.0282,D:/AcousticMonitoringData/ELDON10_Data/Week16\ELDON10_20250430_200402.wav
1893.0,1896.0,Bartramia longicauda,Upland Sandpiper,0.0187,D:/AcousticMonitoringData/ELDON10_Data/Week16\ELDON10_20250430_200402.wav
1896.0,1899.0,Bartramia longicauda,Upland Sandpiper,0.0217,D:/AcousticMonitoringData/ELDON10_Data/Week16\ELDON10_20250430_200402.wav
1899.0,1902.0,Bartramia longicauda,Upland Sandpiper,0.1113,D:/AcousticMonitoringData/ELDON10_Data/Week16\ELDON10_20250430_200402.wav
1899.0,1902.0,Sturnella magna,Eastern Meadowlark,0.0105,D:/AcousticMonitoringData/ELDON10_Data/Week16\ELDON10_20250430_200402.wav
1902.0,1905.0,Sturnella magna,Eastern Meadowlark,0.0120,D:/AcousticMonitoringData/ELDON10_Data/Week16\ELDON10_20250430_200402.wav
1908.0,1911.0,Sturnella magna,Eastern Meadowlark,0.0323,D:/AcousticMonitoringData/ELDON10_Data/Week16\ELDON10_20250430_200402.wav
1908.0,1911.0,Bartramia longicauda,Upland Sandpiper,0.0294,D:/AcousticMonitoringData/ELDON10_Data/Week16\ELDON10_20250430_200402.wav
1911.0,1914.0,Bartramia longicauda,Upland Sandpiper,0.0910,D:/AcousticMonitoringData/ELDON10_Data/Week16\ELDON10_20250430_200402.wav
1911.0,1914.0,Geothlypis trichas,Common Yellowthroat,0.0129,D:/AcousticMonitoringData/ELDON10_Data/Week16\ELDON10_20250430_200402.wav
1911.0,1914.0,Melospiza melodia,Song Sparrow,0.0127,D:/AcousticMonitoringData/ELDON10_Data/Week16\ELDON10_20250430_200402.wav
1914.0,1917.0,Melospiza melodia,Song Sparrow,0.0291,D:/AcousticMonitoringData/ELDON10_Data/Week16\ELDON10_20250430_200402.wav
1917.0,1920.0,Geothlypis trichas,Common Yellowthroat,0.0306,D:/AcousticMonitoringData/ELDON10_Data/Week16\ELDON10_20250430_200402.wav
1920.0,1923.0,Geothlypis trichas,Common Yellowthroat,0.0332,D:/AcousticMonitoringData/ELDON10_Data/Week16\ELDON10_20250430_200402.wav
1920.0,1923.0,Bartramia longicauda,Upland Sandpiper,0.0305,D:/AcousticMonitoringData/ELDON10_Data/Week16\ELDON10_20250430_200402.wav
1920.0,1923.0,Melospiza melodia,Song Sparrow,0.0206,D:/AcousticMonitoringData/ELDON10_Data/Week16\ELDON10_20250430_200402.wav
1920.0,1923.0,Passerina caerulea,Blue Grosbeak,0.0134,D:/AcousticMonitoringData/ELDON10_Data/Week16\ELDON10_20250430_200402.wav
1923.0,1926.0,Geothlypis trichas,Common Yellowthroat,0.0405,D:/AcousticMonitoringData/ELDON10_Data/Week16\ELDON10_20250430_200402.wav
1923.0,1926.0,Melospiza melodia,Song Sparrow,0.0287,D:/AcousticMonitoringData/ELDON10_Data/Week16\ELDON10_20250430_200402.wav
1926.0,1929.0,Sturnella magna,Eastern Meadowlark,0.0170,D:/AcousticMonitoringData/ELDON10_Data/Week16\ELDON10_20250430_200402.wav
1926.0,1929.0,Melospiza melodia,Song Sparrow,0.0121,D:/AcousticMonitoringData/ELDON10_Data/Week16\ELDON10_20250430_200402.wav
1926.0,1929.0,Bartramia longicauda,Upland Sandpiper,0.0119,D:/AcousticMonitoringData/ELDON10_Data/Week16\ELDON10_20250430_200402.wav
1926.0,1929.0,Geothlypis trichas,Common Yellowthroat,0.0108,D:/AcousticMonitoringData/ELDON10_Data/Week16\ELDON10_20250430_200402.wav
1929.0,1932.0,Geothlypis trichas,Common Yellowthroat,0.0322,D:/AcousticMonitoringData/ELDON10_Data/Week16\ELDON10_20250430_200402.wav
1929.0,1932.0,Melospiza melodia,Song Sparrow,0.0283,D:/AcousticMonitoringData/ELDON10_Data/Week16\ELDON10_20250430_200402.wav
1932.0,1935.0,Melospiza melodia,Song Sparrow,0.0739,D:/AcousticMonitoringData/ELDON10_Data/Week16\ELDON10_20250430_200402.wav
1932.0,1935.0,Geothlypis trichas,Common Yellowthroat,0.0269,D:/AcousticMonitoringData/ELDON10_Data/Week16\ELDON10_20250430_200402.wav
1935.0,1938.0,Geothlypis trichas,Common Yellowthroat,0.0127,D:/AcousticMonitoringData/ELDON10_Data/Week16\ELDON10_20250430_200402.wav
1938.0,1941.0,Sturnella magna,Eastern Meadowlark,0.0169,D:/AcousticMonitoringData/ELDON10_Data/Week16\ELDON10_20250430_200402.wav
1941.0,1944.0,Geothlypis trichas,Common Yellowthroat,0.0150,D:/AcousticMonitoringData/ELDON10_Data/Week16\ELDON10_20250430_200402.wav
1944.0,1947.0,Sturnella magna,Eastern Meadowlark,0.0110,D:/AcousticMonitoringData/ELDON10_Data/Week16\ELDON10_20250430_200402.wav
1950.0,1953.0,Bartramia longicauda,Upland Sandpiper,0.0145,D:/AcousticMonitoringData/ELDON10_Data/Week16\ELDON10_20250430_200402.wav
1950.0,1953.0,Geothlypis trichas,Common Yellowthroat,0.0142,D:/AcousticMonitoringData/ELDON10_Data/Week16\ELDON10_20250430_200402.wav
1962.0,1965.0,Bartramia longicauda,Upland Sandpiper,0.0200,D:/AcousticMonitoringData/ELDON10_Data/Week16\ELDON10_20250430_200402.wav
1968.0,1971.0,Bartramia longicauda,Upland Sandpiper,0.0834,D:/AcousticMonitoringData/ELDON10_Data/Week16\ELDON10_20250430_200402.wav
1971.0,1974.0,Bartramia longicauda,Upland Sandpiper,0.0234,D:/AcousticMonitoringData/ELDON10_Data/Week16\ELDON10_20250430_200402.wav
1974.0,1977.0,Bartramia longicauda,Upland Sandpiper,0.0985,D:/AcousticMonitoringData/ELDON10_Data/Week16\ELDON10_20250430_200402.wav
1974.0,1977.0,Sturnella magna,Eastern Meadowlark,0.0120,D:/AcousticMonitoringData/ELDON10_Data/Week16\ELDON10_20250430_200402.wav
1977.0,1980.0,Bartramia longicauda,Upland Sandpiper,0.1863,D:/AcousticMonitoringData/ELDON10_Data/Week16\ELDON10_20250430_200402.wav
1986.0,1989.0,Bartramia longicauda,Upland Sandpiper,0.0908,D:/AcousticMonitoringData/ELDON10_Data/Week16\ELDON10_20250430_200402.wav
1995.0,1998.0,Bartramia longicauda,Upland Sandpiper,0.0352,D:/AcousticMonitoringData/ELDON10_Data/Week16\ELDON10_20250430_200402.wav
2001.0,2004.0,Bartramia longicauda,Upland Sandpiper,0.0115,D:/AcousticMonitoringData/ELDON10_Data/Week16\ELDON10_20250430_200402.wav
2004.0,2007.0,Sturnella magna,Eastern Meadowlark,0.0181,D:/AcousticMonitoringData/ELDON10_Data/Week16\ELDON10_20250430_200402.wav
2007.0,2010.0,Bartramia longicauda,Upland Sandpiper,0.0351,D:/AcousticMonitoringData/ELDON10_Data/Week16\ELDON10_20250430_200402.wav
2013.0,2016.0,Bartramia longicauda,Upland Sandpiper,0.0102,D:/AcousticMonitoringData/ELDON10_Data/Week16\ELDON10_20250430_200402.wav
2037.0,2040.0,Geothlypis trichas,Common Yellowthroat,0.0319,D:/AcousticMonitoringData/ELDON10_Data/Week16\ELDON10_20250430_200402.wav
2040.0,2043.0,Geothlypis trichas,Common Yellowthroat,0.0496,D:/AcousticMonitoringData/ELDON10_Data/Week16\ELDON10_20250430_200402.wav
2040.0,2043.0,Melospiza melodia,Song Sparrow,0.0112,D:/AcousticMonitoringData/ELDON10_Data/Week16\ELDON10_20250430_200402.wav
2043.0,2046.0,Geothlypis trichas,Common Yellowthroat,0.0181,D:/AcousticMonitoringData/ELDON10_Data/Week16\ELDON10_20250430_200402.wav
2046.0,2049.0,Geothlypis trichas,Common Yellowthroat,0.0184,D:/AcousticMonitoringData/ELDON10_Data/Week16\ELDON10_20250430_200402.wav
2049.0,2052.0,Sturnella magna,Eastern Meadowlark,0.0106,D:/AcousticMonitoringData/ELDON10_Data/Week16\ELDON10_20250430_200402.wav
2052.0,2055.0,Geothlypis trichas,Common Yellowthroat,0.0299,D:/AcousticMonitoringData/ELDON10_Data/Week16\ELDON10_20250430_200402.wav
2055.0,2058.0,Geothlypis trichas,Common Yellowthroat,0.0215,D:/AcousticMonitoringData/ELDON10_Data/Week16\ELDON10_20250430_200402.wav
2055.0,2058.0,Melospiza melodia,Song Sparrow,0.0185,D:/AcousticMonitoringData/ELDON10_Data/Week16\ELDON10_20250430_200402.wav
2055.0,2058.0,Passerina caerulea,Blue Grosbeak,0.0131,D:/AcousticMonitoringData/ELDON10_Data/Week16\ELDON10_20250430_200402.wav
2058.0,2061.0,Sturnella magna,Eastern Meadowlark,0.0316,D:/AcousticMonitoringData/ELDON10_Data/Week16\ELDON10_20250430_200402.wav
2058.0,2061.0,Bartramia longicauda,Upland Sandpiper,0.0211,D:/AcousticMonitoringData/ELDON10_Data/Week16\ELDON10_20250430_200402.wav
2058.0,2061.0,Geothlypis trichas,Common Yellowthroat,0.0205,D:/AcousticMonitoringData/ELDON10_Data/Week16\ELDON10_20250430_200402.wav
2061.0,2064.0,Bartramia longicauda,Upland Sandpiper,0.0234,D:/AcousticMonitoringData/ELDON10_Data/Week16\ELDON10_20250430_200402.wav
2064.0,2067.0,Geothlypis trichas,Common Yellowthroat,0.0690,D:/AcousticMonitoringData/ELDON10_Data/Week16\ELDON10_20250430_200402.wav
2064.0,2067.0,Melospiza melodia,Song Sparrow,0.0113,D:/AcousticMonitoringData/ELDON10_Data/Week16\ELDON10_20250430_200402.wav
2067.0,2070.0,Bartramia longicauda,Upland Sandpiper,0.0140,D:/AcousticMonitoringData/ELDON10_Data/Week16\ELDON10_20250430_200402.wav
2070.0,2073.0,Bartramia longicauda,Upland Sandpiper,0.0116,D:/AcousticMonitoringData/ELDON10_Data/Week16\ELDON10_20250430_200402.wav
2073.0,2076.0,Melospiza melodia,Song Sparrow,0.0139,D:/AcousticMonitoringData/ELDON10_Data/Week16\ELDON10_20250430_200402.wav
2076.0,2079.0,Bartramia longicauda,Upland Sandpiper,0.0249,D:/AcousticMonitoringData/ELDON10_Data/Week16\ELDON10_20250430_200402.wav
2076.0,2079.0,Melospiza melodia,Song Sparrow,0.0166,D:/AcousticMonitoringData/ELDON10_Data/Week16\ELDON10_20250430_200402.wav
2079.0,2082.0,Bartramia longicauda,Upland Sandpiper,0.0130,D:/AcousticMonitoringData/ELDON10_Data/Week16\ELDON10_20250430_200402.wav
2082.0,2085.0,Bartramia longicauda,Upland Sandpiper,0.0256,D:/AcousticMonitoringData/ELDON10_Data/Week16\ELDON10_20250430_200402.wav
2082.0,2085.0,Melospiza melodia,Song Sparrow,0.0168,D:/AcousticMonitoringData/ELDON10_Data/Week16\ELDON10_20250430_200402.wav
2085.0,2088.0,Geothlypis trichas,Common Yellowthroat,0.0323,D:/AcousticMonitoringData/ELDON10_Data/Week16\ELDON10_20250430_200402.wav
2088.0,2091.0,Geothlypis trichas,Common Yellowthroat,0.0108,D:/AcousticMonitoringData/ELDON10_Data/Week16\ELDON10_20250430_200402.wav
2091.0,2094.0,Geothlypis trichas,Common Yellowthroat,0.0693,D:/AcousticMonitoringData/ELDON10_Data/Week16\ELDON10_20250430_200402.wav
2091.0,2094.0,Melospiza melodia,Song Sparrow,0.0158,D:/AcousticMonitoringData/ELDON10_Data/Week16\ELDON10_20250430_200402.wav
2091.0,2094.0,Spizella pusilla,Field Sparrow,0.0116,D:/AcousticMonitoringData/ELDON10_Data/Week16\ELDON10_20250430_200402.wav
2094.0,2097.0,Melospiza melodia,Song Sparrow,0.0194,D:/AcousticMonitoringData/ELDON10_Data/Week16\ELDON10_20250430_200402.wav
2094.0,2097.0,Geothlypis trichas,Common Yellowthroat,0.0178,D:/AcousticMonitoringData/ELDON10_Data/Week16\ELDON10_20250430_200402.wav
2097.0,2100.0,Geothlypis trichas,Common Yellowthroat,0.0161,D:/AcousticMonitoringData/ELDON10_Data/Week16\ELDON10_20250430_200402.wav
2100.0,2103.0,Geothlypis trichas,Common Yellowthroat,0.0183,D:/AcousticMonitoringData/ELDON10_Data/Week16\ELDON10_20250430_200402.wav
2103.0,2106.0,Geothlypis trichas,Common Yellowthroat,0.0497,D:/AcousticMonitoringData/ELDON10_Data/Week16\ELDON10_20250430_200402.wav
2103.0,2106.0,Spizella pusilla,Field Sparrow,0.0181,D:/AcousticMonitoringData/ELDON10_Data/Week16\ELDON10_20250430_200402.wav
2106.0,2109.0,Spizella pusilla,Field Sparrow,0.0328,D:/AcousticMonitoringData/ELDON10_Data/Week16\ELDON10_20250430_200402.wav
2106.0,2109.0,Geothlypis trichas,Common Yellowthroat,0.0203,D:/AcousticMonitoringData/ELDON10_Data/Week16\ELDON10_20250430_200402.wav
2106.0,2109.0,Melospiza melodia,Song Sparrow,0.0169,D:/AcousticMonitoringData/ELDON10_Data/Week16\ELDON10_20250430_200402.wav
2109.0,2112.0,Geothlypis trichas,Common Yellowthroat,0.0168,D:/AcousticMonitoringData/ELDON10_Data/Week16\ELDON10_20250430_200402.wav
2112.0,2115.0,Geothlypis trichas,Common Yellowthroat,0.0141,D:/AcousticMonitoringData/ELDON10_Data/Week16\ELDON10_20250430_200402.wav
2118.0,2121.0,Geothlypis trichas,Common Yellowthroat,0.0118,D:/AcousticMonitoringData/ELDON10_Data/Week16\ELDON10_20250430_200402.wav
2133.0,2136.0,Bartramia longicauda,Upland Sandpiper,0.0359,D:/AcousticMonitoringData/ELDON10_Data/Week16\ELDON10_20250430_200402.wav
2142.0,2145.0,Bartramia longicauda,Upland Sandpiper,0.0362,D:/AcousticMonitoringData/ELDON10_Data/Week16\ELDON10_20250430_200402.wav
2148.0,2151.0,Melospiza melodia,Song Sparrow,0.0249,D:/AcousticMonitoringData/ELDON10_Data/Week16\ELDON10_20250430_200402.wav
2148.0,2151.0,Bartramia longicauda,Upland Sandpiper,0.0167,D:/AcousticMonitoringData/ELDON10_Data/Week16\ELDON10_20250430_200402.wav
2151.0,2154.0,Bartramia longicauda,Upland Sandpiper,0.1654,D:/AcousticMonitoringData/ELDON10_Data/Week16\ELDON10_20250430_200402.wav
2154.0,2157.0,Bartramia longicauda,Upland Sandpiper,0.0374,D:/AcousticMonitoringData/ELDON10_Data/Week16\ELDON10_20250430_200402.wav
2157.0,2160.0,Geothlypis trichas,Common Yellowthroat,0.0157,D:/AcousticMonitoringData/ELDON10_Data/Week16\ELDON10_20250430_200402.wav
2157.0,2160.0,Melospiza melodia,Song Sparrow,0.0107,D:/AcousticMonitoringData/ELDON10_Data/Week16\ELDON10_20250430_200402.wav
2163.0,2166.0,Geothlypis trichas,Common Yellowthroat,0.0219,D:/AcousticMonitoringData/ELDON10_Data/Week16\ELDON10_20250430_200402.wav
2169.0,2172.0,Bartramia longicauda,Upland Sandpiper,0.0242,D:/AcousticMonitoringData/ELDON10_Data/Week16\ELDON10_20250430_200402.wav
2175.0,2178.0,Bartramia longicauda,Upland Sandpiper,0.0415,D:/AcousticMonitoringData/ELDON10_Data/Week16\ELDON10_20250430_200402.wav
2190.0,2193.0,Bartramia longicauda,Upland Sandpiper,0.0102,D:/AcousticMonitoringData/ELDON10_Data/Week16\ELDON10_20250430_200402.wav
2214.0,2217.0,Geothlypis trichas,Common Yellowthroat,0.0133,D:/AcousticMonitoringData/ELDON10_Data/Week16\ELDON10_20250430_200402.wav
2217.0,2220.0,Geothlypis trichas,Common Yellowthroat,0.0173,D:/AcousticMonitoringData/ELDON10_Data/Week16\ELDON10_20250430_200402.wav
2223.0,2226.0,Geothlypis trichas,Common Yellowthroat,0.0293,D:/AcousticMonitoringData/ELDON10_Data/Week16\ELDON10_20250430_200402.wav
2229.0,2232.0,Geothlypis trichas,Common Yellowthroat,0.0305,D:/AcousticMonitoringData/ELDON10_Data/Week16\ELDON10_20250430_200402.wav
2235.0,2238.0,Geothlypis trichas,Common Yellowthroat,0.0451,D:/AcousticMonitoringData/ELDON10_Data/Week16\ELDON10_20250430_200402.wav
2238.0,2241.0,Geothlypis trichas,Common Yellowthroat,0.0362,D:/AcousticMonitoringData/ELDON10_Data/Week16\ELDON10_20250430_200402.wav
2241.0,2244.0,Geothlypis trichas,Common Yellowthroat,0.0253,D:/AcousticMonitoringData/ELDON10_Data/Week16\ELDON10_20250430_200402.wav
2241.0,2244.0,Melospiza melodia,Song Sparrow,0.0140,D:/AcousticMonitoringData/ELDON10_Data/Week16\ELDON10_20250430_200402.wav
2244.0,2247.0,Geothlypis trichas,Common Yellowthroat,0.0224,D:/AcousticMonitoringData/ELDON10_Data/Week16\ELDON10_20250430_200402.wav
2247.0,2250.0,Geothlypis trichas,Common Yellowthroat,0.0289,D:/AcousticMonitoringData/ELDON10_Data/Week16\ELDON10_20250430_200402.wav
2253.0,2256.0,Geothlypis trichas,Common Yellowthroat,0.0172,D:/AcousticMonitoringData/ELDON10_Data/Week16\ELDON10_20250430_200402.wav
2256.0,2259.0,Geothlypis trichas,Common Yellowthroat,0.0567,D:/AcousticMonitoringData/ELDON10_Data/Week16\ELDON10_20250430_200402.wav
2256.0,2259.0,Melospiza melodia,Song Sparrow,0.0176,D:/AcousticMonitoringData/ELDON10_Data/Week16\ELDON10_20250430_200402.wav
2259.0,2262.0,Geothlypis trichas,Common Yellowthroat,0.0260,D:/AcousticMonitoringData/ELDON10_Data/Week16\ELDON10_20250430_200402.wav
2265.0,2268.0,Bartramia longicauda,Upland Sandpiper,0.0205,D:/AcousticMonitoringData/ELDON10_Data/Week16\ELDON10_20250430_200402.wav
2271.0,2274.0,Geothlypis trichas,Common Yellowthroat,0.0341,D:/AcousticMonitoringData/ELDON10_Data/Week16\ELDON10_20250430_200402.wav
2274.0,2277.0,Geothlypis trichas,Common Yellowthroat,0.0368,D:/AcousticMonitoringData/ELDON10_Data/Week16\ELDON10_20250430_200402.wav
2274.0,2277.0,Melospiza melodia,Song Sparrow,0.0153,D:/AcousticMonitoringData/ELDON10_Data/Week16\ELDON10_20250430_200402.wav
2277.0,2280.0,Geothlypis trichas,Common Yellowthroat,0.0192,D:/AcousticMonitoringData/ELDON10_Data/Week16\ELDON10_20250430_200402.wav
2286.0,2289.0,Geothlypis trichas,Common Yellowthroat,0.0310,D:/AcousticMonitoringData/ELDON10_Data/Week16\ELDON10_20250430_200402.wav
2286.0,2289.0,Melospiza melodia,Song Sparrow,0.0195,D:/AcousticMonitoringData/ELDON10_Data/Week16\ELDON10_20250430_200402.wav
2289.0,2292.0,Melospiza melodia,Song Sparrow,0.0299,D:/AcousticMonitoringData/ELDON10_Data/Week16\ELDON10_20250430_200402.wav
2289.0,2292.0,Geothlypis trichas,Common Yellowthroat,0.0217,D:/AcousticMonitoringData/ELDON10_Data/Week16\ELDON10_20250430_200402.wav
2292.0,2295.0,Geothlypis trichas,Common Yellowthroat,0.0191,D:/AcousticMonitoringData/ELDON10_Data/Week16\ELDON10_20250430_200402.wav
2292.0,2295.0,Melospiza melodia,Song Sparrow,0.0166,D:/AcousticMonitoringData/ELDON10_Data/Week16\ELDON10_20250430_200402.wav
2295.0,2298.0,Geothlypis trichas,Common Yellowthroat,0.0223,D:/AcousticMonitoringData/ELDON10_Data/Week16\ELDON10_20250430_200402.wav
2295.0,2298.0,Melospiza melodia,Song Sparrow,0.0117,D:/AcousticMonitoringData/ELDON10_Data/Week16\ELDON10_20250430_200402.wav
2304.0,2307.0,Geothlypis trichas,Common Yellowthroat,0.0154,D:/AcousticMonitoringData/ELDON10_Data/Week16\ELDON10_20250430_200402.wav
2310.0,2313.0,Geothlypis trichas,Common Yellowthroat,0.0343,D:/AcousticMonitoringData/ELDON10_Data/Week16\ELDON10_20250430_200402.wav
2316.0,2319.0,Geothlypis trichas,Common Yellowthroat,0.0245,D:/AcousticMonitoringData/ELDON10_Data/Week16\ELDON10_20250430_200402.wav
2319.0,2322.0,Geothlypis trichas,Common Yellowthroat,0.0101,D:/AcousticMonitoringData/ELDON10_Data/Week16\ELDON10_20250430_200402.wav
2322.0,2325.0,Geothlypis trichas,Common Yellowthroat,0.0122,D:/AcousticMonitoringData/ELDON10_Data/Week16\ELDON10_20250430_200402.wav
2325.0,2328.0,Geothlypis trichas,Common Yellowthroat,0.0182,D:/AcousticMonitoringData/ELDON10_Data/Week16\ELDON10_20250430_200402.wav
2325.0,2328.0,Melospiza melodia,Song Sparrow,0.0106,D:/AcousticMonitoringData/ELDON10_Data/Week16\ELDON10_20250430_200402.wav
2331.0,2334.0,Geothlypis trichas,Common Yellowthroat,0.0165,D:/AcousticMonitoringData/ELDON10_Data/Week16\ELDON10_20250430_200402.wav
2343.0,2346.0,Melospiza melodia,Song Sparrow,0.0152,D:/AcousticMonitoringData/ELDON10_Data/Week16\ELDON10_20250430_200402.wav
2346.0,2349.0,Melospiza melodia,Song Sparrow,0.0183,D:/AcousticMonitoringData/ELDON10_Data/Week16\ELDON10_20250430_200402.wav
2349.0,2352.0,Geothlypis trichas,Common Yellowthroat,0.0156,D:/AcousticMonitoringData/ELDON10_Data/Week16\ELDON10_20250430_200402.wav
2352.0,2355.0,Bartramia longicauda,Upland Sandpiper,0.0237,D:/AcousticMonitoringData/ELDON10_Data/Week16\ELDON10_20250430_200402.wav
2352.0,2355.0,Geothlypis trichas,Common Yellowthroat,0.0133,D:/AcousticMonitoringData/ELDON10_Data/Week16\ELDON10_20250430_200402.wav
2352.0,2355.0,Melospiza melodia,Song Sparrow,0.0113,D:/AcousticMonitoringData/ELDON10_Data/Week16\ELDON10_20250430_200402.wav
2355.0,2358.0,Geothlypis trichas,Common Yellowthroat,0.0279,D:/AcousticMonitoringData/ELDON10_Data/Week16\ELDON10_20250430_200402.wav
2355.0,2358.0,Melospiza melodia,Song Sparrow,0.0124,D:/AcousticMonitoringData/ELDON10_Data/Week16\ELDON10_20250430_200402.wav
2376.0,2379.0,Geothlypis trichas,Common Yellowthroat,0.0125,D:/AcousticMonitoringData/ELDON10_Data/Week16\ELDON10_20250430_200402.wav
2376.0,2379.0,Melospiza melodia,Song Sparrow,0.0111,D:/AcousticMonitoringData/ELDON10_Data/Week16\ELDON10_20250430_200402.wav
2379.0,2382.0,Bartramia longicauda,Upland Sandpiper,0.0145,D:/AcousticMonitoringData/ELDON10_Data/Week16\ELDON10_20250430_200402.wav
2385.0,2388.0,Geothlypis trichas,Common Yellowthroat,0.0148,D:/AcousticMonitoringData/ELDON10_Data/Week16\ELDON10_20250430_200402.wav
2385.0,2388.0,Melospiza melodia,Song Sparrow,0.0106,D:/AcousticMonitoringData/ELDON10_Data/Week16\ELDON10_20250430_200402.wav
2388.0,2391.0,Geothlypis trichas,Common Yellowthroat,0.0121,D:/AcousticMonitoringData/ELDON10_Data/Week16\ELDON10_20250430_200402.wav
2388.0,2391.0,Melospiza melodia,Song Sparrow,0.0106,D:/AcousticMonitoringData/ELDON10_Data/Week16\ELDON10_20250430_200402.wav
2394.0,2397.0,Geothlypis trichas,Common Yellowthroat,0.0195,D:/AcousticMonitoringData/ELDON10_Data/Week16\ELDON10_20250430_200402.wav
2394.0,2397.0,Melospiza melodia,Song Sparrow,0.0128,D:/AcousticMonitoringData/ELDON10_Data/Week16\ELDON10_20250430_200402.wav
2397.0,2400.0,Geothlypis trichas,Common Yellowthroat,0.0251,D:/AcousticMonitoringData/ELDON10_Data/Week16\ELDON10_20250430_200402.wav
2400.0,2403.0,Bartramia longicauda,Upland Sandpiper,0.0262,D:/AcousticMonitoringData/ELDON10_Data/Week16\ELDON10_20250430_200402.wav
2400.0,2403.0,Geothlypis trichas,Common Yellowthroat,0.0207,D:/AcousticMonitoringData/ELDON10_Data/Week16\ELDON10_20250430_200402.wav
2403.0,2406.0,Geothlypis trichas,Common Yellowthroat,0.0255,D:/AcousticMonitoringData/ELDON10_Data/Week16\ELDON10_20250430_200402.wav
2406.0,2409.0,Geothlypis trichas,Common Yellowthroat,0.0121,D:/AcousticMonitoringData/ELDON10_Data/Week16\ELDON10_20250430_200402.wav
2409.0,2412.0,Melospiza melodia,Song Sparrow,0.0202,D:/AcousticMonitoringData/ELDON10_Data/Week16\ELDON10_20250430_200402.wav
2409.0,2412.0,Geothlypis trichas,Common Yellowthroat,0.0202,D:/AcousticMonitoringData/ELDON10_Data/Week16\ELDON10_20250430_200402.wav
2412.0,2415.0,Geothlypis trichas,Common Yellowthroat,0.0134,D:/AcousticMonitoringData/ELDON10_Data/Week16\ELDON10_20250430_200402.wav
2421.0,2424.0,Geothlypis trichas,Common Yellowthroat,0.0172,D:/AcousticMonitoringData/ELDON10_Data/Week16\ELDON10_20250430_200402.wav
2430.0,2433.0,Geothlypis trichas,Common Yellowthroat,0.0171,D:/AcousticMonitoringData/ELDON10_Data/Week16\ELDON10_20250430_200402.wav
2433.0,2436.0,Geothlypis trichas,Common Yellowthroat,0.0380,D:/AcousticMonitoringData/ELDON10_Data/Week16\ELDON10_20250430_200402.wav
2436.0,2439.0,Geothlypis trichas,Common Yellowthroat,0.0106,D:/AcousticMonitoringData/ELDON10_Data/Week16\ELDON10_20250430_200402.wav
2439.0,2442.0,Geothlypis trichas,Common Yellowthroat,0.0217,D:/AcousticMonitoringData/ELDON10_Data/Week16\ELDON10_20250430_200402.wav
2457.0,2460.0,Geothlypis trichas,Common Yellowthroat,0.0141,D:/AcousticMonitoringData/ELDON10_Data/Week16\ELDON10_20250430_200402.wav
2466.0,2469.0,Geothlypis trichas,Common Yellowthroat,0.0178,D:/AcousticMonitoringData/ELDON10_Data/Week16\ELDON10_20250430_200402.wav
2469.0,2472.0,Geothlypis trichas,Common Yellowthroat,0.0243,D:/AcousticMonitoringData/ELDON10_Data/Week16\ELDON10_20250430_200402.wav
2511.0,2514.0,Geothlypis trichas,Common Yellowthroat,0.0139,D:/AcousticMonitoringData/ELDON10_Data/Week16\ELDON10_20250430_200402.wav
2520.0,2523.0,Bartramia longicauda,Upland Sandpiper,0.0312,D:/AcousticMonitoringData/ELDON10_Data/Week16\ELDON10_20250430_200402.wav
2535.0,2538.0,Bartramia longicauda,Upland Sandpiper,0.0104,D:/AcousticMonitoringData/ELDON10_Data/Week16\ELDON10_20250430_200402.wav
2538.0,2541.0,Bartramia longicauda,Upland Sandpiper,0.0252,D:/AcousticMonitoringData/ELDON10_Data/Week16\ELDON10_20250430_200402.wav
2655.0,2658.0,Geothlypis trichas,Common Yellowthroat,0.0167,D:/AcousticMonitoringData/ELDON10_Data/Week16\ELDON10_20250430_200402.wav
2664.0,2667.0,Geothlypis trichas,Common Yellowthroat,0.0197,D:/AcousticMonitoringData/ELDON10_Data/Week16\ELDON10_20250430_200402.wav
2667.0,2670.0,Geothlypis trichas,Common Yellowthroat,0.0183,D:/AcousticMonitoringData/ELDON10_Data/Week16\ELDON10_20250430_200402.wav
2670.0,2673.0,Geothlypis trichas,Common Yellowthroat,0.0172,D:/AcousticMonitoringData/ELDON10_Data/Week16\ELDON10_20250430_200402.wav
2673.0,2676.0,Geothlypis trichas,Common Yellowthroat,0.0274,D:/AcousticMonitoringData/ELDON10_Data/Week16\ELDON10_20250430_200402.wav
2673.0,2676.0,Melospiza melodia,Song Sparrow,0.0111,D:/AcousticMonitoringData/ELDON10_Data/Week16\ELDON10_20250430_200402.wav
2682.0,2685.0,Geothlypis trichas,Common Yellowthroat,0.0197,D:/AcousticMonitoringData/ELDON10_Data/Week16\ELDON10_20250430_200402.wav
2688.0,2691.0,Geothlypis trichas,Common Yellowthroat,0.0148,D:/AcousticMonitoringData/ELDON10_Data/Week16\ELDON10_20250430_200402.wav
2691.0,2694.0,Geothlypis trichas,Common Yellowthroat,0.0265,D:/AcousticMonitoringData/ELDON10_Data/Week16\ELDON10_20250430_200402.wav
2694.0,2697.0,Geothlypis trichas,Common Yellowthroat,0.0144,D:/AcousticMonitoringData/ELDON10_Data/Week16\ELDON10_20250430_200402.wav
2697.0,2700.0,Geothlypis trichas,Common Yellowthroat,0.0245,D:/AcousticMonitoringData/ELDON10_Data/Week16\ELDON10_20250430_200402.wav
2700.0,2703.0,Geothlypis trichas,Common Yellowthroat,0.0137,D:/AcousticMonitoringData/ELDON10_Data/Week16\ELDON10_20250430_200402.wav
2703.0,2706.0,Geothlypis trichas,Common Yellowthroat,0.0162,D:/AcousticMonitoringData/ELDON10_Data/Week16\ELDON10_20250430_200402.wav
2706.0,2709.0,Geothlypis trichas,Common Yellowthroat,0.0102,D:/AcousticMonitoringData/ELDON10_Data/Week16\ELDON10_20250430_200402.wav
2712.0,2715.0,Geothlypis trichas,Common Yellowthroat,0.0345,D:/AcousticMonitoringData/ELDON10_Data/Week16\ELDON10_20250430_200402.wav
2733.0,2736.0,Geothlypis trichas,Common Yellowthroat,0.0181,D:/AcousticMonitoringData/ELDON10_Data/Week16\ELDON10_20250430_200402.wav
2742.0,2745.0,Geothlypis trichas,Common Yellowthroat,0.0163,D:/AcousticMonitoringData/ELDON10_Data/Week16\ELDON10_20250430_200402.wav
2748.0,2751.0,Geothlypis trichas,Common Yellowthroat,0.0220,D:/AcousticMonitoringData/ELDON10_Data/Week16\ELDON10_20250430_200402.wav
2751.0,2754.0,Geothlypis trichas,Common Yellowthroat,0.0279,D:/AcousticMonitoringData/ELDON10_Data/Week16\ELDON10_20250430_200402.wav
2760.0,2763.0,Geothlypis trichas,Common Yellowthroat,0.0337,D:/AcousticMonitoringData/ELDON10_Data/Week16\ELDON10_20250430_200402.wav
2763.0,2766.0,Geothlypis trichas,Common Yellowthroat,0.0166,D:/AcousticMonitoringData/ELDON10_Data/Week16\ELDON10_20250430_200402.wav
2766.0,2769.0,Geothlypis trichas,Common Yellowthroat,0.0154,D:/AcousticMonitoringData/ELDON10_Data/Week16\ELDON10_20250430_200402.wav
2781.0,2784.0,Bartramia longicauda,Upland Sandpiper,0.0103,D:/AcousticMonitoringData/ELDON10_Data/Week16\ELDON10_20250430_200402.wav
2958.0,2961.0,Bartramia longicauda,Upland Sandpiper,0.0108,D:/AcousticMonitoringData/ELDON10_Data/Week16\ELDON10_20250430_200402.wav
3012.0,3015.0,Bartramia longicauda,Upland Sandpiper,0.0128,D:/AcousticMonitoringData/ELDON10_Data/Week16\ELDON10_20250430_200402.wav
3027.0,3030.0,Bartramia longicauda,Upland Sandpiper,0.0338,D:/AcousticMonitoringData/ELDON10_Data/Week16\ELDON10_20250430_200402.wav
3063.0,3066.0,Geothlypis trichas,Common Yellowthroat,0.0193,D:/AcousticMonitoringData/ELDON10_Data/Week16\ELDON10_20250430_200402.wav
3069.0,3072.0,Geothlypis trichas,Common Yellowthroat,0.0142,D:/AcousticMonitoringData/ELDON10_Data/Week16\ELDON10_20250430_200402.wav
3090.0,3093.0,Geothlypis trichas,Common Yellowthroat,0.0202,D:/AcousticMonitoringData/ELDON10_Data/Week16\ELDON10_20250430_200402.wav
3096.0,3099.0,Geothlypis trichas,Common Yellowthroat,0.0222,D:/AcousticMonitoringData/ELDON10_Data/Week16\ELDON10_20250430_200402.wav
3102.0,3105.0,Geothlypis trichas,Common Yellowthroat,0.0390,D:/AcousticMonitoringData/ELDON10_Data/Week16\ELDON10_20250430_200402.wav
3102.0,3105.0,Melospiza melodia,Song Sparrow,0.0202,D:/AcousticMonitoringData/ELDON10_Data/Week16\ELDON10_20250430_200402.wav
3141.0,3144.0,Geothlypis trichas,Common Yellowthroat,0.0108,D:/AcousticMonitoringData/ELDON10_Data/Week16\ELDON10_20250430_200402.wav
3147.0,3150.0,Geothlypis trichas,Common Yellowthroat,0.0319,D:/AcousticMonitoringData/ELDON10_Data/Week16\ELDON10_20250430_200402.wav
3153.0,3156.0,Geothlypis trichas,Common Yellowthroat,0.0135,D:/AcousticMonitoringData/ELDON10_Data/Week16\ELDON10_20250430_200402.wav
3156.0,3159.0,Geothlypis trichas,Common Yellowthroat,0.0103,D:/AcousticMonitoringData/ELDON10_Data/Week16\ELDON10_20250430_200402.wav
3171.0,3174.0,Geothlypis trichas,Common Yellowthroat,0.0230,D:/AcousticMonitoringData/ELDON10_Data/Week16\ELDON10_20250430_200402.wav
3291.0,3294.0,Geothlypis trichas,Common Yellowthroat,0.0138,D:/AcousticMonitoringData/ELDON10_Data/Week16\ELDON10_20250430_200402.wav
3294.0,3297.0,Geothlypis trichas,Common Yellowthroat,0.0109,D:/AcousticMonitoringData/ELDON10_Data/Week16\ELDON10_20250430_200402.wav
3300.0,3303.0,Geothlypis trichas,Common Yellowthroat,0.0113,D:/AcousticMonitoringData/ELDON10_Data/Week16\ELDON10_20250430_200402.wav
3312.0,3315.0,Geothlypis trichas,Common Yellowthroat,0.0133,D:/AcousticMonitoringData/ELDON10_Data/Week16\ELDON10_20250430_200402.wav
3324.0,3327.0,Geothlypis trichas,Common Yellowthroat,0.0146,D:/AcousticMonitoringData/ELDON10_Data/Week16\ELDON10_20250430_200402.wav
3327.0,3330.0,Melospiza melodia,Song Sparrow,0.0126,D:/AcousticMonitoringData/ELDON10_Data/Week16\ELDON10_20250430_200402.wav
3336.0,3339.0,Geothlypis trichas,Common Yellowthroat,0.0137,D:/AcousticMonitoringData/ELDON10_Data/Week16\ELDON10_20250430_200402.wav
3339.0,3342.0,Melospiza melodia,Song Sparrow,0.0101,D:/AcousticMonitoringData/ELDON10_Data/Week16\ELDON10_20250430_200402.wav
3339.0,3342.0,Geothlypis trichas,Common Yellowthroat,0.0101,D:/AcousticMonitoringData/ELDON10_Data/Week16\ELDON10_20250430_200402.wav
3342.0,3345.0,Geothlypis trichas,Common Yellowthroat,0.0131,D:/AcousticMonitoringData/ELDON10_Data/Week16\ELDON10_20250430_200402.wav
3363.0,3366.0,Spizella pusilla,Field Sparrow,0.0831,D:/AcousticMonitoringData/ELDON10_Data/Week16\ELDON10_20250430_200402.wav
3363.0,3366.0,Melospiza melodia,Song Sparrow,0.0102,D:/AcousticMonitoringData/ELDON10_Data/Week16\ELDON10_20250430_200402.wav
3366.0,3369.0,Spizella pusilla,Field Sparrow,0.1297,D:/AcousticMonitoringData/ELDON10_Data/Week16\ELDON10_20250430_200402.wav
3369.0,3372.0,Spizella pusilla,Field Sparrow,0.0506,D:/AcousticMonitoringData/ELDON10_Data/Week16\ELDON10_20250430_200402.wav
3387.0,3390.0,Melospiza melodia,Song Sparrow,0.0248,D:/AcousticMonitoringData/ELDON10_Data/Week16\ELDON10_20250430_200402.wav
3387.0,3390.0,Geothlypis trichas,Common Yellowthroat,0.0153,D:/AcousticMonitoringData/ELDON10_Data/Week16\ELDON10_20250430_200402.wav
3390.0,3393.0,Geothlypis trichas,Common Yellowthroat,0.0131,D:/AcousticMonitoringData/ELDON10_Data/Week16\ELDON10_20250430_200402.wav
3393.0,3396.0,Melospiza melodia,Song Sparrow,0.0215,D:/AcousticMonitoringData/ELDON10_Data/Week16\ELDON10_20250430_200402.wav
3393.0,3396.0,Geothlypis trichas,Common Yellowthroat,0.0100,D:/AcousticMonitoringData/ELDON10_Data/Week16\ELDON10_20250430_200402.wav
3441.0,3444.0,Melospiza melodia,Song Sparrow,0.0173,D:/AcousticMonitoringData/ELDON10_Data/Week16\ELDON10_20250430_200402.wav
3441.0,3444.0,Geothlypis trichas,Common Yellowthroat,0.0156,D:/AcousticMonitoringData/ELDON10_Data/Week16\ELDON10_20250430_200402.wav
3444.0,3447.0,Melospiza melodia,Song Sparrow,0.0105,D:/AcousticMonitoringData/ELDON10_Data/Week16\ELDON10_20250430_200402.wav
3456.0,3459.0,Bartramia longicauda,Upland Sandpiper,0.0563,D:/AcousticMonitoringData/ELDON10_Data/Week16\ELDON10_20250430_200402.wav
3462.0,3465.0,Bartramia longicauda,Upland Sandpiper,0.0255,D:/AcousticMonitoringData/ELDON10_Data/Week16\ELDON10_20250430_200402.wav
3495.0,3498.0,Melospiza melodia,Song Sparrow,0.0103,D:/AcousticMonitoringData/ELDON10_Data/Week16\ELDON10_20250430_200402.wav
3552.0,3555.0,Bartramia longicauda,Upland Sandpiper,0.0167,D:/AcousticMonitoringData/ELDON10_Data/Week16\ELDON10_20250430_200402.wav
3552.0,3555.0,Melospiza melodia,Song Sparrow,0.0113,D:/AcousticMonitoringData/ELDON10_Data/Week16\ELDON10_20250430_200402.wav
3558.0,3561.0,Melospiza melodia,Song Sparrow,0.0104,D:/AcousticMonitoringData/ELDON10_Data/Week16\ELDON10_20250430_200402.wav
3573.0,3576.0,Melospiza melodia,Song Sparrow,0.0102,D:/AcousticMonitoringData/ELDON10_Data/Week16\ELDON10_20250430_200402.wav
3579.0,3582.0,Melospiza melodia,Song Sparrow,0.0120,D:/AcousticMonitoringData/ELDON10_Data/Week16\ELDON10_20250430_200402.wav
