Start (s),End (s),Scientific name,Common name,Confidence,File
3.0,6.0,Spizella pusilla,Field Sparrow,0.0733,D:\AcousticMonitoringData\ELDON8_Data\Week23\ELDON8_20250621_054902.wav
9.0,12.0,Spizella pusilla,Field Sparrow,0.0919,D:\AcousticMonitoringData\ELDON8_Data\Week23\ELDON8_20250621_054902.wav
9.0,12.0,Geothlypis trichas,Common Yellowthroat,0.0614,D:\AcousticMonitoringData\ELDON8_Data\Week23\ELDON8_20250621_054902.wav
15.0,18.0,Spizella pusilla,Field Sparrow,0.1234,D:\AcousticMonitoringData\ELDON8_Data\Week23\ELDON8_20250621_054902.wav
18.0,21.0,Geothlypis trichas,Common Yellowthroat,0.0632,D:\AcousticMonitoringData\ELDON8_Data\Week23\ELDON8_20250621_054902.wav
21.0,24.0,Spizella pusilla,Field Sparrow,0.1063,D:\AcousticMonitoringData\ELDON8_Data\Week23\ELDON8_20250621_054902.wav
27.0,30.0,Spizella pusilla,Field Sparrow,0.1379,D:\AcousticMonitoringData\ELDON8_Data\Week23\ELDON8_20250621_054902.wav
30.0,33.0,Spizella pusilla,Field Sparrow,0.0631,D:\AcousticMonitoringData\ELDON8_Data\Week23\ELDON8_20250621_054902.wav
33.0,36.0,Spizella pusilla,Field Sparrow,0.0608,D:\AcousticMonitoringData\ELDON8_Data\Week23\ELDON8_20250621_054902.wav
45.0,48.0,Spizella pusilla,Field Sparrow,0.0851,D:\AcousticMonitoringData\ELDON8_Data\Week23\ELDON8_20250621_054902.wav
54.0,57.0,Spizella pusilla,Field Sparrow,0.2674,D:\AcousticMonitoringData\ELDON8_Data\Week23\ELDON8_20250621_054902.wav
66.0,69.0,Spizella pusilla,Field Sparrow,0.1054,D:\AcousticMonitoringData\ELDON8_Data\Week23\ELDON8_20250621_054902.wav
69.0,72.0,Spizella pusilla,Field Sparrow,0.0760,D:\AcousticMonitoringData\ELDON8_Data\Week23\ELDON8_20250621_054902.wav
75.0,78.0,Passerina caerulea,Blue Grosbeak,0.0692,D:\AcousticMonitoringData\ELDON8_Data\Week23\ELDON8_20250621_054902.wav
78.0,81.0,Spizella pusilla,Field Sparrow,0.1603,D:\AcousticMonitoringData\ELDON8_Data\Week23\ELDON8_20250621_054902.wav
90.0,93.0,Spizella pusilla,Field Sparrow,0.0523,D:\AcousticMonitoringData\ELDON8_Data\Week23\ELDON8_20250621_054902.wav
102.0,105.0,Spizella pusilla,Field Sparrow,0.2537,D:\AcousticMonitoringData\ELDON8_Data\Week23\ELDON8_20250621_054902.wav
114.0,117.0,Spizella pusilla,Field Sparrow,0.0947,D:\AcousticMonitoringData\ELDON8_Data\Week23\ELDON8_20250621_054902.wav
117.0,120.0,Spizella pusilla,Field Sparrow,0.1630,D:\AcousticMonitoringData\ELDON8_Data\Week23\ELDON8_20250621_054902.wav
120.0,123.0,Spizella pusilla,Field Sparrow,0.0778,D:\AcousticMonitoringData\ELDON8_Data\Week23\ELDON8_20250621_054902.wav
129.0,132.0,Spizella pusilla,Field Sparrow,0.1766,D:\AcousticMonitoringData\ELDON8_Data\Week23\ELDON8_20250621_054902.wav
132.0,135.0,Spizella pusilla,Field Sparrow,0.1568,D:\AcousticMonitoringData\ELDON8_Data\Week23\ELDON8_20250621_054902.wav
135.0,138.0,Geothlypis trichas,Common Yellowthroat,0.0593,D:\AcousticMonitoringData\ELDON8_Data\Week23\ELDON8_20250621_054902.wav
141.0,144.0,Spizella pusilla,Field Sparrow,0.1291,D:\AcousticMonitoringData\ELDON8_Data\Week23\ELDON8_20250621_054902.wav
147.0,150.0,Spizella pusilla,Field Sparrow,0.0638,D:\AcousticMonitoringData\ELDON8_Data\Week23\ELDON8_20250621_054902.wav
147.0,150.0,Geothlypis trichas,Common Yellowthroat,0.0582,D:\AcousticMonitoringData\ELDON8_Data\Week23\ELDON8_20250621_054902.wav
153.0,156.0,Spizella pusilla,Field Sparrow,0.2007,D:\AcousticMonitoringData\ELDON8_Data\Week23\ELDON8_20250621_054902.wav
156.0,159.0,Geothlypis trichas,Common Yellowthroat,0.1521,D:\AcousticMonitoringData\ELDON8_Data\Week23\ELDON8_20250621_054902.wav
159.0,162.0,Spizella pusilla,Field Sparrow,0.3276,D:\AcousticMonitoringData\ELDON8_Data\Week23\ELDON8_20250621_054902.wav
165.0,168.0,Spizella pusilla,Field Sparrow,0.2097,D:\AcousticMonitoringData\ELDON8_Data\Week23\ELDON8_20250621_054902.wav
171.0,174.0,Spizella pusilla,Field Sparrow,0.0897,D:\AcousticMonitoringData\ELDON8_Data\Week23\ELDON8_20250621_054902.wav
180.0,183.0,Spizella pusilla,Field Sparrow,0.0715,D:\AcousticMonitoringData\ELDON8_Data\Week23\ELDON8_20250621_054902.wav
183.0,186.0,Geothlypis trichas,Common Yellowthroat,0.0526,D:\AcousticMonitoringData\ELDON8_Data\Week23\ELDON8_20250621_054902.wav
195.0,198.0,Spizella pusilla,Field Sparrow,0.0837,D:\AcousticMonitoringData\ELDON8_Data\Week23\ELDON8_20250621_054902.wav
195.0,198.0,Geothlypis trichas,Common Yellowthroat,0.0606,D:\AcousticMonitoringData\ELDON8_Data\Week23\ELDON8_20250621_054902.wav
207.0,210.0,Spizella pusilla,Field Sparrow,0.2418,D:\AcousticMonitoringData\ELDON8_Data\Week23\ELDON8_20250621_054902.wav
219.0,222.0,Spizella pusilla,Field Sparrow,0.0852,D:\AcousticMonitoringData\ELDON8_Data\Week23\ELDON8_20250621_054902.wav
234.0,237.0,Spizella pusilla,Field Sparrow,0.1399,D:\AcousticMonitoringData\ELDON8_Data\Week23\ELDON8_20250621_054902.wav
237.0,240.0,Spizella pusilla,Field Sparrow,0.0819,D:\AcousticMonitoringData\ELDON8_Data\Week23\ELDON8_20250621_054902.wav
246.0,249.0,Spizella pusilla,Field Sparrow,0.2437,D:\AcousticMonitoringData\ELDON8_Data\Week23\ELDON8_20250621_054902.wav
249.0,252.0,Spizella pusilla,Field Sparrow,0.0905,D:\AcousticMonitoringData\ELDON8_Data\Week23\ELDON8_20250621_054902.wav
258.0,261.0,Spizella pusilla,Field Sparrow,0.1305,D:\AcousticMonitoringData\ELDON8_Data\Week23\ELDON8_20250621_054902.wav
273.0,276.0,Spizella pusilla,Field Sparrow,0.0643,D:\AcousticMonitoringData\ELDON8_Data\Week23\ELDON8_20250621_054902.wav
276.0,279.0,Spizella pusilla,Field Sparrow,0.4454,D:\AcousticMonitoringData\ELDON8_Data\Week23\ELDON8_20250621_054902.wav
282.0,285.0,Geothlypis trichas,Common Yellowthroat,0.0987,D:\AcousticMonitoringData\ELDON8_Data\Week23\ELDON8_20250621_054902.wav
285.0,288.0,Spizella pusilla,Field Sparrow,0.0706,D:\AcousticMonitoringData\ELDON8_Data\Week23\ELDON8_20250621_054902.wav
288.0,291.0,Spizella pusilla,Field Sparrow,0.1617,D:\AcousticMonitoringData\ELDON8_Data\Week23\ELDON8_20250621_054902.wav
291.0,294.0,Geothlypis trichas,Common Yellowthroat,0.0910,D:\AcousticMonitoringData\ELDON8_Data\Week23\ELDON8_20250621_054902.wav
294.0,297.0,Spizella pusilla,Field Sparrow,0.2594,D:\AcousticMonitoringData\ELDON8_Data\Week23\ELDON8_20250621_054902.wav
300.0,303.0,Spizella pusilla,Field Sparrow,0.1233,D:\AcousticMonitoringData\ELDON8_Data\Week23\ELDON8_20250621_054902.wav
303.0,306.0,Spizella pusilla,Field Sparrow,0.0568,D:\AcousticMonitoringData\ELDON8_Data\Week23\ELDON8_20250621_054902.wav
309.0,312.0,Spizella pusilla,Field Sparrow,0.0582,D:\AcousticMonitoringData\ELDON8_Data\Week23\ELDON8_20250621_054902.wav
312.0,315.0,Spizella pusilla,Field Sparrow,0.1642,D:\AcousticMonitoringData\ELDON8_Data\Week23\ELDON8_20250621_054902.wav
315.0,318.0,Spizella pusilla,Field Sparrow,0.1225,D:\AcousticMonitoringData\ELDON8_Data\Week23\ELDON8_20250621_054902.wav
321.0,324.0,Spizella pusilla,Field Sparrow,0.0657,D:\AcousticMonitoringData\ELDON8_Data\Week23\ELDON8_20250621_054902.wav
324.0,327.0,Spizella pusilla,Field Sparrow,0.6502,D:\AcousticMonitoringData\ELDON8_Data\Week23\ELDON8_20250621_054902.wav
333.0,336.0,Spizella pusilla,Field Sparrow,0.0565,D:\AcousticMonitoringData\ELDON8_Data\Week23\ELDON8_20250621_054902.wav
336.0,339.0,Spizella pusilla,Field Sparrow,0.1513,D:\AcousticMonitoringData\ELDON8_Data\Week23\ELDON8_20250621_054902.wav
351.0,354.0,Spizella pusilla,Field Sparrow,0.0660,D:\AcousticMonitoringData\ELDON8_Data\Week23\ELDON8_20250621_054902.wav
357.0,360.0,Spizella pusilla,Field Sparrow,0.0578,D:\AcousticMonitoringData\ELDON8_Data\Week23\ELDON8_20250621_054902.wav
360.0,363.0,Spizella pusilla,Field Sparrow,0.0869,D:\AcousticMonitoringData\ELDON8_Data\Week23\ELDON8_20250621_054902.wav
363.0,366.0,Spizella pusilla,Field Sparrow,0.0809,D:\AcousticMonitoringData\ELDON8_Data\Week23\ELDON8_20250621_054902.wav
375.0,378.0,Spizella pusilla,Field Sparrow,0.4157,D:\AcousticMonitoringData\ELDON8_Data\Week23\ELDON8_20250621_054902.wav
387.0,390.0,Spizella pusilla,Field Sparrow,0.3197,D:\AcousticMonitoringData\ELDON8_Data\Week23\ELDON8_20250621_054902.wav
390.0,393.0,Spizella pusilla,Field Sparrow,0.0774,D:\AcousticMonitoringData\ELDON8_Data\Week23\ELDON8_20250621_054902.wav
396.0,399.0,Geothlypis trichas,Common Yellowthroat,0.0798,D:\AcousticMonitoringData\ELDON8_Data\Week23\ELDON8_20250621_054902.wav
402.0,405.0,Spizella pusilla,Field Sparrow,0.2378,D:\AcousticMonitoringData\ELDON8_Data\Week23\ELDON8_20250621_054902.wav
408.0,411.0,Geothlypis trichas,Common Yellowthroat,0.0690,D:\AcousticMonitoringData\ELDON8_Data\Week23\ELDON8_20250621_054902.wav
417.0,420.0,Spizella pusilla,Field Sparrow,0.2956,D:\AcousticMonitoringData\ELDON8_Data\Week23\ELDON8_20250621_054902.wav
420.0,423.0,Spizella pusilla,Field Sparrow,0.0575,D:\AcousticMonitoringData\ELDON8_Data\Week23\ELDON8_20250621_054902.wav
426.0,429.0,Spizella pusilla,Field Sparrow,0.1383,D:\AcousticMonitoringData\ELDON8_Data\Week23\ELDON8_20250621_054902.wav
426.0,429.0,Geothlypis trichas,Common Yellowthroat,0.0681,D:\AcousticMonitoringData\ELDON8_Data\Week23\ELDON8_20250621_054902.wav
429.0,432.0,Spizella pusilla,Field Sparrow,0.2003,D:\AcousticMonitoringData\ELDON8_Data\Week23\ELDON8_20250621_054902.wav
432.0,435.0,Spizella pusilla,Field Sparrow,0.6274,D:\AcousticMonitoringData\ELDON8_Data\Week23\ELDON8_20250621_054902.wav
435.0,438.0,Spizella pusilla,Field Sparrow,0.5311,D:\AcousticMonitoringData\ELDON8_Data\Week23\ELDON8_20250621_054902.wav
438.0,441.0,Geothlypis trichas,Common Yellowthroat,0.0865,D:\AcousticMonitoringData\ELDON8_Data\Week23\ELDON8_20250621_054902.wav
441.0,444.0,Spizella pusilla,Field Sparrow,0.0706,D:\AcousticMonitoringData\ELDON8_Data\Week23\ELDON8_20250621_054902.wav
444.0,447.0,Spizella pusilla,Field Sparrow,0.4538,D:\AcousticMonitoringData\ELDON8_Data\Week23\ELDON8_20250621_054902.wav
447.0,450.0,Geothlypis trichas,Common Yellowthroat,0.0977,D:\AcousticMonitoringData\ELDON8_Data\Week23\ELDON8_20250621_054902.wav
447.0,450.0,Spizella pusilla,Field Sparrow,0.0696,D:\AcousticMonitoringData\ELDON8_Data\Week23\ELDON8_20250621_054902.wav
456.0,459.0,Spizella pusilla,Field Sparrow,0.1464,D:\AcousticMonitoringData\ELDON8_Data\Week23\ELDON8_20250621_054902.wav
459.0,462.0,Spizella pusilla,Field Sparrow,0.5386,D:\AcousticMonitoringData\ELDON8_Data\Week23\ELDON8_20250621_054902.wav
462.0,465.0,Spizella pusilla,Field Sparrow,0.0775,D:\AcousticMonitoringData\ELDON8_Data\Week23\ELDON8_20250621_054902.wav
471.0,474.0,Spizella pusilla,Field Sparrow,0.2107,D:\AcousticMonitoringData\ELDON8_Data\Week23\ELDON8_20250621_054902.wav
474.0,477.0,Spizella pusilla,Field Sparrow,0.1276,D:\AcousticMonitoringData\ELDON8_Data\Week23\ELDON8_20250621_054902.wav
483.0,486.0,Spizella pusilla,Field Sparrow,0.1419,D:\AcousticMonitoringData\ELDON8_Data\Week23\ELDON8_20250621_054902.wav
486.0,489.0,Geothlypis trichas,Common Yellowthroat,0.0600,D:\AcousticMonitoringData\ELDON8_Data\Week23\ELDON8_20250621_054902.wav
489.0,492.0,Spizella pusilla,Field Sparrow,0.1151,D:\AcousticMonitoringData\ELDON8_Data\Week23\ELDON8_20250621_054902.wav
495.0,498.0,Spizella pusilla,Field Sparrow,0.3846,D:\AcousticMonitoringData\ELDON8_Data\Week23\ELDON8_20250621_054902.wav
507.0,510.0,Spizella pusilla,Field Sparrow,0.0501,D:\AcousticMonitoringData\ELDON8_Data\Week23\ELDON8_20250621_054902.wav
516.0,519.0,Spizella pusilla,Field Sparrow,0.0529,D:\AcousticMonitoringData\ELDON8_Data\Week23\ELDON8_20250621_054902.wav
534.0,537.0,Geothlypis trichas,Common Yellowthroat,0.0613,D:\AcousticMonitoringData\ELDON8_Data\Week23\ELDON8_20250621_054902.wav
558.0,561.0,Spizella pusilla,Field Sparrow,0.0511,D:\AcousticMonitoringData\ELDON8_Data\Week23\ELDON8_20250621_054902.wav
561.0,564.0,Sturnella magna,Eastern Meadowlark,0.0849,D:\AcousticMonitoringData\ELDON8_Data\Week23\ELDON8_20250621_054902.wav
567.0,570.0,Spizella pusilla,Field Sparrow,0.0626,D:\AcousticMonitoringData\ELDON8_Data\Week23\ELDON8_20250621_054902.wav
585.0,588.0,Spizella pusilla,Field Sparrow,0.1499,D:\AcousticMonitoringData\ELDON8_Data\Week23\ELDON8_20250621_054902.wav
585.0,588.0,Geothlypis trichas,Common Yellowthroat,0.0923,D:\AcousticMonitoringData\ELDON8_Data\Week23\ELDON8_20250621_054902.wav
588.0,591.0,Spizella pusilla,Field Sparrow,0.3019,D:\AcousticMonitoringData\ELDON8_Data\Week23\ELDON8_20250621_054902.wav
591.0,594.0,Spizella pusilla,Field Sparrow,0.0504,D:\AcousticMonitoringData\ELDON8_Data\Week23\ELDON8_20250621_054902.wav
600.0,603.0,Spizella pusilla,Field Sparrow,0.0681,D:\AcousticMonitoringData\ELDON8_Data\Week23\ELDON8_20250621_054902.wav
603.0,606.0,Spizella pusilla,Field Sparrow,0.1006,D:\AcousticMonitoringData\ELDON8_Data\Week23\ELDON8_20250621_054902.wav
606.0,609.0,Spizella pusilla,Field Sparrow,0.1643,D:\AcousticMonitoringData\ELDON8_Data\Week23\ELDON8_20250621_054902.wav
612.0,615.0,Geothlypis trichas,Common Yellowthroat,0.0737,D:\AcousticMonitoringData\ELDON8_Data\Week23\ELDON8_20250621_054902.wav
612.0,615.0,Spizella pusilla,Field Sparrow,0.0509,D:\AcousticMonitoringData\ELDON8_Data\Week23\ELDON8_20250621_054902.wav
615.0,618.0,Spizella pusilla,Field Sparrow,0.0542,D:\AcousticMonitoringData\ELDON8_Data\Week23\ELDON8_20250621_054902.wav
618.0,621.0,Spizella pusilla,Field Sparrow,0.1531,D:\AcousticMonitoringData\ELDON8_Data\Week23\ELDON8_20250621_054902.wav
621.0,624.0,Spizella pusilla,Field Sparrow,0.2223,D:\AcousticMonitoringData\ELDON8_Data\Week23\ELDON8_20250621_054902.wav
630.0,633.0,Spizella pusilla,Field Sparrow,0.0681,D:\AcousticMonitoringData\ELDON8_Data\Week23\ELDON8_20250621_054902.wav
630.0,633.0,Geothlypis trichas,Common Yellowthroat,0.0505,D:\AcousticMonitoringData\ELDON8_Data\Week23\ELDON8_20250621_054902.wav
651.0,654.0,Spizella pusilla,Field Sparrow,0.0980,D:\AcousticMonitoringData\ELDON8_Data\Week23\ELDON8_20250621_054902.wav
651.0,654.0,Geothlypis trichas,Common Yellowthroat,0.0941,D:\AcousticMonitoringData\ELDON8_Data\Week23\ELDON8_20250621_054902.wav
654.0,657.0,Spizella pusilla,Field Sparrow,0.0651,D:\AcousticMonitoringData\ELDON8_Data\Week23\ELDON8_20250621_054902.wav
660.0,663.0,Spizella pusilla,Field Sparrow,0.1207,D:\AcousticMonitoringData\ELDON8_Data\Week23\ELDON8_20250621_054902.wav
660.0,663.0,Geothlypis trichas,Common Yellowthroat,0.0684,D:\AcousticMonitoringData\ELDON8_Data\Week23\ELDON8_20250621_054902.wav
666.0,669.0,Spizella pusilla,Field Sparrow,0.0508,D:\AcousticMonitoringData\ELDON8_Data\Week23\ELDON8_20250621_054902.wav
669.0,672.0,Spizella pusilla,Field Sparrow,0.0625,D:\AcousticMonitoringData\ELDON8_Data\Week23\ELDON8_20250621_054902.wav
675.0,678.0,Spizella pusilla,Field Sparrow,0.0624,D:\AcousticMonitoringData\ELDON8_Data\Week23\ELDON8_20250621_054902.wav
678.0,681.0,Spizella pusilla,Field Sparrow,0.0602,D:\AcousticMonitoringData\ELDON8_Data\Week23\ELDON8_20250621_054902.wav
681.0,684.0,Spizella pusilla,Field Sparrow,0.0537,D:\AcousticMonitoringData\ELDON8_Data\Week23\ELDON8_20250621_054902.wav
684.0,687.0,Geothlypis trichas,Common Yellowthroat,0.0732,D:\AcousticMonitoringData\ELDON8_Data\Week23\ELDON8_20250621_054902.wav
693.0,696.0,Geothlypis trichas,Common Yellowthroat,0.0853,D:\AcousticMonitoringData\ELDON8_Data\Week23\ELDON8_20250621_054902.wav
693.0,696.0,Spizella pusilla,Field Sparrow,0.0580,D:\AcousticMonitoringData\ELDON8_Data\Week23\ELDON8_20250621_054902.wav
696.0,699.0,Spizella pusilla,Field Sparrow,0.0622,D:\AcousticMonitoringData\ELDON8_Data\Week23\ELDON8_20250621_054902.wav
699.0,702.0,Spizella pusilla,Field Sparrow,0.0507,D:\AcousticMonitoringData\ELDON8_Data\Week23\ELDON8_20250621_054902.wav
705.0,708.0,Spizella pusilla,Field Sparrow,0.1392,D:\AcousticMonitoringData\ELDON8_Data\Week23\ELDON8_20250621_054902.wav
711.0,714.0,Geothlypis trichas,Common Yellowthroat,0.0579,D:\AcousticMonitoringData\ELDON8_Data\Week23\ELDON8_20250621_054902.wav
714.0,717.0,Spizella pusilla,Field Sparrow,0.2153,D:\AcousticMonitoringData\ELDON8_Data\Week23\ELDON8_20250621_054902.wav
714.0,717.0,Geothlypis trichas,Common Yellowthroat,0.1253,D:\AcousticMonitoringData\ELDON8_Data\Week23\ELDON8_20250621_054902.wav
723.0,726.0,Geothlypis trichas,Common Yellowthroat,0.1717,D:\AcousticMonitoringData\ELDON8_Data\Week23\ELDON8_20250621_054902.wav
726.0,729.0,Spizella pusilla,Field Sparrow,0.1299,D:\AcousticMonitoringData\ELDON8_Data\Week23\ELDON8_20250621_054902.wav
729.0,732.0,Geothlypis trichas,Common Yellowthroat,0.1033,D:\AcousticMonitoringData\ELDON8_Data\Week23\ELDON8_20250621_054902.wav
729.0,732.0,Spizella pusilla,Field Sparrow,0.0614,D:\AcousticMonitoringData\ELDON8_Data\Week23\ELDON8_20250621_054902.wav
732.0,735.0,Spizella pusilla,Field Sparrow,0.1934,D:\AcousticMonitoringData\ELDON8_Data\Week23\ELDON8_20250621_054902.wav
738.0,741.0,Spizella pusilla,Field Sparrow,0.2254,D:\AcousticMonitoringData\ELDON8_Data\Week23\ELDON8_20250621_054902.wav
741.0,744.0,Spizella pusilla,Field Sparrow,0.1273,D:\AcousticMonitoringData\ELDON8_Data\Week23\ELDON8_20250621_054902.wav
741.0,744.0,Geothlypis trichas,Common Yellowthroat,0.0948,D:\AcousticMonitoringData\ELDON8_Data\Week23\ELDON8_20250621_054902.wav
744.0,747.0,Spizella pusilla,Field Sparrow,0.4314,D:\AcousticMonitoringData\ELDON8_Data\Week23\ELDON8_20250621_054902.wav
747.0,750.0,Spizella pusilla,Field Sparrow,0.0860,D:\AcousticMonitoringData\ELDON8_Data\Week23\ELDON8_20250621_054902.wav
750.0,753.0,Geothlypis trichas,Common Yellowthroat,0.0833,D:\AcousticMonitoringData\ELDON8_Data\Week23\ELDON8_20250621_054902.wav
750.0,753.0,Spizella pusilla,Field Sparrow,0.0649,D:\AcousticMonitoringData\ELDON8_Data\Week23\ELDON8_20250621_054902.wav
756.0,759.0,Spizella pusilla,Field Sparrow,0.0964,D:\AcousticMonitoringData\ELDON8_Data\Week23\ELDON8_20250621_054902.wav
759.0,762.0,Spizella pusilla,Field Sparrow,0.4289,D:\AcousticMonitoringData\ELDON8_Data\Week23\ELDON8_20250621_054902.wav
759.0,762.0,Geothlypis trichas,Common Yellowthroat,0.0525,D:\AcousticMonitoringData\ELDON8_Data\Week23\ELDON8_20250621_054902.wav
762.0,765.0,Spizella pusilla,Field Sparrow,0.1831,D:\AcousticMonitoringData\ELDON8_Data\Week23\ELDON8_20250621_054902.wav
765.0,768.0,Geothlypis trichas,Common Yellowthroat,0.0737,D:\AcousticMonitoringData\ELDON8_Data\Week23\ELDON8_20250621_054902.wav
765.0,768.0,Spizella pusilla,Field Sparrow,0.0665,D:\AcousticMonitoringData\ELDON8_Data\Week23\ELDON8_20250621_054902.wav
774.0,777.0,Geothlypis trichas,Common Yellowthroat,0.1341,D:\AcousticMonitoringData\ELDON8_Data\Week23\ELDON8_20250621_054902.wav
774.0,777.0,Spizella pusilla,Field Sparrow,0.0595,D:\AcousticMonitoringData\ELDON8_Data\Week23\ELDON8_20250621_054902.wav
777.0,780.0,Spizella pusilla,Field Sparrow,0.1021,D:\AcousticMonitoringData\ELDON8_Data\Week23\ELDON8_20250621_054902.wav
780.0,783.0,Spizella pusilla,Field Sparrow,0.1254,D:\AcousticMonitoringData\ELDON8_Data\Week23\ELDON8_20250621_054902.wav
783.0,786.0,Spizella pusilla,Field Sparrow,0.0896,D:\AcousticMonitoringData\ELDON8_Data\Week23\ELDON8_20250621_054902.wav
783.0,786.0,Geothlypis trichas,Common Yellowthroat,0.0505,D:\AcousticMonitoringData\ELDON8_Data\Week23\ELDON8_20250621_054902.wav
786.0,789.0,Spizella pusilla,Field Sparrow,0.1216,D:\AcousticMonitoringData\ELDON8_Data\Week23\ELDON8_20250621_054902.wav
789.0,792.0,Spizella pusilla,Field Sparrow,0.1288,D:\AcousticMonitoringData\ELDON8_Data\Week23\ELDON8_20250621_054902.wav
795.0,798.0,Spizella pusilla,Field Sparrow,0.1590,D:\AcousticMonitoringData\ELDON8_Data\Week23\ELDON8_20250621_054902.wav
798.0,801.0,Spizella pusilla,Field Sparrow,0.2825,D:\AcousticMonitoringData\ELDON8_Data\Week23\ELDON8_20250621_054902.wav
804.0,807.0,Geothlypis trichas,Common Yellowthroat,0.0750,D:\AcousticMonitoringData\ELDON8_Data\Week23\ELDON8_20250621_054902.wav
810.0,813.0,Spizella pusilla,Field Sparrow,0.0676,D:\AcousticMonitoringData\ELDON8_Data\Week23\ELDON8_20250621_054902.wav
813.0,816.0,Spizella pusilla,Field Sparrow,0.0578,D:\AcousticMonitoringData\ELDON8_Data\Week23\ELDON8_20250621_054902.wav
822.0,825.0,Spizella pusilla,Field Sparrow,0.2551,D:\AcousticMonitoringData\ELDON8_Data\Week23\ELDON8_20250621_054902.wav
825.0,828.0,Spizella pusilla,Field Sparrow,0.1109,D:\AcousticMonitoringData\ELDON8_Data\Week23\ELDON8_20250621_054902.wav
825.0,828.0,Geothlypis trichas,Common Yellowthroat,0.1054,D:\AcousticMonitoringData\ELDON8_Data\Week23\ELDON8_20250621_054902.wav
834.0,837.0,Spizella pusilla,Field Sparrow,0.1607,D:\AcousticMonitoringData\ELDON8_Data\Week23\ELDON8_20250621_054902.wav
846.0,849.0,Spizella pusilla,Field Sparrow,0.4006,D:\AcousticMonitoringData\ELDON8_Data\Week23\ELDON8_20250621_054902.wav
849.0,852.0,Spizella pusilla,Field Sparrow,0.1424,D:\AcousticMonitoringData\ELDON8_Data\Week23\ELDON8_20250621_054902.wav
858.0,861.0,Spizella pusilla,Field Sparrow,0.0687,D:\AcousticMonitoringData\ELDON8_Data\Week23\ELDON8_20250621_054902.wav
861.0,864.0,Spizella pusilla,Field Sparrow,0.1294,D:\AcousticMonitoringData\ELDON8_Data\Week23\ELDON8_20250621_054902.wav
876.0,879.0,Spizella pusilla,Field Sparrow,0.2148,D:\AcousticMonitoringData\ELDON8_Data\Week23\ELDON8_20250621_054902.wav
882.0,885.0,Geothlypis trichas,Common Yellowthroat,0.2716,D:\AcousticMonitoringData\ELDON8_Data\Week23\ELDON8_20250621_054902.wav
882.0,885.0,Spizella pusilla,Field Sparrow,0.0633,D:\AcousticMonitoringData\ELDON8_Data\Week23\ELDON8_20250621_054902.wav
891.0,894.0,Spizella pusilla,Field Sparrow,0.2251,D:\AcousticMonitoringData\ELDON8_Data\Week23\ELDON8_20250621_054902.wav
894.0,897.0,Spizella pusilla,Field Sparrow,0.0589,D:\AcousticMonitoringData\ELDON8_Data\Week23\ELDON8_20250621_054902.wav
909.0,912.0,Geothlypis trichas,Common Yellowthroat,0.1956,D:\AcousticMonitoringData\ELDON8_Data\Week23\ELDON8_20250621_054902.wav
909.0,912.0,Spizella pusilla,Field Sparrow,0.0946,D:\AcousticMonitoringData\ELDON8_Data\Week23\ELDON8_20250621_054902.wav
921.0,924.0,Geothlypis trichas,Common Yellowthroat,0.1426,D:\AcousticMonitoringData\ELDON8_Data\Week23\ELDON8_20250621_054902.wav
939.0,942.0,Geothlypis trichas,Common Yellowthroat,0.3771,D:\AcousticMonitoringData\ELDON8_Data\Week23\ELDON8_20250621_054902.wav
939.0,942.0,Spizella pusilla,Field Sparrow,0.1232,D:\AcousticMonitoringData\ELDON8_Data\Week23\ELDON8_20250621_054902.wav
957.0,960.0,Spizella pusilla,Field Sparrow,0.1964,D:\AcousticMonitoringData\ELDON8_Data\Week23\ELDON8_20250621_054902.wav
960.0,963.0,Spizella pusilla,Field Sparrow,0.0649,D:\AcousticMonitoringData\ELDON8_Data\Week23\ELDON8_20250621_054902.wav
966.0,969.0,Geothlypis trichas,Common Yellowthroat,0.0821,D:\AcousticMonitoringData\ELDON8_Data\Week23\ELDON8_20250621_054902.wav
969.0,972.0,Spizella pusilla,Field Sparrow,0.3581,D:\AcousticMonitoringData\ELDON8_Data\Week23\ELDON8_20250621_054902.wav
975.0,978.0,Geothlypis trichas,Common Yellowthroat,0.1606,D:\AcousticMonitoringData\ELDON8_Data\Week23\ELDON8_20250621_054902.wav
978.0,981.0,Spizella pusilla,Field Sparrow,0.1074,D:\AcousticMonitoringData\ELDON8_Data\Week23\ELDON8_20250621_054902.wav
978.0,981.0,Geothlypis trichas,Common Yellowthroat,0.0698,D:\AcousticMonitoringData\ELDON8_Data\Week23\ELDON8_20250621_054902.wav
981.0,984.0,Spizella pusilla,Field Sparrow,0.1669,D:\AcousticMonitoringData\ELDON8_Data\Week23\ELDON8_20250621_054902.wav
987.0,990.0,Geothlypis trichas,Common Yellowthroat,0.2413,D:\AcousticMonitoringData\ELDON8_Data\Week23\ELDON8_20250621_054902.wav
993.0,996.0,Spizella pusilla,Field Sparrow,0.1811,D:\AcousticMonitoringData\ELDON8_Data\Week23\ELDON8_20250621_054902.wav
996.0,999.0,Spizella pusilla,Field Sparrow,0.5657,D:\AcousticMonitoringData\ELDON8_Data\Week23\ELDON8_20250621_054902.wav
999.0,1002.0,Spizella pusilla,Field Sparrow,0.0540,D:\AcousticMonitoringData\ELDON8_Data\Week23\ELDON8_20250621_054902.wav
1005.0,1008.0,Spizella pusilla,Field Sparrow,0.0958,D:\AcousticMonitoringData\ELDON8_Data\Week23\ELDON8_20250621_054902.wav
1008.0,1011.0,Spizella pusilla,Field Sparrow,0.0566,D:\AcousticMonitoringData\ELDON8_Data\Week23\ELDON8_20250621_054902.wav
1011.0,1014.0,Spizella pusilla,Field Sparrow,0.0682,D:\AcousticMonitoringData\ELDON8_Data\Week23\ELDON8_20250621_054902.wav
1017.0,1020.0,Spizella pusilla,Field Sparrow,0.0877,D:\AcousticMonitoringData\ELDON8_Data\Week23\ELDON8_20250621_054902.wav
1023.0,1026.0,Spizella pusilla,Field Sparrow,0.1455,D:\AcousticMonitoringData\ELDON8_Data\Week23\ELDON8_20250621_054902.wav
1026.0,1029.0,Spizella pusilla,Field Sparrow,0.1059,D:\AcousticMonitoringData\ELDON8_Data\Week23\ELDON8_20250621_054902.wav
1029.0,1032.0,Spizella pusilla,Field Sparrow,0.1906,D:\AcousticMonitoringData\ELDON8_Data\Week23\ELDON8_20250621_054902.wav
1032.0,1035.0,Geothlypis trichas,Common Yellowthroat,0.0554,D:\AcousticMonitoringData\ELDON8_Data\Week23\ELDON8_20250621_054902.wav
1038.0,1041.0,Spizella pusilla,Field Sparrow,0.0662,D:\AcousticMonitoringData\ELDON8_Data\Week23\ELDON8_20250621_054902.wav
1041.0,1044.0,Spizella pusilla,Field Sparrow,0.1055,D:\AcousticMonitoringData\ELDON8_Data\Week23\ELDON8_20250621_054902.wav
1044.0,1047.0,Spizella pusilla,Field Sparrow,0.0627,D:\AcousticMonitoringData\ELDON8_Data\Week23\ELDON8_20250621_054902.wav
1050.0,1053.0,Spizella pusilla,Field Sparrow,0.6852,D:\AcousticMonitoringData\ELDON8_Data\Week23\ELDON8_20250621_054902.wav
1053.0,1056.0,Spizella pusilla,Field Sparrow,0.1803,D:\AcousticMonitoringData\ELDON8_Data\Week23\ELDON8_20250621_054902.wav
1056.0,1059.0,Spizella pusilla,Field Sparrow,0.0667,D:\AcousticMonitoringData\ELDON8_Data\Week23\ELDON8_20250621_054902.wav
1059.0,1062.0,Spizella pusilla,Field Sparrow,0.0606,D:\AcousticMonitoringData\ELDON8_Data\Week23\ELDON8_20250621_054902.wav
1062.0,1065.0,Spizella pusilla,Field Sparrow,0.5136,D:\AcousticMonitoringData\ELDON8_Data\Week23\ELDON8_20250621_054902.wav
1065.0,1068.0,Spizella pusilla,Field Sparrow,0.1193,D:\AcousticMonitoringData\ELDON8_Data\Week23\ELDON8_20250621_054902.wav
1074.0,1077.0,Spizella pusilla,Field Sparrow,0.0834,D:\AcousticMonitoringData\ELDON8_Data\Week23\ELDON8_20250621_054902.wav
1080.0,1083.0,Spizella pusilla,Field Sparrow,0.1631,D:\AcousticMonitoringData\ELDON8_Data\Week23\ELDON8_20250621_054902.wav
1083.0,1086.0,Spizella pusilla,Field Sparrow,0.1769,D:\AcousticMonitoringData\ELDON8_Data\Week23\ELDON8_20250621_054902.wav
1086.0,1089.0,Spizella pusilla,Field Sparrow,0.0632,D:\AcousticMonitoringData\ELDON8_Data\Week23\ELDON8_20250621_054902.wav
1092.0,1095.0,Spizella pusilla,Field Sparrow,0.2295,D:\AcousticMonitoringData\ELDON8_Data\Week23\ELDON8_20250621_054902.wav
1095.0,1098.0,Spizella pusilla,Field Sparrow,0.2366,D:\AcousticMonitoringData\ELDON8_Data\Week23\ELDON8_20250621_054902.wav
1098.0,1101.0,Spizella pusilla,Field Sparrow,0.0597,D:\AcousticMonitoringData\ELDON8_Data\Week23\ELDON8_20250621_054902.wav
1107.0,1110.0,Spizella pusilla,Field Sparrow,0.3954,D:\AcousticMonitoringData\ELDON8_Data\Week23\ELDON8_20250621_054902.wav
1110.0,1113.0,Spizella pusilla,Field Sparrow,0.0982,D:\AcousticMonitoringData\ELDON8_Data\Week23\ELDON8_20250621_054902.wav
1113.0,1116.0,Spizella pusilla,Field Sparrow,0.0759,D:\AcousticMonitoringData\ELDON8_Data\Week23\ELDON8_20250621_054902.wav
1116.0,1119.0,Geothlypis trichas,Common Yellowthroat,0.0818,D:\AcousticMonitoringData\ELDON8_Data\Week23\ELDON8_20250621_054902.wav
1128.0,1131.0,Spizella pusilla,Field Sparrow,0.6452,D:\AcousticMonitoringData\ELDON8_Data\Week23\ELDON8_20250621_054902.wav
1134.0,1137.0,Spizella pusilla,Field Sparrow,0.2367,D:\AcousticMonitoringData\ELDON8_Data\Week23\ELDON8_20250621_054902.wav
1137.0,1140.0,Spizella pusilla,Field Sparrow,0.2397,D:\AcousticMonitoringData\ELDON8_Data\Week23\ELDON8_20250621_054902.wav
1140.0,1143.0,Spizella pusilla,Field Sparrow,0.0609,D:\AcousticMonitoringData\ELDON8_Data\Week23\ELDON8_20250621_054902.wav
1143.0,1146.0,Spizella pusilla,Field Sparrow,0.1201,D:\AcousticMonitoringData\ELDON8_Data\Week23\ELDON8_20250621_054902.wav
1146.0,1149.0,Spizella pusilla,Field Sparrow,0.3222,D:\AcousticMonitoringData\ELDON8_Data\Week23\ELDON8_20250621_054902.wav
1149.0,1152.0,Spizella pusilla,Field Sparrow,0.1303,D:\AcousticMonitoringData\ELDON8_Data\Week23\ELDON8_20250621_054902.wav
1152.0,1155.0,Spizella pusilla,Field Sparrow,0.1445,D:\AcousticMonitoringData\ELDON8_Data\Week23\ELDON8_20250621_054902.wav
1155.0,1158.0,Spizella pusilla,Field Sparrow,0.0858,D:\AcousticMonitoringData\ELDON8_Data\Week23\ELDON8_20250621_054902.wav
1158.0,1161.0,Spizella pusilla,Field Sparrow,0.1834,D:\AcousticMonitoringData\ELDON8_Data\Week23\ELDON8_20250621_054902.wav
1161.0,1164.0,Spizella pusilla,Field Sparrow,0.1194,D:\AcousticMonitoringData\ELDON8_Data\Week23\ELDON8_20250621_054902.wav
1164.0,1167.0,Spizella pusilla,Field Sparrow,0.0957,D:\AcousticMonitoringData\ELDON8_Data\Week23\ELDON8_20250621_054902.wav
1167.0,1170.0,Spizella pusilla,Field Sparrow,0.1004,D:\AcousticMonitoringData\ELDON8_Data\Week23\ELDON8_20250621_054902.wav
1170.0,1173.0,Spizella pusilla,Field Sparrow,0.1036,D:\AcousticMonitoringData\ELDON8_Data\Week23\ELDON8_20250621_054902.wav
1173.0,1176.0,Spizella pusilla,Field Sparrow,0.3364,D:\AcousticMonitoringData\ELDON8_Data\Week23\ELDON8_20250621_054902.wav
1176.0,1179.0,Spizella pusilla,Field Sparrow,0.0659,D:\AcousticMonitoringData\ELDON8_Data\Week23\ELDON8_20250621_054902.wav
1179.0,1182.0,Spizella pusilla,Field Sparrow,0.0656,D:\AcousticMonitoringData\ELDON8_Data\Week23\ELDON8_20250621_054902.wav
1182.0,1185.0,Spizella pusilla,Field Sparrow,0.0929,D:\AcousticMonitoringData\ELDON8_Data\Week23\ELDON8_20250621_054902.wav
1185.0,1188.0,Geothlypis trichas,Common Yellowthroat,0.0977,D:\AcousticMonitoringData\ELDON8_Data\Week23\ELDON8_20250621_054902.wav
1185.0,1188.0,Spizella pusilla,Field Sparrow,0.0670,D:\AcousticMonitoringData\ELDON8_Data\Week23\ELDON8_20250621_054902.wav
1194.0,1197.0,Spizella pusilla,Field Sparrow,0.2107,D:\AcousticMonitoringData\ELDON8_Data\Week23\ELDON8_20250621_054902.wav
1197.0,1200.0,Spizella pusilla,Field Sparrow,0.5072,D:\AcousticMonitoringData\ELDON8_Data\Week23\ELDON8_20250621_054902.wav
1200.0,1203.0,Spizella pusilla,Field Sparrow,0.0935,D:\AcousticMonitoringData\ELDON8_Data\Week23\ELDON8_20250621_054902.wav
1203.0,1206.0,Passerina caerulea,Blue Grosbeak,0.0772,D:\AcousticMonitoringData\ELDON8_Data\Week23\ELDON8_20250621_054902.wav
1206.0,1209.0,Spizella pusilla,Field Sparrow,0.3917,D:\AcousticMonitoringData\ELDON8_Data\Week23\ELDON8_20250621_054902.wav
1209.0,1212.0,Spizella pusilla,Field Sparrow,0.2046,D:\AcousticMonitoringData\ELDON8_Data\Week23\ELDON8_20250621_054902.wav
1215.0,1218.0,Passerina caerulea,Blue Grosbeak,0.0633,D:\AcousticMonitoringData\ELDON8_Data\Week23\ELDON8_20250621_054902.wav
1218.0,1221.0,Spizella pusilla,Field Sparrow,0.2730,D:\AcousticMonitoringData\ELDON8_Data\Week23\ELDON8_20250621_054902.wav
1221.0,1224.0,Spizella pusilla,Field Sparrow,0.6856,D:\AcousticMonitoringData\ELDON8_Data\Week23\ELDON8_20250621_054902.wav
1224.0,1227.0,Spizella pusilla,Field Sparrow,0.0859,D:\AcousticMonitoringData\ELDON8_Data\Week23\ELDON8_20250621_054902.wav
1227.0,1230.0,Spizella pusilla,Field Sparrow,0.1352,D:\AcousticMonitoringData\ELDON8_Data\Week23\ELDON8_20250621_054902.wav
1230.0,1233.0,Spizella pusilla,Field Sparrow,0.3711,D:\AcousticMonitoringData\ELDON8_Data\Week23\ELDON8_20250621_054902.wav
1233.0,1236.0,Spizella pusilla,Field Sparrow,0.0920,D:\AcousticMonitoringData\ELDON8_Data\Week23\ELDON8_20250621_054902.wav
1242.0,1245.0,Spizella pusilla,Field Sparrow,0.1934,D:\AcousticMonitoringData\ELDON8_Data\Week23\ELDON8_20250621_054902.wav
1245.0,1248.0,Spizella pusilla,Field Sparrow,0.0946,D:\AcousticMonitoringData\ELDON8_Data\Week23\ELDON8_20250621_054902.wav
1251.0,1254.0,Spizella pusilla,Field Sparrow,0.0873,D:\AcousticMonitoringData\ELDON8_Data\Week23\ELDON8_20250621_054902.wav
1254.0,1257.0,Spizella pusilla,Field Sparrow,0.0614,D:\AcousticMonitoringData\ELDON8_Data\Week23\ELDON8_20250621_054902.wav
1254.0,1257.0,Geothlypis trichas,Common Yellowthroat,0.0506,D:\AcousticMonitoringData\ELDON8_Data\Week23\ELDON8_20250621_054902.wav
1257.0,1260.0,Spizella pusilla,Field Sparrow,0.1911,D:\AcousticMonitoringData\ELDON8_Data\Week23\ELDON8_20250621_054902.wav
1263.0,1266.0,Spizella pusilla,Field Sparrow,0.0573,D:\AcousticMonitoringData\ELDON8_Data\Week23\ELDON8_20250621_054902.wav
1266.0,1269.0,Spizella pusilla,Field Sparrow,0.0665,D:\AcousticMonitoringData\ELDON8_Data\Week23\ELDON8_20250621_054902.wav
1269.0,1272.0,Spizella pusilla,Field Sparrow,0.1711,D:\AcousticMonitoringData\ELDON8_Data\Week23\ELDON8_20250621_054902.wav
1272.0,1275.0,Spizella pusilla,Field Sparrow,0.0522,D:\AcousticMonitoringData\ELDON8_Data\Week23\ELDON8_20250621_054902.wav
1281.0,1284.0,Spizella pusilla,Field Sparrow,0.0674,D:\AcousticMonitoringData\ELDON8_Data\Week23\ELDON8_20250621_054902.wav
1284.0,1287.0,Spizella pusilla,Field Sparrow,0.6054,D:\AcousticMonitoringData\ELDON8_Data\Week23\ELDON8_20250621_054902.wav
1287.0,1290.0,Spizella pusilla,Field Sparrow,0.1082,D:\AcousticMonitoringData\ELDON8_Data\Week23\ELDON8_20250621_054902.wav
1290.0,1293.0,Geothlypis trichas,Common Yellowthroat,0.0785,D:\AcousticMonitoringData\ELDON8_Data\Week23\ELDON8_20250621_054902.wav
1293.0,1296.0,Spizella pusilla,Field Sparrow,0.3100,D:\AcousticMonitoringData\ELDON8_Data\Week23\ELDON8_20250621_054902.wav
1296.0,1299.0,Spizella pusilla,Field Sparrow,0.2021,D:\AcousticMonitoringData\ELDON8_Data\Week23\ELDON8_20250621_054902.wav
1296.0,1299.0,Geothlypis trichas,Common Yellowthroat,0.0713,D:\AcousticMonitoringData\ELDON8_Data\Week23\ELDON8_20250621_054902.wav
1299.0,1302.0,Geothlypis trichas,Common Yellowthroat,0.1443,D:\AcousticMonitoringData\ELDON8_Data\Week23\ELDON8_20250621_054902.wav
1302.0,1305.0,Spizella pusilla,Field Sparrow,0.0698,D:\AcousticMonitoringData\ELDON8_Data\Week23\ELDON8_20250621_054902.wav
1305.0,1308.0,Spizella pusilla,Field Sparrow,0.0984,D:\AcousticMonitoringData\ELDON8_Data\Week23\ELDON8_20250621_054902.wav
1308.0,1311.0,Spizella pusilla,Field Sparrow,0.3068,D:\AcousticMonitoringData\ELDON8_Data\Week23\ELDON8_20250621_054902.wav
1314.0,1317.0,Geothlypis trichas,Common Yellowthroat,0.1069,D:\AcousticMonitoringData\ELDON8_Data\Week23\ELDON8_20250621_054902.wav
1317.0,1320.0,Geothlypis trichas,Common Yellowthroat,0.0679,D:\AcousticMonitoringData\ELDON8_Data\Week23\ELDON8_20250621_054902.wav
1320.0,1323.0,Spizella pusilla,Field Sparrow,0.5278,D:\AcousticMonitoringData\ELDON8_Data\Week23\ELDON8_20250621_054902.wav
1323.0,1326.0,Spizella pusilla,Field Sparrow,0.1192,D:\AcousticMonitoringData\ELDON8_Data\Week23\ELDON8_20250621_054902.wav
1326.0,1329.0,Spizella pusilla,Field Sparrow,0.1633,D:\AcousticMonitoringData\ELDON8_Data\Week23\ELDON8_20250621_054902.wav
1326.0,1329.0,Geothlypis trichas,Common Yellowthroat,0.0706,D:\AcousticMonitoringData\ELDON8_Data\Week23\ELDON8_20250621_054902.wav
1329.0,1332.0,Spizella pusilla,Field Sparrow,0.6893,D:\AcousticMonitoringData\ELDON8_Data\Week23\ELDON8_20250621_054902.wav
1332.0,1335.0,Spizella pusilla,Field Sparrow,0.9156,D:\AcousticMonitoringData\ELDON8_Data\Week23\ELDON8_20250621_054902.wav
1335.0,1338.0,Geothlypis trichas,Common Yellowthroat,0.1521,D:\AcousticMonitoringData\ELDON8_Data\Week23\ELDON8_20250621_054902.wav
1335.0,1338.0,Spizella pusilla,Field Sparrow,0.0786,D:\AcousticMonitoringData\ELDON8_Data\Week23\ELDON8_20250621_054902.wav
1338.0,1341.0,Spizella pusilla,Field Sparrow,0.0517,D:\AcousticMonitoringData\ELDON8_Data\Week23\ELDON8_20250621_054902.wav
1344.0,1347.0,Spizella pusilla,Field Sparrow,0.8033,D:\AcousticMonitoringData\ELDON8_Data\Week23\ELDON8_20250621_054902.wav
1344.0,1347.0,Geothlypis trichas,Common Yellowthroat,0.0757,D:\AcousticMonitoringData\ELDON8_Data\Week23\ELDON8_20250621_054902.wav
1347.0,1350.0,Spizella pusilla,Field Sparrow,0.2389,D:\AcousticMonitoringData\ELDON8_Data\Week23\ELDON8_20250621_054902.wav
1350.0,1353.0,Spizella pusilla,Field Sparrow,0.1803,D:\AcousticMonitoringData\ELDON8_Data\Week23\ELDON8_20250621_054902.wav
1350.0,1353.0,Geothlypis trichas,Common Yellowthroat,0.0608,D:\AcousticMonitoringData\ELDON8_Data\Week23\ELDON8_20250621_054902.wav
1353.0,1356.0,Geothlypis trichas,Common Yellowthroat,0.1061,D:\AcousticMonitoringData\ELDON8_Data\Week23\ELDON8_20250621_054902.wav
1353.0,1356.0,Spizella pusilla,Field Sparrow,0.0874,D:\AcousticMonitoringData\ELDON8_Data\Week23\ELDON8_20250621_054902.wav
1356.0,1359.0,Spizella pusilla,Field Sparrow,0.0633,D:\AcousticMonitoringData\ELDON8_Data\Week23\ELDON8_20250621_054902.wav
1356.0,1359.0,Geothlypis trichas,Common Yellowthroat,0.0523,D:\AcousticMonitoringData\ELDON8_Data\Week23\ELDON8_20250621_054902.wav
1359.0,1362.0,Spizella pusilla,Field Sparrow,0.8526,D:\AcousticMonitoringData\ELDON8_Data\Week23\ELDON8_20250621_054902.wav
1362.0,1365.0,Geothlypis trichas,Common Yellowthroat,0.3602,D:\AcousticMonitoringData\ELDON8_Data\Week23\ELDON8_20250621_054902.wav
1362.0,1365.0,Spizella pusilla,Field Sparrow,0.0846,D:\AcousticMonitoringData\ELDON8_Data\Week23\ELDON8_20250621_054902.wav
1365.0,1368.0,Spizella pusilla,Field Sparrow,0.0733,D:\AcousticMonitoringData\ELDON8_Data\Week23\ELDON8_20250621_054902.wav
1368.0,1371.0,Spizella pusilla,Field Sparrow,0.4493,D:\AcousticMonitoringData\ELDON8_Data\Week23\ELDON8_20250621_054902.wav
1371.0,1374.0,Spizella pusilla,Field Sparrow,0.6105,D:\AcousticMonitoringData\ELDON8_Data\Week23\ELDON8_20250621_054902.wav
1371.0,1374.0,Geothlypis trichas,Common Yellowthroat,0.0601,D:\AcousticMonitoringData\ELDON8_Data\Week23\ELDON8_20250621_054902.wav
1374.0,1377.0,Spizella pusilla,Field Sparrow,0.5390,D:\AcousticMonitoringData\ELDON8_Data\Week23\ELDON8_20250621_054902.wav
1377.0,1380.0,Spizella pusilla,Field Sparrow,0.1538,D:\AcousticMonitoringData\ELDON8_Data\Week23\ELDON8_20250621_054902.wav
1380.0,1383.0,Spizella pusilla,Field Sparrow,0.0679,D:\AcousticMonitoringData\ELDON8_Data\Week23\ELDON8_20250621_054902.wav
1380.0,1383.0,Passerina caerulea,Blue Grosbeak,0.0565,D:\AcousticMonitoringData\ELDON8_Data\Week23\ELDON8_20250621_054902.wav
1383.0,1386.0,Spizella pusilla,Field Sparrow,0.3622,D:\AcousticMonitoringData\ELDON8_Data\Week23\ELDON8_20250621_054902.wav
1386.0,1389.0,Spizella pusilla,Field Sparrow,0.8114,D:\AcousticMonitoringData\ELDON8_Data\Week23\ELDON8_20250621_054902.wav
1389.0,1392.0,Geothlypis trichas,Common Yellowthroat,0.3592,D:\AcousticMonitoringData\ELDON8_Data\Week23\ELDON8_20250621_054902.wav
1389.0,1392.0,Spizella pusilla,Field Sparrow,0.0958,D:\AcousticMonitoringData\ELDON8_Data\Week23\ELDON8_20250621_054902.wav
1398.0,1401.0,Spizella pusilla,Field Sparrow,0.8201,D:\AcousticMonitoringData\ELDON8_Data\Week23\ELDON8_20250621_054902.wav
1401.0,1404.0,Spizella pusilla,Field Sparrow,0.2956,D:\AcousticMonitoringData\ELDON8_Data\Week23\ELDON8_20250621_054902.wav
1410.0,1413.0,Spizella pusilla,Field Sparrow,0.2783,D:\AcousticMonitoringData\ELDON8_Data\Week23\ELDON8_20250621_054902.wav
1413.0,1416.0,Spizella pusilla,Field Sparrow,0.6917,D:\AcousticMonitoringData\ELDON8_Data\Week23\ELDON8_20250621_054902.wav
1416.0,1419.0,Spizella pusilla,Field Sparrow,0.0505,D:\AcousticMonitoringData\ELDON8_Data\Week23\ELDON8_20250621_054902.wav
1419.0,1422.0,Spizella pusilla,Field Sparrow,0.1099,D:\AcousticMonitoringData\ELDON8_Data\Week23\ELDON8_20250621_054902.wav
1419.0,1422.0,Geothlypis trichas,Common Yellowthroat,0.0615,D:\AcousticMonitoringData\ELDON8_Data\Week23\ELDON8_20250621_054902.wav
1422.0,1425.0,Spizella pusilla,Field Sparrow,0.1596,D:\AcousticMonitoringData\ELDON8_Data\Week23\ELDON8_20250621_054902.wav
1425.0,1428.0,Spizella pusilla,Field Sparrow,0.7713,D:\AcousticMonitoringData\ELDON8_Data\Week23\ELDON8_20250621_054902.wav
1428.0,1431.0,Geothlypis trichas,Common Yellowthroat,0.1843,D:\AcousticMonitoringData\ELDON8_Data\Week23\ELDON8_20250621_054902.wav
1431.0,1434.0,Spizella pusilla,Field Sparrow,0.1175,D:\AcousticMonitoringData\ELDON8_Data\Week23\ELDON8_20250621_054902.wav
1431.0,1434.0,Passerina caerulea,Blue Grosbeak,0.0686,D:\AcousticMonitoringData\ELDON8_Data\Week23\ELDON8_20250621_054902.wav
1434.0,1437.0,Spizella pusilla,Field Sparrow,0.1101,D:\AcousticMonitoringData\ELDON8_Data\Week23\ELDON8_20250621_054902.wav
1437.0,1440.0,Spizella pusilla,Field Sparrow,0.7085,D:\AcousticMonitoringData\ELDON8_Data\Week23\ELDON8_20250621_054902.wav
1446.0,1449.0,Geothlypis trichas,Common Yellowthroat,0.1449,D:\AcousticMonitoringData\ELDON8_Data\Week23\ELDON8_20250621_054902.wav
1449.0,1452.0,Spizella pusilla,Field Sparrow,0.3464,D:\AcousticMonitoringData\ELDON8_Data\Week23\ELDON8_20250621_054902.wav
1449.0,1452.0,Geothlypis trichas,Common Yellowthroat,0.0668,D:\AcousticMonitoringData\ELDON8_Data\Week23\ELDON8_20250621_054902.wav
1452.0,1455.0,Spizella pusilla,Field Sparrow,0.9078,D:\AcousticMonitoringData\ELDON8_Data\Week23\ELDON8_20250621_054902.wav
1455.0,1458.0,Spizella pusilla,Field Sparrow,0.1477,D:\AcousticMonitoringData\ELDON8_Data\Week23\ELDON8_20250621_054902.wav
1458.0,1461.0,Geothlypis trichas,Common Yellowthroat,0.0504,D:\AcousticMonitoringData\ELDON8_Data\Week23\ELDON8_20250621_054902.wav
1461.0,1464.0,Spizella pusilla,Field Sparrow,0.1674,D:\AcousticMonitoringData\ELDON8_Data\Week23\ELDON8_20250621_054902.wav
1464.0,1467.0,Spizella pusilla,Field Sparrow,0.4498,D:\AcousticMonitoringData\ELDON8_Data\Week23\ELDON8_20250621_054902.wav
1467.0,1470.0,Spizella pusilla,Field Sparrow,0.4765,D:\AcousticMonitoringData\ELDON8_Data\Week23\ELDON8_20250621_054902.wav
1473.0,1476.0,Spizella pusilla,Field Sparrow,0.0762,D:\AcousticMonitoringData\ELDON8_Data\Week23\ELDON8_20250621_054902.wav
1476.0,1479.0,Spizella pusilla,Field Sparrow,0.2557,D:\AcousticMonitoringData\ELDON8_Data\Week23\ELDON8_20250621_054902.wav
1479.0,1482.0,Spizella pusilla,Field Sparrow,0.0523,D:\AcousticMonitoringData\ELDON8_Data\Week23\ELDON8_20250621_054902.wav
1482.0,1485.0,Spizella pusilla,Field Sparrow,0.7966,D:\AcousticMonitoringData\ELDON8_Data\Week23\ELDON8_20250621_054902.wav
1485.0,1488.0,Spizella pusilla,Field Sparrow,0.1470,D:\AcousticMonitoringData\ELDON8_Data\Week23\ELDON8_20250621_054902.wav
1488.0,1491.0,Spizella pusilla,Field Sparrow,0.0963,D:\AcousticMonitoringData\ELDON8_Data\Week23\ELDON8_20250621_054902.wav
1491.0,1494.0,Spizella pusilla,Field Sparrow,0.3543,D:\AcousticMonitoringData\ELDON8_Data\Week23\ELDON8_20250621_054902.wav
1494.0,1497.0,Spizella pusilla,Field Sparrow,0.2291,D:\AcousticMonitoringData\ELDON8_Data\Week23\ELDON8_20250621_054902.wav
1494.0,1497.0,Geothlypis trichas,Common Yellowthroat,0.0735,D:\AcousticMonitoringData\ELDON8_Data\Week23\ELDON8_20250621_054902.wav
1497.0,1500.0,Spizella pusilla,Field Sparrow,0.7227,D:\AcousticMonitoringData\ELDON8_Data\Week23\ELDON8_20250621_054902.wav
1500.0,1503.0,Spizella pusilla,Field Sparrow,0.0533,D:\AcousticMonitoringData\ELDON8_Data\Week23\ELDON8_20250621_054902.wav
1503.0,1506.0,Spizella pusilla,Field Sparrow,0.1426,D:\AcousticMonitoringData\ELDON8_Data\Week23\ELDON8_20250621_054902.wav
1509.0,1512.0,Spizella pusilla,Field Sparrow,0.0883,D:\AcousticMonitoringData\ELDON8_Data\Week23\ELDON8_20250621_054902.wav
1512.0,1515.0,Spizella pusilla,Field Sparrow,0.7276,D:\AcousticMonitoringData\ELDON8_Data\Week23\ELDON8_20250621_054902.wav
1515.0,1518.0,Spizella pusilla,Field Sparrow,0.4318,D:\AcousticMonitoringData\ELDON8_Data\Week23\ELDON8_20250621_054902.wav
1521.0,1524.0,Spizella pusilla,Field Sparrow,0.0722,D:\AcousticMonitoringData\ELDON8_Data\Week23\ELDON8_20250621_054902.wav
1524.0,1527.0,Spizella pusilla,Field Sparrow,0.0582,D:\AcousticMonitoringData\ELDON8_Data\Week23\ELDON8_20250621_054902.wav
1527.0,1530.0,Spizella pusilla,Field Sparrow,0.7737,D:\AcousticMonitoringData\ELDON8_Data\Week23\ELDON8_20250621_054902.wav
1530.0,1533.0,Spizella pusilla,Field Sparrow,0.0667,D:\AcousticMonitoringData\ELDON8_Data\Week23\ELDON8_20250621_054902.wav
1530.0,1533.0,Geothlypis trichas,Common Yellowthroat,0.0501,D:\AcousticMonitoringData\ELDON8_Data\Week23\ELDON8_20250621_054902.wav
1539.0,1542.0,Spizella pusilla,Field Sparrow,0.1497,D:\AcousticMonitoringData\ELDON8_Data\Week23\ELDON8_20250621_054902.wav
1542.0,1545.0,Spizella pusilla,Field Sparrow,0.2159,D:\AcousticMonitoringData\ELDON8_Data\Week23\ELDON8_20250621_054902.wav
1548.0,1551.0,Spizella pusilla,Field Sparrow,0.1747,D:\AcousticMonitoringData\ELDON8_Data\Week23\ELDON8_20250621_054902.wav
1551.0,1554.0,Spizella pusilla,Field Sparrow,0.8216,D:\AcousticMonitoringData\ELDON8_Data\Week23\ELDON8_20250621_054902.wav
1557.0,1560.0,Spizella pusilla,Field Sparrow,0.0602,D:\AcousticMonitoringData\ELDON8_Data\Week23\ELDON8_20250621_054902.wav
1563.0,1566.0,Spizella pusilla,Field Sparrow,0.1255,D:\AcousticMonitoringData\ELDON8_Data\Week23\ELDON8_20250621_054902.wav
1566.0,1569.0,Spizella pusilla,Field Sparrow,0.1992,D:\AcousticMonitoringData\ELDON8_Data\Week23\ELDON8_20250621_054902.wav
1569.0,1572.0,Spizella pusilla,Field Sparrow,0.1046,D:\AcousticMonitoringData\ELDON8_Data\Week23\ELDON8_20250621_054902.wav
1572.0,1575.0,Spizella pusilla,Field Sparrow,0.2189,D:\AcousticMonitoringData\ELDON8_Data\Week23\ELDON8_20250621_054902.wav
1575.0,1578.0,Spizella pusilla,Field Sparrow,0.0754,D:\AcousticMonitoringData\ELDON8_Data\Week23\ELDON8_20250621_054902.wav
1578.0,1581.0,Spizella pusilla,Field Sparrow,0.3675,D:\AcousticMonitoringData\ELDON8_Data\Week23\ELDON8_20250621_054902.wav
1581.0,1584.0,Spizella pusilla,Field Sparrow,0.8722,D:\AcousticMonitoringData\ELDON8_Data\Week23\ELDON8_20250621_054902.wav
1584.0,1587.0,Spizella pusilla,Field Sparrow,0.4914,D:\AcousticMonitoringData\ELDON8_Data\Week23\ELDON8_20250621_054902.wav
1590.0,1593.0,Spizella pusilla,Field Sparrow,0.1305,D:\AcousticMonitoringData\ELDON8_Data\Week23\ELDON8_20250621_054902.wav
1593.0,1596.0,Spizella pusilla,Field Sparrow,0.4548,D:\AcousticMonitoringData\ELDON8_Data\Week23\ELDON8_20250621_054902.wav
1596.0,1599.0,Spizella pusilla,Field Sparrow,0.1646,D:\AcousticMonitoringData\ELDON8_Data\Week23\ELDON8_20250621_054902.wav
1599.0,1602.0,Spizella pusilla,Field Sparrow,0.6050,D:\AcousticMonitoringData\ELDON8_Data\Week23\ELDON8_20250621_054902.wav
1602.0,1605.0,Geothlypis trichas,Common Yellowthroat,0.0970,D:\AcousticMonitoringData\ELDON8_Data\Week23\ELDON8_20250621_054902.wav
1602.0,1605.0,Spizella pusilla,Field Sparrow,0.0545,D:\AcousticMonitoringData\ELDON8_Data\Week23\ELDON8_20250621_054902.wav
1605.0,1608.0,Spizella pusilla,Field Sparrow,0.0858,D:\AcousticMonitoringData\ELDON8_Data\Week23\ELDON8_20250621_054902.wav
1608.0,1611.0,Spizella pusilla,Field Sparrow,0.7844,D:\AcousticMonitoringData\ELDON8_Data\Week23\ELDON8_20250621_054902.wav
1611.0,1614.0,Geothlypis trichas,Common Yellowthroat,0.1315,D:\AcousticMonitoringData\ELDON8_Data\Week23\ELDON8_20250621_054902.wav
1614.0,1617.0,Spizella pusilla,Field Sparrow,0.0938,D:\AcousticMonitoringData\ELDON8_Data\Week23\ELDON8_20250621_054902.wav
1617.0,1620.0,Spizella pusilla,Field Sparrow,0.2931,D:\AcousticMonitoringData\ELDON8_Data\Week23\ELDON8_20250621_054902.wav
1617.0,1620.0,Geothlypis trichas,Common Yellowthroat,0.0612,D:\AcousticMonitoringData\ELDON8_Data\Week23\ELDON8_20250621_054902.wav
1623.0,1626.0,Spizella pusilla,Field Sparrow,0.1853,D:\AcousticMonitoringData\ELDON8_Data\Week23\ELDON8_20250621_054902.wav
1623.0,1626.0,Geothlypis trichas,Common Yellowthroat,0.0547,D:\AcousticMonitoringData\ELDON8_Data\Week23\ELDON8_20250621_054902.wav
1626.0,1629.0,Geothlypis trichas,Common Yellowthroat,0.0823,D:\AcousticMonitoringData\ELDON8_Data\Week23\ELDON8_20250621_054902.wav
1626.0,1629.0,Spizella pusilla,Field Sparrow,0.0585,D:\AcousticMonitoringData\ELDON8_Data\Week23\ELDON8_20250621_054902.wav
1629.0,1632.0,Spizella pusilla,Field Sparrow,0.0976,D:\AcousticMonitoringData\ELDON8_Data\Week23\ELDON8_20250621_054902.wav
1632.0,1635.0,Spizella pusilla,Field Sparrow,0.2077,D:\AcousticMonitoringData\ELDON8_Data\Week23\ELDON8_20250621_054902.wav
1632.0,1635.0,Geothlypis trichas,Common Yellowthroat,0.0679,D:\AcousticMonitoringData\ELDON8_Data\Week23\ELDON8_20250621_054902.wav
1641.0,1644.0,Spizella pusilla,Field Sparrow,0.0763,D:\AcousticMonitoringData\ELDON8_Data\Week23\ELDON8_20250621_054902.wav
1641.0,1644.0,Geothlypis trichas,Common Yellowthroat,0.0548,D:\AcousticMonitoringData\ELDON8_Data\Week23\ELDON8_20250621_054902.wav
1644.0,1647.0,Spizella pusilla,Field Sparrow,0.5046,D:\AcousticMonitoringData\ELDON8_Data\Week23\ELDON8_20250621_054902.wav
1656.0,1659.0,Spizella pusilla,Field Sparrow,0.0942,D:\AcousticMonitoringData\ELDON8_Data\Week23\ELDON8_20250621_054902.wav
1659.0,1662.0,Spizella pusilla,Field Sparrow,0.0685,D:\AcousticMonitoringData\ELDON8_Data\Week23\ELDON8_20250621_054902.wav
1665.0,1668.0,Spizella pusilla,Field Sparrow,0.2219,D:\AcousticMonitoringData\ELDON8_Data\Week23\ELDON8_20250621_054902.wav
1683.0,1686.0,Spizella pusilla,Field Sparrow,0.0680,D:\AcousticMonitoringData\ELDON8_Data\Week23\ELDON8_20250621_054902.wav
1695.0,1698.0,Spizella pusilla,Field Sparrow,0.1048,D:\AcousticMonitoringData\ELDON8_Data\Week23\ELDON8_20250621_054902.wav
1698.0,1701.0,Spizella pusilla,Field Sparrow,0.0637,D:\AcousticMonitoringData\ELDON8_Data\Week23\ELDON8_20250621_054902.wav
1707.0,1710.0,Spizella pusilla,Field Sparrow,0.2103,D:\AcousticMonitoringData\ELDON8_Data\Week23\ELDON8_20250621_054902.wav
1710.0,1713.0,Spizella pusilla,Field Sparrow,0.0805,D:\AcousticMonitoringData\ELDON8_Data\Week23\ELDON8_20250621_054902.wav
1725.0,1728.0,Spizella pusilla,Field Sparrow,0.3943,D:\AcousticMonitoringData\ELDON8_Data\Week23\ELDON8_20250621_054902.wav
1728.0,1731.0,Spizella pusilla,Field Sparrow,0.2854,D:\AcousticMonitoringData\ELDON8_Data\Week23\ELDON8_20250621_054902.wav
1740.0,1743.0,Spizella pusilla,Field Sparrow,0.2610,D:\AcousticMonitoringData\ELDON8_Data\Week23\ELDON8_20250621_054902.wav
1749.0,1752.0,Spizella pusilla,Field Sparrow,0.0756,D:\AcousticMonitoringData\ELDON8_Data\Week23\ELDON8_20250621_054902.wav
1764.0,1767.0,Spizella pusilla,Field Sparrow,0.1731,D:\AcousticMonitoringData\ELDON8_Data\Week23\ELDON8_20250621_054902.wav
1776.0,1779.0,Geothlypis trichas,Common Yellowthroat,0.0592,D:\AcousticMonitoringData\ELDON8_Data\Week23\ELDON8_20250621_054902.wav
1779.0,1782.0,Spizella pusilla,Field Sparrow,0.3642,D:\AcousticMonitoringData\ELDON8_Data\Week23\ELDON8_20250621_054902.wav
1782.0,1785.0,Spizella pusilla,Field Sparrow,0.0543,D:\AcousticMonitoringData\ELDON8_Data\Week23\ELDON8_20250621_054902.wav
1791.0,1794.0,Spizella pusilla,Field Sparrow,0.1355,D:\AcousticMonitoringData\ELDON8_Data\Week23\ELDON8_20250621_054902.wav
1791.0,1794.0,Geothlypis trichas,Common Yellowthroat,0.0632,D:\AcousticMonitoringData\ELDON8_Data\Week23\ELDON8_20250621_054902.wav
1794.0,1797.0,Spizella pusilla,Field Sparrow,0.0670,D:\AcousticMonitoringData\ELDON8_Data\Week23\ELDON8_20250621_054902.wav
1818.0,1821.0,Spizella pusilla,Field Sparrow,0.4193,D:\AcousticMonitoringData\ELDON8_Data\Week23\ELDON8_20250621_054902.wav
1821.0,1824.0,Spizella pusilla,Field Sparrow,0.2201,D:\AcousticMonitoringData\ELDON8_Data\Week23\ELDON8_20250621_054902.wav
1830.0,1833.0,Spizella pusilla,Field Sparrow,0.1169,D:\AcousticMonitoringData\ELDON8_Data\Week23\ELDON8_20250621_054902.wav
1833.0,1836.0,Spizella pusilla,Field Sparrow,0.1224,D:\AcousticMonitoringData\ELDON8_Data\Week23\ELDON8_20250621_054902.wav
1845.0,1848.0,Spizella pusilla,Field Sparrow,0.1408,D:\AcousticMonitoringData\ELDON8_Data\Week23\ELDON8_20250621_054902.wav
1854.0,1857.0,Spizella pusilla,Field Sparrow,0.0686,D:\AcousticMonitoringData\ELDON8_Data\Week23\ELDON8_20250621_054902.wav
1857.0,1860.0,Spizella pusilla,Field Sparrow,0.2629,D:\AcousticMonitoringData\ELDON8_Data\Week23\ELDON8_20250621_054902.wav
1866.0,1869.0,Passerina caerulea,Blue Grosbeak,0.0541,D:\AcousticMonitoringData\ELDON8_Data\Week23\ELDON8_20250621_054902.wav
1869.0,1872.0,Spizella pusilla,Field Sparrow,0.2178,D:\AcousticMonitoringData\ELDON8_Data\Week23\ELDON8_20250621_054902.wav
1869.0,1872.0,Geothlypis trichas,Common Yellowthroat,0.0651,D:\AcousticMonitoringData\ELDON8_Data\Week23\ELDON8_20250621_054902.wav
1872.0,1875.0,Spizella pusilla,Field Sparrow,0.0923,D:\AcousticMonitoringData\ELDON8_Data\Week23\ELDON8_20250621_054902.wav
1881.0,1884.0,Geothlypis trichas,Common Yellowthroat,0.0889,D:\AcousticMonitoringData\ELDON8_Data\Week23\ELDON8_20250621_054902.wav
1890.0,1893.0,Spizella pusilla,Field Sparrow,0.0824,D:\AcousticMonitoringData\ELDON8_Data\Week23\ELDON8_20250621_054902.wav
1902.0,1905.0,Spizella pusilla,Field Sparrow,0.0503,D:\AcousticMonitoringData\ELDON8_Data\Week23\ELDON8_20250621_054902.wav
1905.0,1908.0,Spizella pusilla,Field Sparrow,0.0958,D:\AcousticMonitoringData\ELDON8_Data\Week23\ELDON8_20250621_054902.wav
1914.0,1917.0,Geothlypis trichas,Common Yellowthroat,0.1134,D:\AcousticMonitoringData\ELDON8_Data\Week23\ELDON8_20250621_054902.wav
1914.0,1917.0,Spizella pusilla,Field Sparrow,0.0802,D:\AcousticMonitoringData\ELDON8_Data\Week23\ELDON8_20250621_054902.wav
1923.0,1926.0,Geothlypis trichas,Common Yellowthroat,0.1053,D:\AcousticMonitoringData\ELDON8_Data\Week23\ELDON8_20250621_054902.wav
1923.0,1926.0,Spizella pusilla,Field Sparrow,0.0510,D:\AcousticMonitoringData\ELDON8_Data\Week23\ELDON8_20250621_054902.wav
1926.0,1929.0,Spizella pusilla,Field Sparrow,0.2124,D:\AcousticMonitoringData\ELDON8_Data\Week23\ELDON8_20250621_054902.wav
1938.0,1941.0,Spizella pusilla,Field Sparrow,0.0580,D:\AcousticMonitoringData\ELDON8_Data\Week23\ELDON8_20250621_054902.wav
1941.0,1944.0,Spizella pusilla,Field Sparrow,0.0615,D:\AcousticMonitoringData\ELDON8_Data\Week23\ELDON8_20250621_054902.wav
1947.0,1950.0,Spizella pusilla,Field Sparrow,0.1472,D:\AcousticMonitoringData\ELDON8_Data\Week23\ELDON8_20250621_054902.wav
1953.0,1956.0,Spizella pusilla,Field Sparrow,0.0596,D:\AcousticMonitoringData\ELDON8_Data\Week23\ELDON8_20250621_054902.wav
1962.0,1965.0,Spizella pusilla,Field Sparrow,0.0541,D:\AcousticMonitoringData\ELDON8_Data\Week23\ELDON8_20250621_054902.wav
1971.0,1974.0,Spizella pusilla,Field Sparrow,0.0728,D:\AcousticMonitoringData\ELDON8_Data\Week23\ELDON8_20250621_054902.wav
1974.0,1977.0,Spizella pusilla,Field Sparrow,0.1073,D:\AcousticMonitoringData\ELDON8_Data\Week23\ELDON8_20250621_054902.wav
1980.0,1983.0,Geothlypis trichas,Common Yellowthroat,0.0817,D:\AcousticMonitoringData\ELDON8_Data\Week23\ELDON8_20250621_054902.wav
1989.0,1992.0,Spizella pusilla,Field Sparrow,0.3031,D:\AcousticMonitoringData\ELDON8_Data\Week23\ELDON8_20250621_054902.wav
1992.0,1995.0,Spizella pusilla,Field Sparrow,0.1473,D:\AcousticMonitoringData\ELDON8_Data\Week23\ELDON8_20250621_054902.wav
1992.0,1995.0,Passerina caerulea,Blue Grosbeak,0.0531,D:\AcousticMonitoringData\ELDON8_Data\Week23\ELDON8_20250621_054902.wav
1998.0,2001.0,Spizella pusilla,Field Sparrow,0.0700,D:\AcousticMonitoringData\ELDON8_Data\Week23\ELDON8_20250621_054902.wav
2004.0,2007.0,Spizella pusilla,Field Sparrow,0.1263,D:\AcousticMonitoringData\ELDON8_Data\Week23\ELDON8_20250621_054902.wav
2007.0,2010.0,Spizella pusilla,Field Sparrow,0.1305,D:\AcousticMonitoringData\ELDON8_Data\Week23\ELDON8_20250621_054902.wav
2013.0,2016.0,Spizella pusilla,Field Sparrow,0.0896,D:\AcousticMonitoringData\ELDON8_Data\Week23\ELDON8_20250621_054902.wav
2016.0,2019.0,Spizella pusilla,Field Sparrow,0.2623,D:\AcousticMonitoringData\ELDON8_Data\Week23\ELDON8_20250621_054902.wav
2019.0,2022.0,Spizella pusilla,Field Sparrow,0.1400,D:\AcousticMonitoringData\ELDON8_Data\Week23\ELDON8_20250621_054902.wav
2022.0,2025.0,Spizella pusilla,Field Sparrow,0.0532,D:\AcousticMonitoringData\ELDON8_Data\Week23\ELDON8_20250621_054902.wav
2025.0,2028.0,Spizella pusilla,Field Sparrow,0.0605,D:\AcousticMonitoringData\ELDON8_Data\Week23\ELDON8_20250621_054902.wav
2028.0,2031.0,Spizella pusilla,Field Sparrow,0.0659,D:\AcousticMonitoringData\ELDON8_Data\Week23\ELDON8_20250621_054902.wav
2034.0,2037.0,Spizella pusilla,Field Sparrow,0.0544,D:\AcousticMonitoringData\ELDON8_Data\Week23\ELDON8_20250621_054902.wav
2037.0,2040.0,Spizella pusilla,Field Sparrow,0.0514,D:\AcousticMonitoringData\ELDON8_Data\Week23\ELDON8_20250621_054902.wav
2043.0,2046.0,Geothlypis trichas,Common Yellowthroat,0.1071,D:\AcousticMonitoringData\ELDON8_Data\Week23\ELDON8_20250621_054902.wav
2046.0,2049.0,Spizella pusilla,Field Sparrow,0.0989,D:\AcousticMonitoringData\ELDON8_Data\Week23\ELDON8_20250621_054902.wav
2049.0,2052.0,Spizella pusilla,Field Sparrow,0.0785,D:\AcousticMonitoringData\ELDON8_Data\Week23\ELDON8_20250621_054902.wav
2052.0,2055.0,Geothlypis trichas,Common Yellowthroat,0.2976,D:\AcousticMonitoringData\ELDON8_Data\Week23\ELDON8_20250621_054902.wav
2055.0,2058.0,Spizella pusilla,Field Sparrow,0.0547,D:\AcousticMonitoringData\ELDON8_Data\Week23\ELDON8_20250621_054902.wav
2058.0,2061.0,Spizella pusilla,Field Sparrow,0.1050,D:\AcousticMonitoringData\ELDON8_Data\Week23\ELDON8_20250621_054902.wav
2061.0,2064.0,Spizella pusilla,Field Sparrow,0.3311,D:\AcousticMonitoringData\ELDON8_Data\Week23\ELDON8_20250621_054902.wav
2067.0,2070.0,Passerina caerulea,Blue Grosbeak,0.0651,D:\AcousticMonitoringData\ELDON8_Data\Week23\ELDON8_20250621_054902.wav
2073.0,2076.0,Geothlypis trichas,Common Yellowthroat,0.0802,D:\AcousticMonitoringData\ELDON8_Data\Week23\ELDON8_20250621_054902.wav
2076.0,2079.0,Spizella pusilla,Field Sparrow,0.0504,D:\AcousticMonitoringData\ELDON8_Data\Week23\ELDON8_20250621_054902.wav
2079.0,2082.0,Spizella pusilla,Field Sparrow,0.0605,D:\AcousticMonitoringData\ELDON8_Data\Week23\ELDON8_20250621_054902.wav
2082.0,2085.0,Spizella pusilla,Field Sparrow,0.1602,D:\AcousticMonitoringData\ELDON8_Data\Week23\ELDON8_20250621_054902.wav
2082.0,2085.0,Geothlypis trichas,Common Yellowthroat,0.1415,D:\AcousticMonitoringData\ELDON8_Data\Week23\ELDON8_20250621_054902.wav
2085.0,2088.0,Spizella pusilla,Field Sparrow,0.0861,D:\AcousticMonitoringData\ELDON8_Data\Week23\ELDON8_20250621_054902.wav
2091.0,2094.0,Spizella pusilla,Field Sparrow,0.1001,D:\AcousticMonitoringData\ELDON8_Data\Week23\ELDON8_20250621_054902.wav
2094.0,2097.0,Spizella pusilla,Field Sparrow,0.1790,D:\AcousticMonitoringData\ELDON8_Data\Week23\ELDON8_20250621_054902.wav
2100.0,2103.0,Spizella pusilla,Field Sparrow,0.0985,D:\AcousticMonitoringData\ELDON8_Data\Week23\ELDON8_20250621_054902.wav
2103.0,2106.0,Spizella pusilla,Field Sparrow,0.0747,D:\AcousticMonitoringData\ELDON8_Data\Week23\ELDON8_20250621_054902.wav
2106.0,2109.0,Geothlypis trichas,Common Yellowthroat,0.0962,D:\AcousticMonitoringData\ELDON8_Data\Week23\ELDON8_20250621_054902.wav
2106.0,2109.0,Spizella pusilla,Field Sparrow,0.0875,D:\AcousticMonitoringData\ELDON8_Data\Week23\ELDON8_20250621_054902.wav
2109.0,2112.0,Spizella pusilla,Field Sparrow,0.4157,D:\AcousticMonitoringData\ELDON8_Data\Week23\ELDON8_20250621_054902.wav
2109.0,2112.0,Geothlypis trichas,Common Yellowthroat,0.0732,D:\AcousticMonitoringData\ELDON8_Data\Week23\ELDON8_20250621_054902.wav
2115.0,2118.0,Geothlypis trichas,Common Yellowthroat,0.0662,D:\AcousticMonitoringData\ELDON8_Data\Week23\ELDON8_20250621_054902.wav
2118.0,2121.0,Geothlypis trichas,Common Yellowthroat,0.1101,D:\AcousticMonitoringData\ELDON8_Data\Week23\ELDON8_20250621_054902.wav
2121.0,2124.0,Spizella pusilla,Field Sparrow,0.0884,D:\AcousticMonitoringData\ELDON8_Data\Week23\ELDON8_20250621_054902.wav
2124.0,2127.0,Spizella pusilla,Field Sparrow,0.0688,D:\AcousticMonitoringData\ELDON8_Data\Week23\ELDON8_20250621_054902.wav
2127.0,2130.0,Spizella pusilla,Field Sparrow,0.0543,D:\AcousticMonitoringData\ELDON8_Data\Week23\ELDON8_20250621_054902.wav
2130.0,2133.0,Spizella pusilla,Field Sparrow,0.1145,D:\AcousticMonitoringData\ELDON8_Data\Week23\ELDON8_20250621_054902.wav
2133.0,2136.0,Spizella pusilla,Field Sparrow,0.0508,D:\AcousticMonitoringData\ELDON8_Data\Week23\ELDON8_20250621_054902.wav
2136.0,2139.0,Spizella pusilla,Field Sparrow,0.0806,D:\AcousticMonitoringData\ELDON8_Data\Week23\ELDON8_20250621_054902.wav
2139.0,2142.0,Spizella pusilla,Field Sparrow,0.0701,D:\AcousticMonitoringData\ELDON8_Data\Week23\ELDON8_20250621_054902.wav
2142.0,2145.0,Spizella pusilla,Field Sparrow,0.1862,D:\AcousticMonitoringData\ELDON8_Data\Week23\ELDON8_20250621_054902.wav
2142.0,2145.0,Passerina caerulea,Blue Grosbeak,0.0569,D:\AcousticMonitoringData\ELDON8_Data\Week23\ELDON8_20250621_054902.wav
2145.0,2148.0,Geothlypis trichas,Common Yellowthroat,0.0790,D:\AcousticMonitoringData\ELDON8_Data\Week23\ELDON8_20250621_054902.wav
2148.0,2151.0,Spizella pusilla,Field Sparrow,0.5091,D:\AcousticMonitoringData\ELDON8_Data\Week23\ELDON8_20250621_054902.wav
2151.0,2154.0,Spizella pusilla,Field Sparrow,0.0801,D:\AcousticMonitoringData\ELDON8_Data\Week23\ELDON8_20250621_054902.wav
2154.0,2157.0,Geothlypis trichas,Common Yellowthroat,0.2684,D:\AcousticMonitoringData\ELDON8_Data\Week23\ELDON8_20250621_054902.wav
2160.0,2163.0,Spizella pusilla,Field Sparrow,0.2475,D:\AcousticMonitoringData\ELDON8_Data\Week23\ELDON8_20250621_054902.wav
2163.0,2166.0,Geothlypis trichas,Common Yellowthroat,0.0601,D:\AcousticMonitoringData\ELDON8_Data\Week23\ELDON8_20250621_054902.wav
2172.0,2175.0,Spizella pusilla,Field Sparrow,0.3603,D:\AcousticMonitoringData\ELDON8_Data\Week23\ELDON8_20250621_054902.wav
2175.0,2178.0,Spizella pusilla,Field Sparrow,0.1183,D:\AcousticMonitoringData\ELDON8_Data\Week23\ELDON8_20250621_054902.wav
2175.0,2178.0,Geothlypis trichas,Common Yellowthroat,0.0902,D:\AcousticMonitoringData\ELDON8_Data\Week23\ELDON8_20250621_054902.wav
2178.0,2181.0,Spizella pusilla,Field Sparrow,0.2403,D:\AcousticMonitoringData\ELDON8_Data\Week23\ELDON8_20250621_054902.wav
2181.0,2184.0,Spizella pusilla,Field Sparrow,0.0502,D:\AcousticMonitoringData\ELDON8_Data\Week23\ELDON8_20250621_054902.wav
2184.0,2187.0,Geothlypis trichas,Common Yellowthroat,0.2122,D:\AcousticMonitoringData\ELDON8_Data\Week23\ELDON8_20250621_054902.wav
2184.0,2187.0,Spizella pusilla,Field Sparrow,0.0767,D:\AcousticMonitoringData\ELDON8_Data\Week23\ELDON8_20250621_054902.wav
2187.0,2190.0,Spizella pusilla,Field Sparrow,0.2653,D:\AcousticMonitoringData\ELDON8_Data\Week23\ELDON8_20250621_054902.wav
2190.0,2193.0,Spizella pusilla,Field Sparrow,0.1159,D:\AcousticMonitoringData\ELDON8_Data\Week23\ELDON8_20250621_054902.wav
2193.0,2196.0,Spizella pusilla,Field Sparrow,0.0740,D:\AcousticMonitoringData\ELDON8_Data\Week23\ELDON8_20250621_054902.wav
2196.0,2199.0,Geothlypis trichas,Common Yellowthroat,0.1951,D:\AcousticMonitoringData\ELDON8_Data\Week23\ELDON8_20250621_054902.wav
2196.0,2199.0,Spizella pusilla,Field Sparrow,0.1153,D:\AcousticMonitoringData\ELDON8_Data\Week23\ELDON8_20250621_054902.wav
2199.0,2202.0,Spizella pusilla,Field Sparrow,0.3536,D:\AcousticMonitoringData\ELDON8_Data\Week23\ELDON8_20250621_054902.wav
2202.0,2205.0,Spizella pusilla,Field Sparrow,0.9554,D:\AcousticMonitoringData\ELDON8_Data\Week23\ELDON8_20250621_054902.wav
2202.0,2205.0,Passerina caerulea,Blue Grosbeak,0.0692,D:\AcousticMonitoringData\ELDON8_Data\Week23\ELDON8_20250621_054902.wav
2205.0,2208.0,Spizella pusilla,Field Sparrow,0.0959,D:\AcousticMonitoringData\ELDON8_Data\Week23\ELDON8_20250621_054902.wav
2208.0,2211.0,Geothlypis trichas,Common Yellowthroat,0.0832,D:\AcousticMonitoringData\ELDON8_Data\Week23\ELDON8_20250621_054902.wav
2214.0,2217.0,Spizella pusilla,Field Sparrow,0.4862,D:\AcousticMonitoringData\ELDON8_Data\Week23\ELDON8_20250621_054902.wav
2217.0,2220.0,Geothlypis trichas,Common Yellowthroat,0.0806,D:\AcousticMonitoringData\ELDON8_Data\Week23\ELDON8_20250621_054902.wav
2217.0,2220.0,Spizella pusilla,Field Sparrow,0.0673,D:\AcousticMonitoringData\ELDON8_Data\Week23\ELDON8_20250621_054902.wav
2220.0,2223.0,Spizella pusilla,Field Sparrow,0.0753,D:\AcousticMonitoringData\ELDON8_Data\Week23\ELDON8_20250621_054902.wav
2223.0,2226.0,Spizella pusilla,Field Sparrow,0.0569,D:\AcousticMonitoringData\ELDON8_Data\Week23\ELDON8_20250621_054902.wav
2223.0,2226.0,Passerina caerulea,Blue Grosbeak,0.0531,D:\AcousticMonitoringData\ELDON8_Data\Week23\ELDON8_20250621_054902.wav
2226.0,2229.0,Geothlypis trichas,Common Yellowthroat,0.1411,D:\AcousticMonitoringData\ELDON8_Data\Week23\ELDON8_20250621_054902.wav
2229.0,2232.0,Spizella pusilla,Field Sparrow,0.4919,D:\AcousticMonitoringData\ELDON8_Data\Week23\ELDON8_20250621_054902.wav
2232.0,2235.0,Spizella pusilla,Field Sparrow,0.4735,D:\AcousticMonitoringData\ELDON8_Data\Week23\ELDON8_20250621_054902.wav
2235.0,2238.0,Geothlypis trichas,Common Yellowthroat,0.0862,D:\AcousticMonitoringData\ELDON8_Data\Week23\ELDON8_20250621_054902.wav
2235.0,2238.0,Spizella pusilla,Field Sparrow,0.0757,D:\AcousticMonitoringData\ELDON8_Data\Week23\ELDON8_20250621_054902.wav
2241.0,2244.0,Spizella pusilla,Field Sparrow,0.1634,D:\AcousticMonitoringData\ELDON8_Data\Week23\ELDON8_20250621_054902.wav
2244.0,2247.0,Spizella pusilla,Field Sparrow,0.3300,D:\AcousticMonitoringData\ELDON8_Data\Week23\ELDON8_20250621_054902.wav
2244.0,2247.0,Geothlypis trichas,Common Yellowthroat,0.0549,D:\AcousticMonitoringData\ELDON8_Data\Week23\ELDON8_20250621_054902.wav
2247.0,2250.0,Spizella pusilla,Field Sparrow,0.1022,D:\AcousticMonitoringData\ELDON8_Data\Week23\ELDON8_20250621_054902.wav
2250.0,2253.0,Spizella pusilla,Field Sparrow,0.1110,D:\AcousticMonitoringData\ELDON8_Data\Week23\ELDON8_20250621_054902.wav
2253.0,2256.0,Geothlypis trichas,Common Yellowthroat,0.3150,D:\AcousticMonitoringData\ELDON8_Data\Week23\ELDON8_20250621_054902.wav
2253.0,2256.0,Spizella pusilla,Field Sparrow,0.1370,D:\AcousticMonitoringData\ELDON8_Data\Week23\ELDON8_20250621_054902.wav
2256.0,2259.0,Spizella pusilla,Field Sparrow,0.1589,D:\AcousticMonitoringData\ELDON8_Data\Week23\ELDON8_20250621_054902.wav
2256.0,2259.0,Geothlypis trichas,Common Yellowthroat,0.0982,D:\AcousticMonitoringData\ELDON8_Data\Week23\ELDON8_20250621_054902.wav
2259.0,2262.0,Spizella pusilla,Field Sparrow,0.0954,D:\AcousticMonitoringData\ELDON8_Data\Week23\ELDON8_20250621_054902.wav
2262.0,2265.0,Geothlypis trichas,Common Yellowthroat,0.0821,D:\AcousticMonitoringData\ELDON8_Data\Week23\ELDON8_20250621_054902.wav
2265.0,2268.0,Geothlypis trichas,Common Yellowthroat,0.1320,D:\AcousticMonitoringData\ELDON8_Data\Week23\ELDON8_20250621_054902.wav
2265.0,2268.0,Spizella pusilla,Field Sparrow,0.0688,D:\AcousticMonitoringData\ELDON8_Data\Week23\ELDON8_20250621_054902.wav
2271.0,2274.0,Spizella pusilla,Field Sparrow,0.1991,D:\AcousticMonitoringData\ELDON8_Data\Week23\ELDON8_20250621_054902.wav
2274.0,2277.0,Spizella pusilla,Field Sparrow,0.2184,D:\AcousticMonitoringData\ELDON8_Data\Week23\ELDON8_20250621_054902.wav
2274.0,2277.0,Geothlypis trichas,Common Yellowthroat,0.0638,D:\AcousticMonitoringData\ELDON8_Data\Week23\ELDON8_20250621_054902.wav
2277.0,2280.0,Geothlypis trichas,Common Yellowthroat,0.0708,D:\AcousticMonitoringData\ELDON8_Data\Week23\ELDON8_20250621_054902.wav
2286.0,2289.0,Spizella pusilla,Field Sparrow,0.1529,D:\AcousticMonitoringData\ELDON8_Data\Week23\ELDON8_20250621_054902.wav
2289.0,2292.0,Geothlypis trichas,Common Yellowthroat,0.1012,D:\AcousticMonitoringData\ELDON8_Data\Week23\ELDON8_20250621_054902.wav
2289.0,2292.0,Spizella pusilla,Field Sparrow,0.0858,D:\AcousticMonitoringData\ELDON8_Data\Week23\ELDON8_20250621_054902.wav
2298.0,2301.0,Spizella pusilla,Field Sparrow,0.5512,D:\AcousticMonitoringData\ELDON8_Data\Week23\ELDON8_20250621_054902.wav
2301.0,2304.0,Spizella pusilla,Field Sparrow,0.0682,D:\AcousticMonitoringData\ELDON8_Data\Week23\ELDON8_20250621_054902.wav
2310.0,2313.0,Spizella pusilla,Field Sparrow,0.1404,D:\AcousticMonitoringData\ELDON8_Data\Week23\ELDON8_20250621_054902.wav
2313.0,2316.0,Spizella pusilla,Field Sparrow,0.0828,D:\AcousticMonitoringData\ELDON8_Data\Week23\ELDON8_20250621_054902.wav
2316.0,2319.0,Geothlypis trichas,Common Yellowthroat,0.0951,D:\AcousticMonitoringData\ELDON8_Data\Week23\ELDON8_20250621_054902.wav
2319.0,2322.0,Spizella pusilla,Field Sparrow,0.5137,D:\AcousticMonitoringData\ELDON8_Data\Week23\ELDON8_20250621_054902.wav
2319.0,2322.0,Geothlypis trichas,Common Yellowthroat,0.0639,D:\AcousticMonitoringData\ELDON8_Data\Week23\ELDON8_20250621_054902.wav
2322.0,2325.0,Spizella pusilla,Field Sparrow,0.1024,D:\AcousticMonitoringData\ELDON8_Data\Week23\ELDON8_20250621_054902.wav
2325.0,2328.0,Spizella pusilla,Field Sparrow,0.0508,D:\AcousticMonitoringData\ELDON8_Data\Week23\ELDON8_20250621_054902.wav
2331.0,2334.0,Geothlypis trichas,Common Yellowthroat,0.0609,D:\AcousticMonitoringData\ELDON8_Data\Week23\ELDON8_20250621_054902.wav
2334.0,2337.0,Spizella pusilla,Field Sparrow,0.0522,D:\AcousticMonitoringData\ELDON8_Data\Week23\ELDON8_20250621_054902.wav
2337.0,2340.0,Spizella pusilla,Field Sparrow,0.0945,D:\AcousticMonitoringData\ELDON8_Data\Week23\ELDON8_20250621_054902.wav
2340.0,2343.0,Geothlypis trichas,Common Yellowthroat,0.0991,D:\AcousticMonitoringData\ELDON8_Data\Week23\ELDON8_20250621_054902.wav
2346.0,2349.0,Geothlypis trichas,Common Yellowthroat,0.0569,D:\AcousticMonitoringData\ELDON8_Data\Week23\ELDON8_20250621_054902.wav
2349.0,2352.0,Spizella pusilla,Field Sparrow,0.0684,D:\AcousticMonitoringData\ELDON8_Data\Week23\ELDON8_20250621_054902.wav
2361.0,2364.0,Geothlypis trichas,Common Yellowthroat,0.3188,D:\AcousticMonitoringData\ELDON8_Data\Week23\ELDON8_20250621_054902.wav
2364.0,2367.0,Spizella pusilla,Field Sparrow,0.1464,D:\AcousticMonitoringData\ELDON8_Data\Week23\ELDON8_20250621_054902.wav
2367.0,2370.0,Spizella pusilla,Field Sparrow,0.1536,D:\AcousticMonitoringData\ELDON8_Data\Week23\ELDON8_20250621_054902.wav
2379.0,2382.0,Spizella pusilla,Field Sparrow,0.1343,D:\AcousticMonitoringData\ELDON8_Data\Week23\ELDON8_20250621_054902.wav
2382.0,2385.0,Spizella pusilla,Field Sparrow,0.1243,D:\AcousticMonitoringData\ELDON8_Data\Week23\ELDON8_20250621_054902.wav
2388.0,2391.0,Geothlypis trichas,Common Yellowthroat,0.0505,D:\AcousticMonitoringData\ELDON8_Data\Week23\ELDON8_20250621_054902.wav
2394.0,2397.0,Spizella pusilla,Field Sparrow,0.1277,D:\AcousticMonitoringData\ELDON8_Data\Week23\ELDON8_20250621_054902.wav
2397.0,2400.0,Geothlypis trichas,Common Yellowthroat,0.0899,D:\AcousticMonitoringData\ELDON8_Data\Week23\ELDON8_20250621_054902.wav
2397.0,2400.0,Spizella pusilla,Field Sparrow,0.0521,D:\AcousticMonitoringData\ELDON8_Data\Week23\ELDON8_20250621_054902.wav
2400.0,2403.0,Spizella pusilla,Field Sparrow,0.0676,D:\AcousticMonitoringData\ELDON8_Data\Week23\ELDON8_20250621_054902.wav
2406.0,2409.0,Geothlypis trichas,Common Yellowthroat,0.0610,D:\AcousticMonitoringData\ELDON8_Data\Week23\ELDON8_20250621_054902.wav
2409.0,2412.0,Spizella pusilla,Field Sparrow,0.0546,D:\AcousticMonitoringData\ELDON8_Data\Week23\ELDON8_20250621_054902.wav
2412.0,2415.0,Spizella pusilla,Field Sparrow,0.2273,D:\AcousticMonitoringData\ELDON8_Data\Week23\ELDON8_20250621_054902.wav
2415.0,2418.0,Geothlypis trichas,Common Yellowthroat,0.0506,D:\AcousticMonitoringData\ELDON8_Data\Week23\ELDON8_20250621_054902.wav
2424.0,2427.0,Spizella pusilla,Field Sparrow,0.1070,D:\AcousticMonitoringData\ELDON8_Data\Week23\ELDON8_20250621_054902.wav
2427.0,2430.0,Spizella pusilla,Field Sparrow,0.0796,D:\AcousticMonitoringData\ELDON8_Data\Week23\ELDON8_20250621_054902.wav
2433.0,2436.0,Geothlypis trichas,Common Yellowthroat,0.2075,D:\AcousticMonitoringData\ELDON8_Data\Week23\ELDON8_20250621_054902.wav
2433.0,2436.0,Spizella pusilla,Field Sparrow,0.1105,D:\AcousticMonitoringData\ELDON8_Data\Week23\ELDON8_20250621_054902.wav
2436.0,2439.0,Spizella pusilla,Field Sparrow,0.0589,D:\AcousticMonitoringData\ELDON8_Data\Week23\ELDON8_20250621_054902.wav
2439.0,2442.0,Spizella pusilla,Field Sparrow,0.1095,D:\AcousticMonitoringData\ELDON8_Data\Week23\ELDON8_20250621_054902.wav
2445.0,2448.0,Spizella pusilla,Field Sparrow,0.0636,D:\AcousticMonitoringData\ELDON8_Data\Week23\ELDON8_20250621_054902.wav
2448.0,2451.0,Spizella pusilla,Field Sparrow,0.0750,D:\AcousticMonitoringData\ELDON8_Data\Week23\ELDON8_20250621_054902.wav
2454.0,2457.0,Spizella pusilla,Field Sparrow,0.0704,D:\AcousticMonitoringData\ELDON8_Data\Week23\ELDON8_20250621_054902.wav
2454.0,2457.0,Geothlypis trichas,Common Yellowthroat,0.0520,D:\AcousticMonitoringData\ELDON8_Data\Week23\ELDON8_20250621_054902.wav
2457.0,2460.0,Geothlypis trichas,Common Yellowthroat,0.0768,D:\AcousticMonitoringData\ELDON8_Data\Week23\ELDON8_20250621_054902.wav
2463.0,2466.0,Geothlypis trichas,Common Yellowthroat,0.0856,D:\AcousticMonitoringData\ELDON8_Data\Week23\ELDON8_20250621_054902.wav
2466.0,2469.0,Spizella pusilla,Field Sparrow,0.2254,D:\AcousticMonitoringData\ELDON8_Data\Week23\ELDON8_20250621_054902.wav
2469.0,2472.0,Spizella pusilla,Field Sparrow,0.0564,D:\AcousticMonitoringData\ELDON8_Data\Week23\ELDON8_20250621_054902.wav
2475.0,2478.0,Spizella pusilla,Field Sparrow,0.1253,D:\AcousticMonitoringData\ELDON8_Data\Week23\ELDON8_20250621_054902.wav
2478.0,2481.0,Spizella pusilla,Field Sparrow,0.1915,D:\AcousticMonitoringData\ELDON8_Data\Week23\ELDON8_20250621_054902.wav
2481.0,2484.0,Geothlypis trichas,Common Yellowthroat,0.0659,D:\AcousticMonitoringData\ELDON8_Data\Week23\ELDON8_20250621_054902.wav
2487.0,2490.0,Spizella pusilla,Field Sparrow,0.0863,D:\AcousticMonitoringData\ELDON8_Data\Week23\ELDON8_20250621_054902.wav
2493.0,2496.0,Spizella pusilla,Field Sparrow,0.0967,D:\AcousticMonitoringData\ELDON8_Data\Week23\ELDON8_20250621_054902.wav
2499.0,2502.0,Spizella pusilla,Field Sparrow,0.0659,D:\AcousticMonitoringData\ELDON8_Data\Week23\ELDON8_20250621_054902.wav
2499.0,2502.0,Geothlypis trichas,Common Yellowthroat,0.0512,D:\AcousticMonitoringData\ELDON8_Data\Week23\ELDON8_20250621_054902.wav
2508.0,2511.0,Spizella pusilla,Field Sparrow,0.2063,D:\AcousticMonitoringData\ELDON8_Data\Week23\ELDON8_20250621_054902.wav
2508.0,2511.0,Geothlypis trichas,Common Yellowthroat,0.1128,D:\AcousticMonitoringData\ELDON8_Data\Week23\ELDON8_20250621_054902.wav
2517.0,2520.0,Spizella pusilla,Field Sparrow,0.0938,D:\AcousticMonitoringData\ELDON8_Data\Week23\ELDON8_20250621_054902.wav
2520.0,2523.0,Geothlypis trichas,Common Yellowthroat,0.0689,D:\AcousticMonitoringData\ELDON8_Data\Week23\ELDON8_20250621_054902.wav
2523.0,2526.0,Spizella pusilla,Field Sparrow,0.0540,D:\AcousticMonitoringData\ELDON8_Data\Week23\ELDON8_20250621_054902.wav
2526.0,2529.0,Geothlypis trichas,Common Yellowthroat,0.0825,D:\AcousticMonitoringData\ELDON8_Data\Week23\ELDON8_20250621_054902.wav
2529.0,2532.0,Geothlypis trichas,Common Yellowthroat,0.0913,D:\AcousticMonitoringData\ELDON8_Data\Week23\ELDON8_20250621_054902.wav
2535.0,2538.0,Spizella pusilla,Field Sparrow,0.1543,D:\AcousticMonitoringData\ELDON8_Data\Week23\ELDON8_20250621_054902.wav
2538.0,2541.0,Spizella pusilla,Field Sparrow,0.0511,D:\AcousticMonitoringData\ELDON8_Data\Week23\ELDON8_20250621_054902.wav
2541.0,2544.0,Bartramia longicauda,Upland Sandpiper,0.0676,D:\AcousticMonitoringData\ELDON8_Data\Week23\ELDON8_20250621_054902.wav
2541.0,2544.0,Spizella pusilla,Field Sparrow,0.0668,D:\AcousticMonitoringData\ELDON8_Data\Week23\ELDON8_20250621_054902.wav
2550.0,2553.0,Geothlypis trichas,Common Yellowthroat,0.0597,D:\AcousticMonitoringData\ELDON8_Data\Week23\ELDON8_20250621_054902.wav
2565.0,2568.0,Spizella pusilla,Field Sparrow,0.1936,D:\AcousticMonitoringData\ELDON8_Data\Week23\ELDON8_20250621_054902.wav
2568.0,2571.0,Geothlypis trichas,Common Yellowthroat,0.0829,D:\AcousticMonitoringData\ELDON8_Data\Week23\ELDON8_20250621_054902.wav
2589.0,2592.0,Spizella pusilla,Field Sparrow,0.1343,D:\AcousticMonitoringData\ELDON8_Data\Week23\ELDON8_20250621_054902.wav
2592.0,2595.0,Spizella pusilla,Field Sparrow,0.2356,D:\AcousticMonitoringData\ELDON8_Data\Week23\ELDON8_20250621_054902.wav
2595.0,2598.0,Spizella pusilla,Field Sparrow,0.1689,D:\AcousticMonitoringData\ELDON8_Data\Week23\ELDON8_20250621_054902.wav
2616.0,2619.0,Spizella pusilla,Field Sparrow,0.0578,D:\AcousticMonitoringData\ELDON8_Data\Week23\ELDON8_20250621_054902.wav
2622.0,2625.0,Spizella pusilla,Field Sparrow,0.0771,D:\AcousticMonitoringData\ELDON8_Data\Week23\ELDON8_20250621_054902.wav
2625.0,2628.0,Spizella pusilla,Field Sparrow,0.1266,D:\AcousticMonitoringData\ELDON8_Data\Week23\ELDON8_20250621_054902.wav
2631.0,2634.0,Passerina caerulea,Blue Grosbeak,0.0501,D:\AcousticMonitoringData\ELDON8_Data\Week23\ELDON8_20250621_054902.wav
2643.0,2646.0,Spizella pusilla,Field Sparrow,0.0668,D:\AcousticMonitoringData\ELDON8_Data\Week23\ELDON8_20250621_054902.wav
2646.0,2649.0,Spizella pusilla,Field Sparrow,0.0960,D:\AcousticMonitoringData\ELDON8_Data\Week23\ELDON8_20250621_054902.wav
2655.0,2658.0,Spizella pusilla,Field Sparrow,0.4717,D:\AcousticMonitoringData\ELDON8_Data\Week23\ELDON8_20250621_054902.wav
2673.0,2676.0,Spizella pusilla,Field Sparrow,0.1368,D:\AcousticMonitoringData\ELDON8_Data\Week23\ELDON8_20250621_054902.wav
2676.0,2679.0,Spizella pusilla,Field Sparrow,0.1202,D:\AcousticMonitoringData\ELDON8_Data\Week23\ELDON8_20250621_054902.wav
2676.0,2679.0,Geothlypis trichas,Common Yellowthroat,0.0608,D:\AcousticMonitoringData\ELDON8_Data\Week23\ELDON8_20250621_054902.wav
2685.0,2688.0,Spizella pusilla,Field Sparrow,0.3881,D:\AcousticMonitoringData\ELDON8_Data\Week23\ELDON8_20250621_054902.wav
2688.0,2691.0,Geothlypis trichas,Common Yellowthroat,0.0504,D:\AcousticMonitoringData\ELDON8_Data\Week23\ELDON8_20250621_054902.wav
2694.0,2697.0,Spizella pusilla,Field Sparrow,0.1455,D:\AcousticMonitoringData\ELDON8_Data\Week23\ELDON8_20250621_054902.wav
2697.0,2700.0,Spizella pusilla,Field Sparrow,0.1119,D:\AcousticMonitoringData\ELDON8_Data\Week23\ELDON8_20250621_054902.wav
2700.0,2703.0,Spizella pusilla,Field Sparrow,0.1499,D:\AcousticMonitoringData\ELDON8_Data\Week23\ELDON8_20250621_054902.wav
2703.0,2706.0,Geothlypis trichas,Common Yellowthroat,0.1041,D:\AcousticMonitoringData\ELDON8_Data\Week23\ELDON8_20250621_054902.wav
2712.0,2715.0,Spizella pusilla,Field Sparrow,0.4141,D:\AcousticMonitoringData\ELDON8_Data\Week23\ELDON8_20250621_054902.wav
2715.0,2718.0,Spizella pusilla,Field Sparrow,0.0652,D:\AcousticMonitoringData\ELDON8_Data\Week23\ELDON8_20250621_054902.wav
2715.0,2718.0,Geothlypis trichas,Common Yellowthroat,0.0579,D:\AcousticMonitoringData\ELDON8_Data\Week23\ELDON8_20250621_054902.wav
2724.0,2727.0,Spizella pusilla,Field Sparrow,0.1502,D:\AcousticMonitoringData\ELDON8_Data\Week23\ELDON8_20250621_054902.wav
2727.0,2730.0,Geothlypis trichas,Common Yellowthroat,0.0582,D:\AcousticMonitoringData\ELDON8_Data\Week23\ELDON8_20250621_054902.wav
2727.0,2730.0,Passerina caerulea,Blue Grosbeak,0.0505,D:\AcousticMonitoringData\ELDON8_Data\Week23\ELDON8_20250621_054902.wav
2733.0,2736.0,Spizella pusilla,Field Sparrow,0.0571,D:\AcousticMonitoringData\ELDON8_Data\Week23\ELDON8_20250621_054902.wav
2739.0,2742.0,Spizella pusilla,Field Sparrow,0.5262,D:\AcousticMonitoringData\ELDON8_Data\Week23\ELDON8_20250621_054902.wav
2742.0,2745.0,Passerina caerulea,Blue Grosbeak,0.0672,D:\AcousticMonitoringData\ELDON8_Data\Week23\ELDON8_20250621_054902.wav
2742.0,2745.0,Spizella pusilla,Field Sparrow,0.0610,D:\AcousticMonitoringData\ELDON8_Data\Week23\ELDON8_20250621_054902.wav
2745.0,2748.0,Spizella pusilla,Field Sparrow,0.0835,D:\AcousticMonitoringData\ELDON8_Data\Week23\ELDON8_20250621_054902.wav
2754.0,2757.0,Spizella pusilla,Field Sparrow,0.0670,D:\AcousticMonitoringData\ELDON8_Data\Week23\ELDON8_20250621_054902.wav
2754.0,2757.0,Geothlypis trichas,Common Yellowthroat,0.0573,D:\AcousticMonitoringData\ELDON8_Data\Week23\ELDON8_20250621_054902.wav
2766.0,2769.0,Spizella pusilla,Field Sparrow,0.0753,D:\AcousticMonitoringData\ELDON8_Data\Week23\ELDON8_20250621_054902.wav
2769.0,2772.0,Spizella pusilla,Field Sparrow,0.1391,D:\AcousticMonitoringData\ELDON8_Data\Week23\ELDON8_20250621_054902.wav
2769.0,2772.0,Passerina caerulea,Blue Grosbeak,0.0560,D:\AcousticMonitoringData\ELDON8_Data\Week23\ELDON8_20250621_054902.wav
2772.0,2775.0,Geothlypis trichas,Common Yellowthroat,0.0646,D:\AcousticMonitoringData\ELDON8_Data\Week23\ELDON8_20250621_054902.wav
2778.0,2781.0,Spizella pusilla,Field Sparrow,0.0512,D:\AcousticMonitoringData\ELDON8_Data\Week23\ELDON8_20250621_054902.wav
2781.0,2784.0,Spizella pusilla,Field Sparrow,0.0693,D:\AcousticMonitoringData\ELDON8_Data\Week23\ELDON8_20250621_054902.wav
2784.0,2787.0,Spizella pusilla,Field Sparrow,0.1277,D:\AcousticMonitoringData\ELDON8_Data\Week23\ELDON8_20250621_054902.wav
2790.0,2793.0,Spizella pusilla,Field Sparrow,0.0716,D:\AcousticMonitoringData\ELDON8_Data\Week23\ELDON8_20250621_054902.wav
2796.0,2799.0,Spizella pusilla,Field Sparrow,0.0963,D:\AcousticMonitoringData\ELDON8_Data\Week23\ELDON8_20250621_054902.wav
2808.0,2811.0,Spizella pusilla,Field Sparrow,0.0548,D:\AcousticMonitoringData\ELDON8_Data\Week23\ELDON8_20250621_054902.wav
2811.0,2814.0,Spizella pusilla,Field Sparrow,0.0708,D:\AcousticMonitoringData\ELDON8_Data\Week23\ELDON8_20250621_054902.wav
2814.0,2817.0,Spizella pusilla,Field Sparrow,0.3155,D:\AcousticMonitoringData\ELDON8_Data\Week23\ELDON8_20250621_054902.wav
2817.0,2820.0,Geothlypis trichas,Common Yellowthroat,0.0978,D:\AcousticMonitoringData\ELDON8_Data\Week23\ELDON8_20250621_054902.wav
2820.0,2823.0,Geothlypis trichas,Common Yellowthroat,0.0862,D:\AcousticMonitoringData\ELDON8_Data\Week23\ELDON8_20250621_054902.wav
2823.0,2826.0,Spizella pusilla,Field Sparrow,0.2438,D:\AcousticMonitoringData\ELDON8_Data\Week23\ELDON8_20250621_054902.wav
2826.0,2829.0,Geothlypis trichas,Common Yellowthroat,0.0968,D:\AcousticMonitoringData\ELDON8_Data\Week23\ELDON8_20250621_054902.wav
2829.0,2832.0,Geothlypis trichas,Common Yellowthroat,0.1174,D:\AcousticMonitoringData\ELDON8_Data\Week23\ELDON8_20250621_054902.wav
2829.0,2832.0,Passerina caerulea,Blue Grosbeak,0.0543,D:\AcousticMonitoringData\ELDON8_Data\Week23\ELDON8_20250621_054902.wav
2832.0,2835.0,Geothlypis trichas,Common Yellowthroat,0.1579,D:\AcousticMonitoringData\ELDON8_Data\Week23\ELDON8_20250621_054902.wav
2832.0,2835.0,Spizella pusilla,Field Sparrow,0.1327,D:\AcousticMonitoringData\ELDON8_Data\Week23\ELDON8_20250621_054902.wav
2835.0,2838.0,Spizella pusilla,Field Sparrow,0.2483,D:\AcousticMonitoringData\ELDON8_Data\Week23\ELDON8_20250621_054902.wav
2838.0,2841.0,Spizella pusilla,Field Sparrow,0.0955,D:\AcousticMonitoringData\ELDON8_Data\Week23\ELDON8_20250621_054902.wav
2844.0,2847.0,Spizella pusilla,Field Sparrow,0.2988,D:\AcousticMonitoringData\ELDON8_Data\Week23\ELDON8_20250621_054902.wav
2850.0,2853.0,Spizella pusilla,Field Sparrow,0.5008,D:\AcousticMonitoringData\ELDON8_Data\Week23\ELDON8_20250621_054902.wav
2856.0,2859.0,Geothlypis trichas,Common Yellowthroat,0.0768,D:\AcousticMonitoringData\ELDON8_Data\Week23\ELDON8_20250621_054902.wav
2856.0,2859.0,Spizella pusilla,Field Sparrow,0.0503,D:\AcousticMonitoringData\ELDON8_Data\Week23\ELDON8_20250621_054902.wav
2859.0,2862.0,Spizella pusilla,Field Sparrow,0.5039,D:\AcousticMonitoringData\ELDON8_Data\Week23\ELDON8_20250621_054902.wav
2862.0,2865.0,Spizella pusilla,Field Sparrow,0.6347,D:\AcousticMonitoringData\ELDON8_Data\Week23\ELDON8_20250621_054902.wav
2865.0,2868.0,Geothlypis trichas,Common Yellowthroat,0.0583,D:\AcousticMonitoringData\ELDON8_Data\Week23\ELDON8_20250621_054902.wav
2868.0,2871.0,Geothlypis trichas,Common Yellowthroat,0.0531,D:\AcousticMonitoringData\ELDON8_Data\Week23\ELDON8_20250621_054902.wav
2871.0,2874.0,Geothlypis trichas,Common Yellowthroat,0.0969,D:\AcousticMonitoringData\ELDON8_Data\Week23\ELDON8_20250621_054902.wav
2874.0,2877.0,Geothlypis trichas,Common Yellowthroat,0.0571,D:\AcousticMonitoringData\ELDON8_Data\Week23\ELDON8_20250621_054902.wav
2880.0,2883.0,Geothlypis trichas,Common Yellowthroat,0.1620,D:\AcousticMonitoringData\ELDON8_Data\Week23\ELDON8_20250621_054902.wav
2883.0,2886.0,Geothlypis trichas,Common Yellowthroat,0.0625,D:\AcousticMonitoringData\ELDON8_Data\Week23\ELDON8_20250621_054902.wav
2886.0,2889.0,Spizella pusilla,Field Sparrow,0.1504,D:\AcousticMonitoringData\ELDON8_Data\Week23\ELDON8_20250621_054902.wav
2889.0,2892.0,Geothlypis trichas,Common Yellowthroat,0.0539,D:\AcousticMonitoringData\ELDON8_Data\Week23\ELDON8_20250621_054902.wav
2898.0,2901.0,Passerina caerulea,Blue Grosbeak,0.0655,D:\AcousticMonitoringData\ELDON8_Data\Week23\ELDON8_20250621_054902.wav
2901.0,2904.0,Spizella pusilla,Field Sparrow,0.3894,D:\AcousticMonitoringData\ELDON8_Data\Week23\ELDON8_20250621_054902.wav
2904.0,2907.0,Spizella pusilla,Field Sparrow,0.3981,D:\AcousticMonitoringData\ELDON8_Data\Week23\ELDON8_20250621_054902.wav
2910.0,2913.0,Geothlypis trichas,Common Yellowthroat,0.2614,D:\AcousticMonitoringData\ELDON8_Data\Week23\ELDON8_20250621_054902.wav
2913.0,2916.0,Spizella pusilla,Field Sparrow,0.2968,D:\AcousticMonitoringData\ELDON8_Data\Week23\ELDON8_20250621_054902.wav
2916.0,2919.0,Spizella pusilla,Field Sparrow,0.2848,D:\AcousticMonitoringData\ELDON8_Data\Week23\ELDON8_20250621_054902.wav
2922.0,2925.0,Geothlypis trichas,Common Yellowthroat,0.1340,D:\AcousticMonitoringData\ELDON8_Data\Week23\ELDON8_20250621_054902.wav
2928.0,2931.0,Spizella pusilla,Field Sparrow,0.7626,D:\AcousticMonitoringData\ELDON8_Data\Week23\ELDON8_20250621_054902.wav
2931.0,2934.0,Geothlypis trichas,Common Yellowthroat,0.1973,D:\AcousticMonitoringData\ELDON8_Data\Week23\ELDON8_20250621_054902.wav
2934.0,2937.0,Spizella pusilla,Field Sparrow,0.0650,D:\AcousticMonitoringData\ELDON8_Data\Week23\ELDON8_20250621_054902.wav
2940.0,2943.0,Geothlypis trichas,Common Yellowthroat,0.0508,D:\AcousticMonitoringData\ELDON8_Data\Week23\ELDON8_20250621_054902.wav
2943.0,2946.0,Spizella pusilla,Field Sparrow,0.2720,D:\AcousticMonitoringData\ELDON8_Data\Week23\ELDON8_20250621_054902.wav
2949.0,2952.0,Spizella pusilla,Field Sparrow,0.0584,D:\AcousticMonitoringData\ELDON8_Data\Week23\ELDON8_20250621_054902.wav
2949.0,2952.0,Geothlypis trichas,Common Yellowthroat,0.0568,D:\AcousticMonitoringData\ELDON8_Data\Week23\ELDON8_20250621_054902.wav
2955.0,2958.0,Spizella pusilla,Field Sparrow,0.1391,D:\AcousticMonitoringData\ELDON8_Data\Week23\ELDON8_20250621_054902.wav
2958.0,2961.0,Spizella pusilla,Field Sparrow,0.5700,D:\AcousticMonitoringData\ELDON8_Data\Week23\ELDON8_20250621_054902.wav
2964.0,2967.0,Geothlypis trichas,Common Yellowthroat,0.0563,D:\AcousticMonitoringData\ELDON8_Data\Week23\ELDON8_20250621_054902.wav
2967.0,2970.0,Geothlypis trichas,Common Yellowthroat,0.0609,D:\AcousticMonitoringData\ELDON8_Data\Week23\ELDON8_20250621_054902.wav
2970.0,2973.0,Spizella pusilla,Field Sparrow,0.3735,D:\AcousticMonitoringData\ELDON8_Data\Week23\ELDON8_20250621_054902.wav
2982.0,2985.0,Spizella pusilla,Field Sparrow,0.7288,D:\AcousticMonitoringData\ELDON8_Data\Week23\ELDON8_20250621_054902.wav
2994.0,2997.0,Spizella pusilla,Field Sparrow,0.3796,D:\AcousticMonitoringData\ELDON8_Data\Week23\ELDON8_20250621_054902.wav
2997.0,3000.0,Spizella pusilla,Field Sparrow,0.1796,D:\AcousticMonitoringData\ELDON8_Data\Week23\ELDON8_20250621_054902.wav
3006.0,3009.0,Spizella pusilla,Field Sparrow,0.2878,D:\AcousticMonitoringData\ELDON8_Data\Week23\ELDON8_20250621_054902.wav
3009.0,3012.0,Spizella pusilla,Field Sparrow,0.6255,D:\AcousticMonitoringData\ELDON8_Data\Week23\ELDON8_20250621_054902.wav
3012.0,3015.0,Spizella pusilla,Field Sparrow,0.0740,D:\AcousticMonitoringData\ELDON8_Data\Week23\ELDON8_20250621_054902.wav
3015.0,3018.0,Geothlypis trichas,Common Yellowthroat,0.1284,D:\AcousticMonitoringData\ELDON8_Data\Week23\ELDON8_20250621_054902.wav
3018.0,3021.0,Spizella pusilla,Field Sparrow,0.4836,D:\AcousticMonitoringData\ELDON8_Data\Week23\ELDON8_20250621_054902.wav
3021.0,3024.0,Spizella pusilla,Field Sparrow,0.1610,D:\AcousticMonitoringData\ELDON8_Data\Week23\ELDON8_20250621_054902.wav
3024.0,3027.0,Spizella pusilla,Field Sparrow,0.0991,D:\AcousticMonitoringData\ELDON8_Data\Week23\ELDON8_20250621_054902.wav
3027.0,3030.0,Geothlypis trichas,Common Yellowthroat,0.0839,D:\AcousticMonitoringData\ELDON8_Data\Week23\ELDON8_20250621_054902.wav
3030.0,3033.0,Spizella pusilla,Field Sparrow,0.0507,D:\AcousticMonitoringData\ELDON8_Data\Week23\ELDON8_20250621_054902.wav
3033.0,3036.0,Spizella pusilla,Field Sparrow,0.2863,D:\AcousticMonitoringData\ELDON8_Data\Week23\ELDON8_20250621_054902.wav
3036.0,3039.0,Geothlypis trichas,Common Yellowthroat,0.1076,D:\AcousticMonitoringData\ELDON8_Data\Week23\ELDON8_20250621_054902.wav
3042.0,3045.0,Spizella pusilla,Field Sparrow,0.0599,D:\AcousticMonitoringData\ELDON8_Data\Week23\ELDON8_20250621_054902.wav
3045.0,3048.0,Spizella pusilla,Field Sparrow,0.5359,D:\AcousticMonitoringData\ELDON8_Data\Week23\ELDON8_20250621_054902.wav
3048.0,3051.0,Geothlypis trichas,Common Yellowthroat,0.1371,D:\AcousticMonitoringData\ELDON8_Data\Week23\ELDON8_20250621_054902.wav
3051.0,3054.0,Geothlypis trichas,Common Yellowthroat,0.0866,D:\AcousticMonitoringData\ELDON8_Data\Week23\ELDON8_20250621_054902.wav
3051.0,3054.0,Spizella pusilla,Field Sparrow,0.0705,D:\AcousticMonitoringData\ELDON8_Data\Week23\ELDON8_20250621_054902.wav
3054.0,3057.0,Spizella pusilla,Field Sparrow,0.5710,D:\AcousticMonitoringData\ELDON8_Data\Week23\ELDON8_20250621_054902.wav
3057.0,3060.0,Geothlypis trichas,Common Yellowthroat,0.2199,D:\AcousticMonitoringData\ELDON8_Data\Week23\ELDON8_20250621_054902.wav
3060.0,3063.0,Geothlypis trichas,Common Yellowthroat,0.3702,D:\AcousticMonitoringData\ELDON8_Data\Week23\ELDON8_20250621_054902.wav
3066.0,3069.0,Geothlypis trichas,Common Yellowthroat,0.2229,D:\AcousticMonitoringData\ELDON8_Data\Week23\ELDON8_20250621_054902.wav
3069.0,3072.0,Spizella pusilla,Field Sparrow,0.3837,D:\AcousticMonitoringData\ELDON8_Data\Week23\ELDON8_20250621_054902.wav
3069.0,3072.0,Geothlypis trichas,Common Yellowthroat,0.1176,D:\AcousticMonitoringData\ELDON8_Data\Week23\ELDON8_20250621_054902.wav
3072.0,3075.0,Spizella pusilla,Field Sparrow,0.5939,D:\AcousticMonitoringData\ELDON8_Data\Week23\ELDON8_20250621_054902.wav
3075.0,3078.0,Geothlypis trichas,Common Yellowthroat,0.1488,D:\AcousticMonitoringData\ELDON8_Data\Week23\ELDON8_20250621_054902.wav
3081.0,3084.0,Geothlypis trichas,Common Yellowthroat,0.0693,D:\AcousticMonitoringData\ELDON8_Data\Week23\ELDON8_20250621_054902.wav
3090.0,3093.0,Spizella pusilla,Field Sparrow,0.1451,D:\AcousticMonitoringData\ELDON8_Data\Week23\ELDON8_20250621_054902.wav
3093.0,3096.0,Spizella pusilla,Field Sparrow,0.6777,D:\AcousticMonitoringData\ELDON8_Data\Week23\ELDON8_20250621_054902.wav
3096.0,3099.0,Geothlypis trichas,Common Yellowthroat,0.0699,D:\AcousticMonitoringData\ELDON8_Data\Week23\ELDON8_20250621_054902.wav
3099.0,3102.0,Spizella pusilla,Field Sparrow,0.2032,D:\AcousticMonitoringData\ELDON8_Data\Week23\ELDON8_20250621_054902.wav
3102.0,3105.0,Spizella pusilla,Field Sparrow,0.2655,D:\AcousticMonitoringData\ELDON8_Data\Week23\ELDON8_20250621_054902.wav
3105.0,3108.0,Spizella pusilla,Field Sparrow,0.5270,D:\AcousticMonitoringData\ELDON8_Data\Week23\ELDON8_20250621_054902.wav
3108.0,3111.0,Spizella pusilla,Field Sparrow,0.0565,D:\AcousticMonitoringData\ELDON8_Data\Week23\ELDON8_20250621_054902.wav
3111.0,3114.0,Spizella pusilla,Field Sparrow,0.1308,D:\AcousticMonitoringData\ELDON8_Data\Week23\ELDON8_20250621_054902.wav
3117.0,3120.0,Spizella pusilla,Field Sparrow,0.6859,D:\AcousticMonitoringData\ELDON8_Data\Week23\ELDON8_20250621_054902.wav
3123.0,3126.0,Spizella pusilla,Field Sparrow,0.0828,D:\AcousticMonitoringData\ELDON8_Data\Week23\ELDON8_20250621_054902.wav
3132.0,3135.0,Spizella pusilla,Field Sparrow,0.8127,D:\AcousticMonitoringData\ELDON8_Data\Week23\ELDON8_20250621_054902.wav
3135.0,3138.0,Spizella pusilla,Field Sparrow,0.0809,D:\AcousticMonitoringData\ELDON8_Data\Week23\ELDON8_20250621_054902.wav
3138.0,3141.0,Spizella pusilla,Field Sparrow,0.0630,D:\AcousticMonitoringData\ELDON8_Data\Week23\ELDON8_20250621_054902.wav
3147.0,3150.0,Spizella pusilla,Field Sparrow,0.6002,D:\AcousticMonitoringData\ELDON8_Data\Week23\ELDON8_20250621_054902.wav
3150.0,3153.0,Spizella pusilla,Field Sparrow,0.3282,D:\AcousticMonitoringData\ELDON8_Data\Week23\ELDON8_20250621_054902.wav
3153.0,3156.0,Geothlypis trichas,Common Yellowthroat,0.0538,D:\AcousticMonitoringData\ELDON8_Data\Week23\ELDON8_20250621_054902.wav
3159.0,3162.0,Spizella pusilla,Field Sparrow,0.2327,D:\AcousticMonitoringData\ELDON8_Data\Week23\ELDON8_20250621_054902.wav
3162.0,3165.0,Spizella pusilla,Field Sparrow,0.0907,D:\AcousticMonitoringData\ELDON8_Data\Week23\ELDON8_20250621_054902.wav
3168.0,3171.0,Spizella pusilla,Field Sparrow,0.0627,D:\AcousticMonitoringData\ELDON8_Data\Week23\ELDON8_20250621_054902.wav
3171.0,3174.0,Spizella pusilla,Field Sparrow,0.0525,D:\AcousticMonitoringData\ELDON8_Data\Week23\ELDON8_20250621_054902.wav
3174.0,3177.0,Spizella pusilla,Field Sparrow,0.5632,D:\AcousticMonitoringData\ELDON8_Data\Week23\ELDON8_20250621_054902.wav
3174.0,3177.0,Passerina caerulea,Blue Grosbeak,0.0556,D:\AcousticMonitoringData\ELDON8_Data\Week23\ELDON8_20250621_054902.wav
3177.0,3180.0,Spizella pusilla,Field Sparrow,0.7769,D:\AcousticMonitoringData\ELDON8_Data\Week23\ELDON8_20250621_054902.wav
3180.0,3183.0,Spizella pusilla,Field Sparrow,0.8335,D:\AcousticMonitoringData\ELDON8_Data\Week23\ELDON8_20250621_054902.wav
3183.0,3186.0,Geothlypis trichas,Common Yellowthroat,0.0529,D:\AcousticMonitoringData\ELDON8_Data\Week23\ELDON8_20250621_054902.wav
3186.0,3189.0,Spizella pusilla,Field Sparrow,0.1556,D:\AcousticMonitoringData\ELDON8_Data\Week23\ELDON8_20250621_054902.wav
3189.0,3192.0,Spizella pusilla,Field Sparrow,0.8614,D:\AcousticMonitoringData\ELDON8_Data\Week23\ELDON8_20250621_054902.wav
3195.0,3198.0,Spizella pusilla,Field Sparrow,0.0737,D:\AcousticMonitoringData\ELDON8_Data\Week23\ELDON8_20250621_054902.wav
3195.0,3198.0,Passerina caerulea,Blue Grosbeak,0.0576,D:\AcousticMonitoringData\ELDON8_Data\Week23\ELDON8_20250621_054902.wav
3201.0,3204.0,Spizella pusilla,Field Sparrow,0.2749,D:\AcousticMonitoringData\ELDON8_Data\Week23\ELDON8_20250621_054902.wav
3204.0,3207.0,Geothlypis trichas,Common Yellowthroat,0.0629,D:\AcousticMonitoringData\ELDON8_Data\Week23\ELDON8_20250621_054902.wav
3207.0,3210.0,Passerina caerulea,Blue Grosbeak,0.0774,D:\AcousticMonitoringData\ELDON8_Data\Week23\ELDON8_20250621_054902.wav
3207.0,3210.0,Spizella pusilla,Field Sparrow,0.0555,D:\AcousticMonitoringData\ELDON8_Data\Week23\ELDON8_20250621_054902.wav
3213.0,3216.0,Spizella pusilla,Field Sparrow,0.5056,D:\AcousticMonitoringData\ELDON8_Data\Week23\ELDON8_20250621_054902.wav
3216.0,3219.0,Spizella pusilla,Field Sparrow,0.2464,D:\AcousticMonitoringData\ELDON8_Data\Week23\ELDON8_20250621_054902.wav
3225.0,3228.0,Spizella pusilla,Field Sparrow,0.2523,D:\AcousticMonitoringData\ELDON8_Data\Week23\ELDON8_20250621_054902.wav
3228.0,3231.0,Spizella pusilla,Field Sparrow,0.9249,D:\AcousticMonitoringData\ELDON8_Data\Week23\ELDON8_20250621_054902.wav
3231.0,3234.0,Spizella pusilla,Field Sparrow,0.1088,D:\AcousticMonitoringData\ELDON8_Data\Week23\ELDON8_20250621_054902.wav
3237.0,3240.0,Spizella pusilla,Field Sparrow,0.3532,D:\AcousticMonitoringData\ELDON8_Data\Week23\ELDON8_20250621_054902.wav
3240.0,3243.0,Spizella pusilla,Field Sparrow,0.7074,D:\AcousticMonitoringData\ELDON8_Data\Week23\ELDON8_20250621_054902.wav
3246.0,3249.0,Spizella pusilla,Field Sparrow,0.1558,D:\AcousticMonitoringData\ELDON8_Data\Week23\ELDON8_20250621_054902.wav
3249.0,3252.0,Spizella pusilla,Field Sparrow,0.2029,D:\AcousticMonitoringData\ELDON8_Data\Week23\ELDON8_20250621_054902.wav
3252.0,3255.0,Spizella pusilla,Field Sparrow,0.2706,D:\AcousticMonitoringData\ELDON8_Data\Week23\ELDON8_20250621_054902.wav
3255.0,3258.0,Spizella pusilla,Field Sparrow,0.1930,D:\AcousticMonitoringData\ELDON8_Data\Week23\ELDON8_20250621_054902.wav
3261.0,3264.0,Spizella pusilla,Field Sparrow,0.1762,D:\AcousticMonitoringData\ELDON8_Data\Week23\ELDON8_20250621_054902.wav
3264.0,3267.0,Spizella pusilla,Field Sparrow,0.2641,D:\AcousticMonitoringData\ELDON8_Data\Week23\ELDON8_20250621_054902.wav
3264.0,3267.0,Geothlypis trichas,Common Yellowthroat,0.0698,D:\AcousticMonitoringData\ELDON8_Data\Week23\ELDON8_20250621_054902.wav
3273.0,3276.0,Spizella pusilla,Field Sparrow,0.1113,D:\AcousticMonitoringData\ELDON8_Data\Week23\ELDON8_20250621_054902.wav
3276.0,3279.0,Spizella pusilla,Field Sparrow,0.4958,D:\AcousticMonitoringData\ELDON8_Data\Week23\ELDON8_20250621_054902.wav
3279.0,3282.0,Geothlypis trichas,Common Yellowthroat,0.0800,D:\AcousticMonitoringData\ELDON8_Data\Week23\ELDON8_20250621_054902.wav
3279.0,3282.0,Spizella pusilla,Field Sparrow,0.0540,D:\AcousticMonitoringData\ELDON8_Data\Week23\ELDON8_20250621_054902.wav
3282.0,3285.0,Spizella pusilla,Field Sparrow,0.0558,D:\AcousticMonitoringData\ELDON8_Data\Week23\ELDON8_20250621_054902.wav
3285.0,3288.0,Spizella pusilla,Field Sparrow,0.1112,D:\AcousticMonitoringData\ELDON8_Data\Week23\ELDON8_20250621_054902.wav
3288.0,3291.0,Spizella pusilla,Field Sparrow,0.0600,D:\AcousticMonitoringData\ELDON8_Data\Week23\ELDON8_20250621_054902.wav
3291.0,3294.0,Spizella pusilla,Field Sparrow,0.0949,D:\AcousticMonitoringData\ELDON8_Data\Week23\ELDON8_20250621_054902.wav
3294.0,3297.0,Spizella pusilla,Field Sparrow,0.1088,D:\AcousticMonitoringData\ELDON8_Data\Week23\ELDON8_20250621_054902.wav
3303.0,3306.0,Spizella pusilla,Field Sparrow,0.2372,D:\AcousticMonitoringData\ELDON8_Data\Week23\ELDON8_20250621_054902.wav
3306.0,3309.0,Spizella pusilla,Field Sparrow,0.0967,D:\AcousticMonitoringData\ELDON8_Data\Week23\ELDON8_20250621_054902.wav
3306.0,3309.0,Passerina caerulea,Blue Grosbeak,0.0901,D:\AcousticMonitoringData\ELDON8_Data\Week23\ELDON8_20250621_054902.wav
3315.0,3318.0,Geothlypis trichas,Common Yellowthroat,0.0707,D:\AcousticMonitoringData\ELDON8_Data\Week23\ELDON8_20250621_054902.wav
3318.0,3321.0,Spizella pusilla,Field Sparrow,0.2162,D:\AcousticMonitoringData\ELDON8_Data\Week23\ELDON8_20250621_054902.wav
3333.0,3336.0,Spizella pusilla,Field Sparrow,0.0887,D:\AcousticMonitoringData\ELDON8_Data\Week23\ELDON8_20250621_054902.wav
3342.0,3345.0,Geothlypis trichas,Common Yellowthroat,0.1046,D:\AcousticMonitoringData\ELDON8_Data\Week23\ELDON8_20250621_054902.wav
3348.0,3351.0,Spizella pusilla,Field Sparrow,0.1464,D:\AcousticMonitoringData\ELDON8_Data\Week23\ELDON8_20250621_054902.wav
3351.0,3354.0,Geothlypis trichas,Common Yellowthroat,0.1972,D:\AcousticMonitoringData\ELDON8_Data\Week23\ELDON8_20250621_054902.wav
3354.0,3357.0,Spizella pusilla,Field Sparrow,0.1113,D:\AcousticMonitoringData\ELDON8_Data\Week23\ELDON8_20250621_054902.wav
3357.0,3360.0,Spizella pusilla,Field Sparrow,0.1548,D:\AcousticMonitoringData\ELDON8_Data\Week23\ELDON8_20250621_054902.wav
3360.0,3363.0,Spizella pusilla,Field Sparrow,0.1483,D:\AcousticMonitoringData\ELDON8_Data\Week23\ELDON8_20250621_054902.wav
3363.0,3366.0,Spizella pusilla,Field Sparrow,0.4585,D:\AcousticMonitoringData\ELDON8_Data\Week23\ELDON8_20250621_054902.wav
3366.0,3369.0,Spizella pusilla,Field Sparrow,0.2244,D:\AcousticMonitoringData\ELDON8_Data\Week23\ELDON8_20250621_054902.wav
3372.0,3375.0,Spizella pusilla,Field Sparrow,0.0999,D:\AcousticMonitoringData\ELDON8_Data\Week23\ELDON8_20250621_054902.wav
3375.0,3378.0,Spizella pusilla,Field Sparrow,0.1788,D:\AcousticMonitoringData\ELDON8_Data\Week23\ELDON8_20250621_054902.wav
3378.0,3381.0,Spizella pusilla,Field Sparrow,0.2780,D:\AcousticMonitoringData\ELDON8_Data\Week23\ELDON8_20250621_054902.wav
3387.0,3390.0,Geothlypis trichas,Common Yellowthroat,0.0683,D:\AcousticMonitoringData\ELDON8_Data\Week23\ELDON8_20250621_054902.wav
3390.0,3393.0,Spizella pusilla,Field Sparrow,0.0606,D:\AcousticMonitoringData\ELDON8_Data\Week23\ELDON8_20250621_054902.wav
3393.0,3396.0,Spizella pusilla,Field Sparrow,0.1627,D:\AcousticMonitoringData\ELDON8_Data\Week23\ELDON8_20250621_054902.wav
3396.0,3399.0,Geothlypis trichas,Common Yellowthroat,0.1235,D:\AcousticMonitoringData\ELDON8_Data\Week23\ELDON8_20250621_054902.wav
3405.0,3408.0,Spizella pusilla,Field Sparrow,0.5094,D:\AcousticMonitoringData\ELDON8_Data\Week23\ELDON8_20250621_054902.wav
3408.0,3411.0,Geothlypis trichas,Common Yellowthroat,0.0728,D:\AcousticMonitoringData\ELDON8_Data\Week23\ELDON8_20250621_054902.wav
3414.0,3417.0,Passerina caerulea,Blue Grosbeak,0.0529,D:\AcousticMonitoringData\ELDON8_Data\Week23\ELDON8_20250621_054902.wav
3420.0,3423.0,Spizella pusilla,Field Sparrow,0.4342,D:\AcousticMonitoringData\ELDON8_Data\Week23\ELDON8_20250621_054902.wav
3423.0,3426.0,Spizella pusilla,Field Sparrow,0.0940,D:\AcousticMonitoringData\ELDON8_Data\Week23\ELDON8_20250621_054902.wav
3426.0,3429.0,Geothlypis trichas,Common Yellowthroat,0.1007,D:\AcousticMonitoringData\ELDON8_Data\Week23\ELDON8_20250621_054902.wav
3429.0,3432.0,Spizella pusilla,Field Sparrow,0.0705,D:\AcousticMonitoringData\ELDON8_Data\Week23\ELDON8_20250621_054902.wav
3438.0,3441.0,Spizella pusilla,Field Sparrow,0.2488,D:\AcousticMonitoringData\ELDON8_Data\Week23\ELDON8_20250621_054902.wav
3447.0,3450.0,Geothlypis trichas,Common Yellowthroat,0.0525,D:\AcousticMonitoringData\ELDON8_Data\Week23\ELDON8_20250621_054902.wav
3450.0,3453.0,Spizella pusilla,Field Sparrow,0.6700,D:\AcousticMonitoringData\ELDON8_Data\Week23\ELDON8_20250621_054902.wav
3453.0,3456.0,Spizella pusilla,Field Sparrow,0.0592,D:\AcousticMonitoringData\ELDON8_Data\Week23\ELDON8_20250621_054902.wav
3456.0,3459.0,Geothlypis trichas,Common Yellowthroat,0.0547,D:\AcousticMonitoringData\ELDON8_Data\Week23\ELDON8_20250621_054902.wav
3465.0,3468.0,Spizella pusilla,Field Sparrow,0.3344,D:\AcousticMonitoringData\ELDON8_Data\Week23\ELDON8_20250621_054902.wav
3468.0,3471.0,Geothlypis trichas,Common Yellowthroat,0.1117,D:\AcousticMonitoringData\ELDON8_Data\Week23\ELDON8_20250621_054902.wav
3474.0,3477.0,Geothlypis trichas,Common Yellowthroat,0.1212,D:\AcousticMonitoringData\ELDON8_Data\Week23\ELDON8_20250621_054902.wav
3477.0,3480.0,Spizella pusilla,Field Sparrow,0.1875,D:\AcousticMonitoringData\ELDON8_Data\Week23\ELDON8_20250621_054902.wav
3477.0,3480.0,Geothlypis trichas,Common Yellowthroat,0.0529,D:\AcousticMonitoringData\ELDON8_Data\Week23\ELDON8_20250621_054902.wav
3480.0,3483.0,Spizella pusilla,Field Sparrow,0.3091,D:\AcousticMonitoringData\ELDON8_Data\Week23\ELDON8_20250621_054902.wav
3480.0,3483.0,Geothlypis trichas,Common Yellowthroat,0.1555,D:\AcousticMonitoringData\ELDON8_Data\Week23\ELDON8_20250621_054902.wav
3483.0,3486.0,Geothlypis trichas,Common Yellowthroat,0.2422,D:\AcousticMonitoringData\ELDON8_Data\Week23\ELDON8_20250621_054902.wav
3489.0,3492.0,Geothlypis trichas,Common Yellowthroat,0.1628,D:\AcousticMonitoringData\ELDON8_Data\Week23\ELDON8_20250621_054902.wav
3492.0,3495.0,Spizella pusilla,Field Sparrow,0.0565,D:\AcousticMonitoringData\ELDON8_Data\Week23\ELDON8_20250621_054902.wav
3495.0,3498.0,Spizella pusilla,Field Sparrow,0.1256,D:\AcousticMonitoringData\ELDON8_Data\Week23\ELDON8_20250621_054902.wav
3498.0,3501.0,Geothlypis trichas,Common Yellowthroat,0.0684,D:\AcousticMonitoringData\ELDON8_Data\Week23\ELDON8_20250621_054902.wav
3501.0,3504.0,Geothlypis trichas,Common Yellowthroat,0.2224,D:\AcousticMonitoringData\ELDON8_Data\Week23\ELDON8_20250621_054902.wav
3504.0,3507.0,Geothlypis trichas,Common Yellowthroat,0.1730,D:\AcousticMonitoringData\ELDON8_Data\Week23\ELDON8_20250621_054902.wav
3507.0,3510.0,Spizella pusilla,Field Sparrow,0.1619,D:\AcousticMonitoringData\ELDON8_Data\Week23\ELDON8_20250621_054902.wav
3507.0,3510.0,Passerina caerulea,Blue Grosbeak,0.0502,D:\AcousticMonitoringData\ELDON8_Data\Week23\ELDON8_20250621_054902.wav
3510.0,3513.0,Spizella pusilla,Field Sparrow,0.4874,D:\AcousticMonitoringData\ELDON8_Data\Week23\ELDON8_20250621_054902.wav
3513.0,3516.0,Geothlypis trichas,Common Yellowthroat,0.1268,D:\AcousticMonitoringData\ELDON8_Data\Week23\ELDON8_20250621_054902.wav
3519.0,3522.0,Spizella pusilla,Field Sparrow,0.0509,D:\AcousticMonitoringData\ELDON8_Data\Week23\ELDON8_20250621_054902.wav
3522.0,3525.0,Spizella pusilla,Field Sparrow,0.1708,D:\AcousticMonitoringData\ELDON8_Data\Week23\ELDON8_20250621_054902.wav
3522.0,3525.0,Geothlypis trichas,Common Yellowthroat,0.0894,D:\AcousticMonitoringData\ELDON8_Data\Week23\ELDON8_20250621_054902.wav
3525.0,3528.0,Spizella pusilla,Field Sparrow,0.1997,D:\AcousticMonitoringData\ELDON8_Data\Week23\ELDON8_20250621_054902.wav
3525.0,3528.0,Geothlypis trichas,Common Yellowthroat,0.0810,D:\AcousticMonitoringData\ELDON8_Data\Week23\ELDON8_20250621_054902.wav
3528.0,3531.0,Spizella pusilla,Field Sparrow,0.5432,D:\AcousticMonitoringData\ELDON8_Data\Week23\ELDON8_20250621_054902.wav
3531.0,3534.0,Geothlypis trichas,Common Yellowthroat,0.0638,D:\AcousticMonitoringData\ELDON8_Data\Week23\ELDON8_20250621_054902.wav
3540.0,3543.0,Spizella pusilla,Field Sparrow,0.5066,D:\AcousticMonitoringData\ELDON8_Data\Week23\ELDON8_20250621_054902.wav
3543.0,3546.0,Geothlypis trichas,Common Yellowthroat,0.0581,D:\AcousticMonitoringData\ELDON8_Data\Week23\ELDON8_20250621_054902.wav
3543.0,3546.0,Spizella pusilla,Field Sparrow,0.0551,D:\AcousticMonitoringData\ELDON8_Data\Week23\ELDON8_20250621_054902.wav
3552.0,3555.0,Geothlypis trichas,Common Yellowthroat,0.1223,D:\AcousticMonitoringData\ELDON8_Data\Week23\ELDON8_20250621_054902.wav
3555.0,3558.0,Spizella pusilla,Field Sparrow,0.0868,D:\AcousticMonitoringData\ELDON8_Data\Week23\ELDON8_20250621_054902.wav
3558.0,3561.0,Passerina caerulea,Blue Grosbeak,0.0563,D:\AcousticMonitoringData\ELDON8_Data\Week23\ELDON8_20250621_054902.wav
3564.0,3567.0,Geothlypis trichas,Common Yellowthroat,0.0790,D:\AcousticMonitoringData\ELDON8_Data\Week23\ELDON8_20250621_054902.wav
3567.0,3570.0,Spizella pusilla,Field Sparrow,0.2688,D:\AcousticMonitoringData\ELDON8_Data\Week23\ELDON8_20250621_054902.wav
3570.0,3573.0,Spizella pusilla,Field Sparrow,0.2133,D:\AcousticMonitoringData\ELDON8_Data\Week23\ELDON8_20250621_054902.wav
3570.0,3573.0,Passerina caerulea,Blue Grosbeak,0.0503,D:\AcousticMonitoringData\ELDON8_Data\Week23\ELDON8_20250621_054902.wav
3573.0,3576.0,Geothlypis trichas,Common Yellowthroat,0.2786,D:\AcousticMonitoringData\ELDON8_Data\Week23\ELDON8_20250621_054902.wav
3579.0,3582.0,Spizella pusilla,Field Sparrow,0.3179,D:\AcousticMonitoringData\ELDON8_Data\Week23\ELDON8_20250621_054902.wav
3579.0,3582.0,Sturnella magna,Eastern Meadowlark,0.0613,D:\AcousticMonitoringData\ELDON8_Data\Week23\ELDON8_20250621_054902.wav
3582.0,3585.0,Spizella pusilla,Field Sparrow,0.1097,D:\AcousticMonitoringData\ELDON8_Data\Week23\ELDON8_20250621_054902.wav
3585.0,3588.0,Spizella pusilla,Field Sparrow,0.3255,D:\AcousticMonitoringData\ELDON8_Data\Week23\ELDON8_20250621_054902.wav
3591.0,3594.0,Geothlypis trichas,Common Yellowthroat,0.0577,D:\AcousticMonitoringData\ELDON8_Data\Week23\ELDON8_20250621_054902.wav
3597.0,3600.0,Spizella pusilla,Field Sparrow,0.4908,D:\AcousticMonitoringData\ELDON8_Data\Week23\ELDON8_20250621_054902.wav
3600.0,3602.89,Spizella pusilla,Field Sparrow,0.4441,D:\AcousticMonitoringData\ELDON8_Data\Week23\ELDON8_20250621_054902.wav
3600.0,3602.89,Geothlypis trichas,Common Yellowthroat,0.0634,D:\AcousticMonitoringData\ELDON8_Data\Week23\ELDON8_20250621_054902.wav
