Start (s),End (s),Scientific name,Common name,Confidence,File
6.0,9.0,Spizella pusilla,Field Sparrow,0.4708,D:\AcousticMonitoringData\ELDON7_Data\Week24\ELDON7_20250630_055202.wav
15.0,18.0,Spizella pusilla,Field Sparrow,0.1551,D:\AcousticMonitoringData\ELDON7_Data\Week24\ELDON7_20250630_055202.wav
21.0,24.0,Geothlypis trichas,Common Yellowthroat,0.1143,D:\AcousticMonitoringData\ELDON7_Data\Week24\ELDON7_20250630_055202.wav
24.0,27.0,Spizella pusilla,Field Sparrow,0.0511,D:\AcousticMonitoringData\ELDON7_Data\Week24\ELDON7_20250630_055202.wav
27.0,30.0,Spizella pusilla,Field Sparrow,0.0608,D:\AcousticMonitoringData\ELDON7_Data\Week24\ELDON7_20250630_055202.wav
42.0,45.0,Spizella pusilla,Field Sparrow,0.0605,D:\AcousticMonitoringData\ELDON7_Data\Week24\ELDON7_20250630_055202.wav
48.0,51.0,Spizella pusilla,Field Sparrow,0.0717,D:\AcousticMonitoringData\ELDON7_Data\Week24\ELDON7_20250630_055202.wav
51.0,54.0,Spizella pusilla,Field Sparrow,0.0947,D:\AcousticMonitoringData\ELDON7_Data\Week24\ELDON7_20250630_055202.wav
60.0,63.0,Spizella pusilla,Field Sparrow,0.0676,D:\AcousticMonitoringData\ELDON7_Data\Week24\ELDON7_20250630_055202.wav
69.0,72.0,Spizella pusilla,Field Sparrow,0.1240,D:\AcousticMonitoringData\ELDON7_Data\Week24\ELDON7_20250630_055202.wav
72.0,75.0,Spizella pusilla,Field Sparrow,0.3170,D:\AcousticMonitoringData\ELDON7_Data\Week24\ELDON7_20250630_055202.wav
78.0,81.0,Spizella pusilla,Field Sparrow,0.2328,D:\AcousticMonitoringData\ELDON7_Data\Week24\ELDON7_20250630_055202.wav
90.0,93.0,Spizella pusilla,Field Sparrow,0.0600,D:\AcousticMonitoringData\ELDON7_Data\Week24\ELDON7_20250630_055202.wav
90.0,93.0,Sturnella magna,Eastern Meadowlark,0.0561,D:\AcousticMonitoringData\ELDON7_Data\Week24\ELDON7_20250630_055202.wav
93.0,96.0,Spizella pusilla,Field Sparrow,0.0576,D:\AcousticMonitoringData\ELDON7_Data\Week24\ELDON7_20250630_055202.wav
96.0,99.0,Spizella pusilla,Field Sparrow,0.3447,D:\AcousticMonitoringData\ELDON7_Data\Week24\ELDON7_20250630_055202.wav
99.0,102.0,Spizella pusilla,Field Sparrow,0.9341,D:\AcousticMonitoringData\ELDON7_Data\Week24\ELDON7_20250630_055202.wav
105.0,108.0,Spizella pusilla,Field Sparrow,0.1096,D:\AcousticMonitoringData\ELDON7_Data\Week24\ELDON7_20250630_055202.wav
117.0,120.0,Spizella pusilla,Field Sparrow,0.1186,D:\AcousticMonitoringData\ELDON7_Data\Week24\ELDON7_20250630_055202.wav
120.0,123.0,Geothlypis trichas,Common Yellowthroat,0.0912,D:\AcousticMonitoringData\ELDON7_Data\Week24\ELDON7_20250630_055202.wav
126.0,129.0,Spizella pusilla,Field Sparrow,0.0579,D:\AcousticMonitoringData\ELDON7_Data\Week24\ELDON7_20250630_055202.wav
129.0,132.0,Spizella pusilla,Field Sparrow,0.5477,D:\AcousticMonitoringData\ELDON7_Data\Week24\ELDON7_20250630_055202.wav
132.0,135.0,Spizella pusilla,Field Sparrow,0.0521,D:\AcousticMonitoringData\ELDON7_Data\Week24\ELDON7_20250630_055202.wav
141.0,144.0,Spizella pusilla,Field Sparrow,0.1433,D:\AcousticMonitoringData\ELDON7_Data\Week24\ELDON7_20250630_055202.wav
141.0,144.0,Geothlypis trichas,Common Yellowthroat,0.0909,D:\AcousticMonitoringData\ELDON7_Data\Week24\ELDON7_20250630_055202.wav
144.0,147.0,Spizella pusilla,Field Sparrow,0.1089,D:\AcousticMonitoringData\ELDON7_Data\Week24\ELDON7_20250630_055202.wav
153.0,156.0,Spizella pusilla,Field Sparrow,0.0814,D:\AcousticMonitoringData\ELDON7_Data\Week24\ELDON7_20250630_055202.wav
156.0,159.0,Spizella pusilla,Field Sparrow,0.2903,D:\AcousticMonitoringData\ELDON7_Data\Week24\ELDON7_20250630_055202.wav
159.0,162.0,Spizella pusilla,Field Sparrow,0.5466,D:\AcousticMonitoringData\ELDON7_Data\Week24\ELDON7_20250630_055202.wav
171.0,174.0,Spizella pusilla,Field Sparrow,0.0600,D:\AcousticMonitoringData\ELDON7_Data\Week24\ELDON7_20250630_055202.wav
177.0,180.0,Spizella pusilla,Field Sparrow,0.1579,D:\AcousticMonitoringData\ELDON7_Data\Week24\ELDON7_20250630_055202.wav
180.0,183.0,Spizella pusilla,Field Sparrow,0.2237,D:\AcousticMonitoringData\ELDON7_Data\Week24\ELDON7_20250630_055202.wav
195.0,198.0,Spizella pusilla,Field Sparrow,0.2534,D:\AcousticMonitoringData\ELDON7_Data\Week24\ELDON7_20250630_055202.wav
198.0,201.0,Spizella pusilla,Field Sparrow,0.2283,D:\AcousticMonitoringData\ELDON7_Data\Week24\ELDON7_20250630_055202.wav
210.0,213.0,Spizella pusilla,Field Sparrow,0.0997,D:\AcousticMonitoringData\ELDON7_Data\Week24\ELDON7_20250630_055202.wav
216.0,219.0,Spizella pusilla,Field Sparrow,0.3411,D:\AcousticMonitoringData\ELDON7_Data\Week24\ELDON7_20250630_055202.wav
222.0,225.0,Spizella pusilla,Field Sparrow,0.1095,D:\AcousticMonitoringData\ELDON7_Data\Week24\ELDON7_20250630_055202.wav
228.0,231.0,Geothlypis trichas,Common Yellowthroat,0.0559,D:\AcousticMonitoringData\ELDON7_Data\Week24\ELDON7_20250630_055202.wav
234.0,237.0,Spizella pusilla,Field Sparrow,0.3216,D:\AcousticMonitoringData\ELDON7_Data\Week24\ELDON7_20250630_055202.wav
237.0,240.0,Spizella pusilla,Field Sparrow,0.3631,D:\AcousticMonitoringData\ELDON7_Data\Week24\ELDON7_20250630_055202.wav
240.0,243.0,Geothlypis trichas,Common Yellowthroat,0.0584,D:\AcousticMonitoringData\ELDON7_Data\Week24\ELDON7_20250630_055202.wav
243.0,246.0,Geothlypis trichas,Common Yellowthroat,0.0825,D:\AcousticMonitoringData\ELDON7_Data\Week24\ELDON7_20250630_055202.wav
246.0,249.0,Spizella pusilla,Field Sparrow,0.1400,D:\AcousticMonitoringData\ELDON7_Data\Week24\ELDON7_20250630_055202.wav
249.0,252.0,Spizella pusilla,Field Sparrow,0.0968,D:\AcousticMonitoringData\ELDON7_Data\Week24\ELDON7_20250630_055202.wav
249.0,252.0,Passerina caerulea,Blue Grosbeak,0.0512,D:\AcousticMonitoringData\ELDON7_Data\Week24\ELDON7_20250630_055202.wav
252.0,255.0,Spizella pusilla,Field Sparrow,0.0902,D:\AcousticMonitoringData\ELDON7_Data\Week24\ELDON7_20250630_055202.wav
255.0,258.0,Spizella pusilla,Field Sparrow,0.3182,D:\AcousticMonitoringData\ELDON7_Data\Week24\ELDON7_20250630_055202.wav
261.0,264.0,Spizella pusilla,Field Sparrow,0.0625,D:\AcousticMonitoringData\ELDON7_Data\Week24\ELDON7_20250630_055202.wav
276.0,279.0,Spizella pusilla,Field Sparrow,0.2895,D:\AcousticMonitoringData\ELDON7_Data\Week24\ELDON7_20250630_055202.wav
279.0,282.0,Passerina caerulea,Blue Grosbeak,0.0658,D:\AcousticMonitoringData\ELDON7_Data\Week24\ELDON7_20250630_055202.wav
279.0,282.0,Spizella pusilla,Field Sparrow,0.0572,D:\AcousticMonitoringData\ELDON7_Data\Week24\ELDON7_20250630_055202.wav
285.0,288.0,Spizella pusilla,Field Sparrow,0.0957,D:\AcousticMonitoringData\ELDON7_Data\Week24\ELDON7_20250630_055202.wav
288.0,291.0,Spizella pusilla,Field Sparrow,0.0515,D:\AcousticMonitoringData\ELDON7_Data\Week24\ELDON7_20250630_055202.wav
300.0,303.0,Spizella pusilla,Field Sparrow,0.2150,D:\AcousticMonitoringData\ELDON7_Data\Week24\ELDON7_20250630_055202.wav
312.0,315.0,Spizella pusilla,Field Sparrow,0.0650,D:\AcousticMonitoringData\ELDON7_Data\Week24\ELDON7_20250630_055202.wav
321.0,324.0,Geothlypis trichas,Common Yellowthroat,0.1138,D:\AcousticMonitoringData\ELDON7_Data\Week24\ELDON7_20250630_055202.wav
324.0,327.0,Spizella pusilla,Field Sparrow,0.0880,D:\AcousticMonitoringData\ELDON7_Data\Week24\ELDON7_20250630_055202.wav
327.0,330.0,Spizella pusilla,Field Sparrow,0.6892,D:\AcousticMonitoringData\ELDON7_Data\Week24\ELDON7_20250630_055202.wav
336.0,339.0,Geothlypis trichas,Common Yellowthroat,0.0563,D:\AcousticMonitoringData\ELDON7_Data\Week24\ELDON7_20250630_055202.wav
339.0,342.0,Geothlypis trichas,Common Yellowthroat,0.0772,D:\AcousticMonitoringData\ELDON7_Data\Week24\ELDON7_20250630_055202.wav
348.0,351.0,Geothlypis trichas,Common Yellowthroat,0.1408,D:\AcousticMonitoringData\ELDON7_Data\Week24\ELDON7_20250630_055202.wav
351.0,354.0,Spizella pusilla,Field Sparrow,0.4875,D:\AcousticMonitoringData\ELDON7_Data\Week24\ELDON7_20250630_055202.wav
354.0,357.0,Spizella pusilla,Field Sparrow,0.4743,D:\AcousticMonitoringData\ELDON7_Data\Week24\ELDON7_20250630_055202.wav
354.0,357.0,Passerina caerulea,Blue Grosbeak,0.0715,D:\AcousticMonitoringData\ELDON7_Data\Week24\ELDON7_20250630_055202.wav
363.0,366.0,Spizella pusilla,Field Sparrow,0.1064,D:\AcousticMonitoringData\ELDON7_Data\Week24\ELDON7_20250630_055202.wav
363.0,366.0,Passerina caerulea,Blue Grosbeak,0.0523,D:\AcousticMonitoringData\ELDON7_Data\Week24\ELDON7_20250630_055202.wav
375.0,378.0,Spizella pusilla,Field Sparrow,0.1374,D:\AcousticMonitoringData\ELDON7_Data\Week24\ELDON7_20250630_055202.wav
384.0,387.0,Geothlypis trichas,Common Yellowthroat,0.0508,D:\AcousticMonitoringData\ELDON7_Data\Week24\ELDON7_20250630_055202.wav
390.0,393.0,Spizella pusilla,Field Sparrow,0.2949,D:\AcousticMonitoringData\ELDON7_Data\Week24\ELDON7_20250630_055202.wav
399.0,402.0,Spizella pusilla,Field Sparrow,0.2116,D:\AcousticMonitoringData\ELDON7_Data\Week24\ELDON7_20250630_055202.wav
399.0,402.0,Passerina caerulea,Blue Grosbeak,0.0533,D:\AcousticMonitoringData\ELDON7_Data\Week24\ELDON7_20250630_055202.wav
402.0,405.0,Spizella pusilla,Field Sparrow,0.5135,D:\AcousticMonitoringData\ELDON7_Data\Week24\ELDON7_20250630_055202.wav
402.0,405.0,Passerina caerulea,Blue Grosbeak,0.0663,D:\AcousticMonitoringData\ELDON7_Data\Week24\ELDON7_20250630_055202.wav
405.0,408.0,Spizella pusilla,Field Sparrow,0.1203,D:\AcousticMonitoringData\ELDON7_Data\Week24\ELDON7_20250630_055202.wav
411.0,414.0,Passerina caerulea,Blue Grosbeak,0.0953,D:\AcousticMonitoringData\ELDON7_Data\Week24\ELDON7_20250630_055202.wav
420.0,423.0,Spizella pusilla,Field Sparrow,0.1185,D:\AcousticMonitoringData\ELDON7_Data\Week24\ELDON7_20250630_055202.wav
420.0,423.0,Geothlypis trichas,Common Yellowthroat,0.0520,D:\AcousticMonitoringData\ELDON7_Data\Week24\ELDON7_20250630_055202.wav
423.0,426.0,Spizella pusilla,Field Sparrow,0.1650,D:\AcousticMonitoringData\ELDON7_Data\Week24\ELDON7_20250630_055202.wav
426.0,429.0,Geothlypis trichas,Common Yellowthroat,0.0865,D:\AcousticMonitoringData\ELDON7_Data\Week24\ELDON7_20250630_055202.wav
426.0,429.0,Spizella pusilla,Field Sparrow,0.0835,D:\AcousticMonitoringData\ELDON7_Data\Week24\ELDON7_20250630_055202.wav
429.0,432.0,Spizella pusilla,Field Sparrow,0.0792,D:\AcousticMonitoringData\ELDON7_Data\Week24\ELDON7_20250630_055202.wav
441.0,444.0,Spizella pusilla,Field Sparrow,0.0916,D:\AcousticMonitoringData\ELDON7_Data\Week24\ELDON7_20250630_055202.wav
444.0,447.0,Geothlypis trichas,Common Yellowthroat,0.0773,D:\AcousticMonitoringData\ELDON7_Data\Week24\ELDON7_20250630_055202.wav
444.0,447.0,Spizella pusilla,Field Sparrow,0.0515,D:\AcousticMonitoringData\ELDON7_Data\Week24\ELDON7_20250630_055202.wav
447.0,450.0,Spizella pusilla,Field Sparrow,0.4200,D:\AcousticMonitoringData\ELDON7_Data\Week24\ELDON7_20250630_055202.wav
450.0,453.0,Geothlypis trichas,Common Yellowthroat,0.0545,D:\AcousticMonitoringData\ELDON7_Data\Week24\ELDON7_20250630_055202.wav
456.0,459.0,Spizella pusilla,Field Sparrow,0.0557,D:\AcousticMonitoringData\ELDON7_Data\Week24\ELDON7_20250630_055202.wav
459.0,462.0,Spizella pusilla,Field Sparrow,0.1123,D:\AcousticMonitoringData\ELDON7_Data\Week24\ELDON7_20250630_055202.wav
465.0,468.0,Spizella pusilla,Field Sparrow,0.2948,D:\AcousticMonitoringData\ELDON7_Data\Week24\ELDON7_20250630_055202.wav
471.0,474.0,Spizella pusilla,Field Sparrow,0.0878,D:\AcousticMonitoringData\ELDON7_Data\Week24\ELDON7_20250630_055202.wav
480.0,483.0,Spizella pusilla,Field Sparrow,0.0822,D:\AcousticMonitoringData\ELDON7_Data\Week24\ELDON7_20250630_055202.wav
483.0,486.0,Spizella pusilla,Field Sparrow,0.4370,D:\AcousticMonitoringData\ELDON7_Data\Week24\ELDON7_20250630_055202.wav
486.0,489.0,Spizella pusilla,Field Sparrow,0.2044,D:\AcousticMonitoringData\ELDON7_Data\Week24\ELDON7_20250630_055202.wav
486.0,489.0,Geothlypis trichas,Common Yellowthroat,0.0519,D:\AcousticMonitoringData\ELDON7_Data\Week24\ELDON7_20250630_055202.wav
495.0,498.0,Spizella pusilla,Field Sparrow,0.6073,D:\AcousticMonitoringData\ELDON7_Data\Week24\ELDON7_20250630_055202.wav
498.0,501.0,Spizella pusilla,Field Sparrow,0.5827,D:\AcousticMonitoringData\ELDON7_Data\Week24\ELDON7_20250630_055202.wav
504.0,507.0,Geothlypis trichas,Common Yellowthroat,0.0846,D:\AcousticMonitoringData\ELDON7_Data\Week24\ELDON7_20250630_055202.wav
513.0,516.0,Spizella pusilla,Field Sparrow,0.6102,D:\AcousticMonitoringData\ELDON7_Data\Week24\ELDON7_20250630_055202.wav
516.0,519.0,Spizella pusilla,Field Sparrow,0.0768,D:\AcousticMonitoringData\ELDON7_Data\Week24\ELDON7_20250630_055202.wav
522.0,525.0,Geothlypis trichas,Common Yellowthroat,0.1728,D:\AcousticMonitoringData\ELDON7_Data\Week24\ELDON7_20250630_055202.wav
525.0,528.0,Spizella pusilla,Field Sparrow,0.4229,D:\AcousticMonitoringData\ELDON7_Data\Week24\ELDON7_20250630_055202.wav
528.0,531.0,Spizella pusilla,Field Sparrow,0.1502,D:\AcousticMonitoringData\ELDON7_Data\Week24\ELDON7_20250630_055202.wav
528.0,531.0,Sturnella magna,Eastern Meadowlark,0.0501,D:\AcousticMonitoringData\ELDON7_Data\Week24\ELDON7_20250630_055202.wav
531.0,534.0,Spizella pusilla,Field Sparrow,0.0514,D:\AcousticMonitoringData\ELDON7_Data\Week24\ELDON7_20250630_055202.wav
531.0,534.0,Passerina caerulea,Blue Grosbeak,0.0502,D:\AcousticMonitoringData\ELDON7_Data\Week24\ELDON7_20250630_055202.wav
537.0,540.0,Spizella pusilla,Field Sparrow,0.0569,D:\AcousticMonitoringData\ELDON7_Data\Week24\ELDON7_20250630_055202.wav
540.0,543.0,Spizella pusilla,Field Sparrow,0.2145,D:\AcousticMonitoringData\ELDON7_Data\Week24\ELDON7_20250630_055202.wav
540.0,543.0,Sturnella magna,Eastern Meadowlark,0.0596,D:\AcousticMonitoringData\ELDON7_Data\Week24\ELDON7_20250630_055202.wav
543.0,546.0,Spizella pusilla,Field Sparrow,0.4080,D:\AcousticMonitoringData\ELDON7_Data\Week24\ELDON7_20250630_055202.wav
549.0,552.0,Spizella pusilla,Field Sparrow,0.2070,D:\AcousticMonitoringData\ELDON7_Data\Week24\ELDON7_20250630_055202.wav
552.0,555.0,Spizella pusilla,Field Sparrow,0.1520,D:\AcousticMonitoringData\ELDON7_Data\Week24\ELDON7_20250630_055202.wav
555.0,558.0,Spizella pusilla,Field Sparrow,0.0596,D:\AcousticMonitoringData\ELDON7_Data\Week24\ELDON7_20250630_055202.wav
561.0,564.0,Spizella pusilla,Field Sparrow,0.1776,D:\AcousticMonitoringData\ELDON7_Data\Week24\ELDON7_20250630_055202.wav
564.0,567.0,Spizella pusilla,Field Sparrow,0.2891,D:\AcousticMonitoringData\ELDON7_Data\Week24\ELDON7_20250630_055202.wav
567.0,570.0,Geothlypis trichas,Common Yellowthroat,0.0705,D:\AcousticMonitoringData\ELDON7_Data\Week24\ELDON7_20250630_055202.wav
567.0,570.0,Spizella pusilla,Field Sparrow,0.0568,D:\AcousticMonitoringData\ELDON7_Data\Week24\ELDON7_20250630_055202.wav
573.0,576.0,Spizella pusilla,Field Sparrow,0.1315,D:\AcousticMonitoringData\ELDON7_Data\Week24\ELDON7_20250630_055202.wav
576.0,579.0,Geothlypis trichas,Common Yellowthroat,0.0824,D:\AcousticMonitoringData\ELDON7_Data\Week24\ELDON7_20250630_055202.wav
576.0,579.0,Spizella pusilla,Field Sparrow,0.0707,D:\AcousticMonitoringData\ELDON7_Data\Week24\ELDON7_20250630_055202.wav
579.0,582.0,Spizella pusilla,Field Sparrow,0.0786,D:\AcousticMonitoringData\ELDON7_Data\Week24\ELDON7_20250630_055202.wav
582.0,585.0,Spizella pusilla,Field Sparrow,0.1074,D:\AcousticMonitoringData\ELDON7_Data\Week24\ELDON7_20250630_055202.wav
585.0,588.0,Spizella pusilla,Field Sparrow,0.1841,D:\AcousticMonitoringData\ELDON7_Data\Week24\ELDON7_20250630_055202.wav
588.0,591.0,Spizella pusilla,Field Sparrow,0.1035,D:\AcousticMonitoringData\ELDON7_Data\Week24\ELDON7_20250630_055202.wav
597.0,600.0,Spizella pusilla,Field Sparrow,0.0575,D:\AcousticMonitoringData\ELDON7_Data\Week24\ELDON7_20250630_055202.wav
600.0,603.0,Spizella pusilla,Field Sparrow,0.3148,D:\AcousticMonitoringData\ELDON7_Data\Week24\ELDON7_20250630_055202.wav
603.0,606.0,Spizella pusilla,Field Sparrow,0.0716,D:\AcousticMonitoringData\ELDON7_Data\Week24\ELDON7_20250630_055202.wav
609.0,612.0,Passerina caerulea,Blue Grosbeak,0.0530,D:\AcousticMonitoringData\ELDON7_Data\Week24\ELDON7_20250630_055202.wav
618.0,621.0,Spizella pusilla,Field Sparrow,0.1308,D:\AcousticMonitoringData\ELDON7_Data\Week24\ELDON7_20250630_055202.wav
630.0,633.0,Spizella pusilla,Field Sparrow,0.3739,D:\AcousticMonitoringData\ELDON7_Data\Week24\ELDON7_20250630_055202.wav
636.0,639.0,Passerina caerulea,Blue Grosbeak,0.0668,D:\AcousticMonitoringData\ELDON7_Data\Week24\ELDON7_20250630_055202.wav
642.0,645.0,Spizella pusilla,Field Sparrow,0.1280,D:\AcousticMonitoringData\ELDON7_Data\Week24\ELDON7_20250630_055202.wav
642.0,645.0,Passerina caerulea,Blue Grosbeak,0.0600,D:\AcousticMonitoringData\ELDON7_Data\Week24\ELDON7_20250630_055202.wav
654.0,657.0,Spizella pusilla,Field Sparrow,0.1707,D:\AcousticMonitoringData\ELDON7_Data\Week24\ELDON7_20250630_055202.wav
666.0,669.0,Spizella pusilla,Field Sparrow,0.0639,D:\AcousticMonitoringData\ELDON7_Data\Week24\ELDON7_20250630_055202.wav
669.0,672.0,Spizella pusilla,Field Sparrow,0.0599,D:\AcousticMonitoringData\ELDON7_Data\Week24\ELDON7_20250630_055202.wav
672.0,675.0,Spizella pusilla,Field Sparrow,0.4919,D:\AcousticMonitoringData\ELDON7_Data\Week24\ELDON7_20250630_055202.wav
681.0,684.0,Spizella pusilla,Field Sparrow,0.0934,D:\AcousticMonitoringData\ELDON7_Data\Week24\ELDON7_20250630_055202.wav
687.0,690.0,Spizella pusilla,Field Sparrow,0.0556,D:\AcousticMonitoringData\ELDON7_Data\Week24\ELDON7_20250630_055202.wav
696.0,699.0,Spizella pusilla,Field Sparrow,0.0516,D:\AcousticMonitoringData\ELDON7_Data\Week24\ELDON7_20250630_055202.wav
699.0,702.0,Spizella pusilla,Field Sparrow,0.1002,D:\AcousticMonitoringData\ELDON7_Data\Week24\ELDON7_20250630_055202.wav
705.0,708.0,Spizella pusilla,Field Sparrow,0.4824,D:\AcousticMonitoringData\ELDON7_Data\Week24\ELDON7_20250630_055202.wav
717.0,720.0,Geothlypis trichas,Common Yellowthroat,0.1065,D:\AcousticMonitoringData\ELDON7_Data\Week24\ELDON7_20250630_055202.wav
720.0,723.0,Spizella pusilla,Field Sparrow,0.0781,D:\AcousticMonitoringData\ELDON7_Data\Week24\ELDON7_20250630_055202.wav
723.0,726.0,Spizella pusilla,Field Sparrow,0.0628,D:\AcousticMonitoringData\ELDON7_Data\Week24\ELDON7_20250630_055202.wav
726.0,729.0,Spizella pusilla,Field Sparrow,0.0787,D:\AcousticMonitoringData\ELDON7_Data\Week24\ELDON7_20250630_055202.wav
726.0,729.0,Geothlypis trichas,Common Yellowthroat,0.0527,D:\AcousticMonitoringData\ELDON7_Data\Week24\ELDON7_20250630_055202.wav
732.0,735.0,Spizella pusilla,Field Sparrow,0.1107,D:\AcousticMonitoringData\ELDON7_Data\Week24\ELDON7_20250630_055202.wav
738.0,741.0,Spizella pusilla,Field Sparrow,0.2085,D:\AcousticMonitoringData\ELDON7_Data\Week24\ELDON7_20250630_055202.wav
744.0,747.0,Spizella pusilla,Field Sparrow,0.1050,D:\AcousticMonitoringData\ELDON7_Data\Week24\ELDON7_20250630_055202.wav
756.0,759.0,Geothlypis trichas,Common Yellowthroat,0.2077,D:\AcousticMonitoringData\ELDON7_Data\Week24\ELDON7_20250630_055202.wav
759.0,762.0,Spizella pusilla,Field Sparrow,0.0910,D:\AcousticMonitoringData\ELDON7_Data\Week24\ELDON7_20250630_055202.wav
762.0,765.0,Spizella pusilla,Field Sparrow,0.0903,D:\AcousticMonitoringData\ELDON7_Data\Week24\ELDON7_20250630_055202.wav
762.0,765.0,Passerina caerulea,Blue Grosbeak,0.0681,D:\AcousticMonitoringData\ELDON7_Data\Week24\ELDON7_20250630_055202.wav
768.0,771.0,Spizella pusilla,Field Sparrow,0.4401,D:\AcousticMonitoringData\ELDON7_Data\Week24\ELDON7_20250630_055202.wav
771.0,774.0,Spizella pusilla,Field Sparrow,0.0544,D:\AcousticMonitoringData\ELDON7_Data\Week24\ELDON7_20250630_055202.wav
774.0,777.0,Spizella pusilla,Field Sparrow,0.0535,D:\AcousticMonitoringData\ELDON7_Data\Week24\ELDON7_20250630_055202.wav
780.0,783.0,Geothlypis trichas,Common Yellowthroat,0.0853,D:\AcousticMonitoringData\ELDON7_Data\Week24\ELDON7_20250630_055202.wav
783.0,786.0,Spizella pusilla,Field Sparrow,0.0953,D:\AcousticMonitoringData\ELDON7_Data\Week24\ELDON7_20250630_055202.wav
786.0,789.0,Spizella pusilla,Field Sparrow,0.0531,D:\AcousticMonitoringData\ELDON7_Data\Week24\ELDON7_20250630_055202.wav
789.0,792.0,Spizella pusilla,Field Sparrow,0.2616,D:\AcousticMonitoringData\ELDON7_Data\Week24\ELDON7_20250630_055202.wav
792.0,795.0,Spizella pusilla,Field Sparrow,0.2984,D:\AcousticMonitoringData\ELDON7_Data\Week24\ELDON7_20250630_055202.wav
798.0,801.0,Spizella pusilla,Field Sparrow,0.0513,D:\AcousticMonitoringData\ELDON7_Data\Week24\ELDON7_20250630_055202.wav
810.0,813.0,Spizella pusilla,Field Sparrow,0.0657,D:\AcousticMonitoringData\ELDON7_Data\Week24\ELDON7_20250630_055202.wav
810.0,813.0,Geothlypis trichas,Common Yellowthroat,0.0621,D:\AcousticMonitoringData\ELDON7_Data\Week24\ELDON7_20250630_055202.wav
813.0,816.0,Spizella pusilla,Field Sparrow,0.1499,D:\AcousticMonitoringData\ELDON7_Data\Week24\ELDON7_20250630_055202.wav
816.0,819.0,Passerina caerulea,Blue Grosbeak,0.0608,D:\AcousticMonitoringData\ELDON7_Data\Week24\ELDON7_20250630_055202.wav
819.0,822.0,Geothlypis trichas,Common Yellowthroat,0.0885,D:\AcousticMonitoringData\ELDON7_Data\Week24\ELDON7_20250630_055202.wav
822.0,825.0,Geothlypis trichas,Common Yellowthroat,0.0668,D:\AcousticMonitoringData\ELDON7_Data\Week24\ELDON7_20250630_055202.wav
825.0,828.0,Spizella pusilla,Field Sparrow,0.8543,D:\AcousticMonitoringData\ELDON7_Data\Week24\ELDON7_20250630_055202.wav
840.0,843.0,Spizella pusilla,Field Sparrow,0.3086,D:\AcousticMonitoringData\ELDON7_Data\Week24\ELDON7_20250630_055202.wav
852.0,855.0,Spizella pusilla,Field Sparrow,0.1978,D:\AcousticMonitoringData\ELDON7_Data\Week24\ELDON7_20250630_055202.wav
861.0,864.0,Spizella pusilla,Field Sparrow,0.1144,D:\AcousticMonitoringData\ELDON7_Data\Week24\ELDON7_20250630_055202.wav
864.0,867.0,Spizella pusilla,Field Sparrow,0.3594,D:\AcousticMonitoringData\ELDON7_Data\Week24\ELDON7_20250630_055202.wav
873.0,876.0,Spizella pusilla,Field Sparrow,0.0919,D:\AcousticMonitoringData\ELDON7_Data\Week24\ELDON7_20250630_055202.wav
876.0,879.0,Spizella pusilla,Field Sparrow,0.1451,D:\AcousticMonitoringData\ELDON7_Data\Week24\ELDON7_20250630_055202.wav
879.0,882.0,Spizella pusilla,Field Sparrow,0.0547,D:\AcousticMonitoringData\ELDON7_Data\Week24\ELDON7_20250630_055202.wav
882.0,885.0,Geothlypis trichas,Common Yellowthroat,0.0862,D:\AcousticMonitoringData\ELDON7_Data\Week24\ELDON7_20250630_055202.wav
891.0,894.0,Spizella pusilla,Field Sparrow,0.0767,D:\AcousticMonitoringData\ELDON7_Data\Week24\ELDON7_20250630_055202.wav
903.0,906.0,Spizella pusilla,Field Sparrow,0.1842,D:\AcousticMonitoringData\ELDON7_Data\Week24\ELDON7_20250630_055202.wav
906.0,909.0,Spizella pusilla,Field Sparrow,0.0758,D:\AcousticMonitoringData\ELDON7_Data\Week24\ELDON7_20250630_055202.wav
909.0,912.0,Spizella pusilla,Field Sparrow,0.3366,D:\AcousticMonitoringData\ELDON7_Data\Week24\ELDON7_20250630_055202.wav
915.0,918.0,Spizella pusilla,Field Sparrow,0.2603,D:\AcousticMonitoringData\ELDON7_Data\Week24\ELDON7_20250630_055202.wav
918.0,921.0,Spizella pusilla,Field Sparrow,0.0829,D:\AcousticMonitoringData\ELDON7_Data\Week24\ELDON7_20250630_055202.wav
927.0,930.0,Spizella pusilla,Field Sparrow,0.1250,D:\AcousticMonitoringData\ELDON7_Data\Week24\ELDON7_20250630_055202.wav
930.0,933.0,Spizella pusilla,Field Sparrow,0.1656,D:\AcousticMonitoringData\ELDON7_Data\Week24\ELDON7_20250630_055202.wav
936.0,939.0,Spizella pusilla,Field Sparrow,0.2460,D:\AcousticMonitoringData\ELDON7_Data\Week24\ELDON7_20250630_055202.wav
939.0,942.0,Spizella pusilla,Field Sparrow,0.3714,D:\AcousticMonitoringData\ELDON7_Data\Week24\ELDON7_20250630_055202.wav
939.0,942.0,Passerina caerulea,Blue Grosbeak,0.0554,D:\AcousticMonitoringData\ELDON7_Data\Week24\ELDON7_20250630_055202.wav
942.0,945.0,Spizella pusilla,Field Sparrow,0.1646,D:\AcousticMonitoringData\ELDON7_Data\Week24\ELDON7_20250630_055202.wav
945.0,948.0,Spizella pusilla,Field Sparrow,0.0606,D:\AcousticMonitoringData\ELDON7_Data\Week24\ELDON7_20250630_055202.wav
951.0,954.0,Spizella pusilla,Field Sparrow,0.0902,D:\AcousticMonitoringData\ELDON7_Data\Week24\ELDON7_20250630_055202.wav
966.0,969.0,Spizella pusilla,Field Sparrow,0.0830,D:\AcousticMonitoringData\ELDON7_Data\Week24\ELDON7_20250630_055202.wav
969.0,972.0,Spizella pusilla,Field Sparrow,0.4474,D:\AcousticMonitoringData\ELDON7_Data\Week24\ELDON7_20250630_055202.wav
975.0,978.0,Spizella pusilla,Field Sparrow,0.0948,D:\AcousticMonitoringData\ELDON7_Data\Week24\ELDON7_20250630_055202.wav
978.0,981.0,Spizella pusilla,Field Sparrow,0.0546,D:\AcousticMonitoringData\ELDON7_Data\Week24\ELDON7_20250630_055202.wav
987.0,990.0,Spizella pusilla,Field Sparrow,0.0624,D:\AcousticMonitoringData\ELDON7_Data\Week24\ELDON7_20250630_055202.wav
990.0,993.0,Passerina caerulea,Blue Grosbeak,0.0805,D:\AcousticMonitoringData\ELDON7_Data\Week24\ELDON7_20250630_055202.wav
990.0,993.0,Spizella pusilla,Field Sparrow,0.0573,D:\AcousticMonitoringData\ELDON7_Data\Week24\ELDON7_20250630_055202.wav
1002.0,1005.0,Spizella pusilla,Field Sparrow,0.0721,D:\AcousticMonitoringData\ELDON7_Data\Week24\ELDON7_20250630_055202.wav
1014.0,1017.0,Spizella pusilla,Field Sparrow,0.0898,D:\AcousticMonitoringData\ELDON7_Data\Week24\ELDON7_20250630_055202.wav
1017.0,1020.0,Spizella pusilla,Field Sparrow,0.1013,D:\AcousticMonitoringData\ELDON7_Data\Week24\ELDON7_20250630_055202.wav
1026.0,1029.0,Spizella pusilla,Field Sparrow,0.0644,D:\AcousticMonitoringData\ELDON7_Data\Week24\ELDON7_20250630_055202.wav
1032.0,1035.0,Spizella pusilla,Field Sparrow,0.1057,D:\AcousticMonitoringData\ELDON7_Data\Week24\ELDON7_20250630_055202.wav
1035.0,1038.0,Passerina caerulea,Blue Grosbeak,0.0722,D:\AcousticMonitoringData\ELDON7_Data\Week24\ELDON7_20250630_055202.wav
1038.0,1041.0,Geothlypis trichas,Common Yellowthroat,0.1013,D:\AcousticMonitoringData\ELDON7_Data\Week24\ELDON7_20250630_055202.wav
1044.0,1047.0,Spizella pusilla,Field Sparrow,0.2578,D:\AcousticMonitoringData\ELDON7_Data\Week24\ELDON7_20250630_055202.wav
1047.0,1050.0,Spizella pusilla,Field Sparrow,0.0748,D:\AcousticMonitoringData\ELDON7_Data\Week24\ELDON7_20250630_055202.wav
1059.0,1062.0,Spizella pusilla,Field Sparrow,0.0583,D:\AcousticMonitoringData\ELDON7_Data\Week24\ELDON7_20250630_055202.wav
1062.0,1065.0,Spizella pusilla,Field Sparrow,0.0559,D:\AcousticMonitoringData\ELDON7_Data\Week24\ELDON7_20250630_055202.wav
1068.0,1071.0,Spizella pusilla,Field Sparrow,0.1520,D:\AcousticMonitoringData\ELDON7_Data\Week24\ELDON7_20250630_055202.wav
1071.0,1074.0,Geothlypis trichas,Common Yellowthroat,0.0729,D:\AcousticMonitoringData\ELDON7_Data\Week24\ELDON7_20250630_055202.wav
1077.0,1080.0,Passerina caerulea,Blue Grosbeak,0.0654,D:\AcousticMonitoringData\ELDON7_Data\Week24\ELDON7_20250630_055202.wav
1080.0,1083.0,Spizella pusilla,Field Sparrow,0.0505,D:\AcousticMonitoringData\ELDON7_Data\Week24\ELDON7_20250630_055202.wav
1083.0,1086.0,Geothlypis trichas,Common Yellowthroat,0.1584,D:\AcousticMonitoringData\ELDON7_Data\Week24\ELDON7_20250630_055202.wav
1089.0,1092.0,Geothlypis trichas,Common Yellowthroat,0.1141,D:\AcousticMonitoringData\ELDON7_Data\Week24\ELDON7_20250630_055202.wav
1092.0,1095.0,Geothlypis trichas,Common Yellowthroat,0.2610,D:\AcousticMonitoringData\ELDON7_Data\Week24\ELDON7_20250630_055202.wav
1095.0,1098.0,Geothlypis trichas,Common Yellowthroat,0.1736,D:\AcousticMonitoringData\ELDON7_Data\Week24\ELDON7_20250630_055202.wav
1095.0,1098.0,Spizella pusilla,Field Sparrow,0.0524,D:\AcousticMonitoringData\ELDON7_Data\Week24\ELDON7_20250630_055202.wav
1101.0,1104.0,Geothlypis trichas,Common Yellowthroat,0.1095,D:\AcousticMonitoringData\ELDON7_Data\Week24\ELDON7_20250630_055202.wav
1107.0,1110.0,Spizella pusilla,Field Sparrow,0.2659,D:\AcousticMonitoringData\ELDON7_Data\Week24\ELDON7_20250630_055202.wav
1119.0,1122.0,Geothlypis trichas,Common Yellowthroat,0.1230,D:\AcousticMonitoringData\ELDON7_Data\Week24\ELDON7_20250630_055202.wav
1122.0,1125.0,Geothlypis trichas,Common Yellowthroat,0.1068,D:\AcousticMonitoringData\ELDON7_Data\Week24\ELDON7_20250630_055202.wav
1125.0,1128.0,Geothlypis trichas,Common Yellowthroat,0.0835,D:\AcousticMonitoringData\ELDON7_Data\Week24\ELDON7_20250630_055202.wav
1131.0,1134.0,Spizella pusilla,Field Sparrow,0.0586,D:\AcousticMonitoringData\ELDON7_Data\Week24\ELDON7_20250630_055202.wav
1131.0,1134.0,Geothlypis trichas,Common Yellowthroat,0.0535,D:\AcousticMonitoringData\ELDON7_Data\Week24\ELDON7_20250630_055202.wav
1134.0,1137.0,Spizella pusilla,Field Sparrow,0.1029,D:\AcousticMonitoringData\ELDON7_Data\Week24\ELDON7_20250630_055202.wav
1137.0,1140.0,Spizella pusilla,Field Sparrow,0.7640,D:\AcousticMonitoringData\ELDON7_Data\Week24\ELDON7_20250630_055202.wav
1140.0,1143.0,Geothlypis trichas,Common Yellowthroat,0.0944,D:\AcousticMonitoringData\ELDON7_Data\Week24\ELDON7_20250630_055202.wav
1155.0,1158.0,Geothlypis trichas,Common Yellowthroat,0.0675,D:\AcousticMonitoringData\ELDON7_Data\Week24\ELDON7_20250630_055202.wav
1161.0,1164.0,Geothlypis trichas,Common Yellowthroat,0.0526,D:\AcousticMonitoringData\ELDON7_Data\Week24\ELDON7_20250630_055202.wav
1164.0,1167.0,Spizella pusilla,Field Sparrow,0.8659,D:\AcousticMonitoringData\ELDON7_Data\Week24\ELDON7_20250630_055202.wav
1170.0,1173.0,Spizella pusilla,Field Sparrow,0.0807,D:\AcousticMonitoringData\ELDON7_Data\Week24\ELDON7_20250630_055202.wav
1173.0,1176.0,Spizella pusilla,Field Sparrow,0.3371,D:\AcousticMonitoringData\ELDON7_Data\Week24\ELDON7_20250630_055202.wav
1176.0,1179.0,Spizella pusilla,Field Sparrow,0.0547,D:\AcousticMonitoringData\ELDON7_Data\Week24\ELDON7_20250630_055202.wav
1179.0,1182.0,Spizella pusilla,Field Sparrow,0.2704,D:\AcousticMonitoringData\ELDON7_Data\Week24\ELDON7_20250630_055202.wav
1179.0,1182.0,Sturnella magna,Eastern Meadowlark,0.0742,D:\AcousticMonitoringData\ELDON7_Data\Week24\ELDON7_20250630_055202.wav
1182.0,1185.0,Spizella pusilla,Field Sparrow,0.4681,D:\AcousticMonitoringData\ELDON7_Data\Week24\ELDON7_20250630_055202.wav
1185.0,1188.0,Spizella pusilla,Field Sparrow,0.2001,D:\AcousticMonitoringData\ELDON7_Data\Week24\ELDON7_20250630_055202.wav
1194.0,1197.0,Geothlypis trichas,Common Yellowthroat,0.2301,D:\AcousticMonitoringData\ELDON7_Data\Week24\ELDON7_20250630_055202.wav
1197.0,1200.0,Spizella pusilla,Field Sparrow,0.1340,D:\AcousticMonitoringData\ELDON7_Data\Week24\ELDON7_20250630_055202.wav
1200.0,1203.0,Spizella pusilla,Field Sparrow,0.0843,D:\AcousticMonitoringData\ELDON7_Data\Week24\ELDON7_20250630_055202.wav
1206.0,1209.0,Geothlypis trichas,Common Yellowthroat,0.0744,D:\AcousticMonitoringData\ELDON7_Data\Week24\ELDON7_20250630_055202.wav
1209.0,1212.0,Spizella pusilla,Field Sparrow,0.1162,D:\AcousticMonitoringData\ELDON7_Data\Week24\ELDON7_20250630_055202.wav
1209.0,1212.0,Geothlypis trichas,Common Yellowthroat,0.0687,D:\AcousticMonitoringData\ELDON7_Data\Week24\ELDON7_20250630_055202.wav
1215.0,1218.0,Spizella pusilla,Field Sparrow,0.3303,D:\AcousticMonitoringData\ELDON7_Data\Week24\ELDON7_20250630_055202.wav
1224.0,1227.0,Spizella pusilla,Field Sparrow,0.0889,D:\AcousticMonitoringData\ELDON7_Data\Week24\ELDON7_20250630_055202.wav
1236.0,1239.0,Spizella pusilla,Field Sparrow,0.4759,D:\AcousticMonitoringData\ELDON7_Data\Week24\ELDON7_20250630_055202.wav
1245.0,1248.0,Geothlypis trichas,Common Yellowthroat,0.0635,D:\AcousticMonitoringData\ELDON7_Data\Week24\ELDON7_20250630_055202.wav
1251.0,1254.0,Spizella pusilla,Field Sparrow,0.2132,D:\AcousticMonitoringData\ELDON7_Data\Week24\ELDON7_20250630_055202.wav
1254.0,1257.0,Spizella pusilla,Field Sparrow,0.2005,D:\AcousticMonitoringData\ELDON7_Data\Week24\ELDON7_20250630_055202.wav
1263.0,1266.0,Spizella pusilla,Field Sparrow,0.2324,D:\AcousticMonitoringData\ELDON7_Data\Week24\ELDON7_20250630_055202.wav
1275.0,1278.0,Spizella pusilla,Field Sparrow,0.5466,D:\AcousticMonitoringData\ELDON7_Data\Week24\ELDON7_20250630_055202.wav
1278.0,1281.0,Spizella pusilla,Field Sparrow,0.0990,D:\AcousticMonitoringData\ELDON7_Data\Week24\ELDON7_20250630_055202.wav
1287.0,1290.0,Spizella pusilla,Field Sparrow,0.3360,D:\AcousticMonitoringData\ELDON7_Data\Week24\ELDON7_20250630_055202.wav
1296.0,1299.0,Spizella pusilla,Field Sparrow,0.8276,D:\AcousticMonitoringData\ELDON7_Data\Week24\ELDON7_20250630_055202.wav
1299.0,1302.0,Spizella pusilla,Field Sparrow,0.3058,D:\AcousticMonitoringData\ELDON7_Data\Week24\ELDON7_20250630_055202.wav
1302.0,1305.0,Spizella pusilla,Field Sparrow,0.0543,D:\AcousticMonitoringData\ELDON7_Data\Week24\ELDON7_20250630_055202.wav
1317.0,1320.0,Spizella pusilla,Field Sparrow,0.5076,D:\AcousticMonitoringData\ELDON7_Data\Week24\ELDON7_20250630_055202.wav
1329.0,1332.0,Spizella pusilla,Field Sparrow,0.0738,D:\AcousticMonitoringData\ELDON7_Data\Week24\ELDON7_20250630_055202.wav
1332.0,1335.0,Geothlypis trichas,Common Yellowthroat,0.0693,D:\AcousticMonitoringData\ELDON7_Data\Week24\ELDON7_20250630_055202.wav
1341.0,1344.0,Spizella pusilla,Field Sparrow,0.1196,D:\AcousticMonitoringData\ELDON7_Data\Week24\ELDON7_20250630_055202.wav
1344.0,1347.0,Spizella pusilla,Field Sparrow,0.6189,D:\AcousticMonitoringData\ELDON7_Data\Week24\ELDON7_20250630_055202.wav
1347.0,1350.0,Spizella pusilla,Field Sparrow,0.0666,D:\AcousticMonitoringData\ELDON7_Data\Week24\ELDON7_20250630_055202.wav
1350.0,1353.0,Spizella pusilla,Field Sparrow,0.0533,D:\AcousticMonitoringData\ELDON7_Data\Week24\ELDON7_20250630_055202.wav
1368.0,1371.0,Spizella pusilla,Field Sparrow,0.2384,D:\AcousticMonitoringData\ELDON7_Data\Week24\ELDON7_20250630_055202.wav
1371.0,1374.0,Spizella pusilla,Field Sparrow,0.1326,D:\AcousticMonitoringData\ELDON7_Data\Week24\ELDON7_20250630_055202.wav
1380.0,1383.0,Geothlypis trichas,Common Yellowthroat,0.0627,D:\AcousticMonitoringData\ELDON7_Data\Week24\ELDON7_20250630_055202.wav
1383.0,1386.0,Spizella pusilla,Field Sparrow,0.1037,D:\AcousticMonitoringData\ELDON7_Data\Week24\ELDON7_20250630_055202.wav
1386.0,1389.0,Spizella pusilla,Field Sparrow,0.0628,D:\AcousticMonitoringData\ELDON7_Data\Week24\ELDON7_20250630_055202.wav
1395.0,1398.0,Spizella pusilla,Field Sparrow,0.3094,D:\AcousticMonitoringData\ELDON7_Data\Week24\ELDON7_20250630_055202.wav
1398.0,1401.0,Geothlypis trichas,Common Yellowthroat,0.0620,D:\AcousticMonitoringData\ELDON7_Data\Week24\ELDON7_20250630_055202.wav
1407.0,1410.0,Spizella pusilla,Field Sparrow,0.4924,D:\AcousticMonitoringData\ELDON7_Data\Week24\ELDON7_20250630_055202.wav
1410.0,1413.0,Spizella pusilla,Field Sparrow,0.5080,D:\AcousticMonitoringData\ELDON7_Data\Week24\ELDON7_20250630_055202.wav
1419.0,1422.0,Geothlypis trichas,Common Yellowthroat,0.2636,D:\AcousticMonitoringData\ELDON7_Data\Week24\ELDON7_20250630_055202.wav
1422.0,1425.0,Spizella pusilla,Field Sparrow,0.1614,D:\AcousticMonitoringData\ELDON7_Data\Week24\ELDON7_20250630_055202.wav
1422.0,1425.0,Geothlypis trichas,Common Yellowthroat,0.0687,D:\AcousticMonitoringData\ELDON7_Data\Week24\ELDON7_20250630_055202.wav
1431.0,1434.0,Geothlypis trichas,Common Yellowthroat,0.1386,D:\AcousticMonitoringData\ELDON7_Data\Week24\ELDON7_20250630_055202.wav
1440.0,1443.0,Spizella pusilla,Field Sparrow,0.0795,D:\AcousticMonitoringData\ELDON7_Data\Week24\ELDON7_20250630_055202.wav
1443.0,1446.0,Spizella pusilla,Field Sparrow,0.1107,D:\AcousticMonitoringData\ELDON7_Data\Week24\ELDON7_20250630_055202.wav
1449.0,1452.0,Geothlypis trichas,Common Yellowthroat,0.0873,D:\AcousticMonitoringData\ELDON7_Data\Week24\ELDON7_20250630_055202.wav
1452.0,1455.0,Geothlypis trichas,Common Yellowthroat,0.2376,D:\AcousticMonitoringData\ELDON7_Data\Week24\ELDON7_20250630_055202.wav
1455.0,1458.0,Spizella pusilla,Field Sparrow,0.1532,D:\AcousticMonitoringData\ELDON7_Data\Week24\ELDON7_20250630_055202.wav
1458.0,1461.0,Spizella pusilla,Field Sparrow,0.0584,D:\AcousticMonitoringData\ELDON7_Data\Week24\ELDON7_20250630_055202.wav
1461.0,1464.0,Geothlypis trichas,Common Yellowthroat,0.1151,D:\AcousticMonitoringData\ELDON7_Data\Week24\ELDON7_20250630_055202.wav
1464.0,1467.0,Spizella pusilla,Field Sparrow,0.1763,D:\AcousticMonitoringData\ELDON7_Data\Week24\ELDON7_20250630_055202.wav
1467.0,1470.0,Spizella pusilla,Field Sparrow,0.6127,D:\AcousticMonitoringData\ELDON7_Data\Week24\ELDON7_20250630_055202.wav
1470.0,1473.0,Spizella pusilla,Field Sparrow,0.1025,D:\AcousticMonitoringData\ELDON7_Data\Week24\ELDON7_20250630_055202.wav
1473.0,1476.0,Geothlypis trichas,Common Yellowthroat,0.2216,D:\AcousticMonitoringData\ELDON7_Data\Week24\ELDON7_20250630_055202.wav
1476.0,1479.0,Geothlypis trichas,Common Yellowthroat,0.2353,D:\AcousticMonitoringData\ELDON7_Data\Week24\ELDON7_20250630_055202.wav
1479.0,1482.0,Geothlypis trichas,Common Yellowthroat,0.0633,D:\AcousticMonitoringData\ELDON7_Data\Week24\ELDON7_20250630_055202.wav
1482.0,1485.0,Spizella pusilla,Field Sparrow,0.1332,D:\AcousticMonitoringData\ELDON7_Data\Week24\ELDON7_20250630_055202.wav
1485.0,1488.0,Passerina caerulea,Blue Grosbeak,0.0562,D:\AcousticMonitoringData\ELDON7_Data\Week24\ELDON7_20250630_055202.wav
1488.0,1491.0,Spizella pusilla,Field Sparrow,0.0680,D:\AcousticMonitoringData\ELDON7_Data\Week24\ELDON7_20250630_055202.wav
1491.0,1494.0,Spizella pusilla,Field Sparrow,0.4143,D:\AcousticMonitoringData\ELDON7_Data\Week24\ELDON7_20250630_055202.wav
1494.0,1497.0,Spizella pusilla,Field Sparrow,0.6375,D:\AcousticMonitoringData\ELDON7_Data\Week24\ELDON7_20250630_055202.wav
1494.0,1497.0,Geothlypis trichas,Common Yellowthroat,0.1433,D:\AcousticMonitoringData\ELDON7_Data\Week24\ELDON7_20250630_055202.wav
1497.0,1500.0,Geothlypis trichas,Common Yellowthroat,0.1671,D:\AcousticMonitoringData\ELDON7_Data\Week24\ELDON7_20250630_055202.wav
1500.0,1503.0,Spizella pusilla,Field Sparrow,0.0652,D:\AcousticMonitoringData\ELDON7_Data\Week24\ELDON7_20250630_055202.wav
1503.0,1506.0,Spizella pusilla,Field Sparrow,0.0732,D:\AcousticMonitoringData\ELDON7_Data\Week24\ELDON7_20250630_055202.wav
1506.0,1509.0,Geothlypis trichas,Common Yellowthroat,0.2143,D:\AcousticMonitoringData\ELDON7_Data\Week24\ELDON7_20250630_055202.wav
1506.0,1509.0,Spizella pusilla,Field Sparrow,0.0502,D:\AcousticMonitoringData\ELDON7_Data\Week24\ELDON7_20250630_055202.wav
1512.0,1515.0,Spizella pusilla,Field Sparrow,0.0781,D:\AcousticMonitoringData\ELDON7_Data\Week24\ELDON7_20250630_055202.wav
1515.0,1518.0,Spizella pusilla,Field Sparrow,0.2240,D:\AcousticMonitoringData\ELDON7_Data\Week24\ELDON7_20250630_055202.wav
1518.0,1521.0,Geothlypis trichas,Common Yellowthroat,0.0760,D:\AcousticMonitoringData\ELDON7_Data\Week24\ELDON7_20250630_055202.wav
1539.0,1542.0,Spizella pusilla,Field Sparrow,0.6388,D:\AcousticMonitoringData\ELDON7_Data\Week24\ELDON7_20250630_055202.wav
1542.0,1545.0,Spizella pusilla,Field Sparrow,0.0628,D:\AcousticMonitoringData\ELDON7_Data\Week24\ELDON7_20250630_055202.wav
1557.0,1560.0,Spizella pusilla,Field Sparrow,0.0753,D:\AcousticMonitoringData\ELDON7_Data\Week24\ELDON7_20250630_055202.wav
1560.0,1563.0,Spizella pusilla,Field Sparrow,0.3848,D:\AcousticMonitoringData\ELDON7_Data\Week24\ELDON7_20250630_055202.wav
1563.0,1566.0,Spizella pusilla,Field Sparrow,0.5092,D:\AcousticMonitoringData\ELDON7_Data\Week24\ELDON7_20250630_055202.wav
1578.0,1581.0,Spizella pusilla,Field Sparrow,0.1445,D:\AcousticMonitoringData\ELDON7_Data\Week24\ELDON7_20250630_055202.wav
1581.0,1584.0,Spizella pusilla,Field Sparrow,0.3273,D:\AcousticMonitoringData\ELDON7_Data\Week24\ELDON7_20250630_055202.wav
1584.0,1587.0,Spizella pusilla,Field Sparrow,0.4413,D:\AcousticMonitoringData\ELDON7_Data\Week24\ELDON7_20250630_055202.wav
1590.0,1593.0,Geothlypis trichas,Common Yellowthroat,0.0500,D:\AcousticMonitoringData\ELDON7_Data\Week24\ELDON7_20250630_055202.wav
1593.0,1596.0,Spizella pusilla,Field Sparrow,0.0635,D:\AcousticMonitoringData\ELDON7_Data\Week24\ELDON7_20250630_055202.wav
1599.0,1602.0,Geothlypis trichas,Common Yellowthroat,0.3126,D:\AcousticMonitoringData\ELDON7_Data\Week24\ELDON7_20250630_055202.wav
1602.0,1605.0,Geothlypis trichas,Common Yellowthroat,0.1699,D:\AcousticMonitoringData\ELDON7_Data\Week24\ELDON7_20250630_055202.wav
1608.0,1611.0,Spizella pusilla,Field Sparrow,0.1822,D:\AcousticMonitoringData\ELDON7_Data\Week24\ELDON7_20250630_055202.wav
1623.0,1626.0,Spizella pusilla,Field Sparrow,0.2079,D:\AcousticMonitoringData\ELDON7_Data\Week24\ELDON7_20250630_055202.wav
1626.0,1629.0,Spizella pusilla,Field Sparrow,0.7625,D:\AcousticMonitoringData\ELDON7_Data\Week24\ELDON7_20250630_055202.wav
1635.0,1638.0,Geothlypis trichas,Common Yellowthroat,0.0705,D:\AcousticMonitoringData\ELDON7_Data\Week24\ELDON7_20250630_055202.wav
1635.0,1638.0,Spizella pusilla,Field Sparrow,0.0549,D:\AcousticMonitoringData\ELDON7_Data\Week24\ELDON7_20250630_055202.wav
1641.0,1644.0,Spizella pusilla,Field Sparrow,0.0515,D:\AcousticMonitoringData\ELDON7_Data\Week24\ELDON7_20250630_055202.wav
1644.0,1647.0,Geothlypis trichas,Common Yellowthroat,0.0569,D:\AcousticMonitoringData\ELDON7_Data\Week24\ELDON7_20250630_055202.wav
1647.0,1650.0,Spizella pusilla,Field Sparrow,0.0568,D:\AcousticMonitoringData\ELDON7_Data\Week24\ELDON7_20250630_055202.wav
1650.0,1653.0,Spizella pusilla,Field Sparrow,0.3052,D:\AcousticMonitoringData\ELDON7_Data\Week24\ELDON7_20250630_055202.wav
1662.0,1665.0,Spizella pusilla,Field Sparrow,0.7842,D:\AcousticMonitoringData\ELDON7_Data\Week24\ELDON7_20250630_055202.wav
1665.0,1668.0,Spizella pusilla,Field Sparrow,0.5314,D:\AcousticMonitoringData\ELDON7_Data\Week24\ELDON7_20250630_055202.wav
1674.0,1677.0,Spizella pusilla,Field Sparrow,0.0639,D:\AcousticMonitoringData\ELDON7_Data\Week24\ELDON7_20250630_055202.wav
1677.0,1680.0,Spizella pusilla,Field Sparrow,0.2162,D:\AcousticMonitoringData\ELDON7_Data\Week24\ELDON7_20250630_055202.wav
1677.0,1680.0,Passerina caerulea,Blue Grosbeak,0.0615,D:\AcousticMonitoringData\ELDON7_Data\Week24\ELDON7_20250630_055202.wav
1683.0,1686.0,Spizella pusilla,Field Sparrow,0.0958,D:\AcousticMonitoringData\ELDON7_Data\Week24\ELDON7_20250630_055202.wav
1686.0,1689.0,Spizella pusilla,Field Sparrow,0.4635,D:\AcousticMonitoringData\ELDON7_Data\Week24\ELDON7_20250630_055202.wav
1689.0,1692.0,Spizella pusilla,Field Sparrow,0.1550,D:\AcousticMonitoringData\ELDON7_Data\Week24\ELDON7_20250630_055202.wav
1701.0,1704.0,Spizella pusilla,Field Sparrow,0.0601,D:\AcousticMonitoringData\ELDON7_Data\Week24\ELDON7_20250630_055202.wav
1704.0,1707.0,Spizella pusilla,Field Sparrow,0.0853,D:\AcousticMonitoringData\ELDON7_Data\Week24\ELDON7_20250630_055202.wav
1707.0,1710.0,Spizella pusilla,Field Sparrow,0.5762,D:\AcousticMonitoringData\ELDON7_Data\Week24\ELDON7_20250630_055202.wav
1710.0,1713.0,Spizella pusilla,Field Sparrow,0.0646,D:\AcousticMonitoringData\ELDON7_Data\Week24\ELDON7_20250630_055202.wav
1713.0,1716.0,Spizella pusilla,Field Sparrow,0.2637,D:\AcousticMonitoringData\ELDON7_Data\Week24\ELDON7_20250630_055202.wav
1713.0,1716.0,Geothlypis trichas,Common Yellowthroat,0.0738,D:\AcousticMonitoringData\ELDON7_Data\Week24\ELDON7_20250630_055202.wav
1716.0,1719.0,Spizella pusilla,Field Sparrow,0.2375,D:\AcousticMonitoringData\ELDON7_Data\Week24\ELDON7_20250630_055202.wav
1719.0,1722.0,Spizella pusilla,Field Sparrow,0.1472,D:\AcousticMonitoringData\ELDON7_Data\Week24\ELDON7_20250630_055202.wav
1719.0,1722.0,Geothlypis trichas,Common Yellowthroat,0.0670,D:\AcousticMonitoringData\ELDON7_Data\Week24\ELDON7_20250630_055202.wav
1722.0,1725.0,Geothlypis trichas,Common Yellowthroat,0.0655,D:\AcousticMonitoringData\ELDON7_Data\Week24\ELDON7_20250630_055202.wav
1725.0,1728.0,Spizella pusilla,Field Sparrow,0.2015,D:\AcousticMonitoringData\ELDON7_Data\Week24\ELDON7_20250630_055202.wav
1725.0,1728.0,Sturnella magna,Eastern Meadowlark,0.0520,D:\AcousticMonitoringData\ELDON7_Data\Week24\ELDON7_20250630_055202.wav
1728.0,1731.0,Spizella pusilla,Field Sparrow,0.2950,D:\AcousticMonitoringData\ELDON7_Data\Week24\ELDON7_20250630_055202.wav
1728.0,1731.0,Passerina caerulea,Blue Grosbeak,0.0594,D:\AcousticMonitoringData\ELDON7_Data\Week24\ELDON7_20250630_055202.wav
1731.0,1734.0,Spizella pusilla,Field Sparrow,0.3696,D:\AcousticMonitoringData\ELDON7_Data\Week24\ELDON7_20250630_055202.wav
1734.0,1737.0,Spizella pusilla,Field Sparrow,0.4052,D:\AcousticMonitoringData\ELDON7_Data\Week24\ELDON7_20250630_055202.wav
1737.0,1740.0,Geothlypis trichas,Common Yellowthroat,0.1608,D:\AcousticMonitoringData\ELDON7_Data\Week24\ELDON7_20250630_055202.wav
1740.0,1743.0,Spizella pusilla,Field Sparrow,0.1945,D:\AcousticMonitoringData\ELDON7_Data\Week24\ELDON7_20250630_055202.wav
1740.0,1743.0,Passerina caerulea,Blue Grosbeak,0.0679,D:\AcousticMonitoringData\ELDON7_Data\Week24\ELDON7_20250630_055202.wav
1746.0,1749.0,Spizella pusilla,Field Sparrow,0.0604,D:\AcousticMonitoringData\ELDON7_Data\Week24\ELDON7_20250630_055202.wav
1749.0,1752.0,Spizella pusilla,Field Sparrow,0.0621,D:\AcousticMonitoringData\ELDON7_Data\Week24\ELDON7_20250630_055202.wav
1752.0,1755.0,Spizella pusilla,Field Sparrow,0.4167,D:\AcousticMonitoringData\ELDON7_Data\Week24\ELDON7_20250630_055202.wav
1758.0,1761.0,Spizella pusilla,Field Sparrow,0.1114,D:\AcousticMonitoringData\ELDON7_Data\Week24\ELDON7_20250630_055202.wav
1764.0,1767.0,Spizella pusilla,Field Sparrow,0.3421,D:\AcousticMonitoringData\ELDON7_Data\Week24\ELDON7_20250630_055202.wav
1773.0,1776.0,Spizella pusilla,Field Sparrow,0.0680,D:\AcousticMonitoringData\ELDON7_Data\Week24\ELDON7_20250630_055202.wav
1776.0,1779.0,Spizella pusilla,Field Sparrow,0.2201,D:\AcousticMonitoringData\ELDON7_Data\Week24\ELDON7_20250630_055202.wav
1782.0,1785.0,Spizella pusilla,Field Sparrow,0.0541,D:\AcousticMonitoringData\ELDON7_Data\Week24\ELDON7_20250630_055202.wav
1785.0,1788.0,Spizella pusilla,Field Sparrow,0.0768,D:\AcousticMonitoringData\ELDON7_Data\Week24\ELDON7_20250630_055202.wav
1788.0,1791.0,Spizella pusilla,Field Sparrow,0.5662,D:\AcousticMonitoringData\ELDON7_Data\Week24\ELDON7_20250630_055202.wav
1791.0,1794.0,Spizella pusilla,Field Sparrow,0.1878,D:\AcousticMonitoringData\ELDON7_Data\Week24\ELDON7_20250630_055202.wav
1791.0,1794.0,Geothlypis trichas,Common Yellowthroat,0.0601,D:\AcousticMonitoringData\ELDON7_Data\Week24\ELDON7_20250630_055202.wav
1794.0,1797.0,Spizella pusilla,Field Sparrow,0.3335,D:\AcousticMonitoringData\ELDON7_Data\Week24\ELDON7_20250630_055202.wav
1797.0,1800.0,Spizella pusilla,Field Sparrow,0.4098,D:\AcousticMonitoringData\ELDON7_Data\Week24\ELDON7_20250630_055202.wav
1806.0,1809.0,Spizella pusilla,Field Sparrow,0.2543,D:\AcousticMonitoringData\ELDON7_Data\Week24\ELDON7_20250630_055202.wav
1809.0,1812.0,Spizella pusilla,Field Sparrow,0.2378,D:\AcousticMonitoringData\ELDON7_Data\Week24\ELDON7_20250630_055202.wav
1812.0,1815.0,Spizella pusilla,Field Sparrow,0.0930,D:\AcousticMonitoringData\ELDON7_Data\Week24\ELDON7_20250630_055202.wav
1815.0,1818.0,Spizella pusilla,Field Sparrow,0.0539,D:\AcousticMonitoringData\ELDON7_Data\Week24\ELDON7_20250630_055202.wav
1824.0,1827.0,Spizella pusilla,Field Sparrow,0.3069,D:\AcousticMonitoringData\ELDON7_Data\Week24\ELDON7_20250630_055202.wav
1827.0,1830.0,Geothlypis trichas,Common Yellowthroat,0.1419,D:\AcousticMonitoringData\ELDON7_Data\Week24\ELDON7_20250630_055202.wav
1830.0,1833.0,Spizella pusilla,Field Sparrow,0.1383,D:\AcousticMonitoringData\ELDON7_Data\Week24\ELDON7_20250630_055202.wav
1830.0,1833.0,Geothlypis trichas,Common Yellowthroat,0.0537,D:\AcousticMonitoringData\ELDON7_Data\Week24\ELDON7_20250630_055202.wav
1836.0,1839.0,Spizella pusilla,Field Sparrow,0.4020,D:\AcousticMonitoringData\ELDON7_Data\Week24\ELDON7_20250630_055202.wav
1839.0,1842.0,Geothlypis trichas,Common Yellowthroat,0.1029,D:\AcousticMonitoringData\ELDON7_Data\Week24\ELDON7_20250630_055202.wav
1839.0,1842.0,Spizella pusilla,Field Sparrow,0.0628,D:\AcousticMonitoringData\ELDON7_Data\Week24\ELDON7_20250630_055202.wav
1842.0,1845.0,Geothlypis trichas,Common Yellowthroat,0.0607,D:\AcousticMonitoringData\ELDON7_Data\Week24\ELDON7_20250630_055202.wav
1845.0,1848.0,Geothlypis trichas,Common Yellowthroat,0.0548,D:\AcousticMonitoringData\ELDON7_Data\Week24\ELDON7_20250630_055202.wav
1848.0,1851.0,Spizella pusilla,Field Sparrow,0.1102,D:\AcousticMonitoringData\ELDON7_Data\Week24\ELDON7_20250630_055202.wav
1848.0,1851.0,Sturnella magna,Eastern Meadowlark,0.0529,D:\AcousticMonitoringData\ELDON7_Data\Week24\ELDON7_20250630_055202.wav
1851.0,1854.0,Geothlypis trichas,Common Yellowthroat,0.1442,D:\AcousticMonitoringData\ELDON7_Data\Week24\ELDON7_20250630_055202.wav
1854.0,1857.0,Spizella pusilla,Field Sparrow,0.0809,D:\AcousticMonitoringData\ELDON7_Data\Week24\ELDON7_20250630_055202.wav
1860.0,1863.0,Spizella pusilla,Field Sparrow,0.1107,D:\AcousticMonitoringData\ELDON7_Data\Week24\ELDON7_20250630_055202.wav
1863.0,1866.0,Geothlypis trichas,Common Yellowthroat,0.0707,D:\AcousticMonitoringData\ELDON7_Data\Week24\ELDON7_20250630_055202.wav
1863.0,1866.0,Spizella pusilla,Field Sparrow,0.0649,D:\AcousticMonitoringData\ELDON7_Data\Week24\ELDON7_20250630_055202.wav
1872.0,1875.0,Spizella pusilla,Field Sparrow,0.3993,D:\AcousticMonitoringData\ELDON7_Data\Week24\ELDON7_20250630_055202.wav
1878.0,1881.0,Spizella pusilla,Field Sparrow,0.0840,D:\AcousticMonitoringData\ELDON7_Data\Week24\ELDON7_20250630_055202.wav
1881.0,1884.0,Spizella pusilla,Field Sparrow,0.0628,D:\AcousticMonitoringData\ELDON7_Data\Week24\ELDON7_20250630_055202.wav
1884.0,1887.0,Spizella pusilla,Field Sparrow,0.2264,D:\AcousticMonitoringData\ELDON7_Data\Week24\ELDON7_20250630_055202.wav
1887.0,1890.0,Geothlypis trichas,Common Yellowthroat,0.0589,D:\AcousticMonitoringData\ELDON7_Data\Week24\ELDON7_20250630_055202.wav
1890.0,1893.0,Spizella pusilla,Field Sparrow,0.0809,D:\AcousticMonitoringData\ELDON7_Data\Week24\ELDON7_20250630_055202.wav
1896.0,1899.0,Spizella pusilla,Field Sparrow,0.1639,D:\AcousticMonitoringData\ELDON7_Data\Week24\ELDON7_20250630_055202.wav
1899.0,1902.0,Spizella pusilla,Field Sparrow,0.0628,D:\AcousticMonitoringData\ELDON7_Data\Week24\ELDON7_20250630_055202.wav
1908.0,1911.0,Spizella pusilla,Field Sparrow,0.1230,D:\AcousticMonitoringData\ELDON7_Data\Week24\ELDON7_20250630_055202.wav
1911.0,1914.0,Spizella pusilla,Field Sparrow,0.1449,D:\AcousticMonitoringData\ELDON7_Data\Week24\ELDON7_20250630_055202.wav
1926.0,1929.0,Spizella pusilla,Field Sparrow,0.0738,D:\AcousticMonitoringData\ELDON7_Data\Week24\ELDON7_20250630_055202.wav
1932.0,1935.0,Spizella pusilla,Field Sparrow,0.0700,D:\AcousticMonitoringData\ELDON7_Data\Week24\ELDON7_20250630_055202.wav
1935.0,1938.0,Geothlypis trichas,Common Yellowthroat,0.0722,D:\AcousticMonitoringData\ELDON7_Data\Week24\ELDON7_20250630_055202.wav
1941.0,1944.0,Spizella pusilla,Field Sparrow,0.0578,D:\AcousticMonitoringData\ELDON7_Data\Week24\ELDON7_20250630_055202.wav
1944.0,1947.0,Spizella pusilla,Field Sparrow,0.1213,D:\AcousticMonitoringData\ELDON7_Data\Week24\ELDON7_20250630_055202.wav
1944.0,1947.0,Geothlypis trichas,Common Yellowthroat,0.0894,D:\AcousticMonitoringData\ELDON7_Data\Week24\ELDON7_20250630_055202.wav
1947.0,1950.0,Geothlypis trichas,Common Yellowthroat,0.0549,D:\AcousticMonitoringData\ELDON7_Data\Week24\ELDON7_20250630_055202.wav
1953.0,1956.0,Spizella pusilla,Field Sparrow,0.5707,D:\AcousticMonitoringData\ELDON7_Data\Week24\ELDON7_20250630_055202.wav
1956.0,1959.0,Spizella pusilla,Field Sparrow,0.1038,D:\AcousticMonitoringData\ELDON7_Data\Week24\ELDON7_20250630_055202.wav
1959.0,1962.0,Spizella pusilla,Field Sparrow,0.6704,D:\AcousticMonitoringData\ELDON7_Data\Week24\ELDON7_20250630_055202.wav
1965.0,1968.0,Spizella pusilla,Field Sparrow,0.3116,D:\AcousticMonitoringData\ELDON7_Data\Week24\ELDON7_20250630_055202.wav
1968.0,1971.0,Spizella pusilla,Field Sparrow,0.2169,D:\AcousticMonitoringData\ELDON7_Data\Week24\ELDON7_20250630_055202.wav
1971.0,1974.0,Geothlypis trichas,Common Yellowthroat,0.0955,D:\AcousticMonitoringData\ELDON7_Data\Week24\ELDON7_20250630_055202.wav
1974.0,1977.0,Spizella pusilla,Field Sparrow,0.0524,D:\AcousticMonitoringData\ELDON7_Data\Week24\ELDON7_20250630_055202.wav
1977.0,1980.0,Spizella pusilla,Field Sparrow,0.4895,D:\AcousticMonitoringData\ELDON7_Data\Week24\ELDON7_20250630_055202.wav
1980.0,1983.0,Spizella pusilla,Field Sparrow,0.1876,D:\AcousticMonitoringData\ELDON7_Data\Week24\ELDON7_20250630_055202.wav
1989.0,1992.0,Spizella pusilla,Field Sparrow,0.1806,D:\AcousticMonitoringData\ELDON7_Data\Week24\ELDON7_20250630_055202.wav
1992.0,1995.0,Spizella pusilla,Field Sparrow,0.3115,D:\AcousticMonitoringData\ELDON7_Data\Week24\ELDON7_20250630_055202.wav
1995.0,1998.0,Geothlypis trichas,Common Yellowthroat,0.0799,D:\AcousticMonitoringData\ELDON7_Data\Week24\ELDON7_20250630_055202.wav
2004.0,2007.0,Spizella pusilla,Field Sparrow,0.1632,D:\AcousticMonitoringData\ELDON7_Data\Week24\ELDON7_20250630_055202.wav
2016.0,2019.0,Spizella pusilla,Field Sparrow,0.1135,D:\AcousticMonitoringData\ELDON7_Data\Week24\ELDON7_20250630_055202.wav
2022.0,2025.0,Geothlypis trichas,Common Yellowthroat,0.0598,D:\AcousticMonitoringData\ELDON7_Data\Week24\ELDON7_20250630_055202.wav
2025.0,2028.0,Spizella pusilla,Field Sparrow,0.1322,D:\AcousticMonitoringData\ELDON7_Data\Week24\ELDON7_20250630_055202.wav
2028.0,2031.0,Spizella pusilla,Field Sparrow,0.0922,D:\AcousticMonitoringData\ELDON7_Data\Week24\ELDON7_20250630_055202.wav
2034.0,2037.0,Geothlypis trichas,Common Yellowthroat,0.1133,D:\AcousticMonitoringData\ELDON7_Data\Week24\ELDON7_20250630_055202.wav
2034.0,2037.0,Spizella pusilla,Field Sparrow,0.0502,D:\AcousticMonitoringData\ELDON7_Data\Week24\ELDON7_20250630_055202.wav
2037.0,2040.0,Spizella pusilla,Field Sparrow,0.1332,D:\AcousticMonitoringData\ELDON7_Data\Week24\ELDON7_20250630_055202.wav
2040.0,2043.0,Spizella pusilla,Field Sparrow,0.1289,D:\AcousticMonitoringData\ELDON7_Data\Week24\ELDON7_20250630_055202.wav
2043.0,2046.0,Spizella pusilla,Field Sparrow,0.0609,D:\AcousticMonitoringData\ELDON7_Data\Week24\ELDON7_20250630_055202.wav
2046.0,2049.0,Spizella pusilla,Field Sparrow,0.0678,D:\AcousticMonitoringData\ELDON7_Data\Week24\ELDON7_20250630_055202.wav
2046.0,2049.0,Geothlypis trichas,Common Yellowthroat,0.0535,D:\AcousticMonitoringData\ELDON7_Data\Week24\ELDON7_20250630_055202.wav
2052.0,2055.0,Spizella pusilla,Field Sparrow,0.1403,D:\AcousticMonitoringData\ELDON7_Data\Week24\ELDON7_20250630_055202.wav
2061.0,2064.0,Spizella pusilla,Field Sparrow,0.3554,D:\AcousticMonitoringData\ELDON7_Data\Week24\ELDON7_20250630_055202.wav
2067.0,2070.0,Spizella pusilla,Field Sparrow,0.6506,D:\AcousticMonitoringData\ELDON7_Data\Week24\ELDON7_20250630_055202.wav
2070.0,2073.0,Spizella pusilla,Field Sparrow,0.0960,D:\AcousticMonitoringData\ELDON7_Data\Week24\ELDON7_20250630_055202.wav
2073.0,2076.0,Spizella pusilla,Field Sparrow,0.0724,D:\AcousticMonitoringData\ELDON7_Data\Week24\ELDON7_20250630_055202.wav
2076.0,2079.0,Spizella pusilla,Field Sparrow,0.0870,D:\AcousticMonitoringData\ELDON7_Data\Week24\ELDON7_20250630_055202.wav
2079.0,2082.0,Spizella pusilla,Field Sparrow,0.1042,D:\AcousticMonitoringData\ELDON7_Data\Week24\ELDON7_20250630_055202.wav
2085.0,2088.0,Spizella pusilla,Field Sparrow,0.0525,D:\AcousticMonitoringData\ELDON7_Data\Week24\ELDON7_20250630_055202.wav
2088.0,2091.0,Spizella pusilla,Field Sparrow,0.6632,D:\AcousticMonitoringData\ELDON7_Data\Week24\ELDON7_20250630_055202.wav
2097.0,2100.0,Spizella pusilla,Field Sparrow,0.5129,D:\AcousticMonitoringData\ELDON7_Data\Week24\ELDON7_20250630_055202.wav
2100.0,2103.0,Spizella pusilla,Field Sparrow,0.0532,D:\AcousticMonitoringData\ELDON7_Data\Week24\ELDON7_20250630_055202.wav
2103.0,2106.0,Spizella pusilla,Field Sparrow,0.3568,D:\AcousticMonitoringData\ELDON7_Data\Week24\ELDON7_20250630_055202.wav
2109.0,2112.0,Spizella pusilla,Field Sparrow,0.2166,D:\AcousticMonitoringData\ELDON7_Data\Week24\ELDON7_20250630_055202.wav
2118.0,2121.0,Spizella pusilla,Field Sparrow,0.2700,D:\AcousticMonitoringData\ELDON7_Data\Week24\ELDON7_20250630_055202.wav
2121.0,2124.0,Spizella pusilla,Field Sparrow,0.3882,D:\AcousticMonitoringData\ELDON7_Data\Week24\ELDON7_20250630_055202.wav
2124.0,2127.0,Spizella pusilla,Field Sparrow,0.0941,D:\AcousticMonitoringData\ELDON7_Data\Week24\ELDON7_20250630_055202.wav
2127.0,2130.0,Spizella pusilla,Field Sparrow,0.0670,D:\AcousticMonitoringData\ELDON7_Data\Week24\ELDON7_20250630_055202.wav
2133.0,2136.0,Spizella pusilla,Field Sparrow,0.1107,D:\AcousticMonitoringData\ELDON7_Data\Week24\ELDON7_20250630_055202.wav
2136.0,2139.0,Spizella pusilla,Field Sparrow,0.1692,D:\AcousticMonitoringData\ELDON7_Data\Week24\ELDON7_20250630_055202.wav
2139.0,2142.0,Spizella pusilla,Field Sparrow,0.1775,D:\AcousticMonitoringData\ELDON7_Data\Week24\ELDON7_20250630_055202.wav
2145.0,2148.0,Spizella pusilla,Field Sparrow,0.0741,D:\AcousticMonitoringData\ELDON7_Data\Week24\ELDON7_20250630_055202.wav
2154.0,2157.0,Spizella pusilla,Field Sparrow,0.1363,D:\AcousticMonitoringData\ELDON7_Data\Week24\ELDON7_20250630_055202.wav
2157.0,2160.0,Spizella pusilla,Field Sparrow,0.2731,D:\AcousticMonitoringData\ELDON7_Data\Week24\ELDON7_20250630_055202.wav
2160.0,2163.0,Spizella pusilla,Field Sparrow,0.1485,D:\AcousticMonitoringData\ELDON7_Data\Week24\ELDON7_20250630_055202.wav
2172.0,2175.0,Spizella pusilla,Field Sparrow,0.2297,D:\AcousticMonitoringData\ELDON7_Data\Week24\ELDON7_20250630_055202.wav
2181.0,2184.0,Spizella pusilla,Field Sparrow,0.0571,D:\AcousticMonitoringData\ELDON7_Data\Week24\ELDON7_20250630_055202.wav
2184.0,2187.0,Spizella pusilla,Field Sparrow,0.6645,D:\AcousticMonitoringData\ELDON7_Data\Week24\ELDON7_20250630_055202.wav
2187.0,2190.0,Spizella pusilla,Field Sparrow,0.0505,D:\AcousticMonitoringData\ELDON7_Data\Week24\ELDON7_20250630_055202.wav
2196.0,2199.0,Spizella pusilla,Field Sparrow,0.0828,D:\AcousticMonitoringData\ELDON7_Data\Week24\ELDON7_20250630_055202.wav
2199.0,2202.0,Spizella pusilla,Field Sparrow,0.5282,D:\AcousticMonitoringData\ELDON7_Data\Week24\ELDON7_20250630_055202.wav
2202.0,2205.0,Spizella pusilla,Field Sparrow,0.5076,D:\AcousticMonitoringData\ELDON7_Data\Week24\ELDON7_20250630_055202.wav
2220.0,2223.0,Spizella pusilla,Field Sparrow,0.2952,D:\AcousticMonitoringData\ELDON7_Data\Week24\ELDON7_20250630_055202.wav
2226.0,2229.0,Spizella pusilla,Field Sparrow,0.0776,D:\AcousticMonitoringData\ELDON7_Data\Week24\ELDON7_20250630_055202.wav
2232.0,2235.0,Spizella pusilla,Field Sparrow,0.0711,D:\AcousticMonitoringData\ELDON7_Data\Week24\ELDON7_20250630_055202.wav
2238.0,2241.0,Spizella pusilla,Field Sparrow,0.2351,D:\AcousticMonitoringData\ELDON7_Data\Week24\ELDON7_20250630_055202.wav
2241.0,2244.0,Spizella pusilla,Field Sparrow,0.5161,D:\AcousticMonitoringData\ELDON7_Data\Week24\ELDON7_20250630_055202.wav
2244.0,2247.0,Spizella pusilla,Field Sparrow,0.2523,D:\AcousticMonitoringData\ELDON7_Data\Week24\ELDON7_20250630_055202.wav
2247.0,2250.0,Spizella pusilla,Field Sparrow,0.1837,D:\AcousticMonitoringData\ELDON7_Data\Week24\ELDON7_20250630_055202.wav
2250.0,2253.0,Spizella pusilla,Field Sparrow,0.0596,D:\AcousticMonitoringData\ELDON7_Data\Week24\ELDON7_20250630_055202.wav
2256.0,2259.0,Spizella pusilla,Field Sparrow,0.7111,D:\AcousticMonitoringData\ELDON7_Data\Week24\ELDON7_20250630_055202.wav
2259.0,2262.0,Spizella pusilla,Field Sparrow,0.4124,D:\AcousticMonitoringData\ELDON7_Data\Week24\ELDON7_20250630_055202.wav
2262.0,2265.0,Geothlypis trichas,Common Yellowthroat,0.1121,D:\AcousticMonitoringData\ELDON7_Data\Week24\ELDON7_20250630_055202.wav
2268.0,2271.0,Spizella pusilla,Field Sparrow,0.1296,D:\AcousticMonitoringData\ELDON7_Data\Week24\ELDON7_20250630_055202.wav
2271.0,2274.0,Spizella pusilla,Field Sparrow,0.1799,D:\AcousticMonitoringData\ELDON7_Data\Week24\ELDON7_20250630_055202.wav
2271.0,2274.0,Geothlypis trichas,Common Yellowthroat,0.0950,D:\AcousticMonitoringData\ELDON7_Data\Week24\ELDON7_20250630_055202.wav
2274.0,2277.0,Spizella pusilla,Field Sparrow,0.3927,D:\AcousticMonitoringData\ELDON7_Data\Week24\ELDON7_20250630_055202.wav
2277.0,2280.0,Spizella pusilla,Field Sparrow,0.2699,D:\AcousticMonitoringData\ELDON7_Data\Week24\ELDON7_20250630_055202.wav
2283.0,2286.0,Geothlypis trichas,Common Yellowthroat,0.1417,D:\AcousticMonitoringData\ELDON7_Data\Week24\ELDON7_20250630_055202.wav
2283.0,2286.0,Spizella pusilla,Field Sparrow,0.0519,D:\AcousticMonitoringData\ELDON7_Data\Week24\ELDON7_20250630_055202.wav
2289.0,2292.0,Geothlypis trichas,Common Yellowthroat,0.0970,D:\AcousticMonitoringData\ELDON7_Data\Week24\ELDON7_20250630_055202.wav
2292.0,2295.0,Spizella pusilla,Field Sparrow,0.1461,D:\AcousticMonitoringData\ELDON7_Data\Week24\ELDON7_20250630_055202.wav
2295.0,2298.0,Geothlypis trichas,Common Yellowthroat,0.0926,D:\AcousticMonitoringData\ELDON7_Data\Week24\ELDON7_20250630_055202.wav
2301.0,2304.0,Spizella pusilla,Field Sparrow,0.0566,D:\AcousticMonitoringData\ELDON7_Data\Week24\ELDON7_20250630_055202.wav
2304.0,2307.0,Spizella pusilla,Field Sparrow,0.3521,D:\AcousticMonitoringData\ELDON7_Data\Week24\ELDON7_20250630_055202.wav
2307.0,2310.0,Spizella pusilla,Field Sparrow,0.1512,D:\AcousticMonitoringData\ELDON7_Data\Week24\ELDON7_20250630_055202.wav
2310.0,2313.0,Spizella pusilla,Field Sparrow,0.0857,D:\AcousticMonitoringData\ELDON7_Data\Week24\ELDON7_20250630_055202.wav
2310.0,2313.0,Geothlypis trichas,Common Yellowthroat,0.0553,D:\AcousticMonitoringData\ELDON7_Data\Week24\ELDON7_20250630_055202.wav
2313.0,2316.0,Geothlypis trichas,Common Yellowthroat,0.0545,D:\AcousticMonitoringData\ELDON7_Data\Week24\ELDON7_20250630_055202.wav
2313.0,2316.0,Spizella pusilla,Field Sparrow,0.0530,D:\AcousticMonitoringData\ELDON7_Data\Week24\ELDON7_20250630_055202.wav
2316.0,2319.0,Geothlypis trichas,Common Yellowthroat,0.3550,D:\AcousticMonitoringData\ELDON7_Data\Week24\ELDON7_20250630_055202.wav
2319.0,2322.0,Spizella pusilla,Field Sparrow,0.2017,D:\AcousticMonitoringData\ELDON7_Data\Week24\ELDON7_20250630_055202.wav
2322.0,2325.0,Spizella pusilla,Field Sparrow,0.1675,D:\AcousticMonitoringData\ELDON7_Data\Week24\ELDON7_20250630_055202.wav
2328.0,2331.0,Geothlypis trichas,Common Yellowthroat,0.0994,D:\AcousticMonitoringData\ELDON7_Data\Week24\ELDON7_20250630_055202.wav
2331.0,2334.0,Geothlypis trichas,Common Yellowthroat,0.2979,D:\AcousticMonitoringData\ELDON7_Data\Week24\ELDON7_20250630_055202.wav
2331.0,2334.0,Spizella pusilla,Field Sparrow,0.2478,D:\AcousticMonitoringData\ELDON7_Data\Week24\ELDON7_20250630_055202.wav
2337.0,2340.0,Spizella pusilla,Field Sparrow,0.4313,D:\AcousticMonitoringData\ELDON7_Data\Week24\ELDON7_20250630_055202.wav
2340.0,2343.0,Spizella pusilla,Field Sparrow,0.4836,D:\AcousticMonitoringData\ELDON7_Data\Week24\ELDON7_20250630_055202.wav
2343.0,2346.0,Spizella pusilla,Field Sparrow,0.0875,D:\AcousticMonitoringData\ELDON7_Data\Week24\ELDON7_20250630_055202.wav
2355.0,2358.0,Spizella pusilla,Field Sparrow,0.1784,D:\AcousticMonitoringData\ELDON7_Data\Week24\ELDON7_20250630_055202.wav
2358.0,2361.0,Spizella pusilla,Field Sparrow,0.3302,D:\AcousticMonitoringData\ELDON7_Data\Week24\ELDON7_20250630_055202.wav
2361.0,2364.0,Geothlypis trichas,Common Yellowthroat,0.0616,D:\AcousticMonitoringData\ELDON7_Data\Week24\ELDON7_20250630_055202.wav
2361.0,2364.0,Spizella pusilla,Field Sparrow,0.0543,D:\AcousticMonitoringData\ELDON7_Data\Week24\ELDON7_20250630_055202.wav
2367.0,2370.0,Spizella pusilla,Field Sparrow,0.0921,D:\AcousticMonitoringData\ELDON7_Data\Week24\ELDON7_20250630_055202.wav
2370.0,2373.0,Spizella pusilla,Field Sparrow,0.5916,D:\AcousticMonitoringData\ELDON7_Data\Week24\ELDON7_20250630_055202.wav
2373.0,2376.0,Spizella pusilla,Field Sparrow,0.4309,D:\AcousticMonitoringData\ELDON7_Data\Week24\ELDON7_20250630_055202.wav
2379.0,2382.0,Spizella pusilla,Field Sparrow,0.0714,D:\AcousticMonitoringData\ELDON7_Data\Week24\ELDON7_20250630_055202.wav
2379.0,2382.0,Geothlypis trichas,Common Yellowthroat,0.0518,D:\AcousticMonitoringData\ELDON7_Data\Week24\ELDON7_20250630_055202.wav
2382.0,2385.0,Spizella pusilla,Field Sparrow,0.2412,D:\AcousticMonitoringData\ELDON7_Data\Week24\ELDON7_20250630_055202.wav
2385.0,2388.0,Geothlypis trichas,Common Yellowthroat,0.1351,D:\AcousticMonitoringData\ELDON7_Data\Week24\ELDON7_20250630_055202.wav
2385.0,2388.0,Spizella pusilla,Field Sparrow,0.0566,D:\AcousticMonitoringData\ELDON7_Data\Week24\ELDON7_20250630_055202.wav
2388.0,2391.0,Spizella pusilla,Field Sparrow,0.3235,D:\AcousticMonitoringData\ELDON7_Data\Week24\ELDON7_20250630_055202.wav
2391.0,2394.0,Spizella pusilla,Field Sparrow,0.0942,D:\AcousticMonitoringData\ELDON7_Data\Week24\ELDON7_20250630_055202.wav
2391.0,2394.0,Geothlypis trichas,Common Yellowthroat,0.0549,D:\AcousticMonitoringData\ELDON7_Data\Week24\ELDON7_20250630_055202.wav
2394.0,2397.0,Spizella pusilla,Field Sparrow,0.1050,D:\AcousticMonitoringData\ELDON7_Data\Week24\ELDON7_20250630_055202.wav
2397.0,2400.0,Geothlypis trichas,Common Yellowthroat,0.0511,D:\AcousticMonitoringData\ELDON7_Data\Week24\ELDON7_20250630_055202.wav
2403.0,2406.0,Spizella pusilla,Field Sparrow,0.4888,D:\AcousticMonitoringData\ELDON7_Data\Week24\ELDON7_20250630_055202.wav
2406.0,2409.0,Spizella pusilla,Field Sparrow,0.2068,D:\AcousticMonitoringData\ELDON7_Data\Week24\ELDON7_20250630_055202.wav
2409.0,2412.0,Spizella pusilla,Field Sparrow,0.0621,D:\AcousticMonitoringData\ELDON7_Data\Week24\ELDON7_20250630_055202.wav
2415.0,2418.0,Spizella pusilla,Field Sparrow,0.0658,D:\AcousticMonitoringData\ELDON7_Data\Week24\ELDON7_20250630_055202.wav
2418.0,2421.0,Spizella pusilla,Field Sparrow,0.5254,D:\AcousticMonitoringData\ELDON7_Data\Week24\ELDON7_20250630_055202.wav
2421.0,2424.0,Spizella pusilla,Field Sparrow,0.1303,D:\AcousticMonitoringData\ELDON7_Data\Week24\ELDON7_20250630_055202.wav
2424.0,2427.0,Geothlypis trichas,Common Yellowthroat,0.0775,D:\AcousticMonitoringData\ELDON7_Data\Week24\ELDON7_20250630_055202.wav
2427.0,2430.0,Spizella pusilla,Field Sparrow,0.0717,D:\AcousticMonitoringData\ELDON7_Data\Week24\ELDON7_20250630_055202.wav
2430.0,2433.0,Spizella pusilla,Field Sparrow,0.0665,D:\AcousticMonitoringData\ELDON7_Data\Week24\ELDON7_20250630_055202.wav
2433.0,2436.0,Spizella pusilla,Field Sparrow,0.7211,D:\AcousticMonitoringData\ELDON7_Data\Week24\ELDON7_20250630_055202.wav
2436.0,2439.0,Spizella pusilla,Field Sparrow,0.8605,D:\AcousticMonitoringData\ELDON7_Data\Week24\ELDON7_20250630_055202.wav
2439.0,2442.0,Spizella pusilla,Field Sparrow,0.0558,D:\AcousticMonitoringData\ELDON7_Data\Week24\ELDON7_20250630_055202.wav
2445.0,2448.0,Geothlypis trichas,Common Yellowthroat,0.0813,D:\AcousticMonitoringData\ELDON7_Data\Week24\ELDON7_20250630_055202.wav
2451.0,2454.0,Spizella pusilla,Field Sparrow,0.1419,D:\AcousticMonitoringData\ELDON7_Data\Week24\ELDON7_20250630_055202.wav
2454.0,2457.0,Spizella pusilla,Field Sparrow,0.0750,D:\AcousticMonitoringData\ELDON7_Data\Week24\ELDON7_20250630_055202.wav
2457.0,2460.0,Spizella pusilla,Field Sparrow,0.0535,D:\AcousticMonitoringData\ELDON7_Data\Week24\ELDON7_20250630_055202.wav
2466.0,2469.0,Spizella pusilla,Field Sparrow,0.6667,D:\AcousticMonitoringData\ELDON7_Data\Week24\ELDON7_20250630_055202.wav
2469.0,2472.0,Geothlypis trichas,Common Yellowthroat,0.0796,D:\AcousticMonitoringData\ELDON7_Data\Week24\ELDON7_20250630_055202.wav
2478.0,2481.0,Spizella pusilla,Field Sparrow,0.2488,D:\AcousticMonitoringData\ELDON7_Data\Week24\ELDON7_20250630_055202.wav
2481.0,2484.0,Spizella pusilla,Field Sparrow,0.7138,D:\AcousticMonitoringData\ELDON7_Data\Week24\ELDON7_20250630_055202.wav
2484.0,2487.0,Spizella pusilla,Field Sparrow,0.0527,D:\AcousticMonitoringData\ELDON7_Data\Week24\ELDON7_20250630_055202.wav
2487.0,2490.0,Geothlypis trichas,Common Yellowthroat,0.0724,D:\AcousticMonitoringData\ELDON7_Data\Week24\ELDON7_20250630_055202.wav
2490.0,2493.0,Spizella pusilla,Field Sparrow,0.2748,D:\AcousticMonitoringData\ELDON7_Data\Week24\ELDON7_20250630_055202.wav
2493.0,2496.0,Geothlypis trichas,Common Yellowthroat,0.1637,D:\AcousticMonitoringData\ELDON7_Data\Week24\ELDON7_20250630_055202.wav
2496.0,2499.0,Spizella pusilla,Field Sparrow,0.0772,D:\AcousticMonitoringData\ELDON7_Data\Week24\ELDON7_20250630_055202.wav
2499.0,2502.0,Spizella pusilla,Field Sparrow,0.7499,D:\AcousticMonitoringData\ELDON7_Data\Week24\ELDON7_20250630_055202.wav
2502.0,2505.0,Spizella pusilla,Field Sparrow,0.0945,D:\AcousticMonitoringData\ELDON7_Data\Week24\ELDON7_20250630_055202.wav
2505.0,2508.0,Geothlypis trichas,Common Yellowthroat,0.2426,D:\AcousticMonitoringData\ELDON7_Data\Week24\ELDON7_20250630_055202.wav
2511.0,2514.0,Spizella pusilla,Field Sparrow,0.2574,D:\AcousticMonitoringData\ELDON7_Data\Week24\ELDON7_20250630_055202.wav
2514.0,2517.0,Spizella pusilla,Field Sparrow,0.6375,D:\AcousticMonitoringData\ELDON7_Data\Week24\ELDON7_20250630_055202.wav
2517.0,2520.0,Spizella pusilla,Field Sparrow,0.6104,D:\AcousticMonitoringData\ELDON7_Data\Week24\ELDON7_20250630_055202.wav
2523.0,2526.0,Spizella pusilla,Field Sparrow,0.2425,D:\AcousticMonitoringData\ELDON7_Data\Week24\ELDON7_20250630_055202.wav
2526.0,2529.0,Geothlypis trichas,Common Yellowthroat,0.0517,D:\AcousticMonitoringData\ELDON7_Data\Week24\ELDON7_20250630_055202.wav
2532.0,2535.0,Spizella pusilla,Field Sparrow,0.4644,D:\AcousticMonitoringData\ELDON7_Data\Week24\ELDON7_20250630_055202.wav
2535.0,2538.0,Spizella pusilla,Field Sparrow,0.2750,D:\AcousticMonitoringData\ELDON7_Data\Week24\ELDON7_20250630_055202.wav
2535.0,2538.0,Geothlypis trichas,Common Yellowthroat,0.1133,D:\AcousticMonitoringData\ELDON7_Data\Week24\ELDON7_20250630_055202.wav
2538.0,2541.0,Geothlypis trichas,Common Yellowthroat,0.0932,D:\AcousticMonitoringData\ELDON7_Data\Week24\ELDON7_20250630_055202.wav
2538.0,2541.0,Spizella pusilla,Field Sparrow,0.0521,D:\AcousticMonitoringData\ELDON7_Data\Week24\ELDON7_20250630_055202.wav
2541.0,2544.0,Geothlypis trichas,Common Yellowthroat,0.1335,D:\AcousticMonitoringData\ELDON7_Data\Week24\ELDON7_20250630_055202.wav
2541.0,2544.0,Spizella pusilla,Field Sparrow,0.0510,D:\AcousticMonitoringData\ELDON7_Data\Week24\ELDON7_20250630_055202.wav
2544.0,2547.0,Spizella pusilla,Field Sparrow,0.4821,D:\AcousticMonitoringData\ELDON7_Data\Week24\ELDON7_20250630_055202.wav
2547.0,2550.0,Spizella pusilla,Field Sparrow,0.1334,D:\AcousticMonitoringData\ELDON7_Data\Week24\ELDON7_20250630_055202.wav
2550.0,2553.0,Spizella pusilla,Field Sparrow,0.6251,D:\AcousticMonitoringData\ELDON7_Data\Week24\ELDON7_20250630_055202.wav
2556.0,2559.0,Spizella pusilla,Field Sparrow,0.2448,D:\AcousticMonitoringData\ELDON7_Data\Week24\ELDON7_20250630_055202.wav
2559.0,2562.0,Spizella pusilla,Field Sparrow,0.2372,D:\AcousticMonitoringData\ELDON7_Data\Week24\ELDON7_20250630_055202.wav
2562.0,2565.0,Geothlypis trichas,Common Yellowthroat,0.1781,D:\AcousticMonitoringData\ELDON7_Data\Week24\ELDON7_20250630_055202.wav
2568.0,2571.0,Spizella pusilla,Field Sparrow,0.7721,D:\AcousticMonitoringData\ELDON7_Data\Week24\ELDON7_20250630_055202.wav
2571.0,2574.0,Spizella pusilla,Field Sparrow,0.2543,D:\AcousticMonitoringData\ELDON7_Data\Week24\ELDON7_20250630_055202.wav
2574.0,2577.0,Spizella pusilla,Field Sparrow,0.0744,D:\AcousticMonitoringData\ELDON7_Data\Week24\ELDON7_20250630_055202.wav
2577.0,2580.0,Geothlypis trichas,Common Yellowthroat,0.1467,D:\AcousticMonitoringData\ELDON7_Data\Week24\ELDON7_20250630_055202.wav
2577.0,2580.0,Spizella pusilla,Field Sparrow,0.0811,D:\AcousticMonitoringData\ELDON7_Data\Week24\ELDON7_20250630_055202.wav
2580.0,2583.0,Spizella pusilla,Field Sparrow,0.2353,D:\AcousticMonitoringData\ELDON7_Data\Week24\ELDON7_20250630_055202.wav
2583.0,2586.0,Spizella pusilla,Field Sparrow,0.6950,D:\AcousticMonitoringData\ELDON7_Data\Week24\ELDON7_20250630_055202.wav
2586.0,2589.0,Spizella pusilla,Field Sparrow,0.2364,D:\AcousticMonitoringData\ELDON7_Data\Week24\ELDON7_20250630_055202.wav
2592.0,2595.0,Spizella pusilla,Field Sparrow,0.0583,D:\AcousticMonitoringData\ELDON7_Data\Week24\ELDON7_20250630_055202.wav
2595.0,2598.0,Spizella pusilla,Field Sparrow,0.0676,D:\AcousticMonitoringData\ELDON7_Data\Week24\ELDON7_20250630_055202.wav
2598.0,2601.0,Spizella pusilla,Field Sparrow,0.3118,D:\AcousticMonitoringData\ELDON7_Data\Week24\ELDON7_20250630_055202.wav
2601.0,2604.0,Spizella pusilla,Field Sparrow,0.8018,D:\AcousticMonitoringData\ELDON7_Data\Week24\ELDON7_20250630_055202.wav
2607.0,2610.0,Spizella pusilla,Field Sparrow,0.1241,D:\AcousticMonitoringData\ELDON7_Data\Week24\ELDON7_20250630_055202.wav
2616.0,2619.0,Spizella pusilla,Field Sparrow,0.0857,D:\AcousticMonitoringData\ELDON7_Data\Week24\ELDON7_20250630_055202.wav
2619.0,2622.0,Spizella pusilla,Field Sparrow,0.8779,D:\AcousticMonitoringData\ELDON7_Data\Week24\ELDON7_20250630_055202.wav
2622.0,2625.0,Spizella pusilla,Field Sparrow,0.0619,D:\AcousticMonitoringData\ELDON7_Data\Week24\ELDON7_20250630_055202.wav
2625.0,2628.0,Geothlypis trichas,Common Yellowthroat,0.0773,D:\AcousticMonitoringData\ELDON7_Data\Week24\ELDON7_20250630_055202.wav
2631.0,2634.0,Spizella pusilla,Field Sparrow,0.0857,D:\AcousticMonitoringData\ELDON7_Data\Week24\ELDON7_20250630_055202.wav
2634.0,2637.0,Spizella pusilla,Field Sparrow,0.4899,D:\AcousticMonitoringData\ELDON7_Data\Week24\ELDON7_20250630_055202.wav
2637.0,2640.0,Spizella pusilla,Field Sparrow,0.0818,D:\AcousticMonitoringData\ELDON7_Data\Week24\ELDON7_20250630_055202.wav
2646.0,2649.0,Spizella pusilla,Field Sparrow,0.0873,D:\AcousticMonitoringData\ELDON7_Data\Week24\ELDON7_20250630_055202.wav
2646.0,2649.0,Geothlypis trichas,Common Yellowthroat,0.0573,D:\AcousticMonitoringData\ELDON7_Data\Week24\ELDON7_20250630_055202.wav
2652.0,2655.0,Spizella pusilla,Field Sparrow,0.1763,D:\AcousticMonitoringData\ELDON7_Data\Week24\ELDON7_20250630_055202.wav
2655.0,2658.0,Geothlypis trichas,Common Yellowthroat,0.1318,D:\AcousticMonitoringData\ELDON7_Data\Week24\ELDON7_20250630_055202.wav
2658.0,2661.0,Spizella pusilla,Field Sparrow,0.4600,D:\AcousticMonitoringData\ELDON7_Data\Week24\ELDON7_20250630_055202.wav
2658.0,2661.0,Geothlypis trichas,Common Yellowthroat,0.2286,D:\AcousticMonitoringData\ELDON7_Data\Week24\ELDON7_20250630_055202.wav
2661.0,2664.0,Spizella pusilla,Field Sparrow,0.0621,D:\AcousticMonitoringData\ELDON7_Data\Week24\ELDON7_20250630_055202.wav
2667.0,2670.0,Geothlypis trichas,Common Yellowthroat,0.1153,D:\AcousticMonitoringData\ELDON7_Data\Week24\ELDON7_20250630_055202.wav
2670.0,2673.0,Spizella pusilla,Field Sparrow,0.3067,D:\AcousticMonitoringData\ELDON7_Data\Week24\ELDON7_20250630_055202.wav
2673.0,2676.0,Spizella pusilla,Field Sparrow,0.2667,D:\AcousticMonitoringData\ELDON7_Data\Week24\ELDON7_20250630_055202.wav
2673.0,2676.0,Geothlypis trichas,Common Yellowthroat,0.0537,D:\AcousticMonitoringData\ELDON7_Data\Week24\ELDON7_20250630_055202.wav
2676.0,2679.0,Geothlypis trichas,Common Yellowthroat,0.0933,D:\AcousticMonitoringData\ELDON7_Data\Week24\ELDON7_20250630_055202.wav
2682.0,2685.0,Spizella pusilla,Field Sparrow,0.2488,D:\AcousticMonitoringData\ELDON7_Data\Week24\ELDON7_20250630_055202.wav
2685.0,2688.0,Spizella pusilla,Field Sparrow,0.4081,D:\AcousticMonitoringData\ELDON7_Data\Week24\ELDON7_20250630_055202.wav
2688.0,2691.0,Spizella pusilla,Field Sparrow,0.2393,D:\AcousticMonitoringData\ELDON7_Data\Week24\ELDON7_20250630_055202.wav
2691.0,2694.0,Passerina caerulea,Blue Grosbeak,0.0622,D:\AcousticMonitoringData\ELDON7_Data\Week24\ELDON7_20250630_055202.wav
2694.0,2697.0,Spizella pusilla,Field Sparrow,0.2998,D:\AcousticMonitoringData\ELDON7_Data\Week24\ELDON7_20250630_055202.wav
2697.0,2700.0,Spizella pusilla,Field Sparrow,0.3680,D:\AcousticMonitoringData\ELDON7_Data\Week24\ELDON7_20250630_055202.wav
2703.0,2706.0,Spizella pusilla,Field Sparrow,0.1650,D:\AcousticMonitoringData\ELDON7_Data\Week24\ELDON7_20250630_055202.wav
2706.0,2709.0,Spizella pusilla,Field Sparrow,0.4550,D:\AcousticMonitoringData\ELDON7_Data\Week24\ELDON7_20250630_055202.wav
2709.0,2712.0,Spizella pusilla,Field Sparrow,0.1903,D:\AcousticMonitoringData\ELDON7_Data\Week24\ELDON7_20250630_055202.wav
2715.0,2718.0,Spizella pusilla,Field Sparrow,0.1082,D:\AcousticMonitoringData\ELDON7_Data\Week24\ELDON7_20250630_055202.wav
2721.0,2724.0,Spizella pusilla,Field Sparrow,0.3591,D:\AcousticMonitoringData\ELDON7_Data\Week24\ELDON7_20250630_055202.wav
2727.0,2730.0,Geothlypis trichas,Common Yellowthroat,0.1070,D:\AcousticMonitoringData\ELDON7_Data\Week24\ELDON7_20250630_055202.wav
2730.0,2733.0,Spizella pusilla,Field Sparrow,0.0532,D:\AcousticMonitoringData\ELDON7_Data\Week24\ELDON7_20250630_055202.wav
2736.0,2739.0,Spizella pusilla,Field Sparrow,0.3247,D:\AcousticMonitoringData\ELDON7_Data\Week24\ELDON7_20250630_055202.wav
2739.0,2742.0,Spizella pusilla,Field Sparrow,0.2699,D:\AcousticMonitoringData\ELDON7_Data\Week24\ELDON7_20250630_055202.wav
2742.0,2745.0,Spizella pusilla,Field Sparrow,0.0527,D:\AcousticMonitoringData\ELDON7_Data\Week24\ELDON7_20250630_055202.wav
2754.0,2757.0,Geothlypis trichas,Common Yellowthroat,0.1703,D:\AcousticMonitoringData\ELDON7_Data\Week24\ELDON7_20250630_055202.wav
2757.0,2760.0,Spizella pusilla,Field Sparrow,0.1555,D:\AcousticMonitoringData\ELDON7_Data\Week24\ELDON7_20250630_055202.wav
2760.0,2763.0,Spizella pusilla,Field Sparrow,0.6001,D:\AcousticMonitoringData\ELDON7_Data\Week24\ELDON7_20250630_055202.wav
2766.0,2769.0,Geothlypis trichas,Common Yellowthroat,0.0523,D:\AcousticMonitoringData\ELDON7_Data\Week24\ELDON7_20250630_055202.wav
2769.0,2772.0,Spizella pusilla,Field Sparrow,0.2470,D:\AcousticMonitoringData\ELDON7_Data\Week24\ELDON7_20250630_055202.wav
2775.0,2778.0,Spizella pusilla,Field Sparrow,0.0612,D:\AcousticMonitoringData\ELDON7_Data\Week24\ELDON7_20250630_055202.wav
2778.0,2781.0,Spizella pusilla,Field Sparrow,0.6545,D:\AcousticMonitoringData\ELDON7_Data\Week24\ELDON7_20250630_055202.wav
2781.0,2784.0,Spizella pusilla,Field Sparrow,0.1071,D:\AcousticMonitoringData\ELDON7_Data\Week24\ELDON7_20250630_055202.wav
2784.0,2787.0,Spizella pusilla,Field Sparrow,0.0505,D:\AcousticMonitoringData\ELDON7_Data\Week24\ELDON7_20250630_055202.wav
2790.0,2793.0,Spizella pusilla,Field Sparrow,0.0811,D:\AcousticMonitoringData\ELDON7_Data\Week24\ELDON7_20250630_055202.wav
2793.0,2796.0,Spizella pusilla,Field Sparrow,0.4268,D:\AcousticMonitoringData\ELDON7_Data\Week24\ELDON7_20250630_055202.wav
2796.0,2799.0,Spizella pusilla,Field Sparrow,0.4765,D:\AcousticMonitoringData\ELDON7_Data\Week24\ELDON7_20250630_055202.wav
2799.0,2802.0,Geothlypis trichas,Common Yellowthroat,0.0691,D:\AcousticMonitoringData\ELDON7_Data\Week24\ELDON7_20250630_055202.wav
2802.0,2805.0,Spizella pusilla,Field Sparrow,0.0581,D:\AcousticMonitoringData\ELDON7_Data\Week24\ELDON7_20250630_055202.wav
2805.0,2808.0,Spizella pusilla,Field Sparrow,0.3092,D:\AcousticMonitoringData\ELDON7_Data\Week24\ELDON7_20250630_055202.wav
2808.0,2811.0,Spizella pusilla,Field Sparrow,0.4656,D:\AcousticMonitoringData\ELDON7_Data\Week24\ELDON7_20250630_055202.wav
2811.0,2814.0,Spizella pusilla,Field Sparrow,0.6867,D:\AcousticMonitoringData\ELDON7_Data\Week24\ELDON7_20250630_055202.wav
2814.0,2817.0,Spizella pusilla,Field Sparrow,0.0984,D:\AcousticMonitoringData\ELDON7_Data\Week24\ELDON7_20250630_055202.wav
2817.0,2820.0,Spizella pusilla,Field Sparrow,0.0952,D:\AcousticMonitoringData\ELDON7_Data\Week24\ELDON7_20250630_055202.wav
2820.0,2823.0,Geothlypis trichas,Common Yellowthroat,0.0676,D:\AcousticMonitoringData\ELDON7_Data\Week24\ELDON7_20250630_055202.wav
2820.0,2823.0,Spizella pusilla,Field Sparrow,0.0593,D:\AcousticMonitoringData\ELDON7_Data\Week24\ELDON7_20250630_055202.wav
2823.0,2826.0,Spizella pusilla,Field Sparrow,0.0523,D:\AcousticMonitoringData\ELDON7_Data\Week24\ELDON7_20250630_055202.wav
2829.0,2832.0,Spizella pusilla,Field Sparrow,0.3687,D:\AcousticMonitoringData\ELDON7_Data\Week24\ELDON7_20250630_055202.wav
2841.0,2844.0,Spizella pusilla,Field Sparrow,0.5752,D:\AcousticMonitoringData\ELDON7_Data\Week24\ELDON7_20250630_055202.wav
2844.0,2847.0,Spizella pusilla,Field Sparrow,0.6424,D:\AcousticMonitoringData\ELDON7_Data\Week24\ELDON7_20250630_055202.wav
2850.0,2853.0,Spizella pusilla,Field Sparrow,0.1732,D:\AcousticMonitoringData\ELDON7_Data\Week24\ELDON7_20250630_055202.wav
2853.0,2856.0,Spizella pusilla,Field Sparrow,0.2691,D:\AcousticMonitoringData\ELDON7_Data\Week24\ELDON7_20250630_055202.wav
2862.0,2865.0,Spizella pusilla,Field Sparrow,0.1015,D:\AcousticMonitoringData\ELDON7_Data\Week24\ELDON7_20250630_055202.wav
2865.0,2868.0,Spizella pusilla,Field Sparrow,0.2603,D:\AcousticMonitoringData\ELDON7_Data\Week24\ELDON7_20250630_055202.wav
2868.0,2871.0,Spizella pusilla,Field Sparrow,0.2608,D:\AcousticMonitoringData\ELDON7_Data\Week24\ELDON7_20250630_055202.wav
2871.0,2874.0,Geothlypis trichas,Common Yellowthroat,0.1121,D:\AcousticMonitoringData\ELDON7_Data\Week24\ELDON7_20250630_055202.wav
2874.0,2877.0,Spizella pusilla,Field Sparrow,0.1348,D:\AcousticMonitoringData\ELDON7_Data\Week24\ELDON7_20250630_055202.wav
2874.0,2877.0,Passerina caerulea,Blue Grosbeak,0.0639,D:\AcousticMonitoringData\ELDON7_Data\Week24\ELDON7_20250630_055202.wav
2877.0,2880.0,Spizella pusilla,Field Sparrow,0.1527,D:\AcousticMonitoringData\ELDON7_Data\Week24\ELDON7_20250630_055202.wav
2880.0,2883.0,Geothlypis trichas,Common Yellowthroat,0.0902,D:\AcousticMonitoringData\ELDON7_Data\Week24\ELDON7_20250630_055202.wav
2883.0,2886.0,Spizella pusilla,Field Sparrow,0.6030,D:\AcousticMonitoringData\ELDON7_Data\Week24\ELDON7_20250630_055202.wav
2886.0,2889.0,Spizella pusilla,Field Sparrow,0.0645,D:\AcousticMonitoringData\ELDON7_Data\Week24\ELDON7_20250630_055202.wav
2889.0,2892.0,Spizella pusilla,Field Sparrow,0.2791,D:\AcousticMonitoringData\ELDON7_Data\Week24\ELDON7_20250630_055202.wav
2892.0,2895.0,Geothlypis trichas,Common Yellowthroat,0.1209,D:\AcousticMonitoringData\ELDON7_Data\Week24\ELDON7_20250630_055202.wav
2895.0,2898.0,Geothlypis trichas,Common Yellowthroat,0.1055,D:\AcousticMonitoringData\ELDON7_Data\Week24\ELDON7_20250630_055202.wav
2898.0,2901.0,Spizella pusilla,Field Sparrow,0.0632,D:\AcousticMonitoringData\ELDON7_Data\Week24\ELDON7_20250630_055202.wav
2901.0,2904.0,Spizella pusilla,Field Sparrow,0.1261,D:\AcousticMonitoringData\ELDON7_Data\Week24\ELDON7_20250630_055202.wav
2904.0,2907.0,Spizella pusilla,Field Sparrow,0.2889,D:\AcousticMonitoringData\ELDON7_Data\Week24\ELDON7_20250630_055202.wav
2913.0,2916.0,Geothlypis trichas,Common Yellowthroat,0.1226,D:\AcousticMonitoringData\ELDON7_Data\Week24\ELDON7_20250630_055202.wav
2916.0,2919.0,Geothlypis trichas,Common Yellowthroat,0.0539,D:\AcousticMonitoringData\ELDON7_Data\Week24\ELDON7_20250630_055202.wav
2919.0,2922.0,Spizella pusilla,Field Sparrow,0.6385,D:\AcousticMonitoringData\ELDON7_Data\Week24\ELDON7_20250630_055202.wav
2922.0,2925.0,Geothlypis trichas,Common Yellowthroat,0.1051,D:\AcousticMonitoringData\ELDON7_Data\Week24\ELDON7_20250630_055202.wav
2922.0,2925.0,Spizella pusilla,Field Sparrow,0.0693,D:\AcousticMonitoringData\ELDON7_Data\Week24\ELDON7_20250630_055202.wav
2925.0,2928.0,Geothlypis trichas,Common Yellowthroat,0.1764,D:\AcousticMonitoringData\ELDON7_Data\Week24\ELDON7_20250630_055202.wav
2928.0,2931.0,Spizella pusilla,Field Sparrow,0.1966,D:\AcousticMonitoringData\ELDON7_Data\Week24\ELDON7_20250630_055202.wav
2931.0,2934.0,Geothlypis trichas,Common Yellowthroat,0.1344,D:\AcousticMonitoringData\ELDON7_Data\Week24\ELDON7_20250630_055202.wav
2934.0,2937.0,Geothlypis trichas,Common Yellowthroat,0.0858,D:\AcousticMonitoringData\ELDON7_Data\Week24\ELDON7_20250630_055202.wav
2940.0,2943.0,Geothlypis trichas,Common Yellowthroat,0.1251,D:\AcousticMonitoringData\ELDON7_Data\Week24\ELDON7_20250630_055202.wav
2940.0,2943.0,Spizella pusilla,Field Sparrow,0.0776,D:\AcousticMonitoringData\ELDON7_Data\Week24\ELDON7_20250630_055202.wav
2943.0,2946.0,Geothlypis trichas,Common Yellowthroat,0.1457,D:\AcousticMonitoringData\ELDON7_Data\Week24\ELDON7_20250630_055202.wav
2946.0,2949.0,Geothlypis trichas,Common Yellowthroat,0.0808,D:\AcousticMonitoringData\ELDON7_Data\Week24\ELDON7_20250630_055202.wav
2949.0,2952.0,Geothlypis trichas,Common Yellowthroat,0.0880,D:\AcousticMonitoringData\ELDON7_Data\Week24\ELDON7_20250630_055202.wav
2955.0,2958.0,Spizella pusilla,Field Sparrow,0.1412,D:\AcousticMonitoringData\ELDON7_Data\Week24\ELDON7_20250630_055202.wav
2955.0,2958.0,Geothlypis trichas,Common Yellowthroat,0.1091,D:\AcousticMonitoringData\ELDON7_Data\Week24\ELDON7_20250630_055202.wav
2964.0,2967.0,Geothlypis trichas,Common Yellowthroat,0.0932,D:\AcousticMonitoringData\ELDON7_Data\Week24\ELDON7_20250630_055202.wav
2964.0,2967.0,Spizella pusilla,Field Sparrow,0.0842,D:\AcousticMonitoringData\ELDON7_Data\Week24\ELDON7_20250630_055202.wav
2967.0,2970.0,Spizella pusilla,Field Sparrow,0.0554,D:\AcousticMonitoringData\ELDON7_Data\Week24\ELDON7_20250630_055202.wav
2970.0,2973.0,Geothlypis trichas,Common Yellowthroat,0.1226,D:\AcousticMonitoringData\ELDON7_Data\Week24\ELDON7_20250630_055202.wav
2976.0,2979.0,Geothlypis trichas,Common Yellowthroat,0.0596,D:\AcousticMonitoringData\ELDON7_Data\Week24\ELDON7_20250630_055202.wav
2979.0,2982.0,Spizella pusilla,Field Sparrow,0.0502,D:\AcousticMonitoringData\ELDON7_Data\Week24\ELDON7_20250630_055202.wav
2982.0,2985.0,Geothlypis trichas,Common Yellowthroat,0.0732,D:\AcousticMonitoringData\ELDON7_Data\Week24\ELDON7_20250630_055202.wav
2985.0,2988.0,Geothlypis trichas,Common Yellowthroat,0.0546,D:\AcousticMonitoringData\ELDON7_Data\Week24\ELDON7_20250630_055202.wav
2988.0,2991.0,Spizella pusilla,Field Sparrow,0.0756,D:\AcousticMonitoringData\ELDON7_Data\Week24\ELDON7_20250630_055202.wav
2991.0,2994.0,Spizella pusilla,Field Sparrow,0.0857,D:\AcousticMonitoringData\ELDON7_Data\Week24\ELDON7_20250630_055202.wav
2994.0,2997.0,Geothlypis trichas,Common Yellowthroat,0.1171,D:\AcousticMonitoringData\ELDON7_Data\Week24\ELDON7_20250630_055202.wav
2997.0,3000.0,Geothlypis trichas,Common Yellowthroat,0.1025,D:\AcousticMonitoringData\ELDON7_Data\Week24\ELDON7_20250630_055202.wav
3000.0,3003.0,Spizella pusilla,Field Sparrow,0.0530,D:\AcousticMonitoringData\ELDON7_Data\Week24\ELDON7_20250630_055202.wav
3006.0,3009.0,Geothlypis trichas,Common Yellowthroat,0.2330,D:\AcousticMonitoringData\ELDON7_Data\Week24\ELDON7_20250630_055202.wav
3006.0,3009.0,Spizella pusilla,Field Sparrow,0.0954,D:\AcousticMonitoringData\ELDON7_Data\Week24\ELDON7_20250630_055202.wav
3012.0,3015.0,Geothlypis trichas,Common Yellowthroat,0.1153,D:\AcousticMonitoringData\ELDON7_Data\Week24\ELDON7_20250630_055202.wav
3015.0,3018.0,Geothlypis trichas,Common Yellowthroat,0.0696,D:\AcousticMonitoringData\ELDON7_Data\Week24\ELDON7_20250630_055202.wav
3018.0,3021.0,Geothlypis trichas,Common Yellowthroat,0.1698,D:\AcousticMonitoringData\ELDON7_Data\Week24\ELDON7_20250630_055202.wav
3030.0,3033.0,Geothlypis trichas,Common Yellowthroat,0.0858,D:\AcousticMonitoringData\ELDON7_Data\Week24\ELDON7_20250630_055202.wav
3033.0,3036.0,Geothlypis trichas,Common Yellowthroat,0.2556,D:\AcousticMonitoringData\ELDON7_Data\Week24\ELDON7_20250630_055202.wav
3039.0,3042.0,Geothlypis trichas,Common Yellowthroat,0.0623,D:\AcousticMonitoringData\ELDON7_Data\Week24\ELDON7_20250630_055202.wav
3039.0,3042.0,Spizella pusilla,Field Sparrow,0.0583,D:\AcousticMonitoringData\ELDON7_Data\Week24\ELDON7_20250630_055202.wav
3042.0,3045.0,Geothlypis trichas,Common Yellowthroat,0.0655,D:\AcousticMonitoringData\ELDON7_Data\Week24\ELDON7_20250630_055202.wav
3045.0,3048.0,Geothlypis trichas,Common Yellowthroat,0.0656,D:\AcousticMonitoringData\ELDON7_Data\Week24\ELDON7_20250630_055202.wav
3051.0,3054.0,Spizella pusilla,Field Sparrow,0.0727,D:\AcousticMonitoringData\ELDON7_Data\Week24\ELDON7_20250630_055202.wav
3054.0,3057.0,Geothlypis trichas,Common Yellowthroat,0.0964,D:\AcousticMonitoringData\ELDON7_Data\Week24\ELDON7_20250630_055202.wav
3057.0,3060.0,Geothlypis trichas,Common Yellowthroat,0.1398,D:\AcousticMonitoringData\ELDON7_Data\Week24\ELDON7_20250630_055202.wav
3060.0,3063.0,Geothlypis trichas,Common Yellowthroat,0.1974,D:\AcousticMonitoringData\ELDON7_Data\Week24\ELDON7_20250630_055202.wav
3063.0,3066.0,Spizella pusilla,Field Sparrow,0.1357,D:\AcousticMonitoringData\ELDON7_Data\Week24\ELDON7_20250630_055202.wav
3066.0,3069.0,Geothlypis trichas,Common Yellowthroat,0.3275,D:\AcousticMonitoringData\ELDON7_Data\Week24\ELDON7_20250630_055202.wav
3072.0,3075.0,Geothlypis trichas,Common Yellowthroat,0.1562,D:\AcousticMonitoringData\ELDON7_Data\Week24\ELDON7_20250630_055202.wav
3072.0,3075.0,Spizella pusilla,Field Sparrow,0.0620,D:\AcousticMonitoringData\ELDON7_Data\Week24\ELDON7_20250630_055202.wav
3075.0,3078.0,Geothlypis trichas,Common Yellowthroat,0.2293,D:\AcousticMonitoringData\ELDON7_Data\Week24\ELDON7_20250630_055202.wav
3081.0,3084.0,Geothlypis trichas,Common Yellowthroat,0.0556,D:\AcousticMonitoringData\ELDON7_Data\Week24\ELDON7_20250630_055202.wav
3084.0,3087.0,Geothlypis trichas,Common Yellowthroat,0.2110,D:\AcousticMonitoringData\ELDON7_Data\Week24\ELDON7_20250630_055202.wav
3090.0,3093.0,Geothlypis trichas,Common Yellowthroat,0.1111,D:\AcousticMonitoringData\ELDON7_Data\Week24\ELDON7_20250630_055202.wav
3093.0,3096.0,Geothlypis trichas,Common Yellowthroat,0.1103,D:\AcousticMonitoringData\ELDON7_Data\Week24\ELDON7_20250630_055202.wav
3096.0,3099.0,Geothlypis trichas,Common Yellowthroat,0.0571,D:\AcousticMonitoringData\ELDON7_Data\Week24\ELDON7_20250630_055202.wav
3099.0,3102.0,Spizella pusilla,Field Sparrow,0.0525,D:\AcousticMonitoringData\ELDON7_Data\Week24\ELDON7_20250630_055202.wav
3102.0,3105.0,Spizella pusilla,Field Sparrow,0.1970,D:\AcousticMonitoringData\ELDON7_Data\Week24\ELDON7_20250630_055202.wav
3102.0,3105.0,Geothlypis trichas,Common Yellowthroat,0.0875,D:\AcousticMonitoringData\ELDON7_Data\Week24\ELDON7_20250630_055202.wav
3105.0,3108.0,Geothlypis trichas,Common Yellowthroat,0.0678,D:\AcousticMonitoringData\ELDON7_Data\Week24\ELDON7_20250630_055202.wav
3111.0,3114.0,Geothlypis trichas,Common Yellowthroat,0.1592,D:\AcousticMonitoringData\ELDON7_Data\Week24\ELDON7_20250630_055202.wav
3114.0,3117.0,Geothlypis trichas,Common Yellowthroat,0.0729,D:\AcousticMonitoringData\ELDON7_Data\Week24\ELDON7_20250630_055202.wav
3114.0,3117.0,Spizella pusilla,Field Sparrow,0.0520,D:\AcousticMonitoringData\ELDON7_Data\Week24\ELDON7_20250630_055202.wav
3123.0,3126.0,Geothlypis trichas,Common Yellowthroat,0.2003,D:\AcousticMonitoringData\ELDON7_Data\Week24\ELDON7_20250630_055202.wav
3126.0,3129.0,Geothlypis trichas,Common Yellowthroat,0.0596,D:\AcousticMonitoringData\ELDON7_Data\Week24\ELDON7_20250630_055202.wav
3126.0,3129.0,Spizella pusilla,Field Sparrow,0.0505,D:\AcousticMonitoringData\ELDON7_Data\Week24\ELDON7_20250630_055202.wav
3132.0,3135.0,Spizella pusilla,Field Sparrow,0.0668,D:\AcousticMonitoringData\ELDON7_Data\Week24\ELDON7_20250630_055202.wav
3132.0,3135.0,Geothlypis trichas,Common Yellowthroat,0.0508,D:\AcousticMonitoringData\ELDON7_Data\Week24\ELDON7_20250630_055202.wav
3135.0,3138.0,Spizella pusilla,Field Sparrow,0.1120,D:\AcousticMonitoringData\ELDON7_Data\Week24\ELDON7_20250630_055202.wav
3138.0,3141.0,Spizella pusilla,Field Sparrow,0.0530,D:\AcousticMonitoringData\ELDON7_Data\Week24\ELDON7_20250630_055202.wav
3141.0,3144.0,Spizella pusilla,Field Sparrow,0.2445,D:\AcousticMonitoringData\ELDON7_Data\Week24\ELDON7_20250630_055202.wav
3141.0,3144.0,Geothlypis trichas,Common Yellowthroat,0.0710,D:\AcousticMonitoringData\ELDON7_Data\Week24\ELDON7_20250630_055202.wav
3144.0,3147.0,Spizella pusilla,Field Sparrow,0.3314,D:\AcousticMonitoringData\ELDON7_Data\Week24\ELDON7_20250630_055202.wav
3150.0,3153.0,Geothlypis trichas,Common Yellowthroat,0.0804,D:\AcousticMonitoringData\ELDON7_Data\Week24\ELDON7_20250630_055202.wav
3153.0,3156.0,Spizella pusilla,Field Sparrow,0.3234,D:\AcousticMonitoringData\ELDON7_Data\Week24\ELDON7_20250630_055202.wav
3159.0,3162.0,Geothlypis trichas,Common Yellowthroat,0.0794,D:\AcousticMonitoringData\ELDON7_Data\Week24\ELDON7_20250630_055202.wav
3165.0,3168.0,Spizella pusilla,Field Sparrow,0.1177,D:\AcousticMonitoringData\ELDON7_Data\Week24\ELDON7_20250630_055202.wav
3174.0,3177.0,Spizella pusilla,Field Sparrow,0.3167,D:\AcousticMonitoringData\ELDON7_Data\Week24\ELDON7_20250630_055202.wav
3177.0,3180.0,Geothlypis trichas,Common Yellowthroat,0.0996,D:\AcousticMonitoringData\ELDON7_Data\Week24\ELDON7_20250630_055202.wav
3180.0,3183.0,Geothlypis trichas,Common Yellowthroat,0.1309,D:\AcousticMonitoringData\ELDON7_Data\Week24\ELDON7_20250630_055202.wav
3180.0,3183.0,Spizella pusilla,Field Sparrow,0.0505,D:\AcousticMonitoringData\ELDON7_Data\Week24\ELDON7_20250630_055202.wav
3186.0,3189.0,Spizella pusilla,Field Sparrow,0.1237,D:\AcousticMonitoringData\ELDON7_Data\Week24\ELDON7_20250630_055202.wav
3189.0,3192.0,Spizella pusilla,Field Sparrow,0.1333,D:\AcousticMonitoringData\ELDON7_Data\Week24\ELDON7_20250630_055202.wav
3192.0,3195.0,Geothlypis trichas,Common Yellowthroat,0.0581,D:\AcousticMonitoringData\ELDON7_Data\Week24\ELDON7_20250630_055202.wav
3195.0,3198.0,Geothlypis trichas,Common Yellowthroat,0.0878,D:\AcousticMonitoringData\ELDON7_Data\Week24\ELDON7_20250630_055202.wav
3198.0,3201.0,Geothlypis trichas,Common Yellowthroat,0.0878,D:\AcousticMonitoringData\ELDON7_Data\Week24\ELDON7_20250630_055202.wav
3201.0,3204.0,Geothlypis trichas,Common Yellowthroat,0.2501,D:\AcousticMonitoringData\ELDON7_Data\Week24\ELDON7_20250630_055202.wav
3201.0,3204.0,Spizella pusilla,Field Sparrow,0.0583,D:\AcousticMonitoringData\ELDON7_Data\Week24\ELDON7_20250630_055202.wav
3204.0,3207.0,Spizella pusilla,Field Sparrow,0.1310,D:\AcousticMonitoringData\ELDON7_Data\Week24\ELDON7_20250630_055202.wav
3207.0,3210.0,Spizella pusilla,Field Sparrow,0.0644,D:\AcousticMonitoringData\ELDON7_Data\Week24\ELDON7_20250630_055202.wav
3216.0,3219.0,Geothlypis trichas,Common Yellowthroat,0.1528,D:\AcousticMonitoringData\ELDON7_Data\Week24\ELDON7_20250630_055202.wav
3219.0,3222.0,Geothlypis trichas,Common Yellowthroat,0.2119,D:\AcousticMonitoringData\ELDON7_Data\Week24\ELDON7_20250630_055202.wav
3219.0,3222.0,Spizella pusilla,Field Sparrow,0.1042,D:\AcousticMonitoringData\ELDON7_Data\Week24\ELDON7_20250630_055202.wav
3225.0,3228.0,Spizella pusilla,Field Sparrow,0.5525,D:\AcousticMonitoringData\ELDON7_Data\Week24\ELDON7_20250630_055202.wav
3234.0,3237.0,Geothlypis trichas,Common Yellowthroat,0.1712,D:\AcousticMonitoringData\ELDON7_Data\Week24\ELDON7_20250630_055202.wav
3237.0,3240.0,Geothlypis trichas,Common Yellowthroat,0.2429,D:\AcousticMonitoringData\ELDON7_Data\Week24\ELDON7_20250630_055202.wav
3240.0,3243.0,Geothlypis trichas,Common Yellowthroat,0.1407,D:\AcousticMonitoringData\ELDON7_Data\Week24\ELDON7_20250630_055202.wav
3240.0,3243.0,Spizella pusilla,Field Sparrow,0.0917,D:\AcousticMonitoringData\ELDON7_Data\Week24\ELDON7_20250630_055202.wav
3243.0,3246.0,Spizella pusilla,Field Sparrow,0.1963,D:\AcousticMonitoringData\ELDON7_Data\Week24\ELDON7_20250630_055202.wav
3246.0,3249.0,Geothlypis trichas,Common Yellowthroat,0.1192,D:\AcousticMonitoringData\ELDON7_Data\Week24\ELDON7_20250630_055202.wav
3246.0,3249.0,Spizella pusilla,Field Sparrow,0.0815,D:\AcousticMonitoringData\ELDON7_Data\Week24\ELDON7_20250630_055202.wav
3258.0,3261.0,Spizella pusilla,Field Sparrow,0.2043,D:\AcousticMonitoringData\ELDON7_Data\Week24\ELDON7_20250630_055202.wav
3264.0,3267.0,Geothlypis trichas,Common Yellowthroat,0.0526,D:\AcousticMonitoringData\ELDON7_Data\Week24\ELDON7_20250630_055202.wav
3270.0,3273.0,Spizella pusilla,Field Sparrow,0.2488,D:\AcousticMonitoringData\ELDON7_Data\Week24\ELDON7_20250630_055202.wav
3273.0,3276.0,Spizella pusilla,Field Sparrow,0.0588,D:\AcousticMonitoringData\ELDON7_Data\Week24\ELDON7_20250630_055202.wav
3279.0,3282.0,Spizella pusilla,Field Sparrow,0.0653,D:\AcousticMonitoringData\ELDON7_Data\Week24\ELDON7_20250630_055202.wav
3282.0,3285.0,Spizella pusilla,Field Sparrow,0.0994,D:\AcousticMonitoringData\ELDON7_Data\Week24\ELDON7_20250630_055202.wav
3285.0,3288.0,Spizella pusilla,Field Sparrow,0.0509,D:\AcousticMonitoringData\ELDON7_Data\Week24\ELDON7_20250630_055202.wav
3291.0,3294.0,Spizella pusilla,Field Sparrow,0.1168,D:\AcousticMonitoringData\ELDON7_Data\Week24\ELDON7_20250630_055202.wav
3297.0,3300.0,Geothlypis trichas,Common Yellowthroat,0.1434,D:\AcousticMonitoringData\ELDON7_Data\Week24\ELDON7_20250630_055202.wav
3297.0,3300.0,Spizella pusilla,Field Sparrow,0.0596,D:\AcousticMonitoringData\ELDON7_Data\Week24\ELDON7_20250630_055202.wav
3300.0,3303.0,Spizella pusilla,Field Sparrow,0.0887,D:\AcousticMonitoringData\ELDON7_Data\Week24\ELDON7_20250630_055202.wav
3303.0,3306.0,Passerina caerulea,Blue Grosbeak,0.0598,D:\AcousticMonitoringData\ELDON7_Data\Week24\ELDON7_20250630_055202.wav
3315.0,3318.0,Spizella pusilla,Field Sparrow,0.0561,D:\AcousticMonitoringData\ELDON7_Data\Week24\ELDON7_20250630_055202.wav
3327.0,3330.0,Spizella pusilla,Field Sparrow,0.1119,D:\AcousticMonitoringData\ELDON7_Data\Week24\ELDON7_20250630_055202.wav
3339.0,3342.0,Spizella pusilla,Field Sparrow,0.2261,D:\AcousticMonitoringData\ELDON7_Data\Week24\ELDON7_20250630_055202.wav
3348.0,3351.0,Geothlypis trichas,Common Yellowthroat,0.0582,D:\AcousticMonitoringData\ELDON7_Data\Week24\ELDON7_20250630_055202.wav
3360.0,3363.0,Spizella pusilla,Field Sparrow,0.1850,D:\AcousticMonitoringData\ELDON7_Data\Week24\ELDON7_20250630_055202.wav
3363.0,3366.0,Spizella pusilla,Field Sparrow,0.1307,D:\AcousticMonitoringData\ELDON7_Data\Week24\ELDON7_20250630_055202.wav
3369.0,3372.0,Spizella pusilla,Field Sparrow,0.0743,D:\AcousticMonitoringData\ELDON7_Data\Week24\ELDON7_20250630_055202.wav
3372.0,3375.0,Spizella pusilla,Field Sparrow,0.1245,D:\AcousticMonitoringData\ELDON7_Data\Week24\ELDON7_20250630_055202.wav
3378.0,3381.0,Passerina caerulea,Blue Grosbeak,0.0528,D:\AcousticMonitoringData\ELDON7_Data\Week24\ELDON7_20250630_055202.wav
3384.0,3387.0,Spizella pusilla,Field Sparrow,0.1570,D:\AcousticMonitoringData\ELDON7_Data\Week24\ELDON7_20250630_055202.wav
3387.0,3390.0,Geothlypis trichas,Common Yellowthroat,0.2354,D:\AcousticMonitoringData\ELDON7_Data\Week24\ELDON7_20250630_055202.wav
3390.0,3393.0,Spizella pusilla,Field Sparrow,0.1243,D:\AcousticMonitoringData\ELDON7_Data\Week24\ELDON7_20250630_055202.wav
3393.0,3396.0,Spizella pusilla,Field Sparrow,0.6648,D:\AcousticMonitoringData\ELDON7_Data\Week24\ELDON7_20250630_055202.wav
3396.0,3399.0,Spizella pusilla,Field Sparrow,0.0575,D:\AcousticMonitoringData\ELDON7_Data\Week24\ELDON7_20250630_055202.wav
3405.0,3408.0,Spizella pusilla,Field Sparrow,0.3367,D:\AcousticMonitoringData\ELDON7_Data\Week24\ELDON7_20250630_055202.wav
3408.0,3411.0,Spizella pusilla,Field Sparrow,0.1689,D:\AcousticMonitoringData\ELDON7_Data\Week24\ELDON7_20250630_055202.wav
3414.0,3417.0,Geothlypis trichas,Common Yellowthroat,0.0915,D:\AcousticMonitoringData\ELDON7_Data\Week24\ELDON7_20250630_055202.wav
3420.0,3423.0,Spizella pusilla,Field Sparrow,0.4894,D:\AcousticMonitoringData\ELDON7_Data\Week24\ELDON7_20250630_055202.wav
3426.0,3429.0,Geothlypis trichas,Common Yellowthroat,0.0744,D:\AcousticMonitoringData\ELDON7_Data\Week24\ELDON7_20250630_055202.wav
3429.0,3432.0,Spizella pusilla,Field Sparrow,0.0850,D:\AcousticMonitoringData\ELDON7_Data\Week24\ELDON7_20250630_055202.wav
3435.0,3438.0,Spizella pusilla,Field Sparrow,0.2120,D:\AcousticMonitoringData\ELDON7_Data\Week24\ELDON7_20250630_055202.wav
3447.0,3450.0,Spizella pusilla,Field Sparrow,0.0731,D:\AcousticMonitoringData\ELDON7_Data\Week24\ELDON7_20250630_055202.wav
3450.0,3453.0,Spizella pusilla,Field Sparrow,0.0636,D:\AcousticMonitoringData\ELDON7_Data\Week24\ELDON7_20250630_055202.wav
3453.0,3456.0,Spizella pusilla,Field Sparrow,0.2082,D:\AcousticMonitoringData\ELDON7_Data\Week24\ELDON7_20250630_055202.wav
3462.0,3465.0,Spizella pusilla,Field Sparrow,0.1215,D:\AcousticMonitoringData\ELDON7_Data\Week24\ELDON7_20250630_055202.wav
3465.0,3468.0,Spizella pusilla,Field Sparrow,0.2042,D:\AcousticMonitoringData\ELDON7_Data\Week24\ELDON7_20250630_055202.wav
3468.0,3471.0,Spizella pusilla,Field Sparrow,0.0824,D:\AcousticMonitoringData\ELDON7_Data\Week24\ELDON7_20250630_055202.wav
3474.0,3477.0,Spizella pusilla,Field Sparrow,0.0807,D:\AcousticMonitoringData\ELDON7_Data\Week24\ELDON7_20250630_055202.wav
3477.0,3480.0,Spizella pusilla,Field Sparrow,0.0835,D:\AcousticMonitoringData\ELDON7_Data\Week24\ELDON7_20250630_055202.wav
3486.0,3489.0,Spizella pusilla,Field Sparrow,0.4410,D:\AcousticMonitoringData\ELDON7_Data\Week24\ELDON7_20250630_055202.wav
3489.0,3492.0,Spizella pusilla,Field Sparrow,0.2846,D:\AcousticMonitoringData\ELDON7_Data\Week24\ELDON7_20250630_055202.wav
3501.0,3504.0,Spizella pusilla,Field Sparrow,0.3834,D:\AcousticMonitoringData\ELDON7_Data\Week24\ELDON7_20250630_055202.wav
3501.0,3504.0,Sturnella magna,Eastern Meadowlark,0.1328,D:\AcousticMonitoringData\ELDON7_Data\Week24\ELDON7_20250630_055202.wav
3504.0,3507.0,Spizella pusilla,Field Sparrow,0.2821,D:\AcousticMonitoringData\ELDON7_Data\Week24\ELDON7_20250630_055202.wav
3513.0,3516.0,Spizella pusilla,Field Sparrow,0.0977,D:\AcousticMonitoringData\ELDON7_Data\Week24\ELDON7_20250630_055202.wav
3522.0,3525.0,Spizella pusilla,Field Sparrow,0.3375,D:\AcousticMonitoringData\ELDON7_Data\Week24\ELDON7_20250630_055202.wav
3525.0,3528.0,Spizella pusilla,Field Sparrow,0.7177,D:\AcousticMonitoringData\ELDON7_Data\Week24\ELDON7_20250630_055202.wav
3528.0,3531.0,Spizella pusilla,Field Sparrow,0.3495,D:\AcousticMonitoringData\ELDON7_Data\Week24\ELDON7_20250630_055202.wav
3537.0,3540.0,Spizella pusilla,Field Sparrow,0.0735,D:\AcousticMonitoringData\ELDON7_Data\Week24\ELDON7_20250630_055202.wav
3543.0,3546.0,Spizella pusilla,Field Sparrow,0.2640,D:\AcousticMonitoringData\ELDON7_Data\Week24\ELDON7_20250630_055202.wav
3546.0,3549.0,Spizella pusilla,Field Sparrow,0.3545,D:\AcousticMonitoringData\ELDON7_Data\Week24\ELDON7_20250630_055202.wav
3546.0,3549.0,Sturnella magna,Eastern Meadowlark,0.0784,D:\AcousticMonitoringData\ELDON7_Data\Week24\ELDON7_20250630_055202.wav
3549.0,3552.0,Spizella pusilla,Field Sparrow,0.0558,D:\AcousticMonitoringData\ELDON7_Data\Week24\ELDON7_20250630_055202.wav
3561.0,3564.0,Spizella pusilla,Field Sparrow,0.3001,D:\AcousticMonitoringData\ELDON7_Data\Week24\ELDON7_20250630_055202.wav
3564.0,3567.0,Spizella pusilla,Field Sparrow,0.5087,D:\AcousticMonitoringData\ELDON7_Data\Week24\ELDON7_20250630_055202.wav
3573.0,3576.0,Spizella pusilla,Field Sparrow,0.1017,D:\AcousticMonitoringData\ELDON7_Data\Week24\ELDON7_20250630_055202.wav
3579.0,3582.0,Spizella pusilla,Field Sparrow,0.0705,D:\AcousticMonitoringData\ELDON7_Data\Week24\ELDON7_20250630_055202.wav
3585.0,3588.0,Spizella pusilla,Field Sparrow,0.1370,D:\AcousticMonitoringData\ELDON7_Data\Week24\ELDON7_20250630_055202.wav
3591.0,3594.0,Spizella pusilla,Field Sparrow,0.5449,D:\AcousticMonitoringData\ELDON7_Data\Week24\ELDON7_20250630_055202.wav
3594.0,3597.0,Spizella pusilla,Field Sparrow,0.2406,D:\AcousticMonitoringData\ELDON7_Data\Week24\ELDON7_20250630_055202.wav
3597.0,3600.0,Spizella pusilla,Field Sparrow,0.1253,D:\AcousticMonitoringData\ELDON7_Data\Week24\ELDON7_20250630_055202.wav
3600.0,3602.89,Spizella pusilla,Field Sparrow,0.2097,D:\AcousticMonitoringData\ELDON7_Data\Week24\ELDON7_20250630_055202.wav
