Start (s),End (s),Scientific name,Common name,Confidence,File,Date
3,6,Sturnella magna,Eastern Meadowlark,0.0231,D:/AcousticMonitoringData/ELDON5_Data/Week16\ELDON5_20250423_185700.wav,20250423
6,9,Sturnella magna,Eastern Meadowlark,0.034,D:/AcousticMonitoringData/ELDON5_Data/Week16\ELDON5_20250423_185700.wav,20250423
6,9,Spizella pusilla,Field Sparrow,0.0212,D:/AcousticMonitoringData/ELDON5_Data/Week16\ELDON5_20250423_185700.wav,20250423
9,12,Sturnella magna,Eastern Meadowlark,0.0176,D:/AcousticMonitoringData/ELDON5_Data/Week16\ELDON5_20250423_185700.wav,20250423
12,15,Eremophila alpestris,Horned Lark,0.0119,D:/AcousticMonitoringData/ELDON5_Data/Week16\ELDON5_20250423_185700.wav,20250423
15,18,Eremophila alpestris,Horned Lark,0.0309,D:/AcousticMonitoringData/ELDON5_Data/Week16\ELDON5_20250423_185700.wav,20250423
15,18,Sturnella magna,Eastern Meadowlark,0.0123,D:/AcousticMonitoringData/ELDON5_Data/Week16\ELDON5_20250423_185700.wav,20250423
18,21,Eremophila alpestris,Horned Lark,0.0152,D:/AcousticMonitoringData/ELDON5_Data/Week16\ELDON5_20250423_185700.wav,20250423
18,21,Sturnella magna,Eastern Meadowlark,0.0129,D:/AcousticMonitoringData/ELDON5_Data/Week16\ELDON5_20250423_185700.wav,20250423
24,27,Sturnella magna,Eastern Meadowlark,0.0146,D:/AcousticMonitoringData/ELDON5_Data/Week16\ELDON5_20250423_185700.wav,20250423
27,30,Sturnella magna,Eastern Meadowlark,0.0235,D:/AcousticMonitoringData/ELDON5_Data/Week16\ELDON5_20250423_185700.wav,20250423
39,42,Sturnella magna,Eastern Meadowlark,0.0102,D:/AcousticMonitoringData/ELDON5_Data/Week16\ELDON5_20250423_185700.wav,20250423
48,51,Geothlypis trichas,Common Yellowthroat,0.016,D:/AcousticMonitoringData/ELDON5_Data/Week16\ELDON5_20250423_185700.wav,20250423
54,57,Geothlypis trichas,Common Yellowthroat,0.0428,D:/AcousticMonitoringData/ELDON5_Data/Week16\ELDON5_20250423_185700.wav,20250423
54,57,Spizella pusilla,Field Sparrow,0.0197,D:/AcousticMonitoringData/ELDON5_Data/Week16\ELDON5_20250423_185700.wav,20250423
54,57,Passerina caerulea,Blue Grosbeak,0.017,D:/AcousticMonitoringData/ELDON5_Data/Week16\ELDON5_20250423_185700.wav,20250423
57,60,Geothlypis trichas,Common Yellowthroat,0.027,D:/AcousticMonitoringData/ELDON5_Data/Week16\ELDON5_20250423_185700.wav,20250423
57,60,Spizella pusilla,Field Sparrow,0.0151,D:/AcousticMonitoringData/ELDON5_Data/Week16\ELDON5_20250423_185700.wav,20250423
66,69,Sturnella magna,Eastern Meadowlark,0.0221,D:/AcousticMonitoringData/ELDON5_Data/Week16\ELDON5_20250423_185700.wav,20250423
66,69,Bartramia longicauda,Upland Sandpiper,0.0146,D:/AcousticMonitoringData/ELDON5_Data/Week16\ELDON5_20250423_185700.wav,20250423
72,75,Spizella pusilla,Field Sparrow,0.0234,D:/AcousticMonitoringData/ELDON5_Data/Week16\ELDON5_20250423_185700.wav,20250423
75,78,Sturnella magna,Eastern Meadowlark,0.0311,D:/AcousticMonitoringData/ELDON5_Data/Week16\ELDON5_20250423_185700.wav,20250423
93,96,Sturnella magna,Eastern Meadowlark,0.014,D:/AcousticMonitoringData/ELDON5_Data/Week16\ELDON5_20250423_185700.wav,20250423
93,96,Passerina caerulea,Blue Grosbeak,0.0127,D:/AcousticMonitoringData/ELDON5_Data/Week16\ELDON5_20250423_185700.wav,20250423
111,114,Geothlypis trichas,Common Yellowthroat,0.09,D:/AcousticMonitoringData/ELDON5_Data/Week16\ELDON5_20250423_185700.wav,20250423
111,114,Sturnella magna,Eastern Meadowlark,0.017,D:/AcousticMonitoringData/ELDON5_Data/Week16\ELDON5_20250423_185700.wav,20250423
111,114,Passerina caerulea,Blue Grosbeak,0.0123,D:/AcousticMonitoringData/ELDON5_Data/Week16\ELDON5_20250423_185700.wav,20250423
114,117,Sturnella magna,Eastern Meadowlark,0.0195,D:/AcousticMonitoringData/ELDON5_Data/Week16\ELDON5_20250423_185700.wav,20250423
120,123,Sturnella magna,Eastern Meadowlark,0.015,D:/AcousticMonitoringData/ELDON5_Data/Week16\ELDON5_20250423_185700.wav,20250423
126,129,Sturnella magna,Eastern Meadowlark,0.0285,D:/AcousticMonitoringData/ELDON5_Data/Week16\ELDON5_20250423_185700.wav,20250423
126,129,Passerina caerulea,Blue Grosbeak,0.01,D:/AcousticMonitoringData/ELDON5_Data/Week16\ELDON5_20250423_185700.wav,20250423
132,135,Passerina caerulea,Blue Grosbeak,0.0129,D:/AcousticMonitoringData/ELDON5_Data/Week16\ELDON5_20250423_185700.wav,20250423
135,138,Sturnella magna,Eastern Meadowlark,0.028,D:/AcousticMonitoringData/ELDON5_Data/Week16\ELDON5_20250423_185700.wav,20250423
138,141,Sturnella magna,Eastern Meadowlark,0.0106,D:/AcousticMonitoringData/ELDON5_Data/Week16\ELDON5_20250423_185700.wav,20250423
150,153,Passerina caerulea,Blue Grosbeak,0.0111,D:/AcousticMonitoringData/ELDON5_Data/Week16\ELDON5_20250423_185700.wav,20250423
162,165,Spizella pusilla,Field Sparrow,0.0165,D:/AcousticMonitoringData/ELDON5_Data/Week16\ELDON5_20250423_185700.wav,20250423
168,171,Spizella pusilla,Field Sparrow,0.0104,D:/AcousticMonitoringData/ELDON5_Data/Week16\ELDON5_20250423_185700.wav,20250423
177,180,Sturnella magna,Eastern Meadowlark,0.0144,D:/AcousticMonitoringData/ELDON5_Data/Week16\ELDON5_20250423_185700.wav,20250423
177,180,Passerina caerulea,Blue Grosbeak,0.014,D:/AcousticMonitoringData/ELDON5_Data/Week16\ELDON5_20250423_185700.wav,20250423
183,186,Spizella pusilla,Field Sparrow,0.0104,D:/AcousticMonitoringData/ELDON5_Data/Week16\ELDON5_20250423_185700.wav,20250423
195,198,Sturnella magna,Eastern Meadowlark,0.0221,D:/AcousticMonitoringData/ELDON5_Data/Week16\ELDON5_20250423_185700.wav,20250423
195,198,Passerina caerulea,Blue Grosbeak,0.0199,D:/AcousticMonitoringData/ELDON5_Data/Week16\ELDON5_20250423_185700.wav,20250423
195,198,Spizella pusilla,Field Sparrow,0.0135,D:/AcousticMonitoringData/ELDON5_Data/Week16\ELDON5_20250423_185700.wav,20250423
201,204,Passerina caerulea,Blue Grosbeak,0.0246,D:/AcousticMonitoringData/ELDON5_Data/Week16\ELDON5_20250423_185700.wav,20250423
201,204,Geothlypis trichas,Common Yellowthroat,0.0233,D:/AcousticMonitoringData/ELDON5_Data/Week16\ELDON5_20250423_185700.wav,20250423
201,204,Sturnella magna,Eastern Meadowlark,0.0102,D:/AcousticMonitoringData/ELDON5_Data/Week16\ELDON5_20250423_185700.wav,20250423
204,207,Passerina caerulea,Blue Grosbeak,0.0162,D:/AcousticMonitoringData/ELDON5_Data/Week16\ELDON5_20250423_185700.wav,20250423
204,207,Spizella pusilla,Field Sparrow,0.0152,D:/AcousticMonitoringData/ELDON5_Data/Week16\ELDON5_20250423_185700.wav,20250423
213,216,Spizella pusilla,Field Sparrow,0.0138,D:/AcousticMonitoringData/ELDON5_Data/Week16\ELDON5_20250423_185700.wav,20250423
219,222,Melospiza melodia,Song Sparrow,0.0286,D:/AcousticMonitoringData/ELDON5_Data/Week16\ELDON5_20250423_185700.wav,20250423
219,222,Geothlypis trichas,Common Yellowthroat,0.0173,D:/AcousticMonitoringData/ELDON5_Data/Week16\ELDON5_20250423_185700.wav,20250423
228,231,Geothlypis trichas,Common Yellowthroat,0.012,D:/AcousticMonitoringData/ELDON5_Data/Week16\ELDON5_20250423_185700.wav,20250423
231,234,Melospiza melodia,Song Sparrow,0.012,D:/AcousticMonitoringData/ELDON5_Data/Week16\ELDON5_20250423_185700.wav,20250423
234,237,Geothlypis trichas,Common Yellowthroat,0.0159,D:/AcousticMonitoringData/ELDON5_Data/Week16\ELDON5_20250423_185700.wav,20250423
243,246,Geothlypis trichas,Common Yellowthroat,0.0183,D:/AcousticMonitoringData/ELDON5_Data/Week16\ELDON5_20250423_185700.wav,20250423
249,252,Melospiza melodia,Song Sparrow,0.0226,D:/AcousticMonitoringData/ELDON5_Data/Week16\ELDON5_20250423_185700.wav,20250423
249,252,Geothlypis trichas,Common Yellowthroat,0.0123,D:/AcousticMonitoringData/ELDON5_Data/Week16\ELDON5_20250423_185700.wav,20250423
252,255,Geothlypis trichas,Common Yellowthroat,0.0132,D:/AcousticMonitoringData/ELDON5_Data/Week16\ELDON5_20250423_185700.wav,20250423
255,258,Melospiza melodia,Song Sparrow,0.0531,D:/AcousticMonitoringData/ELDON5_Data/Week16\ELDON5_20250423_185700.wav,20250423
255,258,Geothlypis trichas,Common Yellowthroat,0.0468,D:/AcousticMonitoringData/ELDON5_Data/Week16\ELDON5_20250423_185700.wav,20250423
255,258,Sturnella magna,Eastern Meadowlark,0.0295,D:/AcousticMonitoringData/ELDON5_Data/Week16\ELDON5_20250423_185700.wav,20250423
258,261,Spizella pusilla,Field Sparrow,0.0174,D:/AcousticMonitoringData/ELDON5_Data/Week16\ELDON5_20250423_185700.wav,20250423
258,261,Geothlypis trichas,Common Yellowthroat,0.0164,D:/AcousticMonitoringData/ELDON5_Data/Week16\ELDON5_20250423_185700.wav,20250423
258,261,Sturnella magna,Eastern Meadowlark,0.0104,D:/AcousticMonitoringData/ELDON5_Data/Week16\ELDON5_20250423_185700.wav,20250423
261,264,Geothlypis trichas,Common Yellowthroat,0.0152,D:/AcousticMonitoringData/ELDON5_Data/Week16\ELDON5_20250423_185700.wav,20250423
264,267,Sturnella magna,Eastern Meadowlark,0.0312,D:/AcousticMonitoringData/ELDON5_Data/Week16\ELDON5_20250423_185700.wav,20250423
270,273,Geothlypis trichas,Common Yellowthroat,0.0224,D:/AcousticMonitoringData/ELDON5_Data/Week16\ELDON5_20250423_185700.wav,20250423
270,273,Spizella pusilla,Field Sparrow,0.0103,D:/AcousticMonitoringData/ELDON5_Data/Week16\ELDON5_20250423_185700.wav,20250423
276,279,Geothlypis trichas,Common Yellowthroat,0.0705,D:/AcousticMonitoringData/ELDON5_Data/Week16\ELDON5_20250423_185700.wav,20250423
276,279,Spizella pusilla,Field Sparrow,0.0183,D:/AcousticMonitoringData/ELDON5_Data/Week16\ELDON5_20250423_185700.wav,20250423
276,279,Sturnella magna,Eastern Meadowlark,0.0159,D:/AcousticMonitoringData/ELDON5_Data/Week16\ELDON5_20250423_185700.wav,20250423
276,279,Passerina caerulea,Blue Grosbeak,0.0123,D:/AcousticMonitoringData/ELDON5_Data/Week16\ELDON5_20250423_185700.wav,20250423
288,291,Sturnella magna,Eastern Meadowlark,0.7474,D:/AcousticMonitoringData/ELDON5_Data/Week16\ELDON5_20250423_185700.wav,20250423
294,297,Sturnella magna,Eastern Meadowlark,0.0232,D:/AcousticMonitoringData/ELDON5_Data/Week16\ELDON5_20250423_185700.wav,20250423
297,300,Spizella pusilla,Field Sparrow,0.0117,D:/AcousticMonitoringData/ELDON5_Data/Week16\ELDON5_20250423_185700.wav,20250423
297,300,Sturnella magna,Eastern Meadowlark,0.0107,D:/AcousticMonitoringData/ELDON5_Data/Week16\ELDON5_20250423_185700.wav,20250423
300,303,Spizella pusilla,Field Sparrow,0.0622,D:/AcousticMonitoringData/ELDON5_Data/Week16\ELDON5_20250423_185700.wav,20250423
300,303,Passerina caerulea,Blue Grosbeak,0.0224,D:/AcousticMonitoringData/ELDON5_Data/Week16\ELDON5_20250423_185700.wav,20250423
300,303,Sturnella magna,Eastern Meadowlark,0.0204,D:/AcousticMonitoringData/ELDON5_Data/Week16\ELDON5_20250423_185700.wav,20250423
303,306,Spizella pusilla,Field Sparrow,0.012,D:/AcousticMonitoringData/ELDON5_Data/Week16\ELDON5_20250423_185700.wav,20250423
303,306,Sturnella magna,Eastern Meadowlark,0.0102,D:/AcousticMonitoringData/ELDON5_Data/Week16\ELDON5_20250423_185700.wav,20250423
306,309,Sturnella magna,Eastern Meadowlark,0.1293,D:/AcousticMonitoringData/ELDON5_Data/Week16\ELDON5_20250423_185700.wav,20250423
306,309,Bartramia longicauda,Upland Sandpiper,0.021,D:/AcousticMonitoringData/ELDON5_Data/Week16\ELDON5_20250423_185700.wav,20250423
309,312,Passerina caerulea,Blue Grosbeak,0.0193,D:/AcousticMonitoringData/ELDON5_Data/Week16\ELDON5_20250423_185700.wav,20250423
309,312,Sturnella magna,Eastern Meadowlark,0.01,D:/AcousticMonitoringData/ELDON5_Data/Week16\ELDON5_20250423_185700.wav,20250423
318,321,Passerina caerulea,Blue Grosbeak,0.0152,D:/AcousticMonitoringData/ELDON5_Data/Week16\ELDON5_20250423_185700.wav,20250423
324,327,Passerina caerulea,Blue Grosbeak,0.0178,D:/AcousticMonitoringData/ELDON5_Data/Week16\ELDON5_20250423_185700.wav,20250423
327,330,Passerina caerulea,Blue Grosbeak,0.0195,D:/AcousticMonitoringData/ELDON5_Data/Week16\ELDON5_20250423_185700.wav,20250423
333,336,Sturnella magna,Eastern Meadowlark,0.041,D:/AcousticMonitoringData/ELDON5_Data/Week16\ELDON5_20250423_185700.wav,20250423
333,336,Passerina caerulea,Blue Grosbeak,0.015,D:/AcousticMonitoringData/ELDON5_Data/Week16\ELDON5_20250423_185700.wav,20250423
336,339,Passerina caerulea,Blue Grosbeak,0.043,D:/AcousticMonitoringData/ELDON5_Data/Week16\ELDON5_20250423_185700.wav,20250423
342,345,Passerina caerulea,Blue Grosbeak,0.0123,D:/AcousticMonitoringData/ELDON5_Data/Week16\ELDON5_20250423_185700.wav,20250423
348,351,Sturnella magna,Eastern Meadowlark,0.0215,D:/AcousticMonitoringData/ELDON5_Data/Week16\ELDON5_20250423_185700.wav,20250423
372,375,Geothlypis trichas,Common Yellowthroat,0.0134,D:/AcousticMonitoringData/ELDON5_Data/Week16\ELDON5_20250423_185700.wav,20250423
387,390,Passerina caerulea,Blue Grosbeak,0.0287,D:/AcousticMonitoringData/ELDON5_Data/Week16\ELDON5_20250423_185700.wav,20250423
426,429,Sturnella magna,Eastern Meadowlark,0.0105,D:/AcousticMonitoringData/ELDON5_Data/Week16\ELDON5_20250423_185700.wav,20250423
477,480,Passerina caerulea,Blue Grosbeak,0.0113,D:/AcousticMonitoringData/ELDON5_Data/Week16\ELDON5_20250423_185700.wav,20250423
492,495,Passerina caerulea,Blue Grosbeak,0.0121,D:/AcousticMonitoringData/ELDON5_Data/Week16\ELDON5_20250423_185700.wav,20250423
495,498,Passerina caerulea,Blue Grosbeak,0.0122,D:/AcousticMonitoringData/ELDON5_Data/Week16\ELDON5_20250423_185700.wav,20250423
504,507,Passerina caerulea,Blue Grosbeak,0.011,D:/AcousticMonitoringData/ELDON5_Data/Week16\ELDON5_20250423_185700.wav,20250423
507,510,Sturnella magna,Eastern Meadowlark,0.0137,D:/AcousticMonitoringData/ELDON5_Data/Week16\ELDON5_20250423_185700.wav,20250423
507,510,Spizella pusilla,Field Sparrow,0.0119,D:/AcousticMonitoringData/ELDON5_Data/Week16\ELDON5_20250423_185700.wav,20250423
519,522,Geothlypis trichas,Common Yellowthroat,0.025,D:/AcousticMonitoringData/ELDON5_Data/Week16\ELDON5_20250423_185700.wav,20250423
525,528,Sturnella magna,Eastern Meadowlark,0.0103,D:/AcousticMonitoringData/ELDON5_Data/Week16\ELDON5_20250423_185700.wav,20250423
537,540,Passerina caerulea,Blue Grosbeak,0.0103,D:/AcousticMonitoringData/ELDON5_Data/Week16\ELDON5_20250423_185700.wav,20250423
543,546,Geothlypis trichas,Common Yellowthroat,0.159,D:/AcousticMonitoringData/ELDON5_Data/Week16\ELDON5_20250423_185700.wav,20250423
543,546,Sturnella magna,Eastern Meadowlark,0.0228,D:/AcousticMonitoringData/ELDON5_Data/Week16\ELDON5_20250423_185700.wav,20250423
543,546,Passerina caerulea,Blue Grosbeak,0.0104,D:/AcousticMonitoringData/ELDON5_Data/Week16\ELDON5_20250423_185700.wav,20250423
546,549,Geothlypis trichas,Common Yellowthroat,0.0173,D:/AcousticMonitoringData/ELDON5_Data/Week16\ELDON5_20250423_185700.wav,20250423
567,570,Sturnella magna,Eastern Meadowlark,0.048,D:/AcousticMonitoringData/ELDON5_Data/Week16\ELDON5_20250423_185700.wav,20250423
567,570,Bartramia longicauda,Upland Sandpiper,0.0152,D:/AcousticMonitoringData/ELDON5_Data/Week16\ELDON5_20250423_185700.wav,20250423
567,570,Geothlypis trichas,Common Yellowthroat,0.0116,D:/AcousticMonitoringData/ELDON5_Data/Week16\ELDON5_20250423_185700.wav,20250423
567,570,Passerina caerulea,Blue Grosbeak,0.0106,D:/AcousticMonitoringData/ELDON5_Data/Week16\ELDON5_20250423_185700.wav,20250423
570,573,Sturnella magna,Eastern Meadowlark,0.0327,D:/AcousticMonitoringData/ELDON5_Data/Week16\ELDON5_20250423_185700.wav,20250423
579,582,Passerina caerulea,Blue Grosbeak,0.0119,D:/AcousticMonitoringData/ELDON5_Data/Week16\ELDON5_20250423_185700.wav,20250423
582,585,Eremophila alpestris,Horned Lark,0.0111,D:/AcousticMonitoringData/ELDON5_Data/Week16\ELDON5_20250423_185700.wav,20250423
585,588,Spizella pusilla,Field Sparrow,0.0343,D:/AcousticMonitoringData/ELDON5_Data/Week16\ELDON5_20250423_185700.wav,20250423
585,588,Sturnella magna,Eastern Meadowlark,0.0165,D:/AcousticMonitoringData/ELDON5_Data/Week16\ELDON5_20250423_185700.wav,20250423
585,588,Passerina caerulea,Blue Grosbeak,0.0121,D:/AcousticMonitoringData/ELDON5_Data/Week16\ELDON5_20250423_185700.wav,20250423
594,597,Geothlypis trichas,Common Yellowthroat,0.0119,D:/AcousticMonitoringData/ELDON5_Data/Week16\ELDON5_20250423_185700.wav,20250423
597,600,Geothlypis trichas,Common Yellowthroat,0.0191,D:/AcousticMonitoringData/ELDON5_Data/Week16\ELDON5_20250423_185700.wav,20250423
603,606,Sturnella magna,Eastern Meadowlark,0.0314,D:/AcousticMonitoringData/ELDON5_Data/Week16\ELDON5_20250423_185700.wav,20250423
606,609,Sturnella magna,Eastern Meadowlark,0.0117,D:/AcousticMonitoringData/ELDON5_Data/Week16\ELDON5_20250423_185700.wav,20250423
609,612,Melospiza melodia,Song Sparrow,0.0127,D:/AcousticMonitoringData/ELDON5_Data/Week16\ELDON5_20250423_185700.wav,20250423
609,612,Passerina caerulea,Blue Grosbeak,0.0122,D:/AcousticMonitoringData/ELDON5_Data/Week16\ELDON5_20250423_185700.wav,20250423
609,612,Geothlypis trichas,Common Yellowthroat,0.0113,D:/AcousticMonitoringData/ELDON5_Data/Week16\ELDON5_20250423_185700.wav,20250423
615,618,Sturnella magna,Eastern Meadowlark,0.0122,D:/AcousticMonitoringData/ELDON5_Data/Week16\ELDON5_20250423_185700.wav,20250423
618,621,Geothlypis trichas,Common Yellowthroat,0.0204,D:/AcousticMonitoringData/ELDON5_Data/Week16\ELDON5_20250423_185700.wav,20250423
618,621,Melospiza melodia,Song Sparrow,0.0165,D:/AcousticMonitoringData/ELDON5_Data/Week16\ELDON5_20250423_185700.wav,20250423
624,627,Passerina caerulea,Blue Grosbeak,0.0165,D:/AcousticMonitoringData/ELDON5_Data/Week16\ELDON5_20250423_185700.wav,20250423
627,630,Sturnella magna,Eastern Meadowlark,0.011,D:/AcousticMonitoringData/ELDON5_Data/Week16\ELDON5_20250423_185700.wav,20250423
627,630,Geothlypis trichas,Common Yellowthroat,0.0101,D:/AcousticMonitoringData/ELDON5_Data/Week16\ELDON5_20250423_185700.wav,20250423
630,633,Sturnella magna,Eastern Meadowlark,0.0182,D:/AcousticMonitoringData/ELDON5_Data/Week16\ELDON5_20250423_185700.wav,20250423
636,639,Geothlypis trichas,Common Yellowthroat,0.0102,D:/AcousticMonitoringData/ELDON5_Data/Week16\ELDON5_20250423_185700.wav,20250423
651,654,Sturnella magna,Eastern Meadowlark,0.0295,D:/AcousticMonitoringData/ELDON5_Data/Week16\ELDON5_20250423_185700.wav,20250423
654,657,Geothlypis trichas,Common Yellowthroat,0.0299,D:/AcousticMonitoringData/ELDON5_Data/Week16\ELDON5_20250423_185700.wav,20250423
654,657,Melospiza melodia,Song Sparrow,0.0154,D:/AcousticMonitoringData/ELDON5_Data/Week16\ELDON5_20250423_185700.wav,20250423
654,657,Sturnella magna,Eastern Meadowlark,0.0126,D:/AcousticMonitoringData/ELDON5_Data/Week16\ELDON5_20250423_185700.wav,20250423
660,663,Sturnella magna,Eastern Meadowlark,0.0265,D:/AcousticMonitoringData/ELDON5_Data/Week16\ELDON5_20250423_185700.wav,20250423
660,663,Geothlypis trichas,Common Yellowthroat,0.0213,D:/AcousticMonitoringData/ELDON5_Data/Week16\ELDON5_20250423_185700.wav,20250423
666,669,Geothlypis trichas,Common Yellowthroat,0.017,D:/AcousticMonitoringData/ELDON5_Data/Week16\ELDON5_20250423_185700.wav,20250423
666,669,Sturnella magna,Eastern Meadowlark,0.0118,D:/AcousticMonitoringData/ELDON5_Data/Week16\ELDON5_20250423_185700.wav,20250423
669,672,Sturnella magna,Eastern Meadowlark,0.0119,D:/AcousticMonitoringData/ELDON5_Data/Week16\ELDON5_20250423_185700.wav,20250423
669,672,Bartramia longicauda,Upland Sandpiper,0.0114,D:/AcousticMonitoringData/ELDON5_Data/Week16\ELDON5_20250423_185700.wav,20250423
675,678,Sturnella magna,Eastern Meadowlark,0.0104,D:/AcousticMonitoringData/ELDON5_Data/Week16\ELDON5_20250423_185700.wav,20250423
681,684,Geothlypis trichas,Common Yellowthroat,0.0756,D:/AcousticMonitoringData/ELDON5_Data/Week16\ELDON5_20250423_185700.wav,20250423
681,684,Sturnella magna,Eastern Meadowlark,0.0144,D:/AcousticMonitoringData/ELDON5_Data/Week16\ELDON5_20250423_185700.wav,20250423
690,693,Sturnella magna,Eastern Meadowlark,0.4314,D:/AcousticMonitoringData/ELDON5_Data/Week16\ELDON5_20250423_185700.wav,20250423
696,699,Geothlypis trichas,Common Yellowthroat,0.0724,D:/AcousticMonitoringData/ELDON5_Data/Week16\ELDON5_20250423_185700.wav,20250423
696,699,Passerina caerulea,Blue Grosbeak,0.0134,D:/AcousticMonitoringData/ELDON5_Data/Week16\ELDON5_20250423_185700.wav,20250423
699,702,Passerina caerulea,Blue Grosbeak,0.0106,D:/AcousticMonitoringData/ELDON5_Data/Week16\ELDON5_20250423_185700.wav,20250423
702,705,Sturnella magna,Eastern Meadowlark,0.1951,D:/AcousticMonitoringData/ELDON5_Data/Week16\ELDON5_20250423_185700.wav,20250423
714,717,Sturnella magna,Eastern Meadowlark,0.0112,D:/AcousticMonitoringData/ELDON5_Data/Week16\ELDON5_20250423_185700.wav,20250423
720,723,Sturnella magna,Eastern Meadowlark,0.051,D:/AcousticMonitoringData/ELDON5_Data/Week16\ELDON5_20250423_185700.wav,20250423
732,735,Sturnella magna,Eastern Meadowlark,0.0522,D:/AcousticMonitoringData/ELDON5_Data/Week16\ELDON5_20250423_185700.wav,20250423
747,750,Sturnella magna,Eastern Meadowlark,0.0275,D:/AcousticMonitoringData/ELDON5_Data/Week16\ELDON5_20250423_185700.wav,20250423
759,762,Sturnella magna,Eastern Meadowlark,0.0448,D:/AcousticMonitoringData/ELDON5_Data/Week16\ELDON5_20250423_185700.wav,20250423
765,768,Spizella pusilla,Field Sparrow,0.0159,D:/AcousticMonitoringData/ELDON5_Data/Week16\ELDON5_20250423_185700.wav,20250423
765,768,Sturnella magna,Eastern Meadowlark,0.0109,D:/AcousticMonitoringData/ELDON5_Data/Week16\ELDON5_20250423_185700.wav,20250423
768,771,Passerina caerulea,Blue Grosbeak,0.0184,D:/AcousticMonitoringData/ELDON5_Data/Week16\ELDON5_20250423_185700.wav,20250423
783,786,Sturnella magna,Eastern Meadowlark,0.1192,D:/AcousticMonitoringData/ELDON5_Data/Week16\ELDON5_20250423_185700.wav,20250423
783,786,Bartramia longicauda,Upland Sandpiper,0.0131,D:/AcousticMonitoringData/ELDON5_Data/Week16\ELDON5_20250423_185700.wav,20250423
795,798,Passerina caerulea,Blue Grosbeak,0.0173,D:/AcousticMonitoringData/ELDON5_Data/Week16\ELDON5_20250423_185700.wav,20250423
795,798,Spizella pusilla,Field Sparrow,0.0126,D:/AcousticMonitoringData/ELDON5_Data/Week16\ELDON5_20250423_185700.wav,20250423
801,804,Sturnella magna,Eastern Meadowlark,0.447,D:/AcousticMonitoringData/ELDON5_Data/Week16\ELDON5_20250423_185700.wav,20250423
801,804,Bartramia longicauda,Upland Sandpiper,0.0114,D:/AcousticMonitoringData/ELDON5_Data/Week16\ELDON5_20250423_185700.wav,20250423
804,807,Sturnella magna,Eastern Meadowlark,0.5656,D:/AcousticMonitoringData/ELDON5_Data/Week16\ELDON5_20250423_185700.wav,20250423
804,807,Spizella pusilla,Field Sparrow,0.0228,D:/AcousticMonitoringData/ELDON5_Data/Week16\ELDON5_20250423_185700.wav,20250423
807,810,Sturnella magna,Eastern Meadowlark,0.0666,D:/AcousticMonitoringData/ELDON5_Data/Week16\ELDON5_20250423_185700.wav,20250423
810,813,Sturnella magna,Eastern Meadowlark,0.3522,D:/AcousticMonitoringData/ELDON5_Data/Week16\ELDON5_20250423_185700.wav,20250423
816,819,Sturnella magna,Eastern Meadowlark,0.2819,D:/AcousticMonitoringData/ELDON5_Data/Week16\ELDON5_20250423_185700.wav,20250423
816,819,Bartramia longicauda,Upland Sandpiper,0.0139,D:/AcousticMonitoringData/ELDON5_Data/Week16\ELDON5_20250423_185700.wav,20250423
819,822,Spizella pusilla,Field Sparrow,0.0339,D:/AcousticMonitoringData/ELDON5_Data/Week16\ELDON5_20250423_185700.wav,20250423
819,822,Sturnella magna,Eastern Meadowlark,0.0231,D:/AcousticMonitoringData/ELDON5_Data/Week16\ELDON5_20250423_185700.wav,20250423
822,825,Sturnella magna,Eastern Meadowlark,0.0527,D:/AcousticMonitoringData/ELDON5_Data/Week16\ELDON5_20250423_185700.wav,20250423
825,828,Sturnella magna,Eastern Meadowlark,0.3987,D:/AcousticMonitoringData/ELDON5_Data/Week16\ELDON5_20250423_185700.wav,20250423
825,828,Spizella pusilla,Field Sparrow,0.0444,D:/AcousticMonitoringData/ELDON5_Data/Week16\ELDON5_20250423_185700.wav,20250423
825,828,Passerina caerulea,Blue Grosbeak,0.0214,D:/AcousticMonitoringData/ELDON5_Data/Week16\ELDON5_20250423_185700.wav,20250423
828,831,Sturnella magna,Eastern Meadowlark,0.0256,D:/AcousticMonitoringData/ELDON5_Data/Week16\ELDON5_20250423_185700.wav,20250423
828,831,Spizella pusilla,Field Sparrow,0.0148,D:/AcousticMonitoringData/ELDON5_Data/Week16\ELDON5_20250423_185700.wav,20250423
831,834,Sturnella magna,Eastern Meadowlark,0.392,D:/AcousticMonitoringData/ELDON5_Data/Week16\ELDON5_20250423_185700.wav,20250423
831,834,Spizella pusilla,Field Sparrow,0.0133,D:/AcousticMonitoringData/ELDON5_Data/Week16\ELDON5_20250423_185700.wav,20250423
834,837,Sturnella magna,Eastern Meadowlark,0.0278,D:/AcousticMonitoringData/ELDON5_Data/Week16\ELDON5_20250423_185700.wav,20250423
837,840,Spizella pusilla,Field Sparrow,0.1209,D:/AcousticMonitoringData/ELDON5_Data/Week16\ELDON5_20250423_185700.wav,20250423
837,840,Sturnella magna,Eastern Meadowlark,0.0758,D:/AcousticMonitoringData/ELDON5_Data/Week16\ELDON5_20250423_185700.wav,20250423
840,843,Sturnella magna,Eastern Meadowlark,0.1095,D:/AcousticMonitoringData/ELDON5_Data/Week16\ELDON5_20250423_185700.wav,20250423
840,843,Passerina caerulea,Blue Grosbeak,0.0119,D:/AcousticMonitoringData/ELDON5_Data/Week16\ELDON5_20250423_185700.wav,20250423
840,843,Spizella pusilla,Field Sparrow,0.0109,D:/AcousticMonitoringData/ELDON5_Data/Week16\ELDON5_20250423_185700.wav,20250423
846,849,Sturnella magna,Eastern Meadowlark,0.1626,D:/AcousticMonitoringData/ELDON5_Data/Week16\ELDON5_20250423_185700.wav,20250423
846,849,Spizella pusilla,Field Sparrow,0.0993,D:/AcousticMonitoringData/ELDON5_Data/Week16\ELDON5_20250423_185700.wav,20250423
846,849,Passerina caerulea,Blue Grosbeak,0.0112,D:/AcousticMonitoringData/ELDON5_Data/Week16\ELDON5_20250423_185700.wav,20250423
849,852,Sturnella magna,Eastern Meadowlark,0.0318,D:/AcousticMonitoringData/ELDON5_Data/Week16\ELDON5_20250423_185700.wav,20250423
852,855,Sturnella magna,Eastern Meadowlark,0.4981,D:/AcousticMonitoringData/ELDON5_Data/Week16\ELDON5_20250423_185700.wav,20250423
852,855,Spizella pusilla,Field Sparrow,0.0254,D:/AcousticMonitoringData/ELDON5_Data/Week16\ELDON5_20250423_185700.wav,20250423
855,858,Sturnella magna,Eastern Meadowlark,0.1194,D:/AcousticMonitoringData/ELDON5_Data/Week16\ELDON5_20250423_185700.wav,20250423
858,861,Spizella pusilla,Field Sparrow,0.011,D:/AcousticMonitoringData/ELDON5_Data/Week16\ELDON5_20250423_185700.wav,20250423
861,864,Sturnella magna,Eastern Meadowlark,0.3097,D:/AcousticMonitoringData/ELDON5_Data/Week16\ELDON5_20250423_185700.wav,20250423
861,864,Bartramia longicauda,Upland Sandpiper,0.0151,D:/AcousticMonitoringData/ELDON5_Data/Week16\ELDON5_20250423_185700.wav,20250423
864,867,Spizella pusilla,Field Sparrow,0.0128,D:/AcousticMonitoringData/ELDON5_Data/Week16\ELDON5_20250423_185700.wav,20250423
870,873,Sturnella magna,Eastern Meadowlark,0.6051,D:/AcousticMonitoringData/ELDON5_Data/Week16\ELDON5_20250423_185700.wav,20250423
870,873,Bartramia longicauda,Upland Sandpiper,0.0413,D:/AcousticMonitoringData/ELDON5_Data/Week16\ELDON5_20250423_185700.wav,20250423
876,879,Sturnella magna,Eastern Meadowlark,0.2602,D:/AcousticMonitoringData/ELDON5_Data/Week16\ELDON5_20250423_185700.wav,20250423
879,882,Spizella pusilla,Field Sparrow,0.0183,D:/AcousticMonitoringData/ELDON5_Data/Week16\ELDON5_20250423_185700.wav,20250423
882,885,Spizella pusilla,Field Sparrow,0.0159,D:/AcousticMonitoringData/ELDON5_Data/Week16\ELDON5_20250423_185700.wav,20250423
882,885,Passerina caerulea,Blue Grosbeak,0.0144,D:/AcousticMonitoringData/ELDON5_Data/Week16\ELDON5_20250423_185700.wav,20250423
885,888,Sturnella magna,Eastern Meadowlark,0.227,D:/AcousticMonitoringData/ELDON5_Data/Week16\ELDON5_20250423_185700.wav,20250423
885,888,Bartramia longicauda,Upland Sandpiper,0.023,D:/AcousticMonitoringData/ELDON5_Data/Week16\ELDON5_20250423_185700.wav,20250423
888,891,Sturnella magna,Eastern Meadowlark,0.0889,D:/AcousticMonitoringData/ELDON5_Data/Week16\ELDON5_20250423_185700.wav,20250423
891,894,Sturnella magna,Eastern Meadowlark,0.0113,D:/AcousticMonitoringData/ELDON5_Data/Week16\ELDON5_20250423_185700.wav,20250423
894,897,Sturnella magna,Eastern Meadowlark,0.1968,D:/AcousticMonitoringData/ELDON5_Data/Week16\ELDON5_20250423_185700.wav,20250423
894,897,Bartramia longicauda,Upland Sandpiper,0.0275,D:/AcousticMonitoringData/ELDON5_Data/Week16\ELDON5_20250423_185700.wav,20250423
894,897,Eremophila alpestris,Horned Lark,0.0242,D:/AcousticMonitoringData/ELDON5_Data/Week16\ELDON5_20250423_185700.wav,20250423
894,897,Spizella pusilla,Field Sparrow,0.0189,D:/AcousticMonitoringData/ELDON5_Data/Week16\ELDON5_20250423_185700.wav,20250423
897,900,Sturnella magna,Eastern Meadowlark,0.4702,D:/AcousticMonitoringData/ELDON5_Data/Week16\ELDON5_20250423_185700.wav,20250423
897,900,Bartramia longicauda,Upland Sandpiper,0.0126,D:/AcousticMonitoringData/ELDON5_Data/Week16\ELDON5_20250423_185700.wav,20250423
900,903,Sturnella magna,Eastern Meadowlark,0.1127,D:/AcousticMonitoringData/ELDON5_Data/Week16\ELDON5_20250423_185700.wav,20250423
900,903,Passerina caerulea,Blue Grosbeak,0.0158,D:/AcousticMonitoringData/ELDON5_Data/Week16\ELDON5_20250423_185700.wav,20250423
903,906,Passerina caerulea,Blue Grosbeak,0.0202,D:/AcousticMonitoringData/ELDON5_Data/Week16\ELDON5_20250423_185700.wav,20250423
903,906,Spizella pusilla,Field Sparrow,0.0122,D:/AcousticMonitoringData/ELDON5_Data/Week16\ELDON5_20250423_185700.wav,20250423
909,912,Sturnella magna,Eastern Meadowlark,0.2745,D:/AcousticMonitoringData/ELDON5_Data/Week16\ELDON5_20250423_185700.wav,20250423
909,912,Bartramia longicauda,Upland Sandpiper,0.0231,D:/AcousticMonitoringData/ELDON5_Data/Week16\ELDON5_20250423_185700.wav,20250423
912,915,Sturnella magna,Eastern Meadowlark,0.0109,D:/AcousticMonitoringData/ELDON5_Data/Week16\ELDON5_20250423_185700.wav,20250423
918,921,Geothlypis trichas,Common Yellowthroat,0.0188,D:/AcousticMonitoringData/ELDON5_Data/Week16\ELDON5_20250423_185700.wav,20250423
921,924,Sturnella magna,Eastern Meadowlark,0.0212,D:/AcousticMonitoringData/ELDON5_Data/Week16\ELDON5_20250423_185700.wav,20250423
921,924,Spizella pusilla,Field Sparrow,0.0192,D:/AcousticMonitoringData/ELDON5_Data/Week16\ELDON5_20250423_185700.wav,20250423
921,924,Passerina caerulea,Blue Grosbeak,0.0107,D:/AcousticMonitoringData/ELDON5_Data/Week16\ELDON5_20250423_185700.wav,20250423
927,930,Sturnella magna,Eastern Meadowlark,0.0702,D:/AcousticMonitoringData/ELDON5_Data/Week16\ELDON5_20250423_185700.wav,20250423
930,933,Sturnella magna,Eastern Meadowlark,0.0329,D:/AcousticMonitoringData/ELDON5_Data/Week16\ELDON5_20250423_185700.wav,20250423
930,933,Geothlypis trichas,Common Yellowthroat,0.0124,D:/AcousticMonitoringData/ELDON5_Data/Week16\ELDON5_20250423_185700.wav,20250423
936,939,Sturnella magna,Eastern Meadowlark,0.2711,D:/AcousticMonitoringData/ELDON5_Data/Week16\ELDON5_20250423_185700.wav,20250423
936,939,Spizella pusilla,Field Sparrow,0.016,D:/AcousticMonitoringData/ELDON5_Data/Week16\ELDON5_20250423_185700.wav,20250423
936,939,Melospiza melodia,Song Sparrow,0.0115,D:/AcousticMonitoringData/ELDON5_Data/Week16\ELDON5_20250423_185700.wav,20250423
936,939,Passerina caerulea,Blue Grosbeak,0.01,D:/AcousticMonitoringData/ELDON5_Data/Week16\ELDON5_20250423_185700.wav,20250423
939,942,Melospiza melodia,Song Sparrow,0.0185,D:/AcousticMonitoringData/ELDON5_Data/Week16\ELDON5_20250423_185700.wav,20250423
942,945,Melospiza melodia,Song Sparrow,0.0242,D:/AcousticMonitoringData/ELDON5_Data/Week16\ELDON5_20250423_185700.wav,20250423
942,945,Geothlypis trichas,Common Yellowthroat,0.0209,D:/AcousticMonitoringData/ELDON5_Data/Week16\ELDON5_20250423_185700.wav,20250423
945,948,Sturnella magna,Eastern Meadowlark,0.6101,D:/AcousticMonitoringData/ELDON5_Data/Week16\ELDON5_20250423_185700.wav,20250423
945,948,Bartramia longicauda,Upland Sandpiper,0.0288,D:/AcousticMonitoringData/ELDON5_Data/Week16\ELDON5_20250423_185700.wav,20250423
945,948,Spizella pusilla,Field Sparrow,0.0252,D:/AcousticMonitoringData/ELDON5_Data/Week16\ELDON5_20250423_185700.wav,20250423
945,948,Melospiza melodia,Song Sparrow,0.0106,D:/AcousticMonitoringData/ELDON5_Data/Week16\ELDON5_20250423_185700.wav,20250423
948,951,Sturnella magna,Eastern Meadowlark,0.0638,D:/AcousticMonitoringData/ELDON5_Data/Week16\ELDON5_20250423_185700.wav,20250423
951,954,Sturnella magna,Eastern Meadowlark,0.1962,D:/AcousticMonitoringData/ELDON5_Data/Week16\ELDON5_20250423_185700.wav,20250423
954,957,Sturnella magna,Eastern Meadowlark,0.4991,D:/AcousticMonitoringData/ELDON5_Data/Week16\ELDON5_20250423_185700.wav,20250423
954,957,Bartramia longicauda,Upland Sandpiper,0.0116,D:/AcousticMonitoringData/ELDON5_Data/Week16\ELDON5_20250423_185700.wav,20250423
960,963,Sturnella magna,Eastern Meadowlark,0.0239,D:/AcousticMonitoringData/ELDON5_Data/Week16\ELDON5_20250423_185700.wav,20250423
963,966,Spizella pusilla,Field Sparrow,0.0441,D:/AcousticMonitoringData/ELDON5_Data/Week16\ELDON5_20250423_185700.wav,20250423
963,966,Sturnella magna,Eastern Meadowlark,0.0248,D:/AcousticMonitoringData/ELDON5_Data/Week16\ELDON5_20250423_185700.wav,20250423
963,966,Passerina caerulea,Blue Grosbeak,0.024,D:/AcousticMonitoringData/ELDON5_Data/Week16\ELDON5_20250423_185700.wav,20250423
966,969,Sturnella magna,Eastern Meadowlark,0.0141,D:/AcousticMonitoringData/ELDON5_Data/Week16\ELDON5_20250423_185700.wav,20250423
969,972,Geothlypis trichas,Common Yellowthroat,0.0141,D:/AcousticMonitoringData/ELDON5_Data/Week16\ELDON5_20250423_185700.wav,20250423
972,975,Sturnella magna,Eastern Meadowlark,0.2952,D:/AcousticMonitoringData/ELDON5_Data/Week16\ELDON5_20250423_185700.wav,20250423
972,975,Spizella pusilla,Field Sparrow,0.0215,D:/AcousticMonitoringData/ELDON5_Data/Week16\ELDON5_20250423_185700.wav,20250423
972,975,Bartramia longicauda,Upland Sandpiper,0.0187,D:/AcousticMonitoringData/ELDON5_Data/Week16\ELDON5_20250423_185700.wav,20250423
975,978,Sturnella magna,Eastern Meadowlark,0.2752,D:/AcousticMonitoringData/ELDON5_Data/Week16\ELDON5_20250423_185700.wav,20250423
984,987,Sturnella magna,Eastern Meadowlark,0.0102,D:/AcousticMonitoringData/ELDON5_Data/Week16\ELDON5_20250423_185700.wav,20250423
990,993,Sturnella magna,Eastern Meadowlark,0.0106,D:/AcousticMonitoringData/ELDON5_Data/Week16\ELDON5_20250423_185700.wav,20250423
993,996,Sturnella magna,Eastern Meadowlark,0.0394,D:/AcousticMonitoringData/ELDON5_Data/Week16\ELDON5_20250423_185700.wav,20250423
993,996,Passerina caerulea,Blue Grosbeak,0.0185,D:/AcousticMonitoringData/ELDON5_Data/Week16\ELDON5_20250423_185700.wav,20250423
993,996,Spizella pusilla,Field Sparrow,0.0115,D:/AcousticMonitoringData/ELDON5_Data/Week16\ELDON5_20250423_185700.wav,20250423
996,999,Sturnella magna,Eastern Meadowlark,0.0674,D:/AcousticMonitoringData/ELDON5_Data/Week16\ELDON5_20250423_185700.wav,20250423
996,999,Passerina caerulea,Blue Grosbeak,0.0153,D:/AcousticMonitoringData/ELDON5_Data/Week16\ELDON5_20250423_185700.wav,20250423
996,999,Spizella pusilla,Field Sparrow,0.0115,D:/AcousticMonitoringData/ELDON5_Data/Week16\ELDON5_20250423_185700.wav,20250423
1002,1005,Sturnella magna,Eastern Meadowlark,0.0194,D:/AcousticMonitoringData/ELDON5_Data/Week16\ELDON5_20250423_185700.wav,20250423
1008,1011,Passerina caerulea,Blue Grosbeak,0.0119,D:/AcousticMonitoringData/ELDON5_Data/Week16\ELDON5_20250423_185700.wav,20250423
1011,1014,Sturnella magna,Eastern Meadowlark,0.0142,D:/AcousticMonitoringData/ELDON5_Data/Week16\ELDON5_20250423_185700.wav,20250423
1017,1020,Sturnella magna,Eastern Meadowlark,0.0503,D:/AcousticMonitoringData/ELDON5_Data/Week16\ELDON5_20250423_185700.wav,20250423
1023,1026,Sturnella magna,Eastern Meadowlark,0.029,D:/AcousticMonitoringData/ELDON5_Data/Week16\ELDON5_20250423_185700.wav,20250423
1023,1026,Bartramia longicauda,Upland Sandpiper,0.0115,D:/AcousticMonitoringData/ELDON5_Data/Week16\ELDON5_20250423_185700.wav,20250423
1026,1029,Sturnella magna,Eastern Meadowlark,0.1193,D:/AcousticMonitoringData/ELDON5_Data/Week16\ELDON5_20250423_185700.wav,20250423
1026,1029,Bartramia longicauda,Upland Sandpiper,0.0198,D:/AcousticMonitoringData/ELDON5_Data/Week16\ELDON5_20250423_185700.wav,20250423
1029,1032,Bartramia longicauda,Upland Sandpiper,0.0103,D:/AcousticMonitoringData/ELDON5_Data/Week16\ELDON5_20250423_185700.wav,20250423
1032,1035,Sturnella magna,Eastern Meadowlark,0.011,D:/AcousticMonitoringData/ELDON5_Data/Week16\ELDON5_20250423_185700.wav,20250423
1038,1041,Geothlypis trichas,Common Yellowthroat,0.0105,D:/AcousticMonitoringData/ELDON5_Data/Week16\ELDON5_20250423_185700.wav,20250423
1044,1047,Melospiza melodia,Song Sparrow,0.0192,D:/AcousticMonitoringData/ELDON5_Data/Week16\ELDON5_20250423_185700.wav,20250423
1044,1047,Geothlypis trichas,Common Yellowthroat,0.0121,D:/AcousticMonitoringData/ELDON5_Data/Week16\ELDON5_20250423_185700.wav,20250423
1047,1050,Geothlypis trichas,Common Yellowthroat,0.0182,D:/AcousticMonitoringData/ELDON5_Data/Week16\ELDON5_20250423_185700.wav,20250423
1056,1059,Sturnella magna,Eastern Meadowlark,0.0144,D:/AcousticMonitoringData/ELDON5_Data/Week16\ELDON5_20250423_185700.wav,20250423
1059,1062,Sturnella magna,Eastern Meadowlark,0.028,D:/AcousticMonitoringData/ELDON5_Data/Week16\ELDON5_20250423_185700.wav,20250423
1062,1065,Melospiza melodia,Song Sparrow,0.0447,D:/AcousticMonitoringData/ELDON5_Data/Week16\ELDON5_20250423_185700.wav,20250423
1062,1065,Geothlypis trichas,Common Yellowthroat,0.0115,D:/AcousticMonitoringData/ELDON5_Data/Week16\ELDON5_20250423_185700.wav,20250423
1065,1068,Melospiza melodia,Song Sparrow,0.0143,D:/AcousticMonitoringData/ELDON5_Data/Week16\ELDON5_20250423_185700.wav,20250423
1071,1074,Sturnella magna,Eastern Meadowlark,0.0277,D:/AcousticMonitoringData/ELDON5_Data/Week16\ELDON5_20250423_185700.wav,20250423
1074,1077,Sturnella magna,Eastern Meadowlark,0.0108,D:/AcousticMonitoringData/ELDON5_Data/Week16\ELDON5_20250423_185700.wav,20250423
1080,1083,Sturnella magna,Eastern Meadowlark,0.0112,D:/AcousticMonitoringData/ELDON5_Data/Week16\ELDON5_20250423_185700.wav,20250423
1083,1086,Sturnella magna,Eastern Meadowlark,0.2904,D:/AcousticMonitoringData/ELDON5_Data/Week16\ELDON5_20250423_185700.wav,20250423
1083,1086,Geothlypis trichas,Common Yellowthroat,0.0209,D:/AcousticMonitoringData/ELDON5_Data/Week16\ELDON5_20250423_185700.wav,20250423
1083,1086,Passerina caerulea,Blue Grosbeak,0.0114,D:/AcousticMonitoringData/ELDON5_Data/Week16\ELDON5_20250423_185700.wav,20250423
1083,1086,Spizella pusilla,Field Sparrow,0.01,D:/AcousticMonitoringData/ELDON5_Data/Week16\ELDON5_20250423_185700.wav,20250423
1086,1089,Geothlypis trichas,Common Yellowthroat,0.0108,D:/AcousticMonitoringData/ELDON5_Data/Week16\ELDON5_20250423_185700.wav,20250423
1089,1092,Geothlypis trichas,Common Yellowthroat,0.0156,D:/AcousticMonitoringData/ELDON5_Data/Week16\ELDON5_20250423_185700.wav,20250423
1092,1095,Sturnella magna,Eastern Meadowlark,0.0207,D:/AcousticMonitoringData/ELDON5_Data/Week16\ELDON5_20250423_185700.wav,20250423
1113,1116,Melospiza melodia,Song Sparrow,0.01,D:/AcousticMonitoringData/ELDON5_Data/Week16\ELDON5_20250423_185700.wav,20250423
1116,1119,Sturnella magna,Eastern Meadowlark,0.0612,D:/AcousticMonitoringData/ELDON5_Data/Week16\ELDON5_20250423_185700.wav,20250423
1116,1119,Geothlypis trichas,Common Yellowthroat,0.022,D:/AcousticMonitoringData/ELDON5_Data/Week16\ELDON5_20250423_185700.wav,20250423
1116,1119,Melospiza melodia,Song Sparrow,0.0168,D:/AcousticMonitoringData/ELDON5_Data/Week16\ELDON5_20250423_185700.wav,20250423
1122,1125,Sturnella magna,Eastern Meadowlark,0.0341,D:/AcousticMonitoringData/ELDON5_Data/Week16\ELDON5_20250423_185700.wav,20250423
1125,1128,Geothlypis trichas,Common Yellowthroat,0.0492,D:/AcousticMonitoringData/ELDON5_Data/Week16\ELDON5_20250423_185700.wav,20250423
1125,1128,Sturnella magna,Eastern Meadowlark,0.0378,D:/AcousticMonitoringData/ELDON5_Data/Week16\ELDON5_20250423_185700.wav,20250423
1128,1131,Sturnella magna,Eastern Meadowlark,0.0332,D:/AcousticMonitoringData/ELDON5_Data/Week16\ELDON5_20250423_185700.wav,20250423
1140,1143,Sturnella magna,Eastern Meadowlark,0.0138,D:/AcousticMonitoringData/ELDON5_Data/Week16\ELDON5_20250423_185700.wav,20250423
1143,1146,Sturnella magna,Eastern Meadowlark,0.0398,D:/AcousticMonitoringData/ELDON5_Data/Week16\ELDON5_20250423_185700.wav,20250423
1143,1146,Melospiza melodia,Song Sparrow,0.0105,D:/AcousticMonitoringData/ELDON5_Data/Week16\ELDON5_20250423_185700.wav,20250423
1146,1149,Melospiza melodia,Song Sparrow,0.0174,D:/AcousticMonitoringData/ELDON5_Data/Week16\ELDON5_20250423_185700.wav,20250423
1146,1149,Sturnella magna,Eastern Meadowlark,0.0103,D:/AcousticMonitoringData/ELDON5_Data/Week16\ELDON5_20250423_185700.wav,20250423
1149,1152,Melospiza melodia,Song Sparrow,0.0107,D:/AcousticMonitoringData/ELDON5_Data/Week16\ELDON5_20250423_185700.wav,20250423
1152,1155,Melospiza melodia,Song Sparrow,0.0106,D:/AcousticMonitoringData/ELDON5_Data/Week16\ELDON5_20250423_185700.wav,20250423
1155,1158,Geothlypis trichas,Common Yellowthroat,0.0184,D:/AcousticMonitoringData/ELDON5_Data/Week16\ELDON5_20250423_185700.wav,20250423
1158,1161,Sturnella magna,Eastern Meadowlark,0.0175,D:/AcousticMonitoringData/ELDON5_Data/Week16\ELDON5_20250423_185700.wav,20250423
1158,1161,Spizella pusilla,Field Sparrow,0.011,D:/AcousticMonitoringData/ELDON5_Data/Week16\ELDON5_20250423_185700.wav,20250423
1158,1161,Geothlypis trichas,Common Yellowthroat,0.0102,D:/AcousticMonitoringData/ELDON5_Data/Week16\ELDON5_20250423_185700.wav,20250423
1161,1164,Melospiza melodia,Song Sparrow,0.0238,D:/AcousticMonitoringData/ELDON5_Data/Week16\ELDON5_20250423_185700.wav,20250423
1167,1170,Melospiza melodia,Song Sparrow,0.0208,D:/AcousticMonitoringData/ELDON5_Data/Week16\ELDON5_20250423_185700.wav,20250423
1173,1176,Sturnella magna,Eastern Meadowlark,0.1067,D:/AcousticMonitoringData/ELDON5_Data/Week16\ELDON5_20250423_185700.wav,20250423
1173,1176,Spizella pusilla,Field Sparrow,0.0205,D:/AcousticMonitoringData/ELDON5_Data/Week16\ELDON5_20250423_185700.wav,20250423
1173,1176,Bartramia longicauda,Upland Sandpiper,0.0148,D:/AcousticMonitoringData/ELDON5_Data/Week16\ELDON5_20250423_185700.wav,20250423
1173,1176,Geothlypis trichas,Common Yellowthroat,0.0136,D:/AcousticMonitoringData/ELDON5_Data/Week16\ELDON5_20250423_185700.wav,20250423
1176,1179,Geothlypis trichas,Common Yellowthroat,0.0165,D:/AcousticMonitoringData/ELDON5_Data/Week16\ELDON5_20250423_185700.wav,20250423
1179,1182,Geothlypis trichas,Common Yellowthroat,0.0199,D:/AcousticMonitoringData/ELDON5_Data/Week16\ELDON5_20250423_185700.wav,20250423
1179,1182,Melospiza melodia,Song Sparrow,0.0121,D:/AcousticMonitoringData/ELDON5_Data/Week16\ELDON5_20250423_185700.wav,20250423
1188,1191,Geothlypis trichas,Common Yellowthroat,0.0202,D:/AcousticMonitoringData/ELDON5_Data/Week16\ELDON5_20250423_185700.wav,20250423
1188,1191,Spizella pusilla,Field Sparrow,0.015,D:/AcousticMonitoringData/ELDON5_Data/Week16\ELDON5_20250423_185700.wav,20250423
1188,1191,Sturnella magna,Eastern Meadowlark,0.0116,D:/AcousticMonitoringData/ELDON5_Data/Week16\ELDON5_20250423_185700.wav,20250423
1191,1194,Sturnella magna,Eastern Meadowlark,0.0173,D:/AcousticMonitoringData/ELDON5_Data/Week16\ELDON5_20250423_185700.wav,20250423
1191,1194,Spizella pusilla,Field Sparrow,0.0115,D:/AcousticMonitoringData/ELDON5_Data/Week16\ELDON5_20250423_185700.wav,20250423
1191,1194,Geothlypis trichas,Common Yellowthroat,0.0104,D:/AcousticMonitoringData/ELDON5_Data/Week16\ELDON5_20250423_185700.wav,20250423
1194,1197,Melospiza melodia,Song Sparrow,0.0118,D:/AcousticMonitoringData/ELDON5_Data/Week16\ELDON5_20250423_185700.wav,20250423
1194,1197,Geothlypis trichas,Common Yellowthroat,0.0113,D:/AcousticMonitoringData/ELDON5_Data/Week16\ELDON5_20250423_185700.wav,20250423
1197,1200,Geothlypis trichas,Common Yellowthroat,0.0434,D:/AcousticMonitoringData/ELDON5_Data/Week16\ELDON5_20250423_185700.wav,20250423
1197,1200,Melospiza melodia,Song Sparrow,0.0219,D:/AcousticMonitoringData/ELDON5_Data/Week16\ELDON5_20250423_185700.wav,20250423
1197,1200,Sturnella magna,Eastern Meadowlark,0.0202,D:/AcousticMonitoringData/ELDON5_Data/Week16\ELDON5_20250423_185700.wav,20250423
1197,1200,Spizella pusilla,Field Sparrow,0.0134,D:/AcousticMonitoringData/ELDON5_Data/Week16\ELDON5_20250423_185700.wav,20250423
1200,1203,Sturnella magna,Eastern Meadowlark,0.1031,D:/AcousticMonitoringData/ELDON5_Data/Week16\ELDON5_20250423_185700.wav,20250423
1200,1203,Geothlypis trichas,Common Yellowthroat,0.0199,D:/AcousticMonitoringData/ELDON5_Data/Week16\ELDON5_20250423_185700.wav,20250423
1200,1203,Melospiza melodia,Song Sparrow,0.0182,D:/AcousticMonitoringData/ELDON5_Data/Week16\ELDON5_20250423_185700.wav,20250423
1200,1203,Passerina caerulea,Blue Grosbeak,0.0174,D:/AcousticMonitoringData/ELDON5_Data/Week16\ELDON5_20250423_185700.wav,20250423
1203,1206,Geothlypis trichas,Common Yellowthroat,0.0136,D:/AcousticMonitoringData/ELDON5_Data/Week16\ELDON5_20250423_185700.wav,20250423
1221,1224,Sturnella magna,Eastern Meadowlark,0.0337,D:/AcousticMonitoringData/ELDON5_Data/Week16\ELDON5_20250423_185700.wav,20250423
1224,1227,Sturnella magna,Eastern Meadowlark,0.0149,D:/AcousticMonitoringData/ELDON5_Data/Week16\ELDON5_20250423_185700.wav,20250423
1227,1230,Sturnella magna,Eastern Meadowlark,0.0114,D:/AcousticMonitoringData/ELDON5_Data/Week16\ELDON5_20250423_185700.wav,20250423
1233,1236,Sturnella magna,Eastern Meadowlark,0.0159,D:/AcousticMonitoringData/ELDON5_Data/Week16\ELDON5_20250423_185700.wav,20250423
1245,1248,Sturnella magna,Eastern Meadowlark,0.117,D:/AcousticMonitoringData/ELDON5_Data/Week16\ELDON5_20250423_185700.wav,20250423
1251,1254,Sturnella magna,Eastern Meadowlark,0.0291,D:/AcousticMonitoringData/ELDON5_Data/Week16\ELDON5_20250423_185700.wav,20250423
1266,1269,Sturnella magna,Eastern Meadowlark,0.0222,D:/AcousticMonitoringData/ELDON5_Data/Week16\ELDON5_20250423_185700.wav,20250423
1272,1275,Sturnella magna,Eastern Meadowlark,0.0165,D:/AcousticMonitoringData/ELDON5_Data/Week16\ELDON5_20250423_185700.wav,20250423
1272,1275,Spizella pusilla,Field Sparrow,0.0109,D:/AcousticMonitoringData/ELDON5_Data/Week16\ELDON5_20250423_185700.wav,20250423
1278,1281,Sturnella magna,Eastern Meadowlark,0.02,D:/AcousticMonitoringData/ELDON5_Data/Week16\ELDON5_20250423_185700.wav,20250423
1278,1281,Passerina caerulea,Blue Grosbeak,0.013,D:/AcousticMonitoringData/ELDON5_Data/Week16\ELDON5_20250423_185700.wav,20250423
1278,1281,Spizella pusilla,Field Sparrow,0.0126,D:/AcousticMonitoringData/ELDON5_Data/Week16\ELDON5_20250423_185700.wav,20250423
1281,1284,Sturnella magna,Eastern Meadowlark,0.0316,D:/AcousticMonitoringData/ELDON5_Data/Week16\ELDON5_20250423_185700.wav,20250423
1293,1296,Sturnella magna,Eastern Meadowlark,0.0165,D:/AcousticMonitoringData/ELDON5_Data/Week16\ELDON5_20250423_185700.wav,20250423
1305,1308,Sturnella magna,Eastern Meadowlark,0.0122,D:/AcousticMonitoringData/ELDON5_Data/Week16\ELDON5_20250423_185700.wav,20250423
1320,1323,Passerina caerulea,Blue Grosbeak,0.0215,D:/AcousticMonitoringData/ELDON5_Data/Week16\ELDON5_20250423_185700.wav,20250423
1320,1323,Sturnella magna,Eastern Meadowlark,0.0148,D:/AcousticMonitoringData/ELDON5_Data/Week16\ELDON5_20250423_185700.wav,20250423
1320,1323,Geothlypis trichas,Common Yellowthroat,0.0148,D:/AcousticMonitoringData/ELDON5_Data/Week16\ELDON5_20250423_185700.wav,20250423
1323,1326,Sturnella magna,Eastern Meadowlark,0.0328,D:/AcousticMonitoringData/ELDON5_Data/Week16\ELDON5_20250423_185700.wav,20250423
1335,1338,Sturnella magna,Eastern Meadowlark,0.0276,D:/AcousticMonitoringData/ELDON5_Data/Week16\ELDON5_20250423_185700.wav,20250423
1335,1338,Passerina caerulea,Blue Grosbeak,0.0106,D:/AcousticMonitoringData/ELDON5_Data/Week16\ELDON5_20250423_185700.wav,20250423
1338,1341,Sturnella magna,Eastern Meadowlark,0.0133,D:/AcousticMonitoringData/ELDON5_Data/Week16\ELDON5_20250423_185700.wav,20250423
1341,1344,Sturnella magna,Eastern Meadowlark,0.0122,D:/AcousticMonitoringData/ELDON5_Data/Week16\ELDON5_20250423_185700.wav,20250423
1344,1347,Sturnella magna,Eastern Meadowlark,0.0154,D:/AcousticMonitoringData/ELDON5_Data/Week16\ELDON5_20250423_185700.wav,20250423
1344,1347,Passerina caerulea,Blue Grosbeak,0.0116,D:/AcousticMonitoringData/ELDON5_Data/Week16\ELDON5_20250423_185700.wav,20250423
1347,1350,Passerina caerulea,Blue Grosbeak,0.0113,D:/AcousticMonitoringData/ELDON5_Data/Week16\ELDON5_20250423_185700.wav,20250423
1350,1353,Sturnella magna,Eastern Meadowlark,0.0204,D:/AcousticMonitoringData/ELDON5_Data/Week16\ELDON5_20250423_185700.wav,20250423
1350,1353,Passerina caerulea,Blue Grosbeak,0.0177,D:/AcousticMonitoringData/ELDON5_Data/Week16\ELDON5_20250423_185700.wav,20250423
1350,1353,Spizella pusilla,Field Sparrow,0.0152,D:/AcousticMonitoringData/ELDON5_Data/Week16\ELDON5_20250423_185700.wav,20250423
1353,1356,Spizella pusilla,Field Sparrow,0.0197,D:/AcousticMonitoringData/ELDON5_Data/Week16\ELDON5_20250423_185700.wav,20250423
1353,1356,Passerina caerulea,Blue Grosbeak,0.0188,D:/AcousticMonitoringData/ELDON5_Data/Week16\ELDON5_20250423_185700.wav,20250423
1356,1359,Passerina caerulea,Blue Grosbeak,0.0205,D:/AcousticMonitoringData/ELDON5_Data/Week16\ELDON5_20250423_185700.wav,20250423
1356,1359,Spizella pusilla,Field Sparrow,0.0125,D:/AcousticMonitoringData/ELDON5_Data/Week16\ELDON5_20250423_185700.wav,20250423
1359,1362,Spizella pusilla,Field Sparrow,0.0132,D:/AcousticMonitoringData/ELDON5_Data/Week16\ELDON5_20250423_185700.wav,20250423
1362,1365,Spizella pusilla,Field Sparrow,0.0138,D:/AcousticMonitoringData/ELDON5_Data/Week16\ELDON5_20250423_185700.wav,20250423
1365,1368,Spizella pusilla,Field Sparrow,0.0202,D:/AcousticMonitoringData/ELDON5_Data/Week16\ELDON5_20250423_185700.wav,20250423
1365,1368,Sturnella magna,Eastern Meadowlark,0.0175,D:/AcousticMonitoringData/ELDON5_Data/Week16\ELDON5_20250423_185700.wav,20250423
1365,1368,Passerina caerulea,Blue Grosbeak,0.0174,D:/AcousticMonitoringData/ELDON5_Data/Week16\ELDON5_20250423_185700.wav,20250423
1368,1371,Sturnella magna,Eastern Meadowlark,0.0152,D:/AcousticMonitoringData/ELDON5_Data/Week16\ELDON5_20250423_185700.wav,20250423
1371,1374,Spizella pusilla,Field Sparrow,0.0174,D:/AcousticMonitoringData/ELDON5_Data/Week16\ELDON5_20250423_185700.wav,20250423
1371,1374,Sturnella magna,Eastern Meadowlark,0.0126,D:/AcousticMonitoringData/ELDON5_Data/Week16\ELDON5_20250423_185700.wav,20250423
1374,1377,Sturnella magna,Eastern Meadowlark,0.0115,D:/AcousticMonitoringData/ELDON5_Data/Week16\ELDON5_20250423_185700.wav,20250423
1377,1380,Geothlypis trichas,Common Yellowthroat,0.0227,D:/AcousticMonitoringData/ELDON5_Data/Week16\ELDON5_20250423_185700.wav,20250423
1377,1380,Sturnella magna,Eastern Meadowlark,0.0114,D:/AcousticMonitoringData/ELDON5_Data/Week16\ELDON5_20250423_185700.wav,20250423
1377,1380,Melospiza melodia,Song Sparrow,0.0109,D:/AcousticMonitoringData/ELDON5_Data/Week16\ELDON5_20250423_185700.wav,20250423
1395,1398,Spizella pusilla,Field Sparrow,0.0169,D:/AcousticMonitoringData/ELDON5_Data/Week16\ELDON5_20250423_185700.wav,20250423
1395,1398,Sturnella magna,Eastern Meadowlark,0.0117,D:/AcousticMonitoringData/ELDON5_Data/Week16\ELDON5_20250423_185700.wav,20250423
1401,1404,Geothlypis trichas,Common Yellowthroat,0.0283,D:/AcousticMonitoringData/ELDON5_Data/Week16\ELDON5_20250423_185700.wav,20250423
1401,1404,Sturnella magna,Eastern Meadowlark,0.0189,D:/AcousticMonitoringData/ELDON5_Data/Week16\ELDON5_20250423_185700.wav,20250423
1401,1404,Spizella pusilla,Field Sparrow,0.0176,D:/AcousticMonitoringData/ELDON5_Data/Week16\ELDON5_20250423_185700.wav,20250423
1404,1407,Sturnella magna,Eastern Meadowlark,0.0225,D:/AcousticMonitoringData/ELDON5_Data/Week16\ELDON5_20250423_185700.wav,20250423
1407,1410,Sturnella magna,Eastern Meadowlark,0.0127,D:/AcousticMonitoringData/ELDON5_Data/Week16\ELDON5_20250423_185700.wav,20250423
1410,1413,Sturnella magna,Eastern Meadowlark,0.0106,D:/AcousticMonitoringData/ELDON5_Data/Week16\ELDON5_20250423_185700.wav,20250423
1416,1419,Spizella pusilla,Field Sparrow,0.0327,D:/AcousticMonitoringData/ELDON5_Data/Week16\ELDON5_20250423_185700.wav,20250423
1416,1419,Sturnella magna,Eastern Meadowlark,0.0288,D:/AcousticMonitoringData/ELDON5_Data/Week16\ELDON5_20250423_185700.wav,20250423
1416,1419,Passerina caerulea,Blue Grosbeak,0.0239,D:/AcousticMonitoringData/ELDON5_Data/Week16\ELDON5_20250423_185700.wav,20250423
1419,1422,Sturnella magna,Eastern Meadowlark,0.0369,D:/AcousticMonitoringData/ELDON5_Data/Week16\ELDON5_20250423_185700.wav,20250423
1422,1425,Sturnella magna,Eastern Meadowlark,0.0317,D:/AcousticMonitoringData/ELDON5_Data/Week16\ELDON5_20250423_185700.wav,20250423
1422,1425,Passerina caerulea,Blue Grosbeak,0.0234,D:/AcousticMonitoringData/ELDON5_Data/Week16\ELDON5_20250423_185700.wav,20250423
1422,1425,Spizella pusilla,Field Sparrow,0.0198,D:/AcousticMonitoringData/ELDON5_Data/Week16\ELDON5_20250423_185700.wav,20250423
1428,1431,Spizella pusilla,Field Sparrow,0.0136,D:/AcousticMonitoringData/ELDON5_Data/Week16\ELDON5_20250423_185700.wav,20250423
1431,1434,Geothlypis trichas,Common Yellowthroat,0.0459,D:/AcousticMonitoringData/ELDON5_Data/Week16\ELDON5_20250423_185700.wav,20250423
1437,1440,Sturnella magna,Eastern Meadowlark,0.0135,D:/AcousticMonitoringData/ELDON5_Data/Week16\ELDON5_20250423_185700.wav,20250423
1446,1449,Sturnella magna,Eastern Meadowlark,0.0712,D:/AcousticMonitoringData/ELDON5_Data/Week16\ELDON5_20250423_185700.wav,20250423
1449,1452,Sturnella magna,Eastern Meadowlark,0.0375,D:/AcousticMonitoringData/ELDON5_Data/Week16\ELDON5_20250423_185700.wav,20250423
1449,1452,Passerina caerulea,Blue Grosbeak,0.0154,D:/AcousticMonitoringData/ELDON5_Data/Week16\ELDON5_20250423_185700.wav,20250423
1452,1455,Sturnella magna,Eastern Meadowlark,0.0216,D:/AcousticMonitoringData/ELDON5_Data/Week16\ELDON5_20250423_185700.wav,20250423
1452,1455,Spizella pusilla,Field Sparrow,0.019,D:/AcousticMonitoringData/ELDON5_Data/Week16\ELDON5_20250423_185700.wav,20250423
1455,1458,Sturnella magna,Eastern Meadowlark,0.0345,D:/AcousticMonitoringData/ELDON5_Data/Week16\ELDON5_20250423_185700.wav,20250423
1455,1458,Spizella pusilla,Field Sparrow,0.0198,D:/AcousticMonitoringData/ELDON5_Data/Week16\ELDON5_20250423_185700.wav,20250423
1458,1461,Sturnella magna,Eastern Meadowlark,0.0216,D:/AcousticMonitoringData/ELDON5_Data/Week16\ELDON5_20250423_185700.wav,20250423
1458,1461,Spizella pusilla,Field Sparrow,0.0157,D:/AcousticMonitoringData/ELDON5_Data/Week16\ELDON5_20250423_185700.wav,20250423
1464,1467,Sturnella magna,Eastern Meadowlark,0.019,D:/AcousticMonitoringData/ELDON5_Data/Week16\ELDON5_20250423_185700.wav,20250423
1464,1467,Spizella pusilla,Field Sparrow,0.0114,D:/AcousticMonitoringData/ELDON5_Data/Week16\ELDON5_20250423_185700.wav,20250423
1467,1470,Sturnella magna,Eastern Meadowlark,0.0133,D:/AcousticMonitoringData/ELDON5_Data/Week16\ELDON5_20250423_185700.wav,20250423
1470,1473,Sturnella magna,Eastern Meadowlark,0.0135,D:/AcousticMonitoringData/ELDON5_Data/Week16\ELDON5_20250423_185700.wav,20250423
1473,1476,Spizella pusilla,Field Sparrow,0.0129,D:/AcousticMonitoringData/ELDON5_Data/Week16\ELDON5_20250423_185700.wav,20250423
1476,1479,Sturnella magna,Eastern Meadowlark,0.0109,D:/AcousticMonitoringData/ELDON5_Data/Week16\ELDON5_20250423_185700.wav,20250423
1479,1482,Spizella pusilla,Field Sparrow,0.0141,D:/AcousticMonitoringData/ELDON5_Data/Week16\ELDON5_20250423_185700.wav,20250423
1488,1491,Sturnella magna,Eastern Meadowlark,0.0132,D:/AcousticMonitoringData/ELDON5_Data/Week16\ELDON5_20250423_185700.wav,20250423
1488,1491,Spizella pusilla,Field Sparrow,0.0109,D:/AcousticMonitoringData/ELDON5_Data/Week16\ELDON5_20250423_185700.wav,20250423
1491,1494,Spizella pusilla,Field Sparrow,0.0109,D:/AcousticMonitoringData/ELDON5_Data/Week16\ELDON5_20250423_185700.wav,20250423
1497,1500,Bartramia longicauda,Upland Sandpiper,0.0309,D:/AcousticMonitoringData/ELDON5_Data/Week16\ELDON5_20250423_185700.wav,20250423
1524,1527,Geothlypis trichas,Common Yellowthroat,0.0183,D:/AcousticMonitoringData/ELDON5_Data/Week16\ELDON5_20250423_185700.wav,20250423
1539,1542,Sturnella magna,Eastern Meadowlark,0.0174,D:/AcousticMonitoringData/ELDON5_Data/Week16\ELDON5_20250423_185700.wav,20250423
1542,1545,Sturnella magna,Eastern Meadowlark,0.0229,D:/AcousticMonitoringData/ELDON5_Data/Week16\ELDON5_20250423_185700.wav,20250423
1542,1545,Bartramia longicauda,Upland Sandpiper,0.0112,D:/AcousticMonitoringData/ELDON5_Data/Week16\ELDON5_20250423_185700.wav,20250423
1545,1548,Bartramia longicauda,Upland Sandpiper,0.0106,D:/AcousticMonitoringData/ELDON5_Data/Week16\ELDON5_20250423_185700.wav,20250423
1560,1563,Sturnella magna,Eastern Meadowlark,0.0206,D:/AcousticMonitoringData/ELDON5_Data/Week16\ELDON5_20250423_185700.wav,20250423
1563,1566,Sturnella magna,Eastern Meadowlark,0.0104,D:/AcousticMonitoringData/ELDON5_Data/Week16\ELDON5_20250423_185700.wav,20250423
1593,1596,Geothlypis trichas,Common Yellowthroat,0.0296,D:/AcousticMonitoringData/ELDON5_Data/Week16\ELDON5_20250423_185700.wav,20250423
1593,1596,Sturnella magna,Eastern Meadowlark,0.0294,D:/AcousticMonitoringData/ELDON5_Data/Week16\ELDON5_20250423_185700.wav,20250423
1593,1596,Bartramia longicauda,Upland Sandpiper,0.0185,D:/AcousticMonitoringData/ELDON5_Data/Week16\ELDON5_20250423_185700.wav,20250423
1614,1617,Sturnella magna,Eastern Meadowlark,0.0113,D:/AcousticMonitoringData/ELDON5_Data/Week16\ELDON5_20250423_185700.wav,20250423
1617,1620,Sturnella magna,Eastern Meadowlark,0.0627,D:/AcousticMonitoringData/ELDON5_Data/Week16\ELDON5_20250423_185700.wav,20250423
1617,1620,Bartramia longicauda,Upland Sandpiper,0.0404,D:/AcousticMonitoringData/ELDON5_Data/Week16\ELDON5_20250423_185700.wav,20250423
1623,1626,Sturnella magna,Eastern Meadowlark,0.0614,D:/AcousticMonitoringData/ELDON5_Data/Week16\ELDON5_20250423_185700.wav,20250423
1635,1638,Sturnella magna,Eastern Meadowlark,0.0751,D:/AcousticMonitoringData/ELDON5_Data/Week16\ELDON5_20250423_185700.wav,20250423
1638,1641,Passerina caerulea,Blue Grosbeak,0.0165,D:/AcousticMonitoringData/ELDON5_Data/Week16\ELDON5_20250423_185700.wav,20250423
1641,1644,Sturnella magna,Eastern Meadowlark,0.0169,D:/AcousticMonitoringData/ELDON5_Data/Week16\ELDON5_20250423_185700.wav,20250423
1644,1647,Sturnella magna,Eastern Meadowlark,0.0379,D:/AcousticMonitoringData/ELDON5_Data/Week16\ELDON5_20250423_185700.wav,20250423
1668,1671,Sturnella magna,Eastern Meadowlark,0.0356,D:/AcousticMonitoringData/ELDON5_Data/Week16\ELDON5_20250423_185700.wav,20250423
1674,1677,Sturnella magna,Eastern Meadowlark,0.039,D:/AcousticMonitoringData/ELDON5_Data/Week16\ELDON5_20250423_185700.wav,20250423
1674,1677,Spizella pusilla,Field Sparrow,0.0171,D:/AcousticMonitoringData/ELDON5_Data/Week16\ELDON5_20250423_185700.wav,20250423
1677,1680,Sturnella magna,Eastern Meadowlark,0.0474,D:/AcousticMonitoringData/ELDON5_Data/Week16\ELDON5_20250423_185700.wav,20250423
1689,1692,Sturnella magna,Eastern Meadowlark,0.0114,D:/AcousticMonitoringData/ELDON5_Data/Week16\ELDON5_20250423_185700.wav,20250423
1698,1701,Sturnella magna,Eastern Meadowlark,0.0194,D:/AcousticMonitoringData/ELDON5_Data/Week16\ELDON5_20250423_185700.wav,20250423
1704,1707,Sturnella magna,Eastern Meadowlark,0.0541,D:/AcousticMonitoringData/ELDON5_Data/Week16\ELDON5_20250423_185700.wav,20250423
1710,1713,Sturnella magna,Eastern Meadowlark,0.2522,D:/AcousticMonitoringData/ELDON5_Data/Week16\ELDON5_20250423_185700.wav,20250423
1716,1719,Sturnella magna,Eastern Meadowlark,0.0296,D:/AcousticMonitoringData/ELDON5_Data/Week16\ELDON5_20250423_185700.wav,20250423
1725,1728,Sturnella magna,Eastern Meadowlark,0.1184,D:/AcousticMonitoringData/ELDON5_Data/Week16\ELDON5_20250423_185700.wav,20250423
1725,1728,Bartramia longicauda,Upland Sandpiper,0.0149,D:/AcousticMonitoringData/ELDON5_Data/Week16\ELDON5_20250423_185700.wav,20250423
1725,1728,Passerina caerulea,Blue Grosbeak,0.0114,D:/AcousticMonitoringData/ELDON5_Data/Week16\ELDON5_20250423_185700.wav,20250423
1737,1740,Sturnella magna,Eastern Meadowlark,0.11,D:/AcousticMonitoringData/ELDON5_Data/Week16\ELDON5_20250423_185700.wav,20250423
1737,1740,Bartramia longicauda,Upland Sandpiper,0.0129,D:/AcousticMonitoringData/ELDON5_Data/Week16\ELDON5_20250423_185700.wav,20250423
1740,1743,Passerina caerulea,Blue Grosbeak,0.0169,D:/AcousticMonitoringData/ELDON5_Data/Week16\ELDON5_20250423_185700.wav,20250423
1743,1746,Sturnella magna,Eastern Meadowlark,0.0381,D:/AcousticMonitoringData/ELDON5_Data/Week16\ELDON5_20250423_185700.wav,20250423
1743,1746,Spizella pusilla,Field Sparrow,0.0287,D:/AcousticMonitoringData/ELDON5_Data/Week16\ELDON5_20250423_185700.wav,20250423
1743,1746,Passerina caerulea,Blue Grosbeak,0.0125,D:/AcousticMonitoringData/ELDON5_Data/Week16\ELDON5_20250423_185700.wav,20250423
1743,1746,Bartramia longicauda,Upland Sandpiper,0.0104,D:/AcousticMonitoringData/ELDON5_Data/Week16\ELDON5_20250423_185700.wav,20250423
1752,1755,Sturnella magna,Eastern Meadowlark,0.0544,D:/AcousticMonitoringData/ELDON5_Data/Week16\ELDON5_20250423_185700.wav,20250423
1752,1755,Spizella pusilla,Field Sparrow,0.0215,D:/AcousticMonitoringData/ELDON5_Data/Week16\ELDON5_20250423_185700.wav,20250423
1752,1755,Bartramia longicauda,Upland Sandpiper,0.0133,D:/AcousticMonitoringData/ELDON5_Data/Week16\ELDON5_20250423_185700.wav,20250423
1755,1758,Sturnella magna,Eastern Meadowlark,0.0238,D:/AcousticMonitoringData/ELDON5_Data/Week16\ELDON5_20250423_185700.wav,20250423
1755,1758,Passerina caerulea,Blue Grosbeak,0.0175,D:/AcousticMonitoringData/ELDON5_Data/Week16\ELDON5_20250423_185700.wav,20250423
1761,1764,Passerina caerulea,Blue Grosbeak,0.0171,D:/AcousticMonitoringData/ELDON5_Data/Week16\ELDON5_20250423_185700.wav,20250423
1764,1767,Sturnella magna,Eastern Meadowlark,0.0384,D:/AcousticMonitoringData/ELDON5_Data/Week16\ELDON5_20250423_185700.wav,20250423
1764,1767,Passerina caerulea,Blue Grosbeak,0.0264,D:/AcousticMonitoringData/ELDON5_Data/Week16\ELDON5_20250423_185700.wav,20250423
1764,1767,Spizella pusilla,Field Sparrow,0.0105,D:/AcousticMonitoringData/ELDON5_Data/Week16\ELDON5_20250423_185700.wav,20250423
1770,1773,Sturnella magna,Eastern Meadowlark,0.0186,D:/AcousticMonitoringData/ELDON5_Data/Week16\ELDON5_20250423_185700.wav,20250423
1776,1779,Sturnella magna,Eastern Meadowlark,0.0275,D:/AcousticMonitoringData/ELDON5_Data/Week16\ELDON5_20250423_185700.wav,20250423
1776,1779,Passerina caerulea,Blue Grosbeak,0.0132,D:/AcousticMonitoringData/ELDON5_Data/Week16\ELDON5_20250423_185700.wav,20250423
1785,1788,Sturnella magna,Eastern Meadowlark,0.1781,D:/AcousticMonitoringData/ELDON5_Data/Week16\ELDON5_20250423_185700.wav,20250423
1785,1788,Passerina caerulea,Blue Grosbeak,0.0138,D:/AcousticMonitoringData/ELDON5_Data/Week16\ELDON5_20250423_185700.wav,20250423
1788,1791,Sturnella magna,Eastern Meadowlark,0.0697,D:/AcousticMonitoringData/ELDON5_Data/Week16\ELDON5_20250423_185700.wav,20250423
1791,1794,Sturnella magna,Eastern Meadowlark,0.0295,D:/AcousticMonitoringData/ELDON5_Data/Week16\ELDON5_20250423_185700.wav,20250423
1794,1797,Sturnella magna,Eastern Meadowlark,0.0157,D:/AcousticMonitoringData/ELDON5_Data/Week16\ELDON5_20250423_185700.wav,20250423
1794,1797,Passerina caerulea,Blue Grosbeak,0.0103,D:/AcousticMonitoringData/ELDON5_Data/Week16\ELDON5_20250423_185700.wav,20250423
1800,1803,Passerina caerulea,Blue Grosbeak,0.0133,D:/AcousticMonitoringData/ELDON5_Data/Week16\ELDON5_20250423_185700.wav,20250423
1803,1806,Sturnella magna,Eastern Meadowlark,0.624,D:/AcousticMonitoringData/ELDON5_Data/Week16\ELDON5_20250423_185700.wav,20250423
1812,1815,Sturnella magna,Eastern Meadowlark,0.017,D:/AcousticMonitoringData/ELDON5_Data/Week16\ELDON5_20250423_185700.wav,20250423
1812,1815,Spizella pusilla,Field Sparrow,0.0125,D:/AcousticMonitoringData/ELDON5_Data/Week16\ELDON5_20250423_185700.wav,20250423
1815,1818,Spizella pusilla,Field Sparrow,0.0145,D:/AcousticMonitoringData/ELDON5_Data/Week16\ELDON5_20250423_185700.wav,20250423
1815,1818,Passerina caerulea,Blue Grosbeak,0.0117,D:/AcousticMonitoringData/ELDON5_Data/Week16\ELDON5_20250423_185700.wav,20250423
1818,1821,Sturnella magna,Eastern Meadowlark,0.0382,D:/AcousticMonitoringData/ELDON5_Data/Week16\ELDON5_20250423_185700.wav,20250423
1821,1824,Sturnella magna,Eastern Meadowlark,0.0115,D:/AcousticMonitoringData/ELDON5_Data/Week16\ELDON5_20250423_185700.wav,20250423
1824,1827,Passerina caerulea,Blue Grosbeak,0.0108,D:/AcousticMonitoringData/ELDON5_Data/Week16\ELDON5_20250423_185700.wav,20250423
1830,1833,Sturnella magna,Eastern Meadowlark,0.0904,D:/AcousticMonitoringData/ELDON5_Data/Week16\ELDON5_20250423_185700.wav,20250423
1830,1833,Passerina caerulea,Blue Grosbeak,0.0113,D:/AcousticMonitoringData/ELDON5_Data/Week16\ELDON5_20250423_185700.wav,20250423
1836,1839,Sturnella magna,Eastern Meadowlark,0.085,D:/AcousticMonitoringData/ELDON5_Data/Week16\ELDON5_20250423_185700.wav,20250423
1845,1848,Sturnella magna,Eastern Meadowlark,0.0368,D:/AcousticMonitoringData/ELDON5_Data/Week16\ELDON5_20250423_185700.wav,20250423
1851,1854,Spizella pusilla,Field Sparrow,0.0259,D:/AcousticMonitoringData/ELDON5_Data/Week16\ELDON5_20250423_185700.wav,20250423
1851,1854,Passerina caerulea,Blue Grosbeak,0.0136,D:/AcousticMonitoringData/ELDON5_Data/Week16\ELDON5_20250423_185700.wav,20250423
1857,1860,Sturnella magna,Eastern Meadowlark,0.0627,D:/AcousticMonitoringData/ELDON5_Data/Week16\ELDON5_20250423_185700.wav,20250423
1860,1863,Sturnella magna,Eastern Meadowlark,0.0661,D:/AcousticMonitoringData/ELDON5_Data/Week16\ELDON5_20250423_185700.wav,20250423
1860,1863,Spizella pusilla,Field Sparrow,0.0132,D:/AcousticMonitoringData/ELDON5_Data/Week16\ELDON5_20250423_185700.wav,20250423
1860,1863,Passerina caerulea,Blue Grosbeak,0.0118,D:/AcousticMonitoringData/ELDON5_Data/Week16\ELDON5_20250423_185700.wav,20250423
1860,1863,Geothlypis trichas,Common Yellowthroat,0.0113,D:/AcousticMonitoringData/ELDON5_Data/Week16\ELDON5_20250423_185700.wav,20250423
1863,1866,Sturnella magna,Eastern Meadowlark,0.0165,D:/AcousticMonitoringData/ELDON5_Data/Week16\ELDON5_20250423_185700.wav,20250423
1872,1875,Spizella pusilla,Field Sparrow,0.0322,D:/AcousticMonitoringData/ELDON5_Data/Week16\ELDON5_20250423_185700.wav,20250423
1872,1875,Sturnella magna,Eastern Meadowlark,0.0274,D:/AcousticMonitoringData/ELDON5_Data/Week16\ELDON5_20250423_185700.wav,20250423
1872,1875,Passerina caerulea,Blue Grosbeak,0.0171,D:/AcousticMonitoringData/ELDON5_Data/Week16\ELDON5_20250423_185700.wav,20250423
1875,1878,Sturnella magna,Eastern Meadowlark,0.0649,D:/AcousticMonitoringData/ELDON5_Data/Week16\ELDON5_20250423_185700.wav,20250423
1875,1878,Passerina caerulea,Blue Grosbeak,0.0264,D:/AcousticMonitoringData/ELDON5_Data/Week16\ELDON5_20250423_185700.wav,20250423
1875,1878,Spizella pusilla,Field Sparrow,0.0161,D:/AcousticMonitoringData/ELDON5_Data/Week16\ELDON5_20250423_185700.wav,20250423
1881,1884,Sturnella magna,Eastern Meadowlark,0.0147,D:/AcousticMonitoringData/ELDON5_Data/Week16\ELDON5_20250423_185700.wav,20250423
1881,1884,Passerina caerulea,Blue Grosbeak,0.0107,D:/AcousticMonitoringData/ELDON5_Data/Week16\ELDON5_20250423_185700.wav,20250423
1887,1890,Sturnella magna,Eastern Meadowlark,0.0161,D:/AcousticMonitoringData/ELDON5_Data/Week16\ELDON5_20250423_185700.wav,20250423
1893,1896,Sturnella magna,Eastern Meadowlark,0.0152,D:/AcousticMonitoringData/ELDON5_Data/Week16\ELDON5_20250423_185700.wav,20250423
1893,1896,Passerina caerulea,Blue Grosbeak,0.0118,D:/AcousticMonitoringData/ELDON5_Data/Week16\ELDON5_20250423_185700.wav,20250423
1896,1899,Sturnella magna,Eastern Meadowlark,0.0106,D:/AcousticMonitoringData/ELDON5_Data/Week16\ELDON5_20250423_185700.wav,20250423
1902,1905,Sturnella magna,Eastern Meadowlark,0.0203,D:/AcousticMonitoringData/ELDON5_Data/Week16\ELDON5_20250423_185700.wav,20250423
1902,1905,Passerina caerulea,Blue Grosbeak,0.0165,D:/AcousticMonitoringData/ELDON5_Data/Week16\ELDON5_20250423_185700.wav,20250423
1905,1908,Sturnella magna,Eastern Meadowlark,0.0123,D:/AcousticMonitoringData/ELDON5_Data/Week16\ELDON5_20250423_185700.wav,20250423
1908,1911,Sturnella magna,Eastern Meadowlark,0.0122,D:/AcousticMonitoringData/ELDON5_Data/Week16\ELDON5_20250423_185700.wav,20250423
1908,1911,Passerina caerulea,Blue Grosbeak,0.0109,D:/AcousticMonitoringData/ELDON5_Data/Week16\ELDON5_20250423_185700.wav,20250423
1917,1920,Sturnella magna,Eastern Meadowlark,0.0353,D:/AcousticMonitoringData/ELDON5_Data/Week16\ELDON5_20250423_185700.wav,20250423
1929,1932,Sturnella magna,Eastern Meadowlark,0.0145,D:/AcousticMonitoringData/ELDON5_Data/Week16\ELDON5_20250423_185700.wav,20250423
1932,1935,Sturnella magna,Eastern Meadowlark,0.5429,D:/AcousticMonitoringData/ELDON5_Data/Week16\ELDON5_20250423_185700.wav,20250423
1932,1935,Bartramia longicauda,Upland Sandpiper,0.0155,D:/AcousticMonitoringData/ELDON5_Data/Week16\ELDON5_20250423_185700.wav,20250423
1935,1938,Sturnella magna,Eastern Meadowlark,0.099,D:/AcousticMonitoringData/ELDON5_Data/Week16\ELDON5_20250423_185700.wav,20250423
1941,1944,Sturnella magna,Eastern Meadowlark,0.0101,D:/AcousticMonitoringData/ELDON5_Data/Week16\ELDON5_20250423_185700.wav,20250423
1947,1950,Sturnella magna,Eastern Meadowlark,0.4744,D:/AcousticMonitoringData/ELDON5_Data/Week16\ELDON5_20250423_185700.wav,20250423
1950,1953,Spizella pusilla,Field Sparrow,0.0176,D:/AcousticMonitoringData/ELDON5_Data/Week16\ELDON5_20250423_185700.wav,20250423
1965,1968,Sturnella magna,Eastern Meadowlark,0.0135,D:/AcousticMonitoringData/ELDON5_Data/Week16\ELDON5_20250423_185700.wav,20250423
1974,1977,Sturnella magna,Eastern Meadowlark,0.0253,D:/AcousticMonitoringData/ELDON5_Data/Week16\ELDON5_20250423_185700.wav,20250423
1974,1977,Spizella pusilla,Field Sparrow,0.0128,D:/AcousticMonitoringData/ELDON5_Data/Week16\ELDON5_20250423_185700.wav,20250423
1980,1983,Sturnella magna,Eastern Meadowlark,0.0151,D:/AcousticMonitoringData/ELDON5_Data/Week16\ELDON5_20250423_185700.wav,20250423
1980,1983,Passerina caerulea,Blue Grosbeak,0.0123,D:/AcousticMonitoringData/ELDON5_Data/Week16\ELDON5_20250423_185700.wav,20250423
1983,1986,Geothlypis trichas,Common Yellowthroat,0.0208,D:/AcousticMonitoringData/ELDON5_Data/Week16\ELDON5_20250423_185700.wav,20250423
1986,1989,Sturnella magna,Eastern Meadowlark,0.0101,D:/AcousticMonitoringData/ELDON5_Data/Week16\ELDON5_20250423_185700.wav,20250423
1992,1995,Sturnella magna,Eastern Meadowlark,0.0482,D:/AcousticMonitoringData/ELDON5_Data/Week16\ELDON5_20250423_185700.wav,20250423
1995,1998,Sturnella magna,Eastern Meadowlark,0.0101,D:/AcousticMonitoringData/ELDON5_Data/Week16\ELDON5_20250423_185700.wav,20250423
1998,2001,Geothlypis trichas,Common Yellowthroat,0.0969,D:/AcousticMonitoringData/ELDON5_Data/Week16\ELDON5_20250423_185700.wav,20250423
1998,2001,Passerina caerulea,Blue Grosbeak,0.0115,D:/AcousticMonitoringData/ELDON5_Data/Week16\ELDON5_20250423_185700.wav,20250423
2001,2004,Passerina caerulea,Blue Grosbeak,0.0135,D:/AcousticMonitoringData/ELDON5_Data/Week16\ELDON5_20250423_185700.wav,20250423
2001,2004,Sturnella magna,Eastern Meadowlark,0.011,D:/AcousticMonitoringData/ELDON5_Data/Week16\ELDON5_20250423_185700.wav,20250423
2028,2031,Passerina caerulea,Blue Grosbeak,0.0213,D:/AcousticMonitoringData/ELDON5_Data/Week16\ELDON5_20250423_185700.wav,20250423
2034,2037,Passerina caerulea,Blue Grosbeak,0.01,D:/AcousticMonitoringData/ELDON5_Data/Week16\ELDON5_20250423_185700.wav,20250423
2037,2040,Sturnella magna,Eastern Meadowlark,0.0245,D:/AcousticMonitoringData/ELDON5_Data/Week16\ELDON5_20250423_185700.wav,20250423
2037,2040,Passerina caerulea,Blue Grosbeak,0.0121,D:/AcousticMonitoringData/ELDON5_Data/Week16\ELDON5_20250423_185700.wav,20250423
2040,2043,Spizella pusilla,Field Sparrow,0.0125,D:/AcousticMonitoringData/ELDON5_Data/Week16\ELDON5_20250423_185700.wav,20250423
2040,2043,Sturnella magna,Eastern Meadowlark,0.0104,D:/AcousticMonitoringData/ELDON5_Data/Week16\ELDON5_20250423_185700.wav,20250423
2043,2046,Sturnella magna,Eastern Meadowlark,0.093,D:/AcousticMonitoringData/ELDON5_Data/Week16\ELDON5_20250423_185700.wav,20250423
2052,2055,Sturnella magna,Eastern Meadowlark,0.0622,D:/AcousticMonitoringData/ELDON5_Data/Week16\ELDON5_20250423_185700.wav,20250423
2052,2055,Spizella pusilla,Field Sparrow,0.023,D:/AcousticMonitoringData/ELDON5_Data/Week16\ELDON5_20250423_185700.wav,20250423
2052,2055,Passerina caerulea,Blue Grosbeak,0.0189,D:/AcousticMonitoringData/ELDON5_Data/Week16\ELDON5_20250423_185700.wav,20250423
2058,2061,Sturnella magna,Eastern Meadowlark,0.0722,D:/AcousticMonitoringData/ELDON5_Data/Week16\ELDON5_20250423_185700.wav,20250423
2058,2061,Spizella pusilla,Field Sparrow,0.0179,D:/AcousticMonitoringData/ELDON5_Data/Week16\ELDON5_20250423_185700.wav,20250423
2058,2061,Passerina caerulea,Blue Grosbeak,0.0137,D:/AcousticMonitoringData/ELDON5_Data/Week16\ELDON5_20250423_185700.wav,20250423
2064,2067,Sturnella magna,Eastern Meadowlark,0.0926,D:/AcousticMonitoringData/ELDON5_Data/Week16\ELDON5_20250423_185700.wav,20250423
2067,2070,Bartramia longicauda,Upland Sandpiper,0.0104,D:/AcousticMonitoringData/ELDON5_Data/Week16\ELDON5_20250423_185700.wav,20250423
2073,2076,Spizella pusilla,Field Sparrow,0.0168,D:/AcousticMonitoringData/ELDON5_Data/Week16\ELDON5_20250423_185700.wav,20250423
2076,2079,Sturnella magna,Eastern Meadowlark,0.0971,D:/AcousticMonitoringData/ELDON5_Data/Week16\ELDON5_20250423_185700.wav,20250423
2079,2082,Spizella pusilla,Field Sparrow,0.0137,D:/AcousticMonitoringData/ELDON5_Data/Week16\ELDON5_20250423_185700.wav,20250423
2079,2082,Sturnella magna,Eastern Meadowlark,0.0114,D:/AcousticMonitoringData/ELDON5_Data/Week16\ELDON5_20250423_185700.wav,20250423
2082,2085,Sturnella magna,Eastern Meadowlark,0.012,D:/AcousticMonitoringData/ELDON5_Data/Week16\ELDON5_20250423_185700.wav,20250423
2082,2085,Passerina caerulea,Blue Grosbeak,0.0117,D:/AcousticMonitoringData/ELDON5_Data/Week16\ELDON5_20250423_185700.wav,20250423
2094,2097,Sturnella magna,Eastern Meadowlark,0.0186,D:/AcousticMonitoringData/ELDON5_Data/Week16\ELDON5_20250423_185700.wav,20250423
2094,2097,Spizella pusilla,Field Sparrow,0.0108,D:/AcousticMonitoringData/ELDON5_Data/Week16\ELDON5_20250423_185700.wav,20250423
2097,2100,Passerina caerulea,Blue Grosbeak,0.015,D:/AcousticMonitoringData/ELDON5_Data/Week16\ELDON5_20250423_185700.wav,20250423
2097,2100,Spizella pusilla,Field Sparrow,0.0122,D:/AcousticMonitoringData/ELDON5_Data/Week16\ELDON5_20250423_185700.wav,20250423
2100,2103,Sturnella magna,Eastern Meadowlark,0.1,D:/AcousticMonitoringData/ELDON5_Data/Week16\ELDON5_20250423_185700.wav,20250423
2100,2103,Spizella pusilla,Field Sparrow,0.0352,D:/AcousticMonitoringData/ELDON5_Data/Week16\ELDON5_20250423_185700.wav,20250423
2100,2103,Passerina caerulea,Blue Grosbeak,0.0151,D:/AcousticMonitoringData/ELDON5_Data/Week16\ELDON5_20250423_185700.wav,20250423
2103,2106,Sturnella magna,Eastern Meadowlark,0.0209,D:/AcousticMonitoringData/ELDON5_Data/Week16\ELDON5_20250423_185700.wav,20250423
2103,2106,Passerina caerulea,Blue Grosbeak,0.0114,D:/AcousticMonitoringData/ELDON5_Data/Week16\ELDON5_20250423_185700.wav,20250423
2106,2109,Sturnella magna,Eastern Meadowlark,0.2113,D:/AcousticMonitoringData/ELDON5_Data/Week16\ELDON5_20250423_185700.wav,20250423
2106,2109,Spizella pusilla,Field Sparrow,0.043,D:/AcousticMonitoringData/ELDON5_Data/Week16\ELDON5_20250423_185700.wav,20250423
2106,2109,Bartramia longicauda,Upland Sandpiper,0.0164,D:/AcousticMonitoringData/ELDON5_Data/Week16\ELDON5_20250423_185700.wav,20250423
2106,2109,Passerina caerulea,Blue Grosbeak,0.0119,D:/AcousticMonitoringData/ELDON5_Data/Week16\ELDON5_20250423_185700.wav,20250423
2109,2112,Sturnella magna,Eastern Meadowlark,0.0315,D:/AcousticMonitoringData/ELDON5_Data/Week16\ELDON5_20250423_185700.wav,20250423
2115,2118,Sturnella magna,Eastern Meadowlark,0.0252,D:/AcousticMonitoringData/ELDON5_Data/Week16\ELDON5_20250423_185700.wav,20250423
2118,2121,Sturnella magna,Eastern Meadowlark,0.0337,D:/AcousticMonitoringData/ELDON5_Data/Week16\ELDON5_20250423_185700.wav,20250423
2121,2124,Sturnella magna,Eastern Meadowlark,0.0236,D:/AcousticMonitoringData/ELDON5_Data/Week16\ELDON5_20250423_185700.wav,20250423
2121,2124,Spizella pusilla,Field Sparrow,0.0107,D:/AcousticMonitoringData/ELDON5_Data/Week16\ELDON5_20250423_185700.wav,20250423
2124,2127,Sturnella magna,Eastern Meadowlark,0.014,D:/AcousticMonitoringData/ELDON5_Data/Week16\ELDON5_20250423_185700.wav,20250423
2127,2130,Spizella pusilla,Field Sparrow,0.0264,D:/AcousticMonitoringData/ELDON5_Data/Week16\ELDON5_20250423_185700.wav,20250423
2127,2130,Geothlypis trichas,Common Yellowthroat,0.0184,D:/AcousticMonitoringData/ELDON5_Data/Week16\ELDON5_20250423_185700.wav,20250423
2133,2136,Sturnella magna,Eastern Meadowlark,0.1546,D:/AcousticMonitoringData/ELDON5_Data/Week16\ELDON5_20250423_185700.wav,20250423
2139,2142,Passerina caerulea,Blue Grosbeak,0.0159,D:/AcousticMonitoringData/ELDON5_Data/Week16\ELDON5_20250423_185700.wav,20250423
2139,2142,Geothlypis trichas,Common Yellowthroat,0.0139,D:/AcousticMonitoringData/ELDON5_Data/Week16\ELDON5_20250423_185700.wav,20250423
2142,2145,Passerina caerulea,Blue Grosbeak,0.0162,D:/AcousticMonitoringData/ELDON5_Data/Week16\ELDON5_20250423_185700.wav,20250423
2142,2145,Sturnella magna,Eastern Meadowlark,0.0147,D:/AcousticMonitoringData/ELDON5_Data/Week16\ELDON5_20250423_185700.wav,20250423
2148,2151,Sturnella magna,Eastern Meadowlark,0.0193,D:/AcousticMonitoringData/ELDON5_Data/Week16\ELDON5_20250423_185700.wav,20250423
2148,2151,Spizella pusilla,Field Sparrow,0.0185,D:/AcousticMonitoringData/ELDON5_Data/Week16\ELDON5_20250423_185700.wav,20250423
2148,2151,Passerina caerulea,Blue Grosbeak,0.0178,D:/AcousticMonitoringData/ELDON5_Data/Week16\ELDON5_20250423_185700.wav,20250423
2151,2154,Sturnella magna,Eastern Meadowlark,0.0639,D:/AcousticMonitoringData/ELDON5_Data/Week16\ELDON5_20250423_185700.wav,20250423
2151,2154,Passerina caerulea,Blue Grosbeak,0.0146,D:/AcousticMonitoringData/ELDON5_Data/Week16\ELDON5_20250423_185700.wav,20250423
2151,2154,Geothlypis trichas,Common Yellowthroat,0.011,D:/AcousticMonitoringData/ELDON5_Data/Week16\ELDON5_20250423_185700.wav,20250423
2154,2157,Geothlypis trichas,Common Yellowthroat,0.0288,D:/AcousticMonitoringData/ELDON5_Data/Week16\ELDON5_20250423_185700.wav,20250423
2157,2160,Sturnella magna,Eastern Meadowlark,0.0621,D:/AcousticMonitoringData/ELDON5_Data/Week16\ELDON5_20250423_185700.wav,20250423
2157,2160,Passerina caerulea,Blue Grosbeak,0.0166,D:/AcousticMonitoringData/ELDON5_Data/Week16\ELDON5_20250423_185700.wav,20250423
2160,2163,Sturnella magna,Eastern Meadowlark,0.0285,D:/AcousticMonitoringData/ELDON5_Data/Week16\ELDON5_20250423_185700.wav,20250423
2160,2163,Passerina caerulea,Blue Grosbeak,0.019,D:/AcousticMonitoringData/ELDON5_Data/Week16\ELDON5_20250423_185700.wav,20250423
2160,2163,Geothlypis trichas,Common Yellowthroat,0.0113,D:/AcousticMonitoringData/ELDON5_Data/Week16\ELDON5_20250423_185700.wav,20250423
2163,2166,Sturnella magna,Eastern Meadowlark,0.0394,D:/AcousticMonitoringData/ELDON5_Data/Week16\ELDON5_20250423_185700.wav,20250423
2166,2169,Sturnella magna,Eastern Meadowlark,0.0282,D:/AcousticMonitoringData/ELDON5_Data/Week16\ELDON5_20250423_185700.wav,20250423
2166,2169,Passerina caerulea,Blue Grosbeak,0.0264,D:/AcousticMonitoringData/ELDON5_Data/Week16\ELDON5_20250423_185700.wav,20250423
2166,2169,Bartramia longicauda,Upland Sandpiper,0.0153,D:/AcousticMonitoringData/ELDON5_Data/Week16\ELDON5_20250423_185700.wav,20250423
2166,2169,Geothlypis trichas,Common Yellowthroat,0.0135,D:/AcousticMonitoringData/ELDON5_Data/Week16\ELDON5_20250423_185700.wav,20250423
2166,2169,Spizella pusilla,Field Sparrow,0.0127,D:/AcousticMonitoringData/ELDON5_Data/Week16\ELDON5_20250423_185700.wav,20250423
2172,2175,Sturnella magna,Eastern Meadowlark,0.0512,D:/AcousticMonitoringData/ELDON5_Data/Week16\ELDON5_20250423_185700.wav,20250423
2172,2175,Passerina caerulea,Blue Grosbeak,0.0175,D:/AcousticMonitoringData/ELDON5_Data/Week16\ELDON5_20250423_185700.wav,20250423
2172,2175,Spizella pusilla,Field Sparrow,0.0149,D:/AcousticMonitoringData/ELDON5_Data/Week16\ELDON5_20250423_185700.wav,20250423
2175,2178,Sturnella magna,Eastern Meadowlark,0.0719,D:/AcousticMonitoringData/ELDON5_Data/Week16\ELDON5_20250423_185700.wav,20250423
2178,2181,Sturnella magna,Eastern Meadowlark,0.019,D:/AcousticMonitoringData/ELDON5_Data/Week16\ELDON5_20250423_185700.wav,20250423
2178,2181,Geothlypis trichas,Common Yellowthroat,0.0144,D:/AcousticMonitoringData/ELDON5_Data/Week16\ELDON5_20250423_185700.wav,20250423
2184,2187,Passerina caerulea,Blue Grosbeak,0.0241,D:/AcousticMonitoringData/ELDON5_Data/Week16\ELDON5_20250423_185700.wav,20250423
2184,2187,Sturnella magna,Eastern Meadowlark,0.0238,D:/AcousticMonitoringData/ELDON5_Data/Week16\ELDON5_20250423_185700.wav,20250423
2187,2190,Sturnella magna,Eastern Meadowlark,0.0179,D:/AcousticMonitoringData/ELDON5_Data/Week16\ELDON5_20250423_185700.wav,20250423
2187,2190,Geothlypis trichas,Common Yellowthroat,0.0167,D:/AcousticMonitoringData/ELDON5_Data/Week16\ELDON5_20250423_185700.wav,20250423
2187,2190,Passerina caerulea,Blue Grosbeak,0.0136,D:/AcousticMonitoringData/ELDON5_Data/Week16\ELDON5_20250423_185700.wav,20250423
2193,2196,Geothlypis trichas,Common Yellowthroat,0.0294,D:/AcousticMonitoringData/ELDON5_Data/Week16\ELDON5_20250423_185700.wav,20250423
2196,2199,Sturnella magna,Eastern Meadowlark,0.0587,D:/AcousticMonitoringData/ELDON5_Data/Week16\ELDON5_20250423_185700.wav,20250423
2208,2211,Sturnella magna,Eastern Meadowlark,0.011,D:/AcousticMonitoringData/ELDON5_Data/Week16\ELDON5_20250423_185700.wav,20250423
2217,2220,Sturnella magna,Eastern Meadowlark,0.0478,D:/AcousticMonitoringData/ELDON5_Data/Week16\ELDON5_20250423_185700.wav,20250423
2217,2220,Passerina caerulea,Blue Grosbeak,0.0126,D:/AcousticMonitoringData/ELDON5_Data/Week16\ELDON5_20250423_185700.wav,20250423
2235,2238,Sturnella magna,Eastern Meadowlark,0.0659,D:/AcousticMonitoringData/ELDON5_Data/Week16\ELDON5_20250423_185700.wav,20250423
2235,2238,Passerina caerulea,Blue Grosbeak,0.0337,D:/AcousticMonitoringData/ELDON5_Data/Week16\ELDON5_20250423_185700.wav,20250423
2244,2247,Sturnella magna,Eastern Meadowlark,0.0287,D:/AcousticMonitoringData/ELDON5_Data/Week16\ELDON5_20250423_185700.wav,20250423
2250,2253,Sturnella magna,Eastern Meadowlark,0.0147,D:/AcousticMonitoringData/ELDON5_Data/Week16\ELDON5_20250423_185700.wav,20250423
2259,2262,Passerina caerulea,Blue Grosbeak,0.0191,D:/AcousticMonitoringData/ELDON5_Data/Week16\ELDON5_20250423_185700.wav,20250423
2259,2262,Spizella pusilla,Field Sparrow,0.0129,D:/AcousticMonitoringData/ELDON5_Data/Week16\ELDON5_20250423_185700.wav,20250423
2259,2262,Sturnella magna,Eastern Meadowlark,0.0114,D:/AcousticMonitoringData/ELDON5_Data/Week16\ELDON5_20250423_185700.wav,20250423
2262,2265,Sturnella magna,Eastern Meadowlark,0.0146,D:/AcousticMonitoringData/ELDON5_Data/Week16\ELDON5_20250423_185700.wav,20250423
2289,2292,Geothlypis trichas,Common Yellowthroat,0.021,D:/AcousticMonitoringData/ELDON5_Data/Week16\ELDON5_20250423_185700.wav,20250423
2295,2298,Geothlypis trichas,Common Yellowthroat,0.0107,D:/AcousticMonitoringData/ELDON5_Data/Week16\ELDON5_20250423_185700.wav,20250423
2316,2319,Spizella pusilla,Field Sparrow,0.0311,D:/AcousticMonitoringData/ELDON5_Data/Week16\ELDON5_20250423_185700.wav,20250423
2316,2319,Geothlypis trichas,Common Yellowthroat,0.0119,D:/AcousticMonitoringData/ELDON5_Data/Week16\ELDON5_20250423_185700.wav,20250423
2319,2322,Geothlypis trichas,Common Yellowthroat,0.0134,D:/AcousticMonitoringData/ELDON5_Data/Week16\ELDON5_20250423_185700.wav,20250423
2319,2322,Spizella pusilla,Field Sparrow,0.0103,D:/AcousticMonitoringData/ELDON5_Data/Week16\ELDON5_20250423_185700.wav,20250423
2337,2340,Geothlypis trichas,Common Yellowthroat,0.013,D:/AcousticMonitoringData/ELDON5_Data/Week16\ELDON5_20250423_185700.wav,20250423
2343,2346,Geothlypis trichas,Common Yellowthroat,0.0322,D:/AcousticMonitoringData/ELDON5_Data/Week16\ELDON5_20250423_185700.wav,20250423
2373,2376,Sturnella magna,Eastern Meadowlark,0.0195,D:/AcousticMonitoringData/ELDON5_Data/Week16\ELDON5_20250423_185700.wav,20250423
2382,2385,Sturnella magna,Eastern Meadowlark,0.0508,D:/AcousticMonitoringData/ELDON5_Data/Week16\ELDON5_20250423_185700.wav,20250423
2391,2394,Passerina caerulea,Blue Grosbeak,0.0242,D:/AcousticMonitoringData/ELDON5_Data/Week16\ELDON5_20250423_185700.wav,20250423
2400,2403,Geothlypis trichas,Common Yellowthroat,0.014,D:/AcousticMonitoringData/ELDON5_Data/Week16\ELDON5_20250423_185700.wav,20250423
2403,2406,Melospiza melodia,Song Sparrow,0.0197,D:/AcousticMonitoringData/ELDON5_Data/Week16\ELDON5_20250423_185700.wav,20250423
2403,2406,Geothlypis trichas,Common Yellowthroat,0.0125,D:/AcousticMonitoringData/ELDON5_Data/Week16\ELDON5_20250423_185700.wav,20250423
2406,2409,Geothlypis trichas,Common Yellowthroat,0.0255,D:/AcousticMonitoringData/ELDON5_Data/Week16\ELDON5_20250423_185700.wav,20250423
2406,2409,Melospiza melodia,Song Sparrow,0.0126,D:/AcousticMonitoringData/ELDON5_Data/Week16\ELDON5_20250423_185700.wav,20250423
2409,2412,Sturnella magna,Eastern Meadowlark,0.0156,D:/AcousticMonitoringData/ELDON5_Data/Week16\ELDON5_20250423_185700.wav,20250423
2415,2418,Geothlypis trichas,Common Yellowthroat,0.0385,D:/AcousticMonitoringData/ELDON5_Data/Week16\ELDON5_20250423_185700.wav,20250423
2418,2421,Geothlypis trichas,Common Yellowthroat,0.0163,D:/AcousticMonitoringData/ELDON5_Data/Week16\ELDON5_20250423_185700.wav,20250423
2421,2424,Geothlypis trichas,Common Yellowthroat,0.0347,D:/AcousticMonitoringData/ELDON5_Data/Week16\ELDON5_20250423_185700.wav,20250423
2421,2424,Melospiza melodia,Song Sparrow,0.0165,D:/AcousticMonitoringData/ELDON5_Data/Week16\ELDON5_20250423_185700.wav,20250423
2424,2427,Melospiza melodia,Song Sparrow,0.0182,D:/AcousticMonitoringData/ELDON5_Data/Week16\ELDON5_20250423_185700.wav,20250423
2424,2427,Geothlypis trichas,Common Yellowthroat,0.0179,D:/AcousticMonitoringData/ELDON5_Data/Week16\ELDON5_20250423_185700.wav,20250423
2427,2430,Geothlypis trichas,Common Yellowthroat,0.0211,D:/AcousticMonitoringData/ELDON5_Data/Week16\ELDON5_20250423_185700.wav,20250423
2430,2433,Geothlypis trichas,Common Yellowthroat,0.0381,D:/AcousticMonitoringData/ELDON5_Data/Week16\ELDON5_20250423_185700.wav,20250423
2433,2436,Spizella pusilla,Field Sparrow,0.0232,D:/AcousticMonitoringData/ELDON5_Data/Week16\ELDON5_20250423_185700.wav,20250423
2436,2439,Geothlypis trichas,Common Yellowthroat,0.0257,D:/AcousticMonitoringData/ELDON5_Data/Week16\ELDON5_20250423_185700.wav,20250423
2442,2445,Sturnella magna,Eastern Meadowlark,0.2425,D:/AcousticMonitoringData/ELDON5_Data/Week16\ELDON5_20250423_185700.wav,20250423
2454,2457,Sturnella magna,Eastern Meadowlark,0.0222,D:/AcousticMonitoringData/ELDON5_Data/Week16\ELDON5_20250423_185700.wav,20250423
2460,2463,Sturnella magna,Eastern Meadowlark,0.0227,D:/AcousticMonitoringData/ELDON5_Data/Week16\ELDON5_20250423_185700.wav,20250423
2460,2463,Geothlypis trichas,Common Yellowthroat,0.015,D:/AcousticMonitoringData/ELDON5_Data/Week16\ELDON5_20250423_185700.wav,20250423
2460,2463,Spizella pusilla,Field Sparrow,0.0123,D:/AcousticMonitoringData/ELDON5_Data/Week16\ELDON5_20250423_185700.wav,20250423
2463,2466,Sturnella magna,Eastern Meadowlark,0.0132,D:/AcousticMonitoringData/ELDON5_Data/Week16\ELDON5_20250423_185700.wav,20250423
2463,2466,Bartramia longicauda,Upland Sandpiper,0.0111,D:/AcousticMonitoringData/ELDON5_Data/Week16\ELDON5_20250423_185700.wav,20250423
2463,2466,Spizella pusilla,Field Sparrow,0.0106,D:/AcousticMonitoringData/ELDON5_Data/Week16\ELDON5_20250423_185700.wav,20250423
2463,2466,Geothlypis trichas,Common Yellowthroat,0.0101,D:/AcousticMonitoringData/ELDON5_Data/Week16\ELDON5_20250423_185700.wav,20250423
2481,2484,Sturnella magna,Eastern Meadowlark,0.0318,D:/AcousticMonitoringData/ELDON5_Data/Week16\ELDON5_20250423_185700.wav,20250423
2487,2490,Geothlypis trichas,Common Yellowthroat,0.0191,D:/AcousticMonitoringData/ELDON5_Data/Week16\ELDON5_20250423_185700.wav,20250423
2490,2493,Sturnella magna,Eastern Meadowlark,0.0224,D:/AcousticMonitoringData/ELDON5_Data/Week16\ELDON5_20250423_185700.wav,20250423
2490,2493,Geothlypis trichas,Common Yellowthroat,0.0175,D:/AcousticMonitoringData/ELDON5_Data/Week16\ELDON5_20250423_185700.wav,20250423
2493,2496,Bartramia longicauda,Upland Sandpiper,0.0229,D:/AcousticMonitoringData/ELDON5_Data/Week16\ELDON5_20250423_185700.wav,20250423
2496,2499,Sturnella magna,Eastern Meadowlark,0.0169,D:/AcousticMonitoringData/ELDON5_Data/Week16\ELDON5_20250423_185700.wav,20250423
2496,2499,Passerina caerulea,Blue Grosbeak,0.0151,D:/AcousticMonitoringData/ELDON5_Data/Week16\ELDON5_20250423_185700.wav,20250423
2502,2505,Sturnella magna,Eastern Meadowlark,0.1031,D:/AcousticMonitoringData/ELDON5_Data/Week16\ELDON5_20250423_185700.wav,20250423
2505,2508,Sturnella magna,Eastern Meadowlark,0.0111,D:/AcousticMonitoringData/ELDON5_Data/Week16\ELDON5_20250423_185700.wav,20250423
2508,2511,Passerina caerulea,Blue Grosbeak,0.0251,D:/AcousticMonitoringData/ELDON5_Data/Week16\ELDON5_20250423_185700.wav,20250423
2511,2514,Sturnella magna,Eastern Meadowlark,0.0247,D:/AcousticMonitoringData/ELDON5_Data/Week16\ELDON5_20250423_185700.wav,20250423
2511,2514,Passerina caerulea,Blue Grosbeak,0.0189,D:/AcousticMonitoringData/ELDON5_Data/Week16\ELDON5_20250423_185700.wav,20250423
2511,2514,Geothlypis trichas,Common Yellowthroat,0.0166,D:/AcousticMonitoringData/ELDON5_Data/Week16\ELDON5_20250423_185700.wav,20250423
2514,2517,Geothlypis trichas,Common Yellowthroat,0.0285,D:/AcousticMonitoringData/ELDON5_Data/Week16\ELDON5_20250423_185700.wav,20250423
2514,2517,Bartramia longicauda,Upland Sandpiper,0.0169,D:/AcousticMonitoringData/ELDON5_Data/Week16\ELDON5_20250423_185700.wav,20250423
2514,2517,Sturnella magna,Eastern Meadowlark,0.0113,D:/AcousticMonitoringData/ELDON5_Data/Week16\ELDON5_20250423_185700.wav,20250423
2517,2520,Sturnella magna,Eastern Meadowlark,0.0156,D:/AcousticMonitoringData/ELDON5_Data/Week16\ELDON5_20250423_185700.wav,20250423
2517,2520,Geothlypis trichas,Common Yellowthroat,0.0112,D:/AcousticMonitoringData/ELDON5_Data/Week16\ELDON5_20250423_185700.wav,20250423
2517,2520,Spizella pusilla,Field Sparrow,0.0104,D:/AcousticMonitoringData/ELDON5_Data/Week16\ELDON5_20250423_185700.wav,20250423
2517,2520,Passerina caerulea,Blue Grosbeak,0.0104,D:/AcousticMonitoringData/ELDON5_Data/Week16\ELDON5_20250423_185700.wav,20250423
2520,2523,Spizella pusilla,Field Sparrow,0.0116,D:/AcousticMonitoringData/ELDON5_Data/Week16\ELDON5_20250423_185700.wav,20250423
2523,2526,Sturnella magna,Eastern Meadowlark,0.0264,D:/AcousticMonitoringData/ELDON5_Data/Week16\ELDON5_20250423_185700.wav,20250423
2523,2526,Geothlypis trichas,Common Yellowthroat,0.0113,D:/AcousticMonitoringData/ELDON5_Data/Week16\ELDON5_20250423_185700.wav,20250423
2526,2529,Geothlypis trichas,Common Yellowthroat,0.0206,D:/AcousticMonitoringData/ELDON5_Data/Week16\ELDON5_20250423_185700.wav,20250423
2532,2535,Geothlypis trichas,Common Yellowthroat,0.0147,D:/AcousticMonitoringData/ELDON5_Data/Week16\ELDON5_20250423_185700.wav,20250423
2535,2538,Sturnella magna,Eastern Meadowlark,0.0679,D:/AcousticMonitoringData/ELDON5_Data/Week16\ELDON5_20250423_185700.wav,20250423
2538,2541,Sturnella magna,Eastern Meadowlark,0.0122,D:/AcousticMonitoringData/ELDON5_Data/Week16\ELDON5_20250423_185700.wav,20250423
2553,2556,Melospiza melodia,Song Sparrow,0.0126,D:/AcousticMonitoringData/ELDON5_Data/Week16\ELDON5_20250423_185700.wav,20250423
2559,2562,Geothlypis trichas,Common Yellowthroat,0.0129,D:/AcousticMonitoringData/ELDON5_Data/Week16\ELDON5_20250423_185700.wav,20250423
2559,2562,Passerina caerulea,Blue Grosbeak,0.0103,D:/AcousticMonitoringData/ELDON5_Data/Week16\ELDON5_20250423_185700.wav,20250423
2562,2565,Bartramia longicauda,Upland Sandpiper,0.0119,D:/AcousticMonitoringData/ELDON5_Data/Week16\ELDON5_20250423_185700.wav,20250423
2565,2568,Geothlypis trichas,Common Yellowthroat,0.0387,D:/AcousticMonitoringData/ELDON5_Data/Week16\ELDON5_20250423_185700.wav,20250423
2565,2568,Melospiza melodia,Song Sparrow,0.0108,D:/AcousticMonitoringData/ELDON5_Data/Week16\ELDON5_20250423_185700.wav,20250423
2571,2574,Sturnella magna,Eastern Meadowlark,0.0188,D:/AcousticMonitoringData/ELDON5_Data/Week16\ELDON5_20250423_185700.wav,20250423
2574,2577,Passerina caerulea,Blue Grosbeak,0.0119,D:/AcousticMonitoringData/ELDON5_Data/Week16\ELDON5_20250423_185700.wav,20250423
2577,2580,Melospiza melodia,Song Sparrow,0.0143,D:/AcousticMonitoringData/ELDON5_Data/Week16\ELDON5_20250423_185700.wav,20250423
2583,2586,Geothlypis trichas,Common Yellowthroat,0.0268,D:/AcousticMonitoringData/ELDON5_Data/Week16\ELDON5_20250423_185700.wav,20250423
2589,2592,Geothlypis trichas,Common Yellowthroat,0.0239,D:/AcousticMonitoringData/ELDON5_Data/Week16\ELDON5_20250423_185700.wav,20250423
2607,2610,Geothlypis trichas,Common Yellowthroat,0.0521,D:/AcousticMonitoringData/ELDON5_Data/Week16\ELDON5_20250423_185700.wav,20250423
2607,2610,Sturnella magna,Eastern Meadowlark,0.0341,D:/AcousticMonitoringData/ELDON5_Data/Week16\ELDON5_20250423_185700.wav,20250423
2607,2610,Passerina caerulea,Blue Grosbeak,0.0151,D:/AcousticMonitoringData/ELDON5_Data/Week16\ELDON5_20250423_185700.wav,20250423
2607,2610,Spizella pusilla,Field Sparrow,0.0133,D:/AcousticMonitoringData/ELDON5_Data/Week16\ELDON5_20250423_185700.wav,20250423
2610,2613,Bartramia longicauda,Upland Sandpiper,0.0114,D:/AcousticMonitoringData/ELDON5_Data/Week16\ELDON5_20250423_185700.wav,20250423
2625,2628,Geothlypis trichas,Common Yellowthroat,0.0502,D:/AcousticMonitoringData/ELDON5_Data/Week16\ELDON5_20250423_185700.wav,20250423
2625,2628,Sturnella magna,Eastern Meadowlark,0.0142,D:/AcousticMonitoringData/ELDON5_Data/Week16\ELDON5_20250423_185700.wav,20250423
2628,2631,Geothlypis trichas,Common Yellowthroat,0.0427,D:/AcousticMonitoringData/ELDON5_Data/Week16\ELDON5_20250423_185700.wav,20250423
2628,2631,Sturnella magna,Eastern Meadowlark,0.0165,D:/AcousticMonitoringData/ELDON5_Data/Week16\ELDON5_20250423_185700.wav,20250423
2634,2637,Passerina caerulea,Blue Grosbeak,0.0118,D:/AcousticMonitoringData/ELDON5_Data/Week16\ELDON5_20250423_185700.wav,20250423
2640,2643,Geothlypis trichas,Common Yellowthroat,0.0221,D:/AcousticMonitoringData/ELDON5_Data/Week16\ELDON5_20250423_185700.wav,20250423
2640,2643,Sturnella magna,Eastern Meadowlark,0.0135,D:/AcousticMonitoringData/ELDON5_Data/Week16\ELDON5_20250423_185700.wav,20250423
2640,2643,Passerina caerulea,Blue Grosbeak,0.0135,D:/AcousticMonitoringData/ELDON5_Data/Week16\ELDON5_20250423_185700.wav,20250423
2643,2646,Geothlypis trichas,Common Yellowthroat,0.0111,D:/AcousticMonitoringData/ELDON5_Data/Week16\ELDON5_20250423_185700.wav,20250423
2649,2652,Passerina caerulea,Blue Grosbeak,0.0402,D:/AcousticMonitoringData/ELDON5_Data/Week16\ELDON5_20250423_185700.wav,20250423
2649,2652,Sturnella magna,Eastern Meadowlark,0.0147,D:/AcousticMonitoringData/ELDON5_Data/Week16\ELDON5_20250423_185700.wav,20250423
2649,2652,Geothlypis trichas,Common Yellowthroat,0.0114,D:/AcousticMonitoringData/ELDON5_Data/Week16\ELDON5_20250423_185700.wav,20250423
2652,2655,Passerina caerulea,Blue Grosbeak,0.0223,D:/AcousticMonitoringData/ELDON5_Data/Week16\ELDON5_20250423_185700.wav,20250423
2652,2655,Sturnella magna,Eastern Meadowlark,0.0173,D:/AcousticMonitoringData/ELDON5_Data/Week16\ELDON5_20250423_185700.wav,20250423
2655,2658,Sturnella magna,Eastern Meadowlark,0.0209,D:/AcousticMonitoringData/ELDON5_Data/Week16\ELDON5_20250423_185700.wav,20250423
2655,2658,Geothlypis trichas,Common Yellowthroat,0.0138,D:/AcousticMonitoringData/ELDON5_Data/Week16\ELDON5_20250423_185700.wav,20250423
2658,2661,Geothlypis trichas,Common Yellowthroat,0.0353,D:/AcousticMonitoringData/ELDON5_Data/Week16\ELDON5_20250423_185700.wav,20250423
2658,2661,Sturnella magna,Eastern Meadowlark,0.0261,D:/AcousticMonitoringData/ELDON5_Data/Week16\ELDON5_20250423_185700.wav,20250423
2658,2661,Passerina caerulea,Blue Grosbeak,0.0168,D:/AcousticMonitoringData/ELDON5_Data/Week16\ELDON5_20250423_185700.wav,20250423
2658,2661,Spizella pusilla,Field Sparrow,0.0116,D:/AcousticMonitoringData/ELDON5_Data/Week16\ELDON5_20250423_185700.wav,20250423
2661,2664,Sturnella magna,Eastern Meadowlark,0.042,D:/AcousticMonitoringData/ELDON5_Data/Week16\ELDON5_20250423_185700.wav,20250423
2661,2664,Geothlypis trichas,Common Yellowthroat,0.0323,D:/AcousticMonitoringData/ELDON5_Data/Week16\ELDON5_20250423_185700.wav,20250423
2661,2664,Melospiza melodia,Song Sparrow,0.0123,D:/AcousticMonitoringData/ELDON5_Data/Week16\ELDON5_20250423_185700.wav,20250423
2664,2667,Sturnella magna,Eastern Meadowlark,0.0121,D:/AcousticMonitoringData/ELDON5_Data/Week16\ELDON5_20250423_185700.wav,20250423
2670,2673,Sturnella magna,Eastern Meadowlark,0.013,D:/AcousticMonitoringData/ELDON5_Data/Week16\ELDON5_20250423_185700.wav,20250423
2673,2676,Geothlypis trichas,Common Yellowthroat,0.0181,D:/AcousticMonitoringData/ELDON5_Data/Week16\ELDON5_20250423_185700.wav,20250423
2676,2679,Geothlypis trichas,Common Yellowthroat,0.0228,D:/AcousticMonitoringData/ELDON5_Data/Week16\ELDON5_20250423_185700.wav,20250423
2676,2679,Passerina caerulea,Blue Grosbeak,0.0101,D:/AcousticMonitoringData/ELDON5_Data/Week16\ELDON5_20250423_185700.wav,20250423
2679,2682,Geothlypis trichas,Common Yellowthroat,0.0395,D:/AcousticMonitoringData/ELDON5_Data/Week16\ELDON5_20250423_185700.wav,20250423
2679,2682,Sturnella magna,Eastern Meadowlark,0.0163,D:/AcousticMonitoringData/ELDON5_Data/Week16\ELDON5_20250423_185700.wav,20250423
2682,2685,Sturnella magna,Eastern Meadowlark,0.0225,D:/AcousticMonitoringData/ELDON5_Data/Week16\ELDON5_20250423_185700.wav,20250423
2685,2688,Geothlypis trichas,Common Yellowthroat,0.0211,D:/AcousticMonitoringData/ELDON5_Data/Week16\ELDON5_20250423_185700.wav,20250423
2691,2694,Sturnella magna,Eastern Meadowlark,0.0266,D:/AcousticMonitoringData/ELDON5_Data/Week16\ELDON5_20250423_185700.wav,20250423
2691,2694,Geothlypis trichas,Common Yellowthroat,0.0241,D:/AcousticMonitoringData/ELDON5_Data/Week16\ELDON5_20250423_185700.wav,20250423
2691,2694,Melospiza melodia,Song Sparrow,0.0179,D:/AcousticMonitoringData/ELDON5_Data/Week16\ELDON5_20250423_185700.wav,20250423
2691,2694,Passerina caerulea,Blue Grosbeak,0.0134,D:/AcousticMonitoringData/ELDON5_Data/Week16\ELDON5_20250423_185700.wav,20250423
2694,2697,Geothlypis trichas,Common Yellowthroat,0.014,D:/AcousticMonitoringData/ELDON5_Data/Week16\ELDON5_20250423_185700.wav,20250423
2694,2697,Passerina caerulea,Blue Grosbeak,0.0135,D:/AcousticMonitoringData/ELDON5_Data/Week16\ELDON5_20250423_185700.wav,20250423
2694,2697,Sturnella magna,Eastern Meadowlark,0.0133,D:/AcousticMonitoringData/ELDON5_Data/Week16\ELDON5_20250423_185700.wav,20250423
2700,2703,Geothlypis trichas,Common Yellowthroat,0.0368,D:/AcousticMonitoringData/ELDON5_Data/Week16\ELDON5_20250423_185700.wav,20250423
2700,2703,Melospiza melodia,Song Sparrow,0.0339,D:/AcousticMonitoringData/ELDON5_Data/Week16\ELDON5_20250423_185700.wav,20250423
2703,2706,Geothlypis trichas,Common Yellowthroat,0.014,D:/AcousticMonitoringData/ELDON5_Data/Week16\ELDON5_20250423_185700.wav,20250423
2706,2709,Geothlypis trichas,Common Yellowthroat,0.0309,D:/AcousticMonitoringData/ELDON5_Data/Week16\ELDON5_20250423_185700.wav,20250423
2706,2709,Melospiza melodia,Song Sparrow,0.0162,D:/AcousticMonitoringData/ELDON5_Data/Week16\ELDON5_20250423_185700.wav,20250423
2709,2712,Geothlypis trichas,Common Yellowthroat,0.0466,D:/AcousticMonitoringData/ELDON5_Data/Week16\ELDON5_20250423_185700.wav,20250423
2709,2712,Melospiza melodia,Song Sparrow,0.026,D:/AcousticMonitoringData/ELDON5_Data/Week16\ELDON5_20250423_185700.wav,20250423
2712,2715,Sturnella magna,Eastern Meadowlark,0.0183,D:/AcousticMonitoringData/ELDON5_Data/Week16\ELDON5_20250423_185700.wav,20250423
2718,2721,Geothlypis trichas,Common Yellowthroat,0.0261,D:/AcousticMonitoringData/ELDON5_Data/Week16\ELDON5_20250423_185700.wav,20250423
2721,2724,Melospiza melodia,Song Sparrow,0.0366,D:/AcousticMonitoringData/ELDON5_Data/Week16\ELDON5_20250423_185700.wav,20250423
2721,2724,Geothlypis trichas,Common Yellowthroat,0.0209,D:/AcousticMonitoringData/ELDON5_Data/Week16\ELDON5_20250423_185700.wav,20250423
2724,2727,Geothlypis trichas,Common Yellowthroat,0.0473,D:/AcousticMonitoringData/ELDON5_Data/Week16\ELDON5_20250423_185700.wav,20250423
2724,2727,Melospiza melodia,Song Sparrow,0.0341,D:/AcousticMonitoringData/ELDON5_Data/Week16\ELDON5_20250423_185700.wav,20250423
2727,2730,Geothlypis trichas,Common Yellowthroat,0.0268,D:/AcousticMonitoringData/ELDON5_Data/Week16\ELDON5_20250423_185700.wav,20250423
2727,2730,Melospiza melodia,Song Sparrow,0.023,D:/AcousticMonitoringData/ELDON5_Data/Week16\ELDON5_20250423_185700.wav,20250423
2727,2730,Sturnella magna,Eastern Meadowlark,0.011,D:/AcousticMonitoringData/ELDON5_Data/Week16\ELDON5_20250423_185700.wav,20250423
2727,2730,Passerina caerulea,Blue Grosbeak,0.01,D:/AcousticMonitoringData/ELDON5_Data/Week16\ELDON5_20250423_185700.wav,20250423
2730,2733,Geothlypis trichas,Common Yellowthroat,0.0198,D:/AcousticMonitoringData/ELDON5_Data/Week16\ELDON5_20250423_185700.wav,20250423
2733,2736,Sturnella magna,Eastern Meadowlark,0.0178,D:/AcousticMonitoringData/ELDON5_Data/Week16\ELDON5_20250423_185700.wav,20250423
2736,2739,Geothlypis trichas,Common Yellowthroat,0.0248,D:/AcousticMonitoringData/ELDON5_Data/Week16\ELDON5_20250423_185700.wav,20250423
2736,2739,Melospiza melodia,Song Sparrow,0.0143,D:/AcousticMonitoringData/ELDON5_Data/Week16\ELDON5_20250423_185700.wav,20250423
2742,2745,Geothlypis trichas,Common Yellowthroat,0.026,D:/AcousticMonitoringData/ELDON5_Data/Week16\ELDON5_20250423_185700.wav,20250423
2745,2748,Geothlypis trichas,Common Yellowthroat,0.0416,D:/AcousticMonitoringData/ELDON5_Data/Week16\ELDON5_20250423_185700.wav,20250423
2748,2751,Geothlypis trichas,Common Yellowthroat,0.0247,D:/AcousticMonitoringData/ELDON5_Data/Week16\ELDON5_20250423_185700.wav,20250423
2751,2754,Passerina caerulea,Blue Grosbeak,0.0166,D:/AcousticMonitoringData/ELDON5_Data/Week16\ELDON5_20250423_185700.wav,20250423
2751,2754,Sturnella magna,Eastern Meadowlark,0.0143,D:/AcousticMonitoringData/ELDON5_Data/Week16\ELDON5_20250423_185700.wav,20250423
2751,2754,Geothlypis trichas,Common Yellowthroat,0.0106,D:/AcousticMonitoringData/ELDON5_Data/Week16\ELDON5_20250423_185700.wav,20250423
2754,2757,Spizella pusilla,Field Sparrow,0.0101,D:/AcousticMonitoringData/ELDON5_Data/Week16\ELDON5_20250423_185700.wav,20250423
2757,2760,Passerina caerulea,Blue Grosbeak,0.0176,D:/AcousticMonitoringData/ELDON5_Data/Week16\ELDON5_20250423_185700.wav,20250423
2760,2763,Geothlypis trichas,Common Yellowthroat,0.0215,D:/AcousticMonitoringData/ELDON5_Data/Week16\ELDON5_20250423_185700.wav,20250423
2760,2763,Sturnella magna,Eastern Meadowlark,0.0176,D:/AcousticMonitoringData/ELDON5_Data/Week16\ELDON5_20250423_185700.wav,20250423
2763,2766,Sturnella magna,Eastern Meadowlark,0.0231,D:/AcousticMonitoringData/ELDON5_Data/Week16\ELDON5_20250423_185700.wav,20250423
2763,2766,Geothlypis trichas,Common Yellowthroat,0.0148,D:/AcousticMonitoringData/ELDON5_Data/Week16\ELDON5_20250423_185700.wav,20250423
2763,2766,Passerina caerulea,Blue Grosbeak,0.0141,D:/AcousticMonitoringData/ELDON5_Data/Week16\ELDON5_20250423_185700.wav,20250423
2763,2766,Spizella pusilla,Field Sparrow,0.0127,D:/AcousticMonitoringData/ELDON5_Data/Week16\ELDON5_20250423_185700.wav,20250423
2766,2769,Geothlypis trichas,Common Yellowthroat,0.0199,D:/AcousticMonitoringData/ELDON5_Data/Week16\ELDON5_20250423_185700.wav,20250423
2772,2775,Geothlypis trichas,Common Yellowthroat,0.0237,D:/AcousticMonitoringData/ELDON5_Data/Week16\ELDON5_20250423_185700.wav,20250423
2775,2778,Geothlypis trichas,Common Yellowthroat,0.0296,D:/AcousticMonitoringData/ELDON5_Data/Week16\ELDON5_20250423_185700.wav,20250423
2778,2781,Geothlypis trichas,Common Yellowthroat,0.0212,D:/AcousticMonitoringData/ELDON5_Data/Week16\ELDON5_20250423_185700.wav,20250423
2778,2781,Melospiza melodia,Song Sparrow,0.0108,D:/AcousticMonitoringData/ELDON5_Data/Week16\ELDON5_20250423_185700.wav,20250423
2781,2784,Geothlypis trichas,Common Yellowthroat,0.0181,D:/AcousticMonitoringData/ELDON5_Data/Week16\ELDON5_20250423_185700.wav,20250423
2784,2787,Passerina caerulea,Blue Grosbeak,0.021,D:/AcousticMonitoringData/ELDON5_Data/Week16\ELDON5_20250423_185700.wav,20250423
2784,2787,Geothlypis trichas,Common Yellowthroat,0.0134,D:/AcousticMonitoringData/ELDON5_Data/Week16\ELDON5_20250423_185700.wav,20250423
2787,2790,Geothlypis trichas,Common Yellowthroat,0.0186,D:/AcousticMonitoringData/ELDON5_Data/Week16\ELDON5_20250423_185700.wav,20250423
2790,2793,Sturnella magna,Eastern Meadowlark,0.0288,D:/AcousticMonitoringData/ELDON5_Data/Week16\ELDON5_20250423_185700.wav,20250423
2790,2793,Spizella pusilla,Field Sparrow,0.0236,D:/AcousticMonitoringData/ELDON5_Data/Week16\ELDON5_20250423_185700.wav,20250423
2790,2793,Geothlypis trichas,Common Yellowthroat,0.023,D:/AcousticMonitoringData/ELDON5_Data/Week16\ELDON5_20250423_185700.wav,20250423
2790,2793,Passerina caerulea,Blue Grosbeak,0.0177,D:/AcousticMonitoringData/ELDON5_Data/Week16\ELDON5_20250423_185700.wav,20250423
2793,2796,Geothlypis trichas,Common Yellowthroat,0.0504,D:/AcousticMonitoringData/ELDON5_Data/Week16\ELDON5_20250423_185700.wav,20250423
2796,2799,Geothlypis trichas,Common Yellowthroat,0.0245,D:/AcousticMonitoringData/ELDON5_Data/Week16\ELDON5_20250423_185700.wav,20250423
2796,2799,Melospiza melodia,Song Sparrow,0.0237,D:/AcousticMonitoringData/ELDON5_Data/Week16\ELDON5_20250423_185700.wav,20250423
2796,2799,Sturnella magna,Eastern Meadowlark,0.0102,D:/AcousticMonitoringData/ELDON5_Data/Week16\ELDON5_20250423_185700.wav,20250423
2799,2802,Geothlypis trichas,Common Yellowthroat,0.0257,D:/AcousticMonitoringData/ELDON5_Data/Week16\ELDON5_20250423_185700.wav,20250423
2799,2802,Sturnella magna,Eastern Meadowlark,0.0106,D:/AcousticMonitoringData/ELDON5_Data/Week16\ELDON5_20250423_185700.wav,20250423
2802,2805,Melospiza melodia,Song Sparrow,0.0183,D:/AcousticMonitoringData/ELDON5_Data/Week16\ELDON5_20250423_185700.wav,20250423
2802,2805,Geothlypis trichas,Common Yellowthroat,0.0175,D:/AcousticMonitoringData/ELDON5_Data/Week16\ELDON5_20250423_185700.wav,20250423
2805,2808,Geothlypis trichas,Common Yellowthroat,0.0231,D:/AcousticMonitoringData/ELDON5_Data/Week16\ELDON5_20250423_185700.wav,20250423
2808,2811,Geothlypis trichas,Common Yellowthroat,0.0196,D:/AcousticMonitoringData/ELDON5_Data/Week16\ELDON5_20250423_185700.wav,20250423
2808,2811,Melospiza melodia,Song Sparrow,0.0144,D:/AcousticMonitoringData/ELDON5_Data/Week16\ELDON5_20250423_185700.wav,20250423
2811,2814,Geothlypis trichas,Common Yellowthroat,0.03,D:/AcousticMonitoringData/ELDON5_Data/Week16\ELDON5_20250423_185700.wav,20250423
2811,2814,Sturnella magna,Eastern Meadowlark,0.0126,D:/AcousticMonitoringData/ELDON5_Data/Week16\ELDON5_20250423_185700.wav,20250423
2814,2817,Geothlypis trichas,Common Yellowthroat,0.0186,D:/AcousticMonitoringData/ELDON5_Data/Week16\ELDON5_20250423_185700.wav,20250423
2814,2817,Melospiza melodia,Song Sparrow,0.0107,D:/AcousticMonitoringData/ELDON5_Data/Week16\ELDON5_20250423_185700.wav,20250423
2817,2820,Geothlypis trichas,Common Yellowthroat,0.0367,D:/AcousticMonitoringData/ELDON5_Data/Week16\ELDON5_20250423_185700.wav,20250423
2820,2823,Geothlypis trichas,Common Yellowthroat,0.0149,D:/AcousticMonitoringData/ELDON5_Data/Week16\ELDON5_20250423_185700.wav,20250423
2823,2826,Bartramia longicauda,Upland Sandpiper,0.0121,D:/AcousticMonitoringData/ELDON5_Data/Week16\ELDON5_20250423_185700.wav,20250423
2826,2829,Geothlypis trichas,Common Yellowthroat,0.0467,D:/AcousticMonitoringData/ELDON5_Data/Week16\ELDON5_20250423_185700.wav,20250423
2826,2829,Melospiza melodia,Song Sparrow,0.0165,D:/AcousticMonitoringData/ELDON5_Data/Week16\ELDON5_20250423_185700.wav,20250423
2832,2835,Melospiza melodia,Song Sparrow,0.0171,D:/AcousticMonitoringData/ELDON5_Data/Week16\ELDON5_20250423_185700.wav,20250423
2832,2835,Geothlypis trichas,Common Yellowthroat,0.0156,D:/AcousticMonitoringData/ELDON5_Data/Week16\ELDON5_20250423_185700.wav,20250423
2835,2838,Geothlypis trichas,Common Yellowthroat,0.0154,D:/AcousticMonitoringData/ELDON5_Data/Week16\ELDON5_20250423_185700.wav,20250423
2838,2841,Geothlypis trichas,Common Yellowthroat,0.0382,D:/AcousticMonitoringData/ELDON5_Data/Week16\ELDON5_20250423_185700.wav,20250423
2838,2841,Passerina caerulea,Blue Grosbeak,0.0173,D:/AcousticMonitoringData/ELDON5_Data/Week16\ELDON5_20250423_185700.wav,20250423
2841,2844,Sturnella magna,Eastern Meadowlark,0.0247,D:/AcousticMonitoringData/ELDON5_Data/Week16\ELDON5_20250423_185700.wav,20250423
2841,2844,Melospiza melodia,Song Sparrow,0.0117,D:/AcousticMonitoringData/ELDON5_Data/Week16\ELDON5_20250423_185700.wav,20250423
2841,2844,Geothlypis trichas,Common Yellowthroat,0.0117,D:/AcousticMonitoringData/ELDON5_Data/Week16\ELDON5_20250423_185700.wav,20250423
2844,2847,Geothlypis trichas,Common Yellowthroat,0.0294,D:/AcousticMonitoringData/ELDON5_Data/Week16\ELDON5_20250423_185700.wav,20250423
2844,2847,Melospiza melodia,Song Sparrow,0.0101,D:/AcousticMonitoringData/ELDON5_Data/Week16\ELDON5_20250423_185700.wav,20250423
2853,2856,Sturnella magna,Eastern Meadowlark,0.0154,D:/AcousticMonitoringData/ELDON5_Data/Week16\ELDON5_20250423_185700.wav,20250423
2856,2859,Geothlypis trichas,Common Yellowthroat,0.0174,D:/AcousticMonitoringData/ELDON5_Data/Week16\ELDON5_20250423_185700.wav,20250423
2859,2862,Geothlypis trichas,Common Yellowthroat,0.0133,D:/AcousticMonitoringData/ELDON5_Data/Week16\ELDON5_20250423_185700.wav,20250423
2859,2862,Passerina caerulea,Blue Grosbeak,0.0107,D:/AcousticMonitoringData/ELDON5_Data/Week16\ELDON5_20250423_185700.wav,20250423
2865,2868,Sturnella magna,Eastern Meadowlark,0.0176,D:/AcousticMonitoringData/ELDON5_Data/Week16\ELDON5_20250423_185700.wav,20250423
2865,2868,Passerina caerulea,Blue Grosbeak,0.0161,D:/AcousticMonitoringData/ELDON5_Data/Week16\ELDON5_20250423_185700.wav,20250423
2868,2871,Geothlypis trichas,Common Yellowthroat,0.0108,D:/AcousticMonitoringData/ELDON5_Data/Week16\ELDON5_20250423_185700.wav,20250423
2874,2877,Melospiza melodia,Song Sparrow,0.0252,D:/AcousticMonitoringData/ELDON5_Data/Week16\ELDON5_20250423_185700.wav,20250423
2874,2877,Sturnella magna,Eastern Meadowlark,0.0203,D:/AcousticMonitoringData/ELDON5_Data/Week16\ELDON5_20250423_185700.wav,20250423
2874,2877,Geothlypis trichas,Common Yellowthroat,0.0164,D:/AcousticMonitoringData/ELDON5_Data/Week16\ELDON5_20250423_185700.wav,20250423
2877,2880,Passerina caerulea,Blue Grosbeak,0.0149,D:/AcousticMonitoringData/ELDON5_Data/Week16\ELDON5_20250423_185700.wav,20250423
2877,2880,Sturnella magna,Eastern Meadowlark,0.0142,D:/AcousticMonitoringData/ELDON5_Data/Week16\ELDON5_20250423_185700.wav,20250423
2883,2886,Passerina caerulea,Blue Grosbeak,0.0141,D:/AcousticMonitoringData/ELDON5_Data/Week16\ELDON5_20250423_185700.wav,20250423
2883,2886,Geothlypis trichas,Common Yellowthroat,0.0111,D:/AcousticMonitoringData/ELDON5_Data/Week16\ELDON5_20250423_185700.wav,20250423
2889,2892,Sturnella magna,Eastern Meadowlark,0.0894,D:/AcousticMonitoringData/ELDON5_Data/Week16\ELDON5_20250423_185700.wav,20250423
2889,2892,Spizella pusilla,Field Sparrow,0.0101,D:/AcousticMonitoringData/ELDON5_Data/Week16\ELDON5_20250423_185700.wav,20250423
2892,2895,Geothlypis trichas,Common Yellowthroat,0.0131,D:/AcousticMonitoringData/ELDON5_Data/Week16\ELDON5_20250423_185700.wav,20250423
2892,2895,Sturnella magna,Eastern Meadowlark,0.0127,D:/AcousticMonitoringData/ELDON5_Data/Week16\ELDON5_20250423_185700.wav,20250423
2910,2913,Sturnella magna,Eastern Meadowlark,0.012,D:/AcousticMonitoringData/ELDON5_Data/Week16\ELDON5_20250423_185700.wav,20250423
2916,2919,Passerina caerulea,Blue Grosbeak,0.0115,D:/AcousticMonitoringData/ELDON5_Data/Week16\ELDON5_20250423_185700.wav,20250423
2922,2925,Geothlypis trichas,Common Yellowthroat,0.0156,D:/AcousticMonitoringData/ELDON5_Data/Week16\ELDON5_20250423_185700.wav,20250423
2925,2928,Passerina caerulea,Blue Grosbeak,0.0119,D:/AcousticMonitoringData/ELDON5_Data/Week16\ELDON5_20250423_185700.wav,20250423
2928,2931,Geothlypis trichas,Common Yellowthroat,0.0141,D:/AcousticMonitoringData/ELDON5_Data/Week16\ELDON5_20250423_185700.wav,20250423
2931,2934,Geothlypis trichas,Common Yellowthroat,0.0112,D:/AcousticMonitoringData/ELDON5_Data/Week16\ELDON5_20250423_185700.wav,20250423
2934,2937,Geothlypis trichas,Common Yellowthroat,0.0178,D:/AcousticMonitoringData/ELDON5_Data/Week16\ELDON5_20250423_185700.wav,20250423
2934,2937,Sturnella magna,Eastern Meadowlark,0.0125,D:/AcousticMonitoringData/ELDON5_Data/Week16\ELDON5_20250423_185700.wav,20250423
2937,2940,Sturnella magna,Eastern Meadowlark,0.0141,D:/AcousticMonitoringData/ELDON5_Data/Week16\ELDON5_20250423_185700.wav,20250423
2940,2943,Geothlypis trichas,Common Yellowthroat,0.0118,D:/AcousticMonitoringData/ELDON5_Data/Week16\ELDON5_20250423_185700.wav,20250423
2943,2946,Geothlypis trichas,Common Yellowthroat,0.0218,D:/AcousticMonitoringData/ELDON5_Data/Week16\ELDON5_20250423_185700.wav,20250423
2943,2946,Melospiza melodia,Song Sparrow,0.0156,D:/AcousticMonitoringData/ELDON5_Data/Week16\ELDON5_20250423_185700.wav,20250423
2946,2949,Geothlypis trichas,Common Yellowthroat,0.0341,D:/AcousticMonitoringData/ELDON5_Data/Week16\ELDON5_20250423_185700.wav,20250423
2949,2952,Geothlypis trichas,Common Yellowthroat,0.0444,D:/AcousticMonitoringData/ELDON5_Data/Week16\ELDON5_20250423_185700.wav,20250423
2952,2955,Geothlypis trichas,Common Yellowthroat,0.0404,D:/AcousticMonitoringData/ELDON5_Data/Week16\ELDON5_20250423_185700.wav,20250423
2955,2958,Geothlypis trichas,Common Yellowthroat,0.027,D:/AcousticMonitoringData/ELDON5_Data/Week16\ELDON5_20250423_185700.wav,20250423
2958,2961,Geothlypis trichas,Common Yellowthroat,0.0353,D:/AcousticMonitoringData/ELDON5_Data/Week16\ELDON5_20250423_185700.wav,20250423
2958,2961,Melospiza melodia,Song Sparrow,0.0133,D:/AcousticMonitoringData/ELDON5_Data/Week16\ELDON5_20250423_185700.wav,20250423
2964,2967,Geothlypis trichas,Common Yellowthroat,0.02,D:/AcousticMonitoringData/ELDON5_Data/Week16\ELDON5_20250423_185700.wav,20250423
2967,2970,Geothlypis trichas,Common Yellowthroat,0.0223,D:/AcousticMonitoringData/ELDON5_Data/Week16\ELDON5_20250423_185700.wav,20250423
2970,2973,Sturnella magna,Eastern Meadowlark,0.0377,D:/AcousticMonitoringData/ELDON5_Data/Week16\ELDON5_20250423_185700.wav,20250423
2970,2973,Passerina caerulea,Blue Grosbeak,0.0191,D:/AcousticMonitoringData/ELDON5_Data/Week16\ELDON5_20250423_185700.wav,20250423
2970,2973,Geothlypis trichas,Common Yellowthroat,0.0157,D:/AcousticMonitoringData/ELDON5_Data/Week16\ELDON5_20250423_185700.wav,20250423
2970,2973,Spizella pusilla,Field Sparrow,0.0108,D:/AcousticMonitoringData/ELDON5_Data/Week16\ELDON5_20250423_185700.wav,20250423
2973,2976,Passerina caerulea,Blue Grosbeak,0.0132,D:/AcousticMonitoringData/ELDON5_Data/Week16\ELDON5_20250423_185700.wav,20250423
2979,2982,Passerina caerulea,Blue Grosbeak,0.0102,D:/AcousticMonitoringData/ELDON5_Data/Week16\ELDON5_20250423_185700.wav,20250423
2985,2988,Melospiza melodia,Song Sparrow,0.0119,D:/AcousticMonitoringData/ELDON5_Data/Week16\ELDON5_20250423_185700.wav,20250423
2991,2994,Sturnella magna,Eastern Meadowlark,0.021,D:/AcousticMonitoringData/ELDON5_Data/Week16\ELDON5_20250423_185700.wav,20250423
2994,2997,Passerina caerulea,Blue Grosbeak,0.0107,D:/AcousticMonitoringData/ELDON5_Data/Week16\ELDON5_20250423_185700.wav,20250423
3000,3003,Melospiza melodia,Song Sparrow,0.0242,D:/AcousticMonitoringData/ELDON5_Data/Week16\ELDON5_20250423_185700.wav,20250423
3000,3003,Geothlypis trichas,Common Yellowthroat,0.0125,D:/AcousticMonitoringData/ELDON5_Data/Week16\ELDON5_20250423_185700.wav,20250423
3003,3006,Sturnella magna,Eastern Meadowlark,0.0209,D:/AcousticMonitoringData/ELDON5_Data/Week16\ELDON5_20250423_185700.wav,20250423
3003,3006,Spizella pusilla,Field Sparrow,0.0153,D:/AcousticMonitoringData/ELDON5_Data/Week16\ELDON5_20250423_185700.wav,20250423
3003,3006,Passerina caerulea,Blue Grosbeak,0.0126,D:/AcousticMonitoringData/ELDON5_Data/Week16\ELDON5_20250423_185700.wav,20250423
3009,3012,Sturnella magna,Eastern Meadowlark,0.0173,D:/AcousticMonitoringData/ELDON5_Data/Week16\ELDON5_20250423_185700.wav,20250423
3009,3012,Geothlypis trichas,Common Yellowthroat,0.0114,D:/AcousticMonitoringData/ELDON5_Data/Week16\ELDON5_20250423_185700.wav,20250423
3012,3015,Sturnella magna,Eastern Meadowlark,0.0301,D:/AcousticMonitoringData/ELDON5_Data/Week16\ELDON5_20250423_185700.wav,20250423
3015,3018,Sturnella magna,Eastern Meadowlark,0.021,D:/AcousticMonitoringData/ELDON5_Data/Week16\ELDON5_20250423_185700.wav,20250423
3015,3018,Geothlypis trichas,Common Yellowthroat,0.0139,D:/AcousticMonitoringData/ELDON5_Data/Week16\ELDON5_20250423_185700.wav,20250423
3015,3018,Melospiza melodia,Song Sparrow,0.0114,D:/AcousticMonitoringData/ELDON5_Data/Week16\ELDON5_20250423_185700.wav,20250423
3021,3024,Geothlypis trichas,Common Yellowthroat,0.0179,D:/AcousticMonitoringData/ELDON5_Data/Week16\ELDON5_20250423_185700.wav,20250423
3024,3027,Geothlypis trichas,Common Yellowthroat,0.0108,D:/AcousticMonitoringData/ELDON5_Data/Week16\ELDON5_20250423_185700.wav,20250423
3027,3030,Geothlypis trichas,Common Yellowthroat,0.0114,D:/AcousticMonitoringData/ELDON5_Data/Week16\ELDON5_20250423_185700.wav,20250423
3033,3036,Geothlypis trichas,Common Yellowthroat,0.0183,D:/AcousticMonitoringData/ELDON5_Data/Week16\ELDON5_20250423_185700.wav,20250423
3036,3039,Geothlypis trichas,Common Yellowthroat,0.0226,D:/AcousticMonitoringData/ELDON5_Data/Week16\ELDON5_20250423_185700.wav,20250423
3042,3045,Geothlypis trichas,Common Yellowthroat,0.0205,D:/AcousticMonitoringData/ELDON5_Data/Week16\ELDON5_20250423_185700.wav,20250423
3045,3048,Geothlypis trichas,Common Yellowthroat,0.0103,D:/AcousticMonitoringData/ELDON5_Data/Week16\ELDON5_20250423_185700.wav,20250423
3048,3051,Geothlypis trichas,Common Yellowthroat,0.0165,D:/AcousticMonitoringData/ELDON5_Data/Week16\ELDON5_20250423_185700.wav,20250423
3048,3051,Sturnella magna,Eastern Meadowlark,0.0125,D:/AcousticMonitoringData/ELDON5_Data/Week16\ELDON5_20250423_185700.wav,20250423
3051,3054,Sturnella magna,Eastern Meadowlark,0.0138,D:/AcousticMonitoringData/ELDON5_Data/Week16\ELDON5_20250423_185700.wav,20250423
3060,3063,Geothlypis trichas,Common Yellowthroat,0.03,D:/AcousticMonitoringData/ELDON5_Data/Week16\ELDON5_20250423_185700.wav,20250423
3060,3063,Melospiza melodia,Song Sparrow,0.0109,D:/AcousticMonitoringData/ELDON5_Data/Week16\ELDON5_20250423_185700.wav,20250423
3066,3069,Sturnella magna,Eastern Meadowlark,0.0223,D:/AcousticMonitoringData/ELDON5_Data/Week16\ELDON5_20250423_185700.wav,20250423
3081,3084,Geothlypis trichas,Common Yellowthroat,0.0826,D:/AcousticMonitoringData/ELDON5_Data/Week16\ELDON5_20250423_185700.wav,20250423
3081,3084,Sturnella magna,Eastern Meadowlark,0.0171,D:/AcousticMonitoringData/ELDON5_Data/Week16\ELDON5_20250423_185700.wav,20250423
3081,3084,Passerina caerulea,Blue Grosbeak,0.0169,D:/AcousticMonitoringData/ELDON5_Data/Week16\ELDON5_20250423_185700.wav,20250423
3084,3087,Sturnella magna,Eastern Meadowlark,0.0372,D:/AcousticMonitoringData/ELDON5_Data/Week16\ELDON5_20250423_185700.wav,20250423
3087,3090,Sturnella magna,Eastern Meadowlark,0.0143,D:/AcousticMonitoringData/ELDON5_Data/Week16\ELDON5_20250423_185700.wav,20250423
3087,3090,Geothlypis trichas,Common Yellowthroat,0.0122,D:/AcousticMonitoringData/ELDON5_Data/Week16\ELDON5_20250423_185700.wav,20250423
3093,3096,Geothlypis trichas,Common Yellowthroat,0.0398,D:/AcousticMonitoringData/ELDON5_Data/Week16\ELDON5_20250423_185700.wav,20250423
3096,3099,Geothlypis trichas,Common Yellowthroat,0.0189,D:/AcousticMonitoringData/ELDON5_Data/Week16\ELDON5_20250423_185700.wav,20250423
3099,3102,Passerina caerulea,Blue Grosbeak,0.0106,D:/AcousticMonitoringData/ELDON5_Data/Week16\ELDON5_20250423_185700.wav,20250423
3105,3108,Bartramia longicauda,Upland Sandpiper,0.022,D:/AcousticMonitoringData/ELDON5_Data/Week16\ELDON5_20250423_185700.wav,20250423
3108,3111,Sturnella magna,Eastern Meadowlark,0.0147,D:/AcousticMonitoringData/ELDON5_Data/Week16\ELDON5_20250423_185700.wav,20250423
3111,3114,Bartramia longicauda,Upland Sandpiper,0.0114,D:/AcousticMonitoringData/ELDON5_Data/Week16\ELDON5_20250423_185700.wav,20250423
3114,3117,Sturnella magna,Eastern Meadowlark,0.0155,D:/AcousticMonitoringData/ELDON5_Data/Week16\ELDON5_20250423_185700.wav,20250423
3120,3123,Geothlypis trichas,Common Yellowthroat,0.0216,D:/AcousticMonitoringData/ELDON5_Data/Week16\ELDON5_20250423_185700.wav,20250423
3120,3123,Melospiza melodia,Song Sparrow,0.0146,D:/AcousticMonitoringData/ELDON5_Data/Week16\ELDON5_20250423_185700.wav,20250423
3123,3126,Geothlypis trichas,Common Yellowthroat,0.0602,D:/AcousticMonitoringData/ELDON5_Data/Week16\ELDON5_20250423_185700.wav,20250423
3123,3126,Sturnella magna,Eastern Meadowlark,0.0118,D:/AcousticMonitoringData/ELDON5_Data/Week16\ELDON5_20250423_185700.wav,20250423
3123,3126,Melospiza melodia,Song Sparrow,0.0109,D:/AcousticMonitoringData/ELDON5_Data/Week16\ELDON5_20250423_185700.wav,20250423
3129,3132,Geothlypis trichas,Common Yellowthroat,0.0191,D:/AcousticMonitoringData/ELDON5_Data/Week16\ELDON5_20250423_185700.wav,20250423
3129,3132,Bartramia longicauda,Upland Sandpiper,0.0172,D:/AcousticMonitoringData/ELDON5_Data/Week16\ELDON5_20250423_185700.wav,20250423
3138,3141,Geothlypis trichas,Common Yellowthroat,0.1499,D:/AcousticMonitoringData/ELDON5_Data/Week16\ELDON5_20250423_185700.wav,20250423
3144,3147,Sturnella magna,Eastern Meadowlark,0.116,D:/AcousticMonitoringData/ELDON5_Data/Week16\ELDON5_20250423_185700.wav,20250423
3144,3147,Bartramia longicauda,Upland Sandpiper,0.0323,D:/AcousticMonitoringData/ELDON5_Data/Week16\ELDON5_20250423_185700.wav,20250423
3144,3147,Spizella pusilla,Field Sparrow,0.0123,D:/AcousticMonitoringData/ELDON5_Data/Week16\ELDON5_20250423_185700.wav,20250423
3156,3159,Sturnella magna,Eastern Meadowlark,0.0567,D:/AcousticMonitoringData/ELDON5_Data/Week16\ELDON5_20250423_185700.wav,20250423
3159,3162,Bartramia longicauda,Upland Sandpiper,0.1164,D:/AcousticMonitoringData/ELDON5_Data/Week16\ELDON5_20250423_185700.wav,20250423
3165,3168,Sturnella magna,Eastern Meadowlark,0.3136,D:/AcousticMonitoringData/ELDON5_Data/Week16\ELDON5_20250423_185700.wav,20250423
3168,3171,Geothlypis trichas,Common Yellowthroat,0.0989,D:/AcousticMonitoringData/ELDON5_Data/Week16\ELDON5_20250423_185700.wav,20250423
3174,3177,Sturnella magna,Eastern Meadowlark,0.0159,D:/AcousticMonitoringData/ELDON5_Data/Week16\ELDON5_20250423_185700.wav,20250423
3177,3180,Sturnella magna,Eastern Meadowlark,0.1109,D:/AcousticMonitoringData/ELDON5_Data/Week16\ELDON5_20250423_185700.wav,20250423
3183,3186,Bartramia longicauda,Upland Sandpiper,0.0129,D:/AcousticMonitoringData/ELDON5_Data/Week16\ELDON5_20250423_185700.wav,20250423
3186,3189,Geothlypis trichas,Common Yellowthroat,0.0945,D:/AcousticMonitoringData/ELDON5_Data/Week16\ELDON5_20250423_185700.wav,20250423
3189,3192,Sturnella magna,Eastern Meadowlark,0.1349,D:/AcousticMonitoringData/ELDON5_Data/Week16\ELDON5_20250423_185700.wav,20250423
3189,3192,Spizella pusilla,Field Sparrow,0.0209,D:/AcousticMonitoringData/ELDON5_Data/Week16\ELDON5_20250423_185700.wav,20250423
3189,3192,Geothlypis trichas,Common Yellowthroat,0.0137,D:/AcousticMonitoringData/ELDON5_Data/Week16\ELDON5_20250423_185700.wav,20250423
3195,3198,Sturnella magna,Eastern Meadowlark,0.0208,D:/AcousticMonitoringData/ELDON5_Data/Week16\ELDON5_20250423_185700.wav,20250423
3198,3201,Sturnella magna,Eastern Meadowlark,0.1454,D:/AcousticMonitoringData/ELDON5_Data/Week16\ELDON5_20250423_185700.wav,20250423
3198,3201,Spizella pusilla,Field Sparrow,0.0156,D:/AcousticMonitoringData/ELDON5_Data/Week16\ELDON5_20250423_185700.wav,20250423
3207,3210,Sturnella magna,Eastern Meadowlark,0.1565,D:/AcousticMonitoringData/ELDON5_Data/Week16\ELDON5_20250423_185700.wav,20250423
3207,3210,Spizella pusilla,Field Sparrow,0.0153,D:/AcousticMonitoringData/ELDON5_Data/Week16\ELDON5_20250423_185700.wav,20250423
3216,3219,Sturnella magna,Eastern Meadowlark,0.5272,D:/AcousticMonitoringData/ELDON5_Data/Week16\ELDON5_20250423_185700.wav,20250423
3219,3222,Geothlypis trichas,Common Yellowthroat,0.013,D:/AcousticMonitoringData/ELDON5_Data/Week16\ELDON5_20250423_185700.wav,20250423
3219,3222,Melospiza melodia,Song Sparrow,0.0128,D:/AcousticMonitoringData/ELDON5_Data/Week16\ELDON5_20250423_185700.wav,20250423
3225,3228,Sturnella magna,Eastern Meadowlark,0.0528,D:/AcousticMonitoringData/ELDON5_Data/Week16\ELDON5_20250423_185700.wav,20250423
3225,3228,Spizella pusilla,Field Sparrow,0.0105,D:/AcousticMonitoringData/ELDON5_Data/Week16\ELDON5_20250423_185700.wav,20250423
3228,3231,Sturnella magna,Eastern Meadowlark,0.0379,D:/AcousticMonitoringData/ELDON5_Data/Week16\ELDON5_20250423_185700.wav,20250423
3228,3231,Spizella pusilla,Field Sparrow,0.0318,D:/AcousticMonitoringData/ELDON5_Data/Week16\ELDON5_20250423_185700.wav,20250423
3234,3237,Geothlypis trichas,Common Yellowthroat,0.0324,D:/AcousticMonitoringData/ELDON5_Data/Week16\ELDON5_20250423_185700.wav,20250423
3234,3237,Sturnella magna,Eastern Meadowlark,0.018,D:/AcousticMonitoringData/ELDON5_Data/Week16\ELDON5_20250423_185700.wav,20250423
3234,3237,Spizella pusilla,Field Sparrow,0.0141,D:/AcousticMonitoringData/ELDON5_Data/Week16\ELDON5_20250423_185700.wav,20250423
3234,3237,Melospiza melodia,Song Sparrow,0.0109,D:/AcousticMonitoringData/ELDON5_Data/Week16\ELDON5_20250423_185700.wav,20250423
3240,3243,Sturnella magna,Eastern Meadowlark,0.0262,D:/AcousticMonitoringData/ELDON5_Data/Week16\ELDON5_20250423_185700.wav,20250423
3240,3243,Spizella pusilla,Field Sparrow,0.0154,D:/AcousticMonitoringData/ELDON5_Data/Week16\ELDON5_20250423_185700.wav,20250423
3243,3246,Geothlypis trichas,Common Yellowthroat,0.0198,D:/AcousticMonitoringData/ELDON5_Data/Week16\ELDON5_20250423_185700.wav,20250423
3249,3252,Sturnella magna,Eastern Meadowlark,0.2223,D:/AcousticMonitoringData/ELDON5_Data/Week16\ELDON5_20250423_185700.wav,20250423
3252,3255,Spizella pusilla,Field Sparrow,0.0115,D:/AcousticMonitoringData/ELDON5_Data/Week16\ELDON5_20250423_185700.wav,20250423
3258,3261,Sturnella magna,Eastern Meadowlark,0.1141,D:/AcousticMonitoringData/ELDON5_Data/Week16\ELDON5_20250423_185700.wav,20250423
3258,3261,Spizella pusilla,Field Sparrow,0.016,D:/AcousticMonitoringData/ELDON5_Data/Week16\ELDON5_20250423_185700.wav,20250423
3258,3261,Bartramia longicauda,Upland Sandpiper,0.0103,D:/AcousticMonitoringData/ELDON5_Data/Week16\ELDON5_20250423_185700.wav,20250423
3261,3264,Sturnella magna,Eastern Meadowlark,0.0162,D:/AcousticMonitoringData/ELDON5_Data/Week16\ELDON5_20250423_185700.wav,20250423
3270,3273,Sturnella magna,Eastern Meadowlark,0.2178,D:/AcousticMonitoringData/ELDON5_Data/Week16\ELDON5_20250423_185700.wav,20250423
3270,3273,Geothlypis trichas,Common Yellowthroat,0.0103,D:/AcousticMonitoringData/ELDON5_Data/Week16\ELDON5_20250423_185700.wav,20250423
3279,3282,Sturnella magna,Eastern Meadowlark,0.0375,D:/AcousticMonitoringData/ELDON5_Data/Week16\ELDON5_20250423_185700.wav,20250423
3288,3291,Sturnella magna,Eastern Meadowlark,0.0815,D:/AcousticMonitoringData/ELDON5_Data/Week16\ELDON5_20250423_185700.wav,20250423
3288,3291,Bartramia longicauda,Upland Sandpiper,0.0101,D:/AcousticMonitoringData/ELDON5_Data/Week16\ELDON5_20250423_185700.wav,20250423
3291,3294,Geothlypis trichas,Common Yellowthroat,0.0123,D:/AcousticMonitoringData/ELDON5_Data/Week16\ELDON5_20250423_185700.wav,20250423
3294,3297,Geothlypis trichas,Common Yellowthroat,0.0175,D:/AcousticMonitoringData/ELDON5_Data/Week16\ELDON5_20250423_185700.wav,20250423
3294,3297,Melospiza melodia,Song Sparrow,0.0109,D:/AcousticMonitoringData/ELDON5_Data/Week16\ELDON5_20250423_185700.wav,20250423
3297,3300,Geothlypis trichas,Common Yellowthroat,0.0216,D:/AcousticMonitoringData/ELDON5_Data/Week16\ELDON5_20250423_185700.wav,20250423
3303,3306,Geothlypis trichas,Common Yellowthroat,0.0878,D:/AcousticMonitoringData/ELDON5_Data/Week16\ELDON5_20250423_185700.wav,20250423
3303,3306,Spizella pusilla,Field Sparrow,0.0129,D:/AcousticMonitoringData/ELDON5_Data/Week16\ELDON5_20250423_185700.wav,20250423
3303,3306,Melospiza melodia,Song Sparrow,0.011,D:/AcousticMonitoringData/ELDON5_Data/Week16\ELDON5_20250423_185700.wav,20250423
3306,3309,Geothlypis trichas,Common Yellowthroat,0.0124,D:/AcousticMonitoringData/ELDON5_Data/Week16\ELDON5_20250423_185700.wav,20250423
3306,3309,Sturnella magna,Eastern Meadowlark,0.0117,D:/AcousticMonitoringData/ELDON5_Data/Week16\ELDON5_20250423_185700.wav,20250423
3309,3312,Geothlypis trichas,Common Yellowthroat,0.057,D:/AcousticMonitoringData/ELDON5_Data/Week16\ELDON5_20250423_185700.wav,20250423
3309,3312,Melospiza melodia,Song Sparrow,0.0223,D:/AcousticMonitoringData/ELDON5_Data/Week16\ELDON5_20250423_185700.wav,20250423
3309,3312,Sturnella magna,Eastern Meadowlark,0.0125,D:/AcousticMonitoringData/ELDON5_Data/Week16\ELDON5_20250423_185700.wav,20250423
3309,3312,Spizella pusilla,Field Sparrow,0.012,D:/AcousticMonitoringData/ELDON5_Data/Week16\ELDON5_20250423_185700.wav,20250423
3312,3315,Sturnella magna,Eastern Meadowlark,0.0579,D:/AcousticMonitoringData/ELDON5_Data/Week16\ELDON5_20250423_185700.wav,20250423
3312,3315,Spizella pusilla,Field Sparrow,0.0274,D:/AcousticMonitoringData/ELDON5_Data/Week16\ELDON5_20250423_185700.wav,20250423
3312,3315,Geothlypis trichas,Common Yellowthroat,0.018,D:/AcousticMonitoringData/ELDON5_Data/Week16\ELDON5_20250423_185700.wav,20250423
3312,3315,Melospiza melodia,Song Sparrow,0.0153,D:/AcousticMonitoringData/ELDON5_Data/Week16\ELDON5_20250423_185700.wav,20250423
3315,3318,Sturnella magna,Eastern Meadowlark,0.0413,D:/AcousticMonitoringData/ELDON5_Data/Week16\ELDON5_20250423_185700.wav,20250423
3315,3318,Geothlypis trichas,Common Yellowthroat,0.0409,D:/AcousticMonitoringData/ELDON5_Data/Week16\ELDON5_20250423_185700.wav,20250423
3315,3318,Passerina caerulea,Blue Grosbeak,0.0233,D:/AcousticMonitoringData/ELDON5_Data/Week16\ELDON5_20250423_185700.wav,20250423
3315,3318,Spizella pusilla,Field Sparrow,0.0199,D:/AcousticMonitoringData/ELDON5_Data/Week16\ELDON5_20250423_185700.wav,20250423
3318,3321,Geothlypis trichas,Common Yellowthroat,0.0273,D:/AcousticMonitoringData/ELDON5_Data/Week16\ELDON5_20250423_185700.wav,20250423
3318,3321,Spizella pusilla,Field Sparrow,0.019,D:/AcousticMonitoringData/ELDON5_Data/Week16\ELDON5_20250423_185700.wav,20250423
3324,3327,Spizella pusilla,Field Sparrow,0.0207,D:/AcousticMonitoringData/ELDON5_Data/Week16\ELDON5_20250423_185700.wav,20250423
3324,3327,Geothlypis trichas,Common Yellowthroat,0.0155,D:/AcousticMonitoringData/ELDON5_Data/Week16\ELDON5_20250423_185700.wav,20250423
3330,3333,Melospiza melodia,Song Sparrow,0.0226,D:/AcousticMonitoringData/ELDON5_Data/Week16\ELDON5_20250423_185700.wav,20250423
3330,3333,Geothlypis trichas,Common Yellowthroat,0.0188,D:/AcousticMonitoringData/ELDON5_Data/Week16\ELDON5_20250423_185700.wav,20250423
3333,3336,Sturnella magna,Eastern Meadowlark,0.025,D:/AcousticMonitoringData/ELDON5_Data/Week16\ELDON5_20250423_185700.wav,20250423
3333,3336,Geothlypis trichas,Common Yellowthroat,0.0181,D:/AcousticMonitoringData/ELDON5_Data/Week16\ELDON5_20250423_185700.wav,20250423
3333,3336,Spizella pusilla,Field Sparrow,0.0116,D:/AcousticMonitoringData/ELDON5_Data/Week16\ELDON5_20250423_185700.wav,20250423
3336,3339,Melospiza melodia,Song Sparrow,0.0173,D:/AcousticMonitoringData/ELDON5_Data/Week16\ELDON5_20250423_185700.wav,20250423
3336,3339,Geothlypis trichas,Common Yellowthroat,0.0133,D:/AcousticMonitoringData/ELDON5_Data/Week16\ELDON5_20250423_185700.wav,20250423
3339,3342,Geothlypis trichas,Common Yellowthroat,0.0178,D:/AcousticMonitoringData/ELDON5_Data/Week16\ELDON5_20250423_185700.wav,20250423
3339,3342,Spizella pusilla,Field Sparrow,0.0153,D:/AcousticMonitoringData/ELDON5_Data/Week16\ELDON5_20250423_185700.wav,20250423
3342,3345,Sturnella magna,Eastern Meadowlark,0.0328,D:/AcousticMonitoringData/ELDON5_Data/Week16\ELDON5_20250423_185700.wav,20250423
3342,3345,Spizella pusilla,Field Sparrow,0.0152,D:/AcousticMonitoringData/ELDON5_Data/Week16\ELDON5_20250423_185700.wav,20250423
3342,3345,Geothlypis trichas,Common Yellowthroat,0.0103,D:/AcousticMonitoringData/ELDON5_Data/Week16\ELDON5_20250423_185700.wav,20250423
3345,3348,Melospiza melodia,Song Sparrow,0.0208,D:/AcousticMonitoringData/ELDON5_Data/Week16\ELDON5_20250423_185700.wav,20250423
3348,3351,Spizella pusilla,Field Sparrow,0.0473,D:/AcousticMonitoringData/ELDON5_Data/Week16\ELDON5_20250423_185700.wav,20250423
3348,3351,Sturnella magna,Eastern Meadowlark,0.0309,D:/AcousticMonitoringData/ELDON5_Data/Week16\ELDON5_20250423_185700.wav,20250423
3348,3351,Melospiza melodia,Song Sparrow,0.0133,D:/AcousticMonitoringData/ELDON5_Data/Week16\ELDON5_20250423_185700.wav,20250423
3348,3351,Geothlypis trichas,Common Yellowthroat,0.0107,D:/AcousticMonitoringData/ELDON5_Data/Week16\ELDON5_20250423_185700.wav,20250423
3351,3354,Sturnella magna,Eastern Meadowlark,0.0546,D:/AcousticMonitoringData/ELDON5_Data/Week16\ELDON5_20250423_185700.wav,20250423
3351,3354,Spizella pusilla,Field Sparrow,0.0503,D:/AcousticMonitoringData/ELDON5_Data/Week16\ELDON5_20250423_185700.wav,20250423
3351,3354,Geothlypis trichas,Common Yellowthroat,0.0102,D:/AcousticMonitoringData/ELDON5_Data/Week16\ELDON5_20250423_185700.wav,20250423
3351,3354,Bartramia longicauda,Upland Sandpiper,0.0101,D:/AcousticMonitoringData/ELDON5_Data/Week16\ELDON5_20250423_185700.wav,20250423
3354,3357,Geothlypis trichas,Common Yellowthroat,0.0171,D:/AcousticMonitoringData/ELDON5_Data/Week16\ELDON5_20250423_185700.wav,20250423
3357,3360,Sturnella magna,Eastern Meadowlark,0.463,D:/AcousticMonitoringData/ELDON5_Data/Week16\ELDON5_20250423_185700.wav,20250423
3357,3360,Bartramia longicauda,Upland Sandpiper,0.0125,D:/AcousticMonitoringData/ELDON5_Data/Week16\ELDON5_20250423_185700.wav,20250423
3363,3366,Melospiza melodia,Song Sparrow,0.0349,D:/AcousticMonitoringData/ELDON5_Data/Week16\ELDON5_20250423_185700.wav,20250423
3363,3366,Geothlypis trichas,Common Yellowthroat,0.0133,D:/AcousticMonitoringData/ELDON5_Data/Week16\ELDON5_20250423_185700.wav,20250423
3366,3369,Sturnella magna,Eastern Meadowlark,0.1041,D:/AcousticMonitoringData/ELDON5_Data/Week16\ELDON5_20250423_185700.wav,20250423
3366,3369,Bartramia longicauda,Upland Sandpiper,0.0263,D:/AcousticMonitoringData/ELDON5_Data/Week16\ELDON5_20250423_185700.wav,20250423
3369,3372,Geothlypis trichas,Common Yellowthroat,0.0122,D:/AcousticMonitoringData/ELDON5_Data/Week16\ELDON5_20250423_185700.wav,20250423
3372,3375,Geothlypis trichas,Common Yellowthroat,0.0346,D:/AcousticMonitoringData/ELDON5_Data/Week16\ELDON5_20250423_185700.wav,20250423
3372,3375,Spizella pusilla,Field Sparrow,0.0236,D:/AcousticMonitoringData/ELDON5_Data/Week16\ELDON5_20250423_185700.wav,20250423
3372,3375,Melospiza melodia,Song Sparrow,0.0202,D:/AcousticMonitoringData/ELDON5_Data/Week16\ELDON5_20250423_185700.wav,20250423
3375,3378,Geothlypis trichas,Common Yellowthroat,0.0295,D:/AcousticMonitoringData/ELDON5_Data/Week16\ELDON5_20250423_185700.wav,20250423
3375,3378,Melospiza melodia,Song Sparrow,0.0264,D:/AcousticMonitoringData/ELDON5_Data/Week16\ELDON5_20250423_185700.wav,20250423
3375,3378,Sturnella magna,Eastern Meadowlark,0.014,D:/AcousticMonitoringData/ELDON5_Data/Week16\ELDON5_20250423_185700.wav,20250423
3375,3378,Spizella pusilla,Field Sparrow,0.0125,D:/AcousticMonitoringData/ELDON5_Data/Week16\ELDON5_20250423_185700.wav,20250423
3378,3381,Geothlypis trichas,Common Yellowthroat,0.0264,D:/AcousticMonitoringData/ELDON5_Data/Week16\ELDON5_20250423_185700.wav,20250423
3378,3381,Melospiza melodia,Song Sparrow,0.0191,D:/AcousticMonitoringData/ELDON5_Data/Week16\ELDON5_20250423_185700.wav,20250423
3381,3384,Sturnella magna,Eastern Meadowlark,0.0212,D:/AcousticMonitoringData/ELDON5_Data/Week16\ELDON5_20250423_185700.wav,20250423
3381,3384,Geothlypis trichas,Common Yellowthroat,0.0174,D:/AcousticMonitoringData/ELDON5_Data/Week16\ELDON5_20250423_185700.wav,20250423
3381,3384,Melospiza melodia,Song Sparrow,0.0135,D:/AcousticMonitoringData/ELDON5_Data/Week16\ELDON5_20250423_185700.wav,20250423
3384,3387,Geothlypis trichas,Common Yellowthroat,0.0217,D:/AcousticMonitoringData/ELDON5_Data/Week16\ELDON5_20250423_185700.wav,20250423
3384,3387,Spizella pusilla,Field Sparrow,0.0122,D:/AcousticMonitoringData/ELDON5_Data/Week16\ELDON5_20250423_185700.wav,20250423
3387,3390,Sturnella magna,Eastern Meadowlark,0.0548,D:/AcousticMonitoringData/ELDON5_Data/Week16\ELDON5_20250423_185700.wav,20250423
3387,3390,Geothlypis trichas,Common Yellowthroat,0.013,D:/AcousticMonitoringData/ELDON5_Data/Week16\ELDON5_20250423_185700.wav,20250423
3387,3390,Spizella pusilla,Field Sparrow,0.0119,D:/AcousticMonitoringData/ELDON5_Data/Week16\ELDON5_20250423_185700.wav,20250423
3390,3393,Melospiza melodia,Song Sparrow,0.0457,D:/AcousticMonitoringData/ELDON5_Data/Week16\ELDON5_20250423_185700.wav,20250423
3390,3393,Geothlypis trichas,Common Yellowthroat,0.0225,D:/AcousticMonitoringData/ELDON5_Data/Week16\ELDON5_20250423_185700.wav,20250423
3390,3393,Sturnella magna,Eastern Meadowlark,0.0133,D:/AcousticMonitoringData/ELDON5_Data/Week16\ELDON5_20250423_185700.wav,20250423
3393,3396,Sturnella magna,Eastern Meadowlark,0.0332,D:/AcousticMonitoringData/ELDON5_Data/Week16\ELDON5_20250423_185700.wav,20250423
3393,3396,Geothlypis trichas,Common Yellowthroat,0.0281,D:/AcousticMonitoringData/ELDON5_Data/Week16\ELDON5_20250423_185700.wav,20250423
3393,3396,Melospiza melodia,Song Sparrow,0.0109,D:/AcousticMonitoringData/ELDON5_Data/Week16\ELDON5_20250423_185700.wav,20250423
3396,3399,Sturnella magna,Eastern Meadowlark,0.1202,D:/AcousticMonitoringData/ELDON5_Data/Week16\ELDON5_20250423_185700.wav,20250423
3396,3399,Geothlypis trichas,Common Yellowthroat,0.0214,D:/AcousticMonitoringData/ELDON5_Data/Week16\ELDON5_20250423_185700.wav,20250423
3396,3399,Melospiza melodia,Song Sparrow,0.0103,D:/AcousticMonitoringData/ELDON5_Data/Week16\ELDON5_20250423_185700.wav,20250423
3402,3405,Sturnella magna,Eastern Meadowlark,0.0836,D:/AcousticMonitoringData/ELDON5_Data/Week16\ELDON5_20250423_185700.wav,20250423
3402,3405,Melospiza melodia,Song Sparrow,0.0296,D:/AcousticMonitoringData/ELDON5_Data/Week16\ELDON5_20250423_185700.wav,20250423
3402,3405,Geothlypis trichas,Common Yellowthroat,0.0204,D:/AcousticMonitoringData/ELDON5_Data/Week16\ELDON5_20250423_185700.wav,20250423
3405,3408,Geothlypis trichas,Common Yellowthroat,0.1553,D:/AcousticMonitoringData/ELDON5_Data/Week16\ELDON5_20250423_185700.wav,20250423
3405,3408,Sturnella magna,Eastern Meadowlark,0.0256,D:/AcousticMonitoringData/ELDON5_Data/Week16\ELDON5_20250423_185700.wav,20250423
3405,3408,Melospiza melodia,Song Sparrow,0.0231,D:/AcousticMonitoringData/ELDON5_Data/Week16\ELDON5_20250423_185700.wav,20250423
3408,3411,Sturnella magna,Eastern Meadowlark,0.2387,D:/AcousticMonitoringData/ELDON5_Data/Week16\ELDON5_20250423_185700.wav,20250423
3408,3411,Bartramia longicauda,Upland Sandpiper,0.0101,D:/AcousticMonitoringData/ELDON5_Data/Week16\ELDON5_20250423_185700.wav,20250423
3411,3414,Melospiza melodia,Song Sparrow,0.0197,D:/AcousticMonitoringData/ELDON5_Data/Week16\ELDON5_20250423_185700.wav,20250423
3411,3414,Sturnella magna,Eastern Meadowlark,0.0147,D:/AcousticMonitoringData/ELDON5_Data/Week16\ELDON5_20250423_185700.wav,20250423
3411,3414,Geothlypis trichas,Common Yellowthroat,0.0122,D:/AcousticMonitoringData/ELDON5_Data/Week16\ELDON5_20250423_185700.wav,20250423
3414,3417,Sturnella magna,Eastern Meadowlark,0.0583,D:/AcousticMonitoringData/ELDON5_Data/Week16\ELDON5_20250423_185700.wav,20250423
3417,3420,Melospiza melodia,Song Sparrow,0.028,D:/AcousticMonitoringData/ELDON5_Data/Week16\ELDON5_20250423_185700.wav,20250423
3417,3420,Geothlypis trichas,Common Yellowthroat,0.0136,D:/AcousticMonitoringData/ELDON5_Data/Week16\ELDON5_20250423_185700.wav,20250423
3420,3423,Geothlypis trichas,Common Yellowthroat,0.0122,D:/AcousticMonitoringData/ELDON5_Data/Week16\ELDON5_20250423_185700.wav,20250423
3420,3423,Sturnella magna,Eastern Meadowlark,0.0109,D:/AcousticMonitoringData/ELDON5_Data/Week16\ELDON5_20250423_185700.wav,20250423
3423,3426,Sturnella magna,Eastern Meadowlark,0.1829,D:/AcousticMonitoringData/ELDON5_Data/Week16\ELDON5_20250423_185700.wav,20250423
3426,3429,Geothlypis trichas,Common Yellowthroat,0.0468,D:/AcousticMonitoringData/ELDON5_Data/Week16\ELDON5_20250423_185700.wav,20250423
3426,3429,Sturnella magna,Eastern Meadowlark,0.0432,D:/AcousticMonitoringData/ELDON5_Data/Week16\ELDON5_20250423_185700.wav,20250423
3426,3429,Melospiza melodia,Song Sparrow,0.0422,D:/AcousticMonitoringData/ELDON5_Data/Week16\ELDON5_20250423_185700.wav,20250423
3429,3432,Geothlypis trichas,Common Yellowthroat,0.0768,D:/AcousticMonitoringData/ELDON5_Data/Week16\ELDON5_20250423_185700.wav,20250423
3429,3432,Spizella pusilla,Field Sparrow,0.0168,D:/AcousticMonitoringData/ELDON5_Data/Week16\ELDON5_20250423_185700.wav,20250423
3432,3435,Sturnella magna,Eastern Meadowlark,0.0502,D:/AcousticMonitoringData/ELDON5_Data/Week16\ELDON5_20250423_185700.wav,20250423
3438,3441,Geothlypis trichas,Common Yellowthroat,0.0118,D:/AcousticMonitoringData/ELDON5_Data/Week16\ELDON5_20250423_185700.wav,20250423
3441,3444,Geothlypis trichas,Common Yellowthroat,0.0117,D:/AcousticMonitoringData/ELDON5_Data/Week16\ELDON5_20250423_185700.wav,20250423
3444,3447,Sturnella magna,Eastern Meadowlark,0.0329,D:/AcousticMonitoringData/ELDON5_Data/Week16\ELDON5_20250423_185700.wav,20250423
3447,3450,Sturnella magna,Eastern Meadowlark,0.0665,D:/AcousticMonitoringData/ELDON5_Data/Week16\ELDON5_20250423_185700.wav,20250423
3450,3453,Sturnella magna,Eastern Meadowlark,0.0376,D:/AcousticMonitoringData/ELDON5_Data/Week16\ELDON5_20250423_185700.wav,20250423
3450,3453,Spizella pusilla,Field Sparrow,0.0267,D:/AcousticMonitoringData/ELDON5_Data/Week16\ELDON5_20250423_185700.wav,20250423
3450,3453,Geothlypis trichas,Common Yellowthroat,0.0113,D:/AcousticMonitoringData/ELDON5_Data/Week16\ELDON5_20250423_185700.wav,20250423
3453,3456,Sturnella magna,Eastern Meadowlark,0.0152,D:/AcousticMonitoringData/ELDON5_Data/Week16\ELDON5_20250423_185700.wav,20250423
3456,3459,Sturnella magna,Eastern Meadowlark,0.0334,D:/AcousticMonitoringData/ELDON5_Data/Week16\ELDON5_20250423_185700.wav,20250423
3459,3462,Sturnella magna,Eastern Meadowlark,0.0777,D:/AcousticMonitoringData/ELDON5_Data/Week16\ELDON5_20250423_185700.wav,20250423
3462,3465,Geothlypis trichas,Common Yellowthroat,0.0445,D:/AcousticMonitoringData/ELDON5_Data/Week16\ELDON5_20250423_185700.wav,20250423
3465,3468,Sturnella magna,Eastern Meadowlark,0.3685,D:/AcousticMonitoringData/ELDON5_Data/Week16\ELDON5_20250423_185700.wav,20250423
3465,3468,Geothlypis trichas,Common Yellowthroat,0.0217,D:/AcousticMonitoringData/ELDON5_Data/Week16\ELDON5_20250423_185700.wav,20250423
3468,3471,Melospiza melodia,Song Sparrow,0.0314,D:/AcousticMonitoringData/ELDON5_Data/Week16\ELDON5_20250423_185700.wav,20250423
3468,3471,Sturnella magna,Eastern Meadowlark,0.0131,D:/AcousticMonitoringData/ELDON5_Data/Week16\ELDON5_20250423_185700.wav,20250423
3468,3471,Spizella pusilla,Field Sparrow,0.0127,D:/AcousticMonitoringData/ELDON5_Data/Week16\ELDON5_20250423_185700.wav,20250423
3468,3471,Geothlypis trichas,Common Yellowthroat,0.0126,D:/AcousticMonitoringData/ELDON5_Data/Week16\ELDON5_20250423_185700.wav,20250423
3471,3474,Geothlypis trichas,Common Yellowthroat,0.0336,D:/AcousticMonitoringData/ELDON5_Data/Week16\ELDON5_20250423_185700.wav,20250423
3471,3474,Spizella pusilla,Field Sparrow,0.015,D:/AcousticMonitoringData/ELDON5_Data/Week16\ELDON5_20250423_185700.wav,20250423
3474,3477,Sturnella magna,Eastern Meadowlark,0.028,D:/AcousticMonitoringData/ELDON5_Data/Week16\ELDON5_20250423_185700.wav,20250423
3474,3477,Melospiza melodia,Song Sparrow,0.0161,D:/AcousticMonitoringData/ELDON5_Data/Week16\ELDON5_20250423_185700.wav,20250423
3474,3477,Spizella pusilla,Field Sparrow,0.0156,D:/AcousticMonitoringData/ELDON5_Data/Week16\ELDON5_20250423_185700.wav,20250423
3477,3480,Sturnella magna,Eastern Meadowlark,0.0467,D:/AcousticMonitoringData/ELDON5_Data/Week16\ELDON5_20250423_185700.wav,20250423
3480,3483,Spizella pusilla,Field Sparrow,0.0266,D:/AcousticMonitoringData/ELDON5_Data/Week16\ELDON5_20250423_185700.wav,20250423
3480,3483,Passerina caerulea,Blue Grosbeak,0.0207,D:/AcousticMonitoringData/ELDON5_Data/Week16\ELDON5_20250423_185700.wav,20250423
3480,3483,Sturnella magna,Eastern Meadowlark,0.0147,D:/AcousticMonitoringData/ELDON5_Data/Week16\ELDON5_20250423_185700.wav,20250423
3480,3483,Geothlypis trichas,Common Yellowthroat,0.0143,D:/AcousticMonitoringData/ELDON5_Data/Week16\ELDON5_20250423_185700.wav,20250423
3483,3486,Passerina caerulea,Blue Grosbeak,0.068,D:/AcousticMonitoringData/ELDON5_Data/Week16\ELDON5_20250423_185700.wav,20250423
3486,3489,Sturnella magna,Eastern Meadowlark,0.0257,D:/AcousticMonitoringData/ELDON5_Data/Week16\ELDON5_20250423_185700.wav,20250423
3489,3492,Geothlypis trichas,Common Yellowthroat,0.0159,D:/AcousticMonitoringData/ELDON5_Data/Week16\ELDON5_20250423_185700.wav,20250423
3492,3495,Sturnella magna,Eastern Meadowlark,0.0372,D:/AcousticMonitoringData/ELDON5_Data/Week16\ELDON5_20250423_185700.wav,20250423
3495,3498,Sturnella magna,Eastern Meadowlark,0.1134,D:/AcousticMonitoringData/ELDON5_Data/Week16\ELDON5_20250423_185700.wav,20250423
3498,3501,Sturnella magna,Eastern Meadowlark,0.0206,D:/AcousticMonitoringData/ELDON5_Data/Week16\ELDON5_20250423_185700.wav,20250423
3498,3501,Geothlypis trichas,Common Yellowthroat,0.0181,D:/AcousticMonitoringData/ELDON5_Data/Week16\ELDON5_20250423_185700.wav,20250423
3501,3504,Sturnella magna,Eastern Meadowlark,0.1516,D:/AcousticMonitoringData/ELDON5_Data/Week16\ELDON5_20250423_185700.wav,20250423
3501,3504,Melospiza melodia,Song Sparrow,0.0211,D:/AcousticMonitoringData/ELDON5_Data/Week16\ELDON5_20250423_185700.wav,20250423
3501,3504,Geothlypis trichas,Common Yellowthroat,0.0106,D:/AcousticMonitoringData/ELDON5_Data/Week16\ELDON5_20250423_185700.wav,20250423
3504,3507,Geothlypis trichas,Common Yellowthroat,0.0379,D:/AcousticMonitoringData/ELDON5_Data/Week16\ELDON5_20250423_185700.wav,20250423
3507,3510,Geothlypis trichas,Common Yellowthroat,0.0192,D:/AcousticMonitoringData/ELDON5_Data/Week16\ELDON5_20250423_185700.wav,20250423
3507,3510,Sturnella magna,Eastern Meadowlark,0.0133,D:/AcousticMonitoringData/ELDON5_Data/Week16\ELDON5_20250423_185700.wav,20250423
3507,3510,Spizella pusilla,Field Sparrow,0.0111,D:/AcousticMonitoringData/ELDON5_Data/Week16\ELDON5_20250423_185700.wav,20250423
3510,3513,Geothlypis trichas,Common Yellowthroat,0.034,D:/AcousticMonitoringData/ELDON5_Data/Week16\ELDON5_20250423_185700.wav,20250423
3510,3513,Sturnella magna,Eastern Meadowlark,0.0257,D:/AcousticMonitoringData/ELDON5_Data/Week16\ELDON5_20250423_185700.wav,20250423
3513,3516,Sturnella magna,Eastern Meadowlark,0.019,D:/AcousticMonitoringData/ELDON5_Data/Week16\ELDON5_20250423_185700.wav,20250423
3516,3519,Spizella pusilla,Field Sparrow,0.0231,D:/AcousticMonitoringData/ELDON5_Data/Week16\ELDON5_20250423_185700.wav,20250423
3516,3519,Sturnella magna,Eastern Meadowlark,0.0223,D:/AcousticMonitoringData/ELDON5_Data/Week16\ELDON5_20250423_185700.wav,20250423
3516,3519,Geothlypis trichas,Common Yellowthroat,0.0206,D:/AcousticMonitoringData/ELDON5_Data/Week16\ELDON5_20250423_185700.wav,20250423
3519,3522,Geothlypis trichas,Common Yellowthroat,0.0718,D:/AcousticMonitoringData/ELDON5_Data/Week16\ELDON5_20250423_185700.wav,20250423
3519,3522,Sturnella magna,Eastern Meadowlark,0.0211,D:/AcousticMonitoringData/ELDON5_Data/Week16\ELDON5_20250423_185700.wav,20250423
3522,3525,Geothlypis trichas,Common Yellowthroat,0.0287,D:/AcousticMonitoringData/ELDON5_Data/Week16\ELDON5_20250423_185700.wav,20250423
3522,3525,Spizella pusilla,Field Sparrow,0.0118,D:/AcousticMonitoringData/ELDON5_Data/Week16\ELDON5_20250423_185700.wav,20250423
3522,3525,Passerina caerulea,Blue Grosbeak,0.0106,D:/AcousticMonitoringData/ELDON5_Data/Week16\ELDON5_20250423_185700.wav,20250423
3525,3528,Sturnella magna,Eastern Meadowlark,0.037,D:/AcousticMonitoringData/ELDON5_Data/Week16\ELDON5_20250423_185700.wav,20250423
3525,3528,Spizella pusilla,Field Sparrow,0.0132,D:/AcousticMonitoringData/ELDON5_Data/Week16\ELDON5_20250423_185700.wav,20250423
3525,3528,Geothlypis trichas,Common Yellowthroat,0.0122,D:/AcousticMonitoringData/ELDON5_Data/Week16\ELDON5_20250423_185700.wav,20250423
3528,3531,Geothlypis trichas,Common Yellowthroat,0.0131,D:/AcousticMonitoringData/ELDON5_Data/Week16\ELDON5_20250423_185700.wav,20250423
3531,3534,Geothlypis trichas,Common Yellowthroat,0.0325,D:/AcousticMonitoringData/ELDON5_Data/Week16\ELDON5_20250423_185700.wav,20250423
3531,3534,Sturnella magna,Eastern Meadowlark,0.0162,D:/AcousticMonitoringData/ELDON5_Data/Week16\ELDON5_20250423_185700.wav,20250423
3531,3534,Melospiza melodia,Song Sparrow,0.0123,D:/AcousticMonitoringData/ELDON5_Data/Week16\ELDON5_20250423_185700.wav,20250423
3534,3537,Geothlypis trichas,Common Yellowthroat,0.2924,D:/AcousticMonitoringData/ELDON5_Data/Week16\ELDON5_20250423_185700.wav,20250423
3537,3540,Geothlypis trichas,Common Yellowthroat,0.0532,D:/AcousticMonitoringData/ELDON5_Data/Week16\ELDON5_20250423_185700.wav,20250423
3537,3540,Sturnella magna,Eastern Meadowlark,0.0107,D:/AcousticMonitoringData/ELDON5_Data/Week16\ELDON5_20250423_185700.wav,20250423
3540,3543,Sturnella magna,Eastern Meadowlark,0.0377,D:/AcousticMonitoringData/ELDON5_Data/Week16\ELDON5_20250423_185700.wav,20250423
3543,3546,Sturnella magna,Eastern Meadowlark,0.0124,D:/AcousticMonitoringData/ELDON5_Data/Week16\ELDON5_20250423_185700.wav,20250423
3546,3549,Geothlypis trichas,Common Yellowthroat,0.096,D:/AcousticMonitoringData/ELDON5_Data/Week16\ELDON5_20250423_185700.wav,20250423
3546,3549,Spizella pusilla,Field Sparrow,0.0185,D:/AcousticMonitoringData/ELDON5_Data/Week16\ELDON5_20250423_185700.wav,20250423
3549,3552,Sturnella magna,Eastern Meadowlark,0.0108,D:/AcousticMonitoringData/ELDON5_Data/Week16\ELDON5_20250423_185700.wav,20250423
3549,3552,Geothlypis trichas,Common Yellowthroat,0.0103,D:/AcousticMonitoringData/ELDON5_Data/Week16\ELDON5_20250423_185700.wav,20250423
3552,3555,Sturnella magna,Eastern Meadowlark,0.056,D:/AcousticMonitoringData/ELDON5_Data/Week16\ELDON5_20250423_185700.wav,20250423
3552,3555,Passerina caerulea,Blue Grosbeak,0.0458,D:/AcousticMonitoringData/ELDON5_Data/Week16\ELDON5_20250423_185700.wav,20250423
3552,3555,Bartramia longicauda,Upland Sandpiper,0.0159,D:/AcousticMonitoringData/ELDON5_Data/Week16\ELDON5_20250423_185700.wav,20250423
3552,3555,Geothlypis trichas,Common Yellowthroat,0.0107,D:/AcousticMonitoringData/ELDON5_Data/Week16\ELDON5_20250423_185700.wav,20250423
3555,3558,Geothlypis trichas,Common Yellowthroat,0.012,D:/AcousticMonitoringData/ELDON5_Data/Week16\ELDON5_20250423_185700.wav,20250423
3558,3561,Geothlypis trichas,Common Yellowthroat,0.0138,D:/AcousticMonitoringData/ELDON5_Data/Week16\ELDON5_20250423_185700.wav,20250423
3561,3564,Geothlypis trichas,Common Yellowthroat,0.24,D:/AcousticMonitoringData/ELDON5_Data/Week16\ELDON5_20250423_185700.wav,20250423
3564,3567,Sturnella magna,Eastern Meadowlark,0.0741,D:/AcousticMonitoringData/ELDON5_Data/Week16\ELDON5_20250423_185700.wav,20250423
3564,3567,Geothlypis trichas,Common Yellowthroat,0.0117,D:/AcousticMonitoringData/ELDON5_Data/Week16\ELDON5_20250423_185700.wav,20250423
3567,3570,Melospiza melodia,Song Sparrow,0.011,D:/AcousticMonitoringData/ELDON5_Data/Week16\ELDON5_20250423_185700.wav,20250423
3570,3573,Spizella pusilla,Field Sparrow,0.0108,D:/AcousticMonitoringData/ELDON5_Data/Week16\ELDON5_20250423_185700.wav,20250423
3573,3576,Sturnella magna,Eastern Meadowlark,0.0423,D:/AcousticMonitoringData/ELDON5_Data/Week16\ELDON5_20250423_185700.wav,20250423
3573,3576,Spizella pusilla,Field Sparrow,0.0159,D:/AcousticMonitoringData/ELDON5_Data/Week16\ELDON5_20250423_185700.wav,20250423
3573,3576,Geothlypis trichas,Common Yellowthroat,0.0101,D:/AcousticMonitoringData/ELDON5_Data/Week16\ELDON5_20250423_185700.wav,20250423
3576,3579,Geothlypis trichas,Common Yellowthroat,0.0437,D:/AcousticMonitoringData/ELDON5_Data/Week16\ELDON5_20250423_185700.wav,20250423
3582,3585,Geothlypis trichas,Common Yellowthroat,0.0563,D:/AcousticMonitoringData/ELDON5_Data/Week16\ELDON5_20250423_185700.wav,20250423
3582,3585,Melospiza melodia,Song Sparrow,0.0194,D:/AcousticMonitoringData/ELDON5_Data/Week16\ELDON5_20250423_185700.wav,20250423
3582,3585,Sturnella magna,Eastern Meadowlark,0.0141,D:/AcousticMonitoringData/ELDON5_Data/Week16\ELDON5_20250423_185700.wav,20250423
3585,3588,Geothlypis trichas,Common Yellowthroat,0.0109,D:/AcousticMonitoringData/ELDON5_Data/Week16\ELDON5_20250423_185700.wav,20250423
3588,3591,Geothlypis trichas,Common Yellowthroat,0.0233,D:/AcousticMonitoringData/ELDON5_Data/Week16\ELDON5_20250423_185700.wav,20250423
3588,3591,Sturnella magna,Eastern Meadowlark,0.0188,D:/AcousticMonitoringData/ELDON5_Data/Week16\ELDON5_20250423_185700.wav,20250423
3588,3591,Melospiza melodia,Song Sparrow,0.0188,D:/AcousticMonitoringData/ELDON5_Data/Week16\ELDON5_20250423_185700.wav,20250423
3591,3594,Geothlypis trichas,Common Yellowthroat,0.0231,D:/AcousticMonitoringData/ELDON5_Data/Week16\ELDON5_20250423_185700.wav,20250423
3591,3594,Melospiza melodia,Song Sparrow,0.0116,D:/AcousticMonitoringData/ELDON5_Data/Week16\ELDON5_20250423_185700.wav,20250423
3594,3597,Sturnella magna,Eastern Meadowlark,0.0325,D:/AcousticMonitoringData/ELDON5_Data/Week16\ELDON5_20250423_185700.wav,20250423
