Start (s),End (s),Scientific name,Common name,Confidence,File,Date
9,12,Eremophila alpestris,Horned Lark,0.0115,D:/AcousticMonitoringData/ELDON5_Data/Week18\ELDON5_20250514_050200.wav,20250514
33,36,Eremophila alpestris,Horned Lark,0.0139,D:/AcousticMonitoringData/ELDON5_Data/Week18\ELDON5_20250514_050200.wav,20250514
63,66,Eremophila alpestris,Horned Lark,0.0114,D:/AcousticMonitoringData/ELDON5_Data/Week18\ELDON5_20250514_050200.wav,20250514
96,99,Eremophila alpestris,Horned Lark,0.0111,D:/AcousticMonitoringData/ELDON5_Data/Week18\ELDON5_20250514_050200.wav,20250514
102,105,Eremophila alpestris,Horned Lark,0.0112,D:/AcousticMonitoringData/ELDON5_Data/Week18\ELDON5_20250514_050200.wav,20250514
144,147,Eremophila alpestris,Horned Lark,0.014,D:/AcousticMonitoringData/ELDON5_Data/Week18\ELDON5_20250514_050200.wav,20250514
156,159,Eremophila alpestris,Horned Lark,0.0196,D:/AcousticMonitoringData/ELDON5_Data/Week18\ELDON5_20250514_050200.wav,20250514
168,171,Eremophila alpestris,Horned Lark,0.0128,D:/AcousticMonitoringData/ELDON5_Data/Week18\ELDON5_20250514_050200.wav,20250514
171,174,Eremophila alpestris,Horned Lark,0.0106,D:/AcousticMonitoringData/ELDON5_Data/Week18\ELDON5_20250514_050200.wav,20250514
189,192,Eremophila alpestris,Horned Lark,0.0101,D:/AcousticMonitoringData/ELDON5_Data/Week18\ELDON5_20250514_050200.wav,20250514
192,195,Eremophila alpestris,Horned Lark,0.0106,D:/AcousticMonitoringData/ELDON5_Data/Week18\ELDON5_20250514_050200.wav,20250514
198,201,Eremophila alpestris,Horned Lark,0.0238,D:/AcousticMonitoringData/ELDON5_Data/Week18\ELDON5_20250514_050200.wav,20250514
201,204,Eremophila alpestris,Horned Lark,0.0137,D:/AcousticMonitoringData/ELDON5_Data/Week18\ELDON5_20250514_050200.wav,20250514
204,207,Eremophila alpestris,Horned Lark,0.0128,D:/AcousticMonitoringData/ELDON5_Data/Week18\ELDON5_20250514_050200.wav,20250514
207,210,Eremophila alpestris,Horned Lark,0.0115,D:/AcousticMonitoringData/ELDON5_Data/Week18\ELDON5_20250514_050200.wav,20250514
228,231,Eremophila alpestris,Horned Lark,0.018,D:/AcousticMonitoringData/ELDON5_Data/Week18\ELDON5_20250514_050200.wav,20250514
234,237,Eremophila alpestris,Horned Lark,0.014,D:/AcousticMonitoringData/ELDON5_Data/Week18\ELDON5_20250514_050200.wav,20250514
261,264,Eremophila alpestris,Horned Lark,0.0182,D:/AcousticMonitoringData/ELDON5_Data/Week18\ELDON5_20250514_050200.wav,20250514
273,276,Eremophila alpestris,Horned Lark,0.019,D:/AcousticMonitoringData/ELDON5_Data/Week18\ELDON5_20250514_050200.wav,20250514
279,282,Eremophila alpestris,Horned Lark,0.0269,D:/AcousticMonitoringData/ELDON5_Data/Week18\ELDON5_20250514_050200.wav,20250514
282,285,Eremophila alpestris,Horned Lark,0.0111,D:/AcousticMonitoringData/ELDON5_Data/Week18\ELDON5_20250514_050200.wav,20250514
285,288,Eremophila alpestris,Horned Lark,0.0255,D:/AcousticMonitoringData/ELDON5_Data/Week18\ELDON5_20250514_050200.wav,20250514
294,297,Eremophila alpestris,Horned Lark,0.0184,D:/AcousticMonitoringData/ELDON5_Data/Week18\ELDON5_20250514_050200.wav,20250514
300,303,Eremophila alpestris,Horned Lark,0.0108,D:/AcousticMonitoringData/ELDON5_Data/Week18\ELDON5_20250514_050200.wav,20250514
303,306,Eremophila alpestris,Horned Lark,0.0101,D:/AcousticMonitoringData/ELDON5_Data/Week18\ELDON5_20250514_050200.wav,20250514
306,309,Eremophila alpestris,Horned Lark,0.0199,D:/AcousticMonitoringData/ELDON5_Data/Week18\ELDON5_20250514_050200.wav,20250514
309,312,Eremophila alpestris,Horned Lark,0.0314,D:/AcousticMonitoringData/ELDON5_Data/Week18\ELDON5_20250514_050200.wav,20250514
312,315,Eremophila alpestris,Horned Lark,0.0323,D:/AcousticMonitoringData/ELDON5_Data/Week18\ELDON5_20250514_050200.wav,20250514
315,318,Eremophila alpestris,Horned Lark,0.0254,D:/AcousticMonitoringData/ELDON5_Data/Week18\ELDON5_20250514_050200.wav,20250514
318,321,Eremophila alpestris,Horned Lark,0.0179,D:/AcousticMonitoringData/ELDON5_Data/Week18\ELDON5_20250514_050200.wav,20250514
321,324,Eremophila alpestris,Horned Lark,0.0236,D:/AcousticMonitoringData/ELDON5_Data/Week18\ELDON5_20250514_050200.wav,20250514
327,330,Eremophila alpestris,Horned Lark,0.0208,D:/AcousticMonitoringData/ELDON5_Data/Week18\ELDON5_20250514_050200.wav,20250514
330,333,Eremophila alpestris,Horned Lark,0.0141,D:/AcousticMonitoringData/ELDON5_Data/Week18\ELDON5_20250514_050200.wav,20250514
333,336,Eremophila alpestris,Horned Lark,0.0126,D:/AcousticMonitoringData/ELDON5_Data/Week18\ELDON5_20250514_050200.wav,20250514
336,339,Eremophila alpestris,Horned Lark,0.0109,D:/AcousticMonitoringData/ELDON5_Data/Week18\ELDON5_20250514_050200.wav,20250514
339,342,Eremophila alpestris,Horned Lark,0.0173,D:/AcousticMonitoringData/ELDON5_Data/Week18\ELDON5_20250514_050200.wav,20250514
342,345,Eremophila alpestris,Horned Lark,0.012,D:/AcousticMonitoringData/ELDON5_Data/Week18\ELDON5_20250514_050200.wav,20250514
354,357,Eremophila alpestris,Horned Lark,0.0148,D:/AcousticMonitoringData/ELDON5_Data/Week18\ELDON5_20250514_050200.wav,20250514
357,360,Eremophila alpestris,Horned Lark,0.0184,D:/AcousticMonitoringData/ELDON5_Data/Week18\ELDON5_20250514_050200.wav,20250514
360,363,Eremophila alpestris,Horned Lark,0.0237,D:/AcousticMonitoringData/ELDON5_Data/Week18\ELDON5_20250514_050200.wav,20250514
363,366,Eremophila alpestris,Horned Lark,0.0164,D:/AcousticMonitoringData/ELDON5_Data/Week18\ELDON5_20250514_050200.wav,20250514
390,393,Eremophila alpestris,Horned Lark,0.0164,D:/AcousticMonitoringData/ELDON5_Data/Week18\ELDON5_20250514_050200.wav,20250514
399,402,Eremophila alpestris,Horned Lark,0.0137,D:/AcousticMonitoringData/ELDON5_Data/Week18\ELDON5_20250514_050200.wav,20250514
405,408,Eremophila alpestris,Horned Lark,0.0145,D:/AcousticMonitoringData/ELDON5_Data/Week18\ELDON5_20250514_050200.wav,20250514
411,414,Eremophila alpestris,Horned Lark,0.0142,D:/AcousticMonitoringData/ELDON5_Data/Week18\ELDON5_20250514_050200.wav,20250514
456,459,Eremophila alpestris,Horned Lark,0.0102,D:/AcousticMonitoringData/ELDON5_Data/Week18\ELDON5_20250514_050200.wav,20250514
480,483,Eremophila alpestris,Horned Lark,0.0183,D:/AcousticMonitoringData/ELDON5_Data/Week18\ELDON5_20250514_050200.wav,20250514
483,486,Eremophila alpestris,Horned Lark,0.0109,D:/AcousticMonitoringData/ELDON5_Data/Week18\ELDON5_20250514_050200.wav,20250514
489,492,Eremophila alpestris,Horned Lark,0.0125,D:/AcousticMonitoringData/ELDON5_Data/Week18\ELDON5_20250514_050200.wav,20250514
501,504,Eremophila alpestris,Horned Lark,0.0108,D:/AcousticMonitoringData/ELDON5_Data/Week18\ELDON5_20250514_050200.wav,20250514
507,510,Eremophila alpestris,Horned Lark,0.0135,D:/AcousticMonitoringData/ELDON5_Data/Week18\ELDON5_20250514_050200.wav,20250514
522,525,Eremophila alpestris,Horned Lark,0.0195,D:/AcousticMonitoringData/ELDON5_Data/Week18\ELDON5_20250514_050200.wav,20250514
525,528,Eremophila alpestris,Horned Lark,0.0107,D:/AcousticMonitoringData/ELDON5_Data/Week18\ELDON5_20250514_050200.wav,20250514
540,543,Eremophila alpestris,Horned Lark,0.012,D:/AcousticMonitoringData/ELDON5_Data/Week18\ELDON5_20250514_050200.wav,20250514
561,564,Eremophila alpestris,Horned Lark,0.0128,D:/AcousticMonitoringData/ELDON5_Data/Week18\ELDON5_20250514_050200.wav,20250514
564,567,Eremophila alpestris,Horned Lark,0.0147,D:/AcousticMonitoringData/ELDON5_Data/Week18\ELDON5_20250514_050200.wav,20250514
582,585,Eremophila alpestris,Horned Lark,0.0142,D:/AcousticMonitoringData/ELDON5_Data/Week18\ELDON5_20250514_050200.wav,20250514
585,588,Eremophila alpestris,Horned Lark,0.0186,D:/AcousticMonitoringData/ELDON5_Data/Week18\ELDON5_20250514_050200.wav,20250514
591,594,Eremophila alpestris,Horned Lark,0.0156,D:/AcousticMonitoringData/ELDON5_Data/Week18\ELDON5_20250514_050200.wav,20250514
594,597,Eremophila alpestris,Horned Lark,0.0173,D:/AcousticMonitoringData/ELDON5_Data/Week18\ELDON5_20250514_050200.wav,20250514
597,600,Eremophila alpestris,Horned Lark,0.0102,D:/AcousticMonitoringData/ELDON5_Data/Week18\ELDON5_20250514_050200.wav,20250514
600,603,Eremophila alpestris,Horned Lark,0.0165,D:/AcousticMonitoringData/ELDON5_Data/Week18\ELDON5_20250514_050200.wav,20250514
603,606,Eremophila alpestris,Horned Lark,0.0117,D:/AcousticMonitoringData/ELDON5_Data/Week18\ELDON5_20250514_050200.wav,20250514
606,609,Eremophila alpestris,Horned Lark,0.0125,D:/AcousticMonitoringData/ELDON5_Data/Week18\ELDON5_20250514_050200.wav,20250514
609,612,Eremophila alpestris,Horned Lark,0.0113,D:/AcousticMonitoringData/ELDON5_Data/Week18\ELDON5_20250514_050200.wav,20250514
615,618,Eremophila alpestris,Horned Lark,0.0205,D:/AcousticMonitoringData/ELDON5_Data/Week18\ELDON5_20250514_050200.wav,20250514
624,627,Eremophila alpestris,Horned Lark,0.0102,D:/AcousticMonitoringData/ELDON5_Data/Week18\ELDON5_20250514_050200.wav,20250514
663,666,Eremophila alpestris,Horned Lark,0.0166,D:/AcousticMonitoringData/ELDON5_Data/Week18\ELDON5_20250514_050200.wav,20250514
678,681,Sturnella magna,Eastern Meadowlark,0.0108,D:/AcousticMonitoringData/ELDON5_Data/Week18\ELDON5_20250514_050200.wav,20250514
702,705,Eremophila alpestris,Horned Lark,0.0179,D:/AcousticMonitoringData/ELDON5_Data/Week18\ELDON5_20250514_050200.wav,20250514
705,708,Eremophila alpestris,Horned Lark,0.0129,D:/AcousticMonitoringData/ELDON5_Data/Week18\ELDON5_20250514_050200.wav,20250514
708,711,Eremophila alpestris,Horned Lark,0.0205,D:/AcousticMonitoringData/ELDON5_Data/Week18\ELDON5_20250514_050200.wav,20250514
717,720,Eremophila alpestris,Horned Lark,0.0122,D:/AcousticMonitoringData/ELDON5_Data/Week18\ELDON5_20250514_050200.wav,20250514
723,726,Eremophila alpestris,Horned Lark,0.0105,D:/AcousticMonitoringData/ELDON5_Data/Week18\ELDON5_20250514_050200.wav,20250514
732,735,Eremophila alpestris,Horned Lark,0.011,D:/AcousticMonitoringData/ELDON5_Data/Week18\ELDON5_20250514_050200.wav,20250514
738,741,Eremophila alpestris,Horned Lark,0.0174,D:/AcousticMonitoringData/ELDON5_Data/Week18\ELDON5_20250514_050200.wav,20250514
741,744,Eremophila alpestris,Horned Lark,0.0189,D:/AcousticMonitoringData/ELDON5_Data/Week18\ELDON5_20250514_050200.wav,20250514
747,750,Eremophila alpestris,Horned Lark,0.0184,D:/AcousticMonitoringData/ELDON5_Data/Week18\ELDON5_20250514_050200.wav,20250514
750,753,Eremophila alpestris,Horned Lark,0.0203,D:/AcousticMonitoringData/ELDON5_Data/Week18\ELDON5_20250514_050200.wav,20250514
759,762,Eremophila alpestris,Horned Lark,0.016,D:/AcousticMonitoringData/ELDON5_Data/Week18\ELDON5_20250514_050200.wav,20250514
762,765,Eremophila alpestris,Horned Lark,0.0105,D:/AcousticMonitoringData/ELDON5_Data/Week18\ELDON5_20250514_050200.wav,20250514
768,771,Eremophila alpestris,Horned Lark,0.0243,D:/AcousticMonitoringData/ELDON5_Data/Week18\ELDON5_20250514_050200.wav,20250514
774,777,Eremophila alpestris,Horned Lark,0.0117,D:/AcousticMonitoringData/ELDON5_Data/Week18\ELDON5_20250514_050200.wav,20250514
777,780,Eremophila alpestris,Horned Lark,0.0101,D:/AcousticMonitoringData/ELDON5_Data/Week18\ELDON5_20250514_050200.wav,20250514
801,804,Eremophila alpestris,Horned Lark,0.0103,D:/AcousticMonitoringData/ELDON5_Data/Week18\ELDON5_20250514_050200.wav,20250514
813,816,Eremophila alpestris,Horned Lark,0.0139,D:/AcousticMonitoringData/ELDON5_Data/Week18\ELDON5_20250514_050200.wav,20250514
816,819,Eremophila alpestris,Horned Lark,0.0109,D:/AcousticMonitoringData/ELDON5_Data/Week18\ELDON5_20250514_050200.wav,20250514
822,825,Eremophila alpestris,Horned Lark,0.015,D:/AcousticMonitoringData/ELDON5_Data/Week18\ELDON5_20250514_050200.wav,20250514
825,828,Eremophila alpestris,Horned Lark,0.0167,D:/AcousticMonitoringData/ELDON5_Data/Week18\ELDON5_20250514_050200.wav,20250514
828,831,Eremophila alpestris,Horned Lark,0.013,D:/AcousticMonitoringData/ELDON5_Data/Week18\ELDON5_20250514_050200.wav,20250514
831,834,Eremophila alpestris,Horned Lark,0.0215,D:/AcousticMonitoringData/ELDON5_Data/Week18\ELDON5_20250514_050200.wav,20250514
834,837,Eremophila alpestris,Horned Lark,0.0161,D:/AcousticMonitoringData/ELDON5_Data/Week18\ELDON5_20250514_050200.wav,20250514
864,867,Eremophila alpestris,Horned Lark,0.0121,D:/AcousticMonitoringData/ELDON5_Data/Week18\ELDON5_20250514_050200.wav,20250514
867,870,Eremophila alpestris,Horned Lark,0.0172,D:/AcousticMonitoringData/ELDON5_Data/Week18\ELDON5_20250514_050200.wav,20250514
870,873,Eremophila alpestris,Horned Lark,0.0102,D:/AcousticMonitoringData/ELDON5_Data/Week18\ELDON5_20250514_050200.wav,20250514
873,876,Eremophila alpestris,Horned Lark,0.0171,D:/AcousticMonitoringData/ELDON5_Data/Week18\ELDON5_20250514_050200.wav,20250514
879,882,Eremophila alpestris,Horned Lark,0.0122,D:/AcousticMonitoringData/ELDON5_Data/Week18\ELDON5_20250514_050200.wav,20250514
894,897,Eremophila alpestris,Horned Lark,0.0258,D:/AcousticMonitoringData/ELDON5_Data/Week18\ELDON5_20250514_050200.wav,20250514
897,900,Eremophila alpestris,Horned Lark,0.0132,D:/AcousticMonitoringData/ELDON5_Data/Week18\ELDON5_20250514_050200.wav,20250514
900,903,Eremophila alpestris,Horned Lark,0.0162,D:/AcousticMonitoringData/ELDON5_Data/Week18\ELDON5_20250514_050200.wav,20250514
903,906,Eremophila alpestris,Horned Lark,0.0169,D:/AcousticMonitoringData/ELDON5_Data/Week18\ELDON5_20250514_050200.wav,20250514
906,909,Eremophila alpestris,Horned Lark,0.0127,D:/AcousticMonitoringData/ELDON5_Data/Week18\ELDON5_20250514_050200.wav,20250514
909,912,Eremophila alpestris,Horned Lark,0.0198,D:/AcousticMonitoringData/ELDON5_Data/Week18\ELDON5_20250514_050200.wav,20250514
915,918,Eremophila alpestris,Horned Lark,0.0214,D:/AcousticMonitoringData/ELDON5_Data/Week18\ELDON5_20250514_050200.wav,20250514
921,924,Eremophila alpestris,Horned Lark,0.0116,D:/AcousticMonitoringData/ELDON5_Data/Week18\ELDON5_20250514_050200.wav,20250514
924,927,Eremophila alpestris,Horned Lark,0.0105,D:/AcousticMonitoringData/ELDON5_Data/Week18\ELDON5_20250514_050200.wav,20250514
933,936,Eremophila alpestris,Horned Lark,0.01,D:/AcousticMonitoringData/ELDON5_Data/Week18\ELDON5_20250514_050200.wav,20250514
939,942,Eremophila alpestris,Horned Lark,0.0123,D:/AcousticMonitoringData/ELDON5_Data/Week18\ELDON5_20250514_050200.wav,20250514
948,951,Eremophila alpestris,Horned Lark,0.0125,D:/AcousticMonitoringData/ELDON5_Data/Week18\ELDON5_20250514_050200.wav,20250514
957,960,Eremophila alpestris,Horned Lark,0.0113,D:/AcousticMonitoringData/ELDON5_Data/Week18\ELDON5_20250514_050200.wav,20250514
972,975,Eremophila alpestris,Horned Lark,0.0184,D:/AcousticMonitoringData/ELDON5_Data/Week18\ELDON5_20250514_050200.wav,20250514
975,978,Eremophila alpestris,Horned Lark,0.016,D:/AcousticMonitoringData/ELDON5_Data/Week18\ELDON5_20250514_050200.wav,20250514
978,981,Eremophila alpestris,Horned Lark,0.0243,D:/AcousticMonitoringData/ELDON5_Data/Week18\ELDON5_20250514_050200.wav,20250514
984,987,Eremophila alpestris,Horned Lark,0.017,D:/AcousticMonitoringData/ELDON5_Data/Week18\ELDON5_20250514_050200.wav,20250514
987,990,Eremophila alpestris,Horned Lark,0.0146,D:/AcousticMonitoringData/ELDON5_Data/Week18\ELDON5_20250514_050200.wav,20250514
990,993,Eremophila alpestris,Horned Lark,0.0174,D:/AcousticMonitoringData/ELDON5_Data/Week18\ELDON5_20250514_050200.wav,20250514
993,996,Eremophila alpestris,Horned Lark,0.012,D:/AcousticMonitoringData/ELDON5_Data/Week18\ELDON5_20250514_050200.wav,20250514
996,999,Eremophila alpestris,Horned Lark,0.0249,D:/AcousticMonitoringData/ELDON5_Data/Week18\ELDON5_20250514_050200.wav,20250514
999,1002,Eremophila alpestris,Horned Lark,0.0292,D:/AcousticMonitoringData/ELDON5_Data/Week18\ELDON5_20250514_050200.wav,20250514
1005,1008,Eremophila alpestris,Horned Lark,0.0113,D:/AcousticMonitoringData/ELDON5_Data/Week18\ELDON5_20250514_050200.wav,20250514
1008,1011,Eremophila alpestris,Horned Lark,0.0127,D:/AcousticMonitoringData/ELDON5_Data/Week18\ELDON5_20250514_050200.wav,20250514
1011,1014,Eremophila alpestris,Horned Lark,0.0143,D:/AcousticMonitoringData/ELDON5_Data/Week18\ELDON5_20250514_050200.wav,20250514
1017,1020,Eremophila alpestris,Horned Lark,0.021,D:/AcousticMonitoringData/ELDON5_Data/Week18\ELDON5_20250514_050200.wav,20250514
1023,1026,Eremophila alpestris,Horned Lark,0.0124,D:/AcousticMonitoringData/ELDON5_Data/Week18\ELDON5_20250514_050200.wav,20250514
1029,1032,Eremophila alpestris,Horned Lark,0.0119,D:/AcousticMonitoringData/ELDON5_Data/Week18\ELDON5_20250514_050200.wav,20250514
1035,1038,Eremophila alpestris,Horned Lark,0.014,D:/AcousticMonitoringData/ELDON5_Data/Week18\ELDON5_20250514_050200.wav,20250514
1038,1041,Eremophila alpestris,Horned Lark,0.0178,D:/AcousticMonitoringData/ELDON5_Data/Week18\ELDON5_20250514_050200.wav,20250514
1056,1059,Eremophila alpestris,Horned Lark,0.0106,D:/AcousticMonitoringData/ELDON5_Data/Week18\ELDON5_20250514_050200.wav,20250514
1089,1092,Eremophila alpestris,Horned Lark,0.0106,D:/AcousticMonitoringData/ELDON5_Data/Week18\ELDON5_20250514_050200.wav,20250514
1122,1125,Eremophila alpestris,Horned Lark,0.0133,D:/AcousticMonitoringData/ELDON5_Data/Week18\ELDON5_20250514_050200.wav,20250514
1146,1149,Eremophila alpestris,Horned Lark,0.0106,D:/AcousticMonitoringData/ELDON5_Data/Week18\ELDON5_20250514_050200.wav,20250514
1161,1164,Eremophila alpestris,Horned Lark,0.0124,D:/AcousticMonitoringData/ELDON5_Data/Week18\ELDON5_20250514_050200.wav,20250514
1164,1167,Eremophila alpestris,Horned Lark,0.0143,D:/AcousticMonitoringData/ELDON5_Data/Week18\ELDON5_20250514_050200.wav,20250514
1167,1170,Eremophila alpestris,Horned Lark,0.0144,D:/AcousticMonitoringData/ELDON5_Data/Week18\ELDON5_20250514_050200.wav,20250514
1179,1182,Eremophila alpestris,Horned Lark,0.015,D:/AcousticMonitoringData/ELDON5_Data/Week18\ELDON5_20250514_050200.wav,20250514
1197,1200,Eremophila alpestris,Horned Lark,0.0106,D:/AcousticMonitoringData/ELDON5_Data/Week18\ELDON5_20250514_050200.wav,20250514
1206,1209,Eremophila alpestris,Horned Lark,0.0168,D:/AcousticMonitoringData/ELDON5_Data/Week18\ELDON5_20250514_050200.wav,20250514
1209,1212,Eremophila alpestris,Horned Lark,0.0106,D:/AcousticMonitoringData/ELDON5_Data/Week18\ELDON5_20250514_050200.wav,20250514
1212,1215,Eremophila alpestris,Horned Lark,0.0152,D:/AcousticMonitoringData/ELDON5_Data/Week18\ELDON5_20250514_050200.wav,20250514
1215,1218,Eremophila alpestris,Horned Lark,0.0148,D:/AcousticMonitoringData/ELDON5_Data/Week18\ELDON5_20250514_050200.wav,20250514
1221,1224,Eremophila alpestris,Horned Lark,0.0118,D:/AcousticMonitoringData/ELDON5_Data/Week18\ELDON5_20250514_050200.wav,20250514
1224,1227,Eremophila alpestris,Horned Lark,0.0157,D:/AcousticMonitoringData/ELDON5_Data/Week18\ELDON5_20250514_050200.wav,20250514
1239,1242,Eremophila alpestris,Horned Lark,0.0114,D:/AcousticMonitoringData/ELDON5_Data/Week18\ELDON5_20250514_050200.wav,20250514
1242,1245,Eremophila alpestris,Horned Lark,0.0114,D:/AcousticMonitoringData/ELDON5_Data/Week18\ELDON5_20250514_050200.wav,20250514
1245,1248,Eremophila alpestris,Horned Lark,0.011,D:/AcousticMonitoringData/ELDON5_Data/Week18\ELDON5_20250514_050200.wav,20250514
1251,1254,Eremophila alpestris,Horned Lark,0.0148,D:/AcousticMonitoringData/ELDON5_Data/Week18\ELDON5_20250514_050200.wav,20250514
1254,1257,Eremophila alpestris,Horned Lark,0.0173,D:/AcousticMonitoringData/ELDON5_Data/Week18\ELDON5_20250514_050200.wav,20250514
1260,1263,Eremophila alpestris,Horned Lark,0.0148,D:/AcousticMonitoringData/ELDON5_Data/Week18\ELDON5_20250514_050200.wav,20250514
1269,1272,Eremophila alpestris,Horned Lark,0.0108,D:/AcousticMonitoringData/ELDON5_Data/Week18\ELDON5_20250514_050200.wav,20250514
1272,1275,Eremophila alpestris,Horned Lark,0.011,D:/AcousticMonitoringData/ELDON5_Data/Week18\ELDON5_20250514_050200.wav,20250514
1275,1278,Eremophila alpestris,Horned Lark,0.0127,D:/AcousticMonitoringData/ELDON5_Data/Week18\ELDON5_20250514_050200.wav,20250514
1281,1284,Eremophila alpestris,Horned Lark,0.0126,D:/AcousticMonitoringData/ELDON5_Data/Week18\ELDON5_20250514_050200.wav,20250514
1284,1287,Eremophila alpestris,Horned Lark,0.0108,D:/AcousticMonitoringData/ELDON5_Data/Week18\ELDON5_20250514_050200.wav,20250514
1284,1287,Sturnella magna,Eastern Meadowlark,0.0104,D:/AcousticMonitoringData/ELDON5_Data/Week18\ELDON5_20250514_050200.wav,20250514
1335,1338,Eremophila alpestris,Horned Lark,0.0184,D:/AcousticMonitoringData/ELDON5_Data/Week18\ELDON5_20250514_050200.wav,20250514
1338,1341,Eremophila alpestris,Horned Lark,0.0136,D:/AcousticMonitoringData/ELDON5_Data/Week18\ELDON5_20250514_050200.wav,20250514
1353,1356,Eremophila alpestris,Horned Lark,0.0162,D:/AcousticMonitoringData/ELDON5_Data/Week18\ELDON5_20250514_050200.wav,20250514
1356,1359,Eremophila alpestris,Horned Lark,0.0106,D:/AcousticMonitoringData/ELDON5_Data/Week18\ELDON5_20250514_050200.wav,20250514
1359,1362,Eremophila alpestris,Horned Lark,0.0238,D:/AcousticMonitoringData/ELDON5_Data/Week18\ELDON5_20250514_050200.wav,20250514
1365,1368,Eremophila alpestris,Horned Lark,0.023,D:/AcousticMonitoringData/ELDON5_Data/Week18\ELDON5_20250514_050200.wav,20250514
1368,1371,Eremophila alpestris,Horned Lark,0.0162,D:/AcousticMonitoringData/ELDON5_Data/Week18\ELDON5_20250514_050200.wav,20250514
1377,1380,Eremophila alpestris,Horned Lark,0.0204,D:/AcousticMonitoringData/ELDON5_Data/Week18\ELDON5_20250514_050200.wav,20250514
1383,1386,Eremophila alpestris,Horned Lark,0.0186,D:/AcousticMonitoringData/ELDON5_Data/Week18\ELDON5_20250514_050200.wav,20250514
1389,1392,Eremophila alpestris,Horned Lark,0.01,D:/AcousticMonitoringData/ELDON5_Data/Week18\ELDON5_20250514_050200.wav,20250514
1392,1395,Eremophila alpestris,Horned Lark,0.0172,D:/AcousticMonitoringData/ELDON5_Data/Week18\ELDON5_20250514_050200.wav,20250514
1395,1398,Eremophila alpestris,Horned Lark,0.0149,D:/AcousticMonitoringData/ELDON5_Data/Week18\ELDON5_20250514_050200.wav,20250514
1398,1401,Eremophila alpestris,Horned Lark,0.0283,D:/AcousticMonitoringData/ELDON5_Data/Week18\ELDON5_20250514_050200.wav,20250514
1401,1404,Eremophila alpestris,Horned Lark,0.0185,D:/AcousticMonitoringData/ELDON5_Data/Week18\ELDON5_20250514_050200.wav,20250514
1407,1410,Eremophila alpestris,Horned Lark,0.0139,D:/AcousticMonitoringData/ELDON5_Data/Week18\ELDON5_20250514_050200.wav,20250514
1410,1413,Eremophila alpestris,Horned Lark,0.0188,D:/AcousticMonitoringData/ELDON5_Data/Week18\ELDON5_20250514_050200.wav,20250514
1413,1416,Eremophila alpestris,Horned Lark,0.0111,D:/AcousticMonitoringData/ELDON5_Data/Week18\ELDON5_20250514_050200.wav,20250514
1416,1419,Eremophila alpestris,Horned Lark,0.0158,D:/AcousticMonitoringData/ELDON5_Data/Week18\ELDON5_20250514_050200.wav,20250514
1419,1422,Eremophila alpestris,Horned Lark,0.0199,D:/AcousticMonitoringData/ELDON5_Data/Week18\ELDON5_20250514_050200.wav,20250514
1422,1425,Eremophila alpestris,Horned Lark,0.0125,D:/AcousticMonitoringData/ELDON5_Data/Week18\ELDON5_20250514_050200.wav,20250514
1431,1434,Eremophila alpestris,Horned Lark,0.0122,D:/AcousticMonitoringData/ELDON5_Data/Week18\ELDON5_20250514_050200.wav,20250514
1434,1437,Eremophila alpestris,Horned Lark,0.0117,D:/AcousticMonitoringData/ELDON5_Data/Week18\ELDON5_20250514_050200.wav,20250514
1437,1440,Eremophila alpestris,Horned Lark,0.015,D:/AcousticMonitoringData/ELDON5_Data/Week18\ELDON5_20250514_050200.wav,20250514
1440,1443,Eremophila alpestris,Horned Lark,0.0146,D:/AcousticMonitoringData/ELDON5_Data/Week18\ELDON5_20250514_050200.wav,20250514
1461,1464,Eremophila alpestris,Horned Lark,0.0115,D:/AcousticMonitoringData/ELDON5_Data/Week18\ELDON5_20250514_050200.wav,20250514
1464,1467,Eremophila alpestris,Horned Lark,0.033,D:/AcousticMonitoringData/ELDON5_Data/Week18\ELDON5_20250514_050200.wav,20250514
1467,1470,Eremophila alpestris,Horned Lark,0.0234,D:/AcousticMonitoringData/ELDON5_Data/Week18\ELDON5_20250514_050200.wav,20250514
1470,1473,Eremophila alpestris,Horned Lark,0.0256,D:/AcousticMonitoringData/ELDON5_Data/Week18\ELDON5_20250514_050200.wav,20250514
1473,1476,Eremophila alpestris,Horned Lark,0.0223,D:/AcousticMonitoringData/ELDON5_Data/Week18\ELDON5_20250514_050200.wav,20250514
1476,1479,Eremophila alpestris,Horned Lark,0.0169,D:/AcousticMonitoringData/ELDON5_Data/Week18\ELDON5_20250514_050200.wav,20250514
1479,1482,Eremophila alpestris,Horned Lark,0.0115,D:/AcousticMonitoringData/ELDON5_Data/Week18\ELDON5_20250514_050200.wav,20250514
1482,1485,Eremophila alpestris,Horned Lark,0.0123,D:/AcousticMonitoringData/ELDON5_Data/Week18\ELDON5_20250514_050200.wav,20250514
1485,1488,Eremophila alpestris,Horned Lark,0.0106,D:/AcousticMonitoringData/ELDON5_Data/Week18\ELDON5_20250514_050200.wav,20250514
1491,1494,Eremophila alpestris,Horned Lark,0.0239,D:/AcousticMonitoringData/ELDON5_Data/Week18\ELDON5_20250514_050200.wav,20250514
1494,1497,Eremophila alpestris,Horned Lark,0.0116,D:/AcousticMonitoringData/ELDON5_Data/Week18\ELDON5_20250514_050200.wav,20250514
1497,1500,Eremophila alpestris,Horned Lark,0.0209,D:/AcousticMonitoringData/ELDON5_Data/Week18\ELDON5_20250514_050200.wav,20250514
1500,1503,Eremophila alpestris,Horned Lark,0.0141,D:/AcousticMonitoringData/ELDON5_Data/Week18\ELDON5_20250514_050200.wav,20250514
1503,1506,Eremophila alpestris,Horned Lark,0.0121,D:/AcousticMonitoringData/ELDON5_Data/Week18\ELDON5_20250514_050200.wav,20250514
1506,1509,Eremophila alpestris,Horned Lark,0.0275,D:/AcousticMonitoringData/ELDON5_Data/Week18\ELDON5_20250514_050200.wav,20250514
1509,1512,Eremophila alpestris,Horned Lark,0.0398,D:/AcousticMonitoringData/ELDON5_Data/Week18\ELDON5_20250514_050200.wav,20250514
1509,1512,Sturnella magna,Eastern Meadowlark,0.0109,D:/AcousticMonitoringData/ELDON5_Data/Week18\ELDON5_20250514_050200.wav,20250514
1512,1515,Eremophila alpestris,Horned Lark,0.0255,D:/AcousticMonitoringData/ELDON5_Data/Week18\ELDON5_20250514_050200.wav,20250514
1518,1521,Eremophila alpestris,Horned Lark,0.0203,D:/AcousticMonitoringData/ELDON5_Data/Week18\ELDON5_20250514_050200.wav,20250514
1521,1524,Eremophila alpestris,Horned Lark,0.0125,D:/AcousticMonitoringData/ELDON5_Data/Week18\ELDON5_20250514_050200.wav,20250514
1524,1527,Eremophila alpestris,Horned Lark,0.0271,D:/AcousticMonitoringData/ELDON5_Data/Week18\ELDON5_20250514_050200.wav,20250514
1524,1527,Sturnella magna,Eastern Meadowlark,0.0121,D:/AcousticMonitoringData/ELDON5_Data/Week18\ELDON5_20250514_050200.wav,20250514
1527,1530,Eremophila alpestris,Horned Lark,0.0154,D:/AcousticMonitoringData/ELDON5_Data/Week18\ELDON5_20250514_050200.wav,20250514
1530,1533,Eremophila alpestris,Horned Lark,0.0135,D:/AcousticMonitoringData/ELDON5_Data/Week18\ELDON5_20250514_050200.wav,20250514
1533,1536,Eremophila alpestris,Horned Lark,0.0221,D:/AcousticMonitoringData/ELDON5_Data/Week18\ELDON5_20250514_050200.wav,20250514
1536,1539,Eremophila alpestris,Horned Lark,0.0148,D:/AcousticMonitoringData/ELDON5_Data/Week18\ELDON5_20250514_050200.wav,20250514
1548,1551,Eremophila alpestris,Horned Lark,0.0224,D:/AcousticMonitoringData/ELDON5_Data/Week18\ELDON5_20250514_050200.wav,20250514
1557,1560,Eremophila alpestris,Horned Lark,0.01,D:/AcousticMonitoringData/ELDON5_Data/Week18\ELDON5_20250514_050200.wav,20250514
1560,1563,Eremophila alpestris,Horned Lark,0.0133,D:/AcousticMonitoringData/ELDON5_Data/Week18\ELDON5_20250514_050200.wav,20250514
1566,1569,Eremophila alpestris,Horned Lark,0.0218,D:/AcousticMonitoringData/ELDON5_Data/Week18\ELDON5_20250514_050200.wav,20250514
1572,1575,Eremophila alpestris,Horned Lark,0.0113,D:/AcousticMonitoringData/ELDON5_Data/Week18\ELDON5_20250514_050200.wav,20250514
1581,1584,Eremophila alpestris,Horned Lark,0.0283,D:/AcousticMonitoringData/ELDON5_Data/Week18\ELDON5_20250514_050200.wav,20250514
1590,1593,Eremophila alpestris,Horned Lark,0.0311,D:/AcousticMonitoringData/ELDON5_Data/Week18\ELDON5_20250514_050200.wav,20250514
1593,1596,Eremophila alpestris,Horned Lark,0.0179,D:/AcousticMonitoringData/ELDON5_Data/Week18\ELDON5_20250514_050200.wav,20250514
1596,1599,Eremophila alpestris,Horned Lark,0.0127,D:/AcousticMonitoringData/ELDON5_Data/Week18\ELDON5_20250514_050200.wav,20250514
1599,1602,Eremophila alpestris,Horned Lark,0.0243,D:/AcousticMonitoringData/ELDON5_Data/Week18\ELDON5_20250514_050200.wav,20250514
1608,1611,Eremophila alpestris,Horned Lark,0.0195,D:/AcousticMonitoringData/ELDON5_Data/Week18\ELDON5_20250514_050200.wav,20250514
1608,1611,Sturnella magna,Eastern Meadowlark,0.0152,D:/AcousticMonitoringData/ELDON5_Data/Week18\ELDON5_20250514_050200.wav,20250514
1608,1611,Bartramia longicauda,Upland Sandpiper,0.0119,D:/AcousticMonitoringData/ELDON5_Data/Week18\ELDON5_20250514_050200.wav,20250514
1614,1617,Eremophila alpestris,Horned Lark,0.0353,D:/AcousticMonitoringData/ELDON5_Data/Week18\ELDON5_20250514_050200.wav,20250514
1617,1620,Eremophila alpestris,Horned Lark,0.0168,D:/AcousticMonitoringData/ELDON5_Data/Week18\ELDON5_20250514_050200.wav,20250514
1623,1626,Eremophila alpestris,Horned Lark,0.021,D:/AcousticMonitoringData/ELDON5_Data/Week18\ELDON5_20250514_050200.wav,20250514
1626,1629,Eremophila alpestris,Horned Lark,0.0111,D:/AcousticMonitoringData/ELDON5_Data/Week18\ELDON5_20250514_050200.wav,20250514
1629,1632,Eremophila alpestris,Horned Lark,0.0189,D:/AcousticMonitoringData/ELDON5_Data/Week18\ELDON5_20250514_050200.wav,20250514
1632,1635,Eremophila alpestris,Horned Lark,0.0126,D:/AcousticMonitoringData/ELDON5_Data/Week18\ELDON5_20250514_050200.wav,20250514
1635,1638,Eremophila alpestris,Horned Lark,0.0106,D:/AcousticMonitoringData/ELDON5_Data/Week18\ELDON5_20250514_050200.wav,20250514
1638,1641,Eremophila alpestris,Horned Lark,0.0104,D:/AcousticMonitoringData/ELDON5_Data/Week18\ELDON5_20250514_050200.wav,20250514
1644,1647,Eremophila alpestris,Horned Lark,0.0232,D:/AcousticMonitoringData/ELDON5_Data/Week18\ELDON5_20250514_050200.wav,20250514
1650,1653,Eremophila alpestris,Horned Lark,0.0109,D:/AcousticMonitoringData/ELDON5_Data/Week18\ELDON5_20250514_050200.wav,20250514
1656,1659,Eremophila alpestris,Horned Lark,0.0167,D:/AcousticMonitoringData/ELDON5_Data/Week18\ELDON5_20250514_050200.wav,20250514
1665,1668,Eremophila alpestris,Horned Lark,0.0152,D:/AcousticMonitoringData/ELDON5_Data/Week18\ELDON5_20250514_050200.wav,20250514
1668,1671,Eremophila alpestris,Horned Lark,0.0128,D:/AcousticMonitoringData/ELDON5_Data/Week18\ELDON5_20250514_050200.wav,20250514
1698,1701,Eremophila alpestris,Horned Lark,0.0141,D:/AcousticMonitoringData/ELDON5_Data/Week18\ELDON5_20250514_050200.wav,20250514
1743,1746,Eremophila alpestris,Horned Lark,0.0112,D:/AcousticMonitoringData/ELDON5_Data/Week18\ELDON5_20250514_050200.wav,20250514
1758,1761,Eremophila alpestris,Horned Lark,0.0216,D:/AcousticMonitoringData/ELDON5_Data/Week18\ELDON5_20250514_050200.wav,20250514
1764,1767,Eremophila alpestris,Horned Lark,0.0258,D:/AcousticMonitoringData/ELDON5_Data/Week18\ELDON5_20250514_050200.wav,20250514
1767,1770,Eremophila alpestris,Horned Lark,0.0242,D:/AcousticMonitoringData/ELDON5_Data/Week18\ELDON5_20250514_050200.wav,20250514
1788,1791,Eremophila alpestris,Horned Lark,0.0144,D:/AcousticMonitoringData/ELDON5_Data/Week18\ELDON5_20250514_050200.wav,20250514
1791,1794,Eremophila alpestris,Horned Lark,0.0119,D:/AcousticMonitoringData/ELDON5_Data/Week18\ELDON5_20250514_050200.wav,20250514
1794,1797,Eremophila alpestris,Horned Lark,0.0206,D:/AcousticMonitoringData/ELDON5_Data/Week18\ELDON5_20250514_050200.wav,20250514
1797,1800,Eremophila alpestris,Horned Lark,0.0134,D:/AcousticMonitoringData/ELDON5_Data/Week18\ELDON5_20250514_050200.wav,20250514
1803,1806,Eremophila alpestris,Horned Lark,0.0117,D:/AcousticMonitoringData/ELDON5_Data/Week18\ELDON5_20250514_050200.wav,20250514
1830,1833,Eremophila alpestris,Horned Lark,0.0101,D:/AcousticMonitoringData/ELDON5_Data/Week18\ELDON5_20250514_050200.wav,20250514
1839,1842,Sturnella magna,Eastern Meadowlark,0.0128,D:/AcousticMonitoringData/ELDON5_Data/Week18\ELDON5_20250514_050200.wav,20250514
1848,1851,Eremophila alpestris,Horned Lark,0.0113,D:/AcousticMonitoringData/ELDON5_Data/Week18\ELDON5_20250514_050200.wav,20250514
1860,1863,Eremophila alpestris,Horned Lark,0.0245,D:/AcousticMonitoringData/ELDON5_Data/Week18\ELDON5_20250514_050200.wav,20250514
1863,1866,Sturnella magna,Eastern Meadowlark,0.0164,D:/AcousticMonitoringData/ELDON5_Data/Week18\ELDON5_20250514_050200.wav,20250514
1863,1866,Eremophila alpestris,Horned Lark,0.014,D:/AcousticMonitoringData/ELDON5_Data/Week18\ELDON5_20250514_050200.wav,20250514
1866,1869,Eremophila alpestris,Horned Lark,0.0181,D:/AcousticMonitoringData/ELDON5_Data/Week18\ELDON5_20250514_050200.wav,20250514
1872,1875,Sturnella magna,Eastern Meadowlark,0.0153,D:/AcousticMonitoringData/ELDON5_Data/Week18\ELDON5_20250514_050200.wav,20250514
1872,1875,Spizella pusilla,Field Sparrow,0.015,D:/AcousticMonitoringData/ELDON5_Data/Week18\ELDON5_20250514_050200.wav,20250514
1878,1881,Eremophila alpestris,Horned Lark,0.0128,D:/AcousticMonitoringData/ELDON5_Data/Week18\ELDON5_20250514_050200.wav,20250514
1878,1881,Sturnella magna,Eastern Meadowlark,0.0114,D:/AcousticMonitoringData/ELDON5_Data/Week18\ELDON5_20250514_050200.wav,20250514
1878,1881,Spizella pusilla,Field Sparrow,0.0103,D:/AcousticMonitoringData/ELDON5_Data/Week18\ELDON5_20250514_050200.wav,20250514
1896,1899,Sturnella magna,Eastern Meadowlark,0.0229,D:/AcousticMonitoringData/ELDON5_Data/Week18\ELDON5_20250514_050200.wav,20250514
1896,1899,Eremophila alpestris,Horned Lark,0.0214,D:/AcousticMonitoringData/ELDON5_Data/Week18\ELDON5_20250514_050200.wav,20250514
1905,1908,Eremophila alpestris,Horned Lark,0.0157,D:/AcousticMonitoringData/ELDON5_Data/Week18\ELDON5_20250514_050200.wav,20250514
1911,1914,Eremophila alpestris,Horned Lark,0.0114,D:/AcousticMonitoringData/ELDON5_Data/Week18\ELDON5_20250514_050200.wav,20250514
1914,1917,Sturnella magna,Eastern Meadowlark,0.0105,D:/AcousticMonitoringData/ELDON5_Data/Week18\ELDON5_20250514_050200.wav,20250514
1914,1917,Eremophila alpestris,Horned Lark,0.0103,D:/AcousticMonitoringData/ELDON5_Data/Week18\ELDON5_20250514_050200.wav,20250514
1917,1920,Eremophila alpestris,Horned Lark,0.0108,D:/AcousticMonitoringData/ELDON5_Data/Week18\ELDON5_20250514_050200.wav,20250514
1926,1929,Sturnella magna,Eastern Meadowlark,0.0143,D:/AcousticMonitoringData/ELDON5_Data/Week18\ELDON5_20250514_050200.wav,20250514
1926,1929,Eremophila alpestris,Horned Lark,0.0136,D:/AcousticMonitoringData/ELDON5_Data/Week18\ELDON5_20250514_050200.wav,20250514
1932,1935,Spizella pusilla,Field Sparrow,0.0118,D:/AcousticMonitoringData/ELDON5_Data/Week18\ELDON5_20250514_050200.wav,20250514
1935,1938,Sturnella magna,Eastern Meadowlark,0.0221,D:/AcousticMonitoringData/ELDON5_Data/Week18\ELDON5_20250514_050200.wav,20250514
1935,1938,Eremophila alpestris,Horned Lark,0.0104,D:/AcousticMonitoringData/ELDON5_Data/Week18\ELDON5_20250514_050200.wav,20250514
1941,1944,Eremophila alpestris,Horned Lark,0.0135,D:/AcousticMonitoringData/ELDON5_Data/Week18\ELDON5_20250514_050200.wav,20250514
1944,1947,Sturnella magna,Eastern Meadowlark,0.0121,D:/AcousticMonitoringData/ELDON5_Data/Week18\ELDON5_20250514_050200.wav,20250514
1950,1953,Eremophila alpestris,Horned Lark,0.0137,D:/AcousticMonitoringData/ELDON5_Data/Week18\ELDON5_20250514_050200.wav,20250514
1953,1956,Eremophila alpestris,Horned Lark,0.0163,D:/AcousticMonitoringData/ELDON5_Data/Week18\ELDON5_20250514_050200.wav,20250514
1959,1962,Sturnella magna,Eastern Meadowlark,0.0193,D:/AcousticMonitoringData/ELDON5_Data/Week18\ELDON5_20250514_050200.wav,20250514
1959,1962,Eremophila alpestris,Horned Lark,0.0128,D:/AcousticMonitoringData/ELDON5_Data/Week18\ELDON5_20250514_050200.wav,20250514
1962,1965,Eremophila alpestris,Horned Lark,0.012,D:/AcousticMonitoringData/ELDON5_Data/Week18\ELDON5_20250514_050200.wav,20250514
1965,1968,Sturnella magna,Eastern Meadowlark,0.0105,D:/AcousticMonitoringData/ELDON5_Data/Week18\ELDON5_20250514_050200.wav,20250514
1974,1977,Eremophila alpestris,Horned Lark,0.013,D:/AcousticMonitoringData/ELDON5_Data/Week18\ELDON5_20250514_050200.wav,20250514
2034,2037,Sturnella magna,Eastern Meadowlark,0.0175,D:/AcousticMonitoringData/ELDON5_Data/Week18\ELDON5_20250514_050200.wav,20250514
2055,2058,Sturnella magna,Eastern Meadowlark,0.0277,D:/AcousticMonitoringData/ELDON5_Data/Week18\ELDON5_20250514_050200.wav,20250514
2055,2058,Eremophila alpestris,Horned Lark,0.0173,D:/AcousticMonitoringData/ELDON5_Data/Week18\ELDON5_20250514_050200.wav,20250514
2064,2067,Eremophila alpestris,Horned Lark,0.0157,D:/AcousticMonitoringData/ELDON5_Data/Week18\ELDON5_20250514_050200.wav,20250514
2067,2070,Eremophila alpestris,Horned Lark,0.0185,D:/AcousticMonitoringData/ELDON5_Data/Week18\ELDON5_20250514_050200.wav,20250514
2067,2070,Sturnella magna,Eastern Meadowlark,0.0129,D:/AcousticMonitoringData/ELDON5_Data/Week18\ELDON5_20250514_050200.wav,20250514
2070,2073,Eremophila alpestris,Horned Lark,0.0334,D:/AcousticMonitoringData/ELDON5_Data/Week18\ELDON5_20250514_050200.wav,20250514
2070,2073,Sturnella magna,Eastern Meadowlark,0.0172,D:/AcousticMonitoringData/ELDON5_Data/Week18\ELDON5_20250514_050200.wav,20250514
2070,2073,Bartramia longicauda,Upland Sandpiper,0.0109,D:/AcousticMonitoringData/ELDON5_Data/Week18\ELDON5_20250514_050200.wav,20250514
2076,2079,Sturnella magna,Eastern Meadowlark,0.0149,D:/AcousticMonitoringData/ELDON5_Data/Week18\ELDON5_20250514_050200.wav,20250514
2076,2079,Eremophila alpestris,Horned Lark,0.0119,D:/AcousticMonitoringData/ELDON5_Data/Week18\ELDON5_20250514_050200.wav,20250514
2079,2082,Sturnella magna,Eastern Meadowlark,0.0254,D:/AcousticMonitoringData/ELDON5_Data/Week18\ELDON5_20250514_050200.wav,20250514
2079,2082,Spizella pusilla,Field Sparrow,0.0175,D:/AcousticMonitoringData/ELDON5_Data/Week18\ELDON5_20250514_050200.wav,20250514
2079,2082,Eremophila alpestris,Horned Lark,0.0105,D:/AcousticMonitoringData/ELDON5_Data/Week18\ELDON5_20250514_050200.wav,20250514
2082,2085,Sturnella magna,Eastern Meadowlark,0.0195,D:/AcousticMonitoringData/ELDON5_Data/Week18\ELDON5_20250514_050200.wav,20250514
2082,2085,Spizella pusilla,Field Sparrow,0.0141,D:/AcousticMonitoringData/ELDON5_Data/Week18\ELDON5_20250514_050200.wav,20250514
2085,2088,Sturnella magna,Eastern Meadowlark,0.0109,D:/AcousticMonitoringData/ELDON5_Data/Week18\ELDON5_20250514_050200.wav,20250514
2097,2100,Spizella pusilla,Field Sparrow,0.011,D:/AcousticMonitoringData/ELDON5_Data/Week18\ELDON5_20250514_050200.wav,20250514
2100,2103,Sturnella magna,Eastern Meadowlark,0.0119,D:/AcousticMonitoringData/ELDON5_Data/Week18\ELDON5_20250514_050200.wav,20250514
2103,2106,Sturnella magna,Eastern Meadowlark,0.02,D:/AcousticMonitoringData/ELDON5_Data/Week18\ELDON5_20250514_050200.wav,20250514
2103,2106,Spizella pusilla,Field Sparrow,0.0163,D:/AcousticMonitoringData/ELDON5_Data/Week18\ELDON5_20250514_050200.wav,20250514
2103,2106,Eremophila alpestris,Horned Lark,0.0105,D:/AcousticMonitoringData/ELDON5_Data/Week18\ELDON5_20250514_050200.wav,20250514
2106,2109,Sturnella magna,Eastern Meadowlark,0.013,D:/AcousticMonitoringData/ELDON5_Data/Week18\ELDON5_20250514_050200.wav,20250514
2106,2109,Spizella pusilla,Field Sparrow,0.01,D:/AcousticMonitoringData/ELDON5_Data/Week18\ELDON5_20250514_050200.wav,20250514
2109,2112,Eremophila alpestris,Horned Lark,0.014,D:/AcousticMonitoringData/ELDON5_Data/Week18\ELDON5_20250514_050200.wav,20250514
2115,2118,Sturnella magna,Eastern Meadowlark,0.0124,D:/AcousticMonitoringData/ELDON5_Data/Week18\ELDON5_20250514_050200.wav,20250514
2124,2127,Sturnella magna,Eastern Meadowlark,0.0108,D:/AcousticMonitoringData/ELDON5_Data/Week18\ELDON5_20250514_050200.wav,20250514
2136,2139,Sturnella magna,Eastern Meadowlark,0.0138,D:/AcousticMonitoringData/ELDON5_Data/Week18\ELDON5_20250514_050200.wav,20250514
2148,2151,Eremophila alpestris,Horned Lark,0.1386,D:/AcousticMonitoringData/ELDON5_Data/Week18\ELDON5_20250514_050200.wav,20250514
2151,2154,Sturnella magna,Eastern Meadowlark,0.0191,D:/AcousticMonitoringData/ELDON5_Data/Week18\ELDON5_20250514_050200.wav,20250514
2157,2160,Sturnella magna,Eastern Meadowlark,0.0172,D:/AcousticMonitoringData/ELDON5_Data/Week18\ELDON5_20250514_050200.wav,20250514
2157,2160,Eremophila alpestris,Horned Lark,0.0134,D:/AcousticMonitoringData/ELDON5_Data/Week18\ELDON5_20250514_050200.wav,20250514
2175,2178,Sturnella magna,Eastern Meadowlark,0.0125,D:/AcousticMonitoringData/ELDON5_Data/Week18\ELDON5_20250514_050200.wav,20250514
2178,2181,Sturnella magna,Eastern Meadowlark,0.0133,D:/AcousticMonitoringData/ELDON5_Data/Week18\ELDON5_20250514_050200.wav,20250514
2193,2196,Sturnella magna,Eastern Meadowlark,0.0127,D:/AcousticMonitoringData/ELDON5_Data/Week18\ELDON5_20250514_050200.wav,20250514
2196,2199,Sturnella magna,Eastern Meadowlark,0.0103,D:/AcousticMonitoringData/ELDON5_Data/Week18\ELDON5_20250514_050200.wav,20250514
2205,2208,Eremophila alpestris,Horned Lark,0.0153,D:/AcousticMonitoringData/ELDON5_Data/Week18\ELDON5_20250514_050200.wav,20250514
2211,2214,Sturnella magna,Eastern Meadowlark,0.0269,D:/AcousticMonitoringData/ELDON5_Data/Week18\ELDON5_20250514_050200.wav,20250514
2220,2223,Sturnella magna,Eastern Meadowlark,0.0205,D:/AcousticMonitoringData/ELDON5_Data/Week18\ELDON5_20250514_050200.wav,20250514
2220,2223,Spizella pusilla,Field Sparrow,0.0185,D:/AcousticMonitoringData/ELDON5_Data/Week18\ELDON5_20250514_050200.wav,20250514
2220,2223,Passerina caerulea,Blue Grosbeak,0.0151,D:/AcousticMonitoringData/ELDON5_Data/Week18\ELDON5_20250514_050200.wav,20250514
2223,2226,Sturnella magna,Eastern Meadowlark,0.0123,D:/AcousticMonitoringData/ELDON5_Data/Week18\ELDON5_20250514_050200.wav,20250514
2226,2229,Sturnella magna,Eastern Meadowlark,0.0435,D:/AcousticMonitoringData/ELDON5_Data/Week18\ELDON5_20250514_050200.wav,20250514
2226,2229,Bartramia longicauda,Upland Sandpiper,0.015,D:/AcousticMonitoringData/ELDON5_Data/Week18\ELDON5_20250514_050200.wav,20250514
2229,2232,Sturnella magna,Eastern Meadowlark,0.0206,D:/AcousticMonitoringData/ELDON5_Data/Week18\ELDON5_20250514_050200.wav,20250514
2232,2235,Sturnella magna,Eastern Meadowlark,0.0339,D:/AcousticMonitoringData/ELDON5_Data/Week18\ELDON5_20250514_050200.wav,20250514
2232,2235,Spizella pusilla,Field Sparrow,0.0214,D:/AcousticMonitoringData/ELDON5_Data/Week18\ELDON5_20250514_050200.wav,20250514
2232,2235,Passerina caerulea,Blue Grosbeak,0.0137,D:/AcousticMonitoringData/ELDON5_Data/Week18\ELDON5_20250514_050200.wav,20250514
2235,2238,Sturnella magna,Eastern Meadowlark,0.0269,D:/AcousticMonitoringData/ELDON5_Data/Week18\ELDON5_20250514_050200.wav,20250514
2235,2238,Spizella pusilla,Field Sparrow,0.0245,D:/AcousticMonitoringData/ELDON5_Data/Week18\ELDON5_20250514_050200.wav,20250514
2238,2241,Sturnella magna,Eastern Meadowlark,0.0149,D:/AcousticMonitoringData/ELDON5_Data/Week18\ELDON5_20250514_050200.wav,20250514
2238,2241,Spizella pusilla,Field Sparrow,0.0146,D:/AcousticMonitoringData/ELDON5_Data/Week18\ELDON5_20250514_050200.wav,20250514
2238,2241,Passerina caerulea,Blue Grosbeak,0.0145,D:/AcousticMonitoringData/ELDON5_Data/Week18\ELDON5_20250514_050200.wav,20250514
2241,2244,Spizella pusilla,Field Sparrow,0.0274,D:/AcousticMonitoringData/ELDON5_Data/Week18\ELDON5_20250514_050200.wav,20250514
2241,2244,Sturnella magna,Eastern Meadowlark,0.0142,D:/AcousticMonitoringData/ELDON5_Data/Week18\ELDON5_20250514_050200.wav,20250514
2244,2247,Eremophila alpestris,Horned Lark,0.0114,D:/AcousticMonitoringData/ELDON5_Data/Week18\ELDON5_20250514_050200.wav,20250514
2244,2247,Sturnella magna,Eastern Meadowlark,0.0102,D:/AcousticMonitoringData/ELDON5_Data/Week18\ELDON5_20250514_050200.wav,20250514
2247,2250,Sturnella magna,Eastern Meadowlark,0.0198,D:/AcousticMonitoringData/ELDON5_Data/Week18\ELDON5_20250514_050200.wav,20250514
2247,2250,Eremophila alpestris,Horned Lark,0.0155,D:/AcousticMonitoringData/ELDON5_Data/Week18\ELDON5_20250514_050200.wav,20250514
2250,2253,Sturnella magna,Eastern Meadowlark,0.0262,D:/AcousticMonitoringData/ELDON5_Data/Week18\ELDON5_20250514_050200.wav,20250514
2250,2253,Eremophila alpestris,Horned Lark,0.0163,D:/AcousticMonitoringData/ELDON5_Data/Week18\ELDON5_20250514_050200.wav,20250514
2250,2253,Spizella pusilla,Field Sparrow,0.011,D:/AcousticMonitoringData/ELDON5_Data/Week18\ELDON5_20250514_050200.wav,20250514
2253,2256,Sturnella magna,Eastern Meadowlark,0.0262,D:/AcousticMonitoringData/ELDON5_Data/Week18\ELDON5_20250514_050200.wav,20250514
2253,2256,Spizella pusilla,Field Sparrow,0.0231,D:/AcousticMonitoringData/ELDON5_Data/Week18\ELDON5_20250514_050200.wav,20250514
2253,2256,Passerina caerulea,Blue Grosbeak,0.011,D:/AcousticMonitoringData/ELDON5_Data/Week18\ELDON5_20250514_050200.wav,20250514
2256,2259,Eremophila alpestris,Horned Lark,0.0213,D:/AcousticMonitoringData/ELDON5_Data/Week18\ELDON5_20250514_050200.wav,20250514
2259,2262,Sturnella magna,Eastern Meadowlark,0.0428,D:/AcousticMonitoringData/ELDON5_Data/Week18\ELDON5_20250514_050200.wav,20250514
2265,2268,Spizella pusilla,Field Sparrow,0.0387,D:/AcousticMonitoringData/ELDON5_Data/Week18\ELDON5_20250514_050200.wav,20250514
2265,2268,Sturnella magna,Eastern Meadowlark,0.0334,D:/AcousticMonitoringData/ELDON5_Data/Week18\ELDON5_20250514_050200.wav,20250514
2268,2271,Sturnella magna,Eastern Meadowlark,0.0257,D:/AcousticMonitoringData/ELDON5_Data/Week18\ELDON5_20250514_050200.wav,20250514
2268,2271,Eremophila alpestris,Horned Lark,0.017,D:/AcousticMonitoringData/ELDON5_Data/Week18\ELDON5_20250514_050200.wav,20250514
2271,2274,Spizella pusilla,Field Sparrow,0.033,D:/AcousticMonitoringData/ELDON5_Data/Week18\ELDON5_20250514_050200.wav,20250514
2271,2274,Sturnella magna,Eastern Meadowlark,0.0154,D:/AcousticMonitoringData/ELDON5_Data/Week18\ELDON5_20250514_050200.wav,20250514
2277,2280,Sturnella magna,Eastern Meadowlark,0.1206,D:/AcousticMonitoringData/ELDON5_Data/Week18\ELDON5_20250514_050200.wav,20250514
2277,2280,Spizella pusilla,Field Sparrow,0.0362,D:/AcousticMonitoringData/ELDON5_Data/Week18\ELDON5_20250514_050200.wav,20250514
2277,2280,Passerina caerulea,Blue Grosbeak,0.0159,D:/AcousticMonitoringData/ELDON5_Data/Week18\ELDON5_20250514_050200.wav,20250514
2280,2283,Sturnella magna,Eastern Meadowlark,0.0249,D:/AcousticMonitoringData/ELDON5_Data/Week18\ELDON5_20250514_050200.wav,20250514
2280,2283,Spizella pusilla,Field Sparrow,0.0166,D:/AcousticMonitoringData/ELDON5_Data/Week18\ELDON5_20250514_050200.wav,20250514
2283,2286,Sturnella magna,Eastern Meadowlark,0.0268,D:/AcousticMonitoringData/ELDON5_Data/Week18\ELDON5_20250514_050200.wav,20250514
2283,2286,Spizella pusilla,Field Sparrow,0.0207,D:/AcousticMonitoringData/ELDON5_Data/Week18\ELDON5_20250514_050200.wav,20250514
2283,2286,Eremophila alpestris,Horned Lark,0.0122,D:/AcousticMonitoringData/ELDON5_Data/Week18\ELDON5_20250514_050200.wav,20250514
2283,2286,Passerina caerulea,Blue Grosbeak,0.0105,D:/AcousticMonitoringData/ELDON5_Data/Week18\ELDON5_20250514_050200.wav,20250514
2286,2289,Sturnella magna,Eastern Meadowlark,0.0526,D:/AcousticMonitoringData/ELDON5_Data/Week18\ELDON5_20250514_050200.wav,20250514
2286,2289,Spizella pusilla,Field Sparrow,0.034,D:/AcousticMonitoringData/ELDON5_Data/Week18\ELDON5_20250514_050200.wav,20250514
2286,2289,Passerina caerulea,Blue Grosbeak,0.0138,D:/AcousticMonitoringData/ELDON5_Data/Week18\ELDON5_20250514_050200.wav,20250514
2286,2289,Eremophila alpestris,Horned Lark,0.012,D:/AcousticMonitoringData/ELDON5_Data/Week18\ELDON5_20250514_050200.wav,20250514
2289,2292,Spizella pusilla,Field Sparrow,0.0296,D:/AcousticMonitoringData/ELDON5_Data/Week18\ELDON5_20250514_050200.wav,20250514
2289,2292,Sturnella magna,Eastern Meadowlark,0.0263,D:/AcousticMonitoringData/ELDON5_Data/Week18\ELDON5_20250514_050200.wav,20250514
2292,2295,Sturnella magna,Eastern Meadowlark,0.028,D:/AcousticMonitoringData/ELDON5_Data/Week18\ELDON5_20250514_050200.wav,20250514
2292,2295,Spizella pusilla,Field Sparrow,0.0169,D:/AcousticMonitoringData/ELDON5_Data/Week18\ELDON5_20250514_050200.wav,20250514
2295,2298,Spizella pusilla,Field Sparrow,0.0259,D:/AcousticMonitoringData/ELDON5_Data/Week18\ELDON5_20250514_050200.wav,20250514
2295,2298,Sturnella magna,Eastern Meadowlark,0.0191,D:/AcousticMonitoringData/ELDON5_Data/Week18\ELDON5_20250514_050200.wav,20250514
2298,2301,Spizella pusilla,Field Sparrow,0.0297,D:/AcousticMonitoringData/ELDON5_Data/Week18\ELDON5_20250514_050200.wav,20250514
2298,2301,Sturnella magna,Eastern Meadowlark,0.023,D:/AcousticMonitoringData/ELDON5_Data/Week18\ELDON5_20250514_050200.wav,20250514
2301,2304,Sturnella magna,Eastern Meadowlark,0.015,D:/AcousticMonitoringData/ELDON5_Data/Week18\ELDON5_20250514_050200.wav,20250514
2304,2307,Sturnella magna,Eastern Meadowlark,0.0387,D:/AcousticMonitoringData/ELDON5_Data/Week18\ELDON5_20250514_050200.wav,20250514
2304,2307,Spizella pusilla,Field Sparrow,0.0343,D:/AcousticMonitoringData/ELDON5_Data/Week18\ELDON5_20250514_050200.wav,20250514
2307,2310,Spizella pusilla,Field Sparrow,0.0287,D:/AcousticMonitoringData/ELDON5_Data/Week18\ELDON5_20250514_050200.wav,20250514
2307,2310,Sturnella magna,Eastern Meadowlark,0.0182,D:/AcousticMonitoringData/ELDON5_Data/Week18\ELDON5_20250514_050200.wav,20250514
2310,2313,Sturnella magna,Eastern Meadowlark,0.0281,D:/AcousticMonitoringData/ELDON5_Data/Week18\ELDON5_20250514_050200.wav,20250514
2319,2322,Spizella pusilla,Field Sparrow,0.0139,D:/AcousticMonitoringData/ELDON5_Data/Week18\ELDON5_20250514_050200.wav,20250514
2319,2322,Passerina caerulea,Blue Grosbeak,0.0135,D:/AcousticMonitoringData/ELDON5_Data/Week18\ELDON5_20250514_050200.wav,20250514
2319,2322,Sturnella magna,Eastern Meadowlark,0.0114,D:/AcousticMonitoringData/ELDON5_Data/Week18\ELDON5_20250514_050200.wav,20250514
2325,2328,Spizella pusilla,Field Sparrow,0.0465,D:/AcousticMonitoringData/ELDON5_Data/Week18\ELDON5_20250514_050200.wav,20250514
2325,2328,Sturnella magna,Eastern Meadowlark,0.0273,D:/AcousticMonitoringData/ELDON5_Data/Week18\ELDON5_20250514_050200.wav,20250514
2325,2328,Passerina caerulea,Blue Grosbeak,0.0105,D:/AcousticMonitoringData/ELDON5_Data/Week18\ELDON5_20250514_050200.wav,20250514
2331,2334,Spizella pusilla,Field Sparrow,0.0106,D:/AcousticMonitoringData/ELDON5_Data/Week18\ELDON5_20250514_050200.wav,20250514
2331,2334,Sturnella magna,Eastern Meadowlark,0.01,D:/AcousticMonitoringData/ELDON5_Data/Week18\ELDON5_20250514_050200.wav,20250514
2334,2337,Spizella pusilla,Field Sparrow,0.0221,D:/AcousticMonitoringData/ELDON5_Data/Week18\ELDON5_20250514_050200.wav,20250514
2334,2337,Sturnella magna,Eastern Meadowlark,0.0104,D:/AcousticMonitoringData/ELDON5_Data/Week18\ELDON5_20250514_050200.wav,20250514
2337,2340,Sturnella magna,Eastern Meadowlark,0.0248,D:/AcousticMonitoringData/ELDON5_Data/Week18\ELDON5_20250514_050200.wav,20250514
2337,2340,Spizella pusilla,Field Sparrow,0.0194,D:/AcousticMonitoringData/ELDON5_Data/Week18\ELDON5_20250514_050200.wav,20250514
2337,2340,Passerina caerulea,Blue Grosbeak,0.0139,D:/AcousticMonitoringData/ELDON5_Data/Week18\ELDON5_20250514_050200.wav,20250514
2340,2343,Sturnella magna,Eastern Meadowlark,0.0154,D:/AcousticMonitoringData/ELDON5_Data/Week18\ELDON5_20250514_050200.wav,20250514
2340,2343,Spizella pusilla,Field Sparrow,0.0153,D:/AcousticMonitoringData/ELDON5_Data/Week18\ELDON5_20250514_050200.wav,20250514
2343,2346,Sturnella magna,Eastern Meadowlark,0.0272,D:/AcousticMonitoringData/ELDON5_Data/Week18\ELDON5_20250514_050200.wav,20250514
2343,2346,Spizella pusilla,Field Sparrow,0.0227,D:/AcousticMonitoringData/ELDON5_Data/Week18\ELDON5_20250514_050200.wav,20250514
2343,2346,Passerina caerulea,Blue Grosbeak,0.019,D:/AcousticMonitoringData/ELDON5_Data/Week18\ELDON5_20250514_050200.wav,20250514
2346,2349,Sturnella magna,Eastern Meadowlark,0.0234,D:/AcousticMonitoringData/ELDON5_Data/Week18\ELDON5_20250514_050200.wav,20250514
2346,2349,Spizella pusilla,Field Sparrow,0.0128,D:/AcousticMonitoringData/ELDON5_Data/Week18\ELDON5_20250514_050200.wav,20250514
2349,2352,Spizella pusilla,Field Sparrow,0.0391,D:/AcousticMonitoringData/ELDON5_Data/Week18\ELDON5_20250514_050200.wav,20250514
2349,2352,Sturnella magna,Eastern Meadowlark,0.0314,D:/AcousticMonitoringData/ELDON5_Data/Week18\ELDON5_20250514_050200.wav,20250514
2352,2355,Spizella pusilla,Field Sparrow,0.0383,D:/AcousticMonitoringData/ELDON5_Data/Week18\ELDON5_20250514_050200.wav,20250514
2352,2355,Sturnella magna,Eastern Meadowlark,0.0125,D:/AcousticMonitoringData/ELDON5_Data/Week18\ELDON5_20250514_050200.wav,20250514
2355,2358,Sturnella magna,Eastern Meadowlark,0.0147,D:/AcousticMonitoringData/ELDON5_Data/Week18\ELDON5_20250514_050200.wav,20250514
2355,2358,Spizella pusilla,Field Sparrow,0.0123,D:/AcousticMonitoringData/ELDON5_Data/Week18\ELDON5_20250514_050200.wav,20250514
2355,2358,Passerina caerulea,Blue Grosbeak,0.0117,D:/AcousticMonitoringData/ELDON5_Data/Week18\ELDON5_20250514_050200.wav,20250514
2361,2364,Spizella pusilla,Field Sparrow,0.0397,D:/AcousticMonitoringData/ELDON5_Data/Week18\ELDON5_20250514_050200.wav,20250514
2361,2364,Sturnella magna,Eastern Meadowlark,0.0213,D:/AcousticMonitoringData/ELDON5_Data/Week18\ELDON5_20250514_050200.wav,20250514
2364,2367,Sturnella magna,Eastern Meadowlark,0.0122,D:/AcousticMonitoringData/ELDON5_Data/Week18\ELDON5_20250514_050200.wav,20250514
2367,2370,Spizella pusilla,Field Sparrow,0.0124,D:/AcousticMonitoringData/ELDON5_Data/Week18\ELDON5_20250514_050200.wav,20250514
2370,2373,Spizella pusilla,Field Sparrow,0.0109,D:/AcousticMonitoringData/ELDON5_Data/Week18\ELDON5_20250514_050200.wav,20250514
2373,2376,Spizella pusilla,Field Sparrow,0.0158,D:/AcousticMonitoringData/ELDON5_Data/Week18\ELDON5_20250514_050200.wav,20250514
2376,2379,Spizella pusilla,Field Sparrow,0.012,D:/AcousticMonitoringData/ELDON5_Data/Week18\ELDON5_20250514_050200.wav,20250514
2379,2382,Spizella pusilla,Field Sparrow,0.0278,D:/AcousticMonitoringData/ELDON5_Data/Week18\ELDON5_20250514_050200.wav,20250514
2379,2382,Sturnella magna,Eastern Meadowlark,0.0111,D:/AcousticMonitoringData/ELDON5_Data/Week18\ELDON5_20250514_050200.wav,20250514
2397,2400,Sturnella magna,Eastern Meadowlark,0.0132,D:/AcousticMonitoringData/ELDON5_Data/Week18\ELDON5_20250514_050200.wav,20250514
2400,2403,Passerina caerulea,Blue Grosbeak,0.01,D:/AcousticMonitoringData/ELDON5_Data/Week18\ELDON5_20250514_050200.wav,20250514
2403,2406,Sturnella magna,Eastern Meadowlark,0.0293,D:/AcousticMonitoringData/ELDON5_Data/Week18\ELDON5_20250514_050200.wav,20250514
2403,2406,Eremophila alpestris,Horned Lark,0.0151,D:/AcousticMonitoringData/ELDON5_Data/Week18\ELDON5_20250514_050200.wav,20250514
2412,2415,Sturnella magna,Eastern Meadowlark,0.0125,D:/AcousticMonitoringData/ELDON5_Data/Week18\ELDON5_20250514_050200.wav,20250514
2415,2418,Sturnella magna,Eastern Meadowlark,0.0585,D:/AcousticMonitoringData/ELDON5_Data/Week18\ELDON5_20250514_050200.wav,20250514
2415,2418,Spizella pusilla,Field Sparrow,0.0214,D:/AcousticMonitoringData/ELDON5_Data/Week18\ELDON5_20250514_050200.wav,20250514
2418,2421,Sturnella magna,Eastern Meadowlark,0.022,D:/AcousticMonitoringData/ELDON5_Data/Week18\ELDON5_20250514_050200.wav,20250514
2418,2421,Spizella pusilla,Field Sparrow,0.0186,D:/AcousticMonitoringData/ELDON5_Data/Week18\ELDON5_20250514_050200.wav,20250514
2421,2424,Sturnella magna,Eastern Meadowlark,0.026,D:/AcousticMonitoringData/ELDON5_Data/Week18\ELDON5_20250514_050200.wav,20250514
2421,2424,Spizella pusilla,Field Sparrow,0.012,D:/AcousticMonitoringData/ELDON5_Data/Week18\ELDON5_20250514_050200.wav,20250514
2424,2427,Spizella pusilla,Field Sparrow,0.0254,D:/AcousticMonitoringData/ELDON5_Data/Week18\ELDON5_20250514_050200.wav,20250514
2427,2430,Spizella pusilla,Field Sparrow,0.0228,D:/AcousticMonitoringData/ELDON5_Data/Week18\ELDON5_20250514_050200.wav,20250514
2427,2430,Sturnella magna,Eastern Meadowlark,0.0166,D:/AcousticMonitoringData/ELDON5_Data/Week18\ELDON5_20250514_050200.wav,20250514
2433,2436,Sturnella magna,Eastern Meadowlark,0.0241,D:/AcousticMonitoringData/ELDON5_Data/Week18\ELDON5_20250514_050200.wav,20250514
2439,2442,Sturnella magna,Eastern Meadowlark,0.0225,D:/AcousticMonitoringData/ELDON5_Data/Week18\ELDON5_20250514_050200.wav,20250514
2439,2442,Eremophila alpestris,Horned Lark,0.0168,D:/AcousticMonitoringData/ELDON5_Data/Week18\ELDON5_20250514_050200.wav,20250514
2439,2442,Spizella pusilla,Field Sparrow,0.0165,D:/AcousticMonitoringData/ELDON5_Data/Week18\ELDON5_20250514_050200.wav,20250514
2439,2442,Passerina caerulea,Blue Grosbeak,0.0102,D:/AcousticMonitoringData/ELDON5_Data/Week18\ELDON5_20250514_050200.wav,20250514
2442,2445,Eremophila alpestris,Horned Lark,0.0124,D:/AcousticMonitoringData/ELDON5_Data/Week18\ELDON5_20250514_050200.wav,20250514
2442,2445,Bartramia longicauda,Upland Sandpiper,0.0117,D:/AcousticMonitoringData/ELDON5_Data/Week18\ELDON5_20250514_050200.wav,20250514
2445,2448,Spizella pusilla,Field Sparrow,0.0125,D:/AcousticMonitoringData/ELDON5_Data/Week18\ELDON5_20250514_050200.wav,20250514
2445,2448,Sturnella magna,Eastern Meadowlark,0.0106,D:/AcousticMonitoringData/ELDON5_Data/Week18\ELDON5_20250514_050200.wav,20250514
2448,2451,Spizella pusilla,Field Sparrow,0.0462,D:/AcousticMonitoringData/ELDON5_Data/Week18\ELDON5_20250514_050200.wav,20250514
2448,2451,Sturnella magna,Eastern Meadowlark,0.0152,D:/AcousticMonitoringData/ELDON5_Data/Week18\ELDON5_20250514_050200.wav,20250514
2451,2454,Spizella pusilla,Field Sparrow,0.0176,D:/AcousticMonitoringData/ELDON5_Data/Week18\ELDON5_20250514_050200.wav,20250514
2451,2454,Sturnella magna,Eastern Meadowlark,0.012,D:/AcousticMonitoringData/ELDON5_Data/Week18\ELDON5_20250514_050200.wav,20250514
2454,2457,Sturnella magna,Eastern Meadowlark,0.0225,D:/AcousticMonitoringData/ELDON5_Data/Week18\ELDON5_20250514_050200.wav,20250514
2457,2460,Sturnella magna,Eastern Meadowlark,0.0227,D:/AcousticMonitoringData/ELDON5_Data/Week18\ELDON5_20250514_050200.wav,20250514
2457,2460,Spizella pusilla,Field Sparrow,0.0204,D:/AcousticMonitoringData/ELDON5_Data/Week18\ELDON5_20250514_050200.wav,20250514
2460,2463,Spizella pusilla,Field Sparrow,0.0372,D:/AcousticMonitoringData/ELDON5_Data/Week18\ELDON5_20250514_050200.wav,20250514
2460,2463,Sturnella magna,Eastern Meadowlark,0.012,D:/AcousticMonitoringData/ELDON5_Data/Week18\ELDON5_20250514_050200.wav,20250514
2466,2469,Sturnella magna,Eastern Meadowlark,0.0251,D:/AcousticMonitoringData/ELDON5_Data/Week18\ELDON5_20250514_050200.wav,20250514
2475,2478,Sturnella magna,Eastern Meadowlark,0.0212,D:/AcousticMonitoringData/ELDON5_Data/Week18\ELDON5_20250514_050200.wav,20250514
2478,2481,Spizella pusilla,Field Sparrow,0.0395,D:/AcousticMonitoringData/ELDON5_Data/Week18\ELDON5_20250514_050200.wav,20250514
2478,2481,Sturnella magna,Eastern Meadowlark,0.0124,D:/AcousticMonitoringData/ELDON5_Data/Week18\ELDON5_20250514_050200.wav,20250514
2481,2484,Sturnella magna,Eastern Meadowlark,0.0451,D:/AcousticMonitoringData/ELDON5_Data/Week18\ELDON5_20250514_050200.wav,20250514
2484,2487,Sturnella magna,Eastern Meadowlark,0.0245,D:/AcousticMonitoringData/ELDON5_Data/Week18\ELDON5_20250514_050200.wav,20250514
2484,2487,Spizella pusilla,Field Sparrow,0.0155,D:/AcousticMonitoringData/ELDON5_Data/Week18\ELDON5_20250514_050200.wav,20250514
2484,2487,Passerina caerulea,Blue Grosbeak,0.0103,D:/AcousticMonitoringData/ELDON5_Data/Week18\ELDON5_20250514_050200.wav,20250514
2487,2490,Spizella pusilla,Field Sparrow,0.0225,D:/AcousticMonitoringData/ELDON5_Data/Week18\ELDON5_20250514_050200.wav,20250514
2487,2490,Sturnella magna,Eastern Meadowlark,0.0207,D:/AcousticMonitoringData/ELDON5_Data/Week18\ELDON5_20250514_050200.wav,20250514
2490,2493,Eremophila alpestris,Horned Lark,0.0162,D:/AcousticMonitoringData/ELDON5_Data/Week18\ELDON5_20250514_050200.wav,20250514
2493,2496,Sturnella magna,Eastern Meadowlark,0.0115,D:/AcousticMonitoringData/ELDON5_Data/Week18\ELDON5_20250514_050200.wav,20250514
2505,2508,Spizella pusilla,Field Sparrow,0.0208,D:/AcousticMonitoringData/ELDON5_Data/Week18\ELDON5_20250514_050200.wav,20250514
2505,2508,Passerina caerulea,Blue Grosbeak,0.0123,D:/AcousticMonitoringData/ELDON5_Data/Week18\ELDON5_20250514_050200.wav,20250514
2505,2508,Sturnella magna,Eastern Meadowlark,0.0106,D:/AcousticMonitoringData/ELDON5_Data/Week18\ELDON5_20250514_050200.wav,20250514
2508,2511,Sturnella magna,Eastern Meadowlark,0.0141,D:/AcousticMonitoringData/ELDON5_Data/Week18\ELDON5_20250514_050200.wav,20250514
2511,2514,Sturnella magna,Eastern Meadowlark,0.0304,D:/AcousticMonitoringData/ELDON5_Data/Week18\ELDON5_20250514_050200.wav,20250514
2514,2517,Sturnella magna,Eastern Meadowlark,0.0136,D:/AcousticMonitoringData/ELDON5_Data/Week18\ELDON5_20250514_050200.wav,20250514
2517,2520,Sturnella magna,Eastern Meadowlark,0.0172,D:/AcousticMonitoringData/ELDON5_Data/Week18\ELDON5_20250514_050200.wav,20250514
2517,2520,Spizella pusilla,Field Sparrow,0.0166,D:/AcousticMonitoringData/ELDON5_Data/Week18\ELDON5_20250514_050200.wav,20250514
2520,2523,Sturnella magna,Eastern Meadowlark,0.0126,D:/AcousticMonitoringData/ELDON5_Data/Week18\ELDON5_20250514_050200.wav,20250514
2526,2529,Sturnella magna,Eastern Meadowlark,0.0214,D:/AcousticMonitoringData/ELDON5_Data/Week18\ELDON5_20250514_050200.wav,20250514
2526,2529,Eremophila alpestris,Horned Lark,0.0132,D:/AcousticMonitoringData/ELDON5_Data/Week18\ELDON5_20250514_050200.wav,20250514
2526,2529,Spizella pusilla,Field Sparrow,0.0108,D:/AcousticMonitoringData/ELDON5_Data/Week18\ELDON5_20250514_050200.wav,20250514
2529,2532,Spizella pusilla,Field Sparrow,0.0137,D:/AcousticMonitoringData/ELDON5_Data/Week18\ELDON5_20250514_050200.wav,20250514
2535,2538,Spizella pusilla,Field Sparrow,0.0108,D:/AcousticMonitoringData/ELDON5_Data/Week18\ELDON5_20250514_050200.wav,20250514
2541,2544,Eremophila alpestris,Horned Lark,0.0215,D:/AcousticMonitoringData/ELDON5_Data/Week18\ELDON5_20250514_050200.wav,20250514
2541,2544,Sturnella magna,Eastern Meadowlark,0.0205,D:/AcousticMonitoringData/ELDON5_Data/Week18\ELDON5_20250514_050200.wav,20250514
2541,2544,Spizella pusilla,Field Sparrow,0.0122,D:/AcousticMonitoringData/ELDON5_Data/Week18\ELDON5_20250514_050200.wav,20250514
2544,2547,Eremophila alpestris,Horned Lark,0.0168,D:/AcousticMonitoringData/ELDON5_Data/Week18\ELDON5_20250514_050200.wav,20250514
2547,2550,Sturnella magna,Eastern Meadowlark,0.0103,D:/AcousticMonitoringData/ELDON5_Data/Week18\ELDON5_20250514_050200.wav,20250514
2556,2559,Passerina caerulea,Blue Grosbeak,0.0125,D:/AcousticMonitoringData/ELDON5_Data/Week18\ELDON5_20250514_050200.wav,20250514
2556,2559,Spizella pusilla,Field Sparrow,0.0118,D:/AcousticMonitoringData/ELDON5_Data/Week18\ELDON5_20250514_050200.wav,20250514
2565,2568,Passerina caerulea,Blue Grosbeak,0.0254,D:/AcousticMonitoringData/ELDON5_Data/Week18\ELDON5_20250514_050200.wav,20250514
2565,2568,Spizella pusilla,Field Sparrow,0.0181,D:/AcousticMonitoringData/ELDON5_Data/Week18\ELDON5_20250514_050200.wav,20250514
2565,2568,Sturnella magna,Eastern Meadowlark,0.0114,D:/AcousticMonitoringData/ELDON5_Data/Week18\ELDON5_20250514_050200.wav,20250514
2580,2583,Sturnella magna,Eastern Meadowlark,0.0135,D:/AcousticMonitoringData/ELDON5_Data/Week18\ELDON5_20250514_050200.wav,20250514
2580,2583,Spizella pusilla,Field Sparrow,0.0129,D:/AcousticMonitoringData/ELDON5_Data/Week18\ELDON5_20250514_050200.wav,20250514
2595,2598,Spizella pusilla,Field Sparrow,0.0127,D:/AcousticMonitoringData/ELDON5_Data/Week18\ELDON5_20250514_050200.wav,20250514
2595,2598,Sturnella magna,Eastern Meadowlark,0.0105,D:/AcousticMonitoringData/ELDON5_Data/Week18\ELDON5_20250514_050200.wav,20250514
2604,2607,Sturnella magna,Eastern Meadowlark,0.0184,D:/AcousticMonitoringData/ELDON5_Data/Week18\ELDON5_20250514_050200.wav,20250514
2604,2607,Spizella pusilla,Field Sparrow,0.0146,D:/AcousticMonitoringData/ELDON5_Data/Week18\ELDON5_20250514_050200.wav,20250514
2610,2613,Sturnella magna,Eastern Meadowlark,0.0117,D:/AcousticMonitoringData/ELDON5_Data/Week18\ELDON5_20250514_050200.wav,20250514
2619,2622,Sturnella magna,Eastern Meadowlark,0.012,D:/AcousticMonitoringData/ELDON5_Data/Week18\ELDON5_20250514_050200.wav,20250514
2625,2628,Sturnella magna,Eastern Meadowlark,0.02,D:/AcousticMonitoringData/ELDON5_Data/Week18\ELDON5_20250514_050200.wav,20250514
2625,2628,Spizella pusilla,Field Sparrow,0.0102,D:/AcousticMonitoringData/ELDON5_Data/Week18\ELDON5_20250514_050200.wav,20250514
2628,2631,Sturnella magna,Eastern Meadowlark,0.0286,D:/AcousticMonitoringData/ELDON5_Data/Week18\ELDON5_20250514_050200.wav,20250514
2631,2634,Eremophila alpestris,Horned Lark,0.012,D:/AcousticMonitoringData/ELDON5_Data/Week18\ELDON5_20250514_050200.wav,20250514
2631,2634,Sturnella magna,Eastern Meadowlark,0.0108,D:/AcousticMonitoringData/ELDON5_Data/Week18\ELDON5_20250514_050200.wav,20250514
2637,2640,Sturnella magna,Eastern Meadowlark,0.0108,D:/AcousticMonitoringData/ELDON5_Data/Week18\ELDON5_20250514_050200.wav,20250514
2640,2643,Sturnella magna,Eastern Meadowlark,0.0223,D:/AcousticMonitoringData/ELDON5_Data/Week18\ELDON5_20250514_050200.wav,20250514
2640,2643,Eremophila alpestris,Horned Lark,0.01,D:/AcousticMonitoringData/ELDON5_Data/Week18\ELDON5_20250514_050200.wav,20250514
2643,2646,Sturnella magna,Eastern Meadowlark,0.0178,D:/AcousticMonitoringData/ELDON5_Data/Week18\ELDON5_20250514_050200.wav,20250514
2643,2646,Spizella pusilla,Field Sparrow,0.0108,D:/AcousticMonitoringData/ELDON5_Data/Week18\ELDON5_20250514_050200.wav,20250514
2643,2646,Passerina caerulea,Blue Grosbeak,0.0107,D:/AcousticMonitoringData/ELDON5_Data/Week18\ELDON5_20250514_050200.wav,20250514
2652,2655,Sturnella magna,Eastern Meadowlark,0.0115,D:/AcousticMonitoringData/ELDON5_Data/Week18\ELDON5_20250514_050200.wav,20250514
2658,2661,Sturnella magna,Eastern Meadowlark,0.0154,D:/AcousticMonitoringData/ELDON5_Data/Week18\ELDON5_20250514_050200.wav,20250514
2667,2670,Sturnella magna,Eastern Meadowlark,0.0392,D:/AcousticMonitoringData/ELDON5_Data/Week18\ELDON5_20250514_050200.wav,20250514
2667,2670,Spizella pusilla,Field Sparrow,0.0284,D:/AcousticMonitoringData/ELDON5_Data/Week18\ELDON5_20250514_050200.wav,20250514
2670,2673,Sturnella magna,Eastern Meadowlark,0.0172,D:/AcousticMonitoringData/ELDON5_Data/Week18\ELDON5_20250514_050200.wav,20250514
2679,2682,Sturnella magna,Eastern Meadowlark,0.0398,D:/AcousticMonitoringData/ELDON5_Data/Week18\ELDON5_20250514_050200.wav,20250514
2679,2682,Spizella pusilla,Field Sparrow,0.0101,D:/AcousticMonitoringData/ELDON5_Data/Week18\ELDON5_20250514_050200.wav,20250514
2688,2691,Spizella pusilla,Field Sparrow,0.0139,D:/AcousticMonitoringData/ELDON5_Data/Week18\ELDON5_20250514_050200.wav,20250514
2691,2694,Spizella pusilla,Field Sparrow,0.0118,D:/AcousticMonitoringData/ELDON5_Data/Week18\ELDON5_20250514_050200.wav,20250514
2694,2697,Sturnella magna,Eastern Meadowlark,0.039,D:/AcousticMonitoringData/ELDON5_Data/Week18\ELDON5_20250514_050200.wav,20250514
2694,2697,Spizella pusilla,Field Sparrow,0.0171,D:/AcousticMonitoringData/ELDON5_Data/Week18\ELDON5_20250514_050200.wav,20250514
2694,2697,Passerina caerulea,Blue Grosbeak,0.0112,D:/AcousticMonitoringData/ELDON5_Data/Week18\ELDON5_20250514_050200.wav,20250514
2718,2721,Sturnella magna,Eastern Meadowlark,0.0193,D:/AcousticMonitoringData/ELDON5_Data/Week18\ELDON5_20250514_050200.wav,20250514
2718,2721,Spizella pusilla,Field Sparrow,0.0167,D:/AcousticMonitoringData/ELDON5_Data/Week18\ELDON5_20250514_050200.wav,20250514
2724,2727,Sturnella magna,Eastern Meadowlark,0.0177,D:/AcousticMonitoringData/ELDON5_Data/Week18\ELDON5_20250514_050200.wav,20250514
2724,2727,Spizella pusilla,Field Sparrow,0.0161,D:/AcousticMonitoringData/ELDON5_Data/Week18\ELDON5_20250514_050200.wav,20250514
2724,2727,Passerina caerulea,Blue Grosbeak,0.0118,D:/AcousticMonitoringData/ELDON5_Data/Week18\ELDON5_20250514_050200.wav,20250514
2733,2736,Spizella pusilla,Field Sparrow,0.0103,D:/AcousticMonitoringData/ELDON5_Data/Week18\ELDON5_20250514_050200.wav,20250514
2736,2739,Spizella pusilla,Field Sparrow,0.0187,D:/AcousticMonitoringData/ELDON5_Data/Week18\ELDON5_20250514_050200.wav,20250514
2736,2739,Eremophila alpestris,Horned Lark,0.0181,D:/AcousticMonitoringData/ELDON5_Data/Week18\ELDON5_20250514_050200.wav,20250514
2736,2739,Sturnella magna,Eastern Meadowlark,0.0125,D:/AcousticMonitoringData/ELDON5_Data/Week18\ELDON5_20250514_050200.wav,20250514
2739,2742,Spizella pusilla,Field Sparrow,0.028,D:/AcousticMonitoringData/ELDON5_Data/Week18\ELDON5_20250514_050200.wav,20250514
2739,2742,Sturnella magna,Eastern Meadowlark,0.0163,D:/AcousticMonitoringData/ELDON5_Data/Week18\ELDON5_20250514_050200.wav,20250514
2739,2742,Geothlypis trichas,Common Yellowthroat,0.0141,D:/AcousticMonitoringData/ELDON5_Data/Week18\ELDON5_20250514_050200.wav,20250514
2742,2745,Spizella pusilla,Field Sparrow,0.0223,D:/AcousticMonitoringData/ELDON5_Data/Week18\ELDON5_20250514_050200.wav,20250514
2742,2745,Sturnella magna,Eastern Meadowlark,0.0133,D:/AcousticMonitoringData/ELDON5_Data/Week18\ELDON5_20250514_050200.wav,20250514
2742,2745,Passerina caerulea,Blue Grosbeak,0.011,D:/AcousticMonitoringData/ELDON5_Data/Week18\ELDON5_20250514_050200.wav,20250514
2745,2748,Sturnella magna,Eastern Meadowlark,0.0178,D:/AcousticMonitoringData/ELDON5_Data/Week18\ELDON5_20250514_050200.wav,20250514
2748,2751,Spizella pusilla,Field Sparrow,0.012,D:/AcousticMonitoringData/ELDON5_Data/Week18\ELDON5_20250514_050200.wav,20250514
2751,2754,Sturnella magna,Eastern Meadowlark,0.0218,D:/AcousticMonitoringData/ELDON5_Data/Week18\ELDON5_20250514_050200.wav,20250514
2751,2754,Spizella pusilla,Field Sparrow,0.0158,D:/AcousticMonitoringData/ELDON5_Data/Week18\ELDON5_20250514_050200.wav,20250514
2757,2760,Sturnella magna,Eastern Meadowlark,0.0135,D:/AcousticMonitoringData/ELDON5_Data/Week18\ELDON5_20250514_050200.wav,20250514
2757,2760,Spizella pusilla,Field Sparrow,0.0127,D:/AcousticMonitoringData/ELDON5_Data/Week18\ELDON5_20250514_050200.wav,20250514
2757,2760,Passerina caerulea,Blue Grosbeak,0.0109,D:/AcousticMonitoringData/ELDON5_Data/Week18\ELDON5_20250514_050200.wav,20250514
2760,2763,Sturnella magna,Eastern Meadowlark,0.0134,D:/AcousticMonitoringData/ELDON5_Data/Week18\ELDON5_20250514_050200.wav,20250514
2760,2763,Spizella pusilla,Field Sparrow,0.0104,D:/AcousticMonitoringData/ELDON5_Data/Week18\ELDON5_20250514_050200.wav,20250514
2763,2766,Passerina caerulea,Blue Grosbeak,0.0251,D:/AcousticMonitoringData/ELDON5_Data/Week18\ELDON5_20250514_050200.wav,20250514
2763,2766,Sturnella magna,Eastern Meadowlark,0.0192,D:/AcousticMonitoringData/ELDON5_Data/Week18\ELDON5_20250514_050200.wav,20250514
2763,2766,Spizella pusilla,Field Sparrow,0.0185,D:/AcousticMonitoringData/ELDON5_Data/Week18\ELDON5_20250514_050200.wav,20250514
2766,2769,Sturnella magna,Eastern Meadowlark,0.0237,D:/AcousticMonitoringData/ELDON5_Data/Week18\ELDON5_20250514_050200.wav,20250514
2766,2769,Spizella pusilla,Field Sparrow,0.0155,D:/AcousticMonitoringData/ELDON5_Data/Week18\ELDON5_20250514_050200.wav,20250514
2766,2769,Eremophila alpestris,Horned Lark,0.0145,D:/AcousticMonitoringData/ELDON5_Data/Week18\ELDON5_20250514_050200.wav,20250514
2772,2775,Spizella pusilla,Field Sparrow,0.0132,D:/AcousticMonitoringData/ELDON5_Data/Week18\ELDON5_20250514_050200.wav,20250514
2778,2781,Sturnella magna,Eastern Meadowlark,0.0177,D:/AcousticMonitoringData/ELDON5_Data/Week18\ELDON5_20250514_050200.wav,20250514
2778,2781,Spizella pusilla,Field Sparrow,0.012,D:/AcousticMonitoringData/ELDON5_Data/Week18\ELDON5_20250514_050200.wav,20250514
2781,2784,Sturnella magna,Eastern Meadowlark,0.0435,D:/AcousticMonitoringData/ELDON5_Data/Week18\ELDON5_20250514_050200.wav,20250514
2781,2784,Spizella pusilla,Field Sparrow,0.014,D:/AcousticMonitoringData/ELDON5_Data/Week18\ELDON5_20250514_050200.wav,20250514
2784,2787,Sturnella magna,Eastern Meadowlark,0.0649,D:/AcousticMonitoringData/ELDON5_Data/Week18\ELDON5_20250514_050200.wav,20250514
2784,2787,Spizella pusilla,Field Sparrow,0.0392,D:/AcousticMonitoringData/ELDON5_Data/Week18\ELDON5_20250514_050200.wav,20250514
2784,2787,Passerina caerulea,Blue Grosbeak,0.0102,D:/AcousticMonitoringData/ELDON5_Data/Week18\ELDON5_20250514_050200.wav,20250514
2787,2790,Sturnella magna,Eastern Meadowlark,0.0111,D:/AcousticMonitoringData/ELDON5_Data/Week18\ELDON5_20250514_050200.wav,20250514
2790,2793,Sturnella magna,Eastern Meadowlark,0.0228,D:/AcousticMonitoringData/ELDON5_Data/Week18\ELDON5_20250514_050200.wav,20250514
2793,2796,Spizella pusilla,Field Sparrow,0.0277,D:/AcousticMonitoringData/ELDON5_Data/Week18\ELDON5_20250514_050200.wav,20250514
2793,2796,Sturnella magna,Eastern Meadowlark,0.0139,D:/AcousticMonitoringData/ELDON5_Data/Week18\ELDON5_20250514_050200.wav,20250514
2796,2799,Sturnella magna,Eastern Meadowlark,0.022,D:/AcousticMonitoringData/ELDON5_Data/Week18\ELDON5_20250514_050200.wav,20250514
2796,2799,Spizella pusilla,Field Sparrow,0.0213,D:/AcousticMonitoringData/ELDON5_Data/Week18\ELDON5_20250514_050200.wav,20250514
2796,2799,Passerina caerulea,Blue Grosbeak,0.0126,D:/AcousticMonitoringData/ELDON5_Data/Week18\ELDON5_20250514_050200.wav,20250514
2799,2802,Sturnella magna,Eastern Meadowlark,0.0372,D:/AcousticMonitoringData/ELDON5_Data/Week18\ELDON5_20250514_050200.wav,20250514
2799,2802,Eremophila alpestris,Horned Lark,0.0281,D:/AcousticMonitoringData/ELDON5_Data/Week18\ELDON5_20250514_050200.wav,20250514
2799,2802,Spizella pusilla,Field Sparrow,0.0137,D:/AcousticMonitoringData/ELDON5_Data/Week18\ELDON5_20250514_050200.wav,20250514
2802,2805,Sturnella magna,Eastern Meadowlark,0.0198,D:/AcousticMonitoringData/ELDON5_Data/Week18\ELDON5_20250514_050200.wav,20250514
2802,2805,Spizella pusilla,Field Sparrow,0.0172,D:/AcousticMonitoringData/ELDON5_Data/Week18\ELDON5_20250514_050200.wav,20250514
2805,2808,Spizella pusilla,Field Sparrow,0.0544,D:/AcousticMonitoringData/ELDON5_Data/Week18\ELDON5_20250514_050200.wav,20250514
2805,2808,Sturnella magna,Eastern Meadowlark,0.0399,D:/AcousticMonitoringData/ELDON5_Data/Week18\ELDON5_20250514_050200.wav,20250514
2805,2808,Passerina caerulea,Blue Grosbeak,0.017,D:/AcousticMonitoringData/ELDON5_Data/Week18\ELDON5_20250514_050200.wav,20250514
2808,2811,Eremophila alpestris,Horned Lark,0.0404,D:/AcousticMonitoringData/ELDON5_Data/Week18\ELDON5_20250514_050200.wav,20250514
2808,2811,Sturnella magna,Eastern Meadowlark,0.0224,D:/AcousticMonitoringData/ELDON5_Data/Week18\ELDON5_20250514_050200.wav,20250514
2808,2811,Spizella pusilla,Field Sparrow,0.0165,D:/AcousticMonitoringData/ELDON5_Data/Week18\ELDON5_20250514_050200.wav,20250514
2811,2814,Sturnella magna,Eastern Meadowlark,0.026,D:/AcousticMonitoringData/ELDON5_Data/Week18\ELDON5_20250514_050200.wav,20250514
2814,2817,Sturnella magna,Eastern Meadowlark,0.0226,D:/AcousticMonitoringData/ELDON5_Data/Week18\ELDON5_20250514_050200.wav,20250514
2814,2817,Spizella pusilla,Field Sparrow,0.0158,D:/AcousticMonitoringData/ELDON5_Data/Week18\ELDON5_20250514_050200.wav,20250514
2817,2820,Eremophila alpestris,Horned Lark,0.0241,D:/AcousticMonitoringData/ELDON5_Data/Week18\ELDON5_20250514_050200.wav,20250514
2817,2820,Sturnella magna,Eastern Meadowlark,0.0102,D:/AcousticMonitoringData/ELDON5_Data/Week18\ELDON5_20250514_050200.wav,20250514
2820,2823,Sturnella magna,Eastern Meadowlark,0.0156,D:/AcousticMonitoringData/ELDON5_Data/Week18\ELDON5_20250514_050200.wav,20250514
2820,2823,Spizella pusilla,Field Sparrow,0.0131,D:/AcousticMonitoringData/ELDON5_Data/Week18\ELDON5_20250514_050200.wav,20250514
2820,2823,Eremophila alpestris,Horned Lark,0.0124,D:/AcousticMonitoringData/ELDON5_Data/Week18\ELDON5_20250514_050200.wav,20250514
2829,2832,Sturnella magna,Eastern Meadowlark,0.0137,D:/AcousticMonitoringData/ELDON5_Data/Week18\ELDON5_20250514_050200.wav,20250514
2832,2835,Sturnella magna,Eastern Meadowlark,0.0112,D:/AcousticMonitoringData/ELDON5_Data/Week18\ELDON5_20250514_050200.wav,20250514
2835,2838,Spizella pusilla,Field Sparrow,0.0228,D:/AcousticMonitoringData/ELDON5_Data/Week18\ELDON5_20250514_050200.wav,20250514
2835,2838,Sturnella magna,Eastern Meadowlark,0.0149,D:/AcousticMonitoringData/ELDON5_Data/Week18\ELDON5_20250514_050200.wav,20250514
2841,2844,Sturnella magna,Eastern Meadowlark,0.0109,D:/AcousticMonitoringData/ELDON5_Data/Week18\ELDON5_20250514_050200.wav,20250514
2844,2847,Sturnella magna,Eastern Meadowlark,0.0134,D:/AcousticMonitoringData/ELDON5_Data/Week18\ELDON5_20250514_050200.wav,20250514
2844,2847,Eremophila alpestris,Horned Lark,0.0113,D:/AcousticMonitoringData/ELDON5_Data/Week18\ELDON5_20250514_050200.wav,20250514
2847,2850,Spizella pusilla,Field Sparrow,0.0229,D:/AcousticMonitoringData/ELDON5_Data/Week18\ELDON5_20250514_050200.wav,20250514
2847,2850,Sturnella magna,Eastern Meadowlark,0.0219,D:/AcousticMonitoringData/ELDON5_Data/Week18\ELDON5_20250514_050200.wav,20250514
2847,2850,Passerina caerulea,Blue Grosbeak,0.0152,D:/AcousticMonitoringData/ELDON5_Data/Week18\ELDON5_20250514_050200.wav,20250514
2850,2853,Sturnella magna,Eastern Meadowlark,0.0327,D:/AcousticMonitoringData/ELDON5_Data/Week18\ELDON5_20250514_050200.wav,20250514
2850,2853,Eremophila alpestris,Horned Lark,0.0109,D:/AcousticMonitoringData/ELDON5_Data/Week18\ELDON5_20250514_050200.wav,20250514
2853,2856,Sturnella magna,Eastern Meadowlark,0.018,D:/AcousticMonitoringData/ELDON5_Data/Week18\ELDON5_20250514_050200.wav,20250514
2856,2859,Sturnella magna,Eastern Meadowlark,0.0221,D:/AcousticMonitoringData/ELDON5_Data/Week18\ELDON5_20250514_050200.wav,20250514
2856,2859,Passerina caerulea,Blue Grosbeak,0.0152,D:/AcousticMonitoringData/ELDON5_Data/Week18\ELDON5_20250514_050200.wav,20250514
2856,2859,Eremophila alpestris,Horned Lark,0.0134,D:/AcousticMonitoringData/ELDON5_Data/Week18\ELDON5_20250514_050200.wav,20250514
2856,2859,Spizella pusilla,Field Sparrow,0.0127,D:/AcousticMonitoringData/ELDON5_Data/Week18\ELDON5_20250514_050200.wav,20250514
2859,2862,Sturnella magna,Eastern Meadowlark,0.0425,D:/AcousticMonitoringData/ELDON5_Data/Week18\ELDON5_20250514_050200.wav,20250514
2859,2862,Spizella pusilla,Field Sparrow,0.0194,D:/AcousticMonitoringData/ELDON5_Data/Week18\ELDON5_20250514_050200.wav,20250514
2859,2862,Eremophila alpestris,Horned Lark,0.0155,D:/AcousticMonitoringData/ELDON5_Data/Week18\ELDON5_20250514_050200.wav,20250514
2862,2865,Sturnella magna,Eastern Meadowlark,0.015,D:/AcousticMonitoringData/ELDON5_Data/Week18\ELDON5_20250514_050200.wav,20250514
2862,2865,Spizella pusilla,Field Sparrow,0.0117,D:/AcousticMonitoringData/ELDON5_Data/Week18\ELDON5_20250514_050200.wav,20250514
2865,2868,Passerina caerulea,Blue Grosbeak,0.0255,D:/AcousticMonitoringData/ELDON5_Data/Week18\ELDON5_20250514_050200.wav,20250514
2865,2868,Geothlypis trichas,Common Yellowthroat,0.0251,D:/AcousticMonitoringData/ELDON5_Data/Week18\ELDON5_20250514_050200.wav,20250514
2865,2868,Spizella pusilla,Field Sparrow,0.0193,D:/AcousticMonitoringData/ELDON5_Data/Week18\ELDON5_20250514_050200.wav,20250514
2865,2868,Sturnella magna,Eastern Meadowlark,0.0154,D:/AcousticMonitoringData/ELDON5_Data/Week18\ELDON5_20250514_050200.wav,20250514
2868,2871,Sturnella magna,Eastern Meadowlark,0.0126,D:/AcousticMonitoringData/ELDON5_Data/Week18\ELDON5_20250514_050200.wav,20250514
2871,2874,Sturnella magna,Eastern Meadowlark,0.0157,D:/AcousticMonitoringData/ELDON5_Data/Week18\ELDON5_20250514_050200.wav,20250514
2874,2877,Spizella pusilla,Field Sparrow,0.0117,D:/AcousticMonitoringData/ELDON5_Data/Week18\ELDON5_20250514_050200.wav,20250514
2874,2877,Sturnella magna,Eastern Meadowlark,0.0105,D:/AcousticMonitoringData/ELDON5_Data/Week18\ELDON5_20250514_050200.wav,20250514
2877,2880,Sturnella magna,Eastern Meadowlark,0.0128,D:/AcousticMonitoringData/ELDON5_Data/Week18\ELDON5_20250514_050200.wav,20250514
2883,2886,Sturnella magna,Eastern Meadowlark,0.0349,D:/AcousticMonitoringData/ELDON5_Data/Week18\ELDON5_20250514_050200.wav,20250514
2883,2886,Spizella pusilla,Field Sparrow,0.0279,D:/AcousticMonitoringData/ELDON5_Data/Week18\ELDON5_20250514_050200.wav,20250514
2883,2886,Geothlypis trichas,Common Yellowthroat,0.0225,D:/AcousticMonitoringData/ELDON5_Data/Week18\ELDON5_20250514_050200.wav,20250514
2883,2886,Passerina caerulea,Blue Grosbeak,0.0127,D:/AcousticMonitoringData/ELDON5_Data/Week18\ELDON5_20250514_050200.wav,20250514
2889,2892,Sturnella magna,Eastern Meadowlark,0.012,D:/AcousticMonitoringData/ELDON5_Data/Week18\ELDON5_20250514_050200.wav,20250514
2889,2892,Spizella pusilla,Field Sparrow,0.0101,D:/AcousticMonitoringData/ELDON5_Data/Week18\ELDON5_20250514_050200.wav,20250514
2892,2895,Spizella pusilla,Field Sparrow,0.0225,D:/AcousticMonitoringData/ELDON5_Data/Week18\ELDON5_20250514_050200.wav,20250514
2892,2895,Sturnella magna,Eastern Meadowlark,0.0127,D:/AcousticMonitoringData/ELDON5_Data/Week18\ELDON5_20250514_050200.wav,20250514
2898,2901,Sturnella magna,Eastern Meadowlark,0.0218,D:/AcousticMonitoringData/ELDON5_Data/Week18\ELDON5_20250514_050200.wav,20250514
2898,2901,Passerina caerulea,Blue Grosbeak,0.018,D:/AcousticMonitoringData/ELDON5_Data/Week18\ELDON5_20250514_050200.wav,20250514
2901,2904,Passerina caerulea,Blue Grosbeak,0.0107,D:/AcousticMonitoringData/ELDON5_Data/Week18\ELDON5_20250514_050200.wav,20250514
2904,2907,Sturnella magna,Eastern Meadowlark,0.0122,D:/AcousticMonitoringData/ELDON5_Data/Week18\ELDON5_20250514_050200.wav,20250514
2904,2907,Spizella pusilla,Field Sparrow,0.0119,D:/AcousticMonitoringData/ELDON5_Data/Week18\ELDON5_20250514_050200.wav,20250514
2913,2916,Sturnella magna,Eastern Meadowlark,0.0161,D:/AcousticMonitoringData/ELDON5_Data/Week18\ELDON5_20250514_050200.wav,20250514
2913,2916,Spizella pusilla,Field Sparrow,0.0138,D:/AcousticMonitoringData/ELDON5_Data/Week18\ELDON5_20250514_050200.wav,20250514
2916,2919,Sturnella magna,Eastern Meadowlark,0.017,D:/AcousticMonitoringData/ELDON5_Data/Week18\ELDON5_20250514_050200.wav,20250514
2919,2922,Sturnella magna,Eastern Meadowlark,0.0129,D:/AcousticMonitoringData/ELDON5_Data/Week18\ELDON5_20250514_050200.wav,20250514
2922,2925,Spizella pusilla,Field Sparrow,0.0253,D:/AcousticMonitoringData/ELDON5_Data/Week18\ELDON5_20250514_050200.wav,20250514
2922,2925,Sturnella magna,Eastern Meadowlark,0.016,D:/AcousticMonitoringData/ELDON5_Data/Week18\ELDON5_20250514_050200.wav,20250514
2922,2925,Passerina caerulea,Blue Grosbeak,0.0122,D:/AcousticMonitoringData/ELDON5_Data/Week18\ELDON5_20250514_050200.wav,20250514
2925,2928,Sturnella magna,Eastern Meadowlark,0.0269,D:/AcousticMonitoringData/ELDON5_Data/Week18\ELDON5_20250514_050200.wav,20250514
2925,2928,Spizella pusilla,Field Sparrow,0.0146,D:/AcousticMonitoringData/ELDON5_Data/Week18\ELDON5_20250514_050200.wav,20250514
2925,2928,Passerina caerulea,Blue Grosbeak,0.013,D:/AcousticMonitoringData/ELDON5_Data/Week18\ELDON5_20250514_050200.wav,20250514
2928,2931,Sturnella magna,Eastern Meadowlark,0.0167,D:/AcousticMonitoringData/ELDON5_Data/Week18\ELDON5_20250514_050200.wav,20250514
2928,2931,Spizella pusilla,Field Sparrow,0.0166,D:/AcousticMonitoringData/ELDON5_Data/Week18\ELDON5_20250514_050200.wav,20250514
2928,2931,Passerina caerulea,Blue Grosbeak,0.0134,D:/AcousticMonitoringData/ELDON5_Data/Week18\ELDON5_20250514_050200.wav,20250514
2931,2934,Sturnella magna,Eastern Meadowlark,0.0353,D:/AcousticMonitoringData/ELDON5_Data/Week18\ELDON5_20250514_050200.wav,20250514
2931,2934,Spizella pusilla,Field Sparrow,0.0185,D:/AcousticMonitoringData/ELDON5_Data/Week18\ELDON5_20250514_050200.wav,20250514
2931,2934,Passerina caerulea,Blue Grosbeak,0.0121,D:/AcousticMonitoringData/ELDON5_Data/Week18\ELDON5_20250514_050200.wav,20250514
2931,2934,Eremophila alpestris,Horned Lark,0.0105,D:/AcousticMonitoringData/ELDON5_Data/Week18\ELDON5_20250514_050200.wav,20250514
2934,2937,Spizella pusilla,Field Sparrow,0.04,D:/AcousticMonitoringData/ELDON5_Data/Week18\ELDON5_20250514_050200.wav,20250514
2934,2937,Sturnella magna,Eastern Meadowlark,0.0344,D:/AcousticMonitoringData/ELDON5_Data/Week18\ELDON5_20250514_050200.wav,20250514
2934,2937,Passerina caerulea,Blue Grosbeak,0.0123,D:/AcousticMonitoringData/ELDON5_Data/Week18\ELDON5_20250514_050200.wav,20250514
2937,2940,Sturnella magna,Eastern Meadowlark,0.0236,D:/AcousticMonitoringData/ELDON5_Data/Week18\ELDON5_20250514_050200.wav,20250514
2937,2940,Eremophila alpestris,Horned Lark,0.0115,D:/AcousticMonitoringData/ELDON5_Data/Week18\ELDON5_20250514_050200.wav,20250514
2937,2940,Spizella pusilla,Field Sparrow,0.0107,D:/AcousticMonitoringData/ELDON5_Data/Week18\ELDON5_20250514_050200.wav,20250514
2943,2946,Spizella pusilla,Field Sparrow,0.0252,D:/AcousticMonitoringData/ELDON5_Data/Week18\ELDON5_20250514_050200.wav,20250514
2943,2946,Sturnella magna,Eastern Meadowlark,0.0141,D:/AcousticMonitoringData/ELDON5_Data/Week18\ELDON5_20250514_050200.wav,20250514
2943,2946,Passerina caerulea,Blue Grosbeak,0.014,D:/AcousticMonitoringData/ELDON5_Data/Week18\ELDON5_20250514_050200.wav,20250514
2946,2949,Sturnella magna,Eastern Meadowlark,0.0442,D:/AcousticMonitoringData/ELDON5_Data/Week18\ELDON5_20250514_050200.wav,20250514
2946,2949,Spizella pusilla,Field Sparrow,0.0119,D:/AcousticMonitoringData/ELDON5_Data/Week18\ELDON5_20250514_050200.wav,20250514
2946,2949,Passerina caerulea,Blue Grosbeak,0.0111,D:/AcousticMonitoringData/ELDON5_Data/Week18\ELDON5_20250514_050200.wav,20250514
2946,2949,Eremophila alpestris,Horned Lark,0.0106,D:/AcousticMonitoringData/ELDON5_Data/Week18\ELDON5_20250514_050200.wav,20250514
2955,2958,Sturnella magna,Eastern Meadowlark,0.0141,D:/AcousticMonitoringData/ELDON5_Data/Week18\ELDON5_20250514_050200.wav,20250514
2958,2961,Passerina caerulea,Blue Grosbeak,0.0141,D:/AcousticMonitoringData/ELDON5_Data/Week18\ELDON5_20250514_050200.wav,20250514
2967,2970,Spizella pusilla,Field Sparrow,0.0194,D:/AcousticMonitoringData/ELDON5_Data/Week18\ELDON5_20250514_050200.wav,20250514
2967,2970,Sturnella magna,Eastern Meadowlark,0.0142,D:/AcousticMonitoringData/ELDON5_Data/Week18\ELDON5_20250514_050200.wav,20250514
2973,2976,Sturnella magna,Eastern Meadowlark,0.0219,D:/AcousticMonitoringData/ELDON5_Data/Week18\ELDON5_20250514_050200.wav,20250514
2973,2976,Spizella pusilla,Field Sparrow,0.0114,D:/AcousticMonitoringData/ELDON5_Data/Week18\ELDON5_20250514_050200.wav,20250514
2979,2982,Spizella pusilla,Field Sparrow,0.0105,D:/AcousticMonitoringData/ELDON5_Data/Week18\ELDON5_20250514_050200.wav,20250514
2988,2991,Sturnella magna,Eastern Meadowlark,0.011,D:/AcousticMonitoringData/ELDON5_Data/Week18\ELDON5_20250514_050200.wav,20250514
2994,2997,Sturnella magna,Eastern Meadowlark,0.0161,D:/AcousticMonitoringData/ELDON5_Data/Week18\ELDON5_20250514_050200.wav,20250514
2997,3000,Sturnella magna,Eastern Meadowlark,0.0132,D:/AcousticMonitoringData/ELDON5_Data/Week18\ELDON5_20250514_050200.wav,20250514
3003,3006,Spizella pusilla,Field Sparrow,0.0474,D:/AcousticMonitoringData/ELDON5_Data/Week18\ELDON5_20250514_050200.wav,20250514
3003,3006,Sturnella magna,Eastern Meadowlark,0.0203,D:/AcousticMonitoringData/ELDON5_Data/Week18\ELDON5_20250514_050200.wav,20250514
3003,3006,Passerina caerulea,Blue Grosbeak,0.0109,D:/AcousticMonitoringData/ELDON5_Data/Week18\ELDON5_20250514_050200.wav,20250514
3006,3009,Sturnella magna,Eastern Meadowlark,0.0134,D:/AcousticMonitoringData/ELDON5_Data/Week18\ELDON5_20250514_050200.wav,20250514
3018,3021,Sturnella magna,Eastern Meadowlark,0.01,D:/AcousticMonitoringData/ELDON5_Data/Week18\ELDON5_20250514_050200.wav,20250514
3021,3024,Spizella pusilla,Field Sparrow,0.0228,D:/AcousticMonitoringData/ELDON5_Data/Week18\ELDON5_20250514_050200.wav,20250514
3021,3024,Sturnella magna,Eastern Meadowlark,0.0111,D:/AcousticMonitoringData/ELDON5_Data/Week18\ELDON5_20250514_050200.wav,20250514
3024,3027,Spizella pusilla,Field Sparrow,0.0175,D:/AcousticMonitoringData/ELDON5_Data/Week18\ELDON5_20250514_050200.wav,20250514
3027,3030,Sturnella magna,Eastern Meadowlark,0.0138,D:/AcousticMonitoringData/ELDON5_Data/Week18\ELDON5_20250514_050200.wav,20250514
3030,3033,Sturnella magna,Eastern Meadowlark,0.0188,D:/AcousticMonitoringData/ELDON5_Data/Week18\ELDON5_20250514_050200.wav,20250514
3030,3033,Spizella pusilla,Field Sparrow,0.0118,D:/AcousticMonitoringData/ELDON5_Data/Week18\ELDON5_20250514_050200.wav,20250514
3033,3036,Spizella pusilla,Field Sparrow,0.0109,D:/AcousticMonitoringData/ELDON5_Data/Week18\ELDON5_20250514_050200.wav,20250514
3051,3054,Geothlypis trichas,Common Yellowthroat,0.0273,D:/AcousticMonitoringData/ELDON5_Data/Week18\ELDON5_20250514_050200.wav,20250514
3054,3057,Geothlypis trichas,Common Yellowthroat,0.0436,D:/AcousticMonitoringData/ELDON5_Data/Week18\ELDON5_20250514_050200.wav,20250514
3057,3060,Sturnella magna,Eastern Meadowlark,0.0216,D:/AcousticMonitoringData/ELDON5_Data/Week18\ELDON5_20250514_050200.wav,20250514
3060,3063,Passerina caerulea,Blue Grosbeak,0.0389,D:/AcousticMonitoringData/ELDON5_Data/Week18\ELDON5_20250514_050200.wav,20250514
3060,3063,Sturnella magna,Eastern Meadowlark,0.0275,D:/AcousticMonitoringData/ELDON5_Data/Week18\ELDON5_20250514_050200.wav,20250514
3060,3063,Spizella pusilla,Field Sparrow,0.0159,D:/AcousticMonitoringData/ELDON5_Data/Week18\ELDON5_20250514_050200.wav,20250514
3063,3066,Spizella pusilla,Field Sparrow,0.0302,D:/AcousticMonitoringData/ELDON5_Data/Week18\ELDON5_20250514_050200.wav,20250514
3063,3066,Sturnella magna,Eastern Meadowlark,0.018,D:/AcousticMonitoringData/ELDON5_Data/Week18\ELDON5_20250514_050200.wav,20250514
3066,3069,Sturnella magna,Eastern Meadowlark,0.0233,D:/AcousticMonitoringData/ELDON5_Data/Week18\ELDON5_20250514_050200.wav,20250514
3066,3069,Spizella pusilla,Field Sparrow,0.0176,D:/AcousticMonitoringData/ELDON5_Data/Week18\ELDON5_20250514_050200.wav,20250514
3072,3075,Geothlypis trichas,Common Yellowthroat,0.0488,D:/AcousticMonitoringData/ELDON5_Data/Week18\ELDON5_20250514_050200.wav,20250514
3072,3075,Melospiza melodia,Song Sparrow,0.0283,D:/AcousticMonitoringData/ELDON5_Data/Week18\ELDON5_20250514_050200.wav,20250514
3072,3075,Spizella pusilla,Field Sparrow,0.0242,D:/AcousticMonitoringData/ELDON5_Data/Week18\ELDON5_20250514_050200.wav,20250514
3072,3075,Passerina caerulea,Blue Grosbeak,0.0131,D:/AcousticMonitoringData/ELDON5_Data/Week18\ELDON5_20250514_050200.wav,20250514
3075,3078,Passerina caerulea,Blue Grosbeak,0.0175,D:/AcousticMonitoringData/ELDON5_Data/Week18\ELDON5_20250514_050200.wav,20250514
3075,3078,Spizella pusilla,Field Sparrow,0.0134,D:/AcousticMonitoringData/ELDON5_Data/Week18\ELDON5_20250514_050200.wav,20250514
3084,3087,Spizella pusilla,Field Sparrow,0.0883,D:/AcousticMonitoringData/ELDON5_Data/Week18\ELDON5_20250514_050200.wav,20250514
3084,3087,Sturnella magna,Eastern Meadowlark,0.0392,D:/AcousticMonitoringData/ELDON5_Data/Week18\ELDON5_20250514_050200.wav,20250514
3090,3093,Sturnella magna,Eastern Meadowlark,0.0158,D:/AcousticMonitoringData/ELDON5_Data/Week18\ELDON5_20250514_050200.wav,20250514
3090,3093,Spizella pusilla,Field Sparrow,0.0148,D:/AcousticMonitoringData/ELDON5_Data/Week18\ELDON5_20250514_050200.wav,20250514
3090,3093,Passerina caerulea,Blue Grosbeak,0.0136,D:/AcousticMonitoringData/ELDON5_Data/Week18\ELDON5_20250514_050200.wav,20250514
3096,3099,Spizella pusilla,Field Sparrow,0.0567,D:/AcousticMonitoringData/ELDON5_Data/Week18\ELDON5_20250514_050200.wav,20250514
3096,3099,Passerina caerulea,Blue Grosbeak,0.0226,D:/AcousticMonitoringData/ELDON5_Data/Week18\ELDON5_20250514_050200.wav,20250514
3096,3099,Sturnella magna,Eastern Meadowlark,0.0223,D:/AcousticMonitoringData/ELDON5_Data/Week18\ELDON5_20250514_050200.wav,20250514
3096,3099,Geothlypis trichas,Common Yellowthroat,0.0101,D:/AcousticMonitoringData/ELDON5_Data/Week18\ELDON5_20250514_050200.wav,20250514
3099,3102,Sturnella magna,Eastern Meadowlark,0.0137,D:/AcousticMonitoringData/ELDON5_Data/Week18\ELDON5_20250514_050200.wav,20250514
3108,3111,Spizella pusilla,Field Sparrow,0.0263,D:/AcousticMonitoringData/ELDON5_Data/Week18\ELDON5_20250514_050200.wav,20250514
3108,3111,Sturnella magna,Eastern Meadowlark,0.0179,D:/AcousticMonitoringData/ELDON5_Data/Week18\ELDON5_20250514_050200.wav,20250514
3111,3114,Sturnella magna,Eastern Meadowlark,0.0395,D:/AcousticMonitoringData/ELDON5_Data/Week18\ELDON5_20250514_050200.wav,20250514
3111,3114,Spizella pusilla,Field Sparrow,0.0121,D:/AcousticMonitoringData/ELDON5_Data/Week18\ELDON5_20250514_050200.wav,20250514
3117,3120,Spizella pusilla,Field Sparrow,0.0149,D:/AcousticMonitoringData/ELDON5_Data/Week18\ELDON5_20250514_050200.wav,20250514
3123,3126,Sturnella magna,Eastern Meadowlark,0.0128,D:/AcousticMonitoringData/ELDON5_Data/Week18\ELDON5_20250514_050200.wav,20250514
3129,3132,Spizella pusilla,Field Sparrow,0.0268,D:/AcousticMonitoringData/ELDON5_Data/Week18\ELDON5_20250514_050200.wav,20250514
3132,3135,Sturnella magna,Eastern Meadowlark,0.0184,D:/AcousticMonitoringData/ELDON5_Data/Week18\ELDON5_20250514_050200.wav,20250514
3135,3138,Sturnella magna,Eastern Meadowlark,0.0175,D:/AcousticMonitoringData/ELDON5_Data/Week18\ELDON5_20250514_050200.wav,20250514
3138,3141,Spizella pusilla,Field Sparrow,0.0143,D:/AcousticMonitoringData/ELDON5_Data/Week18\ELDON5_20250514_050200.wav,20250514
3138,3141,Sturnella magna,Eastern Meadowlark,0.011,D:/AcousticMonitoringData/ELDON5_Data/Week18\ELDON5_20250514_050200.wav,20250514
3144,3147,Sturnella magna,Eastern Meadowlark,0.0212,D:/AcousticMonitoringData/ELDON5_Data/Week18\ELDON5_20250514_050200.wav,20250514
3144,3147,Spizella pusilla,Field Sparrow,0.0128,D:/AcousticMonitoringData/ELDON5_Data/Week18\ELDON5_20250514_050200.wav,20250514
3144,3147,Passerina caerulea,Blue Grosbeak,0.0124,D:/AcousticMonitoringData/ELDON5_Data/Week18\ELDON5_20250514_050200.wav,20250514
3150,3153,Sturnella magna,Eastern Meadowlark,0.0112,D:/AcousticMonitoringData/ELDON5_Data/Week18\ELDON5_20250514_050200.wav,20250514
3156,3159,Sturnella magna,Eastern Meadowlark,0.0275,D:/AcousticMonitoringData/ELDON5_Data/Week18\ELDON5_20250514_050200.wav,20250514
3156,3159,Spizella pusilla,Field Sparrow,0.0224,D:/AcousticMonitoringData/ELDON5_Data/Week18\ELDON5_20250514_050200.wav,20250514
3159,3162,Spizella pusilla,Field Sparrow,0.0377,D:/AcousticMonitoringData/ELDON5_Data/Week18\ELDON5_20250514_050200.wav,20250514
3159,3162,Sturnella magna,Eastern Meadowlark,0.0131,D:/AcousticMonitoringData/ELDON5_Data/Week18\ELDON5_20250514_050200.wav,20250514
3168,3171,Spizella pusilla,Field Sparrow,0.0236,D:/AcousticMonitoringData/ELDON5_Data/Week18\ELDON5_20250514_050200.wav,20250514
3168,3171,Sturnella magna,Eastern Meadowlark,0.0196,D:/AcousticMonitoringData/ELDON5_Data/Week18\ELDON5_20250514_050200.wav,20250514
3180,3183,Sturnella magna,Eastern Meadowlark,0.0118,D:/AcousticMonitoringData/ELDON5_Data/Week18\ELDON5_20250514_050200.wav,20250514
3183,3186,Spizella pusilla,Field Sparrow,0.0229,D:/AcousticMonitoringData/ELDON5_Data/Week18\ELDON5_20250514_050200.wav,20250514
3183,3186,Passerina caerulea,Blue Grosbeak,0.0111,D:/AcousticMonitoringData/ELDON5_Data/Week18\ELDON5_20250514_050200.wav,20250514
3189,3192,Sturnella magna,Eastern Meadowlark,0.0172,D:/AcousticMonitoringData/ELDON5_Data/Week18\ELDON5_20250514_050200.wav,20250514
3189,3192,Spizella pusilla,Field Sparrow,0.0133,D:/AcousticMonitoringData/ELDON5_Data/Week18\ELDON5_20250514_050200.wav,20250514
3192,3195,Sturnella magna,Eastern Meadowlark,0.0117,D:/AcousticMonitoringData/ELDON5_Data/Week18\ELDON5_20250514_050200.wav,20250514
3195,3198,Spizella pusilla,Field Sparrow,0.0452,D:/AcousticMonitoringData/ELDON5_Data/Week18\ELDON5_20250514_050200.wav,20250514
3195,3198,Passerina caerulea,Blue Grosbeak,0.0113,D:/AcousticMonitoringData/ELDON5_Data/Week18\ELDON5_20250514_050200.wav,20250514
3198,3201,Sturnella magna,Eastern Meadowlark,0.0129,D:/AcousticMonitoringData/ELDON5_Data/Week18\ELDON5_20250514_050200.wav,20250514
3201,3204,Spizella pusilla,Field Sparrow,0.011,D:/AcousticMonitoringData/ELDON5_Data/Week18\ELDON5_20250514_050200.wav,20250514
3207,3210,Spizella pusilla,Field Sparrow,0.0485,D:/AcousticMonitoringData/ELDON5_Data/Week18\ELDON5_20250514_050200.wav,20250514
3207,3210,Sturnella magna,Eastern Meadowlark,0.0135,D:/AcousticMonitoringData/ELDON5_Data/Week18\ELDON5_20250514_050200.wav,20250514
3210,3213,Spizella pusilla,Field Sparrow,0.0211,D:/AcousticMonitoringData/ELDON5_Data/Week18\ELDON5_20250514_050200.wav,20250514
3210,3213,Sturnella magna,Eastern Meadowlark,0.012,D:/AcousticMonitoringData/ELDON5_Data/Week18\ELDON5_20250514_050200.wav,20250514
3213,3216,Spizella pusilla,Field Sparrow,0.017,D:/AcousticMonitoringData/ELDON5_Data/Week18\ELDON5_20250514_050200.wav,20250514
3213,3216,Geothlypis trichas,Common Yellowthroat,0.0137,D:/AcousticMonitoringData/ELDON5_Data/Week18\ELDON5_20250514_050200.wav,20250514
3216,3219,Spizella pusilla,Field Sparrow,0.0267,D:/AcousticMonitoringData/ELDON5_Data/Week18\ELDON5_20250514_050200.wav,20250514
3216,3219,Sturnella magna,Eastern Meadowlark,0.0223,D:/AcousticMonitoringData/ELDON5_Data/Week18\ELDON5_20250514_050200.wav,20250514
3219,3222,Spizella pusilla,Field Sparrow,0.0267,D:/AcousticMonitoringData/ELDON5_Data/Week18\ELDON5_20250514_050200.wav,20250514
3219,3222,Sturnella magna,Eastern Meadowlark,0.0231,D:/AcousticMonitoringData/ELDON5_Data/Week18\ELDON5_20250514_050200.wav,20250514
3222,3225,Spizella pusilla,Field Sparrow,0.0149,D:/AcousticMonitoringData/ELDON5_Data/Week18\ELDON5_20250514_050200.wav,20250514
3225,3228,Spizella pusilla,Field Sparrow,0.0145,D:/AcousticMonitoringData/ELDON5_Data/Week18\ELDON5_20250514_050200.wav,20250514
3225,3228,Sturnella magna,Eastern Meadowlark,0.0101,D:/AcousticMonitoringData/ELDON5_Data/Week18\ELDON5_20250514_050200.wav,20250514
3231,3234,Spizella pusilla,Field Sparrow,0.0282,D:/AcousticMonitoringData/ELDON5_Data/Week18\ELDON5_20250514_050200.wav,20250514
3231,3234,Sturnella magna,Eastern Meadowlark,0.0105,D:/AcousticMonitoringData/ELDON5_Data/Week18\ELDON5_20250514_050200.wav,20250514
3234,3237,Geothlypis trichas,Common Yellowthroat,0.0137,D:/AcousticMonitoringData/ELDON5_Data/Week18\ELDON5_20250514_050200.wav,20250514
3237,3240,Spizella pusilla,Field Sparrow,0.0308,D:/AcousticMonitoringData/ELDON5_Data/Week18\ELDON5_20250514_050200.wav,20250514
3237,3240,Sturnella magna,Eastern Meadowlark,0.0233,D:/AcousticMonitoringData/ELDON5_Data/Week18\ELDON5_20250514_050200.wav,20250514
3246,3249,Spizella pusilla,Field Sparrow,0.0227,D:/AcousticMonitoringData/ELDON5_Data/Week18\ELDON5_20250514_050200.wav,20250514
3246,3249,Sturnella magna,Eastern Meadowlark,0.0182,D:/AcousticMonitoringData/ELDON5_Data/Week18\ELDON5_20250514_050200.wav,20250514
3264,3267,Sturnella magna,Eastern Meadowlark,0.0157,D:/AcousticMonitoringData/ELDON5_Data/Week18\ELDON5_20250514_050200.wav,20250514
3264,3267,Passerina caerulea,Blue Grosbeak,0.01,D:/AcousticMonitoringData/ELDON5_Data/Week18\ELDON5_20250514_050200.wav,20250514
3273,3276,Spizella pusilla,Field Sparrow,0.0212,D:/AcousticMonitoringData/ELDON5_Data/Week18\ELDON5_20250514_050200.wav,20250514
3279,3282,Sturnella magna,Eastern Meadowlark,0.0104,D:/AcousticMonitoringData/ELDON5_Data/Week18\ELDON5_20250514_050200.wav,20250514
3282,3285,Sturnella magna,Eastern Meadowlark,0.0159,D:/AcousticMonitoringData/ELDON5_Data/Week18\ELDON5_20250514_050200.wav,20250514
3282,3285,Spizella pusilla,Field Sparrow,0.0108,D:/AcousticMonitoringData/ELDON5_Data/Week18\ELDON5_20250514_050200.wav,20250514
3285,3288,Sturnella magna,Eastern Meadowlark,0.0148,D:/AcousticMonitoringData/ELDON5_Data/Week18\ELDON5_20250514_050200.wav,20250514
3291,3294,Spizella pusilla,Field Sparrow,0.0224,D:/AcousticMonitoringData/ELDON5_Data/Week18\ELDON5_20250514_050200.wav,20250514
3291,3294,Sturnella magna,Eastern Meadowlark,0.0152,D:/AcousticMonitoringData/ELDON5_Data/Week18\ELDON5_20250514_050200.wav,20250514
3297,3300,Sturnella magna,Eastern Meadowlark,0.0142,D:/AcousticMonitoringData/ELDON5_Data/Week18\ELDON5_20250514_050200.wav,20250514
3297,3300,Spizella pusilla,Field Sparrow,0.0106,D:/AcousticMonitoringData/ELDON5_Data/Week18\ELDON5_20250514_050200.wav,20250514
3300,3303,Sturnella magna,Eastern Meadowlark,0.0419,D:/AcousticMonitoringData/ELDON5_Data/Week18\ELDON5_20250514_050200.wav,20250514
3300,3303,Spizella pusilla,Field Sparrow,0.0177,D:/AcousticMonitoringData/ELDON5_Data/Week18\ELDON5_20250514_050200.wav,20250514
3303,3306,Sturnella magna,Eastern Meadowlark,0.0143,D:/AcousticMonitoringData/ELDON5_Data/Week18\ELDON5_20250514_050200.wav,20250514
3303,3306,Spizella pusilla,Field Sparrow,0.0136,D:/AcousticMonitoringData/ELDON5_Data/Week18\ELDON5_20250514_050200.wav,20250514
3312,3315,Spizella pusilla,Field Sparrow,0.0405,D:/AcousticMonitoringData/ELDON5_Data/Week18\ELDON5_20250514_050200.wav,20250514
3312,3315,Sturnella magna,Eastern Meadowlark,0.0268,D:/AcousticMonitoringData/ELDON5_Data/Week18\ELDON5_20250514_050200.wav,20250514
3312,3315,Passerina caerulea,Blue Grosbeak,0.0178,D:/AcousticMonitoringData/ELDON5_Data/Week18\ELDON5_20250514_050200.wav,20250514
3321,3324,Spizella pusilla,Field Sparrow,0.0379,D:/AcousticMonitoringData/ELDON5_Data/Week18\ELDON5_20250514_050200.wav,20250514
3321,3324,Sturnella magna,Eastern Meadowlark,0.024,D:/AcousticMonitoringData/ELDON5_Data/Week18\ELDON5_20250514_050200.wav,20250514
3330,3333,Spizella pusilla,Field Sparrow,0.0162,D:/AcousticMonitoringData/ELDON5_Data/Week18\ELDON5_20250514_050200.wav,20250514
3330,3333,Sturnella magna,Eastern Meadowlark,0.0117,D:/AcousticMonitoringData/ELDON5_Data/Week18\ELDON5_20250514_050200.wav,20250514
3333,3336,Sturnella magna,Eastern Meadowlark,0.0289,D:/AcousticMonitoringData/ELDON5_Data/Week18\ELDON5_20250514_050200.wav,20250514
3333,3336,Spizella pusilla,Field Sparrow,0.0275,D:/AcousticMonitoringData/ELDON5_Data/Week18\ELDON5_20250514_050200.wav,20250514
3336,3339,Sturnella magna,Eastern Meadowlark,0.0131,D:/AcousticMonitoringData/ELDON5_Data/Week18\ELDON5_20250514_050200.wav,20250514
3351,3354,Spizella pusilla,Field Sparrow,0.0286,D:/AcousticMonitoringData/ELDON5_Data/Week18\ELDON5_20250514_050200.wav,20250514
3351,3354,Sturnella magna,Eastern Meadowlark,0.0268,D:/AcousticMonitoringData/ELDON5_Data/Week18\ELDON5_20250514_050200.wav,20250514
3354,3357,Spizella pusilla,Field Sparrow,0.0286,D:/AcousticMonitoringData/ELDON5_Data/Week18\ELDON5_20250514_050200.wav,20250514
3354,3357,Passerina caerulea,Blue Grosbeak,0.0205,D:/AcousticMonitoringData/ELDON5_Data/Week18\ELDON5_20250514_050200.wav,20250514
3354,3357,Sturnella magna,Eastern Meadowlark,0.0108,D:/AcousticMonitoringData/ELDON5_Data/Week18\ELDON5_20250514_050200.wav,20250514
3372,3375,Spizella pusilla,Field Sparrow,0.0112,D:/AcousticMonitoringData/ELDON5_Data/Week18\ELDON5_20250514_050200.wav,20250514
3372,3375,Sturnella magna,Eastern Meadowlark,0.0102,D:/AcousticMonitoringData/ELDON5_Data/Week18\ELDON5_20250514_050200.wav,20250514
3378,3381,Spizella pusilla,Field Sparrow,0.0154,D:/AcousticMonitoringData/ELDON5_Data/Week18\ELDON5_20250514_050200.wav,20250514
3381,3384,Spizella pusilla,Field Sparrow,0.0361,D:/AcousticMonitoringData/ELDON5_Data/Week18\ELDON5_20250514_050200.wav,20250514
3381,3384,Passerina caerulea,Blue Grosbeak,0.0166,D:/AcousticMonitoringData/ELDON5_Data/Week18\ELDON5_20250514_050200.wav,20250514
3381,3384,Sturnella magna,Eastern Meadowlark,0.0144,D:/AcousticMonitoringData/ELDON5_Data/Week18\ELDON5_20250514_050200.wav,20250514
3399,3402,Spizella pusilla,Field Sparrow,0.0239,D:/AcousticMonitoringData/ELDON5_Data/Week18\ELDON5_20250514_050200.wav,20250514
3399,3402,Sturnella magna,Eastern Meadowlark,0.0207,D:/AcousticMonitoringData/ELDON5_Data/Week18\ELDON5_20250514_050200.wav,20250514
3399,3402,Passerina caerulea,Blue Grosbeak,0.0137,D:/AcousticMonitoringData/ELDON5_Data/Week18\ELDON5_20250514_050200.wav,20250514
3402,3405,Sturnella magna,Eastern Meadowlark,0.0119,D:/AcousticMonitoringData/ELDON5_Data/Week18\ELDON5_20250514_050200.wav,20250514
3402,3405,Spizella pusilla,Field Sparrow,0.0105,D:/AcousticMonitoringData/ELDON5_Data/Week18\ELDON5_20250514_050200.wav,20250514
3408,3411,Sturnella magna,Eastern Meadowlark,0.0222,D:/AcousticMonitoringData/ELDON5_Data/Week18\ELDON5_20250514_050200.wav,20250514
3408,3411,Spizella pusilla,Field Sparrow,0.0142,D:/AcousticMonitoringData/ELDON5_Data/Week18\ELDON5_20250514_050200.wav,20250514
3411,3414,Sturnella magna,Eastern Meadowlark,0.0118,D:/AcousticMonitoringData/ELDON5_Data/Week18\ELDON5_20250514_050200.wav,20250514
3417,3420,Sturnella magna,Eastern Meadowlark,0.0167,D:/AcousticMonitoringData/ELDON5_Data/Week18\ELDON5_20250514_050200.wav,20250514
3417,3420,Passerina caerulea,Blue Grosbeak,0.0121,D:/AcousticMonitoringData/ELDON5_Data/Week18\ELDON5_20250514_050200.wav,20250514
3417,3420,Spizella pusilla,Field Sparrow,0.0113,D:/AcousticMonitoringData/ELDON5_Data/Week18\ELDON5_20250514_050200.wav,20250514
3420,3423,Sturnella magna,Eastern Meadowlark,0.0191,D:/AcousticMonitoringData/ELDON5_Data/Week18\ELDON5_20250514_050200.wav,20250514
3420,3423,Spizella pusilla,Field Sparrow,0.0183,D:/AcousticMonitoringData/ELDON5_Data/Week18\ELDON5_20250514_050200.wav,20250514
3420,3423,Geothlypis trichas,Common Yellowthroat,0.014,D:/AcousticMonitoringData/ELDON5_Data/Week18\ELDON5_20250514_050200.wav,20250514
3420,3423,Passerina caerulea,Blue Grosbeak,0.0113,D:/AcousticMonitoringData/ELDON5_Data/Week18\ELDON5_20250514_050200.wav,20250514
3426,3429,Sturnella magna,Eastern Meadowlark,0.014,D:/AcousticMonitoringData/ELDON5_Data/Week18\ELDON5_20250514_050200.wav,20250514
3429,3432,Sturnella magna,Eastern Meadowlark,0.022,D:/AcousticMonitoringData/ELDON5_Data/Week18\ELDON5_20250514_050200.wav,20250514
3432,3435,Sturnella magna,Eastern Meadowlark,0.0213,D:/AcousticMonitoringData/ELDON5_Data/Week18\ELDON5_20250514_050200.wav,20250514
3432,3435,Spizella pusilla,Field Sparrow,0.0202,D:/AcousticMonitoringData/ELDON5_Data/Week18\ELDON5_20250514_050200.wav,20250514
3435,3438,Spizella pusilla,Field Sparrow,0.0237,D:/AcousticMonitoringData/ELDON5_Data/Week18\ELDON5_20250514_050200.wav,20250514
3435,3438,Sturnella magna,Eastern Meadowlark,0.0103,D:/AcousticMonitoringData/ELDON5_Data/Week18\ELDON5_20250514_050200.wav,20250514
3438,3441,Sturnella magna,Eastern Meadowlark,0.0134,D:/AcousticMonitoringData/ELDON5_Data/Week18\ELDON5_20250514_050200.wav,20250514
3441,3444,Sturnella magna,Eastern Meadowlark,0.0117,D:/AcousticMonitoringData/ELDON5_Data/Week18\ELDON5_20250514_050200.wav,20250514
3444,3447,Geothlypis trichas,Common Yellowthroat,0.0136,D:/AcousticMonitoringData/ELDON5_Data/Week18\ELDON5_20250514_050200.wav,20250514
3444,3447,Spizella pusilla,Field Sparrow,0.0133,D:/AcousticMonitoringData/ELDON5_Data/Week18\ELDON5_20250514_050200.wav,20250514
3447,3450,Spizella pusilla,Field Sparrow,0.0181,D:/AcousticMonitoringData/ELDON5_Data/Week18\ELDON5_20250514_050200.wav,20250514
3447,3450,Sturnella magna,Eastern Meadowlark,0.0109,D:/AcousticMonitoringData/ELDON5_Data/Week18\ELDON5_20250514_050200.wav,20250514
3453,3456,Sturnella magna,Eastern Meadowlark,0.0142,D:/AcousticMonitoringData/ELDON5_Data/Week18\ELDON5_20250514_050200.wav,20250514
3453,3456,Spizella pusilla,Field Sparrow,0.0115,D:/AcousticMonitoringData/ELDON5_Data/Week18\ELDON5_20250514_050200.wav,20250514
3456,3459,Sturnella magna,Eastern Meadowlark,0.0188,D:/AcousticMonitoringData/ELDON5_Data/Week18\ELDON5_20250514_050200.wav,20250514
3456,3459,Spizella pusilla,Field Sparrow,0.012,D:/AcousticMonitoringData/ELDON5_Data/Week18\ELDON5_20250514_050200.wav,20250514
3459,3462,Spizella pusilla,Field Sparrow,0.0303,D:/AcousticMonitoringData/ELDON5_Data/Week18\ELDON5_20250514_050200.wav,20250514
3459,3462,Sturnella magna,Eastern Meadowlark,0.0271,D:/AcousticMonitoringData/ELDON5_Data/Week18\ELDON5_20250514_050200.wav,20250514
3459,3462,Passerina caerulea,Blue Grosbeak,0.0121,D:/AcousticMonitoringData/ELDON5_Data/Week18\ELDON5_20250514_050200.wav,20250514
3462,3465,Spizella pusilla,Field Sparrow,0.0163,D:/AcousticMonitoringData/ELDON5_Data/Week18\ELDON5_20250514_050200.wav,20250514
3462,3465,Sturnella magna,Eastern Meadowlark,0.0113,D:/AcousticMonitoringData/ELDON5_Data/Week18\ELDON5_20250514_050200.wav,20250514
3465,3468,Spizella pusilla,Field Sparrow,0.0199,D:/AcousticMonitoringData/ELDON5_Data/Week18\ELDON5_20250514_050200.wav,20250514
3465,3468,Sturnella magna,Eastern Meadowlark,0.0136,D:/AcousticMonitoringData/ELDON5_Data/Week18\ELDON5_20250514_050200.wav,20250514
3471,3474,Sturnella magna,Eastern Meadowlark,0.022,D:/AcousticMonitoringData/ELDON5_Data/Week18\ELDON5_20250514_050200.wav,20250514
3471,3474,Passerina caerulea,Blue Grosbeak,0.0127,D:/AcousticMonitoringData/ELDON5_Data/Week18\ELDON5_20250514_050200.wav,20250514
3477,3480,Sturnella magna,Eastern Meadowlark,0.021,D:/AcousticMonitoringData/ELDON5_Data/Week18\ELDON5_20250514_050200.wav,20250514
3477,3480,Spizella pusilla,Field Sparrow,0.0192,D:/AcousticMonitoringData/ELDON5_Data/Week18\ELDON5_20250514_050200.wav,20250514
3477,3480,Passerina caerulea,Blue Grosbeak,0.0104,D:/AcousticMonitoringData/ELDON5_Data/Week18\ELDON5_20250514_050200.wav,20250514
3486,3489,Sturnella magna,Eastern Meadowlark,0.0253,D:/AcousticMonitoringData/ELDON5_Data/Week18\ELDON5_20250514_050200.wav,20250514
3495,3498,Sturnella magna,Eastern Meadowlark,0.023,D:/AcousticMonitoringData/ELDON5_Data/Week18\ELDON5_20250514_050200.wav,20250514
3498,3501,Sturnella magna,Eastern Meadowlark,0.0161,D:/AcousticMonitoringData/ELDON5_Data/Week18\ELDON5_20250514_050200.wav,20250514
3501,3504,Sturnella magna,Eastern Meadowlark,0.0312,D:/AcousticMonitoringData/ELDON5_Data/Week18\ELDON5_20250514_050200.wav,20250514
3507,3510,Passerina caerulea,Blue Grosbeak,0.0111,D:/AcousticMonitoringData/ELDON5_Data/Week18\ELDON5_20250514_050200.wav,20250514
3510,3513,Geothlypis trichas,Common Yellowthroat,0.0229,D:/AcousticMonitoringData/ELDON5_Data/Week18\ELDON5_20250514_050200.wav,20250514
3510,3513,Passerina caerulea,Blue Grosbeak,0.013,D:/AcousticMonitoringData/ELDON5_Data/Week18\ELDON5_20250514_050200.wav,20250514
3513,3516,Geothlypis trichas,Common Yellowthroat,0.0336,D:/AcousticMonitoringData/ELDON5_Data/Week18\ELDON5_20250514_050200.wav,20250514
3513,3516,Melospiza melodia,Song Sparrow,0.0143,D:/AcousticMonitoringData/ELDON5_Data/Week18\ELDON5_20250514_050200.wav,20250514
3513,3516,Spizella pusilla,Field Sparrow,0.0138,D:/AcousticMonitoringData/ELDON5_Data/Week18\ELDON5_20250514_050200.wav,20250514
3513,3516,Sturnella magna,Eastern Meadowlark,0.0135,D:/AcousticMonitoringData/ELDON5_Data/Week18\ELDON5_20250514_050200.wav,20250514
3513,3516,Passerina caerulea,Blue Grosbeak,0.0111,D:/AcousticMonitoringData/ELDON5_Data/Week18\ELDON5_20250514_050200.wav,20250514
3516,3519,Geothlypis trichas,Common Yellowthroat,0.0447,D:/AcousticMonitoringData/ELDON5_Data/Week18\ELDON5_20250514_050200.wav,20250514
3516,3519,Melospiza melodia,Song Sparrow,0.0166,D:/AcousticMonitoringData/ELDON5_Data/Week18\ELDON5_20250514_050200.wav,20250514
3516,3519,Spizella pusilla,Field Sparrow,0.0121,D:/AcousticMonitoringData/ELDON5_Data/Week18\ELDON5_20250514_050200.wav,20250514
3519,3522,Passerina caerulea,Blue Grosbeak,0.022,D:/AcousticMonitoringData/ELDON5_Data/Week18\ELDON5_20250514_050200.wav,20250514
3522,3525,Sturnella magna,Eastern Meadowlark,0.0126,D:/AcousticMonitoringData/ELDON5_Data/Week18\ELDON5_20250514_050200.wav,20250514
3525,3528,Passerina caerulea,Blue Grosbeak,0.0136,D:/AcousticMonitoringData/ELDON5_Data/Week18\ELDON5_20250514_050200.wav,20250514
3531,3534,Sturnella magna,Eastern Meadowlark,0.0118,D:/AcousticMonitoringData/ELDON5_Data/Week18\ELDON5_20250514_050200.wav,20250514
3546,3549,Spizella pusilla,Field Sparrow,0.0205,D:/AcousticMonitoringData/ELDON5_Data/Week18\ELDON5_20250514_050200.wav,20250514
3546,3549,Sturnella magna,Eastern Meadowlark,0.0186,D:/AcousticMonitoringData/ELDON5_Data/Week18\ELDON5_20250514_050200.wav,20250514
3552,3555,Sturnella magna,Eastern Meadowlark,0.0158,D:/AcousticMonitoringData/ELDON5_Data/Week18\ELDON5_20250514_050200.wav,20250514
3555,3558,Sturnella magna,Eastern Meadowlark,0.0206,D:/AcousticMonitoringData/ELDON5_Data/Week18\ELDON5_20250514_050200.wav,20250514
3555,3558,Spizella pusilla,Field Sparrow,0.0205,D:/AcousticMonitoringData/ELDON5_Data/Week18\ELDON5_20250514_050200.wav,20250514
3558,3561,Spizella pusilla,Field Sparrow,0.0344,D:/AcousticMonitoringData/ELDON5_Data/Week18\ELDON5_20250514_050200.wav,20250514
3558,3561,Geothlypis trichas,Common Yellowthroat,0.019,D:/AcousticMonitoringData/ELDON5_Data/Week18\ELDON5_20250514_050200.wav,20250514
3558,3561,Sturnella magna,Eastern Meadowlark,0.0158,D:/AcousticMonitoringData/ELDON5_Data/Week18\ELDON5_20250514_050200.wav,20250514
3567,3570,Sturnella magna,Eastern Meadowlark,0.0187,D:/AcousticMonitoringData/ELDON5_Data/Week18\ELDON5_20250514_050200.wav,20250514
3567,3570,Spizella pusilla,Field Sparrow,0.0185,D:/AcousticMonitoringData/ELDON5_Data/Week18\ELDON5_20250514_050200.wav,20250514
3567,3570,Passerina caerulea,Blue Grosbeak,0.0107,D:/AcousticMonitoringData/ELDON5_Data/Week18\ELDON5_20250514_050200.wav,20250514
3570,3573,Spizella pusilla,Field Sparrow,0.0239,D:/AcousticMonitoringData/ELDON5_Data/Week18\ELDON5_20250514_050200.wav,20250514
3570,3573,Sturnella magna,Eastern Meadowlark,0.0207,D:/AcousticMonitoringData/ELDON5_Data/Week18\ELDON5_20250514_050200.wav,20250514
3573,3576,Sturnella magna,Eastern Meadowlark,0.0131,D:/AcousticMonitoringData/ELDON5_Data/Week18\ELDON5_20250514_050200.wav,20250514
3579,3582,Sturnella magna,Eastern Meadowlark,0.0125,D:/AcousticMonitoringData/ELDON5_Data/Week18\ELDON5_20250514_050200.wav,20250514
3582,3585,Sturnella magna,Eastern Meadowlark,0.0111,D:/AcousticMonitoringData/ELDON5_Data/Week18\ELDON5_20250514_050200.wav,20250514
3585,3588,Sturnella magna,Eastern Meadowlark,0.0119,D:/AcousticMonitoringData/ELDON5_Data/Week18\ELDON5_20250514_050200.wav,20250514
3591,3594,Sturnella magna,Eastern Meadowlark,0.0294,D:/AcousticMonitoringData/ELDON5_Data/Week18\ELDON5_20250514_050200.wav,20250514
3597,3600,Sturnella magna,Eastern Meadowlark,0.0156,D:/AcousticMonitoringData/ELDON5_Data/Week18\ELDON5_20250514_050200.wav,20250514
3597,3600,Spizella pusilla,Field Sparrow,0.0141,D:/AcousticMonitoringData/ELDON5_Data/Week18\ELDON5_20250514_050200.wav,20250514
3597,3600,Passerina caerulea,Blue Grosbeak,0.0125,D:/AcousticMonitoringData/ELDON5_Data/Week18\ELDON5_20250514_050200.wav,20250514
