Start (s),End (s),Scientific name,Common name,Confidence,File,Date
0,3,Sturnella magna,Eastern Meadowlark,0.6392,D:/AcousticMonitoringData/ELDON2_Data/Week18\ELDON2_20250508_060802.wav,20250508
0,3,Passerina caerulea,Blue Grosbeak,0.0136,D:/AcousticMonitoringData/ELDON2_Data/Week18\ELDON2_20250508_060802.wav,20250508
3,6,Sturnella magna,Eastern Meadowlark,0.044,D:/AcousticMonitoringData/ELDON2_Data/Week18\ELDON2_20250508_060802.wav,20250508
3,6,Geothlypis trichas,Common Yellowthroat,0.0306,D:/AcousticMonitoringData/ELDON2_Data/Week18\ELDON2_20250508_060802.wav,20250508
3,6,Passerina caerulea,Blue Grosbeak,0.0141,D:/AcousticMonitoringData/ELDON2_Data/Week18\ELDON2_20250508_060802.wav,20250508
9,12,Sturnella magna,Eastern Meadowlark,0.0284,D:/AcousticMonitoringData/ELDON2_Data/Week18\ELDON2_20250508_060802.wav,20250508
12,15,Sturnella magna,Eastern Meadowlark,0.8117,D:/AcousticMonitoringData/ELDON2_Data/Week18\ELDON2_20250508_060802.wav,20250508
15,18,Sturnella magna,Eastern Meadowlark,0.1566,D:/AcousticMonitoringData/ELDON2_Data/Week18\ELDON2_20250508_060802.wav,20250508
15,18,Geothlypis trichas,Common Yellowthroat,0.015,D:/AcousticMonitoringData/ELDON2_Data/Week18\ELDON2_20250508_060802.wav,20250508
15,18,Passerina caerulea,Blue Grosbeak,0.0133,D:/AcousticMonitoringData/ELDON2_Data/Week18\ELDON2_20250508_060802.wav,20250508
18,21,Sturnella magna,Eastern Meadowlark,0.9127,D:/AcousticMonitoringData/ELDON2_Data/Week18\ELDON2_20250508_060802.wav,20250508
21,24,Sturnella magna,Eastern Meadowlark,0.3765,D:/AcousticMonitoringData/ELDON2_Data/Week18\ELDON2_20250508_060802.wav,20250508
21,24,Spizella pusilla,Field Sparrow,0.0127,D:/AcousticMonitoringData/ELDON2_Data/Week18\ELDON2_20250508_060802.wav,20250508
24,27,Sturnella magna,Eastern Meadowlark,0.0536,D:/AcousticMonitoringData/ELDON2_Data/Week18\ELDON2_20250508_060802.wav,20250508
24,27,Passerina caerulea,Blue Grosbeak,0.0157,D:/AcousticMonitoringData/ELDON2_Data/Week18\ELDON2_20250508_060802.wav,20250508
27,30,Sturnella magna,Eastern Meadowlark,0.6265,D:/AcousticMonitoringData/ELDON2_Data/Week18\ELDON2_20250508_060802.wav,20250508
27,30,Passerina caerulea,Blue Grosbeak,0.0208,D:/AcousticMonitoringData/ELDON2_Data/Week18\ELDON2_20250508_060802.wav,20250508
27,30,Geothlypis trichas,Common Yellowthroat,0.0131,D:/AcousticMonitoringData/ELDON2_Data/Week18\ELDON2_20250508_060802.wav,20250508
30,33,Geothlypis trichas,Common Yellowthroat,0.0103,D:/AcousticMonitoringData/ELDON2_Data/Week18\ELDON2_20250508_060802.wav,20250508
33,36,Sturnella magna,Eastern Meadowlark,0.7924,D:/AcousticMonitoringData/ELDON2_Data/Week18\ELDON2_20250508_060802.wav,20250508
33,36,Geothlypis trichas,Common Yellowthroat,0.0217,D:/AcousticMonitoringData/ELDON2_Data/Week18\ELDON2_20250508_060802.wav,20250508
36,39,Sturnella magna,Eastern Meadowlark,0.0188,D:/AcousticMonitoringData/ELDON2_Data/Week18\ELDON2_20250508_060802.wav,20250508
36,39,Passerina caerulea,Blue Grosbeak,0.0168,D:/AcousticMonitoringData/ELDON2_Data/Week18\ELDON2_20250508_060802.wav,20250508
36,39,Geothlypis trichas,Common Yellowthroat,0.0132,D:/AcousticMonitoringData/ELDON2_Data/Week18\ELDON2_20250508_060802.wav,20250508
39,42,Sturnella magna,Eastern Meadowlark,0.8298,D:/AcousticMonitoringData/ELDON2_Data/Week18\ELDON2_20250508_060802.wav,20250508
42,45,Passerina caerulea,Blue Grosbeak,0.0104,D:/AcousticMonitoringData/ELDON2_Data/Week18\ELDON2_20250508_060802.wav,20250508
45,48,Sturnella magna,Eastern Meadowlark,0.5383,D:/AcousticMonitoringData/ELDON2_Data/Week18\ELDON2_20250508_060802.wav,20250508
45,48,Geothlypis trichas,Common Yellowthroat,0.0102,D:/AcousticMonitoringData/ELDON2_Data/Week18\ELDON2_20250508_060802.wav,20250508
48,51,Sturnella magna,Eastern Meadowlark,0.4099,D:/AcousticMonitoringData/ELDON2_Data/Week18\ELDON2_20250508_060802.wav,20250508
51,54,Sturnella magna,Eastern Meadowlark,0.0291,D:/AcousticMonitoringData/ELDON2_Data/Week18\ELDON2_20250508_060802.wav,20250508
54,57,Sturnella magna,Eastern Meadowlark,0.2644,D:/AcousticMonitoringData/ELDON2_Data/Week18\ELDON2_20250508_060802.wav,20250508
57,60,Geothlypis trichas,Common Yellowthroat,0.0316,D:/AcousticMonitoringData/ELDON2_Data/Week18\ELDON2_20250508_060802.wav,20250508
57,60,Sturnella magna,Eastern Meadowlark,0.0199,D:/AcousticMonitoringData/ELDON2_Data/Week18\ELDON2_20250508_060802.wav,20250508
60,63,Sturnella magna,Eastern Meadowlark,0.8437,D:/AcousticMonitoringData/ELDON2_Data/Week18\ELDON2_20250508_060802.wav,20250508
63,66,Sturnella magna,Eastern Meadowlark,0.6289,D:/AcousticMonitoringData/ELDON2_Data/Week18\ELDON2_20250508_060802.wav,20250508
66,69,Sturnella magna,Eastern Meadowlark,0.0127,D:/AcousticMonitoringData/ELDON2_Data/Week18\ELDON2_20250508_060802.wav,20250508
69,72,Sturnella magna,Eastern Meadowlark,0.6912,D:/AcousticMonitoringData/ELDON2_Data/Week18\ELDON2_20250508_060802.wav,20250508
72,75,Sturnella magna,Eastern Meadowlark,0.1909,D:/AcousticMonitoringData/ELDON2_Data/Week18\ELDON2_20250508_060802.wav,20250508
75,78,Sturnella magna,Eastern Meadowlark,0.2523,D:/AcousticMonitoringData/ELDON2_Data/Week18\ELDON2_20250508_060802.wav,20250508
75,78,Passerina caerulea,Blue Grosbeak,0.0139,D:/AcousticMonitoringData/ELDON2_Data/Week18\ELDON2_20250508_060802.wav,20250508
78,81,Sturnella magna,Eastern Meadowlark,0.0133,D:/AcousticMonitoringData/ELDON2_Data/Week18\ELDON2_20250508_060802.wav,20250508
78,81,Geothlypis trichas,Common Yellowthroat,0.013,D:/AcousticMonitoringData/ELDON2_Data/Week18\ELDON2_20250508_060802.wav,20250508
81,84,Sturnella magna,Eastern Meadowlark,0.2671,D:/AcousticMonitoringData/ELDON2_Data/Week18\ELDON2_20250508_060802.wav,20250508
84,87,Sturnella magna,Eastern Meadowlark,0.0331,D:/AcousticMonitoringData/ELDON2_Data/Week18\ELDON2_20250508_060802.wav,20250508
87,90,Sturnella magna,Eastern Meadowlark,0.149,D:/AcousticMonitoringData/ELDON2_Data/Week18\ELDON2_20250508_060802.wav,20250508
90,93,Sturnella magna,Eastern Meadowlark,0.8674,D:/AcousticMonitoringData/ELDON2_Data/Week18\ELDON2_20250508_060802.wav,20250508
93,96,Sturnella magna,Eastern Meadowlark,0.4636,D:/AcousticMonitoringData/ELDON2_Data/Week18\ELDON2_20250508_060802.wav,20250508
96,99,Sturnella magna,Eastern Meadowlark,0.0157,D:/AcousticMonitoringData/ELDON2_Data/Week18\ELDON2_20250508_060802.wav,20250508
99,102,Sturnella magna,Eastern Meadowlark,0.3768,D:/AcousticMonitoringData/ELDON2_Data/Week18\ELDON2_20250508_060802.wav,20250508
102,105,Sturnella magna,Eastern Meadowlark,0.3628,D:/AcousticMonitoringData/ELDON2_Data/Week18\ELDON2_20250508_060802.wav,20250508
105,108,Spizella pusilla,Field Sparrow,0.019,D:/AcousticMonitoringData/ELDON2_Data/Week18\ELDON2_20250508_060802.wav,20250508
105,108,Geothlypis trichas,Common Yellowthroat,0.0107,D:/AcousticMonitoringData/ELDON2_Data/Week18\ELDON2_20250508_060802.wav,20250508
108,111,Sturnella magna,Eastern Meadowlark,0.0904,D:/AcousticMonitoringData/ELDON2_Data/Week18\ELDON2_20250508_060802.wav,20250508
111,114,Sturnella magna,Eastern Meadowlark,0.0161,D:/AcousticMonitoringData/ELDON2_Data/Week18\ELDON2_20250508_060802.wav,20250508
114,117,Sturnella magna,Eastern Meadowlark,0.0895,D:/AcousticMonitoringData/ELDON2_Data/Week18\ELDON2_20250508_060802.wav,20250508
117,120,Sturnella magna,Eastern Meadowlark,0.7965,D:/AcousticMonitoringData/ELDON2_Data/Week18\ELDON2_20250508_060802.wav,20250508
120,123,Sturnella magna,Eastern Meadowlark,0.0427,D:/AcousticMonitoringData/ELDON2_Data/Week18\ELDON2_20250508_060802.wav,20250508
120,123,Geothlypis trichas,Common Yellowthroat,0.0119,D:/AcousticMonitoringData/ELDON2_Data/Week18\ELDON2_20250508_060802.wav,20250508
123,126,Sturnella magna,Eastern Meadowlark,0.11,D:/AcousticMonitoringData/ELDON2_Data/Week18\ELDON2_20250508_060802.wav,20250508
126,129,Sturnella magna,Eastern Meadowlark,0.3036,D:/AcousticMonitoringData/ELDON2_Data/Week18\ELDON2_20250508_060802.wav,20250508
126,129,Passerina caerulea,Blue Grosbeak,0.0119,D:/AcousticMonitoringData/ELDON2_Data/Week18\ELDON2_20250508_060802.wav,20250508
129,132,Sturnella magna,Eastern Meadowlark,0.4303,D:/AcousticMonitoringData/ELDON2_Data/Week18\ELDON2_20250508_060802.wav,20250508
129,132,Passerina caerulea,Blue Grosbeak,0.0129,D:/AcousticMonitoringData/ELDON2_Data/Week18\ELDON2_20250508_060802.wav,20250508
132,135,Geothlypis trichas,Common Yellowthroat,0.0159,D:/AcousticMonitoringData/ELDON2_Data/Week18\ELDON2_20250508_060802.wav,20250508
132,135,Sturnella magna,Eastern Meadowlark,0.0126,D:/AcousticMonitoringData/ELDON2_Data/Week18\ELDON2_20250508_060802.wav,20250508
135,138,Sturnella magna,Eastern Meadowlark,0.2187,D:/AcousticMonitoringData/ELDON2_Data/Week18\ELDON2_20250508_060802.wav,20250508
135,138,Passerina caerulea,Blue Grosbeak,0.01,D:/AcousticMonitoringData/ELDON2_Data/Week18\ELDON2_20250508_060802.wav,20250508
138,141,Sturnella magna,Eastern Meadowlark,0.4279,D:/AcousticMonitoringData/ELDON2_Data/Week18\ELDON2_20250508_060802.wav,20250508
141,144,Geothlypis trichas,Common Yellowthroat,0.0103,D:/AcousticMonitoringData/ELDON2_Data/Week18\ELDON2_20250508_060802.wav,20250508
144,147,Geothlypis trichas,Common Yellowthroat,0.0272,D:/AcousticMonitoringData/ELDON2_Data/Week18\ELDON2_20250508_060802.wav,20250508
144,147,Sturnella magna,Eastern Meadowlark,0.0141,D:/AcousticMonitoringData/ELDON2_Data/Week18\ELDON2_20250508_060802.wav,20250508
147,150,Sturnella magna,Eastern Meadowlark,0.1685,D:/AcousticMonitoringData/ELDON2_Data/Week18\ELDON2_20250508_060802.wav,20250508
147,150,Passerina caerulea,Blue Grosbeak,0.0122,D:/AcousticMonitoringData/ELDON2_Data/Week18\ELDON2_20250508_060802.wav,20250508
147,150,Geothlypis trichas,Common Yellowthroat,0.0103,D:/AcousticMonitoringData/ELDON2_Data/Week18\ELDON2_20250508_060802.wav,20250508
150,153,Sturnella magna,Eastern Meadowlark,0.6616,D:/AcousticMonitoringData/ELDON2_Data/Week18\ELDON2_20250508_060802.wav,20250508
153,156,Sturnella magna,Eastern Meadowlark,0.3862,D:/AcousticMonitoringData/ELDON2_Data/Week18\ELDON2_20250508_060802.wav,20250508
156,159,Sturnella magna,Eastern Meadowlark,0.0411,D:/AcousticMonitoringData/ELDON2_Data/Week18\ELDON2_20250508_060802.wav,20250508
156,159,Geothlypis trichas,Common Yellowthroat,0.0222,D:/AcousticMonitoringData/ELDON2_Data/Week18\ELDON2_20250508_060802.wav,20250508
159,162,Sturnella magna,Eastern Meadowlark,0.1751,D:/AcousticMonitoringData/ELDON2_Data/Week18\ELDON2_20250508_060802.wav,20250508
159,162,Passerina caerulea,Blue Grosbeak,0.0146,D:/AcousticMonitoringData/ELDON2_Data/Week18\ELDON2_20250508_060802.wav,20250508
162,165,Geothlypis trichas,Common Yellowthroat,0.015,D:/AcousticMonitoringData/ELDON2_Data/Week18\ELDON2_20250508_060802.wav,20250508
165,168,Sturnella magna,Eastern Meadowlark,0.3353,D:/AcousticMonitoringData/ELDON2_Data/Week18\ELDON2_20250508_060802.wav,20250508
168,171,Sturnella magna,Eastern Meadowlark,0.3431,D:/AcousticMonitoringData/ELDON2_Data/Week18\ELDON2_20250508_060802.wav,20250508
168,171,Passerina caerulea,Blue Grosbeak,0.0183,D:/AcousticMonitoringData/ELDON2_Data/Week18\ELDON2_20250508_060802.wav,20250508
171,174,Passerina caerulea,Blue Grosbeak,0.0108,D:/AcousticMonitoringData/ELDON2_Data/Week18\ELDON2_20250508_060802.wav,20250508
174,177,Sturnella magna,Eastern Meadowlark,0.1651,D:/AcousticMonitoringData/ELDON2_Data/Week18\ELDON2_20250508_060802.wav,20250508
174,177,Passerina caerulea,Blue Grosbeak,0.0133,D:/AcousticMonitoringData/ELDON2_Data/Week18\ELDON2_20250508_060802.wav,20250508
177,180,Sturnella magna,Eastern Meadowlark,0.027,D:/AcousticMonitoringData/ELDON2_Data/Week18\ELDON2_20250508_060802.wav,20250508
180,183,Sturnella magna,Eastern Meadowlark,0.0804,D:/AcousticMonitoringData/ELDON2_Data/Week18\ELDON2_20250508_060802.wav,20250508
183,186,Sturnella magna,Eastern Meadowlark,0.3764,D:/AcousticMonitoringData/ELDON2_Data/Week18\ELDON2_20250508_060802.wav,20250508
183,186,Spizella pusilla,Field Sparrow,0.0177,D:/AcousticMonitoringData/ELDON2_Data/Week18\ELDON2_20250508_060802.wav,20250508
183,186,Passerina caerulea,Blue Grosbeak,0.013,D:/AcousticMonitoringData/ELDON2_Data/Week18\ELDON2_20250508_060802.wav,20250508
186,189,Sturnella magna,Eastern Meadowlark,0.0581,D:/AcousticMonitoringData/ELDON2_Data/Week18\ELDON2_20250508_060802.wav,20250508
189,192,Sturnella magna,Eastern Meadowlark,0.1675,D:/AcousticMonitoringData/ELDON2_Data/Week18\ELDON2_20250508_060802.wav,20250508
189,192,Passerina caerulea,Blue Grosbeak,0.0231,D:/AcousticMonitoringData/ELDON2_Data/Week18\ELDON2_20250508_060802.wav,20250508
189,192,Geothlypis trichas,Common Yellowthroat,0.0121,D:/AcousticMonitoringData/ELDON2_Data/Week18\ELDON2_20250508_060802.wav,20250508
192,195,Sturnella magna,Eastern Meadowlark,0.0469,D:/AcousticMonitoringData/ELDON2_Data/Week18\ELDON2_20250508_060802.wav,20250508
192,195,Geothlypis trichas,Common Yellowthroat,0.0155,D:/AcousticMonitoringData/ELDON2_Data/Week18\ELDON2_20250508_060802.wav,20250508
195,198,Sturnella magna,Eastern Meadowlark,0.0127,D:/AcousticMonitoringData/ELDON2_Data/Week18\ELDON2_20250508_060802.wav,20250508
198,201,Sturnella magna,Eastern Meadowlark,0.6525,D:/AcousticMonitoringData/ELDON2_Data/Week18\ELDON2_20250508_060802.wav,20250508
201,204,Sturnella magna,Eastern Meadowlark,0.0269,D:/AcousticMonitoringData/ELDON2_Data/Week18\ELDON2_20250508_060802.wav,20250508
207,210,Sturnella magna,Eastern Meadowlark,0.1103,D:/AcousticMonitoringData/ELDON2_Data/Week18\ELDON2_20250508_060802.wav,20250508
210,213,Sturnella magna,Eastern Meadowlark,0.2843,D:/AcousticMonitoringData/ELDON2_Data/Week18\ELDON2_20250508_060802.wav,20250508
213,216,Spizella pusilla,Field Sparrow,0.0431,D:/AcousticMonitoringData/ELDON2_Data/Week18\ELDON2_20250508_060802.wav,20250508
213,216,Geothlypis trichas,Common Yellowthroat,0.0345,D:/AcousticMonitoringData/ELDON2_Data/Week18\ELDON2_20250508_060802.wav,20250508
213,216,Sturnella magna,Eastern Meadowlark,0.0295,D:/AcousticMonitoringData/ELDON2_Data/Week18\ELDON2_20250508_060802.wav,20250508
213,216,Passerina caerulea,Blue Grosbeak,0.0122,D:/AcousticMonitoringData/ELDON2_Data/Week18\ELDON2_20250508_060802.wav,20250508
216,219,Sturnella magna,Eastern Meadowlark,0.2043,D:/AcousticMonitoringData/ELDON2_Data/Week18\ELDON2_20250508_060802.wav,20250508
219,222,Sturnella magna,Eastern Meadowlark,0.0135,D:/AcousticMonitoringData/ELDON2_Data/Week18\ELDON2_20250508_060802.wav,20250508
219,222,Passerina caerulea,Blue Grosbeak,0.0131,D:/AcousticMonitoringData/ELDON2_Data/Week18\ELDON2_20250508_060802.wav,20250508
222,225,Sturnella magna,Eastern Meadowlark,0.0153,D:/AcousticMonitoringData/ELDON2_Data/Week18\ELDON2_20250508_060802.wav,20250508
225,228,Sturnella magna,Eastern Meadowlark,0.0817,D:/AcousticMonitoringData/ELDON2_Data/Week18\ELDON2_20250508_060802.wav,20250508
228,231,Sturnella magna,Eastern Meadowlark,0.4094,D:/AcousticMonitoringData/ELDON2_Data/Week18\ELDON2_20250508_060802.wav,20250508
228,231,Bartramia longicauda,Upland Sandpiper,0.0135,D:/AcousticMonitoringData/ELDON2_Data/Week18\ELDON2_20250508_060802.wav,20250508
231,234,Passerina caerulea,Blue Grosbeak,0.0135,D:/AcousticMonitoringData/ELDON2_Data/Week18\ELDON2_20250508_060802.wav,20250508
234,237,Sturnella magna,Eastern Meadowlark,0.015,D:/AcousticMonitoringData/ELDON2_Data/Week18\ELDON2_20250508_060802.wav,20250508
234,237,Geothlypis trichas,Common Yellowthroat,0.0146,D:/AcousticMonitoringData/ELDON2_Data/Week18\ELDON2_20250508_060802.wav,20250508
237,240,Sturnella magna,Eastern Meadowlark,0.0102,D:/AcousticMonitoringData/ELDON2_Data/Week18\ELDON2_20250508_060802.wav,20250508
240,243,Sturnella magna,Eastern Meadowlark,0.0556,D:/AcousticMonitoringData/ELDON2_Data/Week18\ELDON2_20250508_060802.wav,20250508
243,246,Sturnella magna,Eastern Meadowlark,0.012,D:/AcousticMonitoringData/ELDON2_Data/Week18\ELDON2_20250508_060802.wav,20250508
246,249,Sturnella magna,Eastern Meadowlark,0.3966,D:/AcousticMonitoringData/ELDON2_Data/Week18\ELDON2_20250508_060802.wav,20250508
252,255,Sturnella magna,Eastern Meadowlark,0.2734,D:/AcousticMonitoringData/ELDON2_Data/Week18\ELDON2_20250508_060802.wav,20250508
252,255,Passerina caerulea,Blue Grosbeak,0.0139,D:/AcousticMonitoringData/ELDON2_Data/Week18\ELDON2_20250508_060802.wav,20250508
255,258,Geothlypis trichas,Common Yellowthroat,0.0184,D:/AcousticMonitoringData/ELDON2_Data/Week18\ELDON2_20250508_060802.wav,20250508
255,258,Sturnella magna,Eastern Meadowlark,0.0148,D:/AcousticMonitoringData/ELDON2_Data/Week18\ELDON2_20250508_060802.wav,20250508
258,261,Sturnella magna,Eastern Meadowlark,0.0707,D:/AcousticMonitoringData/ELDON2_Data/Week18\ELDON2_20250508_060802.wav,20250508
261,264,Sturnella magna,Eastern Meadowlark,0.0197,D:/AcousticMonitoringData/ELDON2_Data/Week18\ELDON2_20250508_060802.wav,20250508
261,264,Geothlypis trichas,Common Yellowthroat,0.0167,D:/AcousticMonitoringData/ELDON2_Data/Week18\ELDON2_20250508_060802.wav,20250508
261,264,Spizella pusilla,Field Sparrow,0.0128,D:/AcousticMonitoringData/ELDON2_Data/Week18\ELDON2_20250508_060802.wav,20250508
264,267,Sturnella magna,Eastern Meadowlark,0.1705,D:/AcousticMonitoringData/ELDON2_Data/Week18\ELDON2_20250508_060802.wav,20250508
267,270,Sturnella magna,Eastern Meadowlark,0.6832,D:/AcousticMonitoringData/ELDON2_Data/Week18\ELDON2_20250508_060802.wav,20250508
270,273,Sturnella magna,Eastern Meadowlark,0.329,D:/AcousticMonitoringData/ELDON2_Data/Week18\ELDON2_20250508_060802.wav,20250508
273,276,Geothlypis trichas,Common Yellowthroat,0.0425,D:/AcousticMonitoringData/ELDON2_Data/Week18\ELDON2_20250508_060802.wav,20250508
273,276,Sturnella magna,Eastern Meadowlark,0.0359,D:/AcousticMonitoringData/ELDON2_Data/Week18\ELDON2_20250508_060802.wav,20250508
273,276,Spizella pusilla,Field Sparrow,0.0191,D:/AcousticMonitoringData/ELDON2_Data/Week18\ELDON2_20250508_060802.wav,20250508
273,276,Passerina caerulea,Blue Grosbeak,0.0166,D:/AcousticMonitoringData/ELDON2_Data/Week18\ELDON2_20250508_060802.wav,20250508
276,279,Sturnella magna,Eastern Meadowlark,0.1834,D:/AcousticMonitoringData/ELDON2_Data/Week18\ELDON2_20250508_060802.wav,20250508
279,282,Sturnella magna,Eastern Meadowlark,0.0244,D:/AcousticMonitoringData/ELDON2_Data/Week18\ELDON2_20250508_060802.wav,20250508
282,285,Sturnella magna,Eastern Meadowlark,0.2868,D:/AcousticMonitoringData/ELDON2_Data/Week18\ELDON2_20250508_060802.wav,20250508
285,288,Sturnella magna,Eastern Meadowlark,0.0118,D:/AcousticMonitoringData/ELDON2_Data/Week18\ELDON2_20250508_060802.wav,20250508
285,288,Geothlypis trichas,Common Yellowthroat,0.0117,D:/AcousticMonitoringData/ELDON2_Data/Week18\ELDON2_20250508_060802.wav,20250508
288,291,Sturnella magna,Eastern Meadowlark,0.0175,D:/AcousticMonitoringData/ELDON2_Data/Week18\ELDON2_20250508_060802.wav,20250508
288,291,Passerina caerulea,Blue Grosbeak,0.0125,D:/AcousticMonitoringData/ELDON2_Data/Week18\ELDON2_20250508_060802.wav,20250508
291,294,Sturnella magna,Eastern Meadowlark,0.031,D:/AcousticMonitoringData/ELDON2_Data/Week18\ELDON2_20250508_060802.wav,20250508
294,297,Sturnella magna,Eastern Meadowlark,0.025,D:/AcousticMonitoringData/ELDON2_Data/Week18\ELDON2_20250508_060802.wav,20250508
297,300,Sturnella magna,Eastern Meadowlark,0.03,D:/AcousticMonitoringData/ELDON2_Data/Week18\ELDON2_20250508_060802.wav,20250508
297,300,Geothlypis trichas,Common Yellowthroat,0.0134,D:/AcousticMonitoringData/ELDON2_Data/Week18\ELDON2_20250508_060802.wav,20250508
297,300,Spizella pusilla,Field Sparrow,0.0104,D:/AcousticMonitoringData/ELDON2_Data/Week18\ELDON2_20250508_060802.wav,20250508
297,300,Passerina caerulea,Blue Grosbeak,0.0102,D:/AcousticMonitoringData/ELDON2_Data/Week18\ELDON2_20250508_060802.wav,20250508
300,303,Spizella pusilla,Field Sparrow,0.0344,D:/AcousticMonitoringData/ELDON2_Data/Week18\ELDON2_20250508_060802.wav,20250508
300,303,Sturnella magna,Eastern Meadowlark,0.0107,D:/AcousticMonitoringData/ELDON2_Data/Week18\ELDON2_20250508_060802.wav,20250508
303,306,Sturnella magna,Eastern Meadowlark,0.0421,D:/AcousticMonitoringData/ELDON2_Data/Week18\ELDON2_20250508_060802.wav,20250508
303,306,Spizella pusilla,Field Sparrow,0.0124,D:/AcousticMonitoringData/ELDON2_Data/Week18\ELDON2_20250508_060802.wav,20250508
306,309,Sturnella magna,Eastern Meadowlark,0.033,D:/AcousticMonitoringData/ELDON2_Data/Week18\ELDON2_20250508_060802.wav,20250508
306,309,Geothlypis trichas,Common Yellowthroat,0.0193,D:/AcousticMonitoringData/ELDON2_Data/Week18\ELDON2_20250508_060802.wav,20250508
309,312,Geothlypis trichas,Common Yellowthroat,0.0412,D:/AcousticMonitoringData/ELDON2_Data/Week18\ELDON2_20250508_060802.wav,20250508
309,312,Spizella pusilla,Field Sparrow,0.0286,D:/AcousticMonitoringData/ELDON2_Data/Week18\ELDON2_20250508_060802.wav,20250508
309,312,Sturnella magna,Eastern Meadowlark,0.0124,D:/AcousticMonitoringData/ELDON2_Data/Week18\ELDON2_20250508_060802.wav,20250508
309,312,Passerina caerulea,Blue Grosbeak,0.0117,D:/AcousticMonitoringData/ELDON2_Data/Week18\ELDON2_20250508_060802.wav,20250508
312,315,Sturnella magna,Eastern Meadowlark,0.5419,D:/AcousticMonitoringData/ELDON2_Data/Week18\ELDON2_20250508_060802.wav,20250508
312,315,Passerina caerulea,Blue Grosbeak,0.0106,D:/AcousticMonitoringData/ELDON2_Data/Week18\ELDON2_20250508_060802.wav,20250508
315,318,Sturnella magna,Eastern Meadowlark,0.0139,D:/AcousticMonitoringData/ELDON2_Data/Week18\ELDON2_20250508_060802.wav,20250508
315,318,Geothlypis trichas,Common Yellowthroat,0.0126,D:/AcousticMonitoringData/ELDON2_Data/Week18\ELDON2_20250508_060802.wav,20250508
318,321,Geothlypis trichas,Common Yellowthroat,0.0267,D:/AcousticMonitoringData/ELDON2_Data/Week18\ELDON2_20250508_060802.wav,20250508
318,321,Sturnella magna,Eastern Meadowlark,0.0264,D:/AcousticMonitoringData/ELDON2_Data/Week18\ELDON2_20250508_060802.wav,20250508
318,321,Spizella pusilla,Field Sparrow,0.0135,D:/AcousticMonitoringData/ELDON2_Data/Week18\ELDON2_20250508_060802.wav,20250508
321,324,Sturnella magna,Eastern Meadowlark,0.2094,D:/AcousticMonitoringData/ELDON2_Data/Week18\ELDON2_20250508_060802.wav,20250508
324,327,Sturnella magna,Eastern Meadowlark,0.865,D:/AcousticMonitoringData/ELDON2_Data/Week18\ELDON2_20250508_060802.wav,20250508
327,330,Geothlypis trichas,Common Yellowthroat,0.1327,D:/AcousticMonitoringData/ELDON2_Data/Week18\ELDON2_20250508_060802.wav,20250508
327,330,Spizella pusilla,Field Sparrow,0.0244,D:/AcousticMonitoringData/ELDON2_Data/Week18\ELDON2_20250508_060802.wav,20250508
327,330,Sturnella magna,Eastern Meadowlark,0.0216,D:/AcousticMonitoringData/ELDON2_Data/Week18\ELDON2_20250508_060802.wav,20250508
327,330,Passerina caerulea,Blue Grosbeak,0.0133,D:/AcousticMonitoringData/ELDON2_Data/Week18\ELDON2_20250508_060802.wav,20250508
330,333,Sturnella magna,Eastern Meadowlark,0.2108,D:/AcousticMonitoringData/ELDON2_Data/Week18\ELDON2_20250508_060802.wav,20250508
333,336,Sturnella magna,Eastern Meadowlark,0.5205,D:/AcousticMonitoringData/ELDON2_Data/Week18\ELDON2_20250508_060802.wav,20250508
336,339,Geothlypis trichas,Common Yellowthroat,0.0467,D:/AcousticMonitoringData/ELDON2_Data/Week18\ELDON2_20250508_060802.wav,20250508
336,339,Sturnella magna,Eastern Meadowlark,0.0157,D:/AcousticMonitoringData/ELDON2_Data/Week18\ELDON2_20250508_060802.wav,20250508
339,342,Geothlypis trichas,Common Yellowthroat,0.2874,D:/AcousticMonitoringData/ELDON2_Data/Week18\ELDON2_20250508_060802.wav,20250508
339,342,Passerina caerulea,Blue Grosbeak,0.0242,D:/AcousticMonitoringData/ELDON2_Data/Week18\ELDON2_20250508_060802.wav,20250508
339,342,Sturnella magna,Eastern Meadowlark,0.0207,D:/AcousticMonitoringData/ELDON2_Data/Week18\ELDON2_20250508_060802.wav,20250508
339,342,Spizella pusilla,Field Sparrow,0.0201,D:/AcousticMonitoringData/ELDON2_Data/Week18\ELDON2_20250508_060802.wav,20250508
339,342,Melospiza melodia,Song Sparrow,0.0104,D:/AcousticMonitoringData/ELDON2_Data/Week18\ELDON2_20250508_060802.wav,20250508
342,345,Sturnella magna,Eastern Meadowlark,0.1362,D:/AcousticMonitoringData/ELDON2_Data/Week18\ELDON2_20250508_060802.wav,20250508
342,345,Spizella pusilla,Field Sparrow,0.0106,D:/AcousticMonitoringData/ELDON2_Data/Week18\ELDON2_20250508_060802.wav,20250508
345,348,Sturnella magna,Eastern Meadowlark,0.2653,D:/AcousticMonitoringData/ELDON2_Data/Week18\ELDON2_20250508_060802.wav,20250508
348,351,Sturnella magna,Eastern Meadowlark,0.0543,D:/AcousticMonitoringData/ELDON2_Data/Week18\ELDON2_20250508_060802.wav,20250508
348,351,Geothlypis trichas,Common Yellowthroat,0.0456,D:/AcousticMonitoringData/ELDON2_Data/Week18\ELDON2_20250508_060802.wav,20250508
348,351,Spizella pusilla,Field Sparrow,0.0199,D:/AcousticMonitoringData/ELDON2_Data/Week18\ELDON2_20250508_060802.wav,20250508
351,354,Sturnella magna,Eastern Meadowlark,0.3267,D:/AcousticMonitoringData/ELDON2_Data/Week18\ELDON2_20250508_060802.wav,20250508
351,354,Spizella pusilla,Field Sparrow,0.0268,D:/AcousticMonitoringData/ELDON2_Data/Week18\ELDON2_20250508_060802.wav,20250508
351,354,Geothlypis trichas,Common Yellowthroat,0.024,D:/AcousticMonitoringData/ELDON2_Data/Week18\ELDON2_20250508_060802.wav,20250508
354,357,Geothlypis trichas,Common Yellowthroat,0.1203,D:/AcousticMonitoringData/ELDON2_Data/Week18\ELDON2_20250508_060802.wav,20250508
354,357,Sturnella magna,Eastern Meadowlark,0.0123,D:/AcousticMonitoringData/ELDON2_Data/Week18\ELDON2_20250508_060802.wav,20250508
357,360,Geothlypis trichas,Common Yellowthroat,0.0428,D:/AcousticMonitoringData/ELDON2_Data/Week18\ELDON2_20250508_060802.wav,20250508
357,360,Sturnella magna,Eastern Meadowlark,0.0191,D:/AcousticMonitoringData/ELDON2_Data/Week18\ELDON2_20250508_060802.wav,20250508
357,360,Spizella pusilla,Field Sparrow,0.0155,D:/AcousticMonitoringData/ELDON2_Data/Week18\ELDON2_20250508_060802.wav,20250508
360,363,Sturnella magna,Eastern Meadowlark,0.1684,D:/AcousticMonitoringData/ELDON2_Data/Week18\ELDON2_20250508_060802.wav,20250508
360,363,Spizella pusilla,Field Sparrow,0.0535,D:/AcousticMonitoringData/ELDON2_Data/Week18\ELDON2_20250508_060802.wav,20250508
360,363,Geothlypis trichas,Common Yellowthroat,0.0172,D:/AcousticMonitoringData/ELDON2_Data/Week18\ELDON2_20250508_060802.wav,20250508
360,363,Passerina caerulea,Blue Grosbeak,0.0151,D:/AcousticMonitoringData/ELDON2_Data/Week18\ELDON2_20250508_060802.wav,20250508
363,366,Sturnella magna,Eastern Meadowlark,0.8551,D:/AcousticMonitoringData/ELDON2_Data/Week18\ELDON2_20250508_060802.wav,20250508
366,369,Sturnella magna,Eastern Meadowlark,0.4149,D:/AcousticMonitoringData/ELDON2_Data/Week18\ELDON2_20250508_060802.wav,20250508
369,372,Sturnella magna,Eastern Meadowlark,0.0131,D:/AcousticMonitoringData/ELDON2_Data/Week18\ELDON2_20250508_060802.wav,20250508
372,375,Sturnella magna,Eastern Meadowlark,0.0114,D:/AcousticMonitoringData/ELDON2_Data/Week18\ELDON2_20250508_060802.wav,20250508
375,378,Sturnella magna,Eastern Meadowlark,0.0417,D:/AcousticMonitoringData/ELDON2_Data/Week18\ELDON2_20250508_060802.wav,20250508
375,378,Geothlypis trichas,Common Yellowthroat,0.0161,D:/AcousticMonitoringData/ELDON2_Data/Week18\ELDON2_20250508_060802.wav,20250508
378,381,Geothlypis trichas,Common Yellowthroat,0.0166,D:/AcousticMonitoringData/ELDON2_Data/Week18\ELDON2_20250508_060802.wav,20250508
378,381,Sturnella magna,Eastern Meadowlark,0.0139,D:/AcousticMonitoringData/ELDON2_Data/Week18\ELDON2_20250508_060802.wav,20250508
378,381,Spizella pusilla,Field Sparrow,0.0133,D:/AcousticMonitoringData/ELDON2_Data/Week18\ELDON2_20250508_060802.wav,20250508
381,384,Sturnella magna,Eastern Meadowlark,0.125,D:/AcousticMonitoringData/ELDON2_Data/Week18\ELDON2_20250508_060802.wav,20250508
384,387,Sturnella magna,Eastern Meadowlark,0.3212,D:/AcousticMonitoringData/ELDON2_Data/Week18\ELDON2_20250508_060802.wav,20250508
387,390,Sturnella magna,Eastern Meadowlark,0.0519,D:/AcousticMonitoringData/ELDON2_Data/Week18\ELDON2_20250508_060802.wav,20250508
387,390,Geothlypis trichas,Common Yellowthroat,0.0321,D:/AcousticMonitoringData/ELDON2_Data/Week18\ELDON2_20250508_060802.wav,20250508
387,390,Spizella pusilla,Field Sparrow,0.0258,D:/AcousticMonitoringData/ELDON2_Data/Week18\ELDON2_20250508_060802.wav,20250508
390,393,Geothlypis trichas,Common Yellowthroat,0.0196,D:/AcousticMonitoringData/ELDON2_Data/Week18\ELDON2_20250508_060802.wav,20250508
390,393,Sturnella magna,Eastern Meadowlark,0.0178,D:/AcousticMonitoringData/ELDON2_Data/Week18\ELDON2_20250508_060802.wav,20250508
390,393,Passerina caerulea,Blue Grosbeak,0.0169,D:/AcousticMonitoringData/ELDON2_Data/Week18\ELDON2_20250508_060802.wav,20250508
393,396,Sturnella magna,Eastern Meadowlark,0.0146,D:/AcousticMonitoringData/ELDON2_Data/Week18\ELDON2_20250508_060802.wav,20250508
396,399,Sturnella magna,Eastern Meadowlark,0.1018,D:/AcousticMonitoringData/ELDON2_Data/Week18\ELDON2_20250508_060802.wav,20250508
399,402,Passerina caerulea,Blue Grosbeak,0.017,D:/AcousticMonitoringData/ELDON2_Data/Week18\ELDON2_20250508_060802.wav,20250508
399,402,Geothlypis trichas,Common Yellowthroat,0.0116,D:/AcousticMonitoringData/ELDON2_Data/Week18\ELDON2_20250508_060802.wav,20250508
402,405,Sturnella magna,Eastern Meadowlark,0.2857,D:/AcousticMonitoringData/ELDON2_Data/Week18\ELDON2_20250508_060802.wav,20250508
405,408,Sturnella magna,Eastern Meadowlark,0.0222,D:/AcousticMonitoringData/ELDON2_Data/Week18\ELDON2_20250508_060802.wav,20250508
405,408,Passerina caerulea,Blue Grosbeak,0.0187,D:/AcousticMonitoringData/ELDON2_Data/Week18\ELDON2_20250508_060802.wav,20250508
405,408,Geothlypis trichas,Common Yellowthroat,0.0154,D:/AcousticMonitoringData/ELDON2_Data/Week18\ELDON2_20250508_060802.wav,20250508
408,411,Geothlypis trichas,Common Yellowthroat,0.0253,D:/AcousticMonitoringData/ELDON2_Data/Week18\ELDON2_20250508_060802.wav,20250508
408,411,Sturnella magna,Eastern Meadowlark,0.0174,D:/AcousticMonitoringData/ELDON2_Data/Week18\ELDON2_20250508_060802.wav,20250508
408,411,Passerina caerulea,Blue Grosbeak,0.0108,D:/AcousticMonitoringData/ELDON2_Data/Week18\ELDON2_20250508_060802.wav,20250508
408,411,Spizella pusilla,Field Sparrow,0.0106,D:/AcousticMonitoringData/ELDON2_Data/Week18\ELDON2_20250508_060802.wav,20250508
411,414,Sturnella magna,Eastern Meadowlark,0.0368,D:/AcousticMonitoringData/ELDON2_Data/Week18\ELDON2_20250508_060802.wav,20250508
414,417,Sturnella magna,Eastern Meadowlark,0.6636,D:/AcousticMonitoringData/ELDON2_Data/Week18\ELDON2_20250508_060802.wav,20250508
417,420,Sturnella magna,Eastern Meadowlark,0.0139,D:/AcousticMonitoringData/ELDON2_Data/Week18\ELDON2_20250508_060802.wav,20250508
420,423,Sturnella magna,Eastern Meadowlark,0.137,D:/AcousticMonitoringData/ELDON2_Data/Week18\ELDON2_20250508_060802.wav,20250508
423,426,Sturnella magna,Eastern Meadowlark,0.0516,D:/AcousticMonitoringData/ELDON2_Data/Week18\ELDON2_20250508_060802.wav,20250508
423,426,Passerina caerulea,Blue Grosbeak,0.016,D:/AcousticMonitoringData/ELDON2_Data/Week18\ELDON2_20250508_060802.wav,20250508
426,429,Sturnella magna,Eastern Meadowlark,0.0238,D:/AcousticMonitoringData/ELDON2_Data/Week18\ELDON2_20250508_060802.wav,20250508
429,432,Sturnella magna,Eastern Meadowlark,0.1434,D:/AcousticMonitoringData/ELDON2_Data/Week18\ELDON2_20250508_060802.wav,20250508
429,432,Geothlypis trichas,Common Yellowthroat,0.0122,D:/AcousticMonitoringData/ELDON2_Data/Week18\ELDON2_20250508_060802.wav,20250508
435,438,Sturnella magna,Eastern Meadowlark,0.0325,D:/AcousticMonitoringData/ELDON2_Data/Week18\ELDON2_20250508_060802.wav,20250508
438,441,Sturnella magna,Eastern Meadowlark,0.0226,D:/AcousticMonitoringData/ELDON2_Data/Week18\ELDON2_20250508_060802.wav,20250508
438,441,Geothlypis trichas,Common Yellowthroat,0.0107,D:/AcousticMonitoringData/ELDON2_Data/Week18\ELDON2_20250508_060802.wav,20250508
441,444,Sturnella magna,Eastern Meadowlark,0.0285,D:/AcousticMonitoringData/ELDON2_Data/Week18\ELDON2_20250508_060802.wav,20250508
441,444,Passerina caerulea,Blue Grosbeak,0.011,D:/AcousticMonitoringData/ELDON2_Data/Week18\ELDON2_20250508_060802.wav,20250508
441,444,Spizella pusilla,Field Sparrow,0.0107,D:/AcousticMonitoringData/ELDON2_Data/Week18\ELDON2_20250508_060802.wav,20250508
444,447,Sturnella magna,Eastern Meadowlark,0.1942,D:/AcousticMonitoringData/ELDON2_Data/Week18\ELDON2_20250508_060802.wav,20250508
447,450,Sturnella magna,Eastern Meadowlark,0.5254,D:/AcousticMonitoringData/ELDON2_Data/Week18\ELDON2_20250508_060802.wav,20250508
450,453,Sturnella magna,Eastern Meadowlark,0.0783,D:/AcousticMonitoringData/ELDON2_Data/Week18\ELDON2_20250508_060802.wav,20250508
453,456,Sturnella magna,Eastern Meadowlark,0.0162,D:/AcousticMonitoringData/ELDON2_Data/Week18\ELDON2_20250508_060802.wav,20250508
456,459,Sturnella magna,Eastern Meadowlark,0.9403,D:/AcousticMonitoringData/ELDON2_Data/Week18\ELDON2_20250508_060802.wav,20250508
456,459,Bartramia longicauda,Upland Sandpiper,0.012,D:/AcousticMonitoringData/ELDON2_Data/Week18\ELDON2_20250508_060802.wav,20250508
456,459,Passerina caerulea,Blue Grosbeak,0.011,D:/AcousticMonitoringData/ELDON2_Data/Week18\ELDON2_20250508_060802.wav,20250508
459,462,Sturnella magna,Eastern Meadowlark,0.1315,D:/AcousticMonitoringData/ELDON2_Data/Week18\ELDON2_20250508_060802.wav,20250508
459,462,Spizella pusilla,Field Sparrow,0.0128,D:/AcousticMonitoringData/ELDON2_Data/Week18\ELDON2_20250508_060802.wav,20250508
462,465,Sturnella magna,Eastern Meadowlark,0.4334,D:/AcousticMonitoringData/ELDON2_Data/Week18\ELDON2_20250508_060802.wav,20250508
465,468,Sturnella magna,Eastern Meadowlark,0.026,D:/AcousticMonitoringData/ELDON2_Data/Week18\ELDON2_20250508_060802.wav,20250508
468,471,Sturnella magna,Eastern Meadowlark,0.2056,D:/AcousticMonitoringData/ELDON2_Data/Week18\ELDON2_20250508_060802.wav,20250508
471,474,Sturnella magna,Eastern Meadowlark,0.1148,D:/AcousticMonitoringData/ELDON2_Data/Week18\ELDON2_20250508_060802.wav,20250508
474,477,Sturnella magna,Eastern Meadowlark,0.3811,D:/AcousticMonitoringData/ELDON2_Data/Week18\ELDON2_20250508_060802.wav,20250508
474,477,Passerina caerulea,Blue Grosbeak,0.016,D:/AcousticMonitoringData/ELDON2_Data/Week18\ELDON2_20250508_060802.wav,20250508
474,477,Spizella pusilla,Field Sparrow,0.0105,D:/AcousticMonitoringData/ELDON2_Data/Week18\ELDON2_20250508_060802.wav,20250508
477,480,Sturnella magna,Eastern Meadowlark,0.1542,D:/AcousticMonitoringData/ELDON2_Data/Week18\ELDON2_20250508_060802.wav,20250508
480,483,Sturnella magna,Eastern Meadowlark,0.5447,D:/AcousticMonitoringData/ELDON2_Data/Week18\ELDON2_20250508_060802.wav,20250508
480,483,Passerina caerulea,Blue Grosbeak,0.013,D:/AcousticMonitoringData/ELDON2_Data/Week18\ELDON2_20250508_060802.wav,20250508
483,486,Sturnella magna,Eastern Meadowlark,0.9299,D:/AcousticMonitoringData/ELDON2_Data/Week18\ELDON2_20250508_060802.wav,20250508
486,489,Sturnella magna,Eastern Meadowlark,0.1653,D:/AcousticMonitoringData/ELDON2_Data/Week18\ELDON2_20250508_060802.wav,20250508
489,492,Sturnella magna,Eastern Meadowlark,0.5987,D:/AcousticMonitoringData/ELDON2_Data/Week18\ELDON2_20250508_060802.wav,20250508
489,492,Spizella pusilla,Field Sparrow,0.022,D:/AcousticMonitoringData/ELDON2_Data/Week18\ELDON2_20250508_060802.wav,20250508
492,495,Sturnella magna,Eastern Meadowlark,0.2337,D:/AcousticMonitoringData/ELDON2_Data/Week18\ELDON2_20250508_060802.wav,20250508
495,498,Spizella pusilla,Field Sparrow,0.0151,D:/AcousticMonitoringData/ELDON2_Data/Week18\ELDON2_20250508_060802.wav,20250508
495,498,Sturnella magna,Eastern Meadowlark,0.0136,D:/AcousticMonitoringData/ELDON2_Data/Week18\ELDON2_20250508_060802.wav,20250508
498,501,Sturnella magna,Eastern Meadowlark,0.0654,D:/AcousticMonitoringData/ELDON2_Data/Week18\ELDON2_20250508_060802.wav,20250508
501,504,Sturnella magna,Eastern Meadowlark,0.1331,D:/AcousticMonitoringData/ELDON2_Data/Week18\ELDON2_20250508_060802.wav,20250508
504,507,Sturnella magna,Eastern Meadowlark,0.0819,D:/AcousticMonitoringData/ELDON2_Data/Week18\ELDON2_20250508_060802.wav,20250508
507,510,Sturnella magna,Eastern Meadowlark,0.02,D:/AcousticMonitoringData/ELDON2_Data/Week18\ELDON2_20250508_060802.wav,20250508
510,513,Sturnella magna,Eastern Meadowlark,0.1157,D:/AcousticMonitoringData/ELDON2_Data/Week18\ELDON2_20250508_060802.wav,20250508
510,513,Spizella pusilla,Field Sparrow,0.0222,D:/AcousticMonitoringData/ELDON2_Data/Week18\ELDON2_20250508_060802.wav,20250508
513,516,Sturnella magna,Eastern Meadowlark,0.2412,D:/AcousticMonitoringData/ELDON2_Data/Week18\ELDON2_20250508_060802.wav,20250508
516,519,Sturnella magna,Eastern Meadowlark,0.3877,D:/AcousticMonitoringData/ELDON2_Data/Week18\ELDON2_20250508_060802.wav,20250508
519,522,Sturnella magna,Eastern Meadowlark,0.0134,D:/AcousticMonitoringData/ELDON2_Data/Week18\ELDON2_20250508_060802.wav,20250508
522,525,Sturnella magna,Eastern Meadowlark,0.1223,D:/AcousticMonitoringData/ELDON2_Data/Week18\ELDON2_20250508_060802.wav,20250508
525,528,Geothlypis trichas,Common Yellowthroat,0.0555,D:/AcousticMonitoringData/ELDON2_Data/Week18\ELDON2_20250508_060802.wav,20250508
525,528,Spizella pusilla,Field Sparrow,0.0372,D:/AcousticMonitoringData/ELDON2_Data/Week18\ELDON2_20250508_060802.wav,20250508
528,531,Sturnella magna,Eastern Meadowlark,0.4709,D:/AcousticMonitoringData/ELDON2_Data/Week18\ELDON2_20250508_060802.wav,20250508
528,531,Spizella pusilla,Field Sparrow,0.0157,D:/AcousticMonitoringData/ELDON2_Data/Week18\ELDON2_20250508_060802.wav,20250508
531,534,Sturnella magna,Eastern Meadowlark,0.0392,D:/AcousticMonitoringData/ELDON2_Data/Week18\ELDON2_20250508_060802.wav,20250508
537,540,Sturnella magna,Eastern Meadowlark,0.0219,D:/AcousticMonitoringData/ELDON2_Data/Week18\ELDON2_20250508_060802.wav,20250508
540,543,Sturnella magna,Eastern Meadowlark,0.0262,D:/AcousticMonitoringData/ELDON2_Data/Week18\ELDON2_20250508_060802.wav,20250508
543,546,Sturnella magna,Eastern Meadowlark,0.1641,D:/AcousticMonitoringData/ELDON2_Data/Week18\ELDON2_20250508_060802.wav,20250508
546,549,Sturnella magna,Eastern Meadowlark,0.0574,D:/AcousticMonitoringData/ELDON2_Data/Week18\ELDON2_20250508_060802.wav,20250508
549,552,Geothlypis trichas,Common Yellowthroat,0.0148,D:/AcousticMonitoringData/ELDON2_Data/Week18\ELDON2_20250508_060802.wav,20250508
549,552,Sturnella magna,Eastern Meadowlark,0.0115,D:/AcousticMonitoringData/ELDON2_Data/Week18\ELDON2_20250508_060802.wav,20250508
552,555,Sturnella magna,Eastern Meadowlark,0.1775,D:/AcousticMonitoringData/ELDON2_Data/Week18\ELDON2_20250508_060802.wav,20250508
555,558,Geothlypis trichas,Common Yellowthroat,0.0201,D:/AcousticMonitoringData/ELDON2_Data/Week18\ELDON2_20250508_060802.wav,20250508
555,558,Sturnella magna,Eastern Meadowlark,0.0122,D:/AcousticMonitoringData/ELDON2_Data/Week18\ELDON2_20250508_060802.wav,20250508
555,558,Passerina caerulea,Blue Grosbeak,0.0104,D:/AcousticMonitoringData/ELDON2_Data/Week18\ELDON2_20250508_060802.wav,20250508
558,561,Geothlypis trichas,Common Yellowthroat,0.0257,D:/AcousticMonitoringData/ELDON2_Data/Week18\ELDON2_20250508_060802.wav,20250508
558,561,Sturnella magna,Eastern Meadowlark,0.0209,D:/AcousticMonitoringData/ELDON2_Data/Week18\ELDON2_20250508_060802.wav,20250508
558,561,Melospiza melodia,Song Sparrow,0.0114,D:/AcousticMonitoringData/ELDON2_Data/Week18\ELDON2_20250508_060802.wav,20250508
561,564,Sturnella magna,Eastern Meadowlark,0.0377,D:/AcousticMonitoringData/ELDON2_Data/Week18\ELDON2_20250508_060802.wav,20250508
564,567,Sturnella magna,Eastern Meadowlark,0.6539,D:/AcousticMonitoringData/ELDON2_Data/Week18\ELDON2_20250508_060802.wav,20250508
567,570,Sturnella magna,Eastern Meadowlark,0.4535,D:/AcousticMonitoringData/ELDON2_Data/Week18\ELDON2_20250508_060802.wav,20250508
573,576,Sturnella magna,Eastern Meadowlark,0.0258,D:/AcousticMonitoringData/ELDON2_Data/Week18\ELDON2_20250508_060802.wav,20250508
573,576,Passerina caerulea,Blue Grosbeak,0.0115,D:/AcousticMonitoringData/ELDON2_Data/Week18\ELDON2_20250508_060802.wav,20250508
576,579,Sturnella magna,Eastern Meadowlark,0.0631,D:/AcousticMonitoringData/ELDON2_Data/Week18\ELDON2_20250508_060802.wav,20250508
582,585,Sturnella magna,Eastern Meadowlark,0.0156,D:/AcousticMonitoringData/ELDON2_Data/Week18\ELDON2_20250508_060802.wav,20250508
585,588,Sturnella magna,Eastern Meadowlark,0.014,D:/AcousticMonitoringData/ELDON2_Data/Week18\ELDON2_20250508_060802.wav,20250508
585,588,Passerina caerulea,Blue Grosbeak,0.0106,D:/AcousticMonitoringData/ELDON2_Data/Week18\ELDON2_20250508_060802.wav,20250508
588,591,Sturnella magna,Eastern Meadowlark,0.0265,D:/AcousticMonitoringData/ELDON2_Data/Week18\ELDON2_20250508_060802.wav,20250508
588,591,Spizella pusilla,Field Sparrow,0.0113,D:/AcousticMonitoringData/ELDON2_Data/Week18\ELDON2_20250508_060802.wav,20250508
591,594,Sturnella magna,Eastern Meadowlark,0.0572,D:/AcousticMonitoringData/ELDON2_Data/Week18\ELDON2_20250508_060802.wav,20250508
594,597,Sturnella magna,Eastern Meadowlark,0.1067,D:/AcousticMonitoringData/ELDON2_Data/Week18\ELDON2_20250508_060802.wav,20250508
597,600,Sturnella magna,Eastern Meadowlark,0.0131,D:/AcousticMonitoringData/ELDON2_Data/Week18\ELDON2_20250508_060802.wav,20250508
600,603,Geothlypis trichas,Common Yellowthroat,0.0174,D:/AcousticMonitoringData/ELDON2_Data/Week18\ELDON2_20250508_060802.wav,20250508
600,603,Passerina caerulea,Blue Grosbeak,0.0152,D:/AcousticMonitoringData/ELDON2_Data/Week18\ELDON2_20250508_060802.wav,20250508
600,603,Spizella pusilla,Field Sparrow,0.0115,D:/AcousticMonitoringData/ELDON2_Data/Week18\ELDON2_20250508_060802.wav,20250508
603,606,Sturnella magna,Eastern Meadowlark,0.0264,D:/AcousticMonitoringData/ELDON2_Data/Week18\ELDON2_20250508_060802.wav,20250508
612,615,Sturnella magna,Eastern Meadowlark,0.1941,D:/AcousticMonitoringData/ELDON2_Data/Week18\ELDON2_20250508_060802.wav,20250508
615,618,Sturnella magna,Eastern Meadowlark,0.1867,D:/AcousticMonitoringData/ELDON2_Data/Week18\ELDON2_20250508_060802.wav,20250508
618,621,Geothlypis trichas,Common Yellowthroat,0.0181,D:/AcousticMonitoringData/ELDON2_Data/Week18\ELDON2_20250508_060802.wav,20250508
621,624,Sturnella magna,Eastern Meadowlark,0.2251,D:/AcousticMonitoringData/ELDON2_Data/Week18\ELDON2_20250508_060802.wav,20250508
624,627,Geothlypis trichas,Common Yellowthroat,0.0292,D:/AcousticMonitoringData/ELDON2_Data/Week18\ELDON2_20250508_060802.wav,20250508
627,630,Sturnella magna,Eastern Meadowlark,0.0135,D:/AcousticMonitoringData/ELDON2_Data/Week18\ELDON2_20250508_060802.wav,20250508
630,633,Geothlypis trichas,Common Yellowthroat,0.032,D:/AcousticMonitoringData/ELDON2_Data/Week18\ELDON2_20250508_060802.wav,20250508
630,633,Sturnella magna,Eastern Meadowlark,0.0215,D:/AcousticMonitoringData/ELDON2_Data/Week18\ELDON2_20250508_060802.wav,20250508
630,633,Melospiza melodia,Song Sparrow,0.0129,D:/AcousticMonitoringData/ELDON2_Data/Week18\ELDON2_20250508_060802.wav,20250508
630,633,Spizella pusilla,Field Sparrow,0.0105,D:/AcousticMonitoringData/ELDON2_Data/Week18\ELDON2_20250508_060802.wav,20250508
633,636,Geothlypis trichas,Common Yellowthroat,0.0371,D:/AcousticMonitoringData/ELDON2_Data/Week18\ELDON2_20250508_060802.wav,20250508
633,636,Sturnella magna,Eastern Meadowlark,0.0273,D:/AcousticMonitoringData/ELDON2_Data/Week18\ELDON2_20250508_060802.wav,20250508
633,636,Passerina caerulea,Blue Grosbeak,0.0151,D:/AcousticMonitoringData/ELDON2_Data/Week18\ELDON2_20250508_060802.wav,20250508
633,636,Spizella pusilla,Field Sparrow,0.0138,D:/AcousticMonitoringData/ELDON2_Data/Week18\ELDON2_20250508_060802.wav,20250508
636,639,Sturnella magna,Eastern Meadowlark,0.1315,D:/AcousticMonitoringData/ELDON2_Data/Week18\ELDON2_20250508_060802.wav,20250508
642,645,Sturnella magna,Eastern Meadowlark,0.0237,D:/AcousticMonitoringData/ELDON2_Data/Week18\ELDON2_20250508_060802.wav,20250508
645,648,Sturnella magna,Eastern Meadowlark,0.1852,D:/AcousticMonitoringData/ELDON2_Data/Week18\ELDON2_20250508_060802.wav,20250508
648,651,Sturnella magna,Eastern Meadowlark,0.0737,D:/AcousticMonitoringData/ELDON2_Data/Week18\ELDON2_20250508_060802.wav,20250508
648,651,Spizella pusilla,Field Sparrow,0.02,D:/AcousticMonitoringData/ELDON2_Data/Week18\ELDON2_20250508_060802.wav,20250508
651,654,Spizella pusilla,Field Sparrow,0.0173,D:/AcousticMonitoringData/ELDON2_Data/Week18\ELDON2_20250508_060802.wav,20250508
651,654,Sturnella magna,Eastern Meadowlark,0.0109,D:/AcousticMonitoringData/ELDON2_Data/Week18\ELDON2_20250508_060802.wav,20250508
654,657,Sturnella magna,Eastern Meadowlark,0.2946,D:/AcousticMonitoringData/ELDON2_Data/Week18\ELDON2_20250508_060802.wav,20250508
654,657,Passerina caerulea,Blue Grosbeak,0.0171,D:/AcousticMonitoringData/ELDON2_Data/Week18\ELDON2_20250508_060802.wav,20250508
657,660,Sturnella magna,Eastern Meadowlark,0.1795,D:/AcousticMonitoringData/ELDON2_Data/Week18\ELDON2_20250508_060802.wav,20250508
657,660,Spizella pusilla,Field Sparrow,0.0349,D:/AcousticMonitoringData/ELDON2_Data/Week18\ELDON2_20250508_060802.wav,20250508
657,660,Passerina caerulea,Blue Grosbeak,0.0151,D:/AcousticMonitoringData/ELDON2_Data/Week18\ELDON2_20250508_060802.wav,20250508
657,660,Geothlypis trichas,Common Yellowthroat,0.0118,D:/AcousticMonitoringData/ELDON2_Data/Week18\ELDON2_20250508_060802.wav,20250508
660,663,Sturnella magna,Eastern Meadowlark,0.0362,D:/AcousticMonitoringData/ELDON2_Data/Week18\ELDON2_20250508_060802.wav,20250508
660,663,Passerina caerulea,Blue Grosbeak,0.0303,D:/AcousticMonitoringData/ELDON2_Data/Week18\ELDON2_20250508_060802.wav,20250508
660,663,Spizella pusilla,Field Sparrow,0.0223,D:/AcousticMonitoringData/ELDON2_Data/Week18\ELDON2_20250508_060802.wav,20250508
663,666,Sturnella magna,Eastern Meadowlark,0.214,D:/AcousticMonitoringData/ELDON2_Data/Week18\ELDON2_20250508_060802.wav,20250508
663,666,Spizella pusilla,Field Sparrow,0.0258,D:/AcousticMonitoringData/ELDON2_Data/Week18\ELDON2_20250508_060802.wav,20250508
663,666,Geothlypis trichas,Common Yellowthroat,0.0196,D:/AcousticMonitoringData/ELDON2_Data/Week18\ELDON2_20250508_060802.wav,20250508
666,669,Sturnella magna,Eastern Meadowlark,0.0194,D:/AcousticMonitoringData/ELDON2_Data/Week18\ELDON2_20250508_060802.wav,20250508
669,672,Sturnella magna,Eastern Meadowlark,0.0555,D:/AcousticMonitoringData/ELDON2_Data/Week18\ELDON2_20250508_060802.wav,20250508
669,672,Spizella pusilla,Field Sparrow,0.0465,D:/AcousticMonitoringData/ELDON2_Data/Week18\ELDON2_20250508_060802.wav,20250508
669,672,Geothlypis trichas,Common Yellowthroat,0.0137,D:/AcousticMonitoringData/ELDON2_Data/Week18\ELDON2_20250508_060802.wav,20250508
672,675,Geothlypis trichas,Common Yellowthroat,0.0643,D:/AcousticMonitoringData/ELDON2_Data/Week18\ELDON2_20250508_060802.wav,20250508
672,675,Sturnella magna,Eastern Meadowlark,0.0303,D:/AcousticMonitoringData/ELDON2_Data/Week18\ELDON2_20250508_060802.wav,20250508
672,675,Passerina caerulea,Blue Grosbeak,0.0262,D:/AcousticMonitoringData/ELDON2_Data/Week18\ELDON2_20250508_060802.wav,20250508
672,675,Spizella pusilla,Field Sparrow,0.023,D:/AcousticMonitoringData/ELDON2_Data/Week18\ELDON2_20250508_060802.wav,20250508
675,678,Sturnella magna,Eastern Meadowlark,0.0622,D:/AcousticMonitoringData/ELDON2_Data/Week18\ELDON2_20250508_060802.wav,20250508
675,678,Spizella pusilla,Field Sparrow,0.0552,D:/AcousticMonitoringData/ELDON2_Data/Week18\ELDON2_20250508_060802.wav,20250508
675,678,Geothlypis trichas,Common Yellowthroat,0.0354,D:/AcousticMonitoringData/ELDON2_Data/Week18\ELDON2_20250508_060802.wav,20250508
675,678,Melospiza melodia,Song Sparrow,0.0101,D:/AcousticMonitoringData/ELDON2_Data/Week18\ELDON2_20250508_060802.wav,20250508
678,681,Sturnella magna,Eastern Meadowlark,0.4336,D:/AcousticMonitoringData/ELDON2_Data/Week18\ELDON2_20250508_060802.wav,20250508
681,684,Sturnella magna,Eastern Meadowlark,0.0111,D:/AcousticMonitoringData/ELDON2_Data/Week18\ELDON2_20250508_060802.wav,20250508
681,684,Passerina caerulea,Blue Grosbeak,0.0104,D:/AcousticMonitoringData/ELDON2_Data/Week18\ELDON2_20250508_060802.wav,20250508
684,687,Sturnella magna,Eastern Meadowlark,0.2748,D:/AcousticMonitoringData/ELDON2_Data/Week18\ELDON2_20250508_060802.wav,20250508
684,687,Spizella pusilla,Field Sparrow,0.0198,D:/AcousticMonitoringData/ELDON2_Data/Week18\ELDON2_20250508_060802.wav,20250508
687,690,Sturnella magna,Eastern Meadowlark,0.1479,D:/AcousticMonitoringData/ELDON2_Data/Week18\ELDON2_20250508_060802.wav,20250508
687,690,Spizella pusilla,Field Sparrow,0.0242,D:/AcousticMonitoringData/ELDON2_Data/Week18\ELDON2_20250508_060802.wav,20250508
687,690,Geothlypis trichas,Common Yellowthroat,0.0164,D:/AcousticMonitoringData/ELDON2_Data/Week18\ELDON2_20250508_060802.wav,20250508
693,696,Geothlypis trichas,Common Yellowthroat,0.0611,D:/AcousticMonitoringData/ELDON2_Data/Week18\ELDON2_20250508_060802.wav,20250508
693,696,Melospiza melodia,Song Sparrow,0.0111,D:/AcousticMonitoringData/ELDON2_Data/Week18\ELDON2_20250508_060802.wav,20250508
696,699,Sturnella magna,Eastern Meadowlark,0.0618,D:/AcousticMonitoringData/ELDON2_Data/Week18\ELDON2_20250508_060802.wav,20250508
696,699,Geothlypis trichas,Common Yellowthroat,0.0481,D:/AcousticMonitoringData/ELDON2_Data/Week18\ELDON2_20250508_060802.wav,20250508
696,699,Passerina caerulea,Blue Grosbeak,0.0104,D:/AcousticMonitoringData/ELDON2_Data/Week18\ELDON2_20250508_060802.wav,20250508
699,702,Sturnella magna,Eastern Meadowlark,0.028,D:/AcousticMonitoringData/ELDON2_Data/Week18\ELDON2_20250508_060802.wav,20250508
702,705,Sturnella magna,Eastern Meadowlark,0.1661,D:/AcousticMonitoringData/ELDON2_Data/Week18\ELDON2_20250508_060802.wav,20250508
705,708,Geothlypis trichas,Common Yellowthroat,0.0332,D:/AcousticMonitoringData/ELDON2_Data/Week18\ELDON2_20250508_060802.wav,20250508
705,708,Sturnella magna,Eastern Meadowlark,0.0256,D:/AcousticMonitoringData/ELDON2_Data/Week18\ELDON2_20250508_060802.wav,20250508
705,708,Passerina caerulea,Blue Grosbeak,0.0115,D:/AcousticMonitoringData/ELDON2_Data/Week18\ELDON2_20250508_060802.wav,20250508
708,711,Sturnella magna,Eastern Meadowlark,0.2135,D:/AcousticMonitoringData/ELDON2_Data/Week18\ELDON2_20250508_060802.wav,20250508
708,711,Spizella pusilla,Field Sparrow,0.0297,D:/AcousticMonitoringData/ELDON2_Data/Week18\ELDON2_20250508_060802.wav,20250508
708,711,Geothlypis trichas,Common Yellowthroat,0.0188,D:/AcousticMonitoringData/ELDON2_Data/Week18\ELDON2_20250508_060802.wav,20250508
711,714,Geothlypis trichas,Common Yellowthroat,0.0325,D:/AcousticMonitoringData/ELDON2_Data/Week18\ELDON2_20250508_060802.wav,20250508
711,714,Passerina caerulea,Blue Grosbeak,0.0213,D:/AcousticMonitoringData/ELDON2_Data/Week18\ELDON2_20250508_060802.wav,20250508
711,714,Sturnella magna,Eastern Meadowlark,0.0173,D:/AcousticMonitoringData/ELDON2_Data/Week18\ELDON2_20250508_060802.wav,20250508
711,714,Spizella pusilla,Field Sparrow,0.0114,D:/AcousticMonitoringData/ELDON2_Data/Week18\ELDON2_20250508_060802.wav,20250508
714,717,Sturnella magna,Eastern Meadowlark,0.2705,D:/AcousticMonitoringData/ELDON2_Data/Week18\ELDON2_20250508_060802.wav,20250508
717,720,Geothlypis trichas,Common Yellowthroat,0.0534,D:/AcousticMonitoringData/ELDON2_Data/Week18\ELDON2_20250508_060802.wav,20250508
717,720,Sturnella magna,Eastern Meadowlark,0.0179,D:/AcousticMonitoringData/ELDON2_Data/Week18\ELDON2_20250508_060802.wav,20250508
717,720,Passerina caerulea,Blue Grosbeak,0.0175,D:/AcousticMonitoringData/ELDON2_Data/Week18\ELDON2_20250508_060802.wav,20250508
720,723,Sturnella magna,Eastern Meadowlark,0.0933,D:/AcousticMonitoringData/ELDON2_Data/Week18\ELDON2_20250508_060802.wav,20250508
720,723,Geothlypis trichas,Common Yellowthroat,0.0537,D:/AcousticMonitoringData/ELDON2_Data/Week18\ELDON2_20250508_060802.wav,20250508
723,726,Sturnella magna,Eastern Meadowlark,0.1697,D:/AcousticMonitoringData/ELDON2_Data/Week18\ELDON2_20250508_060802.wav,20250508
726,729,Geothlypis trichas,Common Yellowthroat,0.0944,D:/AcousticMonitoringData/ELDON2_Data/Week18\ELDON2_20250508_060802.wav,20250508
732,735,Sturnella magna,Eastern Meadowlark,0.0489,D:/AcousticMonitoringData/ELDON2_Data/Week18\ELDON2_20250508_060802.wav,20250508
732,735,Geothlypis trichas,Common Yellowthroat,0.0179,D:/AcousticMonitoringData/ELDON2_Data/Week18\ELDON2_20250508_060802.wav,20250508
732,735,Passerina caerulea,Blue Grosbeak,0.0119,D:/AcousticMonitoringData/ELDON2_Data/Week18\ELDON2_20250508_060802.wav,20250508
732,735,Spizella pusilla,Field Sparrow,0.0111,D:/AcousticMonitoringData/ELDON2_Data/Week18\ELDON2_20250508_060802.wav,20250508
735,738,Spizella pusilla,Field Sparrow,0.0421,D:/AcousticMonitoringData/ELDON2_Data/Week18\ELDON2_20250508_060802.wav,20250508
735,738,Sturnella magna,Eastern Meadowlark,0.0193,D:/AcousticMonitoringData/ELDON2_Data/Week18\ELDON2_20250508_060802.wav,20250508
735,738,Geothlypis trichas,Common Yellowthroat,0.019,D:/AcousticMonitoringData/ELDON2_Data/Week18\ELDON2_20250508_060802.wav,20250508
735,738,Melospiza melodia,Song Sparrow,0.0167,D:/AcousticMonitoringData/ELDON2_Data/Week18\ELDON2_20250508_060802.wav,20250508
738,741,Sturnella magna,Eastern Meadowlark,0.1231,D:/AcousticMonitoringData/ELDON2_Data/Week18\ELDON2_20250508_060802.wav,20250508
738,741,Passerina caerulea,Blue Grosbeak,0.0112,D:/AcousticMonitoringData/ELDON2_Data/Week18\ELDON2_20250508_060802.wav,20250508
741,744,Sturnella magna,Eastern Meadowlark,0.043,D:/AcousticMonitoringData/ELDON2_Data/Week18\ELDON2_20250508_060802.wav,20250508
744,747,Geothlypis trichas,Common Yellowthroat,0.0285,D:/AcousticMonitoringData/ELDON2_Data/Week18\ELDON2_20250508_060802.wav,20250508
744,747,Spizella pusilla,Field Sparrow,0.0227,D:/AcousticMonitoringData/ELDON2_Data/Week18\ELDON2_20250508_060802.wav,20250508
744,747,Sturnella magna,Eastern Meadowlark,0.0131,D:/AcousticMonitoringData/ELDON2_Data/Week18\ELDON2_20250508_060802.wav,20250508
744,747,Bartramia longicauda,Upland Sandpiper,0.01,D:/AcousticMonitoringData/ELDON2_Data/Week18\ELDON2_20250508_060802.wav,20250508
747,750,Geothlypis trichas,Common Yellowthroat,0.1294,D:/AcousticMonitoringData/ELDON2_Data/Week18\ELDON2_20250508_060802.wav,20250508
747,750,Spizella pusilla,Field Sparrow,0.0286,D:/AcousticMonitoringData/ELDON2_Data/Week18\ELDON2_20250508_060802.wav,20250508
747,750,Sturnella magna,Eastern Meadowlark,0.0133,D:/AcousticMonitoringData/ELDON2_Data/Week18\ELDON2_20250508_060802.wav,20250508
750,753,Geothlypis trichas,Common Yellowthroat,0.08,D:/AcousticMonitoringData/ELDON2_Data/Week18\ELDON2_20250508_060802.wav,20250508
753,756,Sturnella magna,Eastern Meadowlark,0.0982,D:/AcousticMonitoringData/ELDON2_Data/Week18\ELDON2_20250508_060802.wav,20250508
753,756,Geothlypis trichas,Common Yellowthroat,0.0339,D:/AcousticMonitoringData/ELDON2_Data/Week18\ELDON2_20250508_060802.wav,20250508
756,759,Geothlypis trichas,Common Yellowthroat,0.0535,D:/AcousticMonitoringData/ELDON2_Data/Week18\ELDON2_20250508_060802.wav,20250508
756,759,Sturnella magna,Eastern Meadowlark,0.0268,D:/AcousticMonitoringData/ELDON2_Data/Week18\ELDON2_20250508_060802.wav,20250508
756,759,Melospiza melodia,Song Sparrow,0.0106,D:/AcousticMonitoringData/ELDON2_Data/Week18\ELDON2_20250508_060802.wav,20250508
759,762,Sturnella magna,Eastern Meadowlark,0.0509,D:/AcousticMonitoringData/ELDON2_Data/Week18\ELDON2_20250508_060802.wav,20250508
762,765,Geothlypis trichas,Common Yellowthroat,0.0912,D:/AcousticMonitoringData/ELDON2_Data/Week18\ELDON2_20250508_060802.wav,20250508
762,765,Melospiza melodia,Song Sparrow,0.0332,D:/AcousticMonitoringData/ELDON2_Data/Week18\ELDON2_20250508_060802.wav,20250508
762,765,Sturnella magna,Eastern Meadowlark,0.0161,D:/AcousticMonitoringData/ELDON2_Data/Week18\ELDON2_20250508_060802.wav,20250508
762,765,Spizella pusilla,Field Sparrow,0.016,D:/AcousticMonitoringData/ELDON2_Data/Week18\ELDON2_20250508_060802.wav,20250508
765,768,Geothlypis trichas,Common Yellowthroat,0.0438,D:/AcousticMonitoringData/ELDON2_Data/Week18\ELDON2_20250508_060802.wav,20250508
765,768,Sturnella magna,Eastern Meadowlark,0.0181,D:/AcousticMonitoringData/ELDON2_Data/Week18\ELDON2_20250508_060802.wav,20250508
765,768,Melospiza melodia,Song Sparrow,0.0101,D:/AcousticMonitoringData/ELDON2_Data/Week18\ELDON2_20250508_060802.wav,20250508
768,771,Geothlypis trichas,Common Yellowthroat,0.0343,D:/AcousticMonitoringData/ELDON2_Data/Week18\ELDON2_20250508_060802.wav,20250508
768,771,Passerina caerulea,Blue Grosbeak,0.0228,D:/AcousticMonitoringData/ELDON2_Data/Week18\ELDON2_20250508_060802.wav,20250508
768,771,Sturnella magna,Eastern Meadowlark,0.0149,D:/AcousticMonitoringData/ELDON2_Data/Week18\ELDON2_20250508_060802.wav,20250508
768,771,Melospiza melodia,Song Sparrow,0.0101,D:/AcousticMonitoringData/ELDON2_Data/Week18\ELDON2_20250508_060802.wav,20250508
771,774,Sturnella magna,Eastern Meadowlark,0.3601,D:/AcousticMonitoringData/ELDON2_Data/Week18\ELDON2_20250508_060802.wav,20250508
771,774,Passerina caerulea,Blue Grosbeak,0.0241,D:/AcousticMonitoringData/ELDON2_Data/Week18\ELDON2_20250508_060802.wav,20250508
771,774,Spizella pusilla,Field Sparrow,0.0114,D:/AcousticMonitoringData/ELDON2_Data/Week18\ELDON2_20250508_060802.wav,20250508
774,777,Sturnella magna,Eastern Meadowlark,0.1488,D:/AcousticMonitoringData/ELDON2_Data/Week18\ELDON2_20250508_060802.wav,20250508
777,780,Geothlypis trichas,Common Yellowthroat,0.0598,D:/AcousticMonitoringData/ELDON2_Data/Week18\ELDON2_20250508_060802.wav,20250508
777,780,Sturnella magna,Eastern Meadowlark,0.0183,D:/AcousticMonitoringData/ELDON2_Data/Week18\ELDON2_20250508_060802.wav,20250508
777,780,Spizella pusilla,Field Sparrow,0.0168,D:/AcousticMonitoringData/ELDON2_Data/Week18\ELDON2_20250508_060802.wav,20250508
777,780,Passerina caerulea,Blue Grosbeak,0.0124,D:/AcousticMonitoringData/ELDON2_Data/Week18\ELDON2_20250508_060802.wav,20250508
780,783,Sturnella magna,Eastern Meadowlark,0.3409,D:/AcousticMonitoringData/ELDON2_Data/Week18\ELDON2_20250508_060802.wav,20250508
780,783,Bartramia longicauda,Upland Sandpiper,0.0151,D:/AcousticMonitoringData/ELDON2_Data/Week18\ELDON2_20250508_060802.wav,20250508
783,786,Sturnella magna,Eastern Meadowlark,0.075,D:/AcousticMonitoringData/ELDON2_Data/Week18\ELDON2_20250508_060802.wav,20250508
786,789,Sturnella magna,Eastern Meadowlark,0.2932,D:/AcousticMonitoringData/ELDON2_Data/Week18\ELDON2_20250508_060802.wav,20250508
789,792,Geothlypis trichas,Common Yellowthroat,0.0507,D:/AcousticMonitoringData/ELDON2_Data/Week18\ELDON2_20250508_060802.wav,20250508
789,792,Sturnella magna,Eastern Meadowlark,0.0171,D:/AcousticMonitoringData/ELDON2_Data/Week18\ELDON2_20250508_060802.wav,20250508
792,795,Sturnella magna,Eastern Meadowlark,0.0252,D:/AcousticMonitoringData/ELDON2_Data/Week18\ELDON2_20250508_060802.wav,20250508
792,795,Geothlypis trichas,Common Yellowthroat,0.0198,D:/AcousticMonitoringData/ELDON2_Data/Week18\ELDON2_20250508_060802.wav,20250508
792,795,Passerina caerulea,Blue Grosbeak,0.0182,D:/AcousticMonitoringData/ELDON2_Data/Week18\ELDON2_20250508_060802.wav,20250508
795,798,Sturnella magna,Eastern Meadowlark,0.4901,D:/AcousticMonitoringData/ELDON2_Data/Week18\ELDON2_20250508_060802.wav,20250508
795,798,Passerina caerulea,Blue Grosbeak,0.0114,D:/AcousticMonitoringData/ELDON2_Data/Week18\ELDON2_20250508_060802.wav,20250508
798,801,Geothlypis trichas,Common Yellowthroat,0.0498,D:/AcousticMonitoringData/ELDON2_Data/Week18\ELDON2_20250508_060802.wav,20250508
798,801,Melospiza melodia,Song Sparrow,0.0154,D:/AcousticMonitoringData/ELDON2_Data/Week18\ELDON2_20250508_060802.wav,20250508
798,801,Spizella pusilla,Field Sparrow,0.013,D:/AcousticMonitoringData/ELDON2_Data/Week18\ELDON2_20250508_060802.wav,20250508
801,804,Geothlypis trichas,Common Yellowthroat,0.1258,D:/AcousticMonitoringData/ELDON2_Data/Week18\ELDON2_20250508_060802.wav,20250508
801,804,Sturnella magna,Eastern Meadowlark,0.0749,D:/AcousticMonitoringData/ELDON2_Data/Week18\ELDON2_20250508_060802.wav,20250508
801,804,Passerina caerulea,Blue Grosbeak,0.0172,D:/AcousticMonitoringData/ELDON2_Data/Week18\ELDON2_20250508_060802.wav,20250508
801,804,Spizella pusilla,Field Sparrow,0.0109,D:/AcousticMonitoringData/ELDON2_Data/Week18\ELDON2_20250508_060802.wav,20250508
804,807,Sturnella magna,Eastern Meadowlark,0.9716,D:/AcousticMonitoringData/ELDON2_Data/Week18\ELDON2_20250508_060802.wav,20250508
807,810,Sturnella magna,Eastern Meadowlark,0.8426,D:/AcousticMonitoringData/ELDON2_Data/Week18\ELDON2_20250508_060802.wav,20250508
810,813,Sturnella magna,Eastern Meadowlark,0.5744,D:/AcousticMonitoringData/ELDON2_Data/Week18\ELDON2_20250508_060802.wav,20250508
813,816,Sturnella magna,Eastern Meadowlark,0.4951,D:/AcousticMonitoringData/ELDON2_Data/Week18\ELDON2_20250508_060802.wav,20250508
813,816,Passerina caerulea,Blue Grosbeak,0.0173,D:/AcousticMonitoringData/ELDON2_Data/Week18\ELDON2_20250508_060802.wav,20250508
813,816,Spizella pusilla,Field Sparrow,0.0129,D:/AcousticMonitoringData/ELDON2_Data/Week18\ELDON2_20250508_060802.wav,20250508
816,819,Sturnella magna,Eastern Meadowlark,0.0278,D:/AcousticMonitoringData/ELDON2_Data/Week18\ELDON2_20250508_060802.wav,20250508
819,822,Sturnella magna,Eastern Meadowlark,0.9815,D:/AcousticMonitoringData/ELDON2_Data/Week18\ELDON2_20250508_060802.wav,20250508
822,825,Sturnella magna,Eastern Meadowlark,0.022,D:/AcousticMonitoringData/ELDON2_Data/Week18\ELDON2_20250508_060802.wav,20250508
825,828,Sturnella magna,Eastern Meadowlark,0.1037,D:/AcousticMonitoringData/ELDON2_Data/Week18\ELDON2_20250508_060802.wav,20250508
825,828,Passerina caerulea,Blue Grosbeak,0.011,D:/AcousticMonitoringData/ELDON2_Data/Week18\ELDON2_20250508_060802.wav,20250508
828,831,Sturnella magna,Eastern Meadowlark,0.9587,D:/AcousticMonitoringData/ELDON2_Data/Week18\ELDON2_20250508_060802.wav,20250508
831,834,Geothlypis trichas,Common Yellowthroat,0.0178,D:/AcousticMonitoringData/ELDON2_Data/Week18\ELDON2_20250508_060802.wav,20250508
831,834,Sturnella magna,Eastern Meadowlark,0.0174,D:/AcousticMonitoringData/ELDON2_Data/Week18\ELDON2_20250508_060802.wav,20250508
834,837,Sturnella magna,Eastern Meadowlark,0.5166,D:/AcousticMonitoringData/ELDON2_Data/Week18\ELDON2_20250508_060802.wav,20250508
837,840,Sturnella magna,Eastern Meadowlark,0.1077,D:/AcousticMonitoringData/ELDON2_Data/Week18\ELDON2_20250508_060802.wav,20250508
837,840,Spizella pusilla,Field Sparrow,0.01,D:/AcousticMonitoringData/ELDON2_Data/Week18\ELDON2_20250508_060802.wav,20250508
840,843,Sturnella magna,Eastern Meadowlark,0.9332,D:/AcousticMonitoringData/ELDON2_Data/Week18\ELDON2_20250508_060802.wav,20250508
843,846,Sturnella magna,Eastern Meadowlark,0.0348,D:/AcousticMonitoringData/ELDON2_Data/Week18\ELDON2_20250508_060802.wav,20250508
846,849,Sturnella magna,Eastern Meadowlark,0.0212,D:/AcousticMonitoringData/ELDON2_Data/Week18\ELDON2_20250508_060802.wav,20250508
846,849,Spizella pusilla,Field Sparrow,0.0172,D:/AcousticMonitoringData/ELDON2_Data/Week18\ELDON2_20250508_060802.wav,20250508
846,849,Geothlypis trichas,Common Yellowthroat,0.0142,D:/AcousticMonitoringData/ELDON2_Data/Week18\ELDON2_20250508_060802.wav,20250508
846,849,Passerina caerulea,Blue Grosbeak,0.0101,D:/AcousticMonitoringData/ELDON2_Data/Week18\ELDON2_20250508_060802.wav,20250508
849,852,Sturnella magna,Eastern Meadowlark,0.9337,D:/AcousticMonitoringData/ELDON2_Data/Week18\ELDON2_20250508_060802.wav,20250508
852,855,Sturnella magna,Eastern Meadowlark,0.9417,D:/AcousticMonitoringData/ELDON2_Data/Week18\ELDON2_20250508_060802.wav,20250508
855,858,Sturnella magna,Eastern Meadowlark,0.1005,D:/AcousticMonitoringData/ELDON2_Data/Week18\ELDON2_20250508_060802.wav,20250508
858,861,Sturnella magna,Eastern Meadowlark,0.1635,D:/AcousticMonitoringData/ELDON2_Data/Week18\ELDON2_20250508_060802.wav,20250508
861,864,Sturnella magna,Eastern Meadowlark,0.9657,D:/AcousticMonitoringData/ELDON2_Data/Week18\ELDON2_20250508_060802.wav,20250508
864,867,Sturnella magna,Eastern Meadowlark,0.8039,D:/AcousticMonitoringData/ELDON2_Data/Week18\ELDON2_20250508_060802.wav,20250508
867,870,Sturnella magna,Eastern Meadowlark,0.0626,D:/AcousticMonitoringData/ELDON2_Data/Week18\ELDON2_20250508_060802.wav,20250508
870,873,Geothlypis trichas,Common Yellowthroat,0.02,D:/AcousticMonitoringData/ELDON2_Data/Week18\ELDON2_20250508_060802.wav,20250508
873,876,Sturnella magna,Eastern Meadowlark,0.9231,D:/AcousticMonitoringData/ELDON2_Data/Week18\ELDON2_20250508_060802.wav,20250508
876,879,Sturnella magna,Eastern Meadowlark,0.3322,D:/AcousticMonitoringData/ELDON2_Data/Week18\ELDON2_20250508_060802.wav,20250508
879,882,Geothlypis trichas,Common Yellowthroat,0.0436,D:/AcousticMonitoringData/ELDON2_Data/Week18\ELDON2_20250508_060802.wav,20250508
879,882,Sturnella magna,Eastern Meadowlark,0.0246,D:/AcousticMonitoringData/ELDON2_Data/Week18\ELDON2_20250508_060802.wav,20250508
879,882,Melospiza melodia,Song Sparrow,0.0236,D:/AcousticMonitoringData/ELDON2_Data/Week18\ELDON2_20250508_060802.wav,20250508
879,882,Passerina caerulea,Blue Grosbeak,0.017,D:/AcousticMonitoringData/ELDON2_Data/Week18\ELDON2_20250508_060802.wav,20250508
879,882,Spizella pusilla,Field Sparrow,0.0119,D:/AcousticMonitoringData/ELDON2_Data/Week18\ELDON2_20250508_060802.wav,20250508
879,882,Bartramia longicauda,Upland Sandpiper,0.0114,D:/AcousticMonitoringData/ELDON2_Data/Week18\ELDON2_20250508_060802.wav,20250508
882,885,Sturnella magna,Eastern Meadowlark,0.0222,D:/AcousticMonitoringData/ELDON2_Data/Week18\ELDON2_20250508_060802.wav,20250508
882,885,Passerina caerulea,Blue Grosbeak,0.0181,D:/AcousticMonitoringData/ELDON2_Data/Week18\ELDON2_20250508_060802.wav,20250508
882,885,Geothlypis trichas,Common Yellowthroat,0.0142,D:/AcousticMonitoringData/ELDON2_Data/Week18\ELDON2_20250508_060802.wav,20250508
885,888,Sturnella magna,Eastern Meadowlark,0.2111,D:/AcousticMonitoringData/ELDON2_Data/Week18\ELDON2_20250508_060802.wav,20250508
888,891,Sturnella magna,Eastern Meadowlark,0.5567,D:/AcousticMonitoringData/ELDON2_Data/Week18\ELDON2_20250508_060802.wav,20250508
891,894,Sturnella magna,Eastern Meadowlark,0.7866,D:/AcousticMonitoringData/ELDON2_Data/Week18\ELDON2_20250508_060802.wav,20250508
894,897,Sturnella magna,Eastern Meadowlark,0.2186,D:/AcousticMonitoringData/ELDON2_Data/Week18\ELDON2_20250508_060802.wav,20250508
900,903,Sturnella magna,Eastern Meadowlark,0.0668,D:/AcousticMonitoringData/ELDON2_Data/Week18\ELDON2_20250508_060802.wav,20250508
903,906,Sturnella magna,Eastern Meadowlark,0.991,D:/AcousticMonitoringData/ELDON2_Data/Week18\ELDON2_20250508_060802.wav,20250508
906,909,Geothlypis trichas,Common Yellowthroat,0.0374,D:/AcousticMonitoringData/ELDON2_Data/Week18\ELDON2_20250508_060802.wav,20250508
906,909,Passerina caerulea,Blue Grosbeak,0.0226,D:/AcousticMonitoringData/ELDON2_Data/Week18\ELDON2_20250508_060802.wav,20250508
906,909,Sturnella magna,Eastern Meadowlark,0.0221,D:/AcousticMonitoringData/ELDON2_Data/Week18\ELDON2_20250508_060802.wav,20250508
906,909,Spizella pusilla,Field Sparrow,0.0181,D:/AcousticMonitoringData/ELDON2_Data/Week18\ELDON2_20250508_060802.wav,20250508
909,912,Geothlypis trichas,Common Yellowthroat,0.1223,D:/AcousticMonitoringData/ELDON2_Data/Week18\ELDON2_20250508_060802.wav,20250508
909,912,Sturnella magna,Eastern Meadowlark,0.0418,D:/AcousticMonitoringData/ELDON2_Data/Week18\ELDON2_20250508_060802.wav,20250508
909,912,Spizella pusilla,Field Sparrow,0.0208,D:/AcousticMonitoringData/ELDON2_Data/Week18\ELDON2_20250508_060802.wav,20250508
909,912,Melospiza melodia,Song Sparrow,0.0162,D:/AcousticMonitoringData/ELDON2_Data/Week18\ELDON2_20250508_060802.wav,20250508
909,912,Passerina caerulea,Blue Grosbeak,0.0131,D:/AcousticMonitoringData/ELDON2_Data/Week18\ELDON2_20250508_060802.wav,20250508
912,915,Sturnella magna,Eastern Meadowlark,0.5042,D:/AcousticMonitoringData/ELDON2_Data/Week18\ELDON2_20250508_060802.wav,20250508
915,918,Sturnella magna,Eastern Meadowlark,0.8715,D:/AcousticMonitoringData/ELDON2_Data/Week18\ELDON2_20250508_060802.wav,20250508
918,921,Geothlypis trichas,Common Yellowthroat,0.032,D:/AcousticMonitoringData/ELDON2_Data/Week18\ELDON2_20250508_060802.wav,20250508
918,921,Sturnella magna,Eastern Meadowlark,0.0262,D:/AcousticMonitoringData/ELDON2_Data/Week18\ELDON2_20250508_060802.wav,20250508
918,921,Passerina caerulea,Blue Grosbeak,0.0136,D:/AcousticMonitoringData/ELDON2_Data/Week18\ELDON2_20250508_060802.wav,20250508
918,921,Spizella pusilla,Field Sparrow,0.0102,D:/AcousticMonitoringData/ELDON2_Data/Week18\ELDON2_20250508_060802.wav,20250508
921,924,Sturnella magna,Eastern Meadowlark,0.4507,D:/AcousticMonitoringData/ELDON2_Data/Week18\ELDON2_20250508_060802.wav,20250508
924,927,Geothlypis trichas,Common Yellowthroat,0.0494,D:/AcousticMonitoringData/ELDON2_Data/Week18\ELDON2_20250508_060802.wav,20250508
924,927,Spizella pusilla,Field Sparrow,0.037,D:/AcousticMonitoringData/ELDON2_Data/Week18\ELDON2_20250508_060802.wav,20250508
924,927,Sturnella magna,Eastern Meadowlark,0.0207,D:/AcousticMonitoringData/ELDON2_Data/Week18\ELDON2_20250508_060802.wav,20250508
924,927,Passerina caerulea,Blue Grosbeak,0.0113,D:/AcousticMonitoringData/ELDON2_Data/Week18\ELDON2_20250508_060802.wav,20250508
927,930,Sturnella magna,Eastern Meadowlark,0.9916,D:/AcousticMonitoringData/ELDON2_Data/Week18\ELDON2_20250508_060802.wav,20250508
930,933,Sturnella magna,Eastern Meadowlark,0.3739,D:/AcousticMonitoringData/ELDON2_Data/Week18\ELDON2_20250508_060802.wav,20250508
933,936,Geothlypis trichas,Common Yellowthroat,0.062,D:/AcousticMonitoringData/ELDON2_Data/Week18\ELDON2_20250508_060802.wav,20250508
933,936,Melospiza melodia,Song Sparrow,0.0478,D:/AcousticMonitoringData/ELDON2_Data/Week18\ELDON2_20250508_060802.wav,20250508
933,936,Spizella pusilla,Field Sparrow,0.0406,D:/AcousticMonitoringData/ELDON2_Data/Week18\ELDON2_20250508_060802.wav,20250508
933,936,Sturnella magna,Eastern Meadowlark,0.0283,D:/AcousticMonitoringData/ELDON2_Data/Week18\ELDON2_20250508_060802.wav,20250508
933,936,Passerina caerulea,Blue Grosbeak,0.0165,D:/AcousticMonitoringData/ELDON2_Data/Week18\ELDON2_20250508_060802.wav,20250508
936,939,Sturnella magna,Eastern Meadowlark,0.2668,D:/AcousticMonitoringData/ELDON2_Data/Week18\ELDON2_20250508_060802.wav,20250508
939,942,Sturnella magna,Eastern Meadowlark,0.909,D:/AcousticMonitoringData/ELDON2_Data/Week18\ELDON2_20250508_060802.wav,20250508
942,945,Sturnella magna,Eastern Meadowlark,0.1464,D:/AcousticMonitoringData/ELDON2_Data/Week18\ELDON2_20250508_060802.wav,20250508
942,945,Spizella pusilla,Field Sparrow,0.0644,D:/AcousticMonitoringData/ELDON2_Data/Week18\ELDON2_20250508_060802.wav,20250508
945,948,Sturnella magna,Eastern Meadowlark,0.8721,D:/AcousticMonitoringData/ELDON2_Data/Week18\ELDON2_20250508_060802.wav,20250508
948,951,Sturnella magna,Eastern Meadowlark,0.2496,D:/AcousticMonitoringData/ELDON2_Data/Week18\ELDON2_20250508_060802.wav,20250508
951,954,Sturnella magna,Eastern Meadowlark,0.7691,D:/AcousticMonitoringData/ELDON2_Data/Week18\ELDON2_20250508_060802.wav,20250508
954,957,Sturnella magna,Eastern Meadowlark,0.5586,D:/AcousticMonitoringData/ELDON2_Data/Week18\ELDON2_20250508_060802.wav,20250508
954,957,Spizella pusilla,Field Sparrow,0.0213,D:/AcousticMonitoringData/ELDON2_Data/Week18\ELDON2_20250508_060802.wav,20250508
957,960,Sturnella magna,Eastern Meadowlark,0.9896,D:/AcousticMonitoringData/ELDON2_Data/Week18\ELDON2_20250508_060802.wav,20250508
960,963,Sturnella magna,Eastern Meadowlark,0.0439,D:/AcousticMonitoringData/ELDON2_Data/Week18\ELDON2_20250508_060802.wav,20250508
960,963,Spizella pusilla,Field Sparrow,0.0166,D:/AcousticMonitoringData/ELDON2_Data/Week18\ELDON2_20250508_060802.wav,20250508
960,963,Geothlypis trichas,Common Yellowthroat,0.0123,D:/AcousticMonitoringData/ELDON2_Data/Week18\ELDON2_20250508_060802.wav,20250508
960,963,Eremophila alpestris,Horned Lark,0.0101,D:/AcousticMonitoringData/ELDON2_Data/Week18\ELDON2_20250508_060802.wav,20250508
963,966,Sturnella magna,Eastern Meadowlark,0.2157,D:/AcousticMonitoringData/ELDON2_Data/Week18\ELDON2_20250508_060802.wav,20250508
963,966,Geothlypis trichas,Common Yellowthroat,0.0196,D:/AcousticMonitoringData/ELDON2_Data/Week18\ELDON2_20250508_060802.wav,20250508
966,969,Eremophila alpestris,Horned Lark,0.0368,D:/AcousticMonitoringData/ELDON2_Data/Week18\ELDON2_20250508_060802.wav,20250508
966,969,Sturnella magna,Eastern Meadowlark,0.0237,D:/AcousticMonitoringData/ELDON2_Data/Week18\ELDON2_20250508_060802.wav,20250508
966,969,Geothlypis trichas,Common Yellowthroat,0.0202,D:/AcousticMonitoringData/ELDON2_Data/Week18\ELDON2_20250508_060802.wav,20250508
966,969,Spizella pusilla,Field Sparrow,0.0119,D:/AcousticMonitoringData/ELDON2_Data/Week18\ELDON2_20250508_060802.wav,20250508
969,972,Sturnella magna,Eastern Meadowlark,0.1159,D:/AcousticMonitoringData/ELDON2_Data/Week18\ELDON2_20250508_060802.wav,20250508
969,972,Geothlypis trichas,Common Yellowthroat,0.0413,D:/AcousticMonitoringData/ELDON2_Data/Week18\ELDON2_20250508_060802.wav,20250508
969,972,Spizella pusilla,Field Sparrow,0.0132,D:/AcousticMonitoringData/ELDON2_Data/Week18\ELDON2_20250508_060802.wav,20250508
972,975,Sturnella magna,Eastern Meadowlark,0.4068,D:/AcousticMonitoringData/ELDON2_Data/Week18\ELDON2_20250508_060802.wav,20250508
975,978,Melospiza melodia,Song Sparrow,0.0335,D:/AcousticMonitoringData/ELDON2_Data/Week18\ELDON2_20250508_060802.wav,20250508
975,978,Geothlypis trichas,Common Yellowthroat,0.0334,D:/AcousticMonitoringData/ELDON2_Data/Week18\ELDON2_20250508_060802.wav,20250508
978,981,Geothlypis trichas,Common Yellowthroat,0.0246,D:/AcousticMonitoringData/ELDON2_Data/Week18\ELDON2_20250508_060802.wav,20250508
978,981,Sturnella magna,Eastern Meadowlark,0.0194,D:/AcousticMonitoringData/ELDON2_Data/Week18\ELDON2_20250508_060802.wav,20250508
981,984,Sturnella magna,Eastern Meadowlark,0.3904,D:/AcousticMonitoringData/ELDON2_Data/Week18\ELDON2_20250508_060802.wav,20250508
984,987,Sturnella magna,Eastern Meadowlark,0.0331,D:/AcousticMonitoringData/ELDON2_Data/Week18\ELDON2_20250508_060802.wav,20250508
984,987,Geothlypis trichas,Common Yellowthroat,0.0181,D:/AcousticMonitoringData/ELDON2_Data/Week18\ELDON2_20250508_060802.wav,20250508
987,990,Sturnella magna,Eastern Meadowlark,0.0236,D:/AcousticMonitoringData/ELDON2_Data/Week18\ELDON2_20250508_060802.wav,20250508
987,990,Geothlypis trichas,Common Yellowthroat,0.0178,D:/AcousticMonitoringData/ELDON2_Data/Week18\ELDON2_20250508_060802.wav,20250508
987,990,Spizella pusilla,Field Sparrow,0.0123,D:/AcousticMonitoringData/ELDON2_Data/Week18\ELDON2_20250508_060802.wav,20250508
990,993,Sturnella magna,Eastern Meadowlark,0.3048,D:/AcousticMonitoringData/ELDON2_Data/Week18\ELDON2_20250508_060802.wav,20250508
990,993,Geothlypis trichas,Common Yellowthroat,0.0327,D:/AcousticMonitoringData/ELDON2_Data/Week18\ELDON2_20250508_060802.wav,20250508
990,993,Bartramia longicauda,Upland Sandpiper,0.0243,D:/AcousticMonitoringData/ELDON2_Data/Week18\ELDON2_20250508_060802.wav,20250508
990,993,Spizella pusilla,Field Sparrow,0.0126,D:/AcousticMonitoringData/ELDON2_Data/Week18\ELDON2_20250508_060802.wav,20250508
990,993,Passerina caerulea,Blue Grosbeak,0.0115,D:/AcousticMonitoringData/ELDON2_Data/Week18\ELDON2_20250508_060802.wav,20250508
993,996,Geothlypis trichas,Common Yellowthroat,0.0342,D:/AcousticMonitoringData/ELDON2_Data/Week18\ELDON2_20250508_060802.wav,20250508
993,996,Sturnella magna,Eastern Meadowlark,0.0318,D:/AcousticMonitoringData/ELDON2_Data/Week18\ELDON2_20250508_060802.wav,20250508
993,996,Passerina caerulea,Blue Grosbeak,0.0242,D:/AcousticMonitoringData/ELDON2_Data/Week18\ELDON2_20250508_060802.wav,20250508
993,996,Spizella pusilla,Field Sparrow,0.0161,D:/AcousticMonitoringData/ELDON2_Data/Week18\ELDON2_20250508_060802.wav,20250508
993,996,Melospiza melodia,Song Sparrow,0.0103,D:/AcousticMonitoringData/ELDON2_Data/Week18\ELDON2_20250508_060802.wav,20250508
996,999,Sturnella magna,Eastern Meadowlark,0.5835,D:/AcousticMonitoringData/ELDON2_Data/Week18\ELDON2_20250508_060802.wav,20250508
999,1002,Sturnella magna,Eastern Meadowlark,0.4042,D:/AcousticMonitoringData/ELDON2_Data/Week18\ELDON2_20250508_060802.wav,20250508
999,1002,Geothlypis trichas,Common Yellowthroat,0.0172,D:/AcousticMonitoringData/ELDON2_Data/Week18\ELDON2_20250508_060802.wav,20250508
999,1002,Spizella pusilla,Field Sparrow,0.0167,D:/AcousticMonitoringData/ELDON2_Data/Week18\ELDON2_20250508_060802.wav,20250508
1002,1005,Sturnella magna,Eastern Meadowlark,0.4805,D:/AcousticMonitoringData/ELDON2_Data/Week18\ELDON2_20250508_060802.wav,20250508
1005,1008,Geothlypis trichas,Common Yellowthroat,0.0613,D:/AcousticMonitoringData/ELDON2_Data/Week18\ELDON2_20250508_060802.wav,20250508
1005,1008,Sturnella magna,Eastern Meadowlark,0.0208,D:/AcousticMonitoringData/ELDON2_Data/Week18\ELDON2_20250508_060802.wav,20250508
1005,1008,Melospiza melodia,Song Sparrow,0.0199,D:/AcousticMonitoringData/ELDON2_Data/Week18\ELDON2_20250508_060802.wav,20250508
1005,1008,Passerina caerulea,Blue Grosbeak,0.0134,D:/AcousticMonitoringData/ELDON2_Data/Week18\ELDON2_20250508_060802.wav,20250508
1005,1008,Spizella pusilla,Field Sparrow,0.0127,D:/AcousticMonitoringData/ELDON2_Data/Week18\ELDON2_20250508_060802.wav,20250508
1008,1011,Sturnella magna,Eastern Meadowlark,0.5556,D:/AcousticMonitoringData/ELDON2_Data/Week18\ELDON2_20250508_060802.wav,20250508
1008,1011,Geothlypis trichas,Common Yellowthroat,0.0491,D:/AcousticMonitoringData/ELDON2_Data/Week18\ELDON2_20250508_060802.wav,20250508
1008,1011,Melospiza melodia,Song Sparrow,0.0165,D:/AcousticMonitoringData/ELDON2_Data/Week18\ELDON2_20250508_060802.wav,20250508
1008,1011,Spizella pusilla,Field Sparrow,0.0135,D:/AcousticMonitoringData/ELDON2_Data/Week18\ELDON2_20250508_060802.wav,20250508
1008,1011,Bartramia longicauda,Upland Sandpiper,0.0109,D:/AcousticMonitoringData/ELDON2_Data/Week18\ELDON2_20250508_060802.wav,20250508
1011,1014,Sturnella magna,Eastern Meadowlark,0.0183,D:/AcousticMonitoringData/ELDON2_Data/Week18\ELDON2_20250508_060802.wav,20250508
1014,1017,Geothlypis trichas,Common Yellowthroat,0.0417,D:/AcousticMonitoringData/ELDON2_Data/Week18\ELDON2_20250508_060802.wav,20250508
1014,1017,Sturnella magna,Eastern Meadowlark,0.017,D:/AcousticMonitoringData/ELDON2_Data/Week18\ELDON2_20250508_060802.wav,20250508
1017,1020,Sturnella magna,Eastern Meadowlark,0.2318,D:/AcousticMonitoringData/ELDON2_Data/Week18\ELDON2_20250508_060802.wav,20250508
1017,1020,Geothlypis trichas,Common Yellowthroat,0.0249,D:/AcousticMonitoringData/ELDON2_Data/Week18\ELDON2_20250508_060802.wav,20250508
1020,1023,Geothlypis trichas,Common Yellowthroat,0.096,D:/AcousticMonitoringData/ELDON2_Data/Week18\ELDON2_20250508_060802.wav,20250508
1020,1023,Sturnella magna,Eastern Meadowlark,0.0324,D:/AcousticMonitoringData/ELDON2_Data/Week18\ELDON2_20250508_060802.wav,20250508
1020,1023,Melospiza melodia,Song Sparrow,0.0212,D:/AcousticMonitoringData/ELDON2_Data/Week18\ELDON2_20250508_060802.wav,20250508
1020,1023,Spizella pusilla,Field Sparrow,0.0152,D:/AcousticMonitoringData/ELDON2_Data/Week18\ELDON2_20250508_060802.wav,20250508
1023,1026,Geothlypis trichas,Common Yellowthroat,0.0157,D:/AcousticMonitoringData/ELDON2_Data/Week18\ELDON2_20250508_060802.wav,20250508
1026,1029,Sturnella magna,Eastern Meadowlark,0.2599,D:/AcousticMonitoringData/ELDON2_Data/Week18\ELDON2_20250508_060802.wav,20250508
1029,1032,Sturnella magna,Eastern Meadowlark,0.3255,D:/AcousticMonitoringData/ELDON2_Data/Week18\ELDON2_20250508_060802.wav,20250508
1032,1035,Sturnella magna,Eastern Meadowlark,0.0137,D:/AcousticMonitoringData/ELDON2_Data/Week18\ELDON2_20250508_060802.wav,20250508
1035,1038,Sturnella magna,Eastern Meadowlark,0.0319,D:/AcousticMonitoringData/ELDON2_Data/Week18\ELDON2_20250508_060802.wav,20250508
1038,1041,Sturnella magna,Eastern Meadowlark,0.4768,D:/AcousticMonitoringData/ELDON2_Data/Week18\ELDON2_20250508_060802.wav,20250508
1038,1041,Spizella pusilla,Field Sparrow,0.0299,D:/AcousticMonitoringData/ELDON2_Data/Week18\ELDON2_20250508_060802.wav,20250508
1044,1047,Sturnella magna,Eastern Meadowlark,0.0427,D:/AcousticMonitoringData/ELDON2_Data/Week18\ELDON2_20250508_060802.wav,20250508
1044,1047,Spizella pusilla,Field Sparrow,0.0175,D:/AcousticMonitoringData/ELDON2_Data/Week18\ELDON2_20250508_060802.wav,20250508
1044,1047,Geothlypis trichas,Common Yellowthroat,0.0159,D:/AcousticMonitoringData/ELDON2_Data/Week18\ELDON2_20250508_060802.wav,20250508
1047,1050,Sturnella magna,Eastern Meadowlark,0.6147,D:/AcousticMonitoringData/ELDON2_Data/Week18\ELDON2_20250508_060802.wav,20250508
1047,1050,Spizella pusilla,Field Sparrow,0.0155,D:/AcousticMonitoringData/ELDON2_Data/Week18\ELDON2_20250508_060802.wav,20250508
1050,1053,Sturnella magna,Eastern Meadowlark,0.0415,D:/AcousticMonitoringData/ELDON2_Data/Week18\ELDON2_20250508_060802.wav,20250508
1050,1053,Passerina caerulea,Blue Grosbeak,0.0126,D:/AcousticMonitoringData/ELDON2_Data/Week18\ELDON2_20250508_060802.wav,20250508
1053,1056,Sturnella magna,Eastern Meadowlark,0.3106,D:/AcousticMonitoringData/ELDON2_Data/Week18\ELDON2_20250508_060802.wav,20250508
1056,1059,Sturnella magna,Eastern Meadowlark,0.0205,D:/AcousticMonitoringData/ELDON2_Data/Week18\ELDON2_20250508_060802.wav,20250508
1059,1062,Sturnella magna,Eastern Meadowlark,0.0283,D:/AcousticMonitoringData/ELDON2_Data/Week18\ELDON2_20250508_060802.wav,20250508
1062,1065,Sturnella magna,Eastern Meadowlark,0.2882,D:/AcousticMonitoringData/ELDON2_Data/Week18\ELDON2_20250508_060802.wav,20250508
1062,1065,Spizella pusilla,Field Sparrow,0.0117,D:/AcousticMonitoringData/ELDON2_Data/Week18\ELDON2_20250508_060802.wav,20250508
1065,1068,Geothlypis trichas,Common Yellowthroat,0.0265,D:/AcousticMonitoringData/ELDON2_Data/Week18\ELDON2_20250508_060802.wav,20250508
1065,1068,Spizella pusilla,Field Sparrow,0.0171,D:/AcousticMonitoringData/ELDON2_Data/Week18\ELDON2_20250508_060802.wav,20250508
1068,1071,Sturnella magna,Eastern Meadowlark,0.0253,D:/AcousticMonitoringData/ELDON2_Data/Week18\ELDON2_20250508_060802.wav,20250508
1068,1071,Geothlypis trichas,Common Yellowthroat,0.011,D:/AcousticMonitoringData/ELDON2_Data/Week18\ELDON2_20250508_060802.wav,20250508
1071,1074,Sturnella magna,Eastern Meadowlark,0.0462,D:/AcousticMonitoringData/ELDON2_Data/Week18\ELDON2_20250508_060802.wav,20250508
1071,1074,Geothlypis trichas,Common Yellowthroat,0.0273,D:/AcousticMonitoringData/ELDON2_Data/Week18\ELDON2_20250508_060802.wav,20250508
1074,1077,Geothlypis trichas,Common Yellowthroat,0.0546,D:/AcousticMonitoringData/ELDON2_Data/Week18\ELDON2_20250508_060802.wav,20250508
1074,1077,Sturnella magna,Eastern Meadowlark,0.0136,D:/AcousticMonitoringData/ELDON2_Data/Week18\ELDON2_20250508_060802.wav,20250508
1074,1077,Passerina caerulea,Blue Grosbeak,0.0101,D:/AcousticMonitoringData/ELDON2_Data/Week18\ELDON2_20250508_060802.wav,20250508
1077,1080,Sturnella magna,Eastern Meadowlark,0.8068,D:/AcousticMonitoringData/ELDON2_Data/Week18\ELDON2_20250508_060802.wav,20250508
1077,1080,Passerina caerulea,Blue Grosbeak,0.0212,D:/AcousticMonitoringData/ELDON2_Data/Week18\ELDON2_20250508_060802.wav,20250508
1080,1083,Geothlypis trichas,Common Yellowthroat,0.1601,D:/AcousticMonitoringData/ELDON2_Data/Week18\ELDON2_20250508_060802.wav,20250508
1080,1083,Sturnella magna,Eastern Meadowlark,0.0216,D:/AcousticMonitoringData/ELDON2_Data/Week18\ELDON2_20250508_060802.wav,20250508
1080,1083,Spizella pusilla,Field Sparrow,0.0174,D:/AcousticMonitoringData/ELDON2_Data/Week18\ELDON2_20250508_060802.wav,20250508
1080,1083,Melospiza melodia,Song Sparrow,0.0154,D:/AcousticMonitoringData/ELDON2_Data/Week18\ELDON2_20250508_060802.wav,20250508
1083,1086,Passerina caerulea,Blue Grosbeak,0.017,D:/AcousticMonitoringData/ELDON2_Data/Week18\ELDON2_20250508_060802.wav,20250508
1083,1086,Sturnella magna,Eastern Meadowlark,0.0138,D:/AcousticMonitoringData/ELDON2_Data/Week18\ELDON2_20250508_060802.wav,20250508
1083,1086,Geothlypis trichas,Common Yellowthroat,0.0111,D:/AcousticMonitoringData/ELDON2_Data/Week18\ELDON2_20250508_060802.wav,20250508
1086,1089,Sturnella magna,Eastern Meadowlark,0.4893,D:/AcousticMonitoringData/ELDON2_Data/Week18\ELDON2_20250508_060802.wav,20250508
1086,1089,Geothlypis trichas,Common Yellowthroat,0.0135,D:/AcousticMonitoringData/ELDON2_Data/Week18\ELDON2_20250508_060802.wav,20250508
1089,1092,Geothlypis trichas,Common Yellowthroat,0.0441,D:/AcousticMonitoringData/ELDON2_Data/Week18\ELDON2_20250508_060802.wav,20250508
1089,1092,Melospiza melodia,Song Sparrow,0.0132,D:/AcousticMonitoringData/ELDON2_Data/Week18\ELDON2_20250508_060802.wav,20250508
1092,1095,Geothlypis trichas,Common Yellowthroat,0.0203,D:/AcousticMonitoringData/ELDON2_Data/Week18\ELDON2_20250508_060802.wav,20250508
1092,1095,Sturnella magna,Eastern Meadowlark,0.0107,D:/AcousticMonitoringData/ELDON2_Data/Week18\ELDON2_20250508_060802.wav,20250508
1095,1098,Sturnella magna,Eastern Meadowlark,0.8218,D:/AcousticMonitoringData/ELDON2_Data/Week18\ELDON2_20250508_060802.wav,20250508
1098,1101,Geothlypis trichas,Common Yellowthroat,0.0608,D:/AcousticMonitoringData/ELDON2_Data/Week18\ELDON2_20250508_060802.wav,20250508
1098,1101,Sturnella magna,Eastern Meadowlark,0.0441,D:/AcousticMonitoringData/ELDON2_Data/Week18\ELDON2_20250508_060802.wav,20250508
1098,1101,Spizella pusilla,Field Sparrow,0.0229,D:/AcousticMonitoringData/ELDON2_Data/Week18\ELDON2_20250508_060802.wav,20250508
1098,1101,Passerina caerulea,Blue Grosbeak,0.0101,D:/AcousticMonitoringData/ELDON2_Data/Week18\ELDON2_20250508_060802.wav,20250508
1101,1104,Geothlypis trichas,Common Yellowthroat,0.1126,D:/AcousticMonitoringData/ELDON2_Data/Week18\ELDON2_20250508_060802.wav,20250508
1101,1104,Sturnella magna,Eastern Meadowlark,0.0368,D:/AcousticMonitoringData/ELDON2_Data/Week18\ELDON2_20250508_060802.wav,20250508
1101,1104,Spizella pusilla,Field Sparrow,0.016,D:/AcousticMonitoringData/ELDON2_Data/Week18\ELDON2_20250508_060802.wav,20250508
1104,1107,Geothlypis trichas,Common Yellowthroat,0.0633,D:/AcousticMonitoringData/ELDON2_Data/Week18\ELDON2_20250508_060802.wav,20250508
1104,1107,Melospiza melodia,Song Sparrow,0.0272,D:/AcousticMonitoringData/ELDON2_Data/Week18\ELDON2_20250508_060802.wav,20250508
1104,1107,Sturnella magna,Eastern Meadowlark,0.0185,D:/AcousticMonitoringData/ELDON2_Data/Week18\ELDON2_20250508_060802.wav,20250508
1104,1107,Spizella pusilla,Field Sparrow,0.0144,D:/AcousticMonitoringData/ELDON2_Data/Week18\ELDON2_20250508_060802.wav,20250508
1107,1110,Geothlypis trichas,Common Yellowthroat,0.3064,D:/AcousticMonitoringData/ELDON2_Data/Week18\ELDON2_20250508_060802.wav,20250508
1107,1110,Melospiza melodia,Song Sparrow,0.0181,D:/AcousticMonitoringData/ELDON2_Data/Week18\ELDON2_20250508_060802.wav,20250508
1107,1110,Spizella pusilla,Field Sparrow,0.0142,D:/AcousticMonitoringData/ELDON2_Data/Week18\ELDON2_20250508_060802.wav,20250508
1107,1110,Sturnella magna,Eastern Meadowlark,0.0115,D:/AcousticMonitoringData/ELDON2_Data/Week18\ELDON2_20250508_060802.wav,20250508
1110,1113,Geothlypis trichas,Common Yellowthroat,0.2647,D:/AcousticMonitoringData/ELDON2_Data/Week18\ELDON2_20250508_060802.wav,20250508
1110,1113,Sturnella magna,Eastern Meadowlark,0.0191,D:/AcousticMonitoringData/ELDON2_Data/Week18\ELDON2_20250508_060802.wav,20250508
1110,1113,Spizella pusilla,Field Sparrow,0.0185,D:/AcousticMonitoringData/ELDON2_Data/Week18\ELDON2_20250508_060802.wav,20250508
1110,1113,Melospiza melodia,Song Sparrow,0.0104,D:/AcousticMonitoringData/ELDON2_Data/Week18\ELDON2_20250508_060802.wav,20250508
1113,1116,Geothlypis trichas,Common Yellowthroat,0.0826,D:/AcousticMonitoringData/ELDON2_Data/Week18\ELDON2_20250508_060802.wav,20250508
1113,1116,Spizella pusilla,Field Sparrow,0.0489,D:/AcousticMonitoringData/ELDON2_Data/Week18\ELDON2_20250508_060802.wav,20250508
1113,1116,Sturnella magna,Eastern Meadowlark,0.025,D:/AcousticMonitoringData/ELDON2_Data/Week18\ELDON2_20250508_060802.wav,20250508
1113,1116,Melospiza melodia,Song Sparrow,0.0149,D:/AcousticMonitoringData/ELDON2_Data/Week18\ELDON2_20250508_060802.wav,20250508
1113,1116,Passerina caerulea,Blue Grosbeak,0.0123,D:/AcousticMonitoringData/ELDON2_Data/Week18\ELDON2_20250508_060802.wav,20250508
1116,1119,Geothlypis trichas,Common Yellowthroat,0.0483,D:/AcousticMonitoringData/ELDON2_Data/Week18\ELDON2_20250508_060802.wav,20250508
1116,1119,Sturnella magna,Eastern Meadowlark,0.0234,D:/AcousticMonitoringData/ELDON2_Data/Week18\ELDON2_20250508_060802.wav,20250508
1119,1122,Sturnella magna,Eastern Meadowlark,0.4223,D:/AcousticMonitoringData/ELDON2_Data/Week18\ELDON2_20250508_060802.wav,20250508
1122,1125,Geothlypis trichas,Common Yellowthroat,0.0212,D:/AcousticMonitoringData/ELDON2_Data/Week18\ELDON2_20250508_060802.wav,20250508
1122,1125,Spizella pusilla,Field Sparrow,0.0148,D:/AcousticMonitoringData/ELDON2_Data/Week18\ELDON2_20250508_060802.wav,20250508
1122,1125,Melospiza melodia,Song Sparrow,0.0111,D:/AcousticMonitoringData/ELDON2_Data/Week18\ELDON2_20250508_060802.wav,20250508
1125,1128,Geothlypis trichas,Common Yellowthroat,0.131,D:/AcousticMonitoringData/ELDON2_Data/Week18\ELDON2_20250508_060802.wav,20250508
1125,1128,Spizella pusilla,Field Sparrow,0.0501,D:/AcousticMonitoringData/ELDON2_Data/Week18\ELDON2_20250508_060802.wav,20250508
1125,1128,Sturnella magna,Eastern Meadowlark,0.0339,D:/AcousticMonitoringData/ELDON2_Data/Week18\ELDON2_20250508_060802.wav,20250508
1128,1131,Sturnella magna,Eastern Meadowlark,0.8608,D:/AcousticMonitoringData/ELDON2_Data/Week18\ELDON2_20250508_060802.wav,20250508
1128,1131,Geothlypis trichas,Common Yellowthroat,0.0109,D:/AcousticMonitoringData/ELDON2_Data/Week18\ELDON2_20250508_060802.wav,20250508
1131,1134,Sturnella magna,Eastern Meadowlark,0.034,D:/AcousticMonitoringData/ELDON2_Data/Week18\ELDON2_20250508_060802.wav,20250508
1131,1134,Geothlypis trichas,Common Yellowthroat,0.0277,D:/AcousticMonitoringData/ELDON2_Data/Week18\ELDON2_20250508_060802.wav,20250508
1134,1137,Sturnella magna,Eastern Meadowlark,0.5312,D:/AcousticMonitoringData/ELDON2_Data/Week18\ELDON2_20250508_060802.wav,20250508
1137,1140,Geothlypis trichas,Common Yellowthroat,0.1716,D:/AcousticMonitoringData/ELDON2_Data/Week18\ELDON2_20250508_060802.wav,20250508
1137,1140,Spizella pusilla,Field Sparrow,0.0102,D:/AcousticMonitoringData/ELDON2_Data/Week18\ELDON2_20250508_060802.wav,20250508
1140,1143,Geothlypis trichas,Common Yellowthroat,0.0213,D:/AcousticMonitoringData/ELDON2_Data/Week18\ELDON2_20250508_060802.wav,20250508
1140,1143,Sturnella magna,Eastern Meadowlark,0.0166,D:/AcousticMonitoringData/ELDON2_Data/Week18\ELDON2_20250508_060802.wav,20250508
1140,1143,Passerina caerulea,Blue Grosbeak,0.0104,D:/AcousticMonitoringData/ELDON2_Data/Week18\ELDON2_20250508_060802.wav,20250508
1143,1146,Sturnella magna,Eastern Meadowlark,0.8284,D:/AcousticMonitoringData/ELDON2_Data/Week18\ELDON2_20250508_060802.wav,20250508
1146,1149,Geothlypis trichas,Common Yellowthroat,0.0809,D:/AcousticMonitoringData/ELDON2_Data/Week18\ELDON2_20250508_060802.wav,20250508
1146,1149,Melospiza melodia,Song Sparrow,0.0146,D:/AcousticMonitoringData/ELDON2_Data/Week18\ELDON2_20250508_060802.wav,20250508
1146,1149,Passerina caerulea,Blue Grosbeak,0.0104,D:/AcousticMonitoringData/ELDON2_Data/Week18\ELDON2_20250508_060802.wav,20250508
1149,1152,Sturnella magna,Eastern Meadowlark,0.0116,D:/AcousticMonitoringData/ELDON2_Data/Week18\ELDON2_20250508_060802.wav,20250508
1152,1155,Sturnella magna,Eastern Meadowlark,0.0298,D:/AcousticMonitoringData/ELDON2_Data/Week18\ELDON2_20250508_060802.wav,20250508
1152,1155,Passerina caerulea,Blue Grosbeak,0.011,D:/AcousticMonitoringData/ELDON2_Data/Week18\ELDON2_20250508_060802.wav,20250508
1155,1158,Sturnella magna,Eastern Meadowlark,0.3886,D:/AcousticMonitoringData/ELDON2_Data/Week18\ELDON2_20250508_060802.wav,20250508
1158,1161,Geothlypis trichas,Common Yellowthroat,0.1672,D:/AcousticMonitoringData/ELDON2_Data/Week18\ELDON2_20250508_060802.wav,20250508
1158,1161,Spizella pusilla,Field Sparrow,0.0159,D:/AcousticMonitoringData/ELDON2_Data/Week18\ELDON2_20250508_060802.wav,20250508
1158,1161,Sturnella magna,Eastern Meadowlark,0.0149,D:/AcousticMonitoringData/ELDON2_Data/Week18\ELDON2_20250508_060802.wav,20250508
1161,1164,Sturnella magna,Eastern Meadowlark,0.3795,D:/AcousticMonitoringData/ELDON2_Data/Week18\ELDON2_20250508_060802.wav,20250508
1161,1164,Spizella pusilla,Field Sparrow,0.0382,D:/AcousticMonitoringData/ELDON2_Data/Week18\ELDON2_20250508_060802.wav,20250508
1164,1167,Sturnella magna,Eastern Meadowlark,0.1046,D:/AcousticMonitoringData/ELDON2_Data/Week18\ELDON2_20250508_060802.wav,20250508
1167,1170,Sturnella magna,Eastern Meadowlark,0.0585,D:/AcousticMonitoringData/ELDON2_Data/Week18\ELDON2_20250508_060802.wav,20250508
1167,1170,Spizella pusilla,Field Sparrow,0.0303,D:/AcousticMonitoringData/ELDON2_Data/Week18\ELDON2_20250508_060802.wav,20250508
1167,1170,Geothlypis trichas,Common Yellowthroat,0.0139,D:/AcousticMonitoringData/ELDON2_Data/Week18\ELDON2_20250508_060802.wav,20250508
1170,1173,Sturnella magna,Eastern Meadowlark,0.7117,D:/AcousticMonitoringData/ELDON2_Data/Week18\ELDON2_20250508_060802.wav,20250508
1170,1173,Geothlypis trichas,Common Yellowthroat,0.0133,D:/AcousticMonitoringData/ELDON2_Data/Week18\ELDON2_20250508_060802.wav,20250508
1173,1176,Geothlypis trichas,Common Yellowthroat,0.0197,D:/AcousticMonitoringData/ELDON2_Data/Week18\ELDON2_20250508_060802.wav,20250508
1173,1176,Passerina caerulea,Blue Grosbeak,0.0127,D:/AcousticMonitoringData/ELDON2_Data/Week18\ELDON2_20250508_060802.wav,20250508
1176,1179,Geothlypis trichas,Common Yellowthroat,0.0748,D:/AcousticMonitoringData/ELDON2_Data/Week18\ELDON2_20250508_060802.wav,20250508
1176,1179,Sturnella magna,Eastern Meadowlark,0.0323,D:/AcousticMonitoringData/ELDON2_Data/Week18\ELDON2_20250508_060802.wav,20250508
1176,1179,Spizella pusilla,Field Sparrow,0.0188,D:/AcousticMonitoringData/ELDON2_Data/Week18\ELDON2_20250508_060802.wav,20250508
1176,1179,Passerina caerulea,Blue Grosbeak,0.0126,D:/AcousticMonitoringData/ELDON2_Data/Week18\ELDON2_20250508_060802.wav,20250508
1176,1179,Melospiza melodia,Song Sparrow,0.011,D:/AcousticMonitoringData/ELDON2_Data/Week18\ELDON2_20250508_060802.wav,20250508
1179,1182,Geothlypis trichas,Common Yellowthroat,0.0428,D:/AcousticMonitoringData/ELDON2_Data/Week18\ELDON2_20250508_060802.wav,20250508
1179,1182,Sturnella magna,Eastern Meadowlark,0.0117,D:/AcousticMonitoringData/ELDON2_Data/Week18\ELDON2_20250508_060802.wav,20250508
1179,1182,Passerina caerulea,Blue Grosbeak,0.0105,D:/AcousticMonitoringData/ELDON2_Data/Week18\ELDON2_20250508_060802.wav,20250508
1182,1185,Sturnella magna,Eastern Meadowlark,0.2664,D:/AcousticMonitoringData/ELDON2_Data/Week18\ELDON2_20250508_060802.wav,20250508
1182,1185,Geothlypis trichas,Common Yellowthroat,0.0636,D:/AcousticMonitoringData/ELDON2_Data/Week18\ELDON2_20250508_060802.wav,20250508
1182,1185,Passerina caerulea,Blue Grosbeak,0.0183,D:/AcousticMonitoringData/ELDON2_Data/Week18\ELDON2_20250508_060802.wav,20250508
1182,1185,Spizella pusilla,Field Sparrow,0.0125,D:/AcousticMonitoringData/ELDON2_Data/Week18\ELDON2_20250508_060802.wav,20250508
1185,1188,Sturnella magna,Eastern Meadowlark,0.06,D:/AcousticMonitoringData/ELDON2_Data/Week18\ELDON2_20250508_060802.wav,20250508
1185,1188,Geothlypis trichas,Common Yellowthroat,0.0478,D:/AcousticMonitoringData/ELDON2_Data/Week18\ELDON2_20250508_060802.wav,20250508
1188,1191,Sturnella magna,Eastern Meadowlark,0.1225,D:/AcousticMonitoringData/ELDON2_Data/Week18\ELDON2_20250508_060802.wav,20250508
1188,1191,Geothlypis trichas,Common Yellowthroat,0.0357,D:/AcousticMonitoringData/ELDON2_Data/Week18\ELDON2_20250508_060802.wav,20250508
1188,1191,Spizella pusilla,Field Sparrow,0.016,D:/AcousticMonitoringData/ELDON2_Data/Week18\ELDON2_20250508_060802.wav,20250508
1191,1194,Sturnella magna,Eastern Meadowlark,0.3838,D:/AcousticMonitoringData/ELDON2_Data/Week18\ELDON2_20250508_060802.wav,20250508
1191,1194,Geothlypis trichas,Common Yellowthroat,0.0114,D:/AcousticMonitoringData/ELDON2_Data/Week18\ELDON2_20250508_060802.wav,20250508
1191,1194,Passerina caerulea,Blue Grosbeak,0.0111,D:/AcousticMonitoringData/ELDON2_Data/Week18\ELDON2_20250508_060802.wav,20250508
1194,1197,Geothlypis trichas,Common Yellowthroat,0.0443,D:/AcousticMonitoringData/ELDON2_Data/Week18\ELDON2_20250508_060802.wav,20250508
1194,1197,Sturnella magna,Eastern Meadowlark,0.0391,D:/AcousticMonitoringData/ELDON2_Data/Week18\ELDON2_20250508_060802.wav,20250508
1194,1197,Passerina caerulea,Blue Grosbeak,0.0346,D:/AcousticMonitoringData/ELDON2_Data/Week18\ELDON2_20250508_060802.wav,20250508
1194,1197,Spizella pusilla,Field Sparrow,0.0168,D:/AcousticMonitoringData/ELDON2_Data/Week18\ELDON2_20250508_060802.wav,20250508
1197,1200,Sturnella magna,Eastern Meadowlark,0.1056,D:/AcousticMonitoringData/ELDON2_Data/Week18\ELDON2_20250508_060802.wav,20250508
1200,1203,Sturnella magna,Eastern Meadowlark,0.0153,D:/AcousticMonitoringData/ELDON2_Data/Week18\ELDON2_20250508_060802.wav,20250508
1203,1206,Sturnella magna,Eastern Meadowlark,0.0748,D:/AcousticMonitoringData/ELDON2_Data/Week18\ELDON2_20250508_060802.wav,20250508
1203,1206,Geothlypis trichas,Common Yellowthroat,0.0134,D:/AcousticMonitoringData/ELDON2_Data/Week18\ELDON2_20250508_060802.wav,20250508
1206,1209,Geothlypis trichas,Common Yellowthroat,0.0496,D:/AcousticMonitoringData/ELDON2_Data/Week18\ELDON2_20250508_060802.wav,20250508
1206,1209,Passerina caerulea,Blue Grosbeak,0.0196,D:/AcousticMonitoringData/ELDON2_Data/Week18\ELDON2_20250508_060802.wav,20250508
1206,1209,Sturnella magna,Eastern Meadowlark,0.0123,D:/AcousticMonitoringData/ELDON2_Data/Week18\ELDON2_20250508_060802.wav,20250508
1212,1215,Sturnella magna,Eastern Meadowlark,0.4436,D:/AcousticMonitoringData/ELDON2_Data/Week18\ELDON2_20250508_060802.wav,20250508
1215,1218,Geothlypis trichas,Common Yellowthroat,0.0975,D:/AcousticMonitoringData/ELDON2_Data/Week18\ELDON2_20250508_060802.wav,20250508
1215,1218,Sturnella magna,Eastern Meadowlark,0.0256,D:/AcousticMonitoringData/ELDON2_Data/Week18\ELDON2_20250508_060802.wav,20250508
1215,1218,Passerina caerulea,Blue Grosbeak,0.0237,D:/AcousticMonitoringData/ELDON2_Data/Week18\ELDON2_20250508_060802.wav,20250508
1215,1218,Spizella pusilla,Field Sparrow,0.0103,D:/AcousticMonitoringData/ELDON2_Data/Week18\ELDON2_20250508_060802.wav,20250508
1218,1221,Sturnella magna,Eastern Meadowlark,0.0789,D:/AcousticMonitoringData/ELDON2_Data/Week18\ELDON2_20250508_060802.wav,20250508
1218,1221,Spizella pusilla,Field Sparrow,0.0765,D:/AcousticMonitoringData/ELDON2_Data/Week18\ELDON2_20250508_060802.wav,20250508
1218,1221,Geothlypis trichas,Common Yellowthroat,0.0152,D:/AcousticMonitoringData/ELDON2_Data/Week18\ELDON2_20250508_060802.wav,20250508
1221,1224,Sturnella magna,Eastern Meadowlark,0.2648,D:/AcousticMonitoringData/ELDON2_Data/Week18\ELDON2_20250508_060802.wav,20250508
1224,1227,Sturnella magna,Eastern Meadowlark,0.0123,D:/AcousticMonitoringData/ELDON2_Data/Week18\ELDON2_20250508_060802.wav,20250508
1227,1230,Geothlypis trichas,Common Yellowthroat,0.0539,D:/AcousticMonitoringData/ELDON2_Data/Week18\ELDON2_20250508_060802.wav,20250508
1227,1230,Sturnella magna,Eastern Meadowlark,0.0298,D:/AcousticMonitoringData/ELDON2_Data/Week18\ELDON2_20250508_060802.wav,20250508
1227,1230,Spizella pusilla,Field Sparrow,0.0166,D:/AcousticMonitoringData/ELDON2_Data/Week18\ELDON2_20250508_060802.wav,20250508
1227,1230,Passerina caerulea,Blue Grosbeak,0.0114,D:/AcousticMonitoringData/ELDON2_Data/Week18\ELDON2_20250508_060802.wav,20250508
1230,1233,Geothlypis trichas,Common Yellowthroat,0.0822,D:/AcousticMonitoringData/ELDON2_Data/Week18\ELDON2_20250508_060802.wav,20250508
1230,1233,Melospiza melodia,Song Sparrow,0.0225,D:/AcousticMonitoringData/ELDON2_Data/Week18\ELDON2_20250508_060802.wav,20250508
1230,1233,Sturnella magna,Eastern Meadowlark,0.0208,D:/AcousticMonitoringData/ELDON2_Data/Week18\ELDON2_20250508_060802.wav,20250508
1230,1233,Spizella pusilla,Field Sparrow,0.0139,D:/AcousticMonitoringData/ELDON2_Data/Week18\ELDON2_20250508_060802.wav,20250508
1230,1233,Passerina caerulea,Blue Grosbeak,0.0127,D:/AcousticMonitoringData/ELDON2_Data/Week18\ELDON2_20250508_060802.wav,20250508
1233,1236,Geothlypis trichas,Common Yellowthroat,0.1116,D:/AcousticMonitoringData/ELDON2_Data/Week18\ELDON2_20250508_060802.wav,20250508
1233,1236,Sturnella magna,Eastern Meadowlark,0.0266,D:/AcousticMonitoringData/ELDON2_Data/Week18\ELDON2_20250508_060802.wav,20250508
1233,1236,Passerina caerulea,Blue Grosbeak,0.0129,D:/AcousticMonitoringData/ELDON2_Data/Week18\ELDON2_20250508_060802.wav,20250508
1233,1236,Melospiza melodia,Song Sparrow,0.0123,D:/AcousticMonitoringData/ELDON2_Data/Week18\ELDON2_20250508_060802.wav,20250508
1236,1239,Geothlypis trichas,Common Yellowthroat,0.1318,D:/AcousticMonitoringData/ELDON2_Data/Week18\ELDON2_20250508_060802.wav,20250508
1236,1239,Passerina caerulea,Blue Grosbeak,0.0177,D:/AcousticMonitoringData/ELDON2_Data/Week18\ELDON2_20250508_060802.wav,20250508
1236,1239,Spizella pusilla,Field Sparrow,0.0154,D:/AcousticMonitoringData/ELDON2_Data/Week18\ELDON2_20250508_060802.wav,20250508
1236,1239,Melospiza melodia,Song Sparrow,0.0115,D:/AcousticMonitoringData/ELDON2_Data/Week18\ELDON2_20250508_060802.wav,20250508
1236,1239,Sturnella magna,Eastern Meadowlark,0.01,D:/AcousticMonitoringData/ELDON2_Data/Week18\ELDON2_20250508_060802.wav,20250508
1239,1242,Geothlypis trichas,Common Yellowthroat,0.0183,D:/AcousticMonitoringData/ELDON2_Data/Week18\ELDON2_20250508_060802.wav,20250508
1239,1242,Sturnella magna,Eastern Meadowlark,0.0156,D:/AcousticMonitoringData/ELDON2_Data/Week18\ELDON2_20250508_060802.wav,20250508
1248,1251,Geothlypis trichas,Common Yellowthroat,0.0258,D:/AcousticMonitoringData/ELDON2_Data/Week18\ELDON2_20250508_060802.wav,20250508
1251,1254,Sturnella magna,Eastern Meadowlark,0.0214,D:/AcousticMonitoringData/ELDON2_Data/Week18\ELDON2_20250508_060802.wav,20250508
1254,1257,Geothlypis trichas,Common Yellowthroat,0.0263,D:/AcousticMonitoringData/ELDON2_Data/Week18\ELDON2_20250508_060802.wav,20250508
1254,1257,Sturnella magna,Eastern Meadowlark,0.0244,D:/AcousticMonitoringData/ELDON2_Data/Week18\ELDON2_20250508_060802.wav,20250508
1257,1260,Passerina caerulea,Blue Grosbeak,0.014,D:/AcousticMonitoringData/ELDON2_Data/Week18\ELDON2_20250508_060802.wav,20250508
1257,1260,Sturnella magna,Eastern Meadowlark,0.0105,D:/AcousticMonitoringData/ELDON2_Data/Week18\ELDON2_20250508_060802.wav,20250508
1260,1263,Sturnella magna,Eastern Meadowlark,0.023,D:/AcousticMonitoringData/ELDON2_Data/Week18\ELDON2_20250508_060802.wav,20250508
1260,1263,Geothlypis trichas,Common Yellowthroat,0.0181,D:/AcousticMonitoringData/ELDON2_Data/Week18\ELDON2_20250508_060802.wav,20250508
1263,1266,Geothlypis trichas,Common Yellowthroat,0.034,D:/AcousticMonitoringData/ELDON2_Data/Week18\ELDON2_20250508_060802.wav,20250508
1266,1269,Geothlypis trichas,Common Yellowthroat,0.0799,D:/AcousticMonitoringData/ELDON2_Data/Week18\ELDON2_20250508_060802.wav,20250508
1266,1269,Melospiza melodia,Song Sparrow,0.0304,D:/AcousticMonitoringData/ELDON2_Data/Week18\ELDON2_20250508_060802.wav,20250508
1266,1269,Sturnella magna,Eastern Meadowlark,0.0141,D:/AcousticMonitoringData/ELDON2_Data/Week18\ELDON2_20250508_060802.wav,20250508
1269,1272,Geothlypis trichas,Common Yellowthroat,0.0502,D:/AcousticMonitoringData/ELDON2_Data/Week18\ELDON2_20250508_060802.wav,20250508
1269,1272,Passerina caerulea,Blue Grosbeak,0.0232,D:/AcousticMonitoringData/ELDON2_Data/Week18\ELDON2_20250508_060802.wav,20250508
1269,1272,Sturnella magna,Eastern Meadowlark,0.0198,D:/AcousticMonitoringData/ELDON2_Data/Week18\ELDON2_20250508_060802.wav,20250508
1272,1275,Geothlypis trichas,Common Yellowthroat,0.1507,D:/AcousticMonitoringData/ELDON2_Data/Week18\ELDON2_20250508_060802.wav,20250508
1272,1275,Sturnella magna,Eastern Meadowlark,0.0174,D:/AcousticMonitoringData/ELDON2_Data/Week18\ELDON2_20250508_060802.wav,20250508
1272,1275,Spizella pusilla,Field Sparrow,0.013,D:/AcousticMonitoringData/ELDON2_Data/Week18\ELDON2_20250508_060802.wav,20250508
1275,1278,Sturnella magna,Eastern Meadowlark,0.0385,D:/AcousticMonitoringData/ELDON2_Data/Week18\ELDON2_20250508_060802.wav,20250508
1275,1278,Passerina caerulea,Blue Grosbeak,0.015,D:/AcousticMonitoringData/ELDON2_Data/Week18\ELDON2_20250508_060802.wav,20250508
1278,1281,Sturnella magna,Eastern Meadowlark,0.0126,D:/AcousticMonitoringData/ELDON2_Data/Week18\ELDON2_20250508_060802.wav,20250508
1278,1281,Passerina caerulea,Blue Grosbeak,0.0117,D:/AcousticMonitoringData/ELDON2_Data/Week18\ELDON2_20250508_060802.wav,20250508
1284,1287,Sturnella magna,Eastern Meadowlark,0.0316,D:/AcousticMonitoringData/ELDON2_Data/Week18\ELDON2_20250508_060802.wav,20250508
1284,1287,Geothlypis trichas,Common Yellowthroat,0.0138,D:/AcousticMonitoringData/ELDON2_Data/Week18\ELDON2_20250508_060802.wav,20250508
1284,1287,Spizella pusilla,Field Sparrow,0.0112,D:/AcousticMonitoringData/ELDON2_Data/Week18\ELDON2_20250508_060802.wav,20250508
1287,1290,Sturnella magna,Eastern Meadowlark,0.0493,D:/AcousticMonitoringData/ELDON2_Data/Week18\ELDON2_20250508_060802.wav,20250508
1287,1290,Passerina caerulea,Blue Grosbeak,0.018,D:/AcousticMonitoringData/ELDON2_Data/Week18\ELDON2_20250508_060802.wav,20250508
1287,1290,Spizella pusilla,Field Sparrow,0.0165,D:/AcousticMonitoringData/ELDON2_Data/Week18\ELDON2_20250508_060802.wav,20250508
1287,1290,Geothlypis trichas,Common Yellowthroat,0.0102,D:/AcousticMonitoringData/ELDON2_Data/Week18\ELDON2_20250508_060802.wav,20250508
1290,1293,Sturnella magna,Eastern Meadowlark,0.012,D:/AcousticMonitoringData/ELDON2_Data/Week18\ELDON2_20250508_060802.wav,20250508
1293,1296,Passerina caerulea,Blue Grosbeak,0.0171,D:/AcousticMonitoringData/ELDON2_Data/Week18\ELDON2_20250508_060802.wav,20250508
1299,1302,Sturnella magna,Eastern Meadowlark,0.0242,D:/AcousticMonitoringData/ELDON2_Data/Week18\ELDON2_20250508_060802.wav,20250508
1299,1302,Passerina caerulea,Blue Grosbeak,0.01,D:/AcousticMonitoringData/ELDON2_Data/Week18\ELDON2_20250508_060802.wav,20250508
1302,1305,Passerina caerulea,Blue Grosbeak,0.0145,D:/AcousticMonitoringData/ELDON2_Data/Week18\ELDON2_20250508_060802.wav,20250508
1302,1305,Sturnella magna,Eastern Meadowlark,0.0115,D:/AcousticMonitoringData/ELDON2_Data/Week18\ELDON2_20250508_060802.wav,20250508
1302,1305,Geothlypis trichas,Common Yellowthroat,0.0101,D:/AcousticMonitoringData/ELDON2_Data/Week18\ELDON2_20250508_060802.wav,20250508
1305,1308,Sturnella magna,Eastern Meadowlark,0.0244,D:/AcousticMonitoringData/ELDON2_Data/Week18\ELDON2_20250508_060802.wav,20250508
1305,1308,Passerina caerulea,Blue Grosbeak,0.0123,D:/AcousticMonitoringData/ELDON2_Data/Week18\ELDON2_20250508_060802.wav,20250508
1308,1311,Passerina caerulea,Blue Grosbeak,0.0453,D:/AcousticMonitoringData/ELDON2_Data/Week18\ELDON2_20250508_060802.wav,20250508
1308,1311,Sturnella magna,Eastern Meadowlark,0.0307,D:/AcousticMonitoringData/ELDON2_Data/Week18\ELDON2_20250508_060802.wav,20250508
1311,1314,Sturnella magna,Eastern Meadowlark,0.078,D:/AcousticMonitoringData/ELDON2_Data/Week18\ELDON2_20250508_060802.wav,20250508
1311,1314,Passerina caerulea,Blue Grosbeak,0.0132,D:/AcousticMonitoringData/ELDON2_Data/Week18\ELDON2_20250508_060802.wav,20250508
1314,1317,Spizella pusilla,Field Sparrow,0.0234,D:/AcousticMonitoringData/ELDON2_Data/Week18\ELDON2_20250508_060802.wav,20250508
1314,1317,Geothlypis trichas,Common Yellowthroat,0.0201,D:/AcousticMonitoringData/ELDON2_Data/Week18\ELDON2_20250508_060802.wav,20250508
1314,1317,Sturnella magna,Eastern Meadowlark,0.019,D:/AcousticMonitoringData/ELDON2_Data/Week18\ELDON2_20250508_060802.wav,20250508
1314,1317,Bartramia longicauda,Upland Sandpiper,0.0152,D:/AcousticMonitoringData/ELDON2_Data/Week18\ELDON2_20250508_060802.wav,20250508
1314,1317,Melospiza melodia,Song Sparrow,0.0117,D:/AcousticMonitoringData/ELDON2_Data/Week18\ELDON2_20250508_060802.wav,20250508
1317,1320,Geothlypis trichas,Common Yellowthroat,0.0383,D:/AcousticMonitoringData/ELDON2_Data/Week18\ELDON2_20250508_060802.wav,20250508
1317,1320,Spizella pusilla,Field Sparrow,0.0189,D:/AcousticMonitoringData/ELDON2_Data/Week18\ELDON2_20250508_060802.wav,20250508
1317,1320,Sturnella magna,Eastern Meadowlark,0.0125,D:/AcousticMonitoringData/ELDON2_Data/Week18\ELDON2_20250508_060802.wav,20250508
1320,1323,Sturnella magna,Eastern Meadowlark,0.0406,D:/AcousticMonitoringData/ELDON2_Data/Week18\ELDON2_20250508_060802.wav,20250508
1320,1323,Geothlypis trichas,Common Yellowthroat,0.0402,D:/AcousticMonitoringData/ELDON2_Data/Week18\ELDON2_20250508_060802.wav,20250508
1320,1323,Spizella pusilla,Field Sparrow,0.039,D:/AcousticMonitoringData/ELDON2_Data/Week18\ELDON2_20250508_060802.wav,20250508
1320,1323,Passerina caerulea,Blue Grosbeak,0.0104,D:/AcousticMonitoringData/ELDON2_Data/Week18\ELDON2_20250508_060802.wav,20250508
1323,1326,Sturnella magna,Eastern Meadowlark,0.0101,D:/AcousticMonitoringData/ELDON2_Data/Week18\ELDON2_20250508_060802.wav,20250508
1326,1329,Passerina caerulea,Blue Grosbeak,0.0373,D:/AcousticMonitoringData/ELDON2_Data/Week18\ELDON2_20250508_060802.wav,20250508
1326,1329,Geothlypis trichas,Common Yellowthroat,0.0111,D:/AcousticMonitoringData/ELDON2_Data/Week18\ELDON2_20250508_060802.wav,20250508
1329,1332,Geothlypis trichas,Common Yellowthroat,0.0575,D:/AcousticMonitoringData/ELDON2_Data/Week18\ELDON2_20250508_060802.wav,20250508
1329,1332,Spizella pusilla,Field Sparrow,0.0159,D:/AcousticMonitoringData/ELDON2_Data/Week18\ELDON2_20250508_060802.wav,20250508
1329,1332,Sturnella magna,Eastern Meadowlark,0.0137,D:/AcousticMonitoringData/ELDON2_Data/Week18\ELDON2_20250508_060802.wav,20250508
1332,1335,Geothlypis trichas,Common Yellowthroat,0.1383,D:/AcousticMonitoringData/ELDON2_Data/Week18\ELDON2_20250508_060802.wav,20250508
1332,1335,Spizella pusilla,Field Sparrow,0.0203,D:/AcousticMonitoringData/ELDON2_Data/Week18\ELDON2_20250508_060802.wav,20250508
1332,1335,Sturnella magna,Eastern Meadowlark,0.0136,D:/AcousticMonitoringData/ELDON2_Data/Week18\ELDON2_20250508_060802.wav,20250508
1335,1338,Geothlypis trichas,Common Yellowthroat,0.0245,D:/AcousticMonitoringData/ELDON2_Data/Week18\ELDON2_20250508_060802.wav,20250508
1335,1338,Sturnella magna,Eastern Meadowlark,0.0193,D:/AcousticMonitoringData/ELDON2_Data/Week18\ELDON2_20250508_060802.wav,20250508
1338,1341,Geothlypis trichas,Common Yellowthroat,0.0119,D:/AcousticMonitoringData/ELDON2_Data/Week18\ELDON2_20250508_060802.wav,20250508
1338,1341,Sturnella magna,Eastern Meadowlark,0.0117,D:/AcousticMonitoringData/ELDON2_Data/Week18\ELDON2_20250508_060802.wav,20250508
1338,1341,Passerina caerulea,Blue Grosbeak,0.0113,D:/AcousticMonitoringData/ELDON2_Data/Week18\ELDON2_20250508_060802.wav,20250508
1341,1344,Sturnella magna,Eastern Meadowlark,0.0294,D:/AcousticMonitoringData/ELDON2_Data/Week18\ELDON2_20250508_060802.wav,20250508
1341,1344,Geothlypis trichas,Common Yellowthroat,0.014,D:/AcousticMonitoringData/ELDON2_Data/Week18\ELDON2_20250508_060802.wav,20250508
1347,1350,Geothlypis trichas,Common Yellowthroat,0.0708,D:/AcousticMonitoringData/ELDON2_Data/Week18\ELDON2_20250508_060802.wav,20250508
1347,1350,Spizella pusilla,Field Sparrow,0.0119,D:/AcousticMonitoringData/ELDON2_Data/Week18\ELDON2_20250508_060802.wav,20250508
1350,1353,Passerina caerulea,Blue Grosbeak,0.0614,D:/AcousticMonitoringData/ELDON2_Data/Week18\ELDON2_20250508_060802.wav,20250508
1350,1353,Geothlypis trichas,Common Yellowthroat,0.0363,D:/AcousticMonitoringData/ELDON2_Data/Week18\ELDON2_20250508_060802.wav,20250508
1350,1353,Melospiza melodia,Song Sparrow,0.0153,D:/AcousticMonitoringData/ELDON2_Data/Week18\ELDON2_20250508_060802.wav,20250508
1353,1356,Geothlypis trichas,Common Yellowthroat,0.116,D:/AcousticMonitoringData/ELDON2_Data/Week18\ELDON2_20250508_060802.wav,20250508
1356,1359,Geothlypis trichas,Common Yellowthroat,0.0333,D:/AcousticMonitoringData/ELDON2_Data/Week18\ELDON2_20250508_060802.wav,20250508
1356,1359,Sturnella magna,Eastern Meadowlark,0.0166,D:/AcousticMonitoringData/ELDON2_Data/Week18\ELDON2_20250508_060802.wav,20250508
1356,1359,Spizella pusilla,Field Sparrow,0.0128,D:/AcousticMonitoringData/ELDON2_Data/Week18\ELDON2_20250508_060802.wav,20250508
1359,1362,Geothlypis trichas,Common Yellowthroat,0.1006,D:/AcousticMonitoringData/ELDON2_Data/Week18\ELDON2_20250508_060802.wav,20250508
1359,1362,Sturnella magna,Eastern Meadowlark,0.0205,D:/AcousticMonitoringData/ELDON2_Data/Week18\ELDON2_20250508_060802.wav,20250508
1359,1362,Spizella pusilla,Field Sparrow,0.0135,D:/AcousticMonitoringData/ELDON2_Data/Week18\ELDON2_20250508_060802.wav,20250508
1359,1362,Passerina caerulea,Blue Grosbeak,0.0126,D:/AcousticMonitoringData/ELDON2_Data/Week18\ELDON2_20250508_060802.wav,20250508
1362,1365,Geothlypis trichas,Common Yellowthroat,0.0938,D:/AcousticMonitoringData/ELDON2_Data/Week18\ELDON2_20250508_060802.wav,20250508
1362,1365,Melospiza melodia,Song Sparrow,0.0221,D:/AcousticMonitoringData/ELDON2_Data/Week18\ELDON2_20250508_060802.wav,20250508
1362,1365,Passerina caerulea,Blue Grosbeak,0.0138,D:/AcousticMonitoringData/ELDON2_Data/Week18\ELDON2_20250508_060802.wav,20250508
1365,1368,Geothlypis trichas,Common Yellowthroat,0.1352,D:/AcousticMonitoringData/ELDON2_Data/Week18\ELDON2_20250508_060802.wav,20250508
1365,1368,Melospiza melodia,Song Sparrow,0.0313,D:/AcousticMonitoringData/ELDON2_Data/Week18\ELDON2_20250508_060802.wav,20250508
1365,1368,Spizella pusilla,Field Sparrow,0.0144,D:/AcousticMonitoringData/ELDON2_Data/Week18\ELDON2_20250508_060802.wav,20250508
1365,1368,Passerina caerulea,Blue Grosbeak,0.012,D:/AcousticMonitoringData/ELDON2_Data/Week18\ELDON2_20250508_060802.wav,20250508
1365,1368,Sturnella magna,Eastern Meadowlark,0.0104,D:/AcousticMonitoringData/ELDON2_Data/Week18\ELDON2_20250508_060802.wav,20250508
1368,1371,Sturnella magna,Eastern Meadowlark,0.0307,D:/AcousticMonitoringData/ELDON2_Data/Week18\ELDON2_20250508_060802.wav,20250508
1371,1374,Geothlypis trichas,Common Yellowthroat,0.0529,D:/AcousticMonitoringData/ELDON2_Data/Week18\ELDON2_20250508_060802.wav,20250508
1371,1374,Sturnella magna,Eastern Meadowlark,0.0308,D:/AcousticMonitoringData/ELDON2_Data/Week18\ELDON2_20250508_060802.wav,20250508
1371,1374,Passerina caerulea,Blue Grosbeak,0.0123,D:/AcousticMonitoringData/ELDON2_Data/Week18\ELDON2_20250508_060802.wav,20250508
1371,1374,Spizella pusilla,Field Sparrow,0.0122,D:/AcousticMonitoringData/ELDON2_Data/Week18\ELDON2_20250508_060802.wav,20250508
1374,1377,Geothlypis trichas,Common Yellowthroat,0.0311,D:/AcousticMonitoringData/ELDON2_Data/Week18\ELDON2_20250508_060802.wav,20250508
1374,1377,Sturnella magna,Eastern Meadowlark,0.0201,D:/AcousticMonitoringData/ELDON2_Data/Week18\ELDON2_20250508_060802.wav,20250508
1374,1377,Spizella pusilla,Field Sparrow,0.0201,D:/AcousticMonitoringData/ELDON2_Data/Week18\ELDON2_20250508_060802.wav,20250508
1374,1377,Passerina caerulea,Blue Grosbeak,0.0132,D:/AcousticMonitoringData/ELDON2_Data/Week18\ELDON2_20250508_060802.wav,20250508
1377,1380,Passerina caerulea,Blue Grosbeak,0.0177,D:/AcousticMonitoringData/ELDON2_Data/Week18\ELDON2_20250508_060802.wav,20250508
1377,1380,Sturnella magna,Eastern Meadowlark,0.0175,D:/AcousticMonitoringData/ELDON2_Data/Week18\ELDON2_20250508_060802.wav,20250508
1377,1380,Geothlypis trichas,Common Yellowthroat,0.0109,D:/AcousticMonitoringData/ELDON2_Data/Week18\ELDON2_20250508_060802.wav,20250508
1380,1383,Sturnella magna,Eastern Meadowlark,0.0147,D:/AcousticMonitoringData/ELDON2_Data/Week18\ELDON2_20250508_060802.wav,20250508
1380,1383,Bartramia longicauda,Upland Sandpiper,0.0106,D:/AcousticMonitoringData/ELDON2_Data/Week18\ELDON2_20250508_060802.wav,20250508
1383,1386,Sturnella magna,Eastern Meadowlark,0.0245,D:/AcousticMonitoringData/ELDON2_Data/Week18\ELDON2_20250508_060802.wav,20250508
1383,1386,Spizella pusilla,Field Sparrow,0.0188,D:/AcousticMonitoringData/ELDON2_Data/Week18\ELDON2_20250508_060802.wav,20250508
1383,1386,Geothlypis trichas,Common Yellowthroat,0.0149,D:/AcousticMonitoringData/ELDON2_Data/Week18\ELDON2_20250508_060802.wav,20250508
1386,1389,Sturnella magna,Eastern Meadowlark,0.0258,D:/AcousticMonitoringData/ELDON2_Data/Week18\ELDON2_20250508_060802.wav,20250508
1386,1389,Geothlypis trichas,Common Yellowthroat,0.0184,D:/AcousticMonitoringData/ELDON2_Data/Week18\ELDON2_20250508_060802.wav,20250508
1389,1392,Passerina caerulea,Blue Grosbeak,0.0208,D:/AcousticMonitoringData/ELDON2_Data/Week18\ELDON2_20250508_060802.wav,20250508
1389,1392,Geothlypis trichas,Common Yellowthroat,0.0204,D:/AcousticMonitoringData/ELDON2_Data/Week18\ELDON2_20250508_060802.wav,20250508
1389,1392,Sturnella magna,Eastern Meadowlark,0.0185,D:/AcousticMonitoringData/ELDON2_Data/Week18\ELDON2_20250508_060802.wav,20250508
1392,1395,Sturnella magna,Eastern Meadowlark,0.0182,D:/AcousticMonitoringData/ELDON2_Data/Week18\ELDON2_20250508_060802.wav,20250508
1395,1398,Spizella pusilla,Field Sparrow,0.0103,D:/AcousticMonitoringData/ELDON2_Data/Week18\ELDON2_20250508_060802.wav,20250508
1395,1398,Geothlypis trichas,Common Yellowthroat,0.0101,D:/AcousticMonitoringData/ELDON2_Data/Week18\ELDON2_20250508_060802.wav,20250508
1398,1401,Geothlypis trichas,Common Yellowthroat,0.0264,D:/AcousticMonitoringData/ELDON2_Data/Week18\ELDON2_20250508_060802.wav,20250508
1401,1404,Sturnella magna,Eastern Meadowlark,0.0252,D:/AcousticMonitoringData/ELDON2_Data/Week18\ELDON2_20250508_060802.wav,20250508
1401,1404,Geothlypis trichas,Common Yellowthroat,0.0115,D:/AcousticMonitoringData/ELDON2_Data/Week18\ELDON2_20250508_060802.wav,20250508
1401,1404,Passerina caerulea,Blue Grosbeak,0.0105,D:/AcousticMonitoringData/ELDON2_Data/Week18\ELDON2_20250508_060802.wav,20250508
1404,1407,Sturnella magna,Eastern Meadowlark,0.0223,D:/AcousticMonitoringData/ELDON2_Data/Week18\ELDON2_20250508_060802.wav,20250508
1404,1407,Passerina caerulea,Blue Grosbeak,0.021,D:/AcousticMonitoringData/ELDON2_Data/Week18\ELDON2_20250508_060802.wav,20250508
1404,1407,Geothlypis trichas,Common Yellowthroat,0.016,D:/AcousticMonitoringData/ELDON2_Data/Week18\ELDON2_20250508_060802.wav,20250508
1407,1410,Geothlypis trichas,Common Yellowthroat,0.0974,D:/AcousticMonitoringData/ELDON2_Data/Week18\ELDON2_20250508_060802.wav,20250508
1407,1410,Sturnella magna,Eastern Meadowlark,0.0101,D:/AcousticMonitoringData/ELDON2_Data/Week18\ELDON2_20250508_060802.wav,20250508
1410,1413,Geothlypis trichas,Common Yellowthroat,0.1673,D:/AcousticMonitoringData/ELDON2_Data/Week18\ELDON2_20250508_060802.wav,20250508
1410,1413,Melospiza melodia,Song Sparrow,0.0213,D:/AcousticMonitoringData/ELDON2_Data/Week18\ELDON2_20250508_060802.wav,20250508
1413,1416,Geothlypis trichas,Common Yellowthroat,0.0618,D:/AcousticMonitoringData/ELDON2_Data/Week18\ELDON2_20250508_060802.wav,20250508
1413,1416,Melospiza melodia,Song Sparrow,0.0401,D:/AcousticMonitoringData/ELDON2_Data/Week18\ELDON2_20250508_060802.wav,20250508
1416,1419,Sturnella magna,Eastern Meadowlark,0.0274,D:/AcousticMonitoringData/ELDON2_Data/Week18\ELDON2_20250508_060802.wav,20250508
1416,1419,Geothlypis trichas,Common Yellowthroat,0.0194,D:/AcousticMonitoringData/ELDON2_Data/Week18\ELDON2_20250508_060802.wav,20250508
1416,1419,Passerina caerulea,Blue Grosbeak,0.0129,D:/AcousticMonitoringData/ELDON2_Data/Week18\ELDON2_20250508_060802.wav,20250508
1419,1422,Geothlypis trichas,Common Yellowthroat,0.0143,D:/AcousticMonitoringData/ELDON2_Data/Week18\ELDON2_20250508_060802.wav,20250508
1422,1425,Geothlypis trichas,Common Yellowthroat,0.0212,D:/AcousticMonitoringData/ELDON2_Data/Week18\ELDON2_20250508_060802.wav,20250508
1425,1428,Geothlypis trichas,Common Yellowthroat,0.0572,D:/AcousticMonitoringData/ELDON2_Data/Week18\ELDON2_20250508_060802.wav,20250508
1425,1428,Passerina caerulea,Blue Grosbeak,0.0181,D:/AcousticMonitoringData/ELDON2_Data/Week18\ELDON2_20250508_060802.wav,20250508
1425,1428,Melospiza melodia,Song Sparrow,0.0118,D:/AcousticMonitoringData/ELDON2_Data/Week18\ELDON2_20250508_060802.wav,20250508
1428,1431,Geothlypis trichas,Common Yellowthroat,0.0536,D:/AcousticMonitoringData/ELDON2_Data/Week18\ELDON2_20250508_060802.wav,20250508
1428,1431,Sturnella magna,Eastern Meadowlark,0.0412,D:/AcousticMonitoringData/ELDON2_Data/Week18\ELDON2_20250508_060802.wav,20250508
1428,1431,Melospiza melodia,Song Sparrow,0.0128,D:/AcousticMonitoringData/ELDON2_Data/Week18\ELDON2_20250508_060802.wav,20250508
1431,1434,Sturnella magna,Eastern Meadowlark,0.0671,D:/AcousticMonitoringData/ELDON2_Data/Week18\ELDON2_20250508_060802.wav,20250508
1431,1434,Geothlypis trichas,Common Yellowthroat,0.0276,D:/AcousticMonitoringData/ELDON2_Data/Week18\ELDON2_20250508_060802.wav,20250508
1434,1437,Sturnella magna,Eastern Meadowlark,0.0463,D:/AcousticMonitoringData/ELDON2_Data/Week18\ELDON2_20250508_060802.wav,20250508
1434,1437,Geothlypis trichas,Common Yellowthroat,0.0168,D:/AcousticMonitoringData/ELDON2_Data/Week18\ELDON2_20250508_060802.wav,20250508
1437,1440,Geothlypis trichas,Common Yellowthroat,0.0681,D:/AcousticMonitoringData/ELDON2_Data/Week18\ELDON2_20250508_060802.wav,20250508
1437,1440,Melospiza melodia,Song Sparrow,0.0457,D:/AcousticMonitoringData/ELDON2_Data/Week18\ELDON2_20250508_060802.wav,20250508
1440,1443,Sturnella magna,Eastern Meadowlark,0.0855,D:/AcousticMonitoringData/ELDON2_Data/Week18\ELDON2_20250508_060802.wav,20250508
1440,1443,Geothlypis trichas,Common Yellowthroat,0.011,D:/AcousticMonitoringData/ELDON2_Data/Week18\ELDON2_20250508_060802.wav,20250508
1443,1446,Sturnella magna,Eastern Meadowlark,0.5884,D:/AcousticMonitoringData/ELDON2_Data/Week18\ELDON2_20250508_060802.wav,20250508
1443,1446,Geothlypis trichas,Common Yellowthroat,0.0229,D:/AcousticMonitoringData/ELDON2_Data/Week18\ELDON2_20250508_060802.wav,20250508
1443,1446,Spizella pusilla,Field Sparrow,0.0102,D:/AcousticMonitoringData/ELDON2_Data/Week18\ELDON2_20250508_060802.wav,20250508
1446,1449,Sturnella magna,Eastern Meadowlark,0.0129,D:/AcousticMonitoringData/ELDON2_Data/Week18\ELDON2_20250508_060802.wav,20250508
1449,1452,Passerina caerulea,Blue Grosbeak,0.0461,D:/AcousticMonitoringData/ELDON2_Data/Week18\ELDON2_20250508_060802.wav,20250508
1449,1452,Sturnella magna,Eastern Meadowlark,0.0104,D:/AcousticMonitoringData/ELDON2_Data/Week18\ELDON2_20250508_060802.wav,20250508
1452,1455,Sturnella magna,Eastern Meadowlark,0.8433,D:/AcousticMonitoringData/ELDON2_Data/Week18\ELDON2_20250508_060802.wav,20250508
1452,1455,Spizella pusilla,Field Sparrow,0.031,D:/AcousticMonitoringData/ELDON2_Data/Week18\ELDON2_20250508_060802.wav,20250508
1452,1455,Bartramia longicauda,Upland Sandpiper,0.0129,D:/AcousticMonitoringData/ELDON2_Data/Week18\ELDON2_20250508_060802.wav,20250508
1455,1458,Sturnella magna,Eastern Meadowlark,0.9681,D:/AcousticMonitoringData/ELDON2_Data/Week18\ELDON2_20250508_060802.wav,20250508
1455,1458,Bartramia longicauda,Upland Sandpiper,0.0112,D:/AcousticMonitoringData/ELDON2_Data/Week18\ELDON2_20250508_060802.wav,20250508
1458,1461,Melospiza melodia,Song Sparrow,0.0121,D:/AcousticMonitoringData/ELDON2_Data/Week18\ELDON2_20250508_060802.wav,20250508
1458,1461,Geothlypis trichas,Common Yellowthroat,0.0107,D:/AcousticMonitoringData/ELDON2_Data/Week18\ELDON2_20250508_060802.wav,20250508
1461,1464,Sturnella magna,Eastern Meadowlark,0.0131,D:/AcousticMonitoringData/ELDON2_Data/Week18\ELDON2_20250508_060802.wav,20250508
1464,1467,Sturnella magna,Eastern Meadowlark,0.9124,D:/AcousticMonitoringData/ELDON2_Data/Week18\ELDON2_20250508_060802.wav,20250508
1467,1470,Geothlypis trichas,Common Yellowthroat,0.0664,D:/AcousticMonitoringData/ELDON2_Data/Week18\ELDON2_20250508_060802.wav,20250508
1467,1470,Sturnella magna,Eastern Meadowlark,0.0216,D:/AcousticMonitoringData/ELDON2_Data/Week18\ELDON2_20250508_060802.wav,20250508
1467,1470,Spizella pusilla,Field Sparrow,0.0125,D:/AcousticMonitoringData/ELDON2_Data/Week18\ELDON2_20250508_060802.wav,20250508
1470,1473,Geothlypis trichas,Common Yellowthroat,0.1414,D:/AcousticMonitoringData/ELDON2_Data/Week18\ELDON2_20250508_060802.wav,20250508
1470,1473,Passerina caerulea,Blue Grosbeak,0.0176,D:/AcousticMonitoringData/ELDON2_Data/Week18\ELDON2_20250508_060802.wav,20250508
1470,1473,Sturnella magna,Eastern Meadowlark,0.0116,D:/AcousticMonitoringData/ELDON2_Data/Week18\ELDON2_20250508_060802.wav,20250508
1470,1473,Melospiza melodia,Song Sparrow,0.0104,D:/AcousticMonitoringData/ELDON2_Data/Week18\ELDON2_20250508_060802.wav,20250508
1473,1476,Sturnella magna,Eastern Meadowlark,0.7811,D:/AcousticMonitoringData/ELDON2_Data/Week18\ELDON2_20250508_060802.wav,20250508
1476,1479,Geothlypis trichas,Common Yellowthroat,0.1689,D:/AcousticMonitoringData/ELDON2_Data/Week18\ELDON2_20250508_060802.wav,20250508
1476,1479,Melospiza melodia,Song Sparrow,0.0185,D:/AcousticMonitoringData/ELDON2_Data/Week18\ELDON2_20250508_060802.wav,20250508
1476,1479,Sturnella magna,Eastern Meadowlark,0.0154,D:/AcousticMonitoringData/ELDON2_Data/Week18\ELDON2_20250508_060802.wav,20250508
1476,1479,Spizella pusilla,Field Sparrow,0.0146,D:/AcousticMonitoringData/ELDON2_Data/Week18\ELDON2_20250508_060802.wav,20250508
1479,1482,Sturnella magna,Eastern Meadowlark,0.0574,D:/AcousticMonitoringData/ELDON2_Data/Week18\ELDON2_20250508_060802.wav,20250508
1479,1482,Passerina caerulea,Blue Grosbeak,0.0127,D:/AcousticMonitoringData/ELDON2_Data/Week18\ELDON2_20250508_060802.wav,20250508
1482,1485,Sturnella magna,Eastern Meadowlark,0.031,D:/AcousticMonitoringData/ELDON2_Data/Week18\ELDON2_20250508_060802.wav,20250508
1482,1485,Geothlypis trichas,Common Yellowthroat,0.017,D:/AcousticMonitoringData/ELDON2_Data/Week18\ELDON2_20250508_060802.wav,20250508
1482,1485,Melospiza melodia,Song Sparrow,0.0116,D:/AcousticMonitoringData/ELDON2_Data/Week18\ELDON2_20250508_060802.wav,20250508
1485,1488,Sturnella magna,Eastern Meadowlark,0.5584,D:/AcousticMonitoringData/ELDON2_Data/Week18\ELDON2_20250508_060802.wav,20250508
1485,1488,Spizella pusilla,Field Sparrow,0.0101,D:/AcousticMonitoringData/ELDON2_Data/Week18\ELDON2_20250508_060802.wav,20250508
1488,1491,Sturnella magna,Eastern Meadowlark,0.9888,D:/AcousticMonitoringData/ELDON2_Data/Week18\ELDON2_20250508_060802.wav,20250508
1491,1494,Sturnella magna,Eastern Meadowlark,0.0371,D:/AcousticMonitoringData/ELDON2_Data/Week18\ELDON2_20250508_060802.wav,20250508
1491,1494,Geothlypis trichas,Common Yellowthroat,0.0253,D:/AcousticMonitoringData/ELDON2_Data/Week18\ELDON2_20250508_060802.wav,20250508
1494,1497,Sturnella magna,Eastern Meadowlark,0.0132,D:/AcousticMonitoringData/ELDON2_Data/Week18\ELDON2_20250508_060802.wav,20250508
1494,1497,Geothlypis trichas,Common Yellowthroat,0.0101,D:/AcousticMonitoringData/ELDON2_Data/Week18\ELDON2_20250508_060802.wav,20250508
1497,1500,Sturnella magna,Eastern Meadowlark,0.0244,D:/AcousticMonitoringData/ELDON2_Data/Week18\ELDON2_20250508_060802.wav,20250508
1497,1500,Geothlypis trichas,Common Yellowthroat,0.0169,D:/AcousticMonitoringData/ELDON2_Data/Week18\ELDON2_20250508_060802.wav,20250508
1497,1500,Melospiza melodia,Song Sparrow,0.0156,D:/AcousticMonitoringData/ELDON2_Data/Week18\ELDON2_20250508_060802.wav,20250508
1500,1503,Geothlypis trichas,Common Yellowthroat,0.0508,D:/AcousticMonitoringData/ELDON2_Data/Week18\ELDON2_20250508_060802.wav,20250508
1500,1503,Spizella pusilla,Field Sparrow,0.0314,D:/AcousticMonitoringData/ELDON2_Data/Week18\ELDON2_20250508_060802.wav,20250508
1500,1503,Passerina caerulea,Blue Grosbeak,0.0142,D:/AcousticMonitoringData/ELDON2_Data/Week18\ELDON2_20250508_060802.wav,20250508
1500,1503,Sturnella magna,Eastern Meadowlark,0.0118,D:/AcousticMonitoringData/ELDON2_Data/Week18\ELDON2_20250508_060802.wav,20250508
1503,1506,Geothlypis trichas,Common Yellowthroat,0.0285,D:/AcousticMonitoringData/ELDON2_Data/Week18\ELDON2_20250508_060802.wav,20250508
1503,1506,Sturnella magna,Eastern Meadowlark,0.0205,D:/AcousticMonitoringData/ELDON2_Data/Week18\ELDON2_20250508_060802.wav,20250508
1503,1506,Passerina caerulea,Blue Grosbeak,0.0106,D:/AcousticMonitoringData/ELDON2_Data/Week18\ELDON2_20250508_060802.wav,20250508
1506,1509,Sturnella magna,Eastern Meadowlark,0.8295,D:/AcousticMonitoringData/ELDON2_Data/Week18\ELDON2_20250508_060802.wav,20250508
1506,1509,Spizella pusilla,Field Sparrow,0.0191,D:/AcousticMonitoringData/ELDON2_Data/Week18\ELDON2_20250508_060802.wav,20250508
1509,1512,Sturnella magna,Eastern Meadowlark,0.9012,D:/AcousticMonitoringData/ELDON2_Data/Week18\ELDON2_20250508_060802.wav,20250508
1512,1515,Geothlypis trichas,Common Yellowthroat,0.0165,D:/AcousticMonitoringData/ELDON2_Data/Week18\ELDON2_20250508_060802.wav,20250508
1512,1515,Sturnella magna,Eastern Meadowlark,0.0103,D:/AcousticMonitoringData/ELDON2_Data/Week18\ELDON2_20250508_060802.wav,20250508
1515,1518,Sturnella magna,Eastern Meadowlark,0.8438,D:/AcousticMonitoringData/ELDON2_Data/Week18\ELDON2_20250508_060802.wav,20250508
1518,1521,Sturnella magna,Eastern Meadowlark,0.0177,D:/AcousticMonitoringData/ELDON2_Data/Week18\ELDON2_20250508_060802.wav,20250508
1521,1524,Sturnella magna,Eastern Meadowlark,0.0266,D:/AcousticMonitoringData/ELDON2_Data/Week18\ELDON2_20250508_060802.wav,20250508
1521,1524,Passerina caerulea,Blue Grosbeak,0.0191,D:/AcousticMonitoringData/ELDON2_Data/Week18\ELDON2_20250508_060802.wav,20250508
1524,1527,Sturnella magna,Eastern Meadowlark,0.8941,D:/AcousticMonitoringData/ELDON2_Data/Week18\ELDON2_20250508_060802.wav,20250508
1524,1527,Spizella pusilla,Field Sparrow,0.0328,D:/AcousticMonitoringData/ELDON2_Data/Week18\ELDON2_20250508_060802.wav,20250508
1524,1527,Geothlypis trichas,Common Yellowthroat,0.0102,D:/AcousticMonitoringData/ELDON2_Data/Week18\ELDON2_20250508_060802.wav,20250508
1527,1530,Sturnella magna,Eastern Meadowlark,0.9721,D:/AcousticMonitoringData/ELDON2_Data/Week18\ELDON2_20250508_060802.wav,20250508
1530,1533,Sturnella magna,Eastern Meadowlark,0.022,D:/AcousticMonitoringData/ELDON2_Data/Week18\ELDON2_20250508_060802.wav,20250508
1533,1536,Sturnella magna,Eastern Meadowlark,0.7707,D:/AcousticMonitoringData/ELDON2_Data/Week18\ELDON2_20250508_060802.wav,20250508
1536,1539,Sturnella magna,Eastern Meadowlark,0.9642,D:/AcousticMonitoringData/ELDON2_Data/Week18\ELDON2_20250508_060802.wav,20250508
1539,1542,Sturnella magna,Eastern Meadowlark,0.0202,D:/AcousticMonitoringData/ELDON2_Data/Week18\ELDON2_20250508_060802.wav,20250508
1539,1542,Geothlypis trichas,Common Yellowthroat,0.0122,D:/AcousticMonitoringData/ELDON2_Data/Week18\ELDON2_20250508_060802.wav,20250508
1542,1545,Sturnella magna,Eastern Meadowlark,0.2046,D:/AcousticMonitoringData/ELDON2_Data/Week18\ELDON2_20250508_060802.wav,20250508
1545,1548,Sturnella magna,Eastern Meadowlark,0.9356,D:/AcousticMonitoringData/ELDON2_Data/Week18\ELDON2_20250508_060802.wav,20250508
1548,1551,Geothlypis trichas,Common Yellowthroat,0.0194,D:/AcousticMonitoringData/ELDON2_Data/Week18\ELDON2_20250508_060802.wav,20250508
1548,1551,Sturnella magna,Eastern Meadowlark,0.0158,D:/AcousticMonitoringData/ELDON2_Data/Week18\ELDON2_20250508_060802.wav,20250508
1551,1554,Geothlypis trichas,Common Yellowthroat,0.0446,D:/AcousticMonitoringData/ELDON2_Data/Week18\ELDON2_20250508_060802.wav,20250508
1551,1554,Sturnella magna,Eastern Meadowlark,0.0294,D:/AcousticMonitoringData/ELDON2_Data/Week18\ELDON2_20250508_060802.wav,20250508
1554,1557,Sturnella magna,Eastern Meadowlark,0.5562,D:/AcousticMonitoringData/ELDON2_Data/Week18\ELDON2_20250508_060802.wav,20250508
1557,1560,Sturnella magna,Eastern Meadowlark,0.9659,D:/AcousticMonitoringData/ELDON2_Data/Week18\ELDON2_20250508_060802.wav,20250508
1560,1563,Geothlypis trichas,Common Yellowthroat,0.058,D:/AcousticMonitoringData/ELDON2_Data/Week18\ELDON2_20250508_060802.wav,20250508
1560,1563,Sturnella magna,Eastern Meadowlark,0.0446,D:/AcousticMonitoringData/ELDON2_Data/Week18\ELDON2_20250508_060802.wav,20250508
1560,1563,Spizella pusilla,Field Sparrow,0.0146,D:/AcousticMonitoringData/ELDON2_Data/Week18\ELDON2_20250508_060802.wav,20250508
1560,1563,Melospiza melodia,Song Sparrow,0.0108,D:/AcousticMonitoringData/ELDON2_Data/Week18\ELDON2_20250508_060802.wav,20250508
1566,1569,Sturnella magna,Eastern Meadowlark,0.88,D:/AcousticMonitoringData/ELDON2_Data/Week18\ELDON2_20250508_060802.wav,20250508
1572,1575,Sturnella magna,Eastern Meadowlark,0.0429,D:/AcousticMonitoringData/ELDON2_Data/Week18\ELDON2_20250508_060802.wav,20250508
1575,1578,Sturnella magna,Eastern Meadowlark,0.8139,D:/AcousticMonitoringData/ELDON2_Data/Week18\ELDON2_20250508_060802.wav,20250508
1578,1581,Sturnella magna,Eastern Meadowlark,0.0479,D:/AcousticMonitoringData/ELDON2_Data/Week18\ELDON2_20250508_060802.wav,20250508
1584,1587,Geothlypis trichas,Common Yellowthroat,0.0661,D:/AcousticMonitoringData/ELDON2_Data/Week18\ELDON2_20250508_060802.wav,20250508
1584,1587,Sturnella magna,Eastern Meadowlark,0.016,D:/AcousticMonitoringData/ELDON2_Data/Week18\ELDON2_20250508_060802.wav,20250508
1593,1596,Passerina caerulea,Blue Grosbeak,0.0194,D:/AcousticMonitoringData/ELDON2_Data/Week18\ELDON2_20250508_060802.wav,20250508
1593,1596,Geothlypis trichas,Common Yellowthroat,0.011,D:/AcousticMonitoringData/ELDON2_Data/Week18\ELDON2_20250508_060802.wav,20250508
1596,1599,Sturnella magna,Eastern Meadowlark,0.8609,D:/AcousticMonitoringData/ELDON2_Data/Week18\ELDON2_20250508_060802.wav,20250508
1599,1602,Geothlypis trichas,Common Yellowthroat,0.0323,D:/AcousticMonitoringData/ELDON2_Data/Week18\ELDON2_20250508_060802.wav,20250508
1599,1602,Sturnella magna,Eastern Meadowlark,0.016,D:/AcousticMonitoringData/ELDON2_Data/Week18\ELDON2_20250508_060802.wav,20250508
1599,1602,Spizella pusilla,Field Sparrow,0.0107,D:/AcousticMonitoringData/ELDON2_Data/Week18\ELDON2_20250508_060802.wav,20250508
1602,1605,Sturnella magna,Eastern Meadowlark,0.0207,D:/AcousticMonitoringData/ELDON2_Data/Week18\ELDON2_20250508_060802.wav,20250508
1602,1605,Geothlypis trichas,Common Yellowthroat,0.0131,D:/AcousticMonitoringData/ELDON2_Data/Week18\ELDON2_20250508_060802.wav,20250508
1602,1605,Spizella pusilla,Field Sparrow,0.0119,D:/AcousticMonitoringData/ELDON2_Data/Week18\ELDON2_20250508_060802.wav,20250508
1605,1608,Sturnella magna,Eastern Meadowlark,0.9321,D:/AcousticMonitoringData/ELDON2_Data/Week18\ELDON2_20250508_060802.wav,20250508
1608,1611,Sturnella magna,Eastern Meadowlark,0.0174,D:/AcousticMonitoringData/ELDON2_Data/Week18\ELDON2_20250508_060802.wav,20250508
1608,1611,Geothlypis trichas,Common Yellowthroat,0.0128,D:/AcousticMonitoringData/ELDON2_Data/Week18\ELDON2_20250508_060802.wav,20250508
1608,1611,Melospiza melodia,Song Sparrow,0.0121,D:/AcousticMonitoringData/ELDON2_Data/Week18\ELDON2_20250508_060802.wav,20250508
1611,1614,Sturnella magna,Eastern Meadowlark,0.024,D:/AcousticMonitoringData/ELDON2_Data/Week18\ELDON2_20250508_060802.wav,20250508
1611,1614,Geothlypis trichas,Common Yellowthroat,0.0117,D:/AcousticMonitoringData/ELDON2_Data/Week18\ELDON2_20250508_060802.wav,20250508
1614,1617,Sturnella magna,Eastern Meadowlark,0.8706,D:/AcousticMonitoringData/ELDON2_Data/Week18\ELDON2_20250508_060802.wav,20250508
1617,1620,Sturnella magna,Eastern Meadowlark,0.0144,D:/AcousticMonitoringData/ELDON2_Data/Week18\ELDON2_20250508_060802.wav,20250508
1620,1623,Sturnella magna,Eastern Meadowlark,0.0151,D:/AcousticMonitoringData/ELDON2_Data/Week18\ELDON2_20250508_060802.wav,20250508
1623,1626,Sturnella magna,Eastern Meadowlark,0.9832,D:/AcousticMonitoringData/ELDON2_Data/Week18\ELDON2_20250508_060802.wav,20250508
1626,1629,Sturnella magna,Eastern Meadowlark,0.0245,D:/AcousticMonitoringData/ELDON2_Data/Week18\ELDON2_20250508_060802.wav,20250508
1629,1632,Sturnella magna,Eastern Meadowlark,0.0111,D:/AcousticMonitoringData/ELDON2_Data/Week18\ELDON2_20250508_060802.wav,20250508
1632,1635,Sturnella magna,Eastern Meadowlark,0.9336,D:/AcousticMonitoringData/ELDON2_Data/Week18\ELDON2_20250508_060802.wav,20250508
1635,1638,Sturnella magna,Eastern Meadowlark,0.0167,D:/AcousticMonitoringData/ELDON2_Data/Week18\ELDON2_20250508_060802.wav,20250508
1638,1641,Geothlypis trichas,Common Yellowthroat,0.0164,D:/AcousticMonitoringData/ELDON2_Data/Week18\ELDON2_20250508_060802.wav,20250508
1638,1641,Sturnella magna,Eastern Meadowlark,0.0159,D:/AcousticMonitoringData/ELDON2_Data/Week18\ELDON2_20250508_060802.wav,20250508
1638,1641,Passerina caerulea,Blue Grosbeak,0.0103,D:/AcousticMonitoringData/ELDON2_Data/Week18\ELDON2_20250508_060802.wav,20250508
1641,1644,Sturnella magna,Eastern Meadowlark,0.2288,D:/AcousticMonitoringData/ELDON2_Data/Week18\ELDON2_20250508_060802.wav,20250508
1641,1644,Spizella pusilla,Field Sparrow,0.0148,D:/AcousticMonitoringData/ELDON2_Data/Week18\ELDON2_20250508_060802.wav,20250508
1644,1647,Sturnella magna,Eastern Meadowlark,0.9516,D:/AcousticMonitoringData/ELDON2_Data/Week18\ELDON2_20250508_060802.wav,20250508
1647,1650,Sturnella magna,Eastern Meadowlark,0.0904,D:/AcousticMonitoringData/ELDON2_Data/Week18\ELDON2_20250508_060802.wav,20250508
1650,1653,Passerina caerulea,Blue Grosbeak,0.0102,D:/AcousticMonitoringData/ELDON2_Data/Week18\ELDON2_20250508_060802.wav,20250508
1653,1656,Spizella pusilla,Field Sparrow,0.0162,D:/AcousticMonitoringData/ELDON2_Data/Week18\ELDON2_20250508_060802.wav,20250508
1653,1656,Geothlypis trichas,Common Yellowthroat,0.0161,D:/AcousticMonitoringData/ELDON2_Data/Week18\ELDON2_20250508_060802.wav,20250508
1653,1656,Sturnella magna,Eastern Meadowlark,0.0144,D:/AcousticMonitoringData/ELDON2_Data/Week18\ELDON2_20250508_060802.wav,20250508
1659,1662,Geothlypis trichas,Common Yellowthroat,0.0247,D:/AcousticMonitoringData/ELDON2_Data/Week18\ELDON2_20250508_060802.wav,20250508
1659,1662,Sturnella magna,Eastern Meadowlark,0.0187,D:/AcousticMonitoringData/ELDON2_Data/Week18\ELDON2_20250508_060802.wav,20250508
1659,1662,Spizella pusilla,Field Sparrow,0.0174,D:/AcousticMonitoringData/ELDON2_Data/Week18\ELDON2_20250508_060802.wav,20250508
1662,1665,Geothlypis trichas,Common Yellowthroat,0.1508,D:/AcousticMonitoringData/ELDON2_Data/Week18\ELDON2_20250508_060802.wav,20250508
1662,1665,Melospiza melodia,Song Sparrow,0.0144,D:/AcousticMonitoringData/ELDON2_Data/Week18\ELDON2_20250508_060802.wav,20250508
1662,1665,Sturnella magna,Eastern Meadowlark,0.0109,D:/AcousticMonitoringData/ELDON2_Data/Week18\ELDON2_20250508_060802.wav,20250508
1665,1668,Sturnella magna,Eastern Meadowlark,0.2851,D:/AcousticMonitoringData/ELDON2_Data/Week18\ELDON2_20250508_060802.wav,20250508
1668,1671,Sturnella magna,Eastern Meadowlark,0.9551,D:/AcousticMonitoringData/ELDON2_Data/Week18\ELDON2_20250508_060802.wav,20250508
1671,1674,Sturnella magna,Eastern Meadowlark,0.0192,D:/AcousticMonitoringData/ELDON2_Data/Week18\ELDON2_20250508_060802.wav,20250508
1674,1677,Sturnella magna,Eastern Meadowlark,0.9026,D:/AcousticMonitoringData/ELDON2_Data/Week18\ELDON2_20250508_060802.wav,20250508
1677,1680,Sturnella magna,Eastern Meadowlark,0.0207,D:/AcousticMonitoringData/ELDON2_Data/Week18\ELDON2_20250508_060802.wav,20250508
1677,1680,Geothlypis trichas,Common Yellowthroat,0.0141,D:/AcousticMonitoringData/ELDON2_Data/Week18\ELDON2_20250508_060802.wav,20250508
1677,1680,Passerina caerulea,Blue Grosbeak,0.0129,D:/AcousticMonitoringData/ELDON2_Data/Week18\ELDON2_20250508_060802.wav,20250508
1680,1683,Sturnella magna,Eastern Meadowlark,0.0314,D:/AcousticMonitoringData/ELDON2_Data/Week18\ELDON2_20250508_060802.wav,20250508
1680,1683,Passerina caerulea,Blue Grosbeak,0.0113,D:/AcousticMonitoringData/ELDON2_Data/Week18\ELDON2_20250508_060802.wav,20250508
1683,1686,Sturnella magna,Eastern Meadowlark,0.9267,D:/AcousticMonitoringData/ELDON2_Data/Week18\ELDON2_20250508_060802.wav,20250508
1683,1686,Spizella pusilla,Field Sparrow,0.0289,D:/AcousticMonitoringData/ELDON2_Data/Week18\ELDON2_20250508_060802.wav,20250508
1686,1689,Sturnella magna,Eastern Meadowlark,0.7938,D:/AcousticMonitoringData/ELDON2_Data/Week18\ELDON2_20250508_060802.wav,20250508
1689,1692,Sturnella magna,Eastern Meadowlark,0.0252,D:/AcousticMonitoringData/ELDON2_Data/Week18\ELDON2_20250508_060802.wav,20250508
1689,1692,Geothlypis trichas,Common Yellowthroat,0.0127,D:/AcousticMonitoringData/ELDON2_Data/Week18\ELDON2_20250508_060802.wav,20250508
1692,1695,Sturnella magna,Eastern Meadowlark,0.9759,D:/AcousticMonitoringData/ELDON2_Data/Week18\ELDON2_20250508_060802.wav,20250508
1692,1695,Spizella pusilla,Field Sparrow,0.0307,D:/AcousticMonitoringData/ELDON2_Data/Week18\ELDON2_20250508_060802.wav,20250508
1692,1695,Bartramia longicauda,Upland Sandpiper,0.0101,D:/AcousticMonitoringData/ELDON2_Data/Week18\ELDON2_20250508_060802.wav,20250508
1695,1698,Sturnella magna,Eastern Meadowlark,0.7466,D:/AcousticMonitoringData/ELDON2_Data/Week18\ELDON2_20250508_060802.wav,20250508
1698,1701,Geothlypis trichas,Common Yellowthroat,0.0311,D:/AcousticMonitoringData/ELDON2_Data/Week18\ELDON2_20250508_060802.wav,20250508
1698,1701,Sturnella magna,Eastern Meadowlark,0.0215,D:/AcousticMonitoringData/ELDON2_Data/Week18\ELDON2_20250508_060802.wav,20250508
1701,1704,Sturnella magna,Eastern Meadowlark,0.1288,D:/AcousticMonitoringData/ELDON2_Data/Week18\ELDON2_20250508_060802.wav,20250508
1704,1707,Sturnella magna,Eastern Meadowlark,0.01,D:/AcousticMonitoringData/ELDON2_Data/Week18\ELDON2_20250508_060802.wav,20250508
1707,1710,Sturnella magna,Eastern Meadowlark,0.0915,D:/AcousticMonitoringData/ELDON2_Data/Week18\ELDON2_20250508_060802.wav,20250508
1707,1710,Passerina caerulea,Blue Grosbeak,0.0108,D:/AcousticMonitoringData/ELDON2_Data/Week18\ELDON2_20250508_060802.wav,20250508
1710,1713,Geothlypis trichas,Common Yellowthroat,0.0503,D:/AcousticMonitoringData/ELDON2_Data/Week18\ELDON2_20250508_060802.wav,20250508
1710,1713,Sturnella magna,Eastern Meadowlark,0.0302,D:/AcousticMonitoringData/ELDON2_Data/Week18\ELDON2_20250508_060802.wav,20250508
1710,1713,Melospiza melodia,Song Sparrow,0.0127,D:/AcousticMonitoringData/ELDON2_Data/Week18\ELDON2_20250508_060802.wav,20250508
1710,1713,Passerina caerulea,Blue Grosbeak,0.0103,D:/AcousticMonitoringData/ELDON2_Data/Week18\ELDON2_20250508_060802.wav,20250508
1713,1716,Geothlypis trichas,Common Yellowthroat,0.0202,D:/AcousticMonitoringData/ELDON2_Data/Week18\ELDON2_20250508_060802.wav,20250508
1713,1716,Melospiza melodia,Song Sparrow,0.0175,D:/AcousticMonitoringData/ELDON2_Data/Week18\ELDON2_20250508_060802.wav,20250508
1713,1716,Sturnella magna,Eastern Meadowlark,0.0149,D:/AcousticMonitoringData/ELDON2_Data/Week18\ELDON2_20250508_060802.wav,20250508
1716,1719,Sturnella magna,Eastern Meadowlark,0.7997,D:/AcousticMonitoringData/ELDON2_Data/Week18\ELDON2_20250508_060802.wav,20250508
1722,1725,Sturnella magna,Eastern Meadowlark,0.994,D:/AcousticMonitoringData/ELDON2_Data/Week18\ELDON2_20250508_060802.wav,20250508
1725,1728,Sturnella magna,Eastern Meadowlark,0.9834,D:/AcousticMonitoringData/ELDON2_Data/Week18\ELDON2_20250508_060802.wav,20250508
1728,1731,Geothlypis trichas,Common Yellowthroat,0.0155,D:/AcousticMonitoringData/ELDON2_Data/Week18\ELDON2_20250508_060802.wav,20250508
1731,1734,Sturnella magna,Eastern Meadowlark,0.9967,D:/AcousticMonitoringData/ELDON2_Data/Week18\ELDON2_20250508_060802.wav,20250508
1734,1737,Sturnella magna,Eastern Meadowlark,0.0291,D:/AcousticMonitoringData/ELDON2_Data/Week18\ELDON2_20250508_060802.wav,20250508
1734,1737,Geothlypis trichas,Common Yellowthroat,0.0145,D:/AcousticMonitoringData/ELDON2_Data/Week18\ELDON2_20250508_060802.wav,20250508
1737,1740,Geothlypis trichas,Common Yellowthroat,0.0501,D:/AcousticMonitoringData/ELDON2_Data/Week18\ELDON2_20250508_060802.wav,20250508
1737,1740,Melospiza melodia,Song Sparrow,0.0116,D:/AcousticMonitoringData/ELDON2_Data/Week18\ELDON2_20250508_060802.wav,20250508
1740,1743,Geothlypis trichas,Common Yellowthroat,0.0584,D:/AcousticMonitoringData/ELDON2_Data/Week18\ELDON2_20250508_060802.wav,20250508
1740,1743,Sturnella magna,Eastern Meadowlark,0.0197,D:/AcousticMonitoringData/ELDON2_Data/Week18\ELDON2_20250508_060802.wav,20250508
1743,1746,Sturnella magna,Eastern Meadowlark,0.9992,D:/AcousticMonitoringData/ELDON2_Data/Week18\ELDON2_20250508_060802.wav,20250508
1746,1749,Geothlypis trichas,Common Yellowthroat,0.0234,D:/AcousticMonitoringData/ELDON2_Data/Week18\ELDON2_20250508_060802.wav,20250508
1749,1752,Geothlypis trichas,Common Yellowthroat,0.0358,D:/AcousticMonitoringData/ELDON2_Data/Week18\ELDON2_20250508_060802.wav,20250508
1749,1752,Spizella pusilla,Field Sparrow,0.0137,D:/AcousticMonitoringData/ELDON2_Data/Week18\ELDON2_20250508_060802.wav,20250508
1752,1755,Sturnella magna,Eastern Meadowlark,0.0332,D:/AcousticMonitoringData/ELDON2_Data/Week18\ELDON2_20250508_060802.wav,20250508
1752,1755,Geothlypis trichas,Common Yellowthroat,0.0178,D:/AcousticMonitoringData/ELDON2_Data/Week18\ELDON2_20250508_060802.wav,20250508
1755,1758,Geothlypis trichas,Common Yellowthroat,0.0317,D:/AcousticMonitoringData/ELDON2_Data/Week18\ELDON2_20250508_060802.wav,20250508
1755,1758,Melospiza melodia,Song Sparrow,0.0138,D:/AcousticMonitoringData/ELDON2_Data/Week18\ELDON2_20250508_060802.wav,20250508
1758,1761,Sturnella magna,Eastern Meadowlark,0.0153,D:/AcousticMonitoringData/ELDON2_Data/Week18\ELDON2_20250508_060802.wav,20250508
1758,1761,Geothlypis trichas,Common Yellowthroat,0.0149,D:/AcousticMonitoringData/ELDON2_Data/Week18\ELDON2_20250508_060802.wav,20250508
1761,1764,Geothlypis trichas,Common Yellowthroat,0.0505,D:/AcousticMonitoringData/ELDON2_Data/Week18\ELDON2_20250508_060802.wav,20250508
1761,1764,Sturnella magna,Eastern Meadowlark,0.03,D:/AcousticMonitoringData/ELDON2_Data/Week18\ELDON2_20250508_060802.wav,20250508
1764,1767,Geothlypis trichas,Common Yellowthroat,0.0609,D:/AcousticMonitoringData/ELDON2_Data/Week18\ELDON2_20250508_060802.wav,20250508
1764,1767,Sturnella magna,Eastern Meadowlark,0.0156,D:/AcousticMonitoringData/ELDON2_Data/Week18\ELDON2_20250508_060802.wav,20250508
1764,1767,Melospiza melodia,Song Sparrow,0.0117,D:/AcousticMonitoringData/ELDON2_Data/Week18\ELDON2_20250508_060802.wav,20250508
1770,1773,Spizella pusilla,Field Sparrow,0.0358,D:/AcousticMonitoringData/ELDON2_Data/Week18\ELDON2_20250508_060802.wav,20250508
1770,1773,Geothlypis trichas,Common Yellowthroat,0.0234,D:/AcousticMonitoringData/ELDON2_Data/Week18\ELDON2_20250508_060802.wav,20250508
1770,1773,Sturnella magna,Eastern Meadowlark,0.0106,D:/AcousticMonitoringData/ELDON2_Data/Week18\ELDON2_20250508_060802.wav,20250508
1773,1776,Sturnella magna,Eastern Meadowlark,0.1967,D:/AcousticMonitoringData/ELDON2_Data/Week18\ELDON2_20250508_060802.wav,20250508
1773,1776,Spizella pusilla,Field Sparrow,0.0735,D:/AcousticMonitoringData/ELDON2_Data/Week18\ELDON2_20250508_060802.wav,20250508
1776,1779,Sturnella magna,Eastern Meadowlark,0.036,D:/AcousticMonitoringData/ELDON2_Data/Week18\ELDON2_20250508_060802.wav,20250508
1779,1782,Sturnella magna,Eastern Meadowlark,0.0844,D:/AcousticMonitoringData/ELDON2_Data/Week18\ELDON2_20250508_060802.wav,20250508
1782,1785,Sturnella magna,Eastern Meadowlark,0.956,D:/AcousticMonitoringData/ELDON2_Data/Week18\ELDON2_20250508_060802.wav,20250508
1791,1794,Sturnella magna,Eastern Meadowlark,0.6299,D:/AcousticMonitoringData/ELDON2_Data/Week18\ELDON2_20250508_060802.wav,20250508
1791,1794,Spizella pusilla,Field Sparrow,0.0951,D:/AcousticMonitoringData/ELDON2_Data/Week18\ELDON2_20250508_060802.wav,20250508
1794,1797,Sturnella magna,Eastern Meadowlark,0.9441,D:/AcousticMonitoringData/ELDON2_Data/Week18\ELDON2_20250508_060802.wav,20250508
1800,1803,Sturnella magna,Eastern Meadowlark,0.9709,D:/AcousticMonitoringData/ELDON2_Data/Week18\ELDON2_20250508_060802.wav,20250508
1803,1806,Sturnella magna,Eastern Meadowlark,0.025,D:/AcousticMonitoringData/ELDON2_Data/Week18\ELDON2_20250508_060802.wav,20250508
1803,1806,Geothlypis trichas,Common Yellowthroat,0.0137,D:/AcousticMonitoringData/ELDON2_Data/Week18\ELDON2_20250508_060802.wav,20250508
1803,1806,Passerina caerulea,Blue Grosbeak,0.0102,D:/AcousticMonitoringData/ELDON2_Data/Week18\ELDON2_20250508_060802.wav,20250508
1809,1812,Sturnella magna,Eastern Meadowlark,0.7562,D:/AcousticMonitoringData/ELDON2_Data/Week18\ELDON2_20250508_060802.wav,20250508
1812,1815,Sturnella magna,Eastern Meadowlark,0.9404,D:/AcousticMonitoringData/ELDON2_Data/Week18\ELDON2_20250508_060802.wav,20250508
1815,1818,Spizella pusilla,Field Sparrow,0.0299,D:/AcousticMonitoringData/ELDON2_Data/Week18\ELDON2_20250508_060802.wav,20250508
1815,1818,Geothlypis trichas,Common Yellowthroat,0.0172,D:/AcousticMonitoringData/ELDON2_Data/Week18\ELDON2_20250508_060802.wav,20250508
1815,1818,Passerina caerulea,Blue Grosbeak,0.0109,D:/AcousticMonitoringData/ELDON2_Data/Week18\ELDON2_20250508_060802.wav,20250508
1815,1818,Sturnella magna,Eastern Meadowlark,0.0103,D:/AcousticMonitoringData/ELDON2_Data/Week18\ELDON2_20250508_060802.wav,20250508
1818,1821,Sturnella magna,Eastern Meadowlark,0.0159,D:/AcousticMonitoringData/ELDON2_Data/Week18\ELDON2_20250508_060802.wav,20250508
1821,1824,Sturnella magna,Eastern Meadowlark,0.0158,D:/AcousticMonitoringData/ELDON2_Data/Week18\ELDON2_20250508_060802.wav,20250508
1824,1827,Sturnella magna,Eastern Meadowlark,0.037,D:/AcousticMonitoringData/ELDON2_Data/Week18\ELDON2_20250508_060802.wav,20250508
1824,1827,Eremophila alpestris,Horned Lark,0.0141,D:/AcousticMonitoringData/ELDON2_Data/Week18\ELDON2_20250508_060802.wav,20250508
1830,1833,Sturnella magna,Eastern Meadowlark,0.6997,D:/AcousticMonitoringData/ELDON2_Data/Week18\ELDON2_20250508_060802.wav,20250508
1833,1836,Sturnella magna,Eastern Meadowlark,0.9088,D:/AcousticMonitoringData/ELDON2_Data/Week18\ELDON2_20250508_060802.wav,20250508
1836,1839,Sturnella magna,Eastern Meadowlark,0.0527,D:/AcousticMonitoringData/ELDON2_Data/Week18\ELDON2_20250508_060802.wav,20250508
1839,1842,Sturnella magna,Eastern Meadowlark,0.1838,D:/AcousticMonitoringData/ELDON2_Data/Week18\ELDON2_20250508_060802.wav,20250508
1842,1845,Sturnella magna,Eastern Meadowlark,0.9552,D:/AcousticMonitoringData/ELDON2_Data/Week18\ELDON2_20250508_060802.wav,20250508
1851,1854,Sturnella magna,Eastern Meadowlark,0.025,D:/AcousticMonitoringData/ELDON2_Data/Week18\ELDON2_20250508_060802.wav,20250508
1854,1857,Sturnella magna,Eastern Meadowlark,0.0165,D:/AcousticMonitoringData/ELDON2_Data/Week18\ELDON2_20250508_060802.wav,20250508
1857,1860,Sturnella magna,Eastern Meadowlark,0.0121,D:/AcousticMonitoringData/ELDON2_Data/Week18\ELDON2_20250508_060802.wav,20250508
1860,1863,Sturnella magna,Eastern Meadowlark,0.9849,D:/AcousticMonitoringData/ELDON2_Data/Week18\ELDON2_20250508_060802.wav,20250508
1863,1866,Sturnella magna,Eastern Meadowlark,0.2656,D:/AcousticMonitoringData/ELDON2_Data/Week18\ELDON2_20250508_060802.wav,20250508
1866,1869,Sturnella magna,Eastern Meadowlark,0.0264,D:/AcousticMonitoringData/ELDON2_Data/Week18\ELDON2_20250508_060802.wav,20250508
1869,1872,Sturnella magna,Eastern Meadowlark,0.0171,D:/AcousticMonitoringData/ELDON2_Data/Week18\ELDON2_20250508_060802.wav,20250508
1869,1872,Geothlypis trichas,Common Yellowthroat,0.0121,D:/AcousticMonitoringData/ELDON2_Data/Week18\ELDON2_20250508_060802.wav,20250508
1869,1872,Passerina caerulea,Blue Grosbeak,0.0102,D:/AcousticMonitoringData/ELDON2_Data/Week18\ELDON2_20250508_060802.wav,20250508
1872,1875,Geothlypis trichas,Common Yellowthroat,0.0531,D:/AcousticMonitoringData/ELDON2_Data/Week18\ELDON2_20250508_060802.wav,20250508
1875,1878,Sturnella magna,Eastern Meadowlark,0.8126,D:/AcousticMonitoringData/ELDON2_Data/Week18\ELDON2_20250508_060802.wav,20250508
1878,1881,Sturnella magna,Eastern Meadowlark,0.9863,D:/AcousticMonitoringData/ELDON2_Data/Week18\ELDON2_20250508_060802.wav,20250508
1881,1884,Geothlypis trichas,Common Yellowthroat,0.0483,D:/AcousticMonitoringData/ELDON2_Data/Week18\ELDON2_20250508_060802.wav,20250508
1881,1884,Sturnella magna,Eastern Meadowlark,0.0197,D:/AcousticMonitoringData/ELDON2_Data/Week18\ELDON2_20250508_060802.wav,20250508
1887,1890,Geothlypis trichas,Common Yellowthroat,0.1249,D:/AcousticMonitoringData/ELDON2_Data/Week18\ELDON2_20250508_060802.wav,20250508
1887,1890,Sturnella magna,Eastern Meadowlark,0.0124,D:/AcousticMonitoringData/ELDON2_Data/Week18\ELDON2_20250508_060802.wav,20250508
1890,1893,Sturnella magna,Eastern Meadowlark,0.7745,D:/AcousticMonitoringData/ELDON2_Data/Week18\ELDON2_20250508_060802.wav,20250508
1893,1896,Sturnella magna,Eastern Meadowlark,0.9291,D:/AcousticMonitoringData/ELDON2_Data/Week18\ELDON2_20250508_060802.wav,20250508
1896,1899,Geothlypis trichas,Common Yellowthroat,0.0198,D:/AcousticMonitoringData/ELDON2_Data/Week18\ELDON2_20250508_060802.wav,20250508
1896,1899,Sturnella magna,Eastern Meadowlark,0.0124,D:/AcousticMonitoringData/ELDON2_Data/Week18\ELDON2_20250508_060802.wav,20250508
1899,1902,Geothlypis trichas,Common Yellowthroat,0.1696,D:/AcousticMonitoringData/ELDON2_Data/Week18\ELDON2_20250508_060802.wav,20250508
1899,1902,Sturnella magna,Eastern Meadowlark,0.018,D:/AcousticMonitoringData/ELDON2_Data/Week18\ELDON2_20250508_060802.wav,20250508
1902,1905,Geothlypis trichas,Common Yellowthroat,0.0423,D:/AcousticMonitoringData/ELDON2_Data/Week18\ELDON2_20250508_060802.wav,20250508
1902,1905,Sturnella magna,Eastern Meadowlark,0.0268,D:/AcousticMonitoringData/ELDON2_Data/Week18\ELDON2_20250508_060802.wav,20250508
1902,1905,Spizella pusilla,Field Sparrow,0.0254,D:/AcousticMonitoringData/ELDON2_Data/Week18\ELDON2_20250508_060802.wav,20250508
1902,1905,Passerina caerulea,Blue Grosbeak,0.0122,D:/AcousticMonitoringData/ELDON2_Data/Week18\ELDON2_20250508_060802.wav,20250508
1908,1911,Sturnella magna,Eastern Meadowlark,0.9717,D:/AcousticMonitoringData/ELDON2_Data/Week18\ELDON2_20250508_060802.wav,20250508
1911,1914,Sturnella magna,Eastern Meadowlark,0.9884,D:/AcousticMonitoringData/ELDON2_Data/Week18\ELDON2_20250508_060802.wav,20250508
1914,1917,Geothlypis trichas,Common Yellowthroat,0.0419,D:/AcousticMonitoringData/ELDON2_Data/Week18\ELDON2_20250508_060802.wav,20250508
1914,1917,Sturnella magna,Eastern Meadowlark,0.0321,D:/AcousticMonitoringData/ELDON2_Data/Week18\ELDON2_20250508_060802.wav,20250508
1914,1917,Spizella pusilla,Field Sparrow,0.0111,D:/AcousticMonitoringData/ELDON2_Data/Week18\ELDON2_20250508_060802.wav,20250508
1923,1926,Sturnella magna,Eastern Meadowlark,0.0145,D:/AcousticMonitoringData/ELDON2_Data/Week18\ELDON2_20250508_060802.wav,20250508
1923,1926,Geothlypis trichas,Common Yellowthroat,0.0125,D:/AcousticMonitoringData/ELDON2_Data/Week18\ELDON2_20250508_060802.wav,20250508
1926,1929,Sturnella magna,Eastern Meadowlark,0.0169,D:/AcousticMonitoringData/ELDON2_Data/Week18\ELDON2_20250508_060802.wav,20250508
1926,1929,Geothlypis trichas,Common Yellowthroat,0.0102,D:/AcousticMonitoringData/ELDON2_Data/Week18\ELDON2_20250508_060802.wav,20250508
1929,1932,Sturnella magna,Eastern Meadowlark,0.9884,D:/AcousticMonitoringData/ELDON2_Data/Week18\ELDON2_20250508_060802.wav,20250508
1935,1938,Geothlypis trichas,Common Yellowthroat,0.0435,D:/AcousticMonitoringData/ELDON2_Data/Week18\ELDON2_20250508_060802.wav,20250508
1935,1938,Sturnella magna,Eastern Meadowlark,0.0192,D:/AcousticMonitoringData/ELDON2_Data/Week18\ELDON2_20250508_060802.wav,20250508
1938,1941,Sturnella magna,Eastern Meadowlark,0.0605,D:/AcousticMonitoringData/ELDON2_Data/Week18\ELDON2_20250508_060802.wav,20250508
1941,1944,Sturnella magna,Eastern Meadowlark,0.9976,D:/AcousticMonitoringData/ELDON2_Data/Week18\ELDON2_20250508_060802.wav,20250508
1944,1947,Sturnella magna,Eastern Meadowlark,0.0165,D:/AcousticMonitoringData/ELDON2_Data/Week18\ELDON2_20250508_060802.wav,20250508
1947,1950,Sturnella magna,Eastern Meadowlark,0.5136,D:/AcousticMonitoringData/ELDON2_Data/Week18\ELDON2_20250508_060802.wav,20250508
1947,1950,Spizella pusilla,Field Sparrow,0.0666,D:/AcousticMonitoringData/ELDON2_Data/Week18\ELDON2_20250508_060802.wav,20250508
1950,1953,Eremophila alpestris,Horned Lark,0.076,D:/AcousticMonitoringData/ELDON2_Data/Week18\ELDON2_20250508_060802.wav,20250508
1950,1953,Sturnella magna,Eastern Meadowlark,0.0191,D:/AcousticMonitoringData/ELDON2_Data/Week18\ELDON2_20250508_060802.wav,20250508
1953,1956,Sturnella magna,Eastern Meadowlark,0.012,D:/AcousticMonitoringData/ELDON2_Data/Week18\ELDON2_20250508_060802.wav,20250508
1959,1962,Sturnella magna,Eastern Meadowlark,0.13,D:/AcousticMonitoringData/ELDON2_Data/Week18\ELDON2_20250508_060802.wav,20250508
1959,1962,Passerina caerulea,Blue Grosbeak,0.026,D:/AcousticMonitoringData/ELDON2_Data/Week18\ELDON2_20250508_060802.wav,20250508
1959,1962,Spizella pusilla,Field Sparrow,0.0223,D:/AcousticMonitoringData/ELDON2_Data/Week18\ELDON2_20250508_060802.wav,20250508
1959,1962,Eremophila alpestris,Horned Lark,0.0208,D:/AcousticMonitoringData/ELDON2_Data/Week18\ELDON2_20250508_060802.wav,20250508
1959,1962,Geothlypis trichas,Common Yellowthroat,0.0147,D:/AcousticMonitoringData/ELDON2_Data/Week18\ELDON2_20250508_060802.wav,20250508
1962,1965,Sturnella magna,Eastern Meadowlark,0.0205,D:/AcousticMonitoringData/ELDON2_Data/Week18\ELDON2_20250508_060802.wav,20250508
1965,1968,Sturnella magna,Eastern Meadowlark,0.0762,D:/AcousticMonitoringData/ELDON2_Data/Week18\ELDON2_20250508_060802.wav,20250508
1968,1971,Sturnella magna,Eastern Meadowlark,0.0125,D:/AcousticMonitoringData/ELDON2_Data/Week18\ELDON2_20250508_060802.wav,20250508
1971,1974,Sturnella magna,Eastern Meadowlark,0.0122,D:/AcousticMonitoringData/ELDON2_Data/Week18\ELDON2_20250508_060802.wav,20250508
1974,1977,Sturnella magna,Eastern Meadowlark,0.0148,D:/AcousticMonitoringData/ELDON2_Data/Week18\ELDON2_20250508_060802.wav,20250508
1977,1980,Sturnella magna,Eastern Meadowlark,0.9989,D:/AcousticMonitoringData/ELDON2_Data/Week18\ELDON2_20250508_060802.wav,20250508
1980,1983,Passerina caerulea,Blue Grosbeak,0.0153,D:/AcousticMonitoringData/ELDON2_Data/Week18\ELDON2_20250508_060802.wav,20250508
1980,1983,Sturnella magna,Eastern Meadowlark,0.0135,D:/AcousticMonitoringData/ELDON2_Data/Week18\ELDON2_20250508_060802.wav,20250508
1983,1986,Sturnella magna,Eastern Meadowlark,0.0506,D:/AcousticMonitoringData/ELDON2_Data/Week18\ELDON2_20250508_060802.wav,20250508
1983,1986,Eremophila alpestris,Horned Lark,0.029,D:/AcousticMonitoringData/ELDON2_Data/Week18\ELDON2_20250508_060802.wav,20250508
1986,1989,Sturnella magna,Eastern Meadowlark,0.9984,D:/AcousticMonitoringData/ELDON2_Data/Week18\ELDON2_20250508_060802.wav,20250508
1989,1992,Sturnella magna,Eastern Meadowlark,0.794,D:/AcousticMonitoringData/ELDON2_Data/Week18\ELDON2_20250508_060802.wav,20250508
1989,1992,Spizella pusilla,Field Sparrow,0.012,D:/AcousticMonitoringData/ELDON2_Data/Week18\ELDON2_20250508_060802.wav,20250508
1992,1995,Sturnella magna,Eastern Meadowlark,0.1057,D:/AcousticMonitoringData/ELDON2_Data/Week18\ELDON2_20250508_060802.wav,20250508
1995,1998,Eremophila alpestris,Horned Lark,0.0118,D:/AcousticMonitoringData/ELDON2_Data/Week18\ELDON2_20250508_060802.wav,20250508
1995,1998,Sturnella magna,Eastern Meadowlark,0.0109,D:/AcousticMonitoringData/ELDON2_Data/Week18\ELDON2_20250508_060802.wav,20250508
1998,2001,Sturnella magna,Eastern Meadowlark,0.0141,D:/AcousticMonitoringData/ELDON2_Data/Week18\ELDON2_20250508_060802.wav,20250508
2001,2004,Sturnella magna,Eastern Meadowlark,0.9906,D:/AcousticMonitoringData/ELDON2_Data/Week18\ELDON2_20250508_060802.wav,20250508
2004,2007,Sturnella magna,Eastern Meadowlark,0.1178,D:/AcousticMonitoringData/ELDON2_Data/Week18\ELDON2_20250508_060802.wav,20250508
2004,2007,Bartramia longicauda,Upland Sandpiper,0.0204,D:/AcousticMonitoringData/ELDON2_Data/Week18\ELDON2_20250508_060802.wav,20250508
2013,2016,Sturnella magna,Eastern Meadowlark,0.9512,D:/AcousticMonitoringData/ELDON2_Data/Week18\ELDON2_20250508_060802.wav,20250508
2016,2019,Sturnella magna,Eastern Meadowlark,0.827,D:/AcousticMonitoringData/ELDON2_Data/Week18\ELDON2_20250508_060802.wav,20250508
2019,2022,Sturnella magna,Eastern Meadowlark,0.7798,D:/AcousticMonitoringData/ELDON2_Data/Week18\ELDON2_20250508_060802.wav,20250508
2019,2022,Bartramia longicauda,Upland Sandpiper,0.0143,D:/AcousticMonitoringData/ELDON2_Data/Week18\ELDON2_20250508_060802.wav,20250508
2025,2028,Sturnella magna,Eastern Meadowlark,0.9017,D:/AcousticMonitoringData/ELDON2_Data/Week18\ELDON2_20250508_060802.wav,20250508
2028,2031,Sturnella magna,Eastern Meadowlark,0.0964,D:/AcousticMonitoringData/ELDON2_Data/Week18\ELDON2_20250508_060802.wav,20250508
2028,2031,Passerina caerulea,Blue Grosbeak,0.0125,D:/AcousticMonitoringData/ELDON2_Data/Week18\ELDON2_20250508_060802.wav,20250508
2031,2034,Sturnella magna,Eastern Meadowlark,0.8806,D:/AcousticMonitoringData/ELDON2_Data/Week18\ELDON2_20250508_060802.wav,20250508
2031,2034,Passerina caerulea,Blue Grosbeak,0.0278,D:/AcousticMonitoringData/ELDON2_Data/Week18\ELDON2_20250508_060802.wav,20250508
2031,2034,Bartramia longicauda,Upland Sandpiper,0.0177,D:/AcousticMonitoringData/ELDON2_Data/Week18\ELDON2_20250508_060802.wav,20250508
2034,2037,Sturnella magna,Eastern Meadowlark,0.734,D:/AcousticMonitoringData/ELDON2_Data/Week18\ELDON2_20250508_060802.wav,20250508
2034,2037,Passerina caerulea,Blue Grosbeak,0.0333,D:/AcousticMonitoringData/ELDON2_Data/Week18\ELDON2_20250508_060802.wav,20250508
2037,2040,Sturnella magna,Eastern Meadowlark,0.2053,D:/AcousticMonitoringData/ELDON2_Data/Week18\ELDON2_20250508_060802.wav,20250508
2037,2040,Bartramia longicauda,Upland Sandpiper,0.0136,D:/AcousticMonitoringData/ELDON2_Data/Week18\ELDON2_20250508_060802.wav,20250508
2040,2043,Spizella pusilla,Field Sparrow,0.0341,D:/AcousticMonitoringData/ELDON2_Data/Week18\ELDON2_20250508_060802.wav,20250508
2040,2043,Sturnella magna,Eastern Meadowlark,0.0311,D:/AcousticMonitoringData/ELDON2_Data/Week18\ELDON2_20250508_060802.wav,20250508
2040,2043,Geothlypis trichas,Common Yellowthroat,0.0227,D:/AcousticMonitoringData/ELDON2_Data/Week18\ELDON2_20250508_060802.wav,20250508
2043,2046,Sturnella magna,Eastern Meadowlark,0.0621,D:/AcousticMonitoringData/ELDON2_Data/Week18\ELDON2_20250508_060802.wav,20250508
2046,2049,Sturnella magna,Eastern Meadowlark,0.1383,D:/AcousticMonitoringData/ELDON2_Data/Week18\ELDON2_20250508_060802.wav,20250508
2046,2049,Geothlypis trichas,Common Yellowthroat,0.0952,D:/AcousticMonitoringData/ELDON2_Data/Week18\ELDON2_20250508_060802.wav,20250508
2046,2049,Melospiza melodia,Song Sparrow,0.019,D:/AcousticMonitoringData/ELDON2_Data/Week18\ELDON2_20250508_060802.wav,20250508
2046,2049,Spizella pusilla,Field Sparrow,0.0144,D:/AcousticMonitoringData/ELDON2_Data/Week18\ELDON2_20250508_060802.wav,20250508
2046,2049,Passerina caerulea,Blue Grosbeak,0.0128,D:/AcousticMonitoringData/ELDON2_Data/Week18\ELDON2_20250508_060802.wav,20250508
2049,2052,Sturnella magna,Eastern Meadowlark,0.016,D:/AcousticMonitoringData/ELDON2_Data/Week18\ELDON2_20250508_060802.wav,20250508
2052,2055,Sturnella magna,Eastern Meadowlark,0.0304,D:/AcousticMonitoringData/ELDON2_Data/Week18\ELDON2_20250508_060802.wav,20250508
2052,2055,Geothlypis trichas,Common Yellowthroat,0.017,D:/AcousticMonitoringData/ELDON2_Data/Week18\ELDON2_20250508_060802.wav,20250508
2055,2058,Sturnella magna,Eastern Meadowlark,0.5818,D:/AcousticMonitoringData/ELDON2_Data/Week18\ELDON2_20250508_060802.wav,20250508
2055,2058,Geothlypis trichas,Common Yellowthroat,0.0323,D:/AcousticMonitoringData/ELDON2_Data/Week18\ELDON2_20250508_060802.wav,20250508
2055,2058,Melospiza melodia,Song Sparrow,0.0133,D:/AcousticMonitoringData/ELDON2_Data/Week18\ELDON2_20250508_060802.wav,20250508
2058,2061,Sturnella magna,Eastern Meadowlark,0.2226,D:/AcousticMonitoringData/ELDON2_Data/Week18\ELDON2_20250508_060802.wav,20250508
2058,2061,Geothlypis trichas,Common Yellowthroat,0.0211,D:/AcousticMonitoringData/ELDON2_Data/Week18\ELDON2_20250508_060802.wav,20250508
2058,2061,Melospiza melodia,Song Sparrow,0.0111,D:/AcousticMonitoringData/ELDON2_Data/Week18\ELDON2_20250508_060802.wav,20250508
2061,2064,Geothlypis trichas,Common Yellowthroat,0.083,D:/AcousticMonitoringData/ELDON2_Data/Week18\ELDON2_20250508_060802.wav,20250508
2061,2064,Sturnella magna,Eastern Meadowlark,0.0324,D:/AcousticMonitoringData/ELDON2_Data/Week18\ELDON2_20250508_060802.wav,20250508
2061,2064,Melospiza melodia,Song Sparrow,0.0234,D:/AcousticMonitoringData/ELDON2_Data/Week18\ELDON2_20250508_060802.wav,20250508
2061,2064,Passerina caerulea,Blue Grosbeak,0.0206,D:/AcousticMonitoringData/ELDON2_Data/Week18\ELDON2_20250508_060802.wav,20250508
2061,2064,Spizella pusilla,Field Sparrow,0.0169,D:/AcousticMonitoringData/ELDON2_Data/Week18\ELDON2_20250508_060802.wav,20250508
2064,2067,Sturnella magna,Eastern Meadowlark,0.0264,D:/AcousticMonitoringData/ELDON2_Data/Week18\ELDON2_20250508_060802.wav,20250508
2064,2067,Geothlypis trichas,Common Yellowthroat,0.0123,D:/AcousticMonitoringData/ELDON2_Data/Week18\ELDON2_20250508_060802.wav,20250508
2070,2073,Sturnella magna,Eastern Meadowlark,0.0308,D:/AcousticMonitoringData/ELDON2_Data/Week18\ELDON2_20250508_060802.wav,20250508
2070,2073,Geothlypis trichas,Common Yellowthroat,0.0122,D:/AcousticMonitoringData/ELDON2_Data/Week18\ELDON2_20250508_060802.wav,20250508
2073,2076,Sturnella magna,Eastern Meadowlark,0.7412,D:/AcousticMonitoringData/ELDON2_Data/Week18\ELDON2_20250508_060802.wav,20250508
2073,2076,Spizella pusilla,Field Sparrow,0.0414,D:/AcousticMonitoringData/ELDON2_Data/Week18\ELDON2_20250508_060802.wav,20250508
2073,2076,Geothlypis trichas,Common Yellowthroat,0.0158,D:/AcousticMonitoringData/ELDON2_Data/Week18\ELDON2_20250508_060802.wav,20250508
2073,2076,Passerina caerulea,Blue Grosbeak,0.015,D:/AcousticMonitoringData/ELDON2_Data/Week18\ELDON2_20250508_060802.wav,20250508
2076,2079,Geothlypis trichas,Common Yellowthroat,0.0468,D:/AcousticMonitoringData/ELDON2_Data/Week18\ELDON2_20250508_060802.wav,20250508
2076,2079,Sturnella magna,Eastern Meadowlark,0.0137,D:/AcousticMonitoringData/ELDON2_Data/Week18\ELDON2_20250508_060802.wav,20250508
2076,2079,Spizella pusilla,Field Sparrow,0.0102,D:/AcousticMonitoringData/ELDON2_Data/Week18\ELDON2_20250508_060802.wav,20250508
2079,2082,Sturnella magna,Eastern Meadowlark,0.0513,D:/AcousticMonitoringData/ELDON2_Data/Week18\ELDON2_20250508_060802.wav,20250508
2079,2082,Passerina caerulea,Blue Grosbeak,0.013,D:/AcousticMonitoringData/ELDON2_Data/Week18\ELDON2_20250508_060802.wav,20250508
2082,2085,Geothlypis trichas,Common Yellowthroat,0.0161,D:/AcousticMonitoringData/ELDON2_Data/Week18\ELDON2_20250508_060802.wav,20250508
2082,2085,Sturnella magna,Eastern Meadowlark,0.0148,D:/AcousticMonitoringData/ELDON2_Data/Week18\ELDON2_20250508_060802.wav,20250508
2082,2085,Passerina caerulea,Blue Grosbeak,0.0112,D:/AcousticMonitoringData/ELDON2_Data/Week18\ELDON2_20250508_060802.wav,20250508
2085,2088,Geothlypis trichas,Common Yellowthroat,0.0618,D:/AcousticMonitoringData/ELDON2_Data/Week18\ELDON2_20250508_060802.wav,20250508
2085,2088,Sturnella magna,Eastern Meadowlark,0.0308,D:/AcousticMonitoringData/ELDON2_Data/Week18\ELDON2_20250508_060802.wav,20250508
2088,2091,Geothlypis trichas,Common Yellowthroat,0.1341,D:/AcousticMonitoringData/ELDON2_Data/Week18\ELDON2_20250508_060802.wav,20250508
2088,2091,Sturnella magna,Eastern Meadowlark,0.0258,D:/AcousticMonitoringData/ELDON2_Data/Week18\ELDON2_20250508_060802.wav,20250508
2088,2091,Spizella pusilla,Field Sparrow,0.0147,D:/AcousticMonitoringData/ELDON2_Data/Week18\ELDON2_20250508_060802.wav,20250508
2088,2091,Passerina caerulea,Blue Grosbeak,0.0117,D:/AcousticMonitoringData/ELDON2_Data/Week18\ELDON2_20250508_060802.wav,20250508
2091,2094,Geothlypis trichas,Common Yellowthroat,0.0307,D:/AcousticMonitoringData/ELDON2_Data/Week18\ELDON2_20250508_060802.wav,20250508
2091,2094,Sturnella magna,Eastern Meadowlark,0.0243,D:/AcousticMonitoringData/ELDON2_Data/Week18\ELDON2_20250508_060802.wav,20250508
2091,2094,Passerina caerulea,Blue Grosbeak,0.0112,D:/AcousticMonitoringData/ELDON2_Data/Week18\ELDON2_20250508_060802.wav,20250508
2094,2097,Geothlypis trichas,Common Yellowthroat,0.078,D:/AcousticMonitoringData/ELDON2_Data/Week18\ELDON2_20250508_060802.wav,20250508
2094,2097,Melospiza melodia,Song Sparrow,0.037,D:/AcousticMonitoringData/ELDON2_Data/Week18\ELDON2_20250508_060802.wav,20250508
2097,2100,Geothlypis trichas,Common Yellowthroat,0.2278,D:/AcousticMonitoringData/ELDON2_Data/Week18\ELDON2_20250508_060802.wav,20250508
2097,2100,Melospiza melodia,Song Sparrow,0.0191,D:/AcousticMonitoringData/ELDON2_Data/Week18\ELDON2_20250508_060802.wav,20250508
2097,2100,Spizella pusilla,Field Sparrow,0.0126,D:/AcousticMonitoringData/ELDON2_Data/Week18\ELDON2_20250508_060802.wav,20250508
2100,2103,Geothlypis trichas,Common Yellowthroat,0.0619,D:/AcousticMonitoringData/ELDON2_Data/Week18\ELDON2_20250508_060802.wav,20250508
2106,2109,Geothlypis trichas,Common Yellowthroat,0.0483,D:/AcousticMonitoringData/ELDON2_Data/Week18\ELDON2_20250508_060802.wav,20250508
2106,2109,Sturnella magna,Eastern Meadowlark,0.03,D:/AcousticMonitoringData/ELDON2_Data/Week18\ELDON2_20250508_060802.wav,20250508
2109,2112,Sturnella magna,Eastern Meadowlark,0.0121,D:/AcousticMonitoringData/ELDON2_Data/Week18\ELDON2_20250508_060802.wav,20250508
2112,2115,Sturnella magna,Eastern Meadowlark,0.0176,D:/AcousticMonitoringData/ELDON2_Data/Week18\ELDON2_20250508_060802.wav,20250508
2112,2115,Spizella pusilla,Field Sparrow,0.0148,D:/AcousticMonitoringData/ELDON2_Data/Week18\ELDON2_20250508_060802.wav,20250508
2115,2118,Spizella pusilla,Field Sparrow,0.0338,D:/AcousticMonitoringData/ELDON2_Data/Week18\ELDON2_20250508_060802.wav,20250508
2118,2121,Spizella pusilla,Field Sparrow,0.024,D:/AcousticMonitoringData/ELDON2_Data/Week18\ELDON2_20250508_060802.wav,20250508
2121,2124,Sturnella magna,Eastern Meadowlark,0.0199,D:/AcousticMonitoringData/ELDON2_Data/Week18\ELDON2_20250508_060802.wav,20250508
2121,2124,Geothlypis trichas,Common Yellowthroat,0.0149,D:/AcousticMonitoringData/ELDON2_Data/Week18\ELDON2_20250508_060802.wav,20250508
2124,2127,Geothlypis trichas,Common Yellowthroat,0.092,D:/AcousticMonitoringData/ELDON2_Data/Week18\ELDON2_20250508_060802.wav,20250508
2124,2127,Melospiza melodia,Song Sparrow,0.0154,D:/AcousticMonitoringData/ELDON2_Data/Week18\ELDON2_20250508_060802.wav,20250508
2130,2133,Sturnella magna,Eastern Meadowlark,0.0238,D:/AcousticMonitoringData/ELDON2_Data/Week18\ELDON2_20250508_060802.wav,20250508
2130,2133,Eremophila alpestris,Horned Lark,0.0158,D:/AcousticMonitoringData/ELDON2_Data/Week18\ELDON2_20250508_060802.wav,20250508
2130,2133,Geothlypis trichas,Common Yellowthroat,0.0139,D:/AcousticMonitoringData/ELDON2_Data/Week18\ELDON2_20250508_060802.wav,20250508
2133,2136,Geothlypis trichas,Common Yellowthroat,0.1423,D:/AcousticMonitoringData/ELDON2_Data/Week18\ELDON2_20250508_060802.wav,20250508
2133,2136,Spizella pusilla,Field Sparrow,0.078,D:/AcousticMonitoringData/ELDON2_Data/Week18\ELDON2_20250508_060802.wav,20250508
2133,2136,Sturnella magna,Eastern Meadowlark,0.0267,D:/AcousticMonitoringData/ELDON2_Data/Week18\ELDON2_20250508_060802.wav,20250508
2133,2136,Melospiza melodia,Song Sparrow,0.0139,D:/AcousticMonitoringData/ELDON2_Data/Week18\ELDON2_20250508_060802.wav,20250508
2136,2139,Geothlypis trichas,Common Yellowthroat,0.1556,D:/AcousticMonitoringData/ELDON2_Data/Week18\ELDON2_20250508_060802.wav,20250508
2136,2139,Sturnella magna,Eastern Meadowlark,0.0126,D:/AcousticMonitoringData/ELDON2_Data/Week18\ELDON2_20250508_060802.wav,20250508
2139,2142,Geothlypis trichas,Common Yellowthroat,0.073,D:/AcousticMonitoringData/ELDON2_Data/Week18\ELDON2_20250508_060802.wav,20250508
2142,2145,Geothlypis trichas,Common Yellowthroat,0.0562,D:/AcousticMonitoringData/ELDON2_Data/Week18\ELDON2_20250508_060802.wav,20250508
2142,2145,Sturnella magna,Eastern Meadowlark,0.0135,D:/AcousticMonitoringData/ELDON2_Data/Week18\ELDON2_20250508_060802.wav,20250508
2145,2148,Geothlypis trichas,Common Yellowthroat,0.0774,D:/AcousticMonitoringData/ELDON2_Data/Week18\ELDON2_20250508_060802.wav,20250508
2145,2148,Spizella pusilla,Field Sparrow,0.0251,D:/AcousticMonitoringData/ELDON2_Data/Week18\ELDON2_20250508_060802.wav,20250508
2145,2148,Melospiza melodia,Song Sparrow,0.0104,D:/AcousticMonitoringData/ELDON2_Data/Week18\ELDON2_20250508_060802.wav,20250508
2148,2151,Sturnella magna,Eastern Meadowlark,0.0453,D:/AcousticMonitoringData/ELDON2_Data/Week18\ELDON2_20250508_060802.wav,20250508
2151,2154,Geothlypis trichas,Common Yellowthroat,0.1584,D:/AcousticMonitoringData/ELDON2_Data/Week18\ELDON2_20250508_060802.wav,20250508
2151,2154,Sturnella magna,Eastern Meadowlark,0.037,D:/AcousticMonitoringData/ELDON2_Data/Week18\ELDON2_20250508_060802.wav,20250508
2151,2154,Melospiza melodia,Song Sparrow,0.0151,D:/AcousticMonitoringData/ELDON2_Data/Week18\ELDON2_20250508_060802.wav,20250508
2151,2154,Spizella pusilla,Field Sparrow,0.0101,D:/AcousticMonitoringData/ELDON2_Data/Week18\ELDON2_20250508_060802.wav,20250508
2154,2157,Geothlypis trichas,Common Yellowthroat,0.0618,D:/AcousticMonitoringData/ELDON2_Data/Week18\ELDON2_20250508_060802.wav,20250508
2154,2157,Sturnella magna,Eastern Meadowlark,0.0124,D:/AcousticMonitoringData/ELDON2_Data/Week18\ELDON2_20250508_060802.wav,20250508
2163,2166,Sturnella magna,Eastern Meadowlark,0.1149,D:/AcousticMonitoringData/ELDON2_Data/Week18\ELDON2_20250508_060802.wav,20250508
2166,2169,Geothlypis trichas,Common Yellowthroat,0.0497,D:/AcousticMonitoringData/ELDON2_Data/Week18\ELDON2_20250508_060802.wav,20250508
2166,2169,Sturnella magna,Eastern Meadowlark,0.0233,D:/AcousticMonitoringData/ELDON2_Data/Week18\ELDON2_20250508_060802.wav,20250508
2166,2169,Passerina caerulea,Blue Grosbeak,0.015,D:/AcousticMonitoringData/ELDON2_Data/Week18\ELDON2_20250508_060802.wav,20250508
2169,2172,Sturnella magna,Eastern Meadowlark,0.026,D:/AcousticMonitoringData/ELDON2_Data/Week18\ELDON2_20250508_060802.wav,20250508
2169,2172,Geothlypis trichas,Common Yellowthroat,0.0111,D:/AcousticMonitoringData/ELDON2_Data/Week18\ELDON2_20250508_060802.wav,20250508
2169,2172,Passerina caerulea,Blue Grosbeak,0.0102,D:/AcousticMonitoringData/ELDON2_Data/Week18\ELDON2_20250508_060802.wav,20250508
2172,2175,Sturnella magna,Eastern Meadowlark,0.2612,D:/AcousticMonitoringData/ELDON2_Data/Week18\ELDON2_20250508_060802.wav,20250508
2175,2178,Sturnella magna,Eastern Meadowlark,0.0347,D:/AcousticMonitoringData/ELDON2_Data/Week18\ELDON2_20250508_060802.wav,20250508
2175,2178,Geothlypis trichas,Common Yellowthroat,0.0159,D:/AcousticMonitoringData/ELDON2_Data/Week18\ELDON2_20250508_060802.wav,20250508
2175,2178,Spizella pusilla,Field Sparrow,0.0107,D:/AcousticMonitoringData/ELDON2_Data/Week18\ELDON2_20250508_060802.wav,20250508
2178,2181,Sturnella magna,Eastern Meadowlark,0.0205,D:/AcousticMonitoringData/ELDON2_Data/Week18\ELDON2_20250508_060802.wav,20250508
2178,2181,Geothlypis trichas,Common Yellowthroat,0.0142,D:/AcousticMonitoringData/ELDON2_Data/Week18\ELDON2_20250508_060802.wav,20250508
2178,2181,Spizella pusilla,Field Sparrow,0.0101,D:/AcousticMonitoringData/ELDON2_Data/Week18\ELDON2_20250508_060802.wav,20250508
2181,2184,Geothlypis trichas,Common Yellowthroat,0.0206,D:/AcousticMonitoringData/ELDON2_Data/Week18\ELDON2_20250508_060802.wav,20250508
2181,2184,Spizella pusilla,Field Sparrow,0.0149,D:/AcousticMonitoringData/ELDON2_Data/Week18\ELDON2_20250508_060802.wav,20250508
2181,2184,Sturnella magna,Eastern Meadowlark,0.0114,D:/AcousticMonitoringData/ELDON2_Data/Week18\ELDON2_20250508_060802.wav,20250508
2184,2187,Sturnella magna,Eastern Meadowlark,0.3483,D:/AcousticMonitoringData/ELDON2_Data/Week18\ELDON2_20250508_060802.wav,20250508
2184,2187,Geothlypis trichas,Common Yellowthroat,0.032,D:/AcousticMonitoringData/ELDON2_Data/Week18\ELDON2_20250508_060802.wav,20250508
2187,2190,Geothlypis trichas,Common Yellowthroat,0.0176,D:/AcousticMonitoringData/ELDON2_Data/Week18\ELDON2_20250508_060802.wav,20250508
2187,2190,Passerina caerulea,Blue Grosbeak,0.0108,D:/AcousticMonitoringData/ELDON2_Data/Week18\ELDON2_20250508_060802.wav,20250508
2190,2193,Sturnella magna,Eastern Meadowlark,0.0728,D:/AcousticMonitoringData/ELDON2_Data/Week18\ELDON2_20250508_060802.wav,20250508
2193,2196,Sturnella magna,Eastern Meadowlark,0.0349,D:/AcousticMonitoringData/ELDON2_Data/Week18\ELDON2_20250508_060802.wav,20250508
2193,2196,Passerina caerulea,Blue Grosbeak,0.0157,D:/AcousticMonitoringData/ELDON2_Data/Week18\ELDON2_20250508_060802.wav,20250508
2193,2196,Geothlypis trichas,Common Yellowthroat,0.0119,D:/AcousticMonitoringData/ELDON2_Data/Week18\ELDON2_20250508_060802.wav,20250508
2196,2199,Sturnella magna,Eastern Meadowlark,0.2574,D:/AcousticMonitoringData/ELDON2_Data/Week18\ELDON2_20250508_060802.wav,20250508
2196,2199,Spizella pusilla,Field Sparrow,0.0137,D:/AcousticMonitoringData/ELDON2_Data/Week18\ELDON2_20250508_060802.wav,20250508
2196,2199,Passerina caerulea,Blue Grosbeak,0.0101,D:/AcousticMonitoringData/ELDON2_Data/Week18\ELDON2_20250508_060802.wav,20250508
2199,2202,Sturnella magna,Eastern Meadowlark,0.0385,D:/AcousticMonitoringData/ELDON2_Data/Week18\ELDON2_20250508_060802.wav,20250508
2199,2202,Geothlypis trichas,Common Yellowthroat,0.0175,D:/AcousticMonitoringData/ELDON2_Data/Week18\ELDON2_20250508_060802.wav,20250508
2202,2205,Sturnella magna,Eastern Meadowlark,0.0477,D:/AcousticMonitoringData/ELDON2_Data/Week18\ELDON2_20250508_060802.wav,20250508
2205,2208,Sturnella magna,Eastern Meadowlark,0.0455,D:/AcousticMonitoringData/ELDON2_Data/Week18\ELDON2_20250508_060802.wav,20250508
2205,2208,Eremophila alpestris,Horned Lark,0.0102,D:/AcousticMonitoringData/ELDON2_Data/Week18\ELDON2_20250508_060802.wav,20250508
2208,2211,Sturnella magna,Eastern Meadowlark,0.074,D:/AcousticMonitoringData/ELDON2_Data/Week18\ELDON2_20250508_060802.wav,20250508
2211,2214,Spizella pusilla,Field Sparrow,0.045,D:/AcousticMonitoringData/ELDON2_Data/Week18\ELDON2_20250508_060802.wav,20250508
2211,2214,Geothlypis trichas,Common Yellowthroat,0.0325,D:/AcousticMonitoringData/ELDON2_Data/Week18\ELDON2_20250508_060802.wav,20250508
2211,2214,Passerina caerulea,Blue Grosbeak,0.0282,D:/AcousticMonitoringData/ELDON2_Data/Week18\ELDON2_20250508_060802.wav,20250508
2211,2214,Sturnella magna,Eastern Meadowlark,0.0272,D:/AcousticMonitoringData/ELDON2_Data/Week18\ELDON2_20250508_060802.wav,20250508
2214,2217,Sturnella magna,Eastern Meadowlark,0.0144,D:/AcousticMonitoringData/ELDON2_Data/Week18\ELDON2_20250508_060802.wav,20250508
2217,2220,Sturnella magna,Eastern Meadowlark,0.0865,D:/AcousticMonitoringData/ELDON2_Data/Week18\ELDON2_20250508_060802.wav,20250508
2220,2223,Sturnella magna,Eastern Meadowlark,0.1606,D:/AcousticMonitoringData/ELDON2_Data/Week18\ELDON2_20250508_060802.wav,20250508
2223,2226,Sturnella magna,Eastern Meadowlark,0.704,D:/AcousticMonitoringData/ELDON2_Data/Week18\ELDON2_20250508_060802.wav,20250508
2226,2229,Sturnella magna,Eastern Meadowlark,0.5856,D:/AcousticMonitoringData/ELDON2_Data/Week18\ELDON2_20250508_060802.wav,20250508
2229,2232,Sturnella magna,Eastern Meadowlark,0.2648,D:/AcousticMonitoringData/ELDON2_Data/Week18\ELDON2_20250508_060802.wav,20250508
2229,2232,Passerina caerulea,Blue Grosbeak,0.0166,D:/AcousticMonitoringData/ELDON2_Data/Week18\ELDON2_20250508_060802.wav,20250508
2229,2232,Spizella pusilla,Field Sparrow,0.0153,D:/AcousticMonitoringData/ELDON2_Data/Week18\ELDON2_20250508_060802.wav,20250508
2229,2232,Bartramia longicauda,Upland Sandpiper,0.0144,D:/AcousticMonitoringData/ELDON2_Data/Week18\ELDON2_20250508_060802.wav,20250508
2232,2235,Sturnella magna,Eastern Meadowlark,0.5515,D:/AcousticMonitoringData/ELDON2_Data/Week18\ELDON2_20250508_060802.wav,20250508
2235,2238,Sturnella magna,Eastern Meadowlark,0.1934,D:/AcousticMonitoringData/ELDON2_Data/Week18\ELDON2_20250508_060802.wav,20250508
2238,2241,Sturnella magna,Eastern Meadowlark,0.4804,D:/AcousticMonitoringData/ELDON2_Data/Week18\ELDON2_20250508_060802.wav,20250508
2238,2241,Spizella pusilla,Field Sparrow,0.0175,D:/AcousticMonitoringData/ELDON2_Data/Week18\ELDON2_20250508_060802.wav,20250508
2241,2244,Sturnella magna,Eastern Meadowlark,0.8572,D:/AcousticMonitoringData/ELDON2_Data/Week18\ELDON2_20250508_060802.wav,20250508
2244,2247,Sturnella magna,Eastern Meadowlark,0.1029,D:/AcousticMonitoringData/ELDON2_Data/Week18\ELDON2_20250508_060802.wav,20250508
2244,2247,Geothlypis trichas,Common Yellowthroat,0.0117,D:/AcousticMonitoringData/ELDON2_Data/Week18\ELDON2_20250508_060802.wav,20250508
2244,2247,Passerina caerulea,Blue Grosbeak,0.0105,D:/AcousticMonitoringData/ELDON2_Data/Week18\ELDON2_20250508_060802.wav,20250508
2247,2250,Sturnella magna,Eastern Meadowlark,0.5899,D:/AcousticMonitoringData/ELDON2_Data/Week18\ELDON2_20250508_060802.wav,20250508
2247,2250,Spizella pusilla,Field Sparrow,0.1366,D:/AcousticMonitoringData/ELDON2_Data/Week18\ELDON2_20250508_060802.wav,20250508
2250,2253,Sturnella magna,Eastern Meadowlark,0.5583,D:/AcousticMonitoringData/ELDON2_Data/Week18\ELDON2_20250508_060802.wav,20250508
2256,2259,Sturnella magna,Eastern Meadowlark,0.4075,D:/AcousticMonitoringData/ELDON2_Data/Week18\ELDON2_20250508_060802.wav,20250508
2259,2262,Sturnella magna,Eastern Meadowlark,0.8642,D:/AcousticMonitoringData/ELDON2_Data/Week18\ELDON2_20250508_060802.wav,20250508
2262,2265,Sturnella magna,Eastern Meadowlark,0.1082,D:/AcousticMonitoringData/ELDON2_Data/Week18\ELDON2_20250508_060802.wav,20250508
2265,2268,Sturnella magna,Eastern Meadowlark,0.5455,D:/AcousticMonitoringData/ELDON2_Data/Week18\ELDON2_20250508_060802.wav,20250508
2271,2274,Geothlypis trichas,Common Yellowthroat,0.0507,D:/AcousticMonitoringData/ELDON2_Data/Week18\ELDON2_20250508_060802.wav,20250508
2271,2274,Melospiza melodia,Song Sparrow,0.0183,D:/AcousticMonitoringData/ELDON2_Data/Week18\ELDON2_20250508_060802.wav,20250508
2274,2277,Sturnella magna,Eastern Meadowlark,0.7227,D:/AcousticMonitoringData/ELDON2_Data/Week18\ELDON2_20250508_060802.wav,20250508
2277,2280,Sturnella magna,Eastern Meadowlark,0.1892,D:/AcousticMonitoringData/ELDON2_Data/Week18\ELDON2_20250508_060802.wav,20250508
2277,2280,Geothlypis trichas,Common Yellowthroat,0.0369,D:/AcousticMonitoringData/ELDON2_Data/Week18\ELDON2_20250508_060802.wav,20250508
2277,2280,Passerina caerulea,Blue Grosbeak,0.0144,D:/AcousticMonitoringData/ELDON2_Data/Week18\ELDON2_20250508_060802.wav,20250508
2280,2283,Sturnella magna,Eastern Meadowlark,0.7914,D:/AcousticMonitoringData/ELDON2_Data/Week18\ELDON2_20250508_060802.wav,20250508
2280,2283,Spizella pusilla,Field Sparrow,0.0149,D:/AcousticMonitoringData/ELDON2_Data/Week18\ELDON2_20250508_060802.wav,20250508
2283,2286,Sturnella magna,Eastern Meadowlark,0.2287,D:/AcousticMonitoringData/ELDON2_Data/Week18\ELDON2_20250508_060802.wav,20250508
2286,2289,Sturnella magna,Eastern Meadowlark,0.6091,D:/AcousticMonitoringData/ELDON2_Data/Week18\ELDON2_20250508_060802.wav,20250508
2286,2289,Bartramia longicauda,Upland Sandpiper,0.0124,D:/AcousticMonitoringData/ELDON2_Data/Week18\ELDON2_20250508_060802.wav,20250508
2289,2292,Sturnella magna,Eastern Meadowlark,0.2649,D:/AcousticMonitoringData/ELDON2_Data/Week18\ELDON2_20250508_060802.wav,20250508
2289,2292,Spizella pusilla,Field Sparrow,0.0535,D:/AcousticMonitoringData/ELDON2_Data/Week18\ELDON2_20250508_060802.wav,20250508
2292,2295,Sturnella magna,Eastern Meadowlark,0.1498,D:/AcousticMonitoringData/ELDON2_Data/Week18\ELDON2_20250508_060802.wav,20250508
2295,2298,Sturnella magna,Eastern Meadowlark,0.6271,D:/AcousticMonitoringData/ELDON2_Data/Week18\ELDON2_20250508_060802.wav,20250508
2295,2298,Geothlypis trichas,Common Yellowthroat,0.0236,D:/AcousticMonitoringData/ELDON2_Data/Week18\ELDON2_20250508_060802.wav,20250508
2295,2298,Melospiza melodia,Song Sparrow,0.0181,D:/AcousticMonitoringData/ELDON2_Data/Week18\ELDON2_20250508_060802.wav,20250508
2298,2301,Sturnella magna,Eastern Meadowlark,0.4704,D:/AcousticMonitoringData/ELDON2_Data/Week18\ELDON2_20250508_060802.wav,20250508
2301,2304,Sturnella magna,Eastern Meadowlark,0.012,D:/AcousticMonitoringData/ELDON2_Data/Week18\ELDON2_20250508_060802.wav,20250508
2304,2307,Sturnella magna,Eastern Meadowlark,0.333,D:/AcousticMonitoringData/ELDON2_Data/Week18\ELDON2_20250508_060802.wav,20250508
2304,2307,Geothlypis trichas,Common Yellowthroat,0.0109,D:/AcousticMonitoringData/ELDON2_Data/Week18\ELDON2_20250508_060802.wav,20250508
2307,2310,Geothlypis trichas,Common Yellowthroat,0.0526,D:/AcousticMonitoringData/ELDON2_Data/Week18\ELDON2_20250508_060802.wav,20250508
2307,2310,Melospiza melodia,Song Sparrow,0.0163,D:/AcousticMonitoringData/ELDON2_Data/Week18\ELDON2_20250508_060802.wav,20250508
2310,2313,Geothlypis trichas,Common Yellowthroat,0.0973,D:/AcousticMonitoringData/ELDON2_Data/Week18\ELDON2_20250508_060802.wav,20250508
2310,2313,Sturnella magna,Eastern Meadowlark,0.032,D:/AcousticMonitoringData/ELDON2_Data/Week18\ELDON2_20250508_060802.wav,20250508
2310,2313,Spizella pusilla,Field Sparrow,0.031,D:/AcousticMonitoringData/ELDON2_Data/Week18\ELDON2_20250508_060802.wav,20250508
2310,2313,Melospiza melodia,Song Sparrow,0.012,D:/AcousticMonitoringData/ELDON2_Data/Week18\ELDON2_20250508_060802.wav,20250508
2310,2313,Passerina caerulea,Blue Grosbeak,0.0112,D:/AcousticMonitoringData/ELDON2_Data/Week18\ELDON2_20250508_060802.wav,20250508
2313,2316,Geothlypis trichas,Common Yellowthroat,0.0326,D:/AcousticMonitoringData/ELDON2_Data/Week18\ELDON2_20250508_060802.wav,20250508
2313,2316,Sturnella magna,Eastern Meadowlark,0.0192,D:/AcousticMonitoringData/ELDON2_Data/Week18\ELDON2_20250508_060802.wav,20250508
2316,2319,Sturnella magna,Eastern Meadowlark,0.6145,D:/AcousticMonitoringData/ELDON2_Data/Week18\ELDON2_20250508_060802.wav,20250508
2316,2319,Passerina caerulea,Blue Grosbeak,0.0101,D:/AcousticMonitoringData/ELDON2_Data/Week18\ELDON2_20250508_060802.wav,20250508
2319,2322,Sturnella magna,Eastern Meadowlark,0.3432,D:/AcousticMonitoringData/ELDON2_Data/Week18\ELDON2_20250508_060802.wav,20250508
2319,2322,Bartramia longicauda,Upland Sandpiper,0.013,D:/AcousticMonitoringData/ELDON2_Data/Week18\ELDON2_20250508_060802.wav,20250508
2322,2325,Sturnella magna,Eastern Meadowlark,0.0271,D:/AcousticMonitoringData/ELDON2_Data/Week18\ELDON2_20250508_060802.wav,20250508
2322,2325,Geothlypis trichas,Common Yellowthroat,0.0255,D:/AcousticMonitoringData/ELDON2_Data/Week18\ELDON2_20250508_060802.wav,20250508
2322,2325,Spizella pusilla,Field Sparrow,0.0191,D:/AcousticMonitoringData/ELDON2_Data/Week18\ELDON2_20250508_060802.wav,20250508
2322,2325,Passerina caerulea,Blue Grosbeak,0.0136,D:/AcousticMonitoringData/ELDON2_Data/Week18\ELDON2_20250508_060802.wav,20250508
2325,2328,Sturnella magna,Eastern Meadowlark,0.1777,D:/AcousticMonitoringData/ELDON2_Data/Week18\ELDON2_20250508_060802.wav,20250508
2328,2331,Geothlypis trichas,Common Yellowthroat,0.0567,D:/AcousticMonitoringData/ELDON2_Data/Week18\ELDON2_20250508_060802.wav,20250508
2331,2334,Sturnella magna,Eastern Meadowlark,0.0244,D:/AcousticMonitoringData/ELDON2_Data/Week18\ELDON2_20250508_060802.wav,20250508
2331,2334,Passerina caerulea,Blue Grosbeak,0.0118,D:/AcousticMonitoringData/ELDON2_Data/Week18\ELDON2_20250508_060802.wav,20250508
2334,2337,Sturnella magna,Eastern Meadowlark,0.0656,D:/AcousticMonitoringData/ELDON2_Data/Week18\ELDON2_20250508_060802.wav,20250508
2334,2337,Geothlypis trichas,Common Yellowthroat,0.0142,D:/AcousticMonitoringData/ELDON2_Data/Week18\ELDON2_20250508_060802.wav,20250508
2334,2337,Spizella pusilla,Field Sparrow,0.0122,D:/AcousticMonitoringData/ELDON2_Data/Week18\ELDON2_20250508_060802.wav,20250508
2337,2340,Sturnella magna,Eastern Meadowlark,0.0677,D:/AcousticMonitoringData/ELDON2_Data/Week18\ELDON2_20250508_060802.wav,20250508
2337,2340,Geothlypis trichas,Common Yellowthroat,0.014,D:/AcousticMonitoringData/ELDON2_Data/Week18\ELDON2_20250508_060802.wav,20250508
2340,2343,Sturnella magna,Eastern Meadowlark,0.0845,D:/AcousticMonitoringData/ELDON2_Data/Week18\ELDON2_20250508_060802.wav,20250508
2343,2346,Sturnella magna,Eastern Meadowlark,0.1755,D:/AcousticMonitoringData/ELDON2_Data/Week18\ELDON2_20250508_060802.wav,20250508
2343,2346,Geothlypis trichas,Common Yellowthroat,0.0612,D:/AcousticMonitoringData/ELDON2_Data/Week18\ELDON2_20250508_060802.wav,20250508
2346,2349,Sturnella magna,Eastern Meadowlark,0.0825,D:/AcousticMonitoringData/ELDON2_Data/Week18\ELDON2_20250508_060802.wav,20250508
2346,2349,Passerina caerulea,Blue Grosbeak,0.0109,D:/AcousticMonitoringData/ELDON2_Data/Week18\ELDON2_20250508_060802.wav,20250508
2349,2352,Sturnella magna,Eastern Meadowlark,0.1124,D:/AcousticMonitoringData/ELDON2_Data/Week18\ELDON2_20250508_060802.wav,20250508
2355,2358,Geothlypis trichas,Common Yellowthroat,0.0523,D:/AcousticMonitoringData/ELDON2_Data/Week18\ELDON2_20250508_060802.wav,20250508
2355,2358,Sturnella magna,Eastern Meadowlark,0.0356,D:/AcousticMonitoringData/ELDON2_Data/Week18\ELDON2_20250508_060802.wav,20250508
2355,2358,Melospiza melodia,Song Sparrow,0.0148,D:/AcousticMonitoringData/ELDON2_Data/Week18\ELDON2_20250508_060802.wav,20250508
2358,2361,Geothlypis trichas,Common Yellowthroat,0.264,D:/AcousticMonitoringData/ELDON2_Data/Week18\ELDON2_20250508_060802.wav,20250508
2358,2361,Sturnella magna,Eastern Meadowlark,0.0136,D:/AcousticMonitoringData/ELDON2_Data/Week18\ELDON2_20250508_060802.wav,20250508
2358,2361,Passerina caerulea,Blue Grosbeak,0.0104,D:/AcousticMonitoringData/ELDON2_Data/Week18\ELDON2_20250508_060802.wav,20250508
2361,2364,Geothlypis trichas,Common Yellowthroat,0.0792,D:/AcousticMonitoringData/ELDON2_Data/Week18\ELDON2_20250508_060802.wav,20250508
2361,2364,Sturnella magna,Eastern Meadowlark,0.0165,D:/AcousticMonitoringData/ELDON2_Data/Week18\ELDON2_20250508_060802.wav,20250508
2364,2367,Sturnella magna,Eastern Meadowlark,0.0313,D:/AcousticMonitoringData/ELDON2_Data/Week18\ELDON2_20250508_060802.wav,20250508
2364,2367,Passerina caerulea,Blue Grosbeak,0.0155,D:/AcousticMonitoringData/ELDON2_Data/Week18\ELDON2_20250508_060802.wav,20250508
2367,2370,Geothlypis trichas,Common Yellowthroat,0.0138,D:/AcousticMonitoringData/ELDON2_Data/Week18\ELDON2_20250508_060802.wav,20250508
2370,2373,Sturnella magna,Eastern Meadowlark,0.2679,D:/AcousticMonitoringData/ELDON2_Data/Week18\ELDON2_20250508_060802.wav,20250508
2373,2376,Sturnella magna,Eastern Meadowlark,0.8374,D:/AcousticMonitoringData/ELDON2_Data/Week18\ELDON2_20250508_060802.wav,20250508
2376,2379,Sturnella magna,Eastern Meadowlark,0.2931,D:/AcousticMonitoringData/ELDON2_Data/Week18\ELDON2_20250508_060802.wav,20250508
2379,2382,Sturnella magna,Eastern Meadowlark,0.0405,D:/AcousticMonitoringData/ELDON2_Data/Week18\ELDON2_20250508_060802.wav,20250508
2382,2385,Sturnella magna,Eastern Meadowlark,0.0453,D:/AcousticMonitoringData/ELDON2_Data/Week18\ELDON2_20250508_060802.wav,20250508
2382,2385,Geothlypis trichas,Common Yellowthroat,0.0178,D:/AcousticMonitoringData/ELDON2_Data/Week18\ELDON2_20250508_060802.wav,20250508
2382,2385,Eremophila alpestris,Horned Lark,0.0108,D:/AcousticMonitoringData/ELDON2_Data/Week18\ELDON2_20250508_060802.wav,20250508
2385,2388,Sturnella magna,Eastern Meadowlark,0.0219,D:/AcousticMonitoringData/ELDON2_Data/Week18\ELDON2_20250508_060802.wav,20250508
2385,2388,Geothlypis trichas,Common Yellowthroat,0.0173,D:/AcousticMonitoringData/ELDON2_Data/Week18\ELDON2_20250508_060802.wav,20250508
2385,2388,Passerina caerulea,Blue Grosbeak,0.0138,D:/AcousticMonitoringData/ELDON2_Data/Week18\ELDON2_20250508_060802.wav,20250508
2388,2391,Sturnella magna,Eastern Meadowlark,0.0315,D:/AcousticMonitoringData/ELDON2_Data/Week18\ELDON2_20250508_060802.wav,20250508
2388,2391,Spizella pusilla,Field Sparrow,0.0132,D:/AcousticMonitoringData/ELDON2_Data/Week18\ELDON2_20250508_060802.wav,20250508
2388,2391,Passerina caerulea,Blue Grosbeak,0.0128,D:/AcousticMonitoringData/ELDON2_Data/Week18\ELDON2_20250508_060802.wav,20250508
2391,2394,Sturnella magna,Eastern Meadowlark,0.8989,D:/AcousticMonitoringData/ELDON2_Data/Week18\ELDON2_20250508_060802.wav,20250508
2391,2394,Bartramia longicauda,Upland Sandpiper,0.036,D:/AcousticMonitoringData/ELDON2_Data/Week18\ELDON2_20250508_060802.wav,20250508
2391,2394,Passerina caerulea,Blue Grosbeak,0.0217,D:/AcousticMonitoringData/ELDON2_Data/Week18\ELDON2_20250508_060802.wav,20250508
2391,2394,Spizella pusilla,Field Sparrow,0.0104,D:/AcousticMonitoringData/ELDON2_Data/Week18\ELDON2_20250508_060802.wav,20250508
2394,2397,Sturnella magna,Eastern Meadowlark,0.0305,D:/AcousticMonitoringData/ELDON2_Data/Week18\ELDON2_20250508_060802.wav,20250508
2394,2397,Passerina caerulea,Blue Grosbeak,0.0107,D:/AcousticMonitoringData/ELDON2_Data/Week18\ELDON2_20250508_060802.wav,20250508
2397,2400,Sturnella magna,Eastern Meadowlark,0.025,D:/AcousticMonitoringData/ELDON2_Data/Week18\ELDON2_20250508_060802.wav,20250508
2400,2403,Sturnella magna,Eastern Meadowlark,0.0328,D:/AcousticMonitoringData/ELDON2_Data/Week18\ELDON2_20250508_060802.wav,20250508
2400,2403,Geothlypis trichas,Common Yellowthroat,0.0263,D:/AcousticMonitoringData/ELDON2_Data/Week18\ELDON2_20250508_060802.wav,20250508
2400,2403,Passerina caerulea,Blue Grosbeak,0.0132,D:/AcousticMonitoringData/ELDON2_Data/Week18\ELDON2_20250508_060802.wav,20250508
2400,2403,Spizella pusilla,Field Sparrow,0.0118,D:/AcousticMonitoringData/ELDON2_Data/Week18\ELDON2_20250508_060802.wav,20250508
2403,2406,Sturnella magna,Eastern Meadowlark,0.0452,D:/AcousticMonitoringData/ELDON2_Data/Week18\ELDON2_20250508_060802.wav,20250508
2403,2406,Geothlypis trichas,Common Yellowthroat,0.0388,D:/AcousticMonitoringData/ELDON2_Data/Week18\ELDON2_20250508_060802.wav,20250508
2403,2406,Spizella pusilla,Field Sparrow,0.021,D:/AcousticMonitoringData/ELDON2_Data/Week18\ELDON2_20250508_060802.wav,20250508
2403,2406,Passerina caerulea,Blue Grosbeak,0.0163,D:/AcousticMonitoringData/ELDON2_Data/Week18\ELDON2_20250508_060802.wav,20250508
2406,2409,Sturnella magna,Eastern Meadowlark,0.194,D:/AcousticMonitoringData/ELDON2_Data/Week18\ELDON2_20250508_060802.wav,20250508
2409,2412,Sturnella magna,Eastern Meadowlark,0.0365,D:/AcousticMonitoringData/ELDON2_Data/Week18\ELDON2_20250508_060802.wav,20250508
2412,2415,Sturnella magna,Eastern Meadowlark,0.023,D:/AcousticMonitoringData/ELDON2_Data/Week18\ELDON2_20250508_060802.wav,20250508
2418,2421,Sturnella magna,Eastern Meadowlark,0.1259,D:/AcousticMonitoringData/ELDON2_Data/Week18\ELDON2_20250508_060802.wav,20250508
2418,2421,Passerina caerulea,Blue Grosbeak,0.012,D:/AcousticMonitoringData/ELDON2_Data/Week18\ELDON2_20250508_060802.wav,20250508
2421,2424,Sturnella magna,Eastern Meadowlark,0.0502,D:/AcousticMonitoringData/ELDON2_Data/Week18\ELDON2_20250508_060802.wav,20250508
2424,2427,Sturnella magna,Eastern Meadowlark,0.1318,D:/AcousticMonitoringData/ELDON2_Data/Week18\ELDON2_20250508_060802.wav,20250508
2424,2427,Passerina caerulea,Blue Grosbeak,0.0163,D:/AcousticMonitoringData/ELDON2_Data/Week18\ELDON2_20250508_060802.wav,20250508
2427,2430,Sturnella magna,Eastern Meadowlark,0.0453,D:/AcousticMonitoringData/ELDON2_Data/Week18\ELDON2_20250508_060802.wav,20250508
2427,2430,Passerina caerulea,Blue Grosbeak,0.0116,D:/AcousticMonitoringData/ELDON2_Data/Week18\ELDON2_20250508_060802.wav,20250508
2430,2433,Sturnella magna,Eastern Meadowlark,0.0274,D:/AcousticMonitoringData/ELDON2_Data/Week18\ELDON2_20250508_060802.wav,20250508
2430,2433,Geothlypis trichas,Common Yellowthroat,0.0162,D:/AcousticMonitoringData/ELDON2_Data/Week18\ELDON2_20250508_060802.wav,20250508
2433,2436,Geothlypis trichas,Common Yellowthroat,0.0379,D:/AcousticMonitoringData/ELDON2_Data/Week18\ELDON2_20250508_060802.wav,20250508
2433,2436,Sturnella magna,Eastern Meadowlark,0.0203,D:/AcousticMonitoringData/ELDON2_Data/Week18\ELDON2_20250508_060802.wav,20250508
2433,2436,Melospiza melodia,Song Sparrow,0.0124,D:/AcousticMonitoringData/ELDON2_Data/Week18\ELDON2_20250508_060802.wav,20250508
2436,2439,Geothlypis trichas,Common Yellowthroat,0.0936,D:/AcousticMonitoringData/ELDON2_Data/Week18\ELDON2_20250508_060802.wav,20250508
2436,2439,Sturnella magna,Eastern Meadowlark,0.0151,D:/AcousticMonitoringData/ELDON2_Data/Week18\ELDON2_20250508_060802.wav,20250508
2436,2439,Melospiza melodia,Song Sparrow,0.0135,D:/AcousticMonitoringData/ELDON2_Data/Week18\ELDON2_20250508_060802.wav,20250508
2436,2439,Spizella pusilla,Field Sparrow,0.0128,D:/AcousticMonitoringData/ELDON2_Data/Week18\ELDON2_20250508_060802.wav,20250508
2439,2442,Sturnella magna,Eastern Meadowlark,0.1551,D:/AcousticMonitoringData/ELDON2_Data/Week18\ELDON2_20250508_060802.wav,20250508
2442,2445,Sturnella magna,Eastern Meadowlark,0.8422,D:/AcousticMonitoringData/ELDON2_Data/Week18\ELDON2_20250508_060802.wav,20250508
2442,2445,Passerina caerulea,Blue Grosbeak,0.0139,D:/AcousticMonitoringData/ELDON2_Data/Week18\ELDON2_20250508_060802.wav,20250508
2445,2448,Sturnella magna,Eastern Meadowlark,0.4559,D:/AcousticMonitoringData/ELDON2_Data/Week18\ELDON2_20250508_060802.wav,20250508
2445,2448,Passerina caerulea,Blue Grosbeak,0.0182,D:/AcousticMonitoringData/ELDON2_Data/Week18\ELDON2_20250508_060802.wav,20250508
2448,2451,Sturnella magna,Eastern Meadowlark,0.5806,D:/AcousticMonitoringData/ELDON2_Data/Week18\ELDON2_20250508_060802.wav,20250508
2448,2451,Bartramia longicauda,Upland Sandpiper,0.0858,D:/AcousticMonitoringData/ELDON2_Data/Week18\ELDON2_20250508_060802.wav,20250508
2448,2451,Spizella pusilla,Field Sparrow,0.0314,D:/AcousticMonitoringData/ELDON2_Data/Week18\ELDON2_20250508_060802.wav,20250508
2448,2451,Geothlypis trichas,Common Yellowthroat,0.0149,D:/AcousticMonitoringData/ELDON2_Data/Week18\ELDON2_20250508_060802.wav,20250508
2448,2451,Passerina caerulea,Blue Grosbeak,0.011,D:/AcousticMonitoringData/ELDON2_Data/Week18\ELDON2_20250508_060802.wav,20250508
2457,2460,Sturnella magna,Eastern Meadowlark,0.0225,D:/AcousticMonitoringData/ELDON2_Data/Week18\ELDON2_20250508_060802.wav,20250508
2460,2463,Geothlypis trichas,Common Yellowthroat,0.0909,D:/AcousticMonitoringData/ELDON2_Data/Week18\ELDON2_20250508_060802.wav,20250508
2460,2463,Spizella pusilla,Field Sparrow,0.0322,D:/AcousticMonitoringData/ELDON2_Data/Week18\ELDON2_20250508_060802.wav,20250508
2460,2463,Sturnella magna,Eastern Meadowlark,0.0271,D:/AcousticMonitoringData/ELDON2_Data/Week18\ELDON2_20250508_060802.wav,20250508
2460,2463,Passerina caerulea,Blue Grosbeak,0.016,D:/AcousticMonitoringData/ELDON2_Data/Week18\ELDON2_20250508_060802.wav,20250508
2463,2466,Passerina caerulea,Blue Grosbeak,0.0324,D:/AcousticMonitoringData/ELDON2_Data/Week18\ELDON2_20250508_060802.wav,20250508
2466,2469,Sturnella magna,Eastern Meadowlark,0.0188,D:/AcousticMonitoringData/ELDON2_Data/Week18\ELDON2_20250508_060802.wav,20250508
2469,2472,Sturnella magna,Eastern Meadowlark,0.1959,D:/AcousticMonitoringData/ELDON2_Data/Week18\ELDON2_20250508_060802.wav,20250508
2472,2475,Sturnella magna,Eastern Meadowlark,0.2949,D:/AcousticMonitoringData/ELDON2_Data/Week18\ELDON2_20250508_060802.wav,20250508
2472,2475,Bartramia longicauda,Upland Sandpiper,0.0178,D:/AcousticMonitoringData/ELDON2_Data/Week18\ELDON2_20250508_060802.wav,20250508
2472,2475,Spizella pusilla,Field Sparrow,0.0137,D:/AcousticMonitoringData/ELDON2_Data/Week18\ELDON2_20250508_060802.wav,20250508
2472,2475,Passerina caerulea,Blue Grosbeak,0.0114,D:/AcousticMonitoringData/ELDON2_Data/Week18\ELDON2_20250508_060802.wav,20250508
2475,2478,Sturnella magna,Eastern Meadowlark,0.8646,D:/AcousticMonitoringData/ELDON2_Data/Week18\ELDON2_20250508_060802.wav,20250508
2475,2478,Passerina caerulea,Blue Grosbeak,0.0467,D:/AcousticMonitoringData/ELDON2_Data/Week18\ELDON2_20250508_060802.wav,20250508
2475,2478,Spizella pusilla,Field Sparrow,0.0267,D:/AcousticMonitoringData/ELDON2_Data/Week18\ELDON2_20250508_060802.wav,20250508
2478,2481,Geothlypis trichas,Common Yellowthroat,0.1243,D:/AcousticMonitoringData/ELDON2_Data/Week18\ELDON2_20250508_060802.wav,20250508
2478,2481,Sturnella magna,Eastern Meadowlark,0.0179,D:/AcousticMonitoringData/ELDON2_Data/Week18\ELDON2_20250508_060802.wav,20250508
2478,2481,Passerina caerulea,Blue Grosbeak,0.0127,D:/AcousticMonitoringData/ELDON2_Data/Week18\ELDON2_20250508_060802.wav,20250508
2481,2484,Sturnella magna,Eastern Meadowlark,0.0701,D:/AcousticMonitoringData/ELDON2_Data/Week18\ELDON2_20250508_060802.wav,20250508
2481,2484,Geothlypis trichas,Common Yellowthroat,0.0434,D:/AcousticMonitoringData/ELDON2_Data/Week18\ELDON2_20250508_060802.wav,20250508
2481,2484,Passerina caerulea,Blue Grosbeak,0.018,D:/AcousticMonitoringData/ELDON2_Data/Week18\ELDON2_20250508_060802.wav,20250508
2481,2484,Spizella pusilla,Field Sparrow,0.0101,D:/AcousticMonitoringData/ELDON2_Data/Week18\ELDON2_20250508_060802.wav,20250508
2484,2487,Sturnella magna,Eastern Meadowlark,0.0261,D:/AcousticMonitoringData/ELDON2_Data/Week18\ELDON2_20250508_060802.wav,20250508
2484,2487,Spizella pusilla,Field Sparrow,0.0153,D:/AcousticMonitoringData/ELDON2_Data/Week18\ELDON2_20250508_060802.wav,20250508
2484,2487,Geothlypis trichas,Common Yellowthroat,0.01,D:/AcousticMonitoringData/ELDON2_Data/Week18\ELDON2_20250508_060802.wav,20250508
2487,2490,Passerina caerulea,Blue Grosbeak,0.0175,D:/AcousticMonitoringData/ELDON2_Data/Week18\ELDON2_20250508_060802.wav,20250508
2490,2493,Sturnella magna,Eastern Meadowlark,0.4813,D:/AcousticMonitoringData/ELDON2_Data/Week18\ELDON2_20250508_060802.wav,20250508
2490,2493,Passerina caerulea,Blue Grosbeak,0.0162,D:/AcousticMonitoringData/ELDON2_Data/Week18\ELDON2_20250508_060802.wav,20250508
2490,2493,Spizella pusilla,Field Sparrow,0.0106,D:/AcousticMonitoringData/ELDON2_Data/Week18\ELDON2_20250508_060802.wav,20250508
2493,2496,Geothlypis trichas,Common Yellowthroat,0.0757,D:/AcousticMonitoringData/ELDON2_Data/Week18\ELDON2_20250508_060802.wav,20250508
2493,2496,Sturnella magna,Eastern Meadowlark,0.0298,D:/AcousticMonitoringData/ELDON2_Data/Week18\ELDON2_20250508_060802.wav,20250508
2493,2496,Spizella pusilla,Field Sparrow,0.0273,D:/AcousticMonitoringData/ELDON2_Data/Week18\ELDON2_20250508_060802.wav,20250508
2493,2496,Passerina caerulea,Blue Grosbeak,0.0223,D:/AcousticMonitoringData/ELDON2_Data/Week18\ELDON2_20250508_060802.wav,20250508
2496,2499,Sturnella magna,Eastern Meadowlark,0.0166,D:/AcousticMonitoringData/ELDON2_Data/Week18\ELDON2_20250508_060802.wav,20250508
2496,2499,Passerina caerulea,Blue Grosbeak,0.0107,D:/AcousticMonitoringData/ELDON2_Data/Week18\ELDON2_20250508_060802.wav,20250508
2499,2502,Geothlypis trichas,Common Yellowthroat,0.0228,D:/AcousticMonitoringData/ELDON2_Data/Week18\ELDON2_20250508_060802.wav,20250508
2499,2502,Sturnella magna,Eastern Meadowlark,0.0154,D:/AcousticMonitoringData/ELDON2_Data/Week18\ELDON2_20250508_060802.wav,20250508
2502,2505,Sturnella magna,Eastern Meadowlark,0.0139,D:/AcousticMonitoringData/ELDON2_Data/Week18\ELDON2_20250508_060802.wav,20250508
2505,2508,Sturnella magna,Eastern Meadowlark,0.0371,D:/AcousticMonitoringData/ELDON2_Data/Week18\ELDON2_20250508_060802.wav,20250508
2505,2508,Passerina caerulea,Blue Grosbeak,0.0185,D:/AcousticMonitoringData/ELDON2_Data/Week18\ELDON2_20250508_060802.wav,20250508
2505,2508,Geothlypis trichas,Common Yellowthroat,0.0166,D:/AcousticMonitoringData/ELDON2_Data/Week18\ELDON2_20250508_060802.wav,20250508
2508,2511,Passerina caerulea,Blue Grosbeak,0.0134,D:/AcousticMonitoringData/ELDON2_Data/Week18\ELDON2_20250508_060802.wav,20250508
2508,2511,Sturnella magna,Eastern Meadowlark,0.0123,D:/AcousticMonitoringData/ELDON2_Data/Week18\ELDON2_20250508_060802.wav,20250508
2511,2514,Sturnella magna,Eastern Meadowlark,0.0126,D:/AcousticMonitoringData/ELDON2_Data/Week18\ELDON2_20250508_060802.wav,20250508
2511,2514,Geothlypis trichas,Common Yellowthroat,0.0115,D:/AcousticMonitoringData/ELDON2_Data/Week18\ELDON2_20250508_060802.wav,20250508
2514,2517,Sturnella magna,Eastern Meadowlark,0.0787,D:/AcousticMonitoringData/ELDON2_Data/Week18\ELDON2_20250508_060802.wav,20250508
2517,2520,Sturnella magna,Eastern Meadowlark,0.0574,D:/AcousticMonitoringData/ELDON2_Data/Week18\ELDON2_20250508_060802.wav,20250508
2517,2520,Passerina caerulea,Blue Grosbeak,0.0149,D:/AcousticMonitoringData/ELDON2_Data/Week18\ELDON2_20250508_060802.wav,20250508
2520,2523,Sturnella magna,Eastern Meadowlark,0.0147,D:/AcousticMonitoringData/ELDON2_Data/Week18\ELDON2_20250508_060802.wav,20250508
2520,2523,Passerina caerulea,Blue Grosbeak,0.0105,D:/AcousticMonitoringData/ELDON2_Data/Week18\ELDON2_20250508_060802.wav,20250508
2523,2526,Sturnella magna,Eastern Meadowlark,0.5142,D:/AcousticMonitoringData/ELDON2_Data/Week18\ELDON2_20250508_060802.wav,20250508
2523,2526,Passerina caerulea,Blue Grosbeak,0.028,D:/AcousticMonitoringData/ELDON2_Data/Week18\ELDON2_20250508_060802.wav,20250508
2526,2529,Sturnella magna,Eastern Meadowlark,0.0107,D:/AcousticMonitoringData/ELDON2_Data/Week18\ELDON2_20250508_060802.wav,20250508
2529,2532,Geothlypis trichas,Common Yellowthroat,0.0478,D:/AcousticMonitoringData/ELDON2_Data/Week18\ELDON2_20250508_060802.wav,20250508
2529,2532,Sturnella magna,Eastern Meadowlark,0.021,D:/AcousticMonitoringData/ELDON2_Data/Week18\ELDON2_20250508_060802.wav,20250508
2535,2538,Sturnella magna,Eastern Meadowlark,0.013,D:/AcousticMonitoringData/ELDON2_Data/Week18\ELDON2_20250508_060802.wav,20250508
2547,2550,Sturnella magna,Eastern Meadowlark,0.0116,D:/AcousticMonitoringData/ELDON2_Data/Week18\ELDON2_20250508_060802.wav,20250508
2556,2559,Geothlypis trichas,Common Yellowthroat,0.03,D:/AcousticMonitoringData/ELDON2_Data/Week18\ELDON2_20250508_060802.wav,20250508
2556,2559,Sturnella magna,Eastern Meadowlark,0.0166,D:/AcousticMonitoringData/ELDON2_Data/Week18\ELDON2_20250508_060802.wav,20250508
2556,2559,Passerina caerulea,Blue Grosbeak,0.0112,D:/AcousticMonitoringData/ELDON2_Data/Week18\ELDON2_20250508_060802.wav,20250508
2559,2562,Geothlypis trichas,Common Yellowthroat,0.0322,D:/AcousticMonitoringData/ELDON2_Data/Week18\ELDON2_20250508_060802.wav,20250508
2559,2562,Melospiza melodia,Song Sparrow,0.0207,D:/AcousticMonitoringData/ELDON2_Data/Week18\ELDON2_20250508_060802.wav,20250508
2559,2562,Spizella pusilla,Field Sparrow,0.0184,D:/AcousticMonitoringData/ELDON2_Data/Week18\ELDON2_20250508_060802.wav,20250508
2559,2562,Sturnella magna,Eastern Meadowlark,0.0175,D:/AcousticMonitoringData/ELDON2_Data/Week18\ELDON2_20250508_060802.wav,20250508
2562,2565,Geothlypis trichas,Common Yellowthroat,0.0426,D:/AcousticMonitoringData/ELDON2_Data/Week18\ELDON2_20250508_060802.wav,20250508
2562,2565,Melospiza melodia,Song Sparrow,0.0182,D:/AcousticMonitoringData/ELDON2_Data/Week18\ELDON2_20250508_060802.wav,20250508
2565,2568,Sturnella magna,Eastern Meadowlark,0.0228,D:/AcousticMonitoringData/ELDON2_Data/Week18\ELDON2_20250508_060802.wav,20250508
2568,2571,Sturnella magna,Eastern Meadowlark,0.063,D:/AcousticMonitoringData/ELDON2_Data/Week18\ELDON2_20250508_060802.wav,20250508
2571,2574,Sturnella magna,Eastern Meadowlark,0.0915,D:/AcousticMonitoringData/ELDON2_Data/Week18\ELDON2_20250508_060802.wav,20250508
2574,2577,Sturnella magna,Eastern Meadowlark,0.0401,D:/AcousticMonitoringData/ELDON2_Data/Week18\ELDON2_20250508_060802.wav,20250508
2574,2577,Passerina caerulea,Blue Grosbeak,0.01,D:/AcousticMonitoringData/ELDON2_Data/Week18\ELDON2_20250508_060802.wav,20250508
2577,2580,Geothlypis trichas,Common Yellowthroat,0.0347,D:/AcousticMonitoringData/ELDON2_Data/Week18\ELDON2_20250508_060802.wav,20250508
2577,2580,Sturnella magna,Eastern Meadowlark,0.0214,D:/AcousticMonitoringData/ELDON2_Data/Week18\ELDON2_20250508_060802.wav,20250508
2580,2583,Sturnella magna,Eastern Meadowlark,0.0125,D:/AcousticMonitoringData/ELDON2_Data/Week18\ELDON2_20250508_060802.wav,20250508
2580,2583,Bartramia longicauda,Upland Sandpiper,0.0118,D:/AcousticMonitoringData/ELDON2_Data/Week18\ELDON2_20250508_060802.wav,20250508
2583,2586,Sturnella magna,Eastern Meadowlark,0.0533,D:/AcousticMonitoringData/ELDON2_Data/Week18\ELDON2_20250508_060802.wav,20250508
2583,2586,Geothlypis trichas,Common Yellowthroat,0.0151,D:/AcousticMonitoringData/ELDON2_Data/Week18\ELDON2_20250508_060802.wav,20250508
2583,2586,Melospiza melodia,Song Sparrow,0.0139,D:/AcousticMonitoringData/ELDON2_Data/Week18\ELDON2_20250508_060802.wav,20250508
2583,2586,Spizella pusilla,Field Sparrow,0.0129,D:/AcousticMonitoringData/ELDON2_Data/Week18\ELDON2_20250508_060802.wav,20250508
2586,2589,Sturnella magna,Eastern Meadowlark,0.0144,D:/AcousticMonitoringData/ELDON2_Data/Week18\ELDON2_20250508_060802.wav,20250508
2586,2589,Spizella pusilla,Field Sparrow,0.0139,D:/AcousticMonitoringData/ELDON2_Data/Week18\ELDON2_20250508_060802.wav,20250508
2589,2592,Geothlypis trichas,Common Yellowthroat,0.1194,D:/AcousticMonitoringData/ELDON2_Data/Week18\ELDON2_20250508_060802.wav,20250508
2589,2592,Spizella pusilla,Field Sparrow,0.028,D:/AcousticMonitoringData/ELDON2_Data/Week18\ELDON2_20250508_060802.wav,20250508
2589,2592,Sturnella magna,Eastern Meadowlark,0.0216,D:/AcousticMonitoringData/ELDON2_Data/Week18\ELDON2_20250508_060802.wav,20250508
2589,2592,Passerina caerulea,Blue Grosbeak,0.017,D:/AcousticMonitoringData/ELDON2_Data/Week18\ELDON2_20250508_060802.wav,20250508
2592,2595,Sturnella magna,Eastern Meadowlark,0.2319,D:/AcousticMonitoringData/ELDON2_Data/Week18\ELDON2_20250508_060802.wav,20250508
2592,2595,Spizella pusilla,Field Sparrow,0.0117,D:/AcousticMonitoringData/ELDON2_Data/Week18\ELDON2_20250508_060802.wav,20250508
2595,2598,Sturnella magna,Eastern Meadowlark,0.8866,D:/AcousticMonitoringData/ELDON2_Data/Week18\ELDON2_20250508_060802.wav,20250508
2598,2601,Geothlypis trichas,Common Yellowthroat,0.0352,D:/AcousticMonitoringData/ELDON2_Data/Week18\ELDON2_20250508_060802.wav,20250508
2598,2601,Spizella pusilla,Field Sparrow,0.017,D:/AcousticMonitoringData/ELDON2_Data/Week18\ELDON2_20250508_060802.wav,20250508
2598,2601,Sturnella magna,Eastern Meadowlark,0.014,D:/AcousticMonitoringData/ELDON2_Data/Week18\ELDON2_20250508_060802.wav,20250508
2598,2601,Passerina caerulea,Blue Grosbeak,0.0111,D:/AcousticMonitoringData/ELDON2_Data/Week18\ELDON2_20250508_060802.wav,20250508
2601,2604,Sturnella magna,Eastern Meadowlark,0.046,D:/AcousticMonitoringData/ELDON2_Data/Week18\ELDON2_20250508_060802.wav,20250508
2604,2607,Sturnella magna,Eastern Meadowlark,0.034,D:/AcousticMonitoringData/ELDON2_Data/Week18\ELDON2_20250508_060802.wav,20250508
2604,2607,Spizella pusilla,Field Sparrow,0.0162,D:/AcousticMonitoringData/ELDON2_Data/Week18\ELDON2_20250508_060802.wav,20250508
2604,2607,Passerina caerulea,Blue Grosbeak,0.0144,D:/AcousticMonitoringData/ELDON2_Data/Week18\ELDON2_20250508_060802.wav,20250508
2607,2610,Sturnella magna,Eastern Meadowlark,0.0102,D:/AcousticMonitoringData/ELDON2_Data/Week18\ELDON2_20250508_060802.wav,20250508
2610,2613,Sturnella magna,Eastern Meadowlark,0.0262,D:/AcousticMonitoringData/ELDON2_Data/Week18\ELDON2_20250508_060802.wav,20250508
2610,2613,Geothlypis trichas,Common Yellowthroat,0.0106,D:/AcousticMonitoringData/ELDON2_Data/Week18\ELDON2_20250508_060802.wav,20250508
2613,2616,Sturnella magna,Eastern Meadowlark,0.6831,D:/AcousticMonitoringData/ELDON2_Data/Week18\ELDON2_20250508_060802.wav,20250508
2613,2616,Spizella pusilla,Field Sparrow,0.0625,D:/AcousticMonitoringData/ELDON2_Data/Week18\ELDON2_20250508_060802.wav,20250508
2613,2616,Passerina caerulea,Blue Grosbeak,0.0235,D:/AcousticMonitoringData/ELDON2_Data/Week18\ELDON2_20250508_060802.wav,20250508
2613,2616,Geothlypis trichas,Common Yellowthroat,0.0234,D:/AcousticMonitoringData/ELDON2_Data/Week18\ELDON2_20250508_060802.wav,20250508
2616,2619,Geothlypis trichas,Common Yellowthroat,0.0935,D:/AcousticMonitoringData/ELDON2_Data/Week18\ELDON2_20250508_060802.wav,20250508
2616,2619,Melospiza melodia,Song Sparrow,0.0212,D:/AcousticMonitoringData/ELDON2_Data/Week18\ELDON2_20250508_060802.wav,20250508
2619,2622,Sturnella magna,Eastern Meadowlark,0.1526,D:/AcousticMonitoringData/ELDON2_Data/Week18\ELDON2_20250508_060802.wav,20250508
2622,2625,Sturnella magna,Eastern Meadowlark,0.0459,D:/AcousticMonitoringData/ELDON2_Data/Week18\ELDON2_20250508_060802.wav,20250508
2622,2625,Geothlypis trichas,Common Yellowthroat,0.0335,D:/AcousticMonitoringData/ELDON2_Data/Week18\ELDON2_20250508_060802.wav,20250508
2622,2625,Spizella pusilla,Field Sparrow,0.0128,D:/AcousticMonitoringData/ELDON2_Data/Week18\ELDON2_20250508_060802.wav,20250508
2625,2628,Sturnella magna,Eastern Meadowlark,0.2789,D:/AcousticMonitoringData/ELDON2_Data/Week18\ELDON2_20250508_060802.wav,20250508
2628,2631,Spizella pusilla,Field Sparrow,0.0251,D:/AcousticMonitoringData/ELDON2_Data/Week18\ELDON2_20250508_060802.wav,20250508
2628,2631,Sturnella magna,Eastern Meadowlark,0.0136,D:/AcousticMonitoringData/ELDON2_Data/Week18\ELDON2_20250508_060802.wav,20250508
2628,2631,Geothlypis trichas,Common Yellowthroat,0.0103,D:/AcousticMonitoringData/ELDON2_Data/Week18\ELDON2_20250508_060802.wav,20250508
2631,2634,Sturnella magna,Eastern Meadowlark,0.0293,D:/AcousticMonitoringData/ELDON2_Data/Week18\ELDON2_20250508_060802.wav,20250508
2631,2634,Spizella pusilla,Field Sparrow,0.0211,D:/AcousticMonitoringData/ELDON2_Data/Week18\ELDON2_20250508_060802.wav,20250508
2631,2634,Geothlypis trichas,Common Yellowthroat,0.0202,D:/AcousticMonitoringData/ELDON2_Data/Week18\ELDON2_20250508_060802.wav,20250508
2631,2634,Passerina caerulea,Blue Grosbeak,0.0131,D:/AcousticMonitoringData/ELDON2_Data/Week18\ELDON2_20250508_060802.wav,20250508
2634,2637,Sturnella magna,Eastern Meadowlark,0.0634,D:/AcousticMonitoringData/ELDON2_Data/Week18\ELDON2_20250508_060802.wav,20250508
2634,2637,Eremophila alpestris,Horned Lark,0.0106,D:/AcousticMonitoringData/ELDON2_Data/Week18\ELDON2_20250508_060802.wav,20250508
2637,2640,Geothlypis trichas,Common Yellowthroat,0.0165,D:/AcousticMonitoringData/ELDON2_Data/Week18\ELDON2_20250508_060802.wav,20250508
2640,2643,Sturnella magna,Eastern Meadowlark,0.1178,D:/AcousticMonitoringData/ELDON2_Data/Week18\ELDON2_20250508_060802.wav,20250508
2643,2646,Sturnella magna,Eastern Meadowlark,0.2544,D:/AcousticMonitoringData/ELDON2_Data/Week18\ELDON2_20250508_060802.wav,20250508
2643,2646,Geothlypis trichas,Common Yellowthroat,0.0712,D:/AcousticMonitoringData/ELDON2_Data/Week18\ELDON2_20250508_060802.wav,20250508
2643,2646,Spizella pusilla,Field Sparrow,0.0392,D:/AcousticMonitoringData/ELDON2_Data/Week18\ELDON2_20250508_060802.wav,20250508
2643,2646,Melospiza melodia,Song Sparrow,0.0214,D:/AcousticMonitoringData/ELDON2_Data/Week18\ELDON2_20250508_060802.wav,20250508
2643,2646,Passerina caerulea,Blue Grosbeak,0.0197,D:/AcousticMonitoringData/ELDON2_Data/Week18\ELDON2_20250508_060802.wav,20250508
2646,2649,Geothlypis trichas,Common Yellowthroat,0.1333,D:/AcousticMonitoringData/ELDON2_Data/Week18\ELDON2_20250508_060802.wav,20250508
2646,2649,Melospiza melodia,Song Sparrow,0.0136,D:/AcousticMonitoringData/ELDON2_Data/Week18\ELDON2_20250508_060802.wav,20250508
2646,2649,Passerina caerulea,Blue Grosbeak,0.011,D:/AcousticMonitoringData/ELDON2_Data/Week18\ELDON2_20250508_060802.wav,20250508
2649,2652,Geothlypis trichas,Common Yellowthroat,0.0121,D:/AcousticMonitoringData/ELDON2_Data/Week18\ELDON2_20250508_060802.wav,20250508
2649,2652,Melospiza melodia,Song Sparrow,0.012,D:/AcousticMonitoringData/ELDON2_Data/Week18\ELDON2_20250508_060802.wav,20250508
2652,2655,Sturnella magna,Eastern Meadowlark,0.0795,D:/AcousticMonitoringData/ELDON2_Data/Week18\ELDON2_20250508_060802.wav,20250508
2652,2655,Geothlypis trichas,Common Yellowthroat,0.0143,D:/AcousticMonitoringData/ELDON2_Data/Week18\ELDON2_20250508_060802.wav,20250508
2652,2655,Eremophila alpestris,Horned Lark,0.0128,D:/AcousticMonitoringData/ELDON2_Data/Week18\ELDON2_20250508_060802.wav,20250508
2652,2655,Spizella pusilla,Field Sparrow,0.0113,D:/AcousticMonitoringData/ELDON2_Data/Week18\ELDON2_20250508_060802.wav,20250508
2655,2658,Sturnella magna,Eastern Meadowlark,0.1911,D:/AcousticMonitoringData/ELDON2_Data/Week18\ELDON2_20250508_060802.wav,20250508
2655,2658,Spizella pusilla,Field Sparrow,0.0453,D:/AcousticMonitoringData/ELDON2_Data/Week18\ELDON2_20250508_060802.wav,20250508
2655,2658,Geothlypis trichas,Common Yellowthroat,0.0257,D:/AcousticMonitoringData/ELDON2_Data/Week18\ELDON2_20250508_060802.wav,20250508
2658,2661,Sturnella magna,Eastern Meadowlark,0.1364,D:/AcousticMonitoringData/ELDON2_Data/Week18\ELDON2_20250508_060802.wav,20250508
2658,2661,Spizella pusilla,Field Sparrow,0.0151,D:/AcousticMonitoringData/ELDON2_Data/Week18\ELDON2_20250508_060802.wav,20250508
2661,2664,Sturnella magna,Eastern Meadowlark,0.0779,D:/AcousticMonitoringData/ELDON2_Data/Week18\ELDON2_20250508_060802.wav,20250508
2661,2664,Spizella pusilla,Field Sparrow,0.0156,D:/AcousticMonitoringData/ELDON2_Data/Week18\ELDON2_20250508_060802.wav,20250508
2664,2667,Sturnella magna,Eastern Meadowlark,0.3666,D:/AcousticMonitoringData/ELDON2_Data/Week18\ELDON2_20250508_060802.wav,20250508
2664,2667,Spizella pusilla,Field Sparrow,0.0474,D:/AcousticMonitoringData/ELDON2_Data/Week18\ELDON2_20250508_060802.wav,20250508
2664,2667,Geothlypis trichas,Common Yellowthroat,0.0357,D:/AcousticMonitoringData/ELDON2_Data/Week18\ELDON2_20250508_060802.wav,20250508
2667,2670,Sturnella magna,Eastern Meadowlark,0.2218,D:/AcousticMonitoringData/ELDON2_Data/Week18\ELDON2_20250508_060802.wav,20250508
2670,2673,Sturnella magna,Eastern Meadowlark,0.0243,D:/AcousticMonitoringData/ELDON2_Data/Week18\ELDON2_20250508_060802.wav,20250508
2673,2676,Sturnella magna,Eastern Meadowlark,0.0259,D:/AcousticMonitoringData/ELDON2_Data/Week18\ELDON2_20250508_060802.wav,20250508
2676,2679,Sturnella magna,Eastern Meadowlark,0.0235,D:/AcousticMonitoringData/ELDON2_Data/Week18\ELDON2_20250508_060802.wav,20250508
2679,2682,Sturnella magna,Eastern Meadowlark,0.4237,D:/AcousticMonitoringData/ELDON2_Data/Week18\ELDON2_20250508_060802.wav,20250508
2679,2682,Bartramia longicauda,Upland Sandpiper,0.0237,D:/AcousticMonitoringData/ELDON2_Data/Week18\ELDON2_20250508_060802.wav,20250508
2679,2682,Passerina caerulea,Blue Grosbeak,0.0231,D:/AcousticMonitoringData/ELDON2_Data/Week18\ELDON2_20250508_060802.wav,20250508
2679,2682,Spizella pusilla,Field Sparrow,0.0158,D:/AcousticMonitoringData/ELDON2_Data/Week18\ELDON2_20250508_060802.wav,20250508
2679,2682,Geothlypis trichas,Common Yellowthroat,0.0119,D:/AcousticMonitoringData/ELDON2_Data/Week18\ELDON2_20250508_060802.wav,20250508
2682,2685,Geothlypis trichas,Common Yellowthroat,0.022,D:/AcousticMonitoringData/ELDON2_Data/Week18\ELDON2_20250508_060802.wav,20250508
2682,2685,Passerina caerulea,Blue Grosbeak,0.0129,D:/AcousticMonitoringData/ELDON2_Data/Week18\ELDON2_20250508_060802.wav,20250508
2685,2688,Sturnella magna,Eastern Meadowlark,0.0485,D:/AcousticMonitoringData/ELDON2_Data/Week18\ELDON2_20250508_060802.wav,20250508
2685,2688,Geothlypis trichas,Common Yellowthroat,0.0186,D:/AcousticMonitoringData/ELDON2_Data/Week18\ELDON2_20250508_060802.wav,20250508
2688,2691,Sturnella magna,Eastern Meadowlark,0.196,D:/AcousticMonitoringData/ELDON2_Data/Week18\ELDON2_20250508_060802.wav,20250508
2688,2691,Geothlypis trichas,Common Yellowthroat,0.0393,D:/AcousticMonitoringData/ELDON2_Data/Week18\ELDON2_20250508_060802.wav,20250508
2688,2691,Passerina caerulea,Blue Grosbeak,0.0201,D:/AcousticMonitoringData/ELDON2_Data/Week18\ELDON2_20250508_060802.wav,20250508
2688,2691,Bartramia longicauda,Upland Sandpiper,0.0137,D:/AcousticMonitoringData/ELDON2_Data/Week18\ELDON2_20250508_060802.wav,20250508
2688,2691,Spizella pusilla,Field Sparrow,0.0125,D:/AcousticMonitoringData/ELDON2_Data/Week18\ELDON2_20250508_060802.wav,20250508
2691,2694,Sturnella magna,Eastern Meadowlark,0.0137,D:/AcousticMonitoringData/ELDON2_Data/Week18\ELDON2_20250508_060802.wav,20250508
2694,2697,Sturnella magna,Eastern Meadowlark,0.0172,D:/AcousticMonitoringData/ELDON2_Data/Week18\ELDON2_20250508_060802.wav,20250508
2697,2700,Sturnella magna,Eastern Meadowlark,0.2778,D:/AcousticMonitoringData/ELDON2_Data/Week18\ELDON2_20250508_060802.wav,20250508
2700,2703,Sturnella magna,Eastern Meadowlark,0.3802,D:/AcousticMonitoringData/ELDON2_Data/Week18\ELDON2_20250508_060802.wav,20250508
2703,2706,Sturnella magna,Eastern Meadowlark,0.1621,D:/AcousticMonitoringData/ELDON2_Data/Week18\ELDON2_20250508_060802.wav,20250508
2703,2706,Passerina caerulea,Blue Grosbeak,0.0133,D:/AcousticMonitoringData/ELDON2_Data/Week18\ELDON2_20250508_060802.wav,20250508
2706,2709,Sturnella magna,Eastern Meadowlark,0.6694,D:/AcousticMonitoringData/ELDON2_Data/Week18\ELDON2_20250508_060802.wav,20250508
2709,2712,Sturnella magna,Eastern Meadowlark,0.0157,D:/AcousticMonitoringData/ELDON2_Data/Week18\ELDON2_20250508_060802.wav,20250508
2709,2712,Spizella pusilla,Field Sparrow,0.0156,D:/AcousticMonitoringData/ELDON2_Data/Week18\ELDON2_20250508_060802.wav,20250508
2712,2715,Sturnella magna,Eastern Meadowlark,0.0376,D:/AcousticMonitoringData/ELDON2_Data/Week18\ELDON2_20250508_060802.wav,20250508
2715,2718,Sturnella magna,Eastern Meadowlark,0.1618,D:/AcousticMonitoringData/ELDON2_Data/Week18\ELDON2_20250508_060802.wav,20250508
2715,2718,Bartramia longicauda,Upland Sandpiper,0.0117,D:/AcousticMonitoringData/ELDON2_Data/Week18\ELDON2_20250508_060802.wav,20250508
2721,2724,Sturnella magna,Eastern Meadowlark,0.0399,D:/AcousticMonitoringData/ELDON2_Data/Week18\ELDON2_20250508_060802.wav,20250508
2721,2724,Bartramia longicauda,Upland Sandpiper,0.0107,D:/AcousticMonitoringData/ELDON2_Data/Week18\ELDON2_20250508_060802.wav,20250508
2724,2727,Sturnella magna,Eastern Meadowlark,0.1913,D:/AcousticMonitoringData/ELDON2_Data/Week18\ELDON2_20250508_060802.wav,20250508
2727,2730,Sturnella magna,Eastern Meadowlark,0.016,D:/AcousticMonitoringData/ELDON2_Data/Week18\ELDON2_20250508_060802.wav,20250508
2733,2736,Sturnella magna,Eastern Meadowlark,0.0558,D:/AcousticMonitoringData/ELDON2_Data/Week18\ELDON2_20250508_060802.wav,20250508
2733,2736,Spizella pusilla,Field Sparrow,0.0145,D:/AcousticMonitoringData/ELDON2_Data/Week18\ELDON2_20250508_060802.wav,20250508
2733,2736,Eremophila alpestris,Horned Lark,0.0105,D:/AcousticMonitoringData/ELDON2_Data/Week18\ELDON2_20250508_060802.wav,20250508
2736,2739,Sturnella magna,Eastern Meadowlark,0.4406,D:/AcousticMonitoringData/ELDON2_Data/Week18\ELDON2_20250508_060802.wav,20250508
2736,2739,Bartramia longicauda,Upland Sandpiper,0.0129,D:/AcousticMonitoringData/ELDON2_Data/Week18\ELDON2_20250508_060802.wav,20250508
2736,2739,Eremophila alpestris,Horned Lark,0.0119,D:/AcousticMonitoringData/ELDON2_Data/Week18\ELDON2_20250508_060802.wav,20250508
2736,2739,Passerina caerulea,Blue Grosbeak,0.0119,D:/AcousticMonitoringData/ELDON2_Data/Week18\ELDON2_20250508_060802.wav,20250508
2739,2742,Sturnella magna,Eastern Meadowlark,0.0659,D:/AcousticMonitoringData/ELDON2_Data/Week18\ELDON2_20250508_060802.wav,20250508
2742,2745,Sturnella magna,Eastern Meadowlark,0.1003,D:/AcousticMonitoringData/ELDON2_Data/Week18\ELDON2_20250508_060802.wav,20250508
2745,2748,Sturnella magna,Eastern Meadowlark,0.0188,D:/AcousticMonitoringData/ELDON2_Data/Week18\ELDON2_20250508_060802.wav,20250508
2748,2751,Sturnella magna,Eastern Meadowlark,0.0673,D:/AcousticMonitoringData/ELDON2_Data/Week18\ELDON2_20250508_060802.wav,20250508
2751,2754,Sturnella magna,Eastern Meadowlark,0.0638,D:/AcousticMonitoringData/ELDON2_Data/Week18\ELDON2_20250508_060802.wav,20250508
2751,2754,Passerina caerulea,Blue Grosbeak,0.0151,D:/AcousticMonitoringData/ELDON2_Data/Week18\ELDON2_20250508_060802.wav,20250508
2754,2757,Geothlypis trichas,Common Yellowthroat,0.0162,D:/AcousticMonitoringData/ELDON2_Data/Week18\ELDON2_20250508_060802.wav,20250508
2757,2760,Sturnella magna,Eastern Meadowlark,0.0331,D:/AcousticMonitoringData/ELDON2_Data/Week18\ELDON2_20250508_060802.wav,20250508
2760,2763,Passerina caerulea,Blue Grosbeak,0.0333,D:/AcousticMonitoringData/ELDON2_Data/Week18\ELDON2_20250508_060802.wav,20250508
2760,2763,Sturnella magna,Eastern Meadowlark,0.0294,D:/AcousticMonitoringData/ELDON2_Data/Week18\ELDON2_20250508_060802.wav,20250508
2760,2763,Geothlypis trichas,Common Yellowthroat,0.0261,D:/AcousticMonitoringData/ELDON2_Data/Week18\ELDON2_20250508_060802.wav,20250508
2763,2766,Sturnella magna,Eastern Meadowlark,0.0265,D:/AcousticMonitoringData/ELDON2_Data/Week18\ELDON2_20250508_060802.wav,20250508
2766,2769,Sturnella magna,Eastern Meadowlark,0.0262,D:/AcousticMonitoringData/ELDON2_Data/Week18\ELDON2_20250508_060802.wav,20250508
2772,2775,Sturnella magna,Eastern Meadowlark,0.0271,D:/AcousticMonitoringData/ELDON2_Data/Week18\ELDON2_20250508_060802.wav,20250508
2772,2775,Geothlypis trichas,Common Yellowthroat,0.0184,D:/AcousticMonitoringData/ELDON2_Data/Week18\ELDON2_20250508_060802.wav,20250508
2775,2778,Sturnella magna,Eastern Meadowlark,0.815,D:/AcousticMonitoringData/ELDON2_Data/Week18\ELDON2_20250508_060802.wav,20250508
2778,2781,Sturnella magna,Eastern Meadowlark,0.8778,D:/AcousticMonitoringData/ELDON2_Data/Week18\ELDON2_20250508_060802.wav,20250508
2778,2781,Passerina caerulea,Blue Grosbeak,0.0256,D:/AcousticMonitoringData/ELDON2_Data/Week18\ELDON2_20250508_060802.wav,20250508
2781,2784,Sturnella magna,Eastern Meadowlark,0.2209,D:/AcousticMonitoringData/ELDON2_Data/Week18\ELDON2_20250508_060802.wav,20250508
2781,2784,Geothlypis trichas,Common Yellowthroat,0.0296,D:/AcousticMonitoringData/ELDON2_Data/Week18\ELDON2_20250508_060802.wav,20250508
2781,2784,Melospiza melodia,Song Sparrow,0.0173,D:/AcousticMonitoringData/ELDON2_Data/Week18\ELDON2_20250508_060802.wav,20250508
2781,2784,Spizella pusilla,Field Sparrow,0.0141,D:/AcousticMonitoringData/ELDON2_Data/Week18\ELDON2_20250508_060802.wav,20250508
2781,2784,Passerina caerulea,Blue Grosbeak,0.0109,D:/AcousticMonitoringData/ELDON2_Data/Week18\ELDON2_20250508_060802.wav,20250508
2784,2787,Sturnella magna,Eastern Meadowlark,0.0498,D:/AcousticMonitoringData/ELDON2_Data/Week18\ELDON2_20250508_060802.wav,20250508
2784,2787,Spizella pusilla,Field Sparrow,0.0158,D:/AcousticMonitoringData/ELDON2_Data/Week18\ELDON2_20250508_060802.wav,20250508
2784,2787,Passerina caerulea,Blue Grosbeak,0.0117,D:/AcousticMonitoringData/ELDON2_Data/Week18\ELDON2_20250508_060802.wav,20250508
2784,2787,Geothlypis trichas,Common Yellowthroat,0.0105,D:/AcousticMonitoringData/ELDON2_Data/Week18\ELDON2_20250508_060802.wav,20250508
2787,2790,Sturnella magna,Eastern Meadowlark,0.0124,D:/AcousticMonitoringData/ELDON2_Data/Week18\ELDON2_20250508_060802.wav,20250508
2790,2793,Sturnella magna,Eastern Meadowlark,0.0297,D:/AcousticMonitoringData/ELDON2_Data/Week18\ELDON2_20250508_060802.wav,20250508
2790,2793,Geothlypis trichas,Common Yellowthroat,0.0116,D:/AcousticMonitoringData/ELDON2_Data/Week18\ELDON2_20250508_060802.wav,20250508
2793,2796,Spizella pusilla,Field Sparrow,0.0169,D:/AcousticMonitoringData/ELDON2_Data/Week18\ELDON2_20250508_060802.wav,20250508
2793,2796,Geothlypis trichas,Common Yellowthroat,0.0155,D:/AcousticMonitoringData/ELDON2_Data/Week18\ELDON2_20250508_060802.wav,20250508
2796,2799,Geothlypis trichas,Common Yellowthroat,0.0609,D:/AcousticMonitoringData/ELDON2_Data/Week18\ELDON2_20250508_060802.wav,20250508
2796,2799,Melospiza melodia,Song Sparrow,0.0345,D:/AcousticMonitoringData/ELDON2_Data/Week18\ELDON2_20250508_060802.wav,20250508
2796,2799,Passerina caerulea,Blue Grosbeak,0.0176,D:/AcousticMonitoringData/ELDON2_Data/Week18\ELDON2_20250508_060802.wav,20250508
2796,2799,Sturnella magna,Eastern Meadowlark,0.0119,D:/AcousticMonitoringData/ELDON2_Data/Week18\ELDON2_20250508_060802.wav,20250508
2796,2799,Spizella pusilla,Field Sparrow,0.0119,D:/AcousticMonitoringData/ELDON2_Data/Week18\ELDON2_20250508_060802.wav,20250508
2799,2802,Geothlypis trichas,Common Yellowthroat,0.0296,D:/AcousticMonitoringData/ELDON2_Data/Week18\ELDON2_20250508_060802.wav,20250508
2799,2802,Passerina caerulea,Blue Grosbeak,0.0118,D:/AcousticMonitoringData/ELDON2_Data/Week18\ELDON2_20250508_060802.wav,20250508
2802,2805,Geothlypis trichas,Common Yellowthroat,0.0171,D:/AcousticMonitoringData/ELDON2_Data/Week18\ELDON2_20250508_060802.wav,20250508
2802,2805,Sturnella magna,Eastern Meadowlark,0.0114,D:/AcousticMonitoringData/ELDON2_Data/Week18\ELDON2_20250508_060802.wav,20250508
2802,2805,Spizella pusilla,Field Sparrow,0.0112,D:/AcousticMonitoringData/ELDON2_Data/Week18\ELDON2_20250508_060802.wav,20250508
2805,2808,Geothlypis trichas,Common Yellowthroat,0.0295,D:/AcousticMonitoringData/ELDON2_Data/Week18\ELDON2_20250508_060802.wav,20250508
2805,2808,Sturnella magna,Eastern Meadowlark,0.0167,D:/AcousticMonitoringData/ELDON2_Data/Week18\ELDON2_20250508_060802.wav,20250508
2808,2811,Sturnella magna,Eastern Meadowlark,0.024,D:/AcousticMonitoringData/ELDON2_Data/Week18\ELDON2_20250508_060802.wav,20250508
2808,2811,Spizella pusilla,Field Sparrow,0.0102,D:/AcousticMonitoringData/ELDON2_Data/Week18\ELDON2_20250508_060802.wav,20250508
2811,2814,Spizella pusilla,Field Sparrow,0.0154,D:/AcousticMonitoringData/ELDON2_Data/Week18\ELDON2_20250508_060802.wav,20250508
2811,2814,Bartramia longicauda,Upland Sandpiper,0.011,D:/AcousticMonitoringData/ELDON2_Data/Week18\ELDON2_20250508_060802.wav,20250508
2817,2820,Sturnella magna,Eastern Meadowlark,0.0191,D:/AcousticMonitoringData/ELDON2_Data/Week18\ELDON2_20250508_060802.wav,20250508
2817,2820,Spizella pusilla,Field Sparrow,0.0113,D:/AcousticMonitoringData/ELDON2_Data/Week18\ELDON2_20250508_060802.wav,20250508
2820,2823,Sturnella magna,Eastern Meadowlark,0.0122,D:/AcousticMonitoringData/ELDON2_Data/Week18\ELDON2_20250508_060802.wav,20250508
2823,2826,Sturnella magna,Eastern Meadowlark,0.0134,D:/AcousticMonitoringData/ELDON2_Data/Week18\ELDON2_20250508_060802.wav,20250508
2826,2829,Sturnella magna,Eastern Meadowlark,0.026,D:/AcousticMonitoringData/ELDON2_Data/Week18\ELDON2_20250508_060802.wav,20250508
2826,2829,Spizella pusilla,Field Sparrow,0.0136,D:/AcousticMonitoringData/ELDON2_Data/Week18\ELDON2_20250508_060802.wav,20250508
2829,2832,Sturnella magna,Eastern Meadowlark,0.0111,D:/AcousticMonitoringData/ELDON2_Data/Week18\ELDON2_20250508_060802.wav,20250508
2832,2835,Sturnella magna,Eastern Meadowlark,0.0603,D:/AcousticMonitoringData/ELDON2_Data/Week18\ELDON2_20250508_060802.wav,20250508
2835,2838,Geothlypis trichas,Common Yellowthroat,0.0218,D:/AcousticMonitoringData/ELDON2_Data/Week18\ELDON2_20250508_060802.wav,20250508
2835,2838,Sturnella magna,Eastern Meadowlark,0.0189,D:/AcousticMonitoringData/ELDON2_Data/Week18\ELDON2_20250508_060802.wav,20250508
2835,2838,Spizella pusilla,Field Sparrow,0.015,D:/AcousticMonitoringData/ELDON2_Data/Week18\ELDON2_20250508_060802.wav,20250508
2838,2841,Sturnella magna,Eastern Meadowlark,0.0445,D:/AcousticMonitoringData/ELDON2_Data/Week18\ELDON2_20250508_060802.wav,20250508
2838,2841,Geothlypis trichas,Common Yellowthroat,0.0202,D:/AcousticMonitoringData/ELDON2_Data/Week18\ELDON2_20250508_060802.wav,20250508
2838,2841,Spizella pusilla,Field Sparrow,0.0154,D:/AcousticMonitoringData/ELDON2_Data/Week18\ELDON2_20250508_060802.wav,20250508
2841,2844,Geothlypis trichas,Common Yellowthroat,0.0368,D:/AcousticMonitoringData/ELDON2_Data/Week18\ELDON2_20250508_060802.wav,20250508
2841,2844,Spizella pusilla,Field Sparrow,0.0207,D:/AcousticMonitoringData/ELDON2_Data/Week18\ELDON2_20250508_060802.wav,20250508
2841,2844,Passerina caerulea,Blue Grosbeak,0.0159,D:/AcousticMonitoringData/ELDON2_Data/Week18\ELDON2_20250508_060802.wav,20250508
2841,2844,Sturnella magna,Eastern Meadowlark,0.0146,D:/AcousticMonitoringData/ELDON2_Data/Week18\ELDON2_20250508_060802.wav,20250508
2841,2844,Melospiza melodia,Song Sparrow,0.0115,D:/AcousticMonitoringData/ELDON2_Data/Week18\ELDON2_20250508_060802.wav,20250508
2844,2847,Geothlypis trichas,Common Yellowthroat,0.0197,D:/AcousticMonitoringData/ELDON2_Data/Week18\ELDON2_20250508_060802.wav,20250508
2844,2847,Sturnella magna,Eastern Meadowlark,0.0195,D:/AcousticMonitoringData/ELDON2_Data/Week18\ELDON2_20250508_060802.wav,20250508
2844,2847,Passerina caerulea,Blue Grosbeak,0.0174,D:/AcousticMonitoringData/ELDON2_Data/Week18\ELDON2_20250508_060802.wav,20250508
2844,2847,Spizella pusilla,Field Sparrow,0.0119,D:/AcousticMonitoringData/ELDON2_Data/Week18\ELDON2_20250508_060802.wav,20250508
2847,2850,Sturnella magna,Eastern Meadowlark,0.0298,D:/AcousticMonitoringData/ELDON2_Data/Week18\ELDON2_20250508_060802.wav,20250508
2847,2850,Geothlypis trichas,Common Yellowthroat,0.018,D:/AcousticMonitoringData/ELDON2_Data/Week18\ELDON2_20250508_060802.wav,20250508
2847,2850,Spizella pusilla,Field Sparrow,0.0107,D:/AcousticMonitoringData/ELDON2_Data/Week18\ELDON2_20250508_060802.wav,20250508
2850,2853,Sturnella magna,Eastern Meadowlark,0.0582,D:/AcousticMonitoringData/ELDON2_Data/Week18\ELDON2_20250508_060802.wav,20250508
2850,2853,Passerina caerulea,Blue Grosbeak,0.0134,D:/AcousticMonitoringData/ELDON2_Data/Week18\ELDON2_20250508_060802.wav,20250508
2850,2853,Spizella pusilla,Field Sparrow,0.0108,D:/AcousticMonitoringData/ELDON2_Data/Week18\ELDON2_20250508_060802.wav,20250508
2853,2856,Sturnella magna,Eastern Meadowlark,0.0421,D:/AcousticMonitoringData/ELDON2_Data/Week18\ELDON2_20250508_060802.wav,20250508
2853,2856,Bartramia longicauda,Upland Sandpiper,0.0297,D:/AcousticMonitoringData/ELDON2_Data/Week18\ELDON2_20250508_060802.wav,20250508
2853,2856,Geothlypis trichas,Common Yellowthroat,0.0216,D:/AcousticMonitoringData/ELDON2_Data/Week18\ELDON2_20250508_060802.wav,20250508
2853,2856,Spizella pusilla,Field Sparrow,0.0205,D:/AcousticMonitoringData/ELDON2_Data/Week18\ELDON2_20250508_060802.wav,20250508
2856,2859,Geothlypis trichas,Common Yellowthroat,0.0279,D:/AcousticMonitoringData/ELDON2_Data/Week18\ELDON2_20250508_060802.wav,20250508
2856,2859,Sturnella magna,Eastern Meadowlark,0.0257,D:/AcousticMonitoringData/ELDON2_Data/Week18\ELDON2_20250508_060802.wav,20250508
2856,2859,Melospiza melodia,Song Sparrow,0.0173,D:/AcousticMonitoringData/ELDON2_Data/Week18\ELDON2_20250508_060802.wav,20250508
2859,2862,Sturnella magna,Eastern Meadowlark,0.0294,D:/AcousticMonitoringData/ELDON2_Data/Week18\ELDON2_20250508_060802.wav,20250508
2859,2862,Geothlypis trichas,Common Yellowthroat,0.0119,D:/AcousticMonitoringData/ELDON2_Data/Week18\ELDON2_20250508_060802.wav,20250508
2862,2865,Sturnella magna,Eastern Meadowlark,0.0351,D:/AcousticMonitoringData/ELDON2_Data/Week18\ELDON2_20250508_060802.wav,20250508
2862,2865,Spizella pusilla,Field Sparrow,0.0118,D:/AcousticMonitoringData/ELDON2_Data/Week18\ELDON2_20250508_060802.wav,20250508
2865,2868,Passerina caerulea,Blue Grosbeak,0.0123,D:/AcousticMonitoringData/ELDON2_Data/Week18\ELDON2_20250508_060802.wav,20250508
2868,2871,Geothlypis trichas,Common Yellowthroat,0.0114,D:/AcousticMonitoringData/ELDON2_Data/Week18\ELDON2_20250508_060802.wav,20250508
2871,2874,Geothlypis trichas,Common Yellowthroat,0.0147,D:/AcousticMonitoringData/ELDON2_Data/Week18\ELDON2_20250508_060802.wav,20250508
2871,2874,Sturnella magna,Eastern Meadowlark,0.0143,D:/AcousticMonitoringData/ELDON2_Data/Week18\ELDON2_20250508_060802.wav,20250508
2871,2874,Spizella pusilla,Field Sparrow,0.0113,D:/AcousticMonitoringData/ELDON2_Data/Week18\ELDON2_20250508_060802.wav,20250508
2874,2877,Sturnella magna,Eastern Meadowlark,0.0267,D:/AcousticMonitoringData/ELDON2_Data/Week18\ELDON2_20250508_060802.wav,20250508
2877,2880,Sturnella magna,Eastern Meadowlark,0.0359,D:/AcousticMonitoringData/ELDON2_Data/Week18\ELDON2_20250508_060802.wav,20250508
2880,2883,Melospiza melodia,Song Sparrow,0.0106,D:/AcousticMonitoringData/ELDON2_Data/Week18\ELDON2_20250508_060802.wav,20250508
2880,2883,Geothlypis trichas,Common Yellowthroat,0.0101,D:/AcousticMonitoringData/ELDON2_Data/Week18\ELDON2_20250508_060802.wav,20250508
2883,2886,Geothlypis trichas,Common Yellowthroat,0.0507,D:/AcousticMonitoringData/ELDON2_Data/Week18\ELDON2_20250508_060802.wav,20250508
2883,2886,Sturnella magna,Eastern Meadowlark,0.0312,D:/AcousticMonitoringData/ELDON2_Data/Week18\ELDON2_20250508_060802.wav,20250508
2883,2886,Spizella pusilla,Field Sparrow,0.0243,D:/AcousticMonitoringData/ELDON2_Data/Week18\ELDON2_20250508_060802.wav,20250508
2886,2889,Geothlypis trichas,Common Yellowthroat,0.041,D:/AcousticMonitoringData/ELDON2_Data/Week18\ELDON2_20250508_060802.wav,20250508
2886,2889,Sturnella magna,Eastern Meadowlark,0.0146,D:/AcousticMonitoringData/ELDON2_Data/Week18\ELDON2_20250508_060802.wav,20250508
2886,2889,Passerina caerulea,Blue Grosbeak,0.0101,D:/AcousticMonitoringData/ELDON2_Data/Week18\ELDON2_20250508_060802.wav,20250508
2889,2892,Geothlypis trichas,Common Yellowthroat,0.064,D:/AcousticMonitoringData/ELDON2_Data/Week18\ELDON2_20250508_060802.wav,20250508
2889,2892,Sturnella magna,Eastern Meadowlark,0.0141,D:/AcousticMonitoringData/ELDON2_Data/Week18\ELDON2_20250508_060802.wav,20250508
2889,2892,Passerina caerulea,Blue Grosbeak,0.0115,D:/AcousticMonitoringData/ELDON2_Data/Week18\ELDON2_20250508_060802.wav,20250508
2889,2892,Spizella pusilla,Field Sparrow,0.0112,D:/AcousticMonitoringData/ELDON2_Data/Week18\ELDON2_20250508_060802.wav,20250508
2892,2895,Sturnella magna,Eastern Meadowlark,0.0408,D:/AcousticMonitoringData/ELDON2_Data/Week18\ELDON2_20250508_060802.wav,20250508
2892,2895,Geothlypis trichas,Common Yellowthroat,0.0137,D:/AcousticMonitoringData/ELDON2_Data/Week18\ELDON2_20250508_060802.wav,20250508
2892,2895,Spizella pusilla,Field Sparrow,0.0103,D:/AcousticMonitoringData/ELDON2_Data/Week18\ELDON2_20250508_060802.wav,20250508
2895,2898,Sturnella magna,Eastern Meadowlark,0.0186,D:/AcousticMonitoringData/ELDON2_Data/Week18\ELDON2_20250508_060802.wav,20250508
2895,2898,Passerina caerulea,Blue Grosbeak,0.0147,D:/AcousticMonitoringData/ELDON2_Data/Week18\ELDON2_20250508_060802.wav,20250508
2898,2901,Passerina caerulea,Blue Grosbeak,0.0181,D:/AcousticMonitoringData/ELDON2_Data/Week18\ELDON2_20250508_060802.wav,20250508
2898,2901,Sturnella magna,Eastern Meadowlark,0.0167,D:/AcousticMonitoringData/ELDON2_Data/Week18\ELDON2_20250508_060802.wav,20250508
2898,2901,Spizella pusilla,Field Sparrow,0.0156,D:/AcousticMonitoringData/ELDON2_Data/Week18\ELDON2_20250508_060802.wav,20250508
2901,2904,Sturnella magna,Eastern Meadowlark,0.0327,D:/AcousticMonitoringData/ELDON2_Data/Week18\ELDON2_20250508_060802.wav,20250508
2901,2904,Spizella pusilla,Field Sparrow,0.0145,D:/AcousticMonitoringData/ELDON2_Data/Week18\ELDON2_20250508_060802.wav,20250508
2901,2904,Passerina caerulea,Blue Grosbeak,0.0109,D:/AcousticMonitoringData/ELDON2_Data/Week18\ELDON2_20250508_060802.wav,20250508
2907,2910,Sturnella magna,Eastern Meadowlark,0.0551,D:/AcousticMonitoringData/ELDON2_Data/Week18\ELDON2_20250508_060802.wav,20250508
2910,2913,Geothlypis trichas,Common Yellowthroat,0.1739,D:/AcousticMonitoringData/ELDON2_Data/Week18\ELDON2_20250508_060802.wav,20250508
2910,2913,Spizella pusilla,Field Sparrow,0.0209,D:/AcousticMonitoringData/ELDON2_Data/Week18\ELDON2_20250508_060802.wav,20250508
2910,2913,Passerina caerulea,Blue Grosbeak,0.0145,D:/AcousticMonitoringData/ELDON2_Data/Week18\ELDON2_20250508_060802.wav,20250508
2913,2916,Geothlypis trichas,Common Yellowthroat,0.0325,D:/AcousticMonitoringData/ELDON2_Data/Week18\ELDON2_20250508_060802.wav,20250508
2913,2916,Sturnella magna,Eastern Meadowlark,0.0246,D:/AcousticMonitoringData/ELDON2_Data/Week18\ELDON2_20250508_060802.wav,20250508
2913,2916,Melospiza melodia,Song Sparrow,0.0204,D:/AcousticMonitoringData/ELDON2_Data/Week18\ELDON2_20250508_060802.wav,20250508
2916,2919,Geothlypis trichas,Common Yellowthroat,0.018,D:/AcousticMonitoringData/ELDON2_Data/Week18\ELDON2_20250508_060802.wav,20250508
2916,2919,Sturnella magna,Eastern Meadowlark,0.0175,D:/AcousticMonitoringData/ELDON2_Data/Week18\ELDON2_20250508_060802.wav,20250508
2919,2922,Sturnella magna,Eastern Meadowlark,0.0421,D:/AcousticMonitoringData/ELDON2_Data/Week18\ELDON2_20250508_060802.wav,20250508
2919,2922,Geothlypis trichas,Common Yellowthroat,0.0102,D:/AcousticMonitoringData/ELDON2_Data/Week18\ELDON2_20250508_060802.wav,20250508
2922,2925,Geothlypis trichas,Common Yellowthroat,0.0297,D:/AcousticMonitoringData/ELDON2_Data/Week18\ELDON2_20250508_060802.wav,20250508
2922,2925,Sturnella magna,Eastern Meadowlark,0.0146,D:/AcousticMonitoringData/ELDON2_Data/Week18\ELDON2_20250508_060802.wav,20250508
2925,2928,Geothlypis trichas,Common Yellowthroat,0.0962,D:/AcousticMonitoringData/ELDON2_Data/Week18\ELDON2_20250508_060802.wav,20250508
2925,2928,Sturnella magna,Eastern Meadowlark,0.0391,D:/AcousticMonitoringData/ELDON2_Data/Week18\ELDON2_20250508_060802.wav,20250508
2925,2928,Melospiza melodia,Song Sparrow,0.0259,D:/AcousticMonitoringData/ELDON2_Data/Week18\ELDON2_20250508_060802.wav,20250508
2928,2931,Geothlypis trichas,Common Yellowthroat,0.0868,D:/AcousticMonitoringData/ELDON2_Data/Week18\ELDON2_20250508_060802.wav,20250508
2928,2931,Melospiza melodia,Song Sparrow,0.0415,D:/AcousticMonitoringData/ELDON2_Data/Week18\ELDON2_20250508_060802.wav,20250508
2928,2931,Sturnella magna,Eastern Meadowlark,0.0403,D:/AcousticMonitoringData/ELDON2_Data/Week18\ELDON2_20250508_060802.wav,20250508
2931,2934,Geothlypis trichas,Common Yellowthroat,0.1236,D:/AcousticMonitoringData/ELDON2_Data/Week18\ELDON2_20250508_060802.wav,20250508
2931,2934,Sturnella magna,Eastern Meadowlark,0.021,D:/AcousticMonitoringData/ELDON2_Data/Week18\ELDON2_20250508_060802.wav,20250508
2931,2934,Spizella pusilla,Field Sparrow,0.0114,D:/AcousticMonitoringData/ELDON2_Data/Week18\ELDON2_20250508_060802.wav,20250508
2934,2937,Sturnella magna,Eastern Meadowlark,0.0148,D:/AcousticMonitoringData/ELDON2_Data/Week18\ELDON2_20250508_060802.wav,20250508
2937,2940,Sturnella magna,Eastern Meadowlark,0.0932,D:/AcousticMonitoringData/ELDON2_Data/Week18\ELDON2_20250508_060802.wav,20250508
2940,2943,Sturnella magna,Eastern Meadowlark,0.0611,D:/AcousticMonitoringData/ELDON2_Data/Week18\ELDON2_20250508_060802.wav,20250508
2940,2943,Geothlypis trichas,Common Yellowthroat,0.0196,D:/AcousticMonitoringData/ELDON2_Data/Week18\ELDON2_20250508_060802.wav,20250508
2940,2943,Spizella pusilla,Field Sparrow,0.0162,D:/AcousticMonitoringData/ELDON2_Data/Week18\ELDON2_20250508_060802.wav,20250508
2943,2946,Sturnella magna,Eastern Meadowlark,0.4599,D:/AcousticMonitoringData/ELDON2_Data/Week18\ELDON2_20250508_060802.wav,20250508
2946,2949,Sturnella magna,Eastern Meadowlark,0.9317,D:/AcousticMonitoringData/ELDON2_Data/Week18\ELDON2_20250508_060802.wav,20250508
2949,2952,Geothlypis trichas,Common Yellowthroat,0.0927,D:/AcousticMonitoringData/ELDON2_Data/Week18\ELDON2_20250508_060802.wav,20250508
2949,2952,Sturnella magna,Eastern Meadowlark,0.0664,D:/AcousticMonitoringData/ELDON2_Data/Week18\ELDON2_20250508_060802.wav,20250508
2949,2952,Spizella pusilla,Field Sparrow,0.0267,D:/AcousticMonitoringData/ELDON2_Data/Week18\ELDON2_20250508_060802.wav,20250508
2949,2952,Passerina caerulea,Blue Grosbeak,0.01,D:/AcousticMonitoringData/ELDON2_Data/Week18\ELDON2_20250508_060802.wav,20250508
2952,2955,Spizella pusilla,Field Sparrow,0.0242,D:/AcousticMonitoringData/ELDON2_Data/Week18\ELDON2_20250508_060802.wav,20250508
2952,2955,Sturnella magna,Eastern Meadowlark,0.0123,D:/AcousticMonitoringData/ELDON2_Data/Week18\ELDON2_20250508_060802.wav,20250508
2955,2958,Geothlypis trichas,Common Yellowthroat,0.0598,D:/AcousticMonitoringData/ELDON2_Data/Week18\ELDON2_20250508_060802.wav,20250508
2955,2958,Sturnella magna,Eastern Meadowlark,0.022,D:/AcousticMonitoringData/ELDON2_Data/Week18\ELDON2_20250508_060802.wav,20250508
2955,2958,Spizella pusilla,Field Sparrow,0.0164,D:/AcousticMonitoringData/ELDON2_Data/Week18\ELDON2_20250508_060802.wav,20250508
2958,2961,Geothlypis trichas,Common Yellowthroat,0.1698,D:/AcousticMonitoringData/ELDON2_Data/Week18\ELDON2_20250508_060802.wav,20250508
2958,2961,Spizella pusilla,Field Sparrow,0.0451,D:/AcousticMonitoringData/ELDON2_Data/Week18\ELDON2_20250508_060802.wav,20250508
2958,2961,Passerina caerulea,Blue Grosbeak,0.0235,D:/AcousticMonitoringData/ELDON2_Data/Week18\ELDON2_20250508_060802.wav,20250508
2958,2961,Sturnella magna,Eastern Meadowlark,0.0225,D:/AcousticMonitoringData/ELDON2_Data/Week18\ELDON2_20250508_060802.wav,20250508
2958,2961,Melospiza melodia,Song Sparrow,0.0155,D:/AcousticMonitoringData/ELDON2_Data/Week18\ELDON2_20250508_060802.wav,20250508
2961,2964,Sturnella magna,Eastern Meadowlark,0.0461,D:/AcousticMonitoringData/ELDON2_Data/Week18\ELDON2_20250508_060802.wav,20250508
2961,2964,Geothlypis trichas,Common Yellowthroat,0.0124,D:/AcousticMonitoringData/ELDON2_Data/Week18\ELDON2_20250508_060802.wav,20250508
2964,2967,Sturnella magna,Eastern Meadowlark,0.277,D:/AcousticMonitoringData/ELDON2_Data/Week18\ELDON2_20250508_060802.wav,20250508
2967,2970,Sturnella magna,Eastern Meadowlark,0.4053,D:/AcousticMonitoringData/ELDON2_Data/Week18\ELDON2_20250508_060802.wav,20250508
2973,2976,Geothlypis trichas,Common Yellowthroat,0.1078,D:/AcousticMonitoringData/ELDON2_Data/Week18\ELDON2_20250508_060802.wav,20250508
2973,2976,Melospiza melodia,Song Sparrow,0.0204,D:/AcousticMonitoringData/ELDON2_Data/Week18\ELDON2_20250508_060802.wav,20250508
2973,2976,Passerina caerulea,Blue Grosbeak,0.0172,D:/AcousticMonitoringData/ELDON2_Data/Week18\ELDON2_20250508_060802.wav,20250508
2973,2976,Sturnella magna,Eastern Meadowlark,0.0125,D:/AcousticMonitoringData/ELDON2_Data/Week18\ELDON2_20250508_060802.wav,20250508
2976,2979,Geothlypis trichas,Common Yellowthroat,0.0225,D:/AcousticMonitoringData/ELDON2_Data/Week18\ELDON2_20250508_060802.wav,20250508
2976,2979,Spizella pusilla,Field Sparrow,0.0184,D:/AcousticMonitoringData/ELDON2_Data/Week18\ELDON2_20250508_060802.wav,20250508
2976,2979,Sturnella magna,Eastern Meadowlark,0.0131,D:/AcousticMonitoringData/ELDON2_Data/Week18\ELDON2_20250508_060802.wav,20250508
2979,2982,Geothlypis trichas,Common Yellowthroat,0.0239,D:/AcousticMonitoringData/ELDON2_Data/Week18\ELDON2_20250508_060802.wav,20250508
2979,2982,Sturnella magna,Eastern Meadowlark,0.0154,D:/AcousticMonitoringData/ELDON2_Data/Week18\ELDON2_20250508_060802.wav,20250508
2982,2985,Geothlypis trichas,Common Yellowthroat,0.188,D:/AcousticMonitoringData/ELDON2_Data/Week18\ELDON2_20250508_060802.wav,20250508
2982,2985,Spizella pusilla,Field Sparrow,0.0269,D:/AcousticMonitoringData/ELDON2_Data/Week18\ELDON2_20250508_060802.wav,20250508
2982,2985,Sturnella magna,Eastern Meadowlark,0.0212,D:/AcousticMonitoringData/ELDON2_Data/Week18\ELDON2_20250508_060802.wav,20250508
2982,2985,Passerina caerulea,Blue Grosbeak,0.0103,D:/AcousticMonitoringData/ELDON2_Data/Week18\ELDON2_20250508_060802.wav,20250508
2985,2988,Geothlypis trichas,Common Yellowthroat,0.0318,D:/AcousticMonitoringData/ELDON2_Data/Week18\ELDON2_20250508_060802.wav,20250508
2985,2988,Spizella pusilla,Field Sparrow,0.0171,D:/AcousticMonitoringData/ELDON2_Data/Week18\ELDON2_20250508_060802.wav,20250508
2988,2991,Geothlypis trichas,Common Yellowthroat,0.0367,D:/AcousticMonitoringData/ELDON2_Data/Week18\ELDON2_20250508_060802.wav,20250508
2988,2991,Spizella pusilla,Field Sparrow,0.0209,D:/AcousticMonitoringData/ELDON2_Data/Week18\ELDON2_20250508_060802.wav,20250508
2988,2991,Sturnella magna,Eastern Meadowlark,0.0132,D:/AcousticMonitoringData/ELDON2_Data/Week18\ELDON2_20250508_060802.wav,20250508
2988,2991,Melospiza melodia,Song Sparrow,0.0112,D:/AcousticMonitoringData/ELDON2_Data/Week18\ELDON2_20250508_060802.wav,20250508
2991,2994,Melospiza melodia,Song Sparrow,0.0495,D:/AcousticMonitoringData/ELDON2_Data/Week18\ELDON2_20250508_060802.wav,20250508
2991,2994,Geothlypis trichas,Common Yellowthroat,0.0442,D:/AcousticMonitoringData/ELDON2_Data/Week18\ELDON2_20250508_060802.wav,20250508
2991,2994,Sturnella magna,Eastern Meadowlark,0.0437,D:/AcousticMonitoringData/ELDON2_Data/Week18\ELDON2_20250508_060802.wav,20250508
2991,2994,Spizella pusilla,Field Sparrow,0.0277,D:/AcousticMonitoringData/ELDON2_Data/Week18\ELDON2_20250508_060802.wav,20250508
2991,2994,Passerina caerulea,Blue Grosbeak,0.0131,D:/AcousticMonitoringData/ELDON2_Data/Week18\ELDON2_20250508_060802.wav,20250508
2994,2997,Sturnella magna,Eastern Meadowlark,0.0392,D:/AcousticMonitoringData/ELDON2_Data/Week18\ELDON2_20250508_060802.wav,20250508
2994,2997,Geothlypis trichas,Common Yellowthroat,0.037,D:/AcousticMonitoringData/ELDON2_Data/Week18\ELDON2_20250508_060802.wav,20250508
2994,2997,Spizella pusilla,Field Sparrow,0.0101,D:/AcousticMonitoringData/ELDON2_Data/Week18\ELDON2_20250508_060802.wav,20250508
2997,3000,Sturnella magna,Eastern Meadowlark,0.9062,D:/AcousticMonitoringData/ELDON2_Data/Week18\ELDON2_20250508_060802.wav,20250508
3000,3003,Sturnella magna,Eastern Meadowlark,0.9639,D:/AcousticMonitoringData/ELDON2_Data/Week18\ELDON2_20250508_060802.wav,20250508
3003,3006,Geothlypis trichas,Common Yellowthroat,0.0609,D:/AcousticMonitoringData/ELDON2_Data/Week18\ELDON2_20250508_060802.wav,20250508
3003,3006,Spizella pusilla,Field Sparrow,0.0575,D:/AcousticMonitoringData/ELDON2_Data/Week18\ELDON2_20250508_060802.wav,20250508
3003,3006,Sturnella magna,Eastern Meadowlark,0.0239,D:/AcousticMonitoringData/ELDON2_Data/Week18\ELDON2_20250508_060802.wav,20250508
3003,3006,Passerina caerulea,Blue Grosbeak,0.0161,D:/AcousticMonitoringData/ELDON2_Data/Week18\ELDON2_20250508_060802.wav,20250508
3003,3006,Melospiza melodia,Song Sparrow,0.0102,D:/AcousticMonitoringData/ELDON2_Data/Week18\ELDON2_20250508_060802.wav,20250508
3006,3009,Geothlypis trichas,Common Yellowthroat,0.2871,D:/AcousticMonitoringData/ELDON2_Data/Week18\ELDON2_20250508_060802.wav,20250508
3006,3009,Spizella pusilla,Field Sparrow,0.0189,D:/AcousticMonitoringData/ELDON2_Data/Week18\ELDON2_20250508_060802.wav,20250508
3009,3012,Sturnella magna,Eastern Meadowlark,0.0901,D:/AcousticMonitoringData/ELDON2_Data/Week18\ELDON2_20250508_060802.wav,20250508
3012,3015,Sturnella magna,Eastern Meadowlark,0.0425,D:/AcousticMonitoringData/ELDON2_Data/Week18\ELDON2_20250508_060802.wav,20250508
3015,3018,Spizella pusilla,Field Sparrow,0.0723,D:/AcousticMonitoringData/ELDON2_Data/Week18\ELDON2_20250508_060802.wav,20250508
3015,3018,Geothlypis trichas,Common Yellowthroat,0.0498,D:/AcousticMonitoringData/ELDON2_Data/Week18\ELDON2_20250508_060802.wav,20250508
3015,3018,Sturnella magna,Eastern Meadowlark,0.0265,D:/AcousticMonitoringData/ELDON2_Data/Week18\ELDON2_20250508_060802.wav,20250508
3015,3018,Melospiza melodia,Song Sparrow,0.0134,D:/AcousticMonitoringData/ELDON2_Data/Week18\ELDON2_20250508_060802.wav,20250508
3018,3021,Geothlypis trichas,Common Yellowthroat,0.2194,D:/AcousticMonitoringData/ELDON2_Data/Week18\ELDON2_20250508_060802.wav,20250508
3018,3021,Spizella pusilla,Field Sparrow,0.0566,D:/AcousticMonitoringData/ELDON2_Data/Week18\ELDON2_20250508_060802.wav,20250508
3018,3021,Sturnella magna,Eastern Meadowlark,0.0262,D:/AcousticMonitoringData/ELDON2_Data/Week18\ELDON2_20250508_060802.wav,20250508
3018,3021,Passerina caerulea,Blue Grosbeak,0.0206,D:/AcousticMonitoringData/ELDON2_Data/Week18\ELDON2_20250508_060802.wav,20250508
3021,3024,Geothlypis trichas,Common Yellowthroat,0.1324,D:/AcousticMonitoringData/ELDON2_Data/Week18\ELDON2_20250508_060802.wav,20250508
3021,3024,Melospiza melodia,Song Sparrow,0.0215,D:/AcousticMonitoringData/ELDON2_Data/Week18\ELDON2_20250508_060802.wav,20250508
3024,3027,Geothlypis trichas,Common Yellowthroat,0.1559,D:/AcousticMonitoringData/ELDON2_Data/Week18\ELDON2_20250508_060802.wav,20250508
3024,3027,Spizella pusilla,Field Sparrow,0.0316,D:/AcousticMonitoringData/ELDON2_Data/Week18\ELDON2_20250508_060802.wav,20250508
3024,3027,Melospiza melodia,Song Sparrow,0.0179,D:/AcousticMonitoringData/ELDON2_Data/Week18\ELDON2_20250508_060802.wav,20250508
3024,3027,Sturnella magna,Eastern Meadowlark,0.0168,D:/AcousticMonitoringData/ELDON2_Data/Week18\ELDON2_20250508_060802.wav,20250508
3024,3027,Passerina caerulea,Blue Grosbeak,0.016,D:/AcousticMonitoringData/ELDON2_Data/Week18\ELDON2_20250508_060802.wav,20250508
3027,3030,Geothlypis trichas,Common Yellowthroat,0.141,D:/AcousticMonitoringData/ELDON2_Data/Week18\ELDON2_20250508_060802.wav,20250508
3027,3030,Spizella pusilla,Field Sparrow,0.0309,D:/AcousticMonitoringData/ELDON2_Data/Week18\ELDON2_20250508_060802.wav,20250508
3027,3030,Sturnella magna,Eastern Meadowlark,0.026,D:/AcousticMonitoringData/ELDON2_Data/Week18\ELDON2_20250508_060802.wav,20250508
3027,3030,Passerina caerulea,Blue Grosbeak,0.0191,D:/AcousticMonitoringData/ELDON2_Data/Week18\ELDON2_20250508_060802.wav,20250508
3027,3030,Melospiza melodia,Song Sparrow,0.0173,D:/AcousticMonitoringData/ELDON2_Data/Week18\ELDON2_20250508_060802.wav,20250508
3030,3033,Sturnella magna,Eastern Meadowlark,0.0339,D:/AcousticMonitoringData/ELDON2_Data/Week18\ELDON2_20250508_060802.wav,20250508
3033,3036,Geothlypis trichas,Common Yellowthroat,0.0229,D:/AcousticMonitoringData/ELDON2_Data/Week18\ELDON2_20250508_060802.wav,20250508
3033,3036,Sturnella magna,Eastern Meadowlark,0.0188,D:/AcousticMonitoringData/ELDON2_Data/Week18\ELDON2_20250508_060802.wav,20250508
3036,3039,Geothlypis trichas,Common Yellowthroat,0.0295,D:/AcousticMonitoringData/ELDON2_Data/Week18\ELDON2_20250508_060802.wav,20250508
3036,3039,Sturnella magna,Eastern Meadowlark,0.0291,D:/AcousticMonitoringData/ELDON2_Data/Week18\ELDON2_20250508_060802.wav,20250508
3036,3039,Melospiza melodia,Song Sparrow,0.014,D:/AcousticMonitoringData/ELDON2_Data/Week18\ELDON2_20250508_060802.wav,20250508
3036,3039,Spizella pusilla,Field Sparrow,0.0104,D:/AcousticMonitoringData/ELDON2_Data/Week18\ELDON2_20250508_060802.wav,20250508
3039,3042,Geothlypis trichas,Common Yellowthroat,0.1385,D:/AcousticMonitoringData/ELDON2_Data/Week18\ELDON2_20250508_060802.wav,20250508
3039,3042,Spizella pusilla,Field Sparrow,0.0142,D:/AcousticMonitoringData/ELDON2_Data/Week18\ELDON2_20250508_060802.wav,20250508
3039,3042,Sturnella magna,Eastern Meadowlark,0.0126,D:/AcousticMonitoringData/ELDON2_Data/Week18\ELDON2_20250508_060802.wav,20250508
3042,3045,Geothlypis trichas,Common Yellowthroat,0.0917,D:/AcousticMonitoringData/ELDON2_Data/Week18\ELDON2_20250508_060802.wav,20250508
3042,3045,Sturnella magna,Eastern Meadowlark,0.0342,D:/AcousticMonitoringData/ELDON2_Data/Week18\ELDON2_20250508_060802.wav,20250508
3042,3045,Melospiza melodia,Song Sparrow,0.0182,D:/AcousticMonitoringData/ELDON2_Data/Week18\ELDON2_20250508_060802.wav,20250508
3042,3045,Spizella pusilla,Field Sparrow,0.0127,D:/AcousticMonitoringData/ELDON2_Data/Week18\ELDON2_20250508_060802.wav,20250508
3042,3045,Passerina caerulea,Blue Grosbeak,0.0123,D:/AcousticMonitoringData/ELDON2_Data/Week18\ELDON2_20250508_060802.wav,20250508
3045,3048,Sturnella magna,Eastern Meadowlark,0.0293,D:/AcousticMonitoringData/ELDON2_Data/Week18\ELDON2_20250508_060802.wav,20250508
3048,3051,Sturnella magna,Eastern Meadowlark,0.0342,D:/AcousticMonitoringData/ELDON2_Data/Week18\ELDON2_20250508_060802.wav,20250508
3048,3051,Spizella pusilla,Field Sparrow,0.0109,D:/AcousticMonitoringData/ELDON2_Data/Week18\ELDON2_20250508_060802.wav,20250508
3051,3054,Geothlypis trichas,Common Yellowthroat,0.2963,D:/AcousticMonitoringData/ELDON2_Data/Week18\ELDON2_20250508_060802.wav,20250508
3051,3054,Spizella pusilla,Field Sparrow,0.0376,D:/AcousticMonitoringData/ELDON2_Data/Week18\ELDON2_20250508_060802.wav,20250508
3051,3054,Sturnella magna,Eastern Meadowlark,0.0323,D:/AcousticMonitoringData/ELDON2_Data/Week18\ELDON2_20250508_060802.wav,20250508
3051,3054,Passerina caerulea,Blue Grosbeak,0.0153,D:/AcousticMonitoringData/ELDON2_Data/Week18\ELDON2_20250508_060802.wav,20250508
3051,3054,Melospiza melodia,Song Sparrow,0.0101,D:/AcousticMonitoringData/ELDON2_Data/Week18\ELDON2_20250508_060802.wav,20250508
3054,3057,Geothlypis trichas,Common Yellowthroat,0.1386,D:/AcousticMonitoringData/ELDON2_Data/Week18\ELDON2_20250508_060802.wav,20250508
3054,3057,Spizella pusilla,Field Sparrow,0.0435,D:/AcousticMonitoringData/ELDON2_Data/Week18\ELDON2_20250508_060802.wav,20250508
3054,3057,Sturnella magna,Eastern Meadowlark,0.0295,D:/AcousticMonitoringData/ELDON2_Data/Week18\ELDON2_20250508_060802.wav,20250508
3054,3057,Passerina caerulea,Blue Grosbeak,0.0189,D:/AcousticMonitoringData/ELDON2_Data/Week18\ELDON2_20250508_060802.wav,20250508
3057,3060,Sturnella magna,Eastern Meadowlark,0.0132,D:/AcousticMonitoringData/ELDON2_Data/Week18\ELDON2_20250508_060802.wav,20250508
3060,3063,Sturnella magna,Eastern Meadowlark,0.0159,D:/AcousticMonitoringData/ELDON2_Data/Week18\ELDON2_20250508_060802.wav,20250508
3063,3066,Spizella pusilla,Field Sparrow,0.0339,D:/AcousticMonitoringData/ELDON2_Data/Week18\ELDON2_20250508_060802.wav,20250508
3063,3066,Geothlypis trichas,Common Yellowthroat,0.0281,D:/AcousticMonitoringData/ELDON2_Data/Week18\ELDON2_20250508_060802.wav,20250508
3063,3066,Passerina caerulea,Blue Grosbeak,0.0189,D:/AcousticMonitoringData/ELDON2_Data/Week18\ELDON2_20250508_060802.wav,20250508
3063,3066,Sturnella magna,Eastern Meadowlark,0.0162,D:/AcousticMonitoringData/ELDON2_Data/Week18\ELDON2_20250508_060802.wav,20250508
3066,3069,Sturnella magna,Eastern Meadowlark,0.0217,D:/AcousticMonitoringData/ELDON2_Data/Week18\ELDON2_20250508_060802.wav,20250508
3066,3069,Geothlypis trichas,Common Yellowthroat,0.0162,D:/AcousticMonitoringData/ELDON2_Data/Week18\ELDON2_20250508_060802.wav,20250508
3066,3069,Spizella pusilla,Field Sparrow,0.0129,D:/AcousticMonitoringData/ELDON2_Data/Week18\ELDON2_20250508_060802.wav,20250508
3066,3069,Passerina caerulea,Blue Grosbeak,0.0103,D:/AcousticMonitoringData/ELDON2_Data/Week18\ELDON2_20250508_060802.wav,20250508
3069,3072,Sturnella magna,Eastern Meadowlark,0.013,D:/AcousticMonitoringData/ELDON2_Data/Week18\ELDON2_20250508_060802.wav,20250508
3069,3072,Geothlypis trichas,Common Yellowthroat,0.0102,D:/AcousticMonitoringData/ELDON2_Data/Week18\ELDON2_20250508_060802.wav,20250508
3072,3075,Sturnella magna,Eastern Meadowlark,0.023,D:/AcousticMonitoringData/ELDON2_Data/Week18\ELDON2_20250508_060802.wav,20250508
3075,3078,Geothlypis trichas,Common Yellowthroat,0.0595,D:/AcousticMonitoringData/ELDON2_Data/Week18\ELDON2_20250508_060802.wav,20250508
3075,3078,Sturnella magna,Eastern Meadowlark,0.0239,D:/AcousticMonitoringData/ELDON2_Data/Week18\ELDON2_20250508_060802.wav,20250508
3075,3078,Passerina caerulea,Blue Grosbeak,0.0187,D:/AcousticMonitoringData/ELDON2_Data/Week18\ELDON2_20250508_060802.wav,20250508
3075,3078,Spizella pusilla,Field Sparrow,0.0154,D:/AcousticMonitoringData/ELDON2_Data/Week18\ELDON2_20250508_060802.wav,20250508
3078,3081,Geothlypis trichas,Common Yellowthroat,0.1115,D:/AcousticMonitoringData/ELDON2_Data/Week18\ELDON2_20250508_060802.wav,20250508
3078,3081,Sturnella magna,Eastern Meadowlark,0.0271,D:/AcousticMonitoringData/ELDON2_Data/Week18\ELDON2_20250508_060802.wav,20250508
3081,3084,Sturnella magna,Eastern Meadowlark,0.0257,D:/AcousticMonitoringData/ELDON2_Data/Week18\ELDON2_20250508_060802.wav,20250508
3087,3090,Geothlypis trichas,Common Yellowthroat,0.0178,D:/AcousticMonitoringData/ELDON2_Data/Week18\ELDON2_20250508_060802.wav,20250508
3087,3090,Sturnella magna,Eastern Meadowlark,0.0159,D:/AcousticMonitoringData/ELDON2_Data/Week18\ELDON2_20250508_060802.wav,20250508
3090,3093,Sturnella magna,Eastern Meadowlark,0.028,D:/AcousticMonitoringData/ELDON2_Data/Week18\ELDON2_20250508_060802.wav,20250508
3090,3093,Geothlypis trichas,Common Yellowthroat,0.0106,D:/AcousticMonitoringData/ELDON2_Data/Week18\ELDON2_20250508_060802.wav,20250508
3093,3096,Geothlypis trichas,Common Yellowthroat,0.0267,D:/AcousticMonitoringData/ELDON2_Data/Week18\ELDON2_20250508_060802.wav,20250508
3093,3096,Sturnella magna,Eastern Meadowlark,0.0125,D:/AcousticMonitoringData/ELDON2_Data/Week18\ELDON2_20250508_060802.wav,20250508
3096,3099,Sturnella magna,Eastern Meadowlark,0.0132,D:/AcousticMonitoringData/ELDON2_Data/Week18\ELDON2_20250508_060802.wav,20250508
3099,3102,Sturnella magna,Eastern Meadowlark,0.0101,D:/AcousticMonitoringData/ELDON2_Data/Week18\ELDON2_20250508_060802.wav,20250508
3105,3108,Spizella pusilla,Field Sparrow,0.0192,D:/AcousticMonitoringData/ELDON2_Data/Week18\ELDON2_20250508_060802.wav,20250508
3111,3114,Sturnella magna,Eastern Meadowlark,0.0143,D:/AcousticMonitoringData/ELDON2_Data/Week18\ELDON2_20250508_060802.wav,20250508
3114,3117,Sturnella magna,Eastern Meadowlark,0.0115,D:/AcousticMonitoringData/ELDON2_Data/Week18\ELDON2_20250508_060802.wav,20250508
3117,3120,Sturnella magna,Eastern Meadowlark,0.0104,D:/AcousticMonitoringData/ELDON2_Data/Week18\ELDON2_20250508_060802.wav,20250508
3120,3123,Sturnella magna,Eastern Meadowlark,0.0142,D:/AcousticMonitoringData/ELDON2_Data/Week18\ELDON2_20250508_060802.wav,20250508
3123,3126,Sturnella magna,Eastern Meadowlark,0.0233,D:/AcousticMonitoringData/ELDON2_Data/Week18\ELDON2_20250508_060802.wav,20250508
3126,3129,Sturnella magna,Eastern Meadowlark,0.0135,D:/AcousticMonitoringData/ELDON2_Data/Week18\ELDON2_20250508_060802.wav,20250508
3126,3129,Passerina caerulea,Blue Grosbeak,0.0107,D:/AcousticMonitoringData/ELDON2_Data/Week18\ELDON2_20250508_060802.wav,20250508
3129,3132,Geothlypis trichas,Common Yellowthroat,0.0277,D:/AcousticMonitoringData/ELDON2_Data/Week18\ELDON2_20250508_060802.wav,20250508
3129,3132,Spizella pusilla,Field Sparrow,0.024,D:/AcousticMonitoringData/ELDON2_Data/Week18\ELDON2_20250508_060802.wav,20250508
3129,3132,Sturnella magna,Eastern Meadowlark,0.0161,D:/AcousticMonitoringData/ELDON2_Data/Week18\ELDON2_20250508_060802.wav,20250508
3129,3132,Passerina caerulea,Blue Grosbeak,0.011,D:/AcousticMonitoringData/ELDON2_Data/Week18\ELDON2_20250508_060802.wav,20250508
3132,3135,Geothlypis trichas,Common Yellowthroat,0.04,D:/AcousticMonitoringData/ELDON2_Data/Week18\ELDON2_20250508_060802.wav,20250508
3132,3135,Spizella pusilla,Field Sparrow,0.0379,D:/AcousticMonitoringData/ELDON2_Data/Week18\ELDON2_20250508_060802.wav,20250508
3132,3135,Sturnella magna,Eastern Meadowlark,0.0209,D:/AcousticMonitoringData/ELDON2_Data/Week18\ELDON2_20250508_060802.wav,20250508
3132,3135,Passerina caerulea,Blue Grosbeak,0.0114,D:/AcousticMonitoringData/ELDON2_Data/Week18\ELDON2_20250508_060802.wav,20250508
3135,3138,Bartramia longicauda,Upland Sandpiper,0.0124,D:/AcousticMonitoringData/ELDON2_Data/Week18\ELDON2_20250508_060802.wav,20250508
3138,3141,Sturnella magna,Eastern Meadowlark,0.0104,D:/AcousticMonitoringData/ELDON2_Data/Week18\ELDON2_20250508_060802.wav,20250508
3141,3144,Sturnella magna,Eastern Meadowlark,0.0128,D:/AcousticMonitoringData/ELDON2_Data/Week18\ELDON2_20250508_060802.wav,20250508
3144,3147,Sturnella magna,Eastern Meadowlark,0.0203,D:/AcousticMonitoringData/ELDON2_Data/Week18\ELDON2_20250508_060802.wav,20250508
3144,3147,Spizella pusilla,Field Sparrow,0.0132,D:/AcousticMonitoringData/ELDON2_Data/Week18\ELDON2_20250508_060802.wav,20250508
3144,3147,Passerina caerulea,Blue Grosbeak,0.0102,D:/AcousticMonitoringData/ELDON2_Data/Week18\ELDON2_20250508_060802.wav,20250508
3147,3150,Geothlypis trichas,Common Yellowthroat,0.0471,D:/AcousticMonitoringData/ELDON2_Data/Week18\ELDON2_20250508_060802.wav,20250508
3147,3150,Sturnella magna,Eastern Meadowlark,0.0147,D:/AcousticMonitoringData/ELDON2_Data/Week18\ELDON2_20250508_060802.wav,20250508
3147,3150,Passerina caerulea,Blue Grosbeak,0.0125,D:/AcousticMonitoringData/ELDON2_Data/Week18\ELDON2_20250508_060802.wav,20250508
3150,3153,Sturnella magna,Eastern Meadowlark,0.0141,D:/AcousticMonitoringData/ELDON2_Data/Week18\ELDON2_20250508_060802.wav,20250508
3153,3156,Passerina caerulea,Blue Grosbeak,0.0223,D:/AcousticMonitoringData/ELDON2_Data/Week18\ELDON2_20250508_060802.wav,20250508
3153,3156,Geothlypis trichas,Common Yellowthroat,0.0115,D:/AcousticMonitoringData/ELDON2_Data/Week18\ELDON2_20250508_060802.wav,20250508
3156,3159,Geothlypis trichas,Common Yellowthroat,0.0494,D:/AcousticMonitoringData/ELDON2_Data/Week18\ELDON2_20250508_060802.wav,20250508
3156,3159,Passerina caerulea,Blue Grosbeak,0.0169,D:/AcousticMonitoringData/ELDON2_Data/Week18\ELDON2_20250508_060802.wav,20250508
3159,3162,Geothlypis trichas,Common Yellowthroat,0.0772,D:/AcousticMonitoringData/ELDON2_Data/Week18\ELDON2_20250508_060802.wav,20250508
3159,3162,Sturnella magna,Eastern Meadowlark,0.0127,D:/AcousticMonitoringData/ELDON2_Data/Week18\ELDON2_20250508_060802.wav,20250508
3162,3165,Geothlypis trichas,Common Yellowthroat,0.0327,D:/AcousticMonitoringData/ELDON2_Data/Week18\ELDON2_20250508_060802.wav,20250508
3162,3165,Sturnella magna,Eastern Meadowlark,0.0109,D:/AcousticMonitoringData/ELDON2_Data/Week18\ELDON2_20250508_060802.wav,20250508
3165,3168,Sturnella magna,Eastern Meadowlark,0.0193,D:/AcousticMonitoringData/ELDON2_Data/Week18\ELDON2_20250508_060802.wav,20250508
3168,3171,Passerina caerulea,Blue Grosbeak,0.0565,D:/AcousticMonitoringData/ELDON2_Data/Week18\ELDON2_20250508_060802.wav,20250508
3168,3171,Sturnella magna,Eastern Meadowlark,0.0111,D:/AcousticMonitoringData/ELDON2_Data/Week18\ELDON2_20250508_060802.wav,20250508
3171,3174,Sturnella magna,Eastern Meadowlark,0.0148,D:/AcousticMonitoringData/ELDON2_Data/Week18\ELDON2_20250508_060802.wav,20250508
3174,3177,Sturnella magna,Eastern Meadowlark,0.0219,D:/AcousticMonitoringData/ELDON2_Data/Week18\ELDON2_20250508_060802.wav,20250508
3177,3180,Passerina caerulea,Blue Grosbeak,0.0239,D:/AcousticMonitoringData/ELDON2_Data/Week18\ELDON2_20250508_060802.wav,20250508
3177,3180,Eremophila alpestris,Horned Lark,0.0129,D:/AcousticMonitoringData/ELDON2_Data/Week18\ELDON2_20250508_060802.wav,20250508
3177,3180,Spizella pusilla,Field Sparrow,0.0126,D:/AcousticMonitoringData/ELDON2_Data/Week18\ELDON2_20250508_060802.wav,20250508
3177,3180,Sturnella magna,Eastern Meadowlark,0.0125,D:/AcousticMonitoringData/ELDON2_Data/Week18\ELDON2_20250508_060802.wav,20250508
3180,3183,Sturnella magna,Eastern Meadowlark,0.0277,D:/AcousticMonitoringData/ELDON2_Data/Week18\ELDON2_20250508_060802.wav,20250508
3183,3186,Sturnella magna,Eastern Meadowlark,0.022,D:/AcousticMonitoringData/ELDON2_Data/Week18\ELDON2_20250508_060802.wav,20250508
3183,3186,Geothlypis trichas,Common Yellowthroat,0.0115,D:/AcousticMonitoringData/ELDON2_Data/Week18\ELDON2_20250508_060802.wav,20250508
3183,3186,Passerina caerulea,Blue Grosbeak,0.0115,D:/AcousticMonitoringData/ELDON2_Data/Week18\ELDON2_20250508_060802.wav,20250508
3186,3189,Sturnella magna,Eastern Meadowlark,0.0247,D:/AcousticMonitoringData/ELDON2_Data/Week18\ELDON2_20250508_060802.wav,20250508
3186,3189,Geothlypis trichas,Common Yellowthroat,0.0161,D:/AcousticMonitoringData/ELDON2_Data/Week18\ELDON2_20250508_060802.wav,20250508
3186,3189,Spizella pusilla,Field Sparrow,0.0147,D:/AcousticMonitoringData/ELDON2_Data/Week18\ELDON2_20250508_060802.wav,20250508
3189,3192,Sturnella magna,Eastern Meadowlark,0.0154,D:/AcousticMonitoringData/ELDON2_Data/Week18\ELDON2_20250508_060802.wav,20250508
3189,3192,Passerina caerulea,Blue Grosbeak,0.0145,D:/AcousticMonitoringData/ELDON2_Data/Week18\ELDON2_20250508_060802.wav,20250508
3192,3195,Sturnella magna,Eastern Meadowlark,0.0115,D:/AcousticMonitoringData/ELDON2_Data/Week18\ELDON2_20250508_060802.wav,20250508
3195,3198,Sturnella magna,Eastern Meadowlark,0.0377,D:/AcousticMonitoringData/ELDON2_Data/Week18\ELDON2_20250508_060802.wav,20250508
3198,3201,Sturnella magna,Eastern Meadowlark,0.0236,D:/AcousticMonitoringData/ELDON2_Data/Week18\ELDON2_20250508_060802.wav,20250508
3204,3207,Sturnella magna,Eastern Meadowlark,0.0126,D:/AcousticMonitoringData/ELDON2_Data/Week18\ELDON2_20250508_060802.wav,20250508
3207,3210,Geothlypis trichas,Common Yellowthroat,0.0414,D:/AcousticMonitoringData/ELDON2_Data/Week18\ELDON2_20250508_060802.wav,20250508
3207,3210,Melospiza melodia,Song Sparrow,0.0112,D:/AcousticMonitoringData/ELDON2_Data/Week18\ELDON2_20250508_060802.wav,20250508
3210,3213,Geothlypis trichas,Common Yellowthroat,0.0218,D:/AcousticMonitoringData/ELDON2_Data/Week18\ELDON2_20250508_060802.wav,20250508
3210,3213,Sturnella magna,Eastern Meadowlark,0.0184,D:/AcousticMonitoringData/ELDON2_Data/Week18\ELDON2_20250508_060802.wav,20250508
3213,3216,Sturnella magna,Eastern Meadowlark,0.0105,D:/AcousticMonitoringData/ELDON2_Data/Week18\ELDON2_20250508_060802.wav,20250508
3216,3219,Sturnella magna,Eastern Meadowlark,0.0178,D:/AcousticMonitoringData/ELDON2_Data/Week18\ELDON2_20250508_060802.wav,20250508
3216,3219,Geothlypis trichas,Common Yellowthroat,0.0124,D:/AcousticMonitoringData/ELDON2_Data/Week18\ELDON2_20250508_060802.wav,20250508
3219,3222,Sturnella magna,Eastern Meadowlark,0.0791,D:/AcousticMonitoringData/ELDON2_Data/Week18\ELDON2_20250508_060802.wav,20250508
3219,3222,Passerina caerulea,Blue Grosbeak,0.0111,D:/AcousticMonitoringData/ELDON2_Data/Week18\ELDON2_20250508_060802.wav,20250508
3222,3225,Sturnella magna,Eastern Meadowlark,0.021,D:/AcousticMonitoringData/ELDON2_Data/Week18\ELDON2_20250508_060802.wav,20250508
3222,3225,Geothlypis trichas,Common Yellowthroat,0.0153,D:/AcousticMonitoringData/ELDON2_Data/Week18\ELDON2_20250508_060802.wav,20250508
3222,3225,Passerina caerulea,Blue Grosbeak,0.0118,D:/AcousticMonitoringData/ELDON2_Data/Week18\ELDON2_20250508_060802.wav,20250508
3225,3228,Geothlypis trichas,Common Yellowthroat,0.0445,D:/AcousticMonitoringData/ELDON2_Data/Week18\ELDON2_20250508_060802.wav,20250508
3225,3228,Sturnella magna,Eastern Meadowlark,0.0243,D:/AcousticMonitoringData/ELDON2_Data/Week18\ELDON2_20250508_060802.wav,20250508
3225,3228,Passerina caerulea,Blue Grosbeak,0.0108,D:/AcousticMonitoringData/ELDON2_Data/Week18\ELDON2_20250508_060802.wav,20250508
3228,3231,Sturnella magna,Eastern Meadowlark,0.0598,D:/AcousticMonitoringData/ELDON2_Data/Week18\ELDON2_20250508_060802.wav,20250508
3228,3231,Geothlypis trichas,Common Yellowthroat,0.0202,D:/AcousticMonitoringData/ELDON2_Data/Week18\ELDON2_20250508_060802.wav,20250508
3231,3234,Geothlypis trichas,Common Yellowthroat,0.0224,D:/AcousticMonitoringData/ELDON2_Data/Week18\ELDON2_20250508_060802.wav,20250508
3231,3234,Sturnella magna,Eastern Meadowlark,0.018,D:/AcousticMonitoringData/ELDON2_Data/Week18\ELDON2_20250508_060802.wav,20250508
3234,3237,Sturnella magna,Eastern Meadowlark,0.0187,D:/AcousticMonitoringData/ELDON2_Data/Week18\ELDON2_20250508_060802.wav,20250508
3234,3237,Geothlypis trichas,Common Yellowthroat,0.0117,D:/AcousticMonitoringData/ELDON2_Data/Week18\ELDON2_20250508_060802.wav,20250508
3234,3237,Passerina caerulea,Blue Grosbeak,0.0109,D:/AcousticMonitoringData/ELDON2_Data/Week18\ELDON2_20250508_060802.wav,20250508
3237,3240,Geothlypis trichas,Common Yellowthroat,0.0166,D:/AcousticMonitoringData/ELDON2_Data/Week18\ELDON2_20250508_060802.wav,20250508
3237,3240,Sturnella magna,Eastern Meadowlark,0.0151,D:/AcousticMonitoringData/ELDON2_Data/Week18\ELDON2_20250508_060802.wav,20250508
3240,3243,Geothlypis trichas,Common Yellowthroat,0.033,D:/AcousticMonitoringData/ELDON2_Data/Week18\ELDON2_20250508_060802.wav,20250508
3240,3243,Sturnella magna,Eastern Meadowlark,0.0157,D:/AcousticMonitoringData/ELDON2_Data/Week18\ELDON2_20250508_060802.wav,20250508
3243,3246,Geothlypis trichas,Common Yellowthroat,0.0387,D:/AcousticMonitoringData/ELDON2_Data/Week18\ELDON2_20250508_060802.wav,20250508
3243,3246,Sturnella magna,Eastern Meadowlark,0.0189,D:/AcousticMonitoringData/ELDON2_Data/Week18\ELDON2_20250508_060802.wav,20250508
3243,3246,Spizella pusilla,Field Sparrow,0.013,D:/AcousticMonitoringData/ELDON2_Data/Week18\ELDON2_20250508_060802.wav,20250508
3246,3249,Passerina caerulea,Blue Grosbeak,0.026,D:/AcousticMonitoringData/ELDON2_Data/Week18\ELDON2_20250508_060802.wav,20250508
3246,3249,Sturnella magna,Eastern Meadowlark,0.0195,D:/AcousticMonitoringData/ELDON2_Data/Week18\ELDON2_20250508_060802.wav,20250508
3249,3252,Sturnella magna,Eastern Meadowlark,0.0107,D:/AcousticMonitoringData/ELDON2_Data/Week18\ELDON2_20250508_060802.wav,20250508
3252,3255,Sturnella magna,Eastern Meadowlark,0.0558,D:/AcousticMonitoringData/ELDON2_Data/Week18\ELDON2_20250508_060802.wav,20250508
3255,3258,Spizella pusilla,Field Sparrow,0.0114,D:/AcousticMonitoringData/ELDON2_Data/Week18\ELDON2_20250508_060802.wav,20250508
3258,3261,Sturnella magna,Eastern Meadowlark,0.0321,D:/AcousticMonitoringData/ELDON2_Data/Week18\ELDON2_20250508_060802.wav,20250508
3258,3261,Spizella pusilla,Field Sparrow,0.0123,D:/AcousticMonitoringData/ELDON2_Data/Week18\ELDON2_20250508_060802.wav,20250508
3261,3264,Sturnella magna,Eastern Meadowlark,0.0446,D:/AcousticMonitoringData/ELDON2_Data/Week18\ELDON2_20250508_060802.wav,20250508
3261,3264,Passerina caerulea,Blue Grosbeak,0.0104,D:/AcousticMonitoringData/ELDON2_Data/Week18\ELDON2_20250508_060802.wav,20250508
3264,3267,Sturnella magna,Eastern Meadowlark,0.0191,D:/AcousticMonitoringData/ELDON2_Data/Week18\ELDON2_20250508_060802.wav,20250508
3270,3273,Sturnella magna,Eastern Meadowlark,0.0511,D:/AcousticMonitoringData/ELDON2_Data/Week18\ELDON2_20250508_060802.wav,20250508
3273,3276,Geothlypis trichas,Common Yellowthroat,0.0173,D:/AcousticMonitoringData/ELDON2_Data/Week18\ELDON2_20250508_060802.wav,20250508
3279,3282,Spizella pusilla,Field Sparrow,0.0128,D:/AcousticMonitoringData/ELDON2_Data/Week18\ELDON2_20250508_060802.wav,20250508
3282,3285,Sturnella magna,Eastern Meadowlark,0.0174,D:/AcousticMonitoringData/ELDON2_Data/Week18\ELDON2_20250508_060802.wav,20250508
3288,3291,Sturnella magna,Eastern Meadowlark,0.0103,D:/AcousticMonitoringData/ELDON2_Data/Week18\ELDON2_20250508_060802.wav,20250508
3291,3294,Sturnella magna,Eastern Meadowlark,0.0197,D:/AcousticMonitoringData/ELDON2_Data/Week18\ELDON2_20250508_060802.wav,20250508
3297,3300,Sturnella magna,Eastern Meadowlark,0.0114,D:/AcousticMonitoringData/ELDON2_Data/Week18\ELDON2_20250508_060802.wav,20250508
3306,3309,Sturnella magna,Eastern Meadowlark,0.0239,D:/AcousticMonitoringData/ELDON2_Data/Week18\ELDON2_20250508_060802.wav,20250508
3309,3312,Spizella pusilla,Field Sparrow,0.0289,D:/AcousticMonitoringData/ELDON2_Data/Week18\ELDON2_20250508_060802.wav,20250508
3312,3315,Sturnella magna,Eastern Meadowlark,0.0182,D:/AcousticMonitoringData/ELDON2_Data/Week18\ELDON2_20250508_060802.wav,20250508
3318,3321,Sturnella magna,Eastern Meadowlark,0.0119,D:/AcousticMonitoringData/ELDON2_Data/Week18\ELDON2_20250508_060802.wav,20250508
3321,3324,Geothlypis trichas,Common Yellowthroat,0.037,D:/AcousticMonitoringData/ELDON2_Data/Week18\ELDON2_20250508_060802.wav,20250508
3324,3327,Geothlypis trichas,Common Yellowthroat,0.0158,D:/AcousticMonitoringData/ELDON2_Data/Week18\ELDON2_20250508_060802.wav,20250508
3324,3327,Sturnella magna,Eastern Meadowlark,0.0103,D:/AcousticMonitoringData/ELDON2_Data/Week18\ELDON2_20250508_060802.wav,20250508
3327,3330,Sturnella magna,Eastern Meadowlark,0.0251,D:/AcousticMonitoringData/ELDON2_Data/Week18\ELDON2_20250508_060802.wav,20250508
3330,3333,Sturnella magna,Eastern Meadowlark,0.0297,D:/AcousticMonitoringData/ELDON2_Data/Week18\ELDON2_20250508_060802.wav,20250508
3333,3336,Geothlypis trichas,Common Yellowthroat,0.0521,D:/AcousticMonitoringData/ELDON2_Data/Week18\ELDON2_20250508_060802.wav,20250508
3333,3336,Sturnella magna,Eastern Meadowlark,0.0104,D:/AcousticMonitoringData/ELDON2_Data/Week18\ELDON2_20250508_060802.wav,20250508
3339,3342,Geothlypis trichas,Common Yellowthroat,0.0746,D:/AcousticMonitoringData/ELDON2_Data/Week18\ELDON2_20250508_060802.wav,20250508
3339,3342,Sturnella magna,Eastern Meadowlark,0.025,D:/AcousticMonitoringData/ELDON2_Data/Week18\ELDON2_20250508_060802.wav,20250508
3339,3342,Spizella pusilla,Field Sparrow,0.0157,D:/AcousticMonitoringData/ELDON2_Data/Week18\ELDON2_20250508_060802.wav,20250508
3342,3345,Geothlypis trichas,Common Yellowthroat,0.0144,D:/AcousticMonitoringData/ELDON2_Data/Week18\ELDON2_20250508_060802.wav,20250508
3348,3351,Geothlypis trichas,Common Yellowthroat,0.0379,D:/AcousticMonitoringData/ELDON2_Data/Week18\ELDON2_20250508_060802.wav,20250508
3357,3360,Sturnella magna,Eastern Meadowlark,0.1296,D:/AcousticMonitoringData/ELDON2_Data/Week18\ELDON2_20250508_060802.wav,20250508
3357,3360,Geothlypis trichas,Common Yellowthroat,0.0178,D:/AcousticMonitoringData/ELDON2_Data/Week18\ELDON2_20250508_060802.wav,20250508
3357,3360,Passerina caerulea,Blue Grosbeak,0.0101,D:/AcousticMonitoringData/ELDON2_Data/Week18\ELDON2_20250508_060802.wav,20250508
3366,3369,Sturnella magna,Eastern Meadowlark,0.0112,D:/AcousticMonitoringData/ELDON2_Data/Week18\ELDON2_20250508_060802.wav,20250508
3369,3372,Spizella pusilla,Field Sparrow,0.0132,D:/AcousticMonitoringData/ELDON2_Data/Week18\ELDON2_20250508_060802.wav,20250508
3372,3375,Geothlypis trichas,Common Yellowthroat,0.0117,D:/AcousticMonitoringData/ELDON2_Data/Week18\ELDON2_20250508_060802.wav,20250508
3375,3378,Geothlypis trichas,Common Yellowthroat,0.0432,D:/AcousticMonitoringData/ELDON2_Data/Week18\ELDON2_20250508_060802.wav,20250508
3375,3378,Sturnella magna,Eastern Meadowlark,0.0264,D:/AcousticMonitoringData/ELDON2_Data/Week18\ELDON2_20250508_060802.wav,20250508
3378,3381,Geothlypis trichas,Common Yellowthroat,0.0195,D:/AcousticMonitoringData/ELDON2_Data/Week18\ELDON2_20250508_060802.wav,20250508
3378,3381,Spizella pusilla,Field Sparrow,0.012,D:/AcousticMonitoringData/ELDON2_Data/Week18\ELDON2_20250508_060802.wav,20250508
3387,3390,Sturnella magna,Eastern Meadowlark,0.0117,D:/AcousticMonitoringData/ELDON2_Data/Week18\ELDON2_20250508_060802.wav,20250508
3390,3393,Sturnella magna,Eastern Meadowlark,0.0701,D:/AcousticMonitoringData/ELDON2_Data/Week18\ELDON2_20250508_060802.wav,20250508
3393,3396,Sturnella magna,Eastern Meadowlark,0.0124,D:/AcousticMonitoringData/ELDON2_Data/Week18\ELDON2_20250508_060802.wav,20250508
3393,3396,Spizella pusilla,Field Sparrow,0.0118,D:/AcousticMonitoringData/ELDON2_Data/Week18\ELDON2_20250508_060802.wav,20250508
3399,3402,Sturnella magna,Eastern Meadowlark,0.0165,D:/AcousticMonitoringData/ELDON2_Data/Week18\ELDON2_20250508_060802.wav,20250508
3399,3402,Passerina caerulea,Blue Grosbeak,0.0139,D:/AcousticMonitoringData/ELDON2_Data/Week18\ELDON2_20250508_060802.wav,20250508
3402,3405,Sturnella magna,Eastern Meadowlark,0.0518,D:/AcousticMonitoringData/ELDON2_Data/Week18\ELDON2_20250508_060802.wav,20250508
3402,3405,Spizella pusilla,Field Sparrow,0.0231,D:/AcousticMonitoringData/ELDON2_Data/Week18\ELDON2_20250508_060802.wav,20250508
3402,3405,Geothlypis trichas,Common Yellowthroat,0.0116,D:/AcousticMonitoringData/ELDON2_Data/Week18\ELDON2_20250508_060802.wav,20250508
3405,3408,Eremophila alpestris,Horned Lark,0.0217,D:/AcousticMonitoringData/ELDON2_Data/Week18\ELDON2_20250508_060802.wav,20250508
3405,3408,Sturnella magna,Eastern Meadowlark,0.0194,D:/AcousticMonitoringData/ELDON2_Data/Week18\ELDON2_20250508_060802.wav,20250508
3405,3408,Geothlypis trichas,Common Yellowthroat,0.0135,D:/AcousticMonitoringData/ELDON2_Data/Week18\ELDON2_20250508_060802.wav,20250508
3405,3408,Passerina caerulea,Blue Grosbeak,0.0122,D:/AcousticMonitoringData/ELDON2_Data/Week18\ELDON2_20250508_060802.wav,20250508
3408,3411,Sturnella magna,Eastern Meadowlark,0.2745,D:/AcousticMonitoringData/ELDON2_Data/Week18\ELDON2_20250508_060802.wav,20250508
3408,3411,Spizella pusilla,Field Sparrow,0.0176,D:/AcousticMonitoringData/ELDON2_Data/Week18\ELDON2_20250508_060802.wav,20250508
3411,3414,Sturnella magna,Eastern Meadowlark,0.0298,D:/AcousticMonitoringData/ELDON2_Data/Week18\ELDON2_20250508_060802.wav,20250508
3417,3420,Geothlypis trichas,Common Yellowthroat,0.019,D:/AcousticMonitoringData/ELDON2_Data/Week18\ELDON2_20250508_060802.wav,20250508
3420,3423,Sturnella magna,Eastern Meadowlark,0.0369,D:/AcousticMonitoringData/ELDON2_Data/Week18\ELDON2_20250508_060802.wav,20250508
3423,3426,Sturnella magna,Eastern Meadowlark,0.0202,D:/AcousticMonitoringData/ELDON2_Data/Week18\ELDON2_20250508_060802.wav,20250508
3423,3426,Geothlypis trichas,Common Yellowthroat,0.0116,D:/AcousticMonitoringData/ELDON2_Data/Week18\ELDON2_20250508_060802.wav,20250508
3423,3426,Spizella pusilla,Field Sparrow,0.0101,D:/AcousticMonitoringData/ELDON2_Data/Week18\ELDON2_20250508_060802.wav,20250508
3426,3429,Sturnella magna,Eastern Meadowlark,0.0738,D:/AcousticMonitoringData/ELDON2_Data/Week18\ELDON2_20250508_060802.wav,20250508
3429,3432,Sturnella magna,Eastern Meadowlark,0.2161,D:/AcousticMonitoringData/ELDON2_Data/Week18\ELDON2_20250508_060802.wav,20250508
3432,3435,Passerina caerulea,Blue Grosbeak,0.0255,D:/AcousticMonitoringData/ELDON2_Data/Week18\ELDON2_20250508_060802.wav,20250508
3432,3435,Sturnella magna,Eastern Meadowlark,0.0236,D:/AcousticMonitoringData/ELDON2_Data/Week18\ELDON2_20250508_060802.wav,20250508
3435,3438,Sturnella magna,Eastern Meadowlark,0.0189,D:/AcousticMonitoringData/ELDON2_Data/Week18\ELDON2_20250508_060802.wav,20250508
3435,3438,Geothlypis trichas,Common Yellowthroat,0.0161,D:/AcousticMonitoringData/ELDON2_Data/Week18\ELDON2_20250508_060802.wav,20250508
3441,3444,Sturnella magna,Eastern Meadowlark,0.7795,D:/AcousticMonitoringData/ELDON2_Data/Week18\ELDON2_20250508_060802.wav,20250508
3444,3447,Sturnella magna,Eastern Meadowlark,0.953,D:/AcousticMonitoringData/ELDON2_Data/Week18\ELDON2_20250508_060802.wav,20250508
3447,3450,Sturnella magna,Eastern Meadowlark,0.5134,D:/AcousticMonitoringData/ELDON2_Data/Week18\ELDON2_20250508_060802.wav,20250508
3447,3450,Spizella pusilla,Field Sparrow,0.0168,D:/AcousticMonitoringData/ELDON2_Data/Week18\ELDON2_20250508_060802.wav,20250508
3450,3453,Sturnella magna,Eastern Meadowlark,0.9971,D:/AcousticMonitoringData/ELDON2_Data/Week18\ELDON2_20250508_060802.wav,20250508
3453,3456,Sturnella magna,Eastern Meadowlark,0.0935,D:/AcousticMonitoringData/ELDON2_Data/Week18\ELDON2_20250508_060802.wav,20250508
3456,3459,Sturnella magna,Eastern Meadowlark,0.9656,D:/AcousticMonitoringData/ELDON2_Data/Week18\ELDON2_20250508_060802.wav,20250508
3459,3462,Sturnella magna,Eastern Meadowlark,0.0243,D:/AcousticMonitoringData/ELDON2_Data/Week18\ELDON2_20250508_060802.wav,20250508
3462,3465,Sturnella magna,Eastern Meadowlark,0.9968,D:/AcousticMonitoringData/ELDON2_Data/Week18\ELDON2_20250508_060802.wav,20250508
3465,3468,Sturnella magna,Eastern Meadowlark,0.2305,D:/AcousticMonitoringData/ELDON2_Data/Week18\ELDON2_20250508_060802.wav,20250508
3471,3474,Sturnella magna,Eastern Meadowlark,0.9942,D:/AcousticMonitoringData/ELDON2_Data/Week18\ELDON2_20250508_060802.wav,20250508
3474,3477,Sturnella magna,Eastern Meadowlark,0.1643,D:/AcousticMonitoringData/ELDON2_Data/Week18\ELDON2_20250508_060802.wav,20250508
3480,3483,Sturnella magna,Eastern Meadowlark,0.0364,D:/AcousticMonitoringData/ELDON2_Data/Week18\ELDON2_20250508_060802.wav,20250508
3483,3486,Sturnella magna,Eastern Meadowlark,0.0121,D:/AcousticMonitoringData/ELDON2_Data/Week18\ELDON2_20250508_060802.wav,20250508
3483,3486,Passerina caerulea,Blue Grosbeak,0.0114,D:/AcousticMonitoringData/ELDON2_Data/Week18\ELDON2_20250508_060802.wav,20250508
3486,3489,Spizella pusilla,Field Sparrow,0.0222,D:/AcousticMonitoringData/ELDON2_Data/Week18\ELDON2_20250508_060802.wav,20250508
3486,3489,Geothlypis trichas,Common Yellowthroat,0.0177,D:/AcousticMonitoringData/ELDON2_Data/Week18\ELDON2_20250508_060802.wav,20250508
3486,3489,Sturnella magna,Eastern Meadowlark,0.0166,D:/AcousticMonitoringData/ELDON2_Data/Week18\ELDON2_20250508_060802.wav,20250508
3495,3498,Sturnella magna,Eastern Meadowlark,0.0127,D:/AcousticMonitoringData/ELDON2_Data/Week18\ELDON2_20250508_060802.wav,20250508
3498,3501,Sturnella magna,Eastern Meadowlark,0.0997,D:/AcousticMonitoringData/ELDON2_Data/Week18\ELDON2_20250508_060802.wav,20250508
3501,3504,Sturnella magna,Eastern Meadowlark,0.0332,D:/AcousticMonitoringData/ELDON2_Data/Week18\ELDON2_20250508_060802.wav,20250508
3504,3507,Sturnella magna,Eastern Meadowlark,0.0118,D:/AcousticMonitoringData/ELDON2_Data/Week18\ELDON2_20250508_060802.wav,20250508
3507,3510,Sturnella magna,Eastern Meadowlark,0.0158,D:/AcousticMonitoringData/ELDON2_Data/Week18\ELDON2_20250508_060802.wav,20250508
3510,3513,Sturnella magna,Eastern Meadowlark,0.5241,D:/AcousticMonitoringData/ELDON2_Data/Week18\ELDON2_20250508_060802.wav,20250508
3516,3519,Sturnella magna,Eastern Meadowlark,0.1812,D:/AcousticMonitoringData/ELDON2_Data/Week18\ELDON2_20250508_060802.wav,20250508
3519,3522,Sturnella magna,Eastern Meadowlark,0.5943,D:/AcousticMonitoringData/ELDON2_Data/Week18\ELDON2_20250508_060802.wav,20250508
3519,3522,Passerina caerulea,Blue Grosbeak,0.0113,D:/AcousticMonitoringData/ELDON2_Data/Week18\ELDON2_20250508_060802.wav,20250508
3528,3531,Sturnella magna,Eastern Meadowlark,0.0199,D:/AcousticMonitoringData/ELDON2_Data/Week18\ELDON2_20250508_060802.wav,20250508
3528,3531,Spizella pusilla,Field Sparrow,0.0101,D:/AcousticMonitoringData/ELDON2_Data/Week18\ELDON2_20250508_060802.wav,20250508
3531,3534,Sturnella magna,Eastern Meadowlark,0.8832,D:/AcousticMonitoringData/ELDON2_Data/Week18\ELDON2_20250508_060802.wav,20250508
3534,3537,Sturnella magna,Eastern Meadowlark,0.0144,D:/AcousticMonitoringData/ELDON2_Data/Week18\ELDON2_20250508_060802.wav,20250508
3534,3537,Spizella pusilla,Field Sparrow,0.0123,D:/AcousticMonitoringData/ELDON2_Data/Week18\ELDON2_20250508_060802.wav,20250508
3540,3543,Sturnella magna,Eastern Meadowlark,0.0231,D:/AcousticMonitoringData/ELDON2_Data/Week18\ELDON2_20250508_060802.wav,20250508
3549,3552,Sturnella magna,Eastern Meadowlark,0.9499,D:/AcousticMonitoringData/ELDON2_Data/Week18\ELDON2_20250508_060802.wav,20250508
3549,3552,Passerina caerulea,Blue Grosbeak,0.0401,D:/AcousticMonitoringData/ELDON2_Data/Week18\ELDON2_20250508_060802.wav,20250508
3549,3552,Bartramia longicauda,Upland Sandpiper,0.0135,D:/AcousticMonitoringData/ELDON2_Data/Week18\ELDON2_20250508_060802.wav,20250508
3552,3555,Sturnella magna,Eastern Meadowlark,0.0101,D:/AcousticMonitoringData/ELDON2_Data/Week18\ELDON2_20250508_060802.wav,20250508
3555,3558,Sturnella magna,Eastern Meadowlark,0.0143,D:/AcousticMonitoringData/ELDON2_Data/Week18\ELDON2_20250508_060802.wav,20250508
3561,3564,Sturnella magna,Eastern Meadowlark,0.014,D:/AcousticMonitoringData/ELDON2_Data/Week18\ELDON2_20250508_060802.wav,20250508
3564,3567,Sturnella magna,Eastern Meadowlark,0.9772,D:/AcousticMonitoringData/ELDON2_Data/Week18\ELDON2_20250508_060802.wav,20250508
3567,3570,Sturnella magna,Eastern Meadowlark,0.0174,D:/AcousticMonitoringData/ELDON2_Data/Week18\ELDON2_20250508_060802.wav,20250508
3570,3573,Sturnella magna,Eastern Meadowlark,0.0257,D:/AcousticMonitoringData/ELDON2_Data/Week18\ELDON2_20250508_060802.wav,20250508
3570,3573,Passerina caerulea,Blue Grosbeak,0.0108,D:/AcousticMonitoringData/ELDON2_Data/Week18\ELDON2_20250508_060802.wav,20250508
3573,3576,Passerina caerulea,Blue Grosbeak,0.0148,D:/AcousticMonitoringData/ELDON2_Data/Week18\ELDON2_20250508_060802.wav,20250508
3573,3576,Spizella pusilla,Field Sparrow,0.0131,D:/AcousticMonitoringData/ELDON2_Data/Week18\ELDON2_20250508_060802.wav,20250508
3573,3576,Sturnella magna,Eastern Meadowlark,0.0127,D:/AcousticMonitoringData/ELDON2_Data/Week18\ELDON2_20250508_060802.wav,20250508
3576,3579,Sturnella magna,Eastern Meadowlark,0.0213,D:/AcousticMonitoringData/ELDON2_Data/Week18\ELDON2_20250508_060802.wav,20250508
3579,3582,Sturnella magna,Eastern Meadowlark,0.0224,D:/AcousticMonitoringData/ELDON2_Data/Week18\ELDON2_20250508_060802.wav,20250508
3582,3585,Sturnella magna,Eastern Meadowlark,0.036,D:/AcousticMonitoringData/ELDON2_Data/Week18\ELDON2_20250508_060802.wav,20250508
3585,3588,Sturnella magna,Eastern Meadowlark,0.029,D:/AcousticMonitoringData/ELDON2_Data/Week18\ELDON2_20250508_060802.wav,20250508
3585,3588,Geothlypis trichas,Common Yellowthroat,0.0255,D:/AcousticMonitoringData/ELDON2_Data/Week18\ELDON2_20250508_060802.wav,20250508
3585,3588,Passerina caerulea,Blue Grosbeak,0.0197,D:/AcousticMonitoringData/ELDON2_Data/Week18\ELDON2_20250508_060802.wav,20250508
3588,3591,Sturnella magna,Eastern Meadowlark,0.0246,D:/AcousticMonitoringData/ELDON2_Data/Week18\ELDON2_20250508_060802.wav,20250508
3588,3591,Passerina caerulea,Blue Grosbeak,0.0157,D:/AcousticMonitoringData/ELDON2_Data/Week18\ELDON2_20250508_060802.wav,20250508
3591,3594,Sturnella magna,Eastern Meadowlark,0.02,D:/AcousticMonitoringData/ELDON2_Data/Week18\ELDON2_20250508_060802.wav,20250508
3594,3597,Sturnella magna,Eastern Meadowlark,0.0294,D:/AcousticMonitoringData/ELDON2_Data/Week18\ELDON2_20250508_060802.wav,20250508
3594,3597,Passerina caerulea,Blue Grosbeak,0.0119,D:/AcousticMonitoringData/ELDON2_Data/Week18\ELDON2_20250508_060802.wav,20250508
3594,3597,Geothlypis trichas,Common Yellowthroat,0.0108,D:/AcousticMonitoringData/ELDON2_Data/Week18\ELDON2_20250508_060802.wav,20250508
3594,3597,Spizella pusilla,Field Sparrow,0.0105,D:/AcousticMonitoringData/ELDON2_Data/Week18\ELDON2_20250508_060802.wav,20250508
3597,3600,Passerina caerulea,Blue Grosbeak,0.016,D:/AcousticMonitoringData/ELDON2_Data/Week18\ELDON2_20250508_060802.wav,20250508
3597,3600,Sturnella magna,Eastern Meadowlark,0.0105,D:/AcousticMonitoringData/ELDON2_Data/Week18\ELDON2_20250508_060802.wav,20250508
3600,3603,Sturnella magna,Eastern Meadowlark,0.0169,D:/AcousticMonitoringData/ELDON2_Data/Week18\ELDON2_20250508_060802.wav,20250508
