Start (s),End (s),Scientific name,Common name,Confidence,File
6.0,9.0,Spizella pusilla,Field Sparrow,0.6572,D:\AcousticMonitoringData\ELDON8_Data\Week24\ELDON8_20250627_055002.wav
12.0,15.0,Geothlypis trichas,Common Yellowthroat,0.0572,D:\AcousticMonitoringData\ELDON8_Data\Week24\ELDON8_20250627_055002.wav
15.0,18.0,Spizella pusilla,Field Sparrow,0.3299,D:\AcousticMonitoringData\ELDON8_Data\Week24\ELDON8_20250627_055002.wav
18.0,21.0,Spizella pusilla,Field Sparrow,0.0533,D:\AcousticMonitoringData\ELDON8_Data\Week24\ELDON8_20250627_055002.wav
21.0,24.0,Spizella pusilla,Field Sparrow,0.1912,D:\AcousticMonitoringData\ELDON8_Data\Week24\ELDON8_20250627_055002.wav
24.0,27.0,Spizella pusilla,Field Sparrow,0.4442,D:\AcousticMonitoringData\ELDON8_Data\Week24\ELDON8_20250627_055002.wav
27.0,30.0,Spizella pusilla,Field Sparrow,0.3527,D:\AcousticMonitoringData\ELDON8_Data\Week24\ELDON8_20250627_055002.wav
33.0,36.0,Spizella pusilla,Field Sparrow,0.2463,D:\AcousticMonitoringData\ELDON8_Data\Week24\ELDON8_20250627_055002.wav
36.0,39.0,Spizella pusilla,Field Sparrow,0.6292,D:\AcousticMonitoringData\ELDON8_Data\Week24\ELDON8_20250627_055002.wav
45.0,48.0,Spizella pusilla,Field Sparrow,0.5925,D:\AcousticMonitoringData\ELDON8_Data\Week24\ELDON8_20250627_055002.wav
48.0,51.0,Passerina caerulea,Blue Grosbeak,0.0810,D:\AcousticMonitoringData\ELDON8_Data\Week24\ELDON8_20250627_055002.wav
51.0,54.0,Passerina caerulea,Blue Grosbeak,0.0937,D:\AcousticMonitoringData\ELDON8_Data\Week24\ELDON8_20250627_055002.wav
51.0,54.0,Geothlypis trichas,Common Yellowthroat,0.0507,D:\AcousticMonitoringData\ELDON8_Data\Week24\ELDON8_20250627_055002.wav
54.0,57.0,Spizella pusilla,Field Sparrow,0.8320,D:\AcousticMonitoringData\ELDON8_Data\Week24\ELDON8_20250627_055002.wav
63.0,66.0,Spizella pusilla,Field Sparrow,0.7936,D:\AcousticMonitoringData\ELDON8_Data\Week24\ELDON8_20250627_055002.wav
66.0,69.0,Spizella pusilla,Field Sparrow,0.3255,D:\AcousticMonitoringData\ELDON8_Data\Week24\ELDON8_20250627_055002.wav
75.0,78.0,Spizella pusilla,Field Sparrow,0.1806,D:\AcousticMonitoringData\ELDON8_Data\Week24\ELDON8_20250627_055002.wav
78.0,81.0,Spizella pusilla,Field Sparrow,0.8116,D:\AcousticMonitoringData\ELDON8_Data\Week24\ELDON8_20250627_055002.wav
84.0,87.0,Spizella pusilla,Field Sparrow,0.4720,D:\AcousticMonitoringData\ELDON8_Data\Week24\ELDON8_20250627_055002.wav
87.0,90.0,Spizella pusilla,Field Sparrow,0.4071,D:\AcousticMonitoringData\ELDON8_Data\Week24\ELDON8_20250627_055002.wav
93.0,96.0,Spizella pusilla,Field Sparrow,0.1462,D:\AcousticMonitoringData\ELDON8_Data\Week24\ELDON8_20250627_055002.wav
96.0,99.0,Spizella pusilla,Field Sparrow,0.6881,D:\AcousticMonitoringData\ELDON8_Data\Week24\ELDON8_20250627_055002.wav
99.0,102.0,Passerina caerulea,Blue Grosbeak,0.0729,D:\AcousticMonitoringData\ELDON8_Data\Week24\ELDON8_20250627_055002.wav
105.0,108.0,Spizella pusilla,Field Sparrow,0.6541,D:\AcousticMonitoringData\ELDON8_Data\Week24\ELDON8_20250627_055002.wav
108.0,111.0,Spizella pusilla,Field Sparrow,0.6408,D:\AcousticMonitoringData\ELDON8_Data\Week24\ELDON8_20250627_055002.wav
111.0,114.0,Spizella pusilla,Field Sparrow,0.1230,D:\AcousticMonitoringData\ELDON8_Data\Week24\ELDON8_20250627_055002.wav
111.0,114.0,Passerina caerulea,Blue Grosbeak,0.0671,D:\AcousticMonitoringData\ELDON8_Data\Week24\ELDON8_20250627_055002.wav
117.0,120.0,Spizella pusilla,Field Sparrow,0.8197,D:\AcousticMonitoringData\ELDON8_Data\Week24\ELDON8_20250627_055002.wav
129.0,132.0,Spizella pusilla,Field Sparrow,0.0706,D:\AcousticMonitoringData\ELDON8_Data\Week24\ELDON8_20250627_055002.wav
132.0,135.0,Spizella pusilla,Field Sparrow,0.8834,D:\AcousticMonitoringData\ELDON8_Data\Week24\ELDON8_20250627_055002.wav
135.0,138.0,Spizella pusilla,Field Sparrow,0.2551,D:\AcousticMonitoringData\ELDON8_Data\Week24\ELDON8_20250627_055002.wav
141.0,144.0,Spizella pusilla,Field Sparrow,0.6867,D:\AcousticMonitoringData\ELDON8_Data\Week24\ELDON8_20250627_055002.wav
150.0,153.0,Spizella pusilla,Field Sparrow,0.3885,D:\AcousticMonitoringData\ELDON8_Data\Week24\ELDON8_20250627_055002.wav
153.0,156.0,Spizella pusilla,Field Sparrow,0.6572,D:\AcousticMonitoringData\ELDON8_Data\Week24\ELDON8_20250627_055002.wav
159.0,162.0,Passerina caerulea,Blue Grosbeak,0.0818,D:\AcousticMonitoringData\ELDON8_Data\Week24\ELDON8_20250627_055002.wav
162.0,165.0,Spizella pusilla,Field Sparrow,0.5951,D:\AcousticMonitoringData\ELDON8_Data\Week24\ELDON8_20250627_055002.wav
174.0,177.0,Spizella pusilla,Field Sparrow,0.7761,D:\AcousticMonitoringData\ELDON8_Data\Week24\ELDON8_20250627_055002.wav
180.0,183.0,Spizella pusilla,Field Sparrow,0.0578,D:\AcousticMonitoringData\ELDON8_Data\Week24\ELDON8_20250627_055002.wav
183.0,186.0,Spizella pusilla,Field Sparrow,0.2402,D:\AcousticMonitoringData\ELDON8_Data\Week24\ELDON8_20250627_055002.wav
186.0,189.0,Spizella pusilla,Field Sparrow,0.7064,D:\AcousticMonitoringData\ELDON8_Data\Week24\ELDON8_20250627_055002.wav
192.0,195.0,Passerina caerulea,Blue Grosbeak,0.0558,D:\AcousticMonitoringData\ELDON8_Data\Week24\ELDON8_20250627_055002.wav
195.0,198.0,Spizella pusilla,Field Sparrow,0.5916,D:\AcousticMonitoringData\ELDON8_Data\Week24\ELDON8_20250627_055002.wav
204.0,207.0,Spizella pusilla,Field Sparrow,0.0911,D:\AcousticMonitoringData\ELDON8_Data\Week24\ELDON8_20250627_055002.wav
204.0,207.0,Passerina caerulea,Blue Grosbeak,0.0528,D:\AcousticMonitoringData\ELDON8_Data\Week24\ELDON8_20250627_055002.wav
207.0,210.0,Spizella pusilla,Field Sparrow,0.6599,D:\AcousticMonitoringData\ELDON8_Data\Week24\ELDON8_20250627_055002.wav
213.0,216.0,Spizella pusilla,Field Sparrow,0.5458,D:\AcousticMonitoringData\ELDON8_Data\Week24\ELDON8_20250627_055002.wav
216.0,219.0,Spizella pusilla,Field Sparrow,0.2720,D:\AcousticMonitoringData\ELDON8_Data\Week24\ELDON8_20250627_055002.wav
222.0,225.0,Spizella pusilla,Field Sparrow,0.1217,D:\AcousticMonitoringData\ELDON8_Data\Week24\ELDON8_20250627_055002.wav
225.0,228.0,Spizella pusilla,Field Sparrow,0.5513,D:\AcousticMonitoringData\ELDON8_Data\Week24\ELDON8_20250627_055002.wav
231.0,234.0,Spizella pusilla,Field Sparrow,0.0728,D:\AcousticMonitoringData\ELDON8_Data\Week24\ELDON8_20250627_055002.wav
234.0,237.0,Spizella pusilla,Field Sparrow,0.6651,D:\AcousticMonitoringData\ELDON8_Data\Week24\ELDON8_20250627_055002.wav
237.0,240.0,Passerina caerulea,Blue Grosbeak,0.1133,D:\AcousticMonitoringData\ELDON8_Data\Week24\ELDON8_20250627_055002.wav
237.0,240.0,Spizella pusilla,Field Sparrow,0.0532,D:\AcousticMonitoringData\ELDON8_Data\Week24\ELDON8_20250627_055002.wav
243.0,246.0,Spizella pusilla,Field Sparrow,0.1631,D:\AcousticMonitoringData\ELDON8_Data\Week24\ELDON8_20250627_055002.wav
252.0,255.0,Geothlypis trichas,Common Yellowthroat,0.0501,D:\AcousticMonitoringData\ELDON8_Data\Week24\ELDON8_20250627_055002.wav
255.0,258.0,Spizella pusilla,Field Sparrow,0.5180,D:\AcousticMonitoringData\ELDON8_Data\Week24\ELDON8_20250627_055002.wav
258.0,261.0,Passerina caerulea,Blue Grosbeak,0.0706,D:\AcousticMonitoringData\ELDON8_Data\Week24\ELDON8_20250627_055002.wav
261.0,264.0,Geothlypis trichas,Common Yellowthroat,0.0558,D:\AcousticMonitoringData\ELDON8_Data\Week24\ELDON8_20250627_055002.wav
267.0,270.0,Spizella pusilla,Field Sparrow,0.1253,D:\AcousticMonitoringData\ELDON8_Data\Week24\ELDON8_20250627_055002.wav
270.0,273.0,Spizella pusilla,Field Sparrow,0.4893,D:\AcousticMonitoringData\ELDON8_Data\Week24\ELDON8_20250627_055002.wav
282.0,285.0,Spizella pusilla,Field Sparrow,0.1119,D:\AcousticMonitoringData\ELDON8_Data\Week24\ELDON8_20250627_055002.wav
291.0,294.0,Spizella pusilla,Field Sparrow,0.5017,D:\AcousticMonitoringData\ELDON8_Data\Week24\ELDON8_20250627_055002.wav
303.0,306.0,Spizella pusilla,Field Sparrow,0.7862,D:\AcousticMonitoringData\ELDON8_Data\Week24\ELDON8_20250627_055002.wav
324.0,327.0,Spizella pusilla,Field Sparrow,0.1015,D:\AcousticMonitoringData\ELDON8_Data\Week24\ELDON8_20250627_055002.wav
324.0,327.0,Passerina caerulea,Blue Grosbeak,0.0566,D:\AcousticMonitoringData\ELDON8_Data\Week24\ELDON8_20250627_055002.wav
339.0,342.0,Spizella pusilla,Field Sparrow,0.1412,D:\AcousticMonitoringData\ELDON8_Data\Week24\ELDON8_20250627_055002.wav
345.0,348.0,Spizella pusilla,Field Sparrow,0.0571,D:\AcousticMonitoringData\ELDON8_Data\Week24\ELDON8_20250627_055002.wav
348.0,351.0,Spizella pusilla,Field Sparrow,0.1217,D:\AcousticMonitoringData\ELDON8_Data\Week24\ELDON8_20250627_055002.wav
354.0,357.0,Passerina caerulea,Blue Grosbeak,0.0836,D:\AcousticMonitoringData\ELDON8_Data\Week24\ELDON8_20250627_055002.wav
357.0,360.0,Spizella pusilla,Field Sparrow,0.0521,D:\AcousticMonitoringData\ELDON8_Data\Week24\ELDON8_20250627_055002.wav
360.0,363.0,Spizella pusilla,Field Sparrow,0.1989,D:\AcousticMonitoringData\ELDON8_Data\Week24\ELDON8_20250627_055002.wav
360.0,363.0,Passerina caerulea,Blue Grosbeak,0.1168,D:\AcousticMonitoringData\ELDON8_Data\Week24\ELDON8_20250627_055002.wav
363.0,366.0,Geothlypis trichas,Common Yellowthroat,0.0783,D:\AcousticMonitoringData\ELDON8_Data\Week24\ELDON8_20250627_055002.wav
366.0,369.0,Spizella pusilla,Field Sparrow,0.0942,D:\AcousticMonitoringData\ELDON8_Data\Week24\ELDON8_20250627_055002.wav
369.0,372.0,Spizella pusilla,Field Sparrow,0.3995,D:\AcousticMonitoringData\ELDON8_Data\Week24\ELDON8_20250627_055002.wav
381.0,384.0,Spizella pusilla,Field Sparrow,0.3083,D:\AcousticMonitoringData\ELDON8_Data\Week24\ELDON8_20250627_055002.wav
384.0,387.0,Spizella pusilla,Field Sparrow,0.1040,D:\AcousticMonitoringData\ELDON8_Data\Week24\ELDON8_20250627_055002.wav
393.0,396.0,Spizella pusilla,Field Sparrow,0.1265,D:\AcousticMonitoringData\ELDON8_Data\Week24\ELDON8_20250627_055002.wav
396.0,399.0,Spizella pusilla,Field Sparrow,0.3507,D:\AcousticMonitoringData\ELDON8_Data\Week24\ELDON8_20250627_055002.wav
408.0,411.0,Spizella pusilla,Field Sparrow,0.1741,D:\AcousticMonitoringData\ELDON8_Data\Week24\ELDON8_20250627_055002.wav
414.0,417.0,Passerina caerulea,Blue Grosbeak,0.0760,D:\AcousticMonitoringData\ELDON8_Data\Week24\ELDON8_20250627_055002.wav
417.0,420.0,Geothlypis trichas,Common Yellowthroat,0.0541,D:\AcousticMonitoringData\ELDON8_Data\Week24\ELDON8_20250627_055002.wav
420.0,423.0,Spizella pusilla,Field Sparrow,0.0960,D:\AcousticMonitoringData\ELDON8_Data\Week24\ELDON8_20250627_055002.wav
420.0,423.0,Passerina caerulea,Blue Grosbeak,0.0715,D:\AcousticMonitoringData\ELDON8_Data\Week24\ELDON8_20250627_055002.wav
423.0,426.0,Spizella pusilla,Field Sparrow,0.0854,D:\AcousticMonitoringData\ELDON8_Data\Week24\ELDON8_20250627_055002.wav
426.0,429.0,Passerina caerulea,Blue Grosbeak,0.0727,D:\AcousticMonitoringData\ELDON8_Data\Week24\ELDON8_20250627_055002.wav
426.0,429.0,Spizella pusilla,Field Sparrow,0.0506,D:\AcousticMonitoringData\ELDON8_Data\Week24\ELDON8_20250627_055002.wav
435.0,438.0,Passerina caerulea,Blue Grosbeak,0.0556,D:\AcousticMonitoringData\ELDON8_Data\Week24\ELDON8_20250627_055002.wav
444.0,447.0,Passerina caerulea,Blue Grosbeak,0.0538,D:\AcousticMonitoringData\ELDON8_Data\Week24\ELDON8_20250627_055002.wav
450.0,453.0,Spizella pusilla,Field Sparrow,0.0922,D:\AcousticMonitoringData\ELDON8_Data\Week24\ELDON8_20250627_055002.wav
453.0,456.0,Spizella pusilla,Field Sparrow,0.1772,D:\AcousticMonitoringData\ELDON8_Data\Week24\ELDON8_20250627_055002.wav
477.0,480.0,Geothlypis trichas,Common Yellowthroat,0.0712,D:\AcousticMonitoringData\ELDON8_Data\Week24\ELDON8_20250627_055002.wav
480.0,483.0,Spizella pusilla,Field Sparrow,0.0732,D:\AcousticMonitoringData\ELDON8_Data\Week24\ELDON8_20250627_055002.wav
483.0,486.0,Spizella pusilla,Field Sparrow,0.5903,D:\AcousticMonitoringData\ELDON8_Data\Week24\ELDON8_20250627_055002.wav
486.0,489.0,Spizella pusilla,Field Sparrow,0.1509,D:\AcousticMonitoringData\ELDON8_Data\Week24\ELDON8_20250627_055002.wav
486.0,489.0,Geothlypis trichas,Common Yellowthroat,0.0505,D:\AcousticMonitoringData\ELDON8_Data\Week24\ELDON8_20250627_055002.wav
495.0,498.0,Spizella pusilla,Field Sparrow,0.8182,D:\AcousticMonitoringData\ELDON8_Data\Week24\ELDON8_20250627_055002.wav
495.0,498.0,Geothlypis trichas,Common Yellowthroat,0.0785,D:\AcousticMonitoringData\ELDON8_Data\Week24\ELDON8_20250627_055002.wav
501.0,504.0,Spizella pusilla,Field Sparrow,0.7558,D:\AcousticMonitoringData\ELDON8_Data\Week24\ELDON8_20250627_055002.wav
504.0,507.0,Spizella pusilla,Field Sparrow,0.5853,D:\AcousticMonitoringData\ELDON8_Data\Week24\ELDON8_20250627_055002.wav
513.0,516.0,Geothlypis trichas,Common Yellowthroat,0.1724,D:\AcousticMonitoringData\ELDON8_Data\Week24\ELDON8_20250627_055002.wav
537.0,540.0,Spizella pusilla,Field Sparrow,0.2873,D:\AcousticMonitoringData\ELDON8_Data\Week24\ELDON8_20250627_055002.wav
540.0,543.0,Spizella pusilla,Field Sparrow,0.1055,D:\AcousticMonitoringData\ELDON8_Data\Week24\ELDON8_20250627_055002.wav
543.0,546.0,Geothlypis trichas,Common Yellowthroat,0.0897,D:\AcousticMonitoringData\ELDON8_Data\Week24\ELDON8_20250627_055002.wav
546.0,549.0,Spizella pusilla,Field Sparrow,0.0967,D:\AcousticMonitoringData\ELDON8_Data\Week24\ELDON8_20250627_055002.wav
549.0,552.0,Spizella pusilla,Field Sparrow,0.2565,D:\AcousticMonitoringData\ELDON8_Data\Week24\ELDON8_20250627_055002.wav
555.0,558.0,Spizella pusilla,Field Sparrow,0.1044,D:\AcousticMonitoringData\ELDON8_Data\Week24\ELDON8_20250627_055002.wav
558.0,561.0,Spizella pusilla,Field Sparrow,0.0595,D:\AcousticMonitoringData\ELDON8_Data\Week24\ELDON8_20250627_055002.wav
561.0,564.0,Spizella pusilla,Field Sparrow,0.0532,D:\AcousticMonitoringData\ELDON8_Data\Week24\ELDON8_20250627_055002.wav
570.0,573.0,Spizella pusilla,Field Sparrow,0.2264,D:\AcousticMonitoringData\ELDON8_Data\Week24\ELDON8_20250627_055002.wav
573.0,576.0,Spizella pusilla,Field Sparrow,0.1036,D:\AcousticMonitoringData\ELDON8_Data\Week24\ELDON8_20250627_055002.wav
576.0,579.0,Passerina caerulea,Blue Grosbeak,0.0582,D:\AcousticMonitoringData\ELDON8_Data\Week24\ELDON8_20250627_055002.wav
582.0,585.0,Spizella pusilla,Field Sparrow,0.5907,D:\AcousticMonitoringData\ELDON8_Data\Week24\ELDON8_20250627_055002.wav
585.0,588.0,Spizella pusilla,Field Sparrow,0.1974,D:\AcousticMonitoringData\ELDON8_Data\Week24\ELDON8_20250627_055002.wav
585.0,588.0,Passerina caerulea,Blue Grosbeak,0.0633,D:\AcousticMonitoringData\ELDON8_Data\Week24\ELDON8_20250627_055002.wav
588.0,591.0,Geothlypis trichas,Common Yellowthroat,0.0582,D:\AcousticMonitoringData\ELDON8_Data\Week24\ELDON8_20250627_055002.wav
591.0,594.0,Spizella pusilla,Field Sparrow,0.7040,D:\AcousticMonitoringData\ELDON8_Data\Week24\ELDON8_20250627_055002.wav
594.0,597.0,Spizella pusilla,Field Sparrow,0.1581,D:\AcousticMonitoringData\ELDON8_Data\Week24\ELDON8_20250627_055002.wav
597.0,600.0,Geothlypis trichas,Common Yellowthroat,0.2479,D:\AcousticMonitoringData\ELDON8_Data\Week24\ELDON8_20250627_055002.wav
600.0,603.0,Passerina caerulea,Blue Grosbeak,0.0540,D:\AcousticMonitoringData\ELDON8_Data\Week24\ELDON8_20250627_055002.wav
606.0,609.0,Spizella pusilla,Field Sparrow,0.0825,D:\AcousticMonitoringData\ELDON8_Data\Week24\ELDON8_20250627_055002.wav
609.0,612.0,Geothlypis trichas,Common Yellowthroat,0.0507,D:\AcousticMonitoringData\ELDON8_Data\Week24\ELDON8_20250627_055002.wav
615.0,618.0,Spizella pusilla,Field Sparrow,0.2241,D:\AcousticMonitoringData\ELDON8_Data\Week24\ELDON8_20250627_055002.wav
618.0,621.0,Passerina caerulea,Blue Grosbeak,0.0696,D:\AcousticMonitoringData\ELDON8_Data\Week24\ELDON8_20250627_055002.wav
621.0,624.0,Spizella pusilla,Field Sparrow,0.0973,D:\AcousticMonitoringData\ELDON8_Data\Week24\ELDON8_20250627_055002.wav
630.0,633.0,Spizella pusilla,Field Sparrow,0.0726,D:\AcousticMonitoringData\ELDON8_Data\Week24\ELDON8_20250627_055002.wav
636.0,639.0,Geothlypis trichas,Common Yellowthroat,0.0672,D:\AcousticMonitoringData\ELDON8_Data\Week24\ELDON8_20250627_055002.wav
636.0,639.0,Spizella pusilla,Field Sparrow,0.0665,D:\AcousticMonitoringData\ELDON8_Data\Week24\ELDON8_20250627_055002.wav
636.0,639.0,Passerina caerulea,Blue Grosbeak,0.0582,D:\AcousticMonitoringData\ELDON8_Data\Week24\ELDON8_20250627_055002.wav
639.0,642.0,Passerina caerulea,Blue Grosbeak,0.0570,D:\AcousticMonitoringData\ELDON8_Data\Week24\ELDON8_20250627_055002.wav
645.0,648.0,Spizella pusilla,Field Sparrow,0.2139,D:\AcousticMonitoringData\ELDON8_Data\Week24\ELDON8_20250627_055002.wav
645.0,648.0,Geothlypis trichas,Common Yellowthroat,0.0973,D:\AcousticMonitoringData\ELDON8_Data\Week24\ELDON8_20250627_055002.wav
654.0,657.0,Spizella pusilla,Field Sparrow,0.0737,D:\AcousticMonitoringData\ELDON8_Data\Week24\ELDON8_20250627_055002.wav
657.0,660.0,Spizella pusilla,Field Sparrow,0.5259,D:\AcousticMonitoringData\ELDON8_Data\Week24\ELDON8_20250627_055002.wav
660.0,663.0,Spizella pusilla,Field Sparrow,0.0740,D:\AcousticMonitoringData\ELDON8_Data\Week24\ELDON8_20250627_055002.wav
660.0,663.0,Passerina caerulea,Blue Grosbeak,0.0584,D:\AcousticMonitoringData\ELDON8_Data\Week24\ELDON8_20250627_055002.wav
663.0,666.0,Passerina caerulea,Blue Grosbeak,0.0803,D:\AcousticMonitoringData\ELDON8_Data\Week24\ELDON8_20250627_055002.wav
669.0,672.0,Passerina caerulea,Blue Grosbeak,0.1229,D:\AcousticMonitoringData\ELDON8_Data\Week24\ELDON8_20250627_055002.wav
675.0,678.0,Passerina caerulea,Blue Grosbeak,0.0673,D:\AcousticMonitoringData\ELDON8_Data\Week24\ELDON8_20250627_055002.wav
675.0,678.0,Spizella pusilla,Field Sparrow,0.0577,D:\AcousticMonitoringData\ELDON8_Data\Week24\ELDON8_20250627_055002.wav
684.0,687.0,Spizella pusilla,Field Sparrow,0.1769,D:\AcousticMonitoringData\ELDON8_Data\Week24\ELDON8_20250627_055002.wav
687.0,690.0,Spizella pusilla,Field Sparrow,0.0954,D:\AcousticMonitoringData\ELDON8_Data\Week24\ELDON8_20250627_055002.wav
690.0,693.0,Spizella pusilla,Field Sparrow,0.1112,D:\AcousticMonitoringData\ELDON8_Data\Week24\ELDON8_20250627_055002.wav
690.0,693.0,Passerina caerulea,Blue Grosbeak,0.0590,D:\AcousticMonitoringData\ELDON8_Data\Week24\ELDON8_20250627_055002.wav
696.0,699.0,Geothlypis trichas,Common Yellowthroat,0.1532,D:\AcousticMonitoringData\ELDON8_Data\Week24\ELDON8_20250627_055002.wav
699.0,702.0,Spizella pusilla,Field Sparrow,0.2424,D:\AcousticMonitoringData\ELDON8_Data\Week24\ELDON8_20250627_055002.wav
702.0,705.0,Passerina caerulea,Blue Grosbeak,0.1014,D:\AcousticMonitoringData\ELDON8_Data\Week24\ELDON8_20250627_055002.wav
702.0,705.0,Spizella pusilla,Field Sparrow,0.1006,D:\AcousticMonitoringData\ELDON8_Data\Week24\ELDON8_20250627_055002.wav
705.0,708.0,Spizella pusilla,Field Sparrow,0.6535,D:\AcousticMonitoringData\ELDON8_Data\Week24\ELDON8_20250627_055002.wav
714.0,717.0,Spizella pusilla,Field Sparrow,0.9091,D:\AcousticMonitoringData\ELDON8_Data\Week24\ELDON8_20250627_055002.wav
717.0,720.0,Geothlypis trichas,Common Yellowthroat,0.0737,D:\AcousticMonitoringData\ELDON8_Data\Week24\ELDON8_20250627_055002.wav
723.0,726.0,Spizella pusilla,Field Sparrow,0.5114,D:\AcousticMonitoringData\ELDON8_Data\Week24\ELDON8_20250627_055002.wav
726.0,729.0,Spizella pusilla,Field Sparrow,0.8548,D:\AcousticMonitoringData\ELDON8_Data\Week24\ELDON8_20250627_055002.wav
729.0,732.0,Spizella pusilla,Field Sparrow,0.0899,D:\AcousticMonitoringData\ELDON8_Data\Week24\ELDON8_20250627_055002.wav
732.0,735.0,Spizella pusilla,Field Sparrow,0.0750,D:\AcousticMonitoringData\ELDON8_Data\Week24\ELDON8_20250627_055002.wav
738.0,741.0,Passerina caerulea,Blue Grosbeak,0.0670,D:\AcousticMonitoringData\ELDON8_Data\Week24\ELDON8_20250627_055002.wav
741.0,744.0,Geothlypis trichas,Common Yellowthroat,0.0586,D:\AcousticMonitoringData\ELDON8_Data\Week24\ELDON8_20250627_055002.wav
747.0,750.0,Bartramia longicauda,Upland Sandpiper,0.0579,D:\AcousticMonitoringData\ELDON8_Data\Week24\ELDON8_20250627_055002.wav
750.0,753.0,Spizella pusilla,Field Sparrow,0.0692,D:\AcousticMonitoringData\ELDON8_Data\Week24\ELDON8_20250627_055002.wav
753.0,756.0,Passerina caerulea,Blue Grosbeak,0.0627,D:\AcousticMonitoringData\ELDON8_Data\Week24\ELDON8_20250627_055002.wav
759.0,762.0,Spizella pusilla,Field Sparrow,0.1849,D:\AcousticMonitoringData\ELDON8_Data\Week24\ELDON8_20250627_055002.wav
768.0,771.0,Spizella pusilla,Field Sparrow,0.0671,D:\AcousticMonitoringData\ELDON8_Data\Week24\ELDON8_20250627_055002.wav
774.0,777.0,Spizella pusilla,Field Sparrow,0.0830,D:\AcousticMonitoringData\ELDON8_Data\Week24\ELDON8_20250627_055002.wav
786.0,789.0,Bartramia longicauda,Upland Sandpiper,0.2105,D:\AcousticMonitoringData\ELDON8_Data\Week24\ELDON8_20250627_055002.wav
795.0,798.0,Spizella pusilla,Field Sparrow,0.7490,D:\AcousticMonitoringData\ELDON8_Data\Week24\ELDON8_20250627_055002.wav
801.0,804.0,Spizella pusilla,Field Sparrow,0.6544,D:\AcousticMonitoringData\ELDON8_Data\Week24\ELDON8_20250627_055002.wav
804.0,807.0,Spizella pusilla,Field Sparrow,0.9130,D:\AcousticMonitoringData\ELDON8_Data\Week24\ELDON8_20250627_055002.wav
810.0,813.0,Passerina caerulea,Blue Grosbeak,0.0654,D:\AcousticMonitoringData\ELDON8_Data\Week24\ELDON8_20250627_055002.wav
813.0,816.0,Spizella pusilla,Field Sparrow,0.4890,D:\AcousticMonitoringData\ELDON8_Data\Week24\ELDON8_20250627_055002.wav
819.0,822.0,Spizella pusilla,Field Sparrow,0.0832,D:\AcousticMonitoringData\ELDON8_Data\Week24\ELDON8_20250627_055002.wav
822.0,825.0,Bartramia longicauda,Upland Sandpiper,0.1203,D:\AcousticMonitoringData\ELDON8_Data\Week24\ELDON8_20250627_055002.wav
825.0,828.0,Spizella pusilla,Field Sparrow,0.9205,D:\AcousticMonitoringData\ELDON8_Data\Week24\ELDON8_20250627_055002.wav
828.0,831.0,Spizella pusilla,Field Sparrow,0.1596,D:\AcousticMonitoringData\ELDON8_Data\Week24\ELDON8_20250627_055002.wav
831.0,834.0,Spizella pusilla,Field Sparrow,0.1120,D:\AcousticMonitoringData\ELDON8_Data\Week24\ELDON8_20250627_055002.wav
834.0,837.0,Spizella pusilla,Field Sparrow,0.1612,D:\AcousticMonitoringData\ELDON8_Data\Week24\ELDON8_20250627_055002.wav
843.0,846.0,Spizella pusilla,Field Sparrow,0.8351,D:\AcousticMonitoringData\ELDON8_Data\Week24\ELDON8_20250627_055002.wav
846.0,849.0,Spizella pusilla,Field Sparrow,0.3746,D:\AcousticMonitoringData\ELDON8_Data\Week24\ELDON8_20250627_055002.wav
846.0,849.0,Geothlypis trichas,Common Yellowthroat,0.0551,D:\AcousticMonitoringData\ELDON8_Data\Week24\ELDON8_20250627_055002.wav
855.0,858.0,Spizella pusilla,Field Sparrow,0.9109,D:\AcousticMonitoringData\ELDON8_Data\Week24\ELDON8_20250627_055002.wav
858.0,861.0,Geothlypis trichas,Common Yellowthroat,0.0600,D:\AcousticMonitoringData\ELDON8_Data\Week24\ELDON8_20250627_055002.wav
867.0,870.0,Spizella pusilla,Field Sparrow,0.5981,D:\AcousticMonitoringData\ELDON8_Data\Week24\ELDON8_20250627_055002.wav
876.0,879.0,Geothlypis trichas,Common Yellowthroat,0.1476,D:\AcousticMonitoringData\ELDON8_Data\Week24\ELDON8_20250627_055002.wav
879.0,882.0,Spizella pusilla,Field Sparrow,0.1139,D:\AcousticMonitoringData\ELDON8_Data\Week24\ELDON8_20250627_055002.wav
885.0,888.0,Spizella pusilla,Field Sparrow,0.7749,D:\AcousticMonitoringData\ELDON8_Data\Week24\ELDON8_20250627_055002.wav
888.0,891.0,Passerina caerulea,Blue Grosbeak,0.0711,D:\AcousticMonitoringData\ELDON8_Data\Week24\ELDON8_20250627_055002.wav
891.0,894.0,Spizella pusilla,Field Sparrow,0.0540,D:\AcousticMonitoringData\ELDON8_Data\Week24\ELDON8_20250627_055002.wav
897.0,900.0,Spizella pusilla,Field Sparrow,0.6329,D:\AcousticMonitoringData\ELDON8_Data\Week24\ELDON8_20250627_055002.wav
897.0,900.0,Geothlypis trichas,Common Yellowthroat,0.0727,D:\AcousticMonitoringData\ELDON8_Data\Week24\ELDON8_20250627_055002.wav
903.0,906.0,Spizella pusilla,Field Sparrow,0.3240,D:\AcousticMonitoringData\ELDON8_Data\Week24\ELDON8_20250627_055002.wav
909.0,912.0,Spizella pusilla,Field Sparrow,0.8069,D:\AcousticMonitoringData\ELDON8_Data\Week24\ELDON8_20250627_055002.wav
924.0,927.0,Spizella pusilla,Field Sparrow,0.6574,D:\AcousticMonitoringData\ELDON8_Data\Week24\ELDON8_20250627_055002.wav
927.0,930.0,Spizella pusilla,Field Sparrow,0.9485,D:\AcousticMonitoringData\ELDON8_Data\Week24\ELDON8_20250627_055002.wav
930.0,933.0,Bartramia longicauda,Upland Sandpiper,0.6597,D:\AcousticMonitoringData\ELDON8_Data\Week24\ELDON8_20250627_055002.wav
930.0,933.0,Spizella pusilla,Field Sparrow,0.1148,D:\AcousticMonitoringData\ELDON8_Data\Week24\ELDON8_20250627_055002.wav
936.0,939.0,Spizella pusilla,Field Sparrow,0.0638,D:\AcousticMonitoringData\ELDON8_Data\Week24\ELDON8_20250627_055002.wav
939.0,942.0,Spizella pusilla,Field Sparrow,0.5127,D:\AcousticMonitoringData\ELDON8_Data\Week24\ELDON8_20250627_055002.wav
942.0,945.0,Spizella pusilla,Field Sparrow,0.2373,D:\AcousticMonitoringData\ELDON8_Data\Week24\ELDON8_20250627_055002.wav
945.0,948.0,Bartramia longicauda,Upland Sandpiper,0.0752,D:\AcousticMonitoringData\ELDON8_Data\Week24\ELDON8_20250627_055002.wav
948.0,951.0,Spizella pusilla,Field Sparrow,0.8845,D:\AcousticMonitoringData\ELDON8_Data\Week24\ELDON8_20250627_055002.wav
951.0,954.0,Spizella pusilla,Field Sparrow,0.0840,D:\AcousticMonitoringData\ELDON8_Data\Week24\ELDON8_20250627_055002.wav
960.0,963.0,Spizella pusilla,Field Sparrow,0.0700,D:\AcousticMonitoringData\ELDON8_Data\Week24\ELDON8_20250627_055002.wav
963.0,966.0,Spizella pusilla,Field Sparrow,0.5907,D:\AcousticMonitoringData\ELDON8_Data\Week24\ELDON8_20250627_055002.wav
969.0,972.0,Spizella pusilla,Field Sparrow,0.0523,D:\AcousticMonitoringData\ELDON8_Data\Week24\ELDON8_20250627_055002.wav
972.0,975.0,Spizella pusilla,Field Sparrow,0.8367,D:\AcousticMonitoringData\ELDON8_Data\Week24\ELDON8_20250627_055002.wav
975.0,978.0,Spizella pusilla,Field Sparrow,0.7337,D:\AcousticMonitoringData\ELDON8_Data\Week24\ELDON8_20250627_055002.wav
978.0,981.0,Geothlypis trichas,Common Yellowthroat,0.0502,D:\AcousticMonitoringData\ELDON8_Data\Week24\ELDON8_20250627_055002.wav
984.0,987.0,Spizella pusilla,Field Sparrow,0.9798,D:\AcousticMonitoringData\ELDON8_Data\Week24\ELDON8_20250627_055002.wav
987.0,990.0,Spizella pusilla,Field Sparrow,0.6630,D:\AcousticMonitoringData\ELDON8_Data\Week24\ELDON8_20250627_055002.wav
999.0,1002.0,Geothlypis trichas,Common Yellowthroat,0.2626,D:\AcousticMonitoringData\ELDON8_Data\Week24\ELDON8_20250627_055002.wav
1002.0,1005.0,Spizella pusilla,Field Sparrow,0.6273,D:\AcousticMonitoringData\ELDON8_Data\Week24\ELDON8_20250627_055002.wav
1005.0,1008.0,Spizella pusilla,Field Sparrow,0.4761,D:\AcousticMonitoringData\ELDON8_Data\Week24\ELDON8_20250627_055002.wav
1008.0,1011.0,Sturnella magna,Eastern Meadowlark,0.0503,D:\AcousticMonitoringData\ELDON8_Data\Week24\ELDON8_20250627_055002.wav
1011.0,1014.0,Geothlypis trichas,Common Yellowthroat,0.0571,D:\AcousticMonitoringData\ELDON8_Data\Week24\ELDON8_20250627_055002.wav
1014.0,1017.0,Spizella pusilla,Field Sparrow,0.6127,D:\AcousticMonitoringData\ELDON8_Data\Week24\ELDON8_20250627_055002.wav
1020.0,1023.0,Geothlypis trichas,Common Yellowthroat,0.0794,D:\AcousticMonitoringData\ELDON8_Data\Week24\ELDON8_20250627_055002.wav
1023.0,1026.0,Spizella pusilla,Field Sparrow,0.2504,D:\AcousticMonitoringData\ELDON8_Data\Week24\ELDON8_20250627_055002.wav
1026.0,1029.0,Spizella pusilla,Field Sparrow,0.6192,D:\AcousticMonitoringData\ELDON8_Data\Week24\ELDON8_20250627_055002.wav
1029.0,1032.0,Bartramia longicauda,Upland Sandpiper,0.2363,D:\AcousticMonitoringData\ELDON8_Data\Week24\ELDON8_20250627_055002.wav
1038.0,1041.0,Spizella pusilla,Field Sparrow,0.2869,D:\AcousticMonitoringData\ELDON8_Data\Week24\ELDON8_20250627_055002.wav
1047.0,1050.0,Geothlypis trichas,Common Yellowthroat,0.0758,D:\AcousticMonitoringData\ELDON8_Data\Week24\ELDON8_20250627_055002.wav
1053.0,1056.0,Spizella pusilla,Field Sparrow,0.0818,D:\AcousticMonitoringData\ELDON8_Data\Week24\ELDON8_20250627_055002.wav
1056.0,1059.0,Geothlypis trichas,Common Yellowthroat,0.1409,D:\AcousticMonitoringData\ELDON8_Data\Week24\ELDON8_20250627_055002.wav
1059.0,1062.0,Spizella pusilla,Field Sparrow,0.0813,D:\AcousticMonitoringData\ELDON8_Data\Week24\ELDON8_20250627_055002.wav
1062.0,1065.0,Spizella pusilla,Field Sparrow,0.7738,D:\AcousticMonitoringData\ELDON8_Data\Week24\ELDON8_20250627_055002.wav
1065.0,1068.0,Geothlypis trichas,Common Yellowthroat,0.0882,D:\AcousticMonitoringData\ELDON8_Data\Week24\ELDON8_20250627_055002.wav
1065.0,1068.0,Spizella pusilla,Field Sparrow,0.0702,D:\AcousticMonitoringData\ELDON8_Data\Week24\ELDON8_20250627_055002.wav
1065.0,1068.0,Passerina caerulea,Blue Grosbeak,0.0528,D:\AcousticMonitoringData\ELDON8_Data\Week24\ELDON8_20250627_055002.wav
1071.0,1074.0,Spizella pusilla,Field Sparrow,0.2664,D:\AcousticMonitoringData\ELDON8_Data\Week24\ELDON8_20250627_055002.wav
1074.0,1077.0,Spizella pusilla,Field Sparrow,0.2044,D:\AcousticMonitoringData\ELDON8_Data\Week24\ELDON8_20250627_055002.wav
1080.0,1083.0,Spizella pusilla,Field Sparrow,0.0818,D:\AcousticMonitoringData\ELDON8_Data\Week24\ELDON8_20250627_055002.wav
1083.0,1086.0,Spizella pusilla,Field Sparrow,0.7488,D:\AcousticMonitoringData\ELDON8_Data\Week24\ELDON8_20250627_055002.wav
1089.0,1092.0,Bartramia longicauda,Upland Sandpiper,0.0536,D:\AcousticMonitoringData\ELDON8_Data\Week24\ELDON8_20250627_055002.wav
1092.0,1095.0,Spizella pusilla,Field Sparrow,0.0703,D:\AcousticMonitoringData\ELDON8_Data\Week24\ELDON8_20250627_055002.wav
1095.0,1098.0,Spizella pusilla,Field Sparrow,0.4886,D:\AcousticMonitoringData\ELDON8_Data\Week24\ELDON8_20250627_055002.wav
1104.0,1107.0,Spizella pusilla,Field Sparrow,0.5992,D:\AcousticMonitoringData\ELDON8_Data\Week24\ELDON8_20250627_055002.wav
1107.0,1110.0,Spizella pusilla,Field Sparrow,0.3983,D:\AcousticMonitoringData\ELDON8_Data\Week24\ELDON8_20250627_055002.wav
1110.0,1113.0,Bartramia longicauda,Upland Sandpiper,0.1532,D:\AcousticMonitoringData\ELDON8_Data\Week24\ELDON8_20250627_055002.wav
1110.0,1113.0,Spizella pusilla,Field Sparrow,0.0897,D:\AcousticMonitoringData\ELDON8_Data\Week24\ELDON8_20250627_055002.wav
1113.0,1116.0,Spizella pusilla,Field Sparrow,0.1651,D:\AcousticMonitoringData\ELDON8_Data\Week24\ELDON8_20250627_055002.wav
1116.0,1119.0,Spizella pusilla,Field Sparrow,0.0918,D:\AcousticMonitoringData\ELDON8_Data\Week24\ELDON8_20250627_055002.wav
1116.0,1119.0,Bartramia longicauda,Upland Sandpiper,0.0766,D:\AcousticMonitoringData\ELDON8_Data\Week24\ELDON8_20250627_055002.wav
1119.0,1122.0,Spizella pusilla,Field Sparrow,0.6289,D:\AcousticMonitoringData\ELDON8_Data\Week24\ELDON8_20250627_055002.wav
1131.0,1134.0,Spizella pusilla,Field Sparrow,0.9370,D:\AcousticMonitoringData\ELDON8_Data\Week24\ELDON8_20250627_055002.wav
1134.0,1137.0,Spizella pusilla,Field Sparrow,0.1703,D:\AcousticMonitoringData\ELDON8_Data\Week24\ELDON8_20250627_055002.wav
1143.0,1146.0,Geothlypis trichas,Common Yellowthroat,0.1243,D:\AcousticMonitoringData\ELDON8_Data\Week24\ELDON8_20250627_055002.wav
1152.0,1155.0,Geothlypis trichas,Common Yellowthroat,0.0758,D:\AcousticMonitoringData\ELDON8_Data\Week24\ELDON8_20250627_055002.wav
1158.0,1161.0,Spizella pusilla,Field Sparrow,0.4736,D:\AcousticMonitoringData\ELDON8_Data\Week24\ELDON8_20250627_055002.wav
1161.0,1164.0,Geothlypis trichas,Common Yellowthroat,0.0687,D:\AcousticMonitoringData\ELDON8_Data\Week24\ELDON8_20250627_055002.wav
1164.0,1167.0,Geothlypis trichas,Common Yellowthroat,0.1704,D:\AcousticMonitoringData\ELDON8_Data\Week24\ELDON8_20250627_055002.wav
1170.0,1173.0,Spizella pusilla,Field Sparrow,0.3154,D:\AcousticMonitoringData\ELDON8_Data\Week24\ELDON8_20250627_055002.wav
1173.0,1176.0,Geothlypis trichas,Common Yellowthroat,0.1105,D:\AcousticMonitoringData\ELDON8_Data\Week24\ELDON8_20250627_055002.wav
1176.0,1179.0,Spizella pusilla,Field Sparrow,0.6794,D:\AcousticMonitoringData\ELDON8_Data\Week24\ELDON8_20250627_055002.wav
1182.0,1185.0,Spizella pusilla,Field Sparrow,0.1763,D:\AcousticMonitoringData\ELDON8_Data\Week24\ELDON8_20250627_055002.wav
1185.0,1188.0,Spizella pusilla,Field Sparrow,0.2966,D:\AcousticMonitoringData\ELDON8_Data\Week24\ELDON8_20250627_055002.wav
1188.0,1191.0,Spizella pusilla,Field Sparrow,0.0769,D:\AcousticMonitoringData\ELDON8_Data\Week24\ELDON8_20250627_055002.wav
1191.0,1194.0,Spizella pusilla,Field Sparrow,0.9337,D:\AcousticMonitoringData\ELDON8_Data\Week24\ELDON8_20250627_055002.wav
1194.0,1197.0,Spizella pusilla,Field Sparrow,0.5333,D:\AcousticMonitoringData\ELDON8_Data\Week24\ELDON8_20250627_055002.wav
1194.0,1197.0,Geothlypis trichas,Common Yellowthroat,0.0522,D:\AcousticMonitoringData\ELDON8_Data\Week24\ELDON8_20250627_055002.wav
1194.0,1197.0,Passerina caerulea,Blue Grosbeak,0.0502,D:\AcousticMonitoringData\ELDON8_Data\Week24\ELDON8_20250627_055002.wav
1197.0,1200.0,Spizella pusilla,Field Sparrow,0.0872,D:\AcousticMonitoringData\ELDON8_Data\Week24\ELDON8_20250627_055002.wav
1197.0,1200.0,Passerina caerulea,Blue Grosbeak,0.0613,D:\AcousticMonitoringData\ELDON8_Data\Week24\ELDON8_20250627_055002.wav
1203.0,1206.0,Geothlypis trichas,Common Yellowthroat,0.1703,D:\AcousticMonitoringData\ELDON8_Data\Week24\ELDON8_20250627_055002.wav
1206.0,1209.0,Spizella pusilla,Field Sparrow,0.0705,D:\AcousticMonitoringData\ELDON8_Data\Week24\ELDON8_20250627_055002.wav
1209.0,1212.0,Spizella pusilla,Field Sparrow,0.6402,D:\AcousticMonitoringData\ELDON8_Data\Week24\ELDON8_20250627_055002.wav
1209.0,1212.0,Geothlypis trichas,Common Yellowthroat,0.2253,D:\AcousticMonitoringData\ELDON8_Data\Week24\ELDON8_20250627_055002.wav
1212.0,1215.0,Spizella pusilla,Field Sparrow,0.2412,D:\AcousticMonitoringData\ELDON8_Data\Week24\ELDON8_20250627_055002.wav
1215.0,1218.0,Geothlypis trichas,Common Yellowthroat,0.0517,D:\AcousticMonitoringData\ELDON8_Data\Week24\ELDON8_20250627_055002.wav
1218.0,1221.0,Geothlypis trichas,Common Yellowthroat,0.2017,D:\AcousticMonitoringData\ELDON8_Data\Week24\ELDON8_20250627_055002.wav
1221.0,1224.0,Spizella pusilla,Field Sparrow,0.1417,D:\AcousticMonitoringData\ELDON8_Data\Week24\ELDON8_20250627_055002.wav
1224.0,1227.0,Spizella pusilla,Field Sparrow,0.5655,D:\AcousticMonitoringData\ELDON8_Data\Week24\ELDON8_20250627_055002.wav
1227.0,1230.0,Spizella pusilla,Field Sparrow,0.1434,D:\AcousticMonitoringData\ELDON8_Data\Week24\ELDON8_20250627_055002.wav
1227.0,1230.0,Geothlypis trichas,Common Yellowthroat,0.0556,D:\AcousticMonitoringData\ELDON8_Data\Week24\ELDON8_20250627_055002.wav
1236.0,1239.0,Spizella pusilla,Field Sparrow,0.5869,D:\AcousticMonitoringData\ELDON8_Data\Week24\ELDON8_20250627_055002.wav
1236.0,1239.0,Geothlypis trichas,Common Yellowthroat,0.0701,D:\AcousticMonitoringData\ELDON8_Data\Week24\ELDON8_20250627_055002.wav
1239.0,1242.0,Spizella pusilla,Field Sparrow,0.8165,D:\AcousticMonitoringData\ELDON8_Data\Week24\ELDON8_20250627_055002.wav
1239.0,1242.0,Geothlypis trichas,Common Yellowthroat,0.1857,D:\AcousticMonitoringData\ELDON8_Data\Week24\ELDON8_20250627_055002.wav
1242.0,1245.0,Spizella pusilla,Field Sparrow,0.1305,D:\AcousticMonitoringData\ELDON8_Data\Week24\ELDON8_20250627_055002.wav
1245.0,1248.0,Geothlypis trichas,Common Yellowthroat,0.1124,D:\AcousticMonitoringData\ELDON8_Data\Week24\ELDON8_20250627_055002.wav
1254.0,1257.0,Geothlypis trichas,Common Yellowthroat,0.5298,D:\AcousticMonitoringData\ELDON8_Data\Week24\ELDON8_20250627_055002.wav
1257.0,1260.0,Spizella pusilla,Field Sparrow,0.3016,D:\AcousticMonitoringData\ELDON8_Data\Week24\ELDON8_20250627_055002.wav
1260.0,1263.0,Bartramia longicauda,Upland Sandpiper,0.1810,D:\AcousticMonitoringData\ELDON8_Data\Week24\ELDON8_20250627_055002.wav
1260.0,1263.0,Geothlypis trichas,Common Yellowthroat,0.1352,D:\AcousticMonitoringData\ELDON8_Data\Week24\ELDON8_20250627_055002.wav
1260.0,1263.0,Spizella pusilla,Field Sparrow,0.0579,D:\AcousticMonitoringData\ELDON8_Data\Week24\ELDON8_20250627_055002.wav
1263.0,1266.0,Geothlypis trichas,Common Yellowthroat,0.1305,D:\AcousticMonitoringData\ELDON8_Data\Week24\ELDON8_20250627_055002.wav
1266.0,1269.0,Passerina caerulea,Blue Grosbeak,0.0535,D:\AcousticMonitoringData\ELDON8_Data\Week24\ELDON8_20250627_055002.wav
1269.0,1272.0,Geothlypis trichas,Common Yellowthroat,0.1796,D:\AcousticMonitoringData\ELDON8_Data\Week24\ELDON8_20250627_055002.wav
1272.0,1275.0,Spizella pusilla,Field Sparrow,0.0836,D:\AcousticMonitoringData\ELDON8_Data\Week24\ELDON8_20250627_055002.wav
1272.0,1275.0,Geothlypis trichas,Common Yellowthroat,0.0725,D:\AcousticMonitoringData\ELDON8_Data\Week24\ELDON8_20250627_055002.wav
1275.0,1278.0,Spizella pusilla,Field Sparrow,0.8241,D:\AcousticMonitoringData\ELDON8_Data\Week24\ELDON8_20250627_055002.wav
1281.0,1284.0,Geothlypis trichas,Common Yellowthroat,0.4588,D:\AcousticMonitoringData\ELDON8_Data\Week24\ELDON8_20250627_055002.wav
1284.0,1287.0,Spizella pusilla,Field Sparrow,0.5240,D:\AcousticMonitoringData\ELDON8_Data\Week24\ELDON8_20250627_055002.wav
1290.0,1293.0,Spizella pusilla,Field Sparrow,0.7326,D:\AcousticMonitoringData\ELDON8_Data\Week24\ELDON8_20250627_055002.wav
1290.0,1293.0,Geothlypis trichas,Common Yellowthroat,0.0546,D:\AcousticMonitoringData\ELDON8_Data\Week24\ELDON8_20250627_055002.wav
1299.0,1302.0,Spizella pusilla,Field Sparrow,0.2093,D:\AcousticMonitoringData\ELDON8_Data\Week24\ELDON8_20250627_055002.wav
1302.0,1305.0,Spizella pusilla,Field Sparrow,0.2964,D:\AcousticMonitoringData\ELDON8_Data\Week24\ELDON8_20250627_055002.wav
1302.0,1305.0,Geothlypis trichas,Common Yellowthroat,0.0899,D:\AcousticMonitoringData\ELDON8_Data\Week24\ELDON8_20250627_055002.wav
1305.0,1308.0,Spizella pusilla,Field Sparrow,0.4201,D:\AcousticMonitoringData\ELDON8_Data\Week24\ELDON8_20250627_055002.wav
1308.0,1311.0,Geothlypis trichas,Common Yellowthroat,0.0539,D:\AcousticMonitoringData\ELDON8_Data\Week24\ELDON8_20250627_055002.wav
1311.0,1314.0,Geothlypis trichas,Common Yellowthroat,0.0915,D:\AcousticMonitoringData\ELDON8_Data\Week24\ELDON8_20250627_055002.wav
1311.0,1314.0,Spizella pusilla,Field Sparrow,0.0556,D:\AcousticMonitoringData\ELDON8_Data\Week24\ELDON8_20250627_055002.wav
1314.0,1317.0,Spizella pusilla,Field Sparrow,0.1788,D:\AcousticMonitoringData\ELDON8_Data\Week24\ELDON8_20250627_055002.wav
1317.0,1320.0,Spizella pusilla,Field Sparrow,0.2681,D:\AcousticMonitoringData\ELDON8_Data\Week24\ELDON8_20250627_055002.wav
1320.0,1323.0,Bartramia longicauda,Upland Sandpiper,0.2827,D:\AcousticMonitoringData\ELDON8_Data\Week24\ELDON8_20250627_055002.wav
1320.0,1323.0,Geothlypis trichas,Common Yellowthroat,0.1972,D:\AcousticMonitoringData\ELDON8_Data\Week24\ELDON8_20250627_055002.wav
1329.0,1332.0,Spizella pusilla,Field Sparrow,0.7949,D:\AcousticMonitoringData\ELDON8_Data\Week24\ELDON8_20250627_055002.wav
1332.0,1335.0,Spizella pusilla,Field Sparrow,0.5589,D:\AcousticMonitoringData\ELDON8_Data\Week24\ELDON8_20250627_055002.wav
1341.0,1344.0,Spizella pusilla,Field Sparrow,0.5210,D:\AcousticMonitoringData\ELDON8_Data\Week24\ELDON8_20250627_055002.wav
1344.0,1347.0,Spizella pusilla,Field Sparrow,0.9005,D:\AcousticMonitoringData\ELDON8_Data\Week24\ELDON8_20250627_055002.wav
1347.0,1350.0,Bartramia longicauda,Upland Sandpiper,0.0549,D:\AcousticMonitoringData\ELDON8_Data\Week24\ELDON8_20250627_055002.wav
1356.0,1359.0,Geothlypis trichas,Common Yellowthroat,0.1219,D:\AcousticMonitoringData\ELDON8_Data\Week24\ELDON8_20250627_055002.wav
1359.0,1362.0,Spizella pusilla,Field Sparrow,0.5488,D:\AcousticMonitoringData\ELDON8_Data\Week24\ELDON8_20250627_055002.wav
1362.0,1365.0,Spizella pusilla,Field Sparrow,0.2376,D:\AcousticMonitoringData\ELDON8_Data\Week24\ELDON8_20250627_055002.wav
1365.0,1368.0,Geothlypis trichas,Common Yellowthroat,0.1008,D:\AcousticMonitoringData\ELDON8_Data\Week24\ELDON8_20250627_055002.wav
1368.0,1371.0,Spizella pusilla,Field Sparrow,0.2924,D:\AcousticMonitoringData\ELDON8_Data\Week24\ELDON8_20250627_055002.wav
1371.0,1374.0,Spizella pusilla,Field Sparrow,0.0928,D:\AcousticMonitoringData\ELDON8_Data\Week24\ELDON8_20250627_055002.wav
1374.0,1377.0,Spizella pusilla,Field Sparrow,0.2309,D:\AcousticMonitoringData\ELDON8_Data\Week24\ELDON8_20250627_055002.wav
1386.0,1389.0,Spizella pusilla,Field Sparrow,0.4185,D:\AcousticMonitoringData\ELDON8_Data\Week24\ELDON8_20250627_055002.wav
1395.0,1398.0,Passerina caerulea,Blue Grosbeak,0.0526,D:\AcousticMonitoringData\ELDON8_Data\Week24\ELDON8_20250627_055002.wav
1398.0,1401.0,Spizella pusilla,Field Sparrow,0.1981,D:\AcousticMonitoringData\ELDON8_Data\Week24\ELDON8_20250627_055002.wav
1401.0,1404.0,Spizella pusilla,Field Sparrow,0.7814,D:\AcousticMonitoringData\ELDON8_Data\Week24\ELDON8_20250627_055002.wav
1404.0,1407.0,Spizella pusilla,Field Sparrow,0.2120,D:\AcousticMonitoringData\ELDON8_Data\Week24\ELDON8_20250627_055002.wav
1407.0,1410.0,Passerina caerulea,Blue Grosbeak,0.0738,D:\AcousticMonitoringData\ELDON8_Data\Week24\ELDON8_20250627_055002.wav
1413.0,1416.0,Spizella pusilla,Field Sparrow,0.1589,D:\AcousticMonitoringData\ELDON8_Data\Week24\ELDON8_20250627_055002.wav
1416.0,1419.0,Spizella pusilla,Field Sparrow,0.9124,D:\AcousticMonitoringData\ELDON8_Data\Week24\ELDON8_20250627_055002.wav
1419.0,1422.0,Spizella pusilla,Field Sparrow,0.0963,D:\AcousticMonitoringData\ELDON8_Data\Week24\ELDON8_20250627_055002.wav
1431.0,1434.0,Spizella pusilla,Field Sparrow,0.6774,D:\AcousticMonitoringData\ELDON8_Data\Week24\ELDON8_20250627_055002.wav
1443.0,1446.0,Spizella pusilla,Field Sparrow,0.4164,D:\AcousticMonitoringData\ELDON8_Data\Week24\ELDON8_20250627_055002.wav
1446.0,1449.0,Spizella pusilla,Field Sparrow,0.7786,D:\AcousticMonitoringData\ELDON8_Data\Week24\ELDON8_20250627_055002.wav
1449.0,1452.0,Bartramia longicauda,Upland Sandpiper,0.3353,D:\AcousticMonitoringData\ELDON8_Data\Week24\ELDON8_20250627_055002.wav
1455.0,1458.0,Spizella pusilla,Field Sparrow,0.0519,D:\AcousticMonitoringData\ELDON8_Data\Week24\ELDON8_20250627_055002.wav
1458.0,1461.0,Spizella pusilla,Field Sparrow,0.5706,D:\AcousticMonitoringData\ELDON8_Data\Week24\ELDON8_20250627_055002.wav
1461.0,1464.0,Bartramia longicauda,Upland Sandpiper,0.2506,D:\AcousticMonitoringData\ELDON8_Data\Week24\ELDON8_20250627_055002.wav
1464.0,1467.0,Geothlypis trichas,Common Yellowthroat,0.1896,D:\AcousticMonitoringData\ELDON8_Data\Week24\ELDON8_20250627_055002.wav
1464.0,1467.0,Spizella pusilla,Field Sparrow,0.0536,D:\AcousticMonitoringData\ELDON8_Data\Week24\ELDON8_20250627_055002.wav
1467.0,1470.0,Bartramia longicauda,Upland Sandpiper,0.0504,D:\AcousticMonitoringData\ELDON8_Data\Week24\ELDON8_20250627_055002.wav
1473.0,1476.0,Geothlypis trichas,Common Yellowthroat,0.0571,D:\AcousticMonitoringData\ELDON8_Data\Week24\ELDON8_20250627_055002.wav
1479.0,1482.0,Spizella pusilla,Field Sparrow,0.1308,D:\AcousticMonitoringData\ELDON8_Data\Week24\ELDON8_20250627_055002.wav
1485.0,1488.0,Spizella pusilla,Field Sparrow,0.9078,D:\AcousticMonitoringData\ELDON8_Data\Week24\ELDON8_20250627_055002.wav
1494.0,1497.0,Geothlypis trichas,Common Yellowthroat,0.0522,D:\AcousticMonitoringData\ELDON8_Data\Week24\ELDON8_20250627_055002.wav
1497.0,1500.0,Spizella pusilla,Field Sparrow,0.6999,D:\AcousticMonitoringData\ELDON8_Data\Week24\ELDON8_20250627_055002.wav
1500.0,1503.0,Spizella pusilla,Field Sparrow,0.1017,D:\AcousticMonitoringData\ELDON8_Data\Week24\ELDON8_20250627_055002.wav
1503.0,1506.0,Geothlypis trichas,Common Yellowthroat,0.1040,D:\AcousticMonitoringData\ELDON8_Data\Week24\ELDON8_20250627_055002.wav
1506.0,1509.0,Geothlypis trichas,Common Yellowthroat,0.0928,D:\AcousticMonitoringData\ELDON8_Data\Week24\ELDON8_20250627_055002.wav
1509.0,1512.0,Spizella pusilla,Field Sparrow,0.6975,D:\AcousticMonitoringData\ELDON8_Data\Week24\ELDON8_20250627_055002.wav
1515.0,1518.0,Geothlypis trichas,Common Yellowthroat,0.1445,D:\AcousticMonitoringData\ELDON8_Data\Week24\ELDON8_20250627_055002.wav
1518.0,1521.0,Bartramia longicauda,Upland Sandpiper,0.0578,D:\AcousticMonitoringData\ELDON8_Data\Week24\ELDON8_20250627_055002.wav
1521.0,1524.0,Geothlypis trichas,Common Yellowthroat,0.6969,D:\AcousticMonitoringData\ELDON8_Data\Week24\ELDON8_20250627_055002.wav
1524.0,1527.0,Spizella pusilla,Field Sparrow,0.3913,D:\AcousticMonitoringData\ELDON8_Data\Week24\ELDON8_20250627_055002.wav
1527.0,1530.0,Spizella pusilla,Field Sparrow,0.1922,D:\AcousticMonitoringData\ELDON8_Data\Week24\ELDON8_20250627_055002.wav
1530.0,1533.0,Bartramia longicauda,Upland Sandpiper,0.0943,D:\AcousticMonitoringData\ELDON8_Data\Week24\ELDON8_20250627_055002.wav
1533.0,1536.0,Spizella pusilla,Field Sparrow,0.0693,D:\AcousticMonitoringData\ELDON8_Data\Week24\ELDON8_20250627_055002.wav
1536.0,1539.0,Geothlypis trichas,Common Yellowthroat,0.1331,D:\AcousticMonitoringData\ELDON8_Data\Week24\ELDON8_20250627_055002.wav
1539.0,1542.0,Spizella pusilla,Field Sparrow,0.9417,D:\AcousticMonitoringData\ELDON8_Data\Week24\ELDON8_20250627_055002.wav
1542.0,1545.0,Spizella pusilla,Field Sparrow,0.1803,D:\AcousticMonitoringData\ELDON8_Data\Week24\ELDON8_20250627_055002.wav
1545.0,1548.0,Geothlypis trichas,Common Yellowthroat,0.0522,D:\AcousticMonitoringData\ELDON8_Data\Week24\ELDON8_20250627_055002.wav
1548.0,1551.0,Geothlypis trichas,Common Yellowthroat,0.2473,D:\AcousticMonitoringData\ELDON8_Data\Week24\ELDON8_20250627_055002.wav
1551.0,1554.0,Spizella pusilla,Field Sparrow,0.2084,D:\AcousticMonitoringData\ELDON8_Data\Week24\ELDON8_20250627_055002.wav
1554.0,1557.0,Geothlypis trichas,Common Yellowthroat,0.1177,D:\AcousticMonitoringData\ELDON8_Data\Week24\ELDON8_20250627_055002.wav
1554.0,1557.0,Spizella pusilla,Field Sparrow,0.0589,D:\AcousticMonitoringData\ELDON8_Data\Week24\ELDON8_20250627_055002.wav
1557.0,1560.0,Spizella pusilla,Field Sparrow,0.1603,D:\AcousticMonitoringData\ELDON8_Data\Week24\ELDON8_20250627_055002.wav
1557.0,1560.0,Geothlypis trichas,Common Yellowthroat,0.1234,D:\AcousticMonitoringData\ELDON8_Data\Week24\ELDON8_20250627_055002.wav
1560.0,1563.0,Spizella pusilla,Field Sparrow,0.8091,D:\AcousticMonitoringData\ELDON8_Data\Week24\ELDON8_20250627_055002.wav
1563.0,1566.0,Spizella pusilla,Field Sparrow,0.1027,D:\AcousticMonitoringData\ELDON8_Data\Week24\ELDON8_20250627_055002.wav
1566.0,1569.0,Geothlypis trichas,Common Yellowthroat,0.3944,D:\AcousticMonitoringData\ELDON8_Data\Week24\ELDON8_20250627_055002.wav
1572.0,1575.0,Spizella pusilla,Field Sparrow,0.0551,D:\AcousticMonitoringData\ELDON8_Data\Week24\ELDON8_20250627_055002.wav
1575.0,1578.0,Spizella pusilla,Field Sparrow,0.4622,D:\AcousticMonitoringData\ELDON8_Data\Week24\ELDON8_20250627_055002.wav
1575.0,1578.0,Geothlypis trichas,Common Yellowthroat,0.0962,D:\AcousticMonitoringData\ELDON8_Data\Week24\ELDON8_20250627_055002.wav
1578.0,1581.0,Spizella pusilla,Field Sparrow,0.1758,D:\AcousticMonitoringData\ELDON8_Data\Week24\ELDON8_20250627_055002.wav
1584.0,1587.0,Geothlypis trichas,Common Yellowthroat,0.1106,D:\AcousticMonitoringData\ELDON8_Data\Week24\ELDON8_20250627_055002.wav
1587.0,1590.0,Spizella pusilla,Field Sparrow,0.4945,D:\AcousticMonitoringData\ELDON8_Data\Week24\ELDON8_20250627_055002.wav
1590.0,1593.0,Spizella pusilla,Field Sparrow,0.1685,D:\AcousticMonitoringData\ELDON8_Data\Week24\ELDON8_20250627_055002.wav
1593.0,1596.0,Geothlypis trichas,Common Yellowthroat,0.4835,D:\AcousticMonitoringData\ELDON8_Data\Week24\ELDON8_20250627_055002.wav
1596.0,1599.0,Spizella pusilla,Field Sparrow,0.1930,D:\AcousticMonitoringData\ELDON8_Data\Week24\ELDON8_20250627_055002.wav
1599.0,1602.0,Spizella pusilla,Field Sparrow,0.6254,D:\AcousticMonitoringData\ELDON8_Data\Week24\ELDON8_20250627_055002.wav
1602.0,1605.0,Spizella pusilla,Field Sparrow,0.1200,D:\AcousticMonitoringData\ELDON8_Data\Week24\ELDON8_20250627_055002.wav
1602.0,1605.0,Geothlypis trichas,Common Yellowthroat,0.0650,D:\AcousticMonitoringData\ELDON8_Data\Week24\ELDON8_20250627_055002.wav
1605.0,1608.0,Geothlypis trichas,Common Yellowthroat,0.0568,D:\AcousticMonitoringData\ELDON8_Data\Week24\ELDON8_20250627_055002.wav
1608.0,1611.0,Spizella pusilla,Field Sparrow,0.4613,D:\AcousticMonitoringData\ELDON8_Data\Week24\ELDON8_20250627_055002.wav
1611.0,1614.0,Spizella pusilla,Field Sparrow,0.9033,D:\AcousticMonitoringData\ELDON8_Data\Week24\ELDON8_20250627_055002.wav
1611.0,1614.0,Geothlypis trichas,Common Yellowthroat,0.1024,D:\AcousticMonitoringData\ELDON8_Data\Week24\ELDON8_20250627_055002.wav
1614.0,1617.0,Passerina caerulea,Blue Grosbeak,0.0508,D:\AcousticMonitoringData\ELDON8_Data\Week24\ELDON8_20250627_055002.wav
1620.0,1623.0,Spizella pusilla,Field Sparrow,0.5943,D:\AcousticMonitoringData\ELDON8_Data\Week24\ELDON8_20250627_055002.wav
1623.0,1626.0,Geothlypis trichas,Common Yellowthroat,0.0590,D:\AcousticMonitoringData\ELDON8_Data\Week24\ELDON8_20250627_055002.wav
1626.0,1629.0,Spizella pusilla,Field Sparrow,0.0685,D:\AcousticMonitoringData\ELDON8_Data\Week24\ELDON8_20250627_055002.wav
1632.0,1635.0,Spizella pusilla,Field Sparrow,0.8474,D:\AcousticMonitoringData\ELDON8_Data\Week24\ELDON8_20250627_055002.wav
1632.0,1635.0,Geothlypis trichas,Common Yellowthroat,0.0615,D:\AcousticMonitoringData\ELDON8_Data\Week24\ELDON8_20250627_055002.wav
1635.0,1638.0,Spizella pusilla,Field Sparrow,0.4663,D:\AcousticMonitoringData\ELDON8_Data\Week24\ELDON8_20250627_055002.wav
1641.0,1644.0,Spizella pusilla,Field Sparrow,0.0570,D:\AcousticMonitoringData\ELDON8_Data\Week24\ELDON8_20250627_055002.wav
1644.0,1647.0,Spizella pusilla,Field Sparrow,0.7959,D:\AcousticMonitoringData\ELDON8_Data\Week24\ELDON8_20250627_055002.wav
1647.0,1650.0,Spizella pusilla,Field Sparrow,0.1269,D:\AcousticMonitoringData\ELDON8_Data\Week24\ELDON8_20250627_055002.wav
1653.0,1656.0,Geothlypis trichas,Common Yellowthroat,0.0649,D:\AcousticMonitoringData\ELDON8_Data\Week24\ELDON8_20250627_055002.wav
1659.0,1662.0,Spizella pusilla,Field Sparrow,0.6623,D:\AcousticMonitoringData\ELDON8_Data\Week24\ELDON8_20250627_055002.wav
1662.0,1665.0,Spizella pusilla,Field Sparrow,0.7015,D:\AcousticMonitoringData\ELDON8_Data\Week24\ELDON8_20250627_055002.wav
1665.0,1668.0,Geothlypis trichas,Common Yellowthroat,0.0586,D:\AcousticMonitoringData\ELDON8_Data\Week24\ELDON8_20250627_055002.wav
1665.0,1668.0,Spizella pusilla,Field Sparrow,0.0551,D:\AcousticMonitoringData\ELDON8_Data\Week24\ELDON8_20250627_055002.wav
1668.0,1671.0,Geothlypis trichas,Common Yellowthroat,0.0519,D:\AcousticMonitoringData\ELDON8_Data\Week24\ELDON8_20250627_055002.wav
1671.0,1674.0,Spizella pusilla,Field Sparrow,0.2978,D:\AcousticMonitoringData\ELDON8_Data\Week24\ELDON8_20250627_055002.wav
1674.0,1677.0,Spizella pusilla,Field Sparrow,0.8541,D:\AcousticMonitoringData\ELDON8_Data\Week24\ELDON8_20250627_055002.wav
1683.0,1686.0,Spizella pusilla,Field Sparrow,0.2040,D:\AcousticMonitoringData\ELDON8_Data\Week24\ELDON8_20250627_055002.wav
1683.0,1686.0,Sturnella magna,Eastern Meadowlark,0.0685,D:\AcousticMonitoringData\ELDON8_Data\Week24\ELDON8_20250627_055002.wav
1686.0,1689.0,Spizella pusilla,Field Sparrow,0.8653,D:\AcousticMonitoringData\ELDON8_Data\Week24\ELDON8_20250627_055002.wav
1692.0,1695.0,Spizella pusilla,Field Sparrow,0.1103,D:\AcousticMonitoringData\ELDON8_Data\Week24\ELDON8_20250627_055002.wav
1695.0,1698.0,Geothlypis trichas,Common Yellowthroat,0.0679,D:\AcousticMonitoringData\ELDON8_Data\Week24\ELDON8_20250627_055002.wav
1698.0,1701.0,Spizella pusilla,Field Sparrow,0.7343,D:\AcousticMonitoringData\ELDON8_Data\Week24\ELDON8_20250627_055002.wav
1704.0,1707.0,Geothlypis trichas,Common Yellowthroat,0.1126,D:\AcousticMonitoringData\ELDON8_Data\Week24\ELDON8_20250627_055002.wav
1707.0,1710.0,Passerina caerulea,Blue Grosbeak,0.0620,D:\AcousticMonitoringData\ELDON8_Data\Week24\ELDON8_20250627_055002.wav
1707.0,1710.0,Spizella pusilla,Field Sparrow,0.0540,D:\AcousticMonitoringData\ELDON8_Data\Week24\ELDON8_20250627_055002.wav
1710.0,1713.0,Spizella pusilla,Field Sparrow,0.9067,D:\AcousticMonitoringData\ELDON8_Data\Week24\ELDON8_20250627_055002.wav
1716.0,1719.0,Geothlypis trichas,Common Yellowthroat,0.0943,D:\AcousticMonitoringData\ELDON8_Data\Week24\ELDON8_20250627_055002.wav
1716.0,1719.0,Passerina caerulea,Blue Grosbeak,0.0528,D:\AcousticMonitoringData\ELDON8_Data\Week24\ELDON8_20250627_055002.wav
1719.0,1722.0,Spizella pusilla,Field Sparrow,0.1655,D:\AcousticMonitoringData\ELDON8_Data\Week24\ELDON8_20250627_055002.wav
1722.0,1725.0,Spizella pusilla,Field Sparrow,0.8609,D:\AcousticMonitoringData\ELDON8_Data\Week24\ELDON8_20250627_055002.wav
1731.0,1734.0,Spizella pusilla,Field Sparrow,0.0524,D:\AcousticMonitoringData\ELDON8_Data\Week24\ELDON8_20250627_055002.wav
1734.0,1737.0,Spizella pusilla,Field Sparrow,0.8795,D:\AcousticMonitoringData\ELDON8_Data\Week24\ELDON8_20250627_055002.wav
1743.0,1746.0,Spizella pusilla,Field Sparrow,0.1061,D:\AcousticMonitoringData\ELDON8_Data\Week24\ELDON8_20250627_055002.wav
1746.0,1749.0,Spizella pusilla,Field Sparrow,0.8290,D:\AcousticMonitoringData\ELDON8_Data\Week24\ELDON8_20250627_055002.wav
1749.0,1752.0,Passerina caerulea,Blue Grosbeak,0.0998,D:\AcousticMonitoringData\ELDON8_Data\Week24\ELDON8_20250627_055002.wav
1755.0,1758.0,Spizella pusilla,Field Sparrow,0.1225,D:\AcousticMonitoringData\ELDON8_Data\Week24\ELDON8_20250627_055002.wav
1755.0,1758.0,Geothlypis trichas,Common Yellowthroat,0.0821,D:\AcousticMonitoringData\ELDON8_Data\Week24\ELDON8_20250627_055002.wav
1758.0,1761.0,Spizella pusilla,Field Sparrow,0.2644,D:\AcousticMonitoringData\ELDON8_Data\Week24\ELDON8_20250627_055002.wav
1767.0,1770.0,Spizella pusilla,Field Sparrow,0.1382,D:\AcousticMonitoringData\ELDON8_Data\Week24\ELDON8_20250627_055002.wav
1767.0,1770.0,Geothlypis trichas,Common Yellowthroat,0.0635,D:\AcousticMonitoringData\ELDON8_Data\Week24\ELDON8_20250627_055002.wav
1770.0,1773.0,Spizella pusilla,Field Sparrow,0.2911,D:\AcousticMonitoringData\ELDON8_Data\Week24\ELDON8_20250627_055002.wav
1773.0,1776.0,Passerina caerulea,Blue Grosbeak,0.0619,D:\AcousticMonitoringData\ELDON8_Data\Week24\ELDON8_20250627_055002.wav
1776.0,1779.0,Geothlypis trichas,Common Yellowthroat,0.0637,D:\AcousticMonitoringData\ELDON8_Data\Week24\ELDON8_20250627_055002.wav
1779.0,1782.0,Spizella pusilla,Field Sparrow,0.1898,D:\AcousticMonitoringData\ELDON8_Data\Week24\ELDON8_20250627_055002.wav
1779.0,1782.0,Geothlypis trichas,Common Yellowthroat,0.0699,D:\AcousticMonitoringData\ELDON8_Data\Week24\ELDON8_20250627_055002.wav
1785.0,1788.0,Passerina caerulea,Blue Grosbeak,0.1227,D:\AcousticMonitoringData\ELDON8_Data\Week24\ELDON8_20250627_055002.wav
1785.0,1788.0,Sturnella magna,Eastern Meadowlark,0.0598,D:\AcousticMonitoringData\ELDON8_Data\Week24\ELDON8_20250627_055002.wav
1788.0,1791.0,Spizella pusilla,Field Sparrow,0.5692,D:\AcousticMonitoringData\ELDON8_Data\Week24\ELDON8_20250627_055002.wav
1791.0,1794.0,Spizella pusilla,Field Sparrow,0.0525,D:\AcousticMonitoringData\ELDON8_Data\Week24\ELDON8_20250627_055002.wav
1797.0,1800.0,Geothlypis trichas,Common Yellowthroat,0.0677,D:\AcousticMonitoringData\ELDON8_Data\Week24\ELDON8_20250627_055002.wav
1797.0,1800.0,Passerina caerulea,Blue Grosbeak,0.0544,D:\AcousticMonitoringData\ELDON8_Data\Week24\ELDON8_20250627_055002.wav
1803.0,1806.0,Passerina caerulea,Blue Grosbeak,0.0868,D:\AcousticMonitoringData\ELDON8_Data\Week24\ELDON8_20250627_055002.wav
1806.0,1809.0,Geothlypis trichas,Common Yellowthroat,0.0843,D:\AcousticMonitoringData\ELDON8_Data\Week24\ELDON8_20250627_055002.wav
1809.0,1812.0,Passerina caerulea,Blue Grosbeak,0.0700,D:\AcousticMonitoringData\ELDON8_Data\Week24\ELDON8_20250627_055002.wav
1815.0,1818.0,Geothlypis trichas,Common Yellowthroat,0.0656,D:\AcousticMonitoringData\ELDON8_Data\Week24\ELDON8_20250627_055002.wav
1818.0,1821.0,Spizella pusilla,Field Sparrow,0.0517,D:\AcousticMonitoringData\ELDON8_Data\Week24\ELDON8_20250627_055002.wav
1824.0,1827.0,Passerina caerulea,Blue Grosbeak,0.0851,D:\AcousticMonitoringData\ELDON8_Data\Week24\ELDON8_20250627_055002.wav
1824.0,1827.0,Geothlypis trichas,Common Yellowthroat,0.0710,D:\AcousticMonitoringData\ELDON8_Data\Week24\ELDON8_20250627_055002.wav
1833.0,1836.0,Geothlypis trichas,Common Yellowthroat,0.1309,D:\AcousticMonitoringData\ELDON8_Data\Week24\ELDON8_20250627_055002.wav
1836.0,1839.0,Passerina caerulea,Blue Grosbeak,0.0812,D:\AcousticMonitoringData\ELDON8_Data\Week24\ELDON8_20250627_055002.wav
1839.0,1842.0,Passerina caerulea,Blue Grosbeak,0.0673,D:\AcousticMonitoringData\ELDON8_Data\Week24\ELDON8_20250627_055002.wav
1842.0,1845.0,Passerina caerulea,Blue Grosbeak,0.0576,D:\AcousticMonitoringData\ELDON8_Data\Week24\ELDON8_20250627_055002.wav
1851.0,1854.0,Passerina caerulea,Blue Grosbeak,0.0759,D:\AcousticMonitoringData\ELDON8_Data\Week24\ELDON8_20250627_055002.wav
1863.0,1866.0,Passerina caerulea,Blue Grosbeak,0.0773,D:\AcousticMonitoringData\ELDON8_Data\Week24\ELDON8_20250627_055002.wav
1872.0,1875.0,Geothlypis trichas,Common Yellowthroat,0.1457,D:\AcousticMonitoringData\ELDON8_Data\Week24\ELDON8_20250627_055002.wav
1875.0,1878.0,Passerina caerulea,Blue Grosbeak,0.0598,D:\AcousticMonitoringData\ELDON8_Data\Week24\ELDON8_20250627_055002.wav
1878.0,1881.0,Geothlypis trichas,Common Yellowthroat,0.0986,D:\AcousticMonitoringData\ELDON8_Data\Week24\ELDON8_20250627_055002.wav
1881.0,1884.0,Geothlypis trichas,Common Yellowthroat,0.2633,D:\AcousticMonitoringData\ELDON8_Data\Week24\ELDON8_20250627_055002.wav
1881.0,1884.0,Spizella pusilla,Field Sparrow,0.0911,D:\AcousticMonitoringData\ELDON8_Data\Week24\ELDON8_20250627_055002.wav
1884.0,1887.0,Geothlypis trichas,Common Yellowthroat,0.0592,D:\AcousticMonitoringData\ELDON8_Data\Week24\ELDON8_20250627_055002.wav
1887.0,1890.0,Spizella pusilla,Field Sparrow,0.0550,D:\AcousticMonitoringData\ELDON8_Data\Week24\ELDON8_20250627_055002.wav
1890.0,1893.0,Geothlypis trichas,Common Yellowthroat,0.1369,D:\AcousticMonitoringData\ELDON8_Data\Week24\ELDON8_20250627_055002.wav
1893.0,1896.0,Geothlypis trichas,Common Yellowthroat,0.0763,D:\AcousticMonitoringData\ELDON8_Data\Week24\ELDON8_20250627_055002.wav
1896.0,1899.0,Spizella pusilla,Field Sparrow,0.0606,D:\AcousticMonitoringData\ELDON8_Data\Week24\ELDON8_20250627_055002.wav
1899.0,1902.0,Passerina caerulea,Blue Grosbeak,0.0615,D:\AcousticMonitoringData\ELDON8_Data\Week24\ELDON8_20250627_055002.wav
1902.0,1905.0,Geothlypis trichas,Common Yellowthroat,0.1973,D:\AcousticMonitoringData\ELDON8_Data\Week24\ELDON8_20250627_055002.wav
1902.0,1905.0,Spizella pusilla,Field Sparrow,0.0820,D:\AcousticMonitoringData\ELDON8_Data\Week24\ELDON8_20250627_055002.wav
1905.0,1908.0,Spizella pusilla,Field Sparrow,0.0625,D:\AcousticMonitoringData\ELDON8_Data\Week24\ELDON8_20250627_055002.wav
1908.0,1911.0,Passerina caerulea,Blue Grosbeak,0.0627,D:\AcousticMonitoringData\ELDON8_Data\Week24\ELDON8_20250627_055002.wav
1911.0,1914.0,Geothlypis trichas,Common Yellowthroat,0.1743,D:\AcousticMonitoringData\ELDON8_Data\Week24\ELDON8_20250627_055002.wav
1917.0,1920.0,Passerina caerulea,Blue Grosbeak,0.0584,D:\AcousticMonitoringData\ELDON8_Data\Week24\ELDON8_20250627_055002.wav
1920.0,1923.0,Geothlypis trichas,Common Yellowthroat,0.0968,D:\AcousticMonitoringData\ELDON8_Data\Week24\ELDON8_20250627_055002.wav
1929.0,1932.0,Spizella pusilla,Field Sparrow,0.0600,D:\AcousticMonitoringData\ELDON8_Data\Week24\ELDON8_20250627_055002.wav
1929.0,1932.0,Geothlypis trichas,Common Yellowthroat,0.0523,D:\AcousticMonitoringData\ELDON8_Data\Week24\ELDON8_20250627_055002.wav
1938.0,1941.0,Geothlypis trichas,Common Yellowthroat,0.1226,D:\AcousticMonitoringData\ELDON8_Data\Week24\ELDON8_20250627_055002.wav
1944.0,1947.0,Spizella pusilla,Field Sparrow,0.2968,D:\AcousticMonitoringData\ELDON8_Data\Week24\ELDON8_20250627_055002.wav
1947.0,1950.0,Geothlypis trichas,Common Yellowthroat,0.0731,D:\AcousticMonitoringData\ELDON8_Data\Week24\ELDON8_20250627_055002.wav
1950.0,1953.0,Geothlypis trichas,Common Yellowthroat,0.2132,D:\AcousticMonitoringData\ELDON8_Data\Week24\ELDON8_20250627_055002.wav
1950.0,1953.0,Spizella pusilla,Field Sparrow,0.0627,D:\AcousticMonitoringData\ELDON8_Data\Week24\ELDON8_20250627_055002.wav
1959.0,1962.0,Geothlypis trichas,Common Yellowthroat,0.2209,D:\AcousticMonitoringData\ELDON8_Data\Week24\ELDON8_20250627_055002.wav
1962.0,1965.0,Geothlypis trichas,Common Yellowthroat,0.1340,D:\AcousticMonitoringData\ELDON8_Data\Week24\ELDON8_20250627_055002.wav
1965.0,1968.0,Spizella pusilla,Field Sparrow,0.0562,D:\AcousticMonitoringData\ELDON8_Data\Week24\ELDON8_20250627_055002.wav
1968.0,1971.0,Geothlypis trichas,Common Yellowthroat,0.3358,D:\AcousticMonitoringData\ELDON8_Data\Week24\ELDON8_20250627_055002.wav
1980.0,1983.0,Geothlypis trichas,Common Yellowthroat,0.1232,D:\AcousticMonitoringData\ELDON8_Data\Week24\ELDON8_20250627_055002.wav
1989.0,1992.0,Geothlypis trichas,Common Yellowthroat,0.2498,D:\AcousticMonitoringData\ELDON8_Data\Week24\ELDON8_20250627_055002.wav
1992.0,1995.0,Passerina caerulea,Blue Grosbeak,0.1141,D:\AcousticMonitoringData\ELDON8_Data\Week24\ELDON8_20250627_055002.wav
1998.0,2001.0,Geothlypis trichas,Common Yellowthroat,0.1549,D:\AcousticMonitoringData\ELDON8_Data\Week24\ELDON8_20250627_055002.wav
2001.0,2004.0,Spizella pusilla,Field Sparrow,0.1005,D:\AcousticMonitoringData\ELDON8_Data\Week24\ELDON8_20250627_055002.wav
2007.0,2010.0,Geothlypis trichas,Common Yellowthroat,0.1111,D:\AcousticMonitoringData\ELDON8_Data\Week24\ELDON8_20250627_055002.wav
2013.0,2016.0,Passerina caerulea,Blue Grosbeak,0.0805,D:\AcousticMonitoringData\ELDON8_Data\Week24\ELDON8_20250627_055002.wav
2016.0,2019.0,Geothlypis trichas,Common Yellowthroat,0.1060,D:\AcousticMonitoringData\ELDON8_Data\Week24\ELDON8_20250627_055002.wav
2019.0,2022.0,Geothlypis trichas,Common Yellowthroat,0.0932,D:\AcousticMonitoringData\ELDON8_Data\Week24\ELDON8_20250627_055002.wav
2025.0,2028.0,Geothlypis trichas,Common Yellowthroat,0.2542,D:\AcousticMonitoringData\ELDON8_Data\Week24\ELDON8_20250627_055002.wav
2025.0,2028.0,Spizella pusilla,Field Sparrow,0.1083,D:\AcousticMonitoringData\ELDON8_Data\Week24\ELDON8_20250627_055002.wav
2028.0,2031.0,Geothlypis trichas,Common Yellowthroat,0.4527,D:\AcousticMonitoringData\ELDON8_Data\Week24\ELDON8_20250627_055002.wav
2028.0,2031.0,Spizella pusilla,Field Sparrow,0.0531,D:\AcousticMonitoringData\ELDON8_Data\Week24\ELDON8_20250627_055002.wav
2031.0,2034.0,Passerina caerulea,Blue Grosbeak,0.0741,D:\AcousticMonitoringData\ELDON8_Data\Week24\ELDON8_20250627_055002.wav
2034.0,2037.0,Spizella pusilla,Field Sparrow,0.0508,D:\AcousticMonitoringData\ELDON8_Data\Week24\ELDON8_20250627_055002.wav
2037.0,2040.0,Geothlypis trichas,Common Yellowthroat,0.2851,D:\AcousticMonitoringData\ELDON8_Data\Week24\ELDON8_20250627_055002.wav
2037.0,2040.0,Spizella pusilla,Field Sparrow,0.0545,D:\AcousticMonitoringData\ELDON8_Data\Week24\ELDON8_20250627_055002.wav
2043.0,2046.0,Passerina caerulea,Blue Grosbeak,0.0652,D:\AcousticMonitoringData\ELDON8_Data\Week24\ELDON8_20250627_055002.wav
2046.0,2049.0,Spizella pusilla,Field Sparrow,0.5194,D:\AcousticMonitoringData\ELDON8_Data\Week24\ELDON8_20250627_055002.wav
2049.0,2052.0,Geothlypis trichas,Common Yellowthroat,0.0892,D:\AcousticMonitoringData\ELDON8_Data\Week24\ELDON8_20250627_055002.wav
2049.0,2052.0,Spizella pusilla,Field Sparrow,0.0858,D:\AcousticMonitoringData\ELDON8_Data\Week24\ELDON8_20250627_055002.wav
2052.0,2055.0,Passerina caerulea,Blue Grosbeak,0.1144,D:\AcousticMonitoringData\ELDON8_Data\Week24\ELDON8_20250627_055002.wav
2055.0,2058.0,Geothlypis trichas,Common Yellowthroat,0.1525,D:\AcousticMonitoringData\ELDON8_Data\Week24\ELDON8_20250627_055002.wav
2055.0,2058.0,Spizella pusilla,Field Sparrow,0.0557,D:\AcousticMonitoringData\ELDON8_Data\Week24\ELDON8_20250627_055002.wav
2058.0,2061.0,Geothlypis trichas,Common Yellowthroat,0.2728,D:\AcousticMonitoringData\ELDON8_Data\Week24\ELDON8_20250627_055002.wav
2067.0,2070.0,Geothlypis trichas,Common Yellowthroat,0.1780,D:\AcousticMonitoringData\ELDON8_Data\Week24\ELDON8_20250627_055002.wav
2070.0,2073.0,Geothlypis trichas,Common Yellowthroat,0.3230,D:\AcousticMonitoringData\ELDON8_Data\Week24\ELDON8_20250627_055002.wav
2076.0,2079.0,Passerina caerulea,Blue Grosbeak,0.0558,D:\AcousticMonitoringData\ELDON8_Data\Week24\ELDON8_20250627_055002.wav
2076.0,2079.0,Spizella pusilla,Field Sparrow,0.0524,D:\AcousticMonitoringData\ELDON8_Data\Week24\ELDON8_20250627_055002.wav
2079.0,2082.0,Geothlypis trichas,Common Yellowthroat,0.6033,D:\AcousticMonitoringData\ELDON8_Data\Week24\ELDON8_20250627_055002.wav
2082.0,2085.0,Passerina caerulea,Blue Grosbeak,0.0870,D:\AcousticMonitoringData\ELDON8_Data\Week24\ELDON8_20250627_055002.wav
2085.0,2088.0,Spizella pusilla,Field Sparrow,0.7468,D:\AcousticMonitoringData\ELDON8_Data\Week24\ELDON8_20250627_055002.wav
2091.0,2094.0,Passerina caerulea,Blue Grosbeak,0.0677,D:\AcousticMonitoringData\ELDON8_Data\Week24\ELDON8_20250627_055002.wav
2094.0,2097.0,Passerina caerulea,Blue Grosbeak,0.0725,D:\AcousticMonitoringData\ELDON8_Data\Week24\ELDON8_20250627_055002.wav
2097.0,2100.0,Geothlypis trichas,Common Yellowthroat,0.2433,D:\AcousticMonitoringData\ELDON8_Data\Week24\ELDON8_20250627_055002.wav
2100.0,2103.0,Passerina caerulea,Blue Grosbeak,0.0761,D:\AcousticMonitoringData\ELDON8_Data\Week24\ELDON8_20250627_055002.wav
2100.0,2103.0,Geothlypis trichas,Common Yellowthroat,0.0530,D:\AcousticMonitoringData\ELDON8_Data\Week24\ELDON8_20250627_055002.wav
2103.0,2106.0,Passerina caerulea,Blue Grosbeak,0.0620,D:\AcousticMonitoringData\ELDON8_Data\Week24\ELDON8_20250627_055002.wav
2106.0,2109.0,Geothlypis trichas,Common Yellowthroat,0.2453,D:\AcousticMonitoringData\ELDON8_Data\Week24\ELDON8_20250627_055002.wav
2109.0,2112.0,Geothlypis trichas,Common Yellowthroat,0.2249,D:\AcousticMonitoringData\ELDON8_Data\Week24\ELDON8_20250627_055002.wav
2112.0,2115.0,Spizella pusilla,Field Sparrow,0.2244,D:\AcousticMonitoringData\ELDON8_Data\Week24\ELDON8_20250627_055002.wav
2115.0,2118.0,Passerina caerulea,Blue Grosbeak,0.2676,D:\AcousticMonitoringData\ELDON8_Data\Week24\ELDON8_20250627_055002.wav
2118.0,2121.0,Geothlypis trichas,Common Yellowthroat,0.2525,D:\AcousticMonitoringData\ELDON8_Data\Week24\ELDON8_20250627_055002.wav
2121.0,2124.0,Geothlypis trichas,Common Yellowthroat,0.1007,D:\AcousticMonitoringData\ELDON8_Data\Week24\ELDON8_20250627_055002.wav
2121.0,2124.0,Spizella pusilla,Field Sparrow,0.0610,D:\AcousticMonitoringData\ELDON8_Data\Week24\ELDON8_20250627_055002.wav
2124.0,2127.0,Passerina caerulea,Blue Grosbeak,0.1372,D:\AcousticMonitoringData\ELDON8_Data\Week24\ELDON8_20250627_055002.wav
2127.0,2130.0,Passerina caerulea,Blue Grosbeak,0.0667,D:\AcousticMonitoringData\ELDON8_Data\Week24\ELDON8_20250627_055002.wav
2130.0,2133.0,Geothlypis trichas,Common Yellowthroat,0.1771,D:\AcousticMonitoringData\ELDON8_Data\Week24\ELDON8_20250627_055002.wav
2130.0,2133.0,Spizella pusilla,Field Sparrow,0.0521,D:\AcousticMonitoringData\ELDON8_Data\Week24\ELDON8_20250627_055002.wav
2133.0,2136.0,Spizella pusilla,Field Sparrow,0.2992,D:\AcousticMonitoringData\ELDON8_Data\Week24\ELDON8_20250627_055002.wav
2139.0,2142.0,Geothlypis trichas,Common Yellowthroat,0.3208,D:\AcousticMonitoringData\ELDON8_Data\Week24\ELDON8_20250627_055002.wav
2145.0,2148.0,Spizella pusilla,Field Sparrow,0.4963,D:\AcousticMonitoringData\ELDON8_Data\Week24\ELDON8_20250627_055002.wav
2148.0,2151.0,Geothlypis trichas,Common Yellowthroat,0.2275,D:\AcousticMonitoringData\ELDON8_Data\Week24\ELDON8_20250627_055002.wav
2157.0,2160.0,Geothlypis trichas,Common Yellowthroat,0.1621,D:\AcousticMonitoringData\ELDON8_Data\Week24\ELDON8_20250627_055002.wav
2157.0,2160.0,Spizella pusilla,Field Sparrow,0.1555,D:\AcousticMonitoringData\ELDON8_Data\Week24\ELDON8_20250627_055002.wav
2160.0,2163.0,Spizella pusilla,Field Sparrow,0.3055,D:\AcousticMonitoringData\ELDON8_Data\Week24\ELDON8_20250627_055002.wav
2160.0,2163.0,Geothlypis trichas,Common Yellowthroat,0.0662,D:\AcousticMonitoringData\ELDON8_Data\Week24\ELDON8_20250627_055002.wav
2163.0,2166.0,Passerina caerulea,Blue Grosbeak,0.0786,D:\AcousticMonitoringData\ELDON8_Data\Week24\ELDON8_20250627_055002.wav
2166.0,2169.0,Passerina caerulea,Blue Grosbeak,0.0600,D:\AcousticMonitoringData\ELDON8_Data\Week24\ELDON8_20250627_055002.wav
2169.0,2172.0,Spizella pusilla,Field Sparrow,0.7332,D:\AcousticMonitoringData\ELDON8_Data\Week24\ELDON8_20250627_055002.wav
2172.0,2175.0,Passerina caerulea,Blue Grosbeak,0.0613,D:\AcousticMonitoringData\ELDON8_Data\Week24\ELDON8_20250627_055002.wav
2175.0,2178.0,Passerina caerulea,Blue Grosbeak,0.0569,D:\AcousticMonitoringData\ELDON8_Data\Week24\ELDON8_20250627_055002.wav
2178.0,2181.0,Spizella pusilla,Field Sparrow,0.1137,D:\AcousticMonitoringData\ELDON8_Data\Week24\ELDON8_20250627_055002.wav
2178.0,2181.0,Passerina caerulea,Blue Grosbeak,0.0578,D:\AcousticMonitoringData\ELDON8_Data\Week24\ELDON8_20250627_055002.wav
2181.0,2184.0,Spizella pusilla,Field Sparrow,0.6301,D:\AcousticMonitoringData\ELDON8_Data\Week24\ELDON8_20250627_055002.wav
2184.0,2187.0,Spizella pusilla,Field Sparrow,0.1757,D:\AcousticMonitoringData\ELDON8_Data\Week24\ELDON8_20250627_055002.wav
2187.0,2190.0,Spizella pusilla,Field Sparrow,0.2261,D:\AcousticMonitoringData\ELDON8_Data\Week24\ELDON8_20250627_055002.wav
2190.0,2193.0,Geothlypis trichas,Common Yellowthroat,0.1804,D:\AcousticMonitoringData\ELDON8_Data\Week24\ELDON8_20250627_055002.wav
2193.0,2196.0,Passerina caerulea,Blue Grosbeak,0.0525,D:\AcousticMonitoringData\ELDON8_Data\Week24\ELDON8_20250627_055002.wav
2196.0,2199.0,Spizella pusilla,Field Sparrow,0.1694,D:\AcousticMonitoringData\ELDON8_Data\Week24\ELDON8_20250627_055002.wav
2196.0,2199.0,Passerina caerulea,Blue Grosbeak,0.0711,D:\AcousticMonitoringData\ELDON8_Data\Week24\ELDON8_20250627_055002.wav
2199.0,2202.0,Spizella pusilla,Field Sparrow,0.8331,D:\AcousticMonitoringData\ELDON8_Data\Week24\ELDON8_20250627_055002.wav
2199.0,2202.0,Geothlypis trichas,Common Yellowthroat,0.1518,D:\AcousticMonitoringData\ELDON8_Data\Week24\ELDON8_20250627_055002.wav
2202.0,2205.0,Spizella pusilla,Field Sparrow,0.0503,D:\AcousticMonitoringData\ELDON8_Data\Week24\ELDON8_20250627_055002.wav
2208.0,2211.0,Spizella pusilla,Field Sparrow,0.7214,D:\AcousticMonitoringData\ELDON8_Data\Week24\ELDON8_20250627_055002.wav
2211.0,2214.0,Spizella pusilla,Field Sparrow,0.1563,D:\AcousticMonitoringData\ELDON8_Data\Week24\ELDON8_20250627_055002.wav
2214.0,2217.0,Spizella pusilla,Field Sparrow,0.0878,D:\AcousticMonitoringData\ELDON8_Data\Week24\ELDON8_20250627_055002.wav
2214.0,2217.0,Passerina caerulea,Blue Grosbeak,0.0603,D:\AcousticMonitoringData\ELDON8_Data\Week24\ELDON8_20250627_055002.wav
2220.0,2223.0,Spizella pusilla,Field Sparrow,0.5676,D:\AcousticMonitoringData\ELDON8_Data\Week24\ELDON8_20250627_055002.wav
2223.0,2226.0,Spizella pusilla,Field Sparrow,0.8982,D:\AcousticMonitoringData\ELDON8_Data\Week24\ELDON8_20250627_055002.wav
2223.0,2226.0,Geothlypis trichas,Common Yellowthroat,0.0515,D:\AcousticMonitoringData\ELDON8_Data\Week24\ELDON8_20250627_055002.wav
2232.0,2235.0,Spizella pusilla,Field Sparrow,0.1066,D:\AcousticMonitoringData\ELDON8_Data\Week24\ELDON8_20250627_055002.wav
2235.0,2238.0,Spizella pusilla,Field Sparrow,0.5932,D:\AcousticMonitoringData\ELDON8_Data\Week24\ELDON8_20250627_055002.wav
2238.0,2241.0,Spizella pusilla,Field Sparrow,0.7802,D:\AcousticMonitoringData\ELDON8_Data\Week24\ELDON8_20250627_055002.wav
2244.0,2247.0,Spizella pusilla,Field Sparrow,0.2777,D:\AcousticMonitoringData\ELDON8_Data\Week24\ELDON8_20250627_055002.wav
2247.0,2250.0,Spizella pusilla,Field Sparrow,0.8749,D:\AcousticMonitoringData\ELDON8_Data\Week24\ELDON8_20250627_055002.wav
2256.0,2259.0,Geothlypis trichas,Common Yellowthroat,0.0728,D:\AcousticMonitoringData\ELDON8_Data\Week24\ELDON8_20250627_055002.wav
2256.0,2259.0,Spizella pusilla,Field Sparrow,0.0677,D:\AcousticMonitoringData\ELDON8_Data\Week24\ELDON8_20250627_055002.wav
2259.0,2262.0,Spizella pusilla,Field Sparrow,0.5943,D:\AcousticMonitoringData\ELDON8_Data\Week24\ELDON8_20250627_055002.wav
2268.0,2271.0,Geothlypis trichas,Common Yellowthroat,0.0547,D:\AcousticMonitoringData\ELDON8_Data\Week24\ELDON8_20250627_055002.wav
2271.0,2274.0,Spizella pusilla,Field Sparrow,0.7520,D:\AcousticMonitoringData\ELDON8_Data\Week24\ELDON8_20250627_055002.wav
2277.0,2280.0,Spizella pusilla,Field Sparrow,0.1083,D:\AcousticMonitoringData\ELDON8_Data\Week24\ELDON8_20250627_055002.wav
2280.0,2283.0,Spizella pusilla,Field Sparrow,0.7455,D:\AcousticMonitoringData\ELDON8_Data\Week24\ELDON8_20250627_055002.wav
2280.0,2283.0,Geothlypis trichas,Common Yellowthroat,0.0536,D:\AcousticMonitoringData\ELDON8_Data\Week24\ELDON8_20250627_055002.wav
2286.0,2289.0,Spizella pusilla,Field Sparrow,0.0523,D:\AcousticMonitoringData\ELDON8_Data\Week24\ELDON8_20250627_055002.wav
2289.0,2292.0,Spizella pusilla,Field Sparrow,0.0933,D:\AcousticMonitoringData\ELDON8_Data\Week24\ELDON8_20250627_055002.wav
2289.0,2292.0,Geothlypis trichas,Common Yellowthroat,0.0629,D:\AcousticMonitoringData\ELDON8_Data\Week24\ELDON8_20250627_055002.wav
2292.0,2295.0,Spizella pusilla,Field Sparrow,0.7665,D:\AcousticMonitoringData\ELDON8_Data\Week24\ELDON8_20250627_055002.wav
2295.0,2298.0,Passerina caerulea,Blue Grosbeak,0.0706,D:\AcousticMonitoringData\ELDON8_Data\Week24\ELDON8_20250627_055002.wav
2298.0,2301.0,Geothlypis trichas,Common Yellowthroat,0.0614,D:\AcousticMonitoringData\ELDON8_Data\Week24\ELDON8_20250627_055002.wav
2301.0,2304.0,Geothlypis trichas,Common Yellowthroat,0.1315,D:\AcousticMonitoringData\ELDON8_Data\Week24\ELDON8_20250627_055002.wav
2301.0,2304.0,Spizella pusilla,Field Sparrow,0.1276,D:\AcousticMonitoringData\ELDON8_Data\Week24\ELDON8_20250627_055002.wav
2304.0,2307.0,Spizella pusilla,Field Sparrow,0.7783,D:\AcousticMonitoringData\ELDON8_Data\Week24\ELDON8_20250627_055002.wav
2307.0,2310.0,Spizella pusilla,Field Sparrow,0.6312,D:\AcousticMonitoringData\ELDON8_Data\Week24\ELDON8_20250627_055002.wav
2310.0,2313.0,Geothlypis trichas,Common Yellowthroat,0.2170,D:\AcousticMonitoringData\ELDON8_Data\Week24\ELDON8_20250627_055002.wav
2313.0,2316.0,Spizella pusilla,Field Sparrow,0.1004,D:\AcousticMonitoringData\ELDON8_Data\Week24\ELDON8_20250627_055002.wav
2316.0,2319.0,Spizella pusilla,Field Sparrow,0.1499,D:\AcousticMonitoringData\ELDON8_Data\Week24\ELDON8_20250627_055002.wav
2319.0,2322.0,Spizella pusilla,Field Sparrow,0.8989,D:\AcousticMonitoringData\ELDON8_Data\Week24\ELDON8_20250627_055002.wav
2322.0,2325.0,Geothlypis trichas,Common Yellowthroat,0.1139,D:\AcousticMonitoringData\ELDON8_Data\Week24\ELDON8_20250627_055002.wav
2325.0,2328.0,Geothlypis trichas,Common Yellowthroat,0.0808,D:\AcousticMonitoringData\ELDON8_Data\Week24\ELDON8_20250627_055002.wav
2328.0,2331.0,Spizella pusilla,Field Sparrow,0.0783,D:\AcousticMonitoringData\ELDON8_Data\Week24\ELDON8_20250627_055002.wav
2331.0,2334.0,Geothlypis trichas,Common Yellowthroat,0.0992,D:\AcousticMonitoringData\ELDON8_Data\Week24\ELDON8_20250627_055002.wav
2337.0,2340.0,Spizella pusilla,Field Sparrow,0.5103,D:\AcousticMonitoringData\ELDON8_Data\Week24\ELDON8_20250627_055002.wav
2340.0,2343.0,Spizella pusilla,Field Sparrow,0.0559,D:\AcousticMonitoringData\ELDON8_Data\Week24\ELDON8_20250627_055002.wav
2343.0,2346.0,Geothlypis trichas,Common Yellowthroat,0.3115,D:\AcousticMonitoringData\ELDON8_Data\Week24\ELDON8_20250627_055002.wav
2343.0,2346.0,Spizella pusilla,Field Sparrow,0.1235,D:\AcousticMonitoringData\ELDON8_Data\Week24\ELDON8_20250627_055002.wav
2349.0,2352.0,Geothlypis trichas,Common Yellowthroat,0.3199,D:\AcousticMonitoringData\ELDON8_Data\Week24\ELDON8_20250627_055002.wav
2355.0,2358.0,Spizella pusilla,Field Sparrow,0.5868,D:\AcousticMonitoringData\ELDON8_Data\Week24\ELDON8_20250627_055002.wav
2358.0,2361.0,Passerina caerulea,Blue Grosbeak,0.0533,D:\AcousticMonitoringData\ELDON8_Data\Week24\ELDON8_20250627_055002.wav
2361.0,2364.0,Geothlypis trichas,Common Yellowthroat,0.2973,D:\AcousticMonitoringData\ELDON8_Data\Week24\ELDON8_20250627_055002.wav
2364.0,2367.0,Geothlypis trichas,Common Yellowthroat,0.4046,D:\AcousticMonitoringData\ELDON8_Data\Week24\ELDON8_20250627_055002.wav
2364.0,2367.0,Spizella pusilla,Field Sparrow,0.0530,D:\AcousticMonitoringData\ELDON8_Data\Week24\ELDON8_20250627_055002.wav
2370.0,2373.0,Spizella pusilla,Field Sparrow,0.1884,D:\AcousticMonitoringData\ELDON8_Data\Week24\ELDON8_20250627_055002.wav
2370.0,2373.0,Geothlypis trichas,Common Yellowthroat,0.0528,D:\AcousticMonitoringData\ELDON8_Data\Week24\ELDON8_20250627_055002.wav
2373.0,2376.0,Geothlypis trichas,Common Yellowthroat,0.1480,D:\AcousticMonitoringData\ELDON8_Data\Week24\ELDON8_20250627_055002.wav
2376.0,2379.0,Geothlypis trichas,Common Yellowthroat,0.1775,D:\AcousticMonitoringData\ELDON8_Data\Week24\ELDON8_20250627_055002.wav
2376.0,2379.0,Passerina caerulea,Blue Grosbeak,0.0605,D:\AcousticMonitoringData\ELDON8_Data\Week24\ELDON8_20250627_055002.wav
2379.0,2382.0,Spizella pusilla,Field Sparrow,0.1034,D:\AcousticMonitoringData\ELDON8_Data\Week24\ELDON8_20250627_055002.wav
2382.0,2385.0,Spizella pusilla,Field Sparrow,0.9406,D:\AcousticMonitoringData\ELDON8_Data\Week24\ELDON8_20250627_055002.wav
2385.0,2388.0,Geothlypis trichas,Common Yellowthroat,0.1705,D:\AcousticMonitoringData\ELDON8_Data\Week24\ELDON8_20250627_055002.wav
2385.0,2388.0,Spizella pusilla,Field Sparrow,0.1465,D:\AcousticMonitoringData\ELDON8_Data\Week24\ELDON8_20250627_055002.wav
2385.0,2388.0,Passerina caerulea,Blue Grosbeak,0.0534,D:\AcousticMonitoringData\ELDON8_Data\Week24\ELDON8_20250627_055002.wav
2388.0,2391.0,Geothlypis trichas,Common Yellowthroat,0.0939,D:\AcousticMonitoringData\ELDON8_Data\Week24\ELDON8_20250627_055002.wav
2388.0,2391.0,Passerina caerulea,Blue Grosbeak,0.0641,D:\AcousticMonitoringData\ELDON8_Data\Week24\ELDON8_20250627_055002.wav
2391.0,2394.0,Passerina caerulea,Blue Grosbeak,0.0669,D:\AcousticMonitoringData\ELDON8_Data\Week24\ELDON8_20250627_055002.wav
2391.0,2394.0,Geothlypis trichas,Common Yellowthroat,0.0656,D:\AcousticMonitoringData\ELDON8_Data\Week24\ELDON8_20250627_055002.wav
2391.0,2394.0,Spizella pusilla,Field Sparrow,0.0534,D:\AcousticMonitoringData\ELDON8_Data\Week24\ELDON8_20250627_055002.wav
2394.0,2397.0,Spizella pusilla,Field Sparrow,0.3023,D:\AcousticMonitoringData\ELDON8_Data\Week24\ELDON8_20250627_055002.wav
2397.0,2400.0,Spizella pusilla,Field Sparrow,0.4390,D:\AcousticMonitoringData\ELDON8_Data\Week24\ELDON8_20250627_055002.wav
2397.0,2400.0,Geothlypis trichas,Common Yellowthroat,0.1798,D:\AcousticMonitoringData\ELDON8_Data\Week24\ELDON8_20250627_055002.wav
2400.0,2403.0,Passerina caerulea,Blue Grosbeak,0.1062,D:\AcousticMonitoringData\ELDON8_Data\Week24\ELDON8_20250627_055002.wav
2403.0,2406.0,Passerina caerulea,Blue Grosbeak,0.1087,D:\AcousticMonitoringData\ELDON8_Data\Week24\ELDON8_20250627_055002.wav
2406.0,2409.0,Spizella pusilla,Field Sparrow,0.8595,D:\AcousticMonitoringData\ELDON8_Data\Week24\ELDON8_20250627_055002.wav
2409.0,2412.0,Spizella pusilla,Field Sparrow,0.1174,D:\AcousticMonitoringData\ELDON8_Data\Week24\ELDON8_20250627_055002.wav
2409.0,2412.0,Passerina caerulea,Blue Grosbeak,0.0644,D:\AcousticMonitoringData\ELDON8_Data\Week24\ELDON8_20250627_055002.wav
2415.0,2418.0,Passerina caerulea,Blue Grosbeak,0.0586,D:\AcousticMonitoringData\ELDON8_Data\Week24\ELDON8_20250627_055002.wav
2418.0,2421.0,Spizella pusilla,Field Sparrow,0.8039,D:\AcousticMonitoringData\ELDON8_Data\Week24\ELDON8_20250627_055002.wav
2421.0,2424.0,Geothlypis trichas,Common Yellowthroat,0.2801,D:\AcousticMonitoringData\ELDON8_Data\Week24\ELDON8_20250627_055002.wav
2424.0,2427.0,Spizella pusilla,Field Sparrow,0.3368,D:\AcousticMonitoringData\ELDON8_Data\Week24\ELDON8_20250627_055002.wav
2427.0,2430.0,Geothlypis trichas,Common Yellowthroat,0.1828,D:\AcousticMonitoringData\ELDON8_Data\Week24\ELDON8_20250627_055002.wav
2430.0,2433.0,Spizella pusilla,Field Sparrow,0.3845,D:\AcousticMonitoringData\ELDON8_Data\Week24\ELDON8_20250627_055002.wav
2430.0,2433.0,Passerina caerulea,Blue Grosbeak,0.0523,D:\AcousticMonitoringData\ELDON8_Data\Week24\ELDON8_20250627_055002.wav
2433.0,2436.0,Spizella pusilla,Field Sparrow,0.9138,D:\AcousticMonitoringData\ELDON8_Data\Week24\ELDON8_20250627_055002.wav
2436.0,2439.0,Geothlypis trichas,Common Yellowthroat,0.4107,D:\AcousticMonitoringData\ELDON8_Data\Week24\ELDON8_20250627_055002.wav
2439.0,2442.0,Spizella pusilla,Field Sparrow,0.1635,D:\AcousticMonitoringData\ELDON8_Data\Week24\ELDON8_20250627_055002.wav
2439.0,2442.0,Geothlypis trichas,Common Yellowthroat,0.0739,D:\AcousticMonitoringData\ELDON8_Data\Week24\ELDON8_20250627_055002.wav
2442.0,2445.0,Geothlypis trichas,Common Yellowthroat,0.1328,D:\AcousticMonitoringData\ELDON8_Data\Week24\ELDON8_20250627_055002.wav
2448.0,2451.0,Geothlypis trichas,Common Yellowthroat,0.1406,D:\AcousticMonitoringData\ELDON8_Data\Week24\ELDON8_20250627_055002.wav
2451.0,2454.0,Geothlypis trichas,Common Yellowthroat,0.1317,D:\AcousticMonitoringData\ELDON8_Data\Week24\ELDON8_20250627_055002.wav
2451.0,2454.0,Spizella pusilla,Field Sparrow,0.0671,D:\AcousticMonitoringData\ELDON8_Data\Week24\ELDON8_20250627_055002.wav
2460.0,2463.0,Geothlypis trichas,Common Yellowthroat,0.2091,D:\AcousticMonitoringData\ELDON8_Data\Week24\ELDON8_20250627_055002.wav
2460.0,2463.0,Spizella pusilla,Field Sparrow,0.0620,D:\AcousticMonitoringData\ELDON8_Data\Week24\ELDON8_20250627_055002.wav
2463.0,2466.0,Geothlypis trichas,Common Yellowthroat,0.0959,D:\AcousticMonitoringData\ELDON8_Data\Week24\ELDON8_20250627_055002.wav
2466.0,2469.0,Spizella pusilla,Field Sparrow,0.0912,D:\AcousticMonitoringData\ELDON8_Data\Week24\ELDON8_20250627_055002.wav
2469.0,2472.0,Spizella pusilla,Field Sparrow,0.1563,D:\AcousticMonitoringData\ELDON8_Data\Week24\ELDON8_20250627_055002.wav
2469.0,2472.0,Geothlypis trichas,Common Yellowthroat,0.0892,D:\AcousticMonitoringData\ELDON8_Data\Week24\ELDON8_20250627_055002.wav
2475.0,2478.0,Geothlypis trichas,Common Yellowthroat,0.4023,D:\AcousticMonitoringData\ELDON8_Data\Week24\ELDON8_20250627_055002.wav
2478.0,2481.0,Geothlypis trichas,Common Yellowthroat,0.1367,D:\AcousticMonitoringData\ELDON8_Data\Week24\ELDON8_20250627_055002.wav
2481.0,2484.0,Passerina caerulea,Blue Grosbeak,0.0559,D:\AcousticMonitoringData\ELDON8_Data\Week24\ELDON8_20250627_055002.wav
2481.0,2484.0,Spizella pusilla,Field Sparrow,0.0500,D:\AcousticMonitoringData\ELDON8_Data\Week24\ELDON8_20250627_055002.wav
2484.0,2487.0,Geothlypis trichas,Common Yellowthroat,0.3105,D:\AcousticMonitoringData\ELDON8_Data\Week24\ELDON8_20250627_055002.wav
2484.0,2487.0,Spizella pusilla,Field Sparrow,0.1813,D:\AcousticMonitoringData\ELDON8_Data\Week24\ELDON8_20250627_055002.wav
2487.0,2490.0,Spizella pusilla,Field Sparrow,0.0991,D:\AcousticMonitoringData\ELDON8_Data\Week24\ELDON8_20250627_055002.wav
2487.0,2490.0,Passerina caerulea,Blue Grosbeak,0.0949,D:\AcousticMonitoringData\ELDON8_Data\Week24\ELDON8_20250627_055002.wav
2490.0,2493.0,Geothlypis trichas,Common Yellowthroat,0.0786,D:\AcousticMonitoringData\ELDON8_Data\Week24\ELDON8_20250627_055002.wav
2496.0,2499.0,Geothlypis trichas,Common Yellowthroat,0.2382,D:\AcousticMonitoringData\ELDON8_Data\Week24\ELDON8_20250627_055002.wav
2496.0,2499.0,Spizella pusilla,Field Sparrow,0.2146,D:\AcousticMonitoringData\ELDON8_Data\Week24\ELDON8_20250627_055002.wav
2499.0,2502.0,Spizella pusilla,Field Sparrow,0.1864,D:\AcousticMonitoringData\ELDON8_Data\Week24\ELDON8_20250627_055002.wav
2499.0,2502.0,Passerina caerulea,Blue Grosbeak,0.0741,D:\AcousticMonitoringData\ELDON8_Data\Week24\ELDON8_20250627_055002.wav
2499.0,2502.0,Geothlypis trichas,Common Yellowthroat,0.0623,D:\AcousticMonitoringData\ELDON8_Data\Week24\ELDON8_20250627_055002.wav
2502.0,2505.0,Passerina caerulea,Blue Grosbeak,0.0890,D:\AcousticMonitoringData\ELDON8_Data\Week24\ELDON8_20250627_055002.wav
2505.0,2508.0,Geothlypis trichas,Common Yellowthroat,0.3187,D:\AcousticMonitoringData\ELDON8_Data\Week24\ELDON8_20250627_055002.wav
2505.0,2508.0,Spizella pusilla,Field Sparrow,0.0702,D:\AcousticMonitoringData\ELDON8_Data\Week24\ELDON8_20250627_055002.wav
2508.0,2511.0,Spizella pusilla,Field Sparrow,0.7765,D:\AcousticMonitoringData\ELDON8_Data\Week24\ELDON8_20250627_055002.wav
2511.0,2514.0,Spizella pusilla,Field Sparrow,0.6578,D:\AcousticMonitoringData\ELDON8_Data\Week24\ELDON8_20250627_055002.wav
2514.0,2517.0,Geothlypis trichas,Common Yellowthroat,0.2343,D:\AcousticMonitoringData\ELDON8_Data\Week24\ELDON8_20250627_055002.wav
2517.0,2520.0,Passerina caerulea,Blue Grosbeak,0.0538,D:\AcousticMonitoringData\ELDON8_Data\Week24\ELDON8_20250627_055002.wav
2520.0,2523.0,Geothlypis trichas,Common Yellowthroat,0.3008,D:\AcousticMonitoringData\ELDON8_Data\Week24\ELDON8_20250627_055002.wav
2523.0,2526.0,Spizella pusilla,Field Sparrow,0.7461,D:\AcousticMonitoringData\ELDON8_Data\Week24\ELDON8_20250627_055002.wav
2526.0,2529.0,Spizella pusilla,Field Sparrow,0.8886,D:\AcousticMonitoringData\ELDON8_Data\Week24\ELDON8_20250627_055002.wav
2532.0,2535.0,Geothlypis trichas,Common Yellowthroat,0.2375,D:\AcousticMonitoringData\ELDON8_Data\Week24\ELDON8_20250627_055002.wav
2532.0,2535.0,Spizella pusilla,Field Sparrow,0.0529,D:\AcousticMonitoringData\ELDON8_Data\Week24\ELDON8_20250627_055002.wav
2535.0,2538.0,Spizella pusilla,Field Sparrow,0.2063,D:\AcousticMonitoringData\ELDON8_Data\Week24\ELDON8_20250627_055002.wav
2535.0,2538.0,Geothlypis trichas,Common Yellowthroat,0.0531,D:\AcousticMonitoringData\ELDON8_Data\Week24\ELDON8_20250627_055002.wav
2538.0,2541.0,Passerina caerulea,Blue Grosbeak,0.0935,D:\AcousticMonitoringData\ELDON8_Data\Week24\ELDON8_20250627_055002.wav
2538.0,2541.0,Spizella pusilla,Field Sparrow,0.0565,D:\AcousticMonitoringData\ELDON8_Data\Week24\ELDON8_20250627_055002.wav
2541.0,2544.0,Spizella pusilla,Field Sparrow,0.2022,D:\AcousticMonitoringData\ELDON8_Data\Week24\ELDON8_20250627_055002.wav
2544.0,2547.0,Spizella pusilla,Field Sparrow,0.7434,D:\AcousticMonitoringData\ELDON8_Data\Week24\ELDON8_20250627_055002.wav
2547.0,2550.0,Spizella pusilla,Field Sparrow,0.0976,D:\AcousticMonitoringData\ELDON8_Data\Week24\ELDON8_20250627_055002.wav
2547.0,2550.0,Passerina caerulea,Blue Grosbeak,0.0584,D:\AcousticMonitoringData\ELDON8_Data\Week24\ELDON8_20250627_055002.wav
2550.0,2553.0,Spizella pusilla,Field Sparrow,0.1105,D:\AcousticMonitoringData\ELDON8_Data\Week24\ELDON8_20250627_055002.wav
2553.0,2556.0,Spizella pusilla,Field Sparrow,0.8149,D:\AcousticMonitoringData\ELDON8_Data\Week24\ELDON8_20250627_055002.wav
2553.0,2556.0,Geothlypis trichas,Common Yellowthroat,0.0512,D:\AcousticMonitoringData\ELDON8_Data\Week24\ELDON8_20250627_055002.wav
2556.0,2559.0,Spizella pusilla,Field Sparrow,0.7443,D:\AcousticMonitoringData\ELDON8_Data\Week24\ELDON8_20250627_055002.wav
2559.0,2562.0,Spizella pusilla,Field Sparrow,0.0644,D:\AcousticMonitoringData\ELDON8_Data\Week24\ELDON8_20250627_055002.wav
2562.0,2565.0,Geothlypis trichas,Common Yellowthroat,0.1947,D:\AcousticMonitoringData\ELDON8_Data\Week24\ELDON8_20250627_055002.wav
2565.0,2568.0,Spizella pusilla,Field Sparrow,0.3780,D:\AcousticMonitoringData\ELDON8_Data\Week24\ELDON8_20250627_055002.wav
2568.0,2571.0,Spizella pusilla,Field Sparrow,0.1044,D:\AcousticMonitoringData\ELDON8_Data\Week24\ELDON8_20250627_055002.wav
2571.0,2574.0,Geothlypis trichas,Common Yellowthroat,0.1345,D:\AcousticMonitoringData\ELDON8_Data\Week24\ELDON8_20250627_055002.wav
2574.0,2577.0,Spizella pusilla,Field Sparrow,0.0805,D:\AcousticMonitoringData\ELDON8_Data\Week24\ELDON8_20250627_055002.wav
2574.0,2577.0,Geothlypis trichas,Common Yellowthroat,0.0629,D:\AcousticMonitoringData\ELDON8_Data\Week24\ELDON8_20250627_055002.wav
2577.0,2580.0,Spizella pusilla,Field Sparrow,0.2827,D:\AcousticMonitoringData\ELDON8_Data\Week24\ELDON8_20250627_055002.wav
2580.0,2583.0,Spizella pusilla,Field Sparrow,0.0833,D:\AcousticMonitoringData\ELDON8_Data\Week24\ELDON8_20250627_055002.wav
2583.0,2586.0,Geothlypis trichas,Common Yellowthroat,0.2339,D:\AcousticMonitoringData\ELDON8_Data\Week24\ELDON8_20250627_055002.wav
2586.0,2589.0,Passerina caerulea,Blue Grosbeak,0.0502,D:\AcousticMonitoringData\ELDON8_Data\Week24\ELDON8_20250627_055002.wav
2592.0,2595.0,Spizella pusilla,Field Sparrow,0.5871,D:\AcousticMonitoringData\ELDON8_Data\Week24\ELDON8_20250627_055002.wav
2592.0,2595.0,Geothlypis trichas,Common Yellowthroat,0.1655,D:\AcousticMonitoringData\ELDON8_Data\Week24\ELDON8_20250627_055002.wav
2595.0,2598.0,Geothlypis trichas,Common Yellowthroat,0.1234,D:\AcousticMonitoringData\ELDON8_Data\Week24\ELDON8_20250627_055002.wav
2601.0,2604.0,Geothlypis trichas,Common Yellowthroat,0.1495,D:\AcousticMonitoringData\ELDON8_Data\Week24\ELDON8_20250627_055002.wav
2604.0,2607.0,Spizella pusilla,Field Sparrow,0.1961,D:\AcousticMonitoringData\ELDON8_Data\Week24\ELDON8_20250627_055002.wav
2607.0,2610.0,Passerina caerulea,Blue Grosbeak,0.0805,D:\AcousticMonitoringData\ELDON8_Data\Week24\ELDON8_20250627_055002.wav
2607.0,2610.0,Spizella pusilla,Field Sparrow,0.0510,D:\AcousticMonitoringData\ELDON8_Data\Week24\ELDON8_20250627_055002.wav
2610.0,2613.0,Passerina caerulea,Blue Grosbeak,0.1413,D:\AcousticMonitoringData\ELDON8_Data\Week24\ELDON8_20250627_055002.wav
2610.0,2613.0,Geothlypis trichas,Common Yellowthroat,0.0853,D:\AcousticMonitoringData\ELDON8_Data\Week24\ELDON8_20250627_055002.wav
2610.0,2613.0,Spizella pusilla,Field Sparrow,0.0577,D:\AcousticMonitoringData\ELDON8_Data\Week24\ELDON8_20250627_055002.wav
2613.0,2616.0,Geothlypis trichas,Common Yellowthroat,0.2089,D:\AcousticMonitoringData\ELDON8_Data\Week24\ELDON8_20250627_055002.wav
2616.0,2619.0,Spizella pusilla,Field Sparrow,0.4747,D:\AcousticMonitoringData\ELDON8_Data\Week24\ELDON8_20250627_055002.wav
2619.0,2622.0,Spizella pusilla,Field Sparrow,0.2507,D:\AcousticMonitoringData\ELDON8_Data\Week24\ELDON8_20250627_055002.wav
2619.0,2622.0,Geothlypis trichas,Common Yellowthroat,0.0764,D:\AcousticMonitoringData\ELDON8_Data\Week24\ELDON8_20250627_055002.wav
2622.0,2625.0,Passerina caerulea,Blue Grosbeak,0.0567,D:\AcousticMonitoringData\ELDON8_Data\Week24\ELDON8_20250627_055002.wav
2628.0,2631.0,Passerina caerulea,Blue Grosbeak,0.0904,D:\AcousticMonitoringData\ELDON8_Data\Week24\ELDON8_20250627_055002.wav
2631.0,2634.0,Spizella pusilla,Field Sparrow,0.1063,D:\AcousticMonitoringData\ELDON8_Data\Week24\ELDON8_20250627_055002.wav
2631.0,2634.0,Passerina caerulea,Blue Grosbeak,0.0617,D:\AcousticMonitoringData\ELDON8_Data\Week24\ELDON8_20250627_055002.wav
2634.0,2637.0,Spizella pusilla,Field Sparrow,0.2519,D:\AcousticMonitoringData\ELDON8_Data\Week24\ELDON8_20250627_055002.wav
2634.0,2637.0,Geothlypis trichas,Common Yellowthroat,0.1343,D:\AcousticMonitoringData\ELDON8_Data\Week24\ELDON8_20250627_055002.wav
2640.0,2643.0,Geothlypis trichas,Common Yellowthroat,0.1516,D:\AcousticMonitoringData\ELDON8_Data\Week24\ELDON8_20250627_055002.wav
2643.0,2646.0,Passerina caerulea,Blue Grosbeak,0.0718,D:\AcousticMonitoringData\ELDON8_Data\Week24\ELDON8_20250627_055002.wav
2649.0,2652.0,Geothlypis trichas,Common Yellowthroat,0.0898,D:\AcousticMonitoringData\ELDON8_Data\Week24\ELDON8_20250627_055002.wav
2655.0,2658.0,Geothlypis trichas,Common Yellowthroat,0.2508,D:\AcousticMonitoringData\ELDON8_Data\Week24\ELDON8_20250627_055002.wav
2658.0,2661.0,Passerina caerulea,Blue Grosbeak,0.0722,D:\AcousticMonitoringData\ELDON8_Data\Week24\ELDON8_20250627_055002.wav
2661.0,2664.0,Spizella pusilla,Field Sparrow,0.1494,D:\AcousticMonitoringData\ELDON8_Data\Week24\ELDON8_20250627_055002.wav
2664.0,2667.0,Spizella pusilla,Field Sparrow,0.1923,D:\AcousticMonitoringData\ELDON8_Data\Week24\ELDON8_20250627_055002.wav
2667.0,2670.0,Geothlypis trichas,Common Yellowthroat,0.4314,D:\AcousticMonitoringData\ELDON8_Data\Week24\ELDON8_20250627_055002.wav
2673.0,2676.0,Passerina caerulea,Blue Grosbeak,0.0877,D:\AcousticMonitoringData\ELDON8_Data\Week24\ELDON8_20250627_055002.wav
2676.0,2679.0,Spizella pusilla,Field Sparrow,0.2689,D:\AcousticMonitoringData\ELDON8_Data\Week24\ELDON8_20250627_055002.wav
2676.0,2679.0,Geothlypis trichas,Common Yellowthroat,0.1127,D:\AcousticMonitoringData\ELDON8_Data\Week24\ELDON8_20250627_055002.wav
2682.0,2685.0,Spizella pusilla,Field Sparrow,0.2238,D:\AcousticMonitoringData\ELDON8_Data\Week24\ELDON8_20250627_055002.wav
2685.0,2688.0,Spizella pusilla,Field Sparrow,0.6695,D:\AcousticMonitoringData\ELDON8_Data\Week24\ELDON8_20250627_055002.wav
2688.0,2691.0,Geothlypis trichas,Common Yellowthroat,0.1194,D:\AcousticMonitoringData\ELDON8_Data\Week24\ELDON8_20250627_055002.wav
2694.0,2697.0,Passerina caerulea,Blue Grosbeak,0.0535,D:\AcousticMonitoringData\ELDON8_Data\Week24\ELDON8_20250627_055002.wav
2697.0,2700.0,Geothlypis trichas,Common Yellowthroat,0.0561,D:\AcousticMonitoringData\ELDON8_Data\Week24\ELDON8_20250627_055002.wav
2697.0,2700.0,Passerina caerulea,Blue Grosbeak,0.0535,D:\AcousticMonitoringData\ELDON8_Data\Week24\ELDON8_20250627_055002.wav
2700.0,2703.0,Geothlypis trichas,Common Yellowthroat,0.2588,D:\AcousticMonitoringData\ELDON8_Data\Week24\ELDON8_20250627_055002.wav
2700.0,2703.0,Spizella pusilla,Field Sparrow,0.1792,D:\AcousticMonitoringData\ELDON8_Data\Week24\ELDON8_20250627_055002.wav
2703.0,2706.0,Geothlypis trichas,Common Yellowthroat,0.0550,D:\AcousticMonitoringData\ELDON8_Data\Week24\ELDON8_20250627_055002.wav
2706.0,2709.0,Spizella pusilla,Field Sparrow,0.0532,D:\AcousticMonitoringData\ELDON8_Data\Week24\ELDON8_20250627_055002.wav
2709.0,2712.0,Geothlypis trichas,Common Yellowthroat,0.1812,D:\AcousticMonitoringData\ELDON8_Data\Week24\ELDON8_20250627_055002.wav
2712.0,2715.0,Spizella pusilla,Field Sparrow,0.0732,D:\AcousticMonitoringData\ELDON8_Data\Week24\ELDON8_20250627_055002.wav
2715.0,2718.0,Geothlypis trichas,Common Yellowthroat,0.2646,D:\AcousticMonitoringData\ELDON8_Data\Week24\ELDON8_20250627_055002.wav
2721.0,2724.0,Geothlypis trichas,Common Yellowthroat,0.0509,D:\AcousticMonitoringData\ELDON8_Data\Week24\ELDON8_20250627_055002.wav
2724.0,2727.0,Geothlypis trichas,Common Yellowthroat,0.2113,D:\AcousticMonitoringData\ELDON8_Data\Week24\ELDON8_20250627_055002.wav
2730.0,2733.0,Geothlypis trichas,Common Yellowthroat,0.1428,D:\AcousticMonitoringData\ELDON8_Data\Week24\ELDON8_20250627_055002.wav
2736.0,2739.0,Geothlypis trichas,Common Yellowthroat,0.0926,D:\AcousticMonitoringData\ELDON8_Data\Week24\ELDON8_20250627_055002.wav
2739.0,2742.0,Spizella pusilla,Field Sparrow,0.0890,D:\AcousticMonitoringData\ELDON8_Data\Week24\ELDON8_20250627_055002.wav
2742.0,2745.0,Geothlypis trichas,Common Yellowthroat,0.0699,D:\AcousticMonitoringData\ELDON8_Data\Week24\ELDON8_20250627_055002.wav
2745.0,2748.0,Geothlypis trichas,Common Yellowthroat,0.1515,D:\AcousticMonitoringData\ELDON8_Data\Week24\ELDON8_20250627_055002.wav
2754.0,2757.0,Geothlypis trichas,Common Yellowthroat,0.2995,D:\AcousticMonitoringData\ELDON8_Data\Week24\ELDON8_20250627_055002.wav
2763.0,2766.0,Geothlypis trichas,Common Yellowthroat,0.0940,D:\AcousticMonitoringData\ELDON8_Data\Week24\ELDON8_20250627_055002.wav
2766.0,2769.0,Geothlypis trichas,Common Yellowthroat,0.0747,D:\AcousticMonitoringData\ELDON8_Data\Week24\ELDON8_20250627_055002.wav
2769.0,2772.0,Spizella pusilla,Field Sparrow,0.2744,D:\AcousticMonitoringData\ELDON8_Data\Week24\ELDON8_20250627_055002.wav
2772.0,2775.0,Spizella pusilla,Field Sparrow,0.0874,D:\AcousticMonitoringData\ELDON8_Data\Week24\ELDON8_20250627_055002.wav
2775.0,2778.0,Geothlypis trichas,Common Yellowthroat,0.3372,D:\AcousticMonitoringData\ELDON8_Data\Week24\ELDON8_20250627_055002.wav
2784.0,2787.0,Spizella pusilla,Field Sparrow,0.1682,D:\AcousticMonitoringData\ELDON8_Data\Week24\ELDON8_20250627_055002.wav
2793.0,2796.0,Geothlypis trichas,Common Yellowthroat,0.0672,D:\AcousticMonitoringData\ELDON8_Data\Week24\ELDON8_20250627_055002.wav
2796.0,2799.0,Geothlypis trichas,Common Yellowthroat,0.2160,D:\AcousticMonitoringData\ELDON8_Data\Week24\ELDON8_20250627_055002.wav
2802.0,2805.0,Geothlypis trichas,Common Yellowthroat,0.4091,D:\AcousticMonitoringData\ELDON8_Data\Week24\ELDON8_20250627_055002.wav
2805.0,2808.0,Geothlypis trichas,Common Yellowthroat,0.4846,D:\AcousticMonitoringData\ELDON8_Data\Week24\ELDON8_20250627_055002.wav
2814.0,2817.0,Geothlypis trichas,Common Yellowthroat,0.0777,D:\AcousticMonitoringData\ELDON8_Data\Week24\ELDON8_20250627_055002.wav
2823.0,2826.0,Geothlypis trichas,Common Yellowthroat,0.1308,D:\AcousticMonitoringData\ELDON8_Data\Week24\ELDON8_20250627_055002.wav
2823.0,2826.0,Spizella pusilla,Field Sparrow,0.0972,D:\AcousticMonitoringData\ELDON8_Data\Week24\ELDON8_20250627_055002.wav
2826.0,2829.0,Spizella pusilla,Field Sparrow,0.0735,D:\AcousticMonitoringData\ELDON8_Data\Week24\ELDON8_20250627_055002.wav
2826.0,2829.0,Geothlypis trichas,Common Yellowthroat,0.0546,D:\AcousticMonitoringData\ELDON8_Data\Week24\ELDON8_20250627_055002.wav
2835.0,2838.0,Geothlypis trichas,Common Yellowthroat,0.1601,D:\AcousticMonitoringData\ELDON8_Data\Week24\ELDON8_20250627_055002.wav
2835.0,2838.0,Spizella pusilla,Field Sparrow,0.0962,D:\AcousticMonitoringData\ELDON8_Data\Week24\ELDON8_20250627_055002.wav
2838.0,2841.0,Spizella pusilla,Field Sparrow,0.0896,D:\AcousticMonitoringData\ELDON8_Data\Week24\ELDON8_20250627_055002.wav
2841.0,2844.0,Geothlypis trichas,Common Yellowthroat,0.3089,D:\AcousticMonitoringData\ELDON8_Data\Week24\ELDON8_20250627_055002.wav
2841.0,2844.0,Spizella pusilla,Field Sparrow,0.0678,D:\AcousticMonitoringData\ELDON8_Data\Week24\ELDON8_20250627_055002.wav
2850.0,2853.0,Spizella pusilla,Field Sparrow,0.6537,D:\AcousticMonitoringData\ELDON8_Data\Week24\ELDON8_20250627_055002.wav
2853.0,2856.0,Passerina caerulea,Blue Grosbeak,0.1320,D:\AcousticMonitoringData\ELDON8_Data\Week24\ELDON8_20250627_055002.wav
2859.0,2862.0,Geothlypis trichas,Common Yellowthroat,0.1415,D:\AcousticMonitoringData\ELDON8_Data\Week24\ELDON8_20250627_055002.wav
2868.0,2871.0,Geothlypis trichas,Common Yellowthroat,0.1529,D:\AcousticMonitoringData\ELDON8_Data\Week24\ELDON8_20250627_055002.wav
2871.0,2874.0,Spizella pusilla,Field Sparrow,0.1106,D:\AcousticMonitoringData\ELDON8_Data\Week24\ELDON8_20250627_055002.wav
2871.0,2874.0,Passerina caerulea,Blue Grosbeak,0.0520,D:\AcousticMonitoringData\ELDON8_Data\Week24\ELDON8_20250627_055002.wav
2874.0,2877.0,Spizella pusilla,Field Sparrow,0.1116,D:\AcousticMonitoringData\ELDON8_Data\Week24\ELDON8_20250627_055002.wav
2880.0,2883.0,Geothlypis trichas,Common Yellowthroat,0.2706,D:\AcousticMonitoringData\ELDON8_Data\Week24\ELDON8_20250627_055002.wav
2886.0,2889.0,Passerina caerulea,Blue Grosbeak,0.0545,D:\AcousticMonitoringData\ELDON8_Data\Week24\ELDON8_20250627_055002.wav
2889.0,2892.0,Geothlypis trichas,Common Yellowthroat,0.1181,D:\AcousticMonitoringData\ELDON8_Data\Week24\ELDON8_20250627_055002.wav
2892.0,2895.0,Spizella pusilla,Field Sparrow,0.1554,D:\AcousticMonitoringData\ELDON8_Data\Week24\ELDON8_20250627_055002.wav
2892.0,2895.0,Geothlypis trichas,Common Yellowthroat,0.0501,D:\AcousticMonitoringData\ELDON8_Data\Week24\ELDON8_20250627_055002.wav
2895.0,2898.0,Spizella pusilla,Field Sparrow,0.0578,D:\AcousticMonitoringData\ELDON8_Data\Week24\ELDON8_20250627_055002.wav
2907.0,2910.0,Spizella pusilla,Field Sparrow,0.1883,D:\AcousticMonitoringData\ELDON8_Data\Week24\ELDON8_20250627_055002.wav
2910.0,2913.0,Geothlypis trichas,Common Yellowthroat,0.2698,D:\AcousticMonitoringData\ELDON8_Data\Week24\ELDON8_20250627_055002.wav
2913.0,2916.0,Passerina caerulea,Blue Grosbeak,0.2192,D:\AcousticMonitoringData\ELDON8_Data\Week24\ELDON8_20250627_055002.wav
2919.0,2922.0,Geothlypis trichas,Common Yellowthroat,0.0717,D:\AcousticMonitoringData\ELDON8_Data\Week24\ELDON8_20250627_055002.wav
2922.0,2925.0,Passerina caerulea,Blue Grosbeak,0.0798,D:\AcousticMonitoringData\ELDON8_Data\Week24\ELDON8_20250627_055002.wav
2928.0,2931.0,Spizella pusilla,Field Sparrow,0.0510,D:\AcousticMonitoringData\ELDON8_Data\Week24\ELDON8_20250627_055002.wav
2934.0,2937.0,Passerina caerulea,Blue Grosbeak,0.0567,D:\AcousticMonitoringData\ELDON8_Data\Week24\ELDON8_20250627_055002.wav
2943.0,2946.0,Geothlypis trichas,Common Yellowthroat,0.1018,D:\AcousticMonitoringData\ELDON8_Data\Week24\ELDON8_20250627_055002.wav
2952.0,2955.0,Geothlypis trichas,Common Yellowthroat,0.3406,D:\AcousticMonitoringData\ELDON8_Data\Week24\ELDON8_20250627_055002.wav
2955.0,2958.0,Spizella pusilla,Field Sparrow,0.0791,D:\AcousticMonitoringData\ELDON8_Data\Week24\ELDON8_20250627_055002.wav
2958.0,2961.0,Spizella pusilla,Field Sparrow,0.0506,D:\AcousticMonitoringData\ELDON8_Data\Week24\ELDON8_20250627_055002.wav
2961.0,2964.0,Geothlypis trichas,Common Yellowthroat,0.0664,D:\AcousticMonitoringData\ELDON8_Data\Week24\ELDON8_20250627_055002.wav
2967.0,2970.0,Passerina caerulea,Blue Grosbeak,0.0521,D:\AcousticMonitoringData\ELDON8_Data\Week24\ELDON8_20250627_055002.wav
2973.0,2976.0,Geothlypis trichas,Common Yellowthroat,0.2376,D:\AcousticMonitoringData\ELDON8_Data\Week24\ELDON8_20250627_055002.wav
2976.0,2979.0,Spizella pusilla,Field Sparrow,0.0541,D:\AcousticMonitoringData\ELDON8_Data\Week24\ELDON8_20250627_055002.wav
2991.0,2994.0,Geothlypis trichas,Common Yellowthroat,0.1911,D:\AcousticMonitoringData\ELDON8_Data\Week24\ELDON8_20250627_055002.wav
2994.0,2997.0,Geothlypis trichas,Common Yellowthroat,0.0512,D:\AcousticMonitoringData\ELDON8_Data\Week24\ELDON8_20250627_055002.wav
3000.0,3003.0,Geothlypis trichas,Common Yellowthroat,0.0917,D:\AcousticMonitoringData\ELDON8_Data\Week24\ELDON8_20250627_055002.wav
3006.0,3009.0,Spizella pusilla,Field Sparrow,0.1853,D:\AcousticMonitoringData\ELDON8_Data\Week24\ELDON8_20250627_055002.wav
3009.0,3012.0,Geothlypis trichas,Common Yellowthroat,0.1302,D:\AcousticMonitoringData\ELDON8_Data\Week24\ELDON8_20250627_055002.wav
3018.0,3021.0,Spizella pusilla,Field Sparrow,0.1051,D:\AcousticMonitoringData\ELDON8_Data\Week24\ELDON8_20250627_055002.wav
3021.0,3024.0,Geothlypis trichas,Common Yellowthroat,0.2574,D:\AcousticMonitoringData\ELDON8_Data\Week24\ELDON8_20250627_055002.wav
3027.0,3030.0,Spizella pusilla,Field Sparrow,0.0817,D:\AcousticMonitoringData\ELDON8_Data\Week24\ELDON8_20250627_055002.wav
3030.0,3033.0,Spizella pusilla,Field Sparrow,0.1144,D:\AcousticMonitoringData\ELDON8_Data\Week24\ELDON8_20250627_055002.wav
3030.0,3033.0,Geothlypis trichas,Common Yellowthroat,0.0521,D:\AcousticMonitoringData\ELDON8_Data\Week24\ELDON8_20250627_055002.wav
3033.0,3036.0,Geothlypis trichas,Common Yellowthroat,0.1663,D:\AcousticMonitoringData\ELDON8_Data\Week24\ELDON8_20250627_055002.wav
3033.0,3036.0,Spizella pusilla,Field Sparrow,0.1394,D:\AcousticMonitoringData\ELDON8_Data\Week24\ELDON8_20250627_055002.wav
3042.0,3045.0,Geothlypis trichas,Common Yellowthroat,0.2394,D:\AcousticMonitoringData\ELDON8_Data\Week24\ELDON8_20250627_055002.wav
3051.0,3054.0,Geothlypis trichas,Common Yellowthroat,0.1994,D:\AcousticMonitoringData\ELDON8_Data\Week24\ELDON8_20250627_055002.wav
3057.0,3060.0,Geothlypis trichas,Common Yellowthroat,0.0628,D:\AcousticMonitoringData\ELDON8_Data\Week24\ELDON8_20250627_055002.wav
3060.0,3063.0,Geothlypis trichas,Common Yellowthroat,0.2842,D:\AcousticMonitoringData\ELDON8_Data\Week24\ELDON8_20250627_055002.wav
3063.0,3066.0,Geothlypis trichas,Common Yellowthroat,0.0911,D:\AcousticMonitoringData\ELDON8_Data\Week24\ELDON8_20250627_055002.wav
3069.0,3072.0,Geothlypis trichas,Common Yellowthroat,0.4674,D:\AcousticMonitoringData\ELDON8_Data\Week24\ELDON8_20250627_055002.wav
3078.0,3081.0,Geothlypis trichas,Common Yellowthroat,0.1015,D:\AcousticMonitoringData\ELDON8_Data\Week24\ELDON8_20250627_055002.wav
3081.0,3084.0,Geothlypis trichas,Common Yellowthroat,0.3784,D:\AcousticMonitoringData\ELDON8_Data\Week24\ELDON8_20250627_055002.wav
3087.0,3090.0,Geothlypis trichas,Common Yellowthroat,0.0729,D:\AcousticMonitoringData\ELDON8_Data\Week24\ELDON8_20250627_055002.wav
3090.0,3093.0,Geothlypis trichas,Common Yellowthroat,0.1740,D:\AcousticMonitoringData\ELDON8_Data\Week24\ELDON8_20250627_055002.wav
3093.0,3096.0,Geothlypis trichas,Common Yellowthroat,0.0761,D:\AcousticMonitoringData\ELDON8_Data\Week24\ELDON8_20250627_055002.wav
3099.0,3102.0,Geothlypis trichas,Common Yellowthroat,0.4551,D:\AcousticMonitoringData\ELDON8_Data\Week24\ELDON8_20250627_055002.wav
3108.0,3111.0,Geothlypis trichas,Common Yellowthroat,0.0881,D:\AcousticMonitoringData\ELDON8_Data\Week24\ELDON8_20250627_055002.wav
3111.0,3114.0,Geothlypis trichas,Common Yellowthroat,0.1909,D:\AcousticMonitoringData\ELDON8_Data\Week24\ELDON8_20250627_055002.wav
3117.0,3120.0,Geothlypis trichas,Common Yellowthroat,0.1612,D:\AcousticMonitoringData\ELDON8_Data\Week24\ELDON8_20250627_055002.wav
3120.0,3123.0,Geothlypis trichas,Common Yellowthroat,0.1875,D:\AcousticMonitoringData\ELDON8_Data\Week24\ELDON8_20250627_055002.wav
3129.0,3132.0,Geothlypis trichas,Common Yellowthroat,0.0666,D:\AcousticMonitoringData\ELDON8_Data\Week24\ELDON8_20250627_055002.wav
3132.0,3135.0,Spizella pusilla,Field Sparrow,0.0572,D:\AcousticMonitoringData\ELDON8_Data\Week24\ELDON8_20250627_055002.wav
3135.0,3138.0,Passerina caerulea,Blue Grosbeak,0.0663,D:\AcousticMonitoringData\ELDON8_Data\Week24\ELDON8_20250627_055002.wav
3138.0,3141.0,Geothlypis trichas,Common Yellowthroat,0.1487,D:\AcousticMonitoringData\ELDON8_Data\Week24\ELDON8_20250627_055002.wav
3141.0,3144.0,Geothlypis trichas,Common Yellowthroat,0.1034,D:\AcousticMonitoringData\ELDON8_Data\Week24\ELDON8_20250627_055002.wav
3150.0,3153.0,Geothlypis trichas,Common Yellowthroat,0.1801,D:\AcousticMonitoringData\ELDON8_Data\Week24\ELDON8_20250627_055002.wav
3159.0,3162.0,Geothlypis trichas,Common Yellowthroat,0.0972,D:\AcousticMonitoringData\ELDON8_Data\Week24\ELDON8_20250627_055002.wav
3171.0,3174.0,Geothlypis trichas,Common Yellowthroat,0.1203,D:\AcousticMonitoringData\ELDON8_Data\Week24\ELDON8_20250627_055002.wav
3180.0,3183.0,Geothlypis trichas,Common Yellowthroat,0.7023,D:\AcousticMonitoringData\ELDON8_Data\Week24\ELDON8_20250627_055002.wav
3189.0,3192.0,Geothlypis trichas,Common Yellowthroat,0.3295,D:\AcousticMonitoringData\ELDON8_Data\Week24\ELDON8_20250627_055002.wav
3192.0,3195.0,Geothlypis trichas,Common Yellowthroat,0.1550,D:\AcousticMonitoringData\ELDON8_Data\Week24\ELDON8_20250627_055002.wav
3198.0,3201.0,Geothlypis trichas,Common Yellowthroat,0.1265,D:\AcousticMonitoringData\ELDON8_Data\Week24\ELDON8_20250627_055002.wav
3201.0,3204.0,Spizella pusilla,Field Sparrow,0.3266,D:\AcousticMonitoringData\ELDON8_Data\Week24\ELDON8_20250627_055002.wav
3201.0,3204.0,Geothlypis trichas,Common Yellowthroat,0.0972,D:\AcousticMonitoringData\ELDON8_Data\Week24\ELDON8_20250627_055002.wav
3204.0,3207.0,Spizella pusilla,Field Sparrow,0.3479,D:\AcousticMonitoringData\ELDON8_Data\Week24\ELDON8_20250627_055002.wav
3207.0,3210.0,Geothlypis trichas,Common Yellowthroat,0.1562,D:\AcousticMonitoringData\ELDON8_Data\Week24\ELDON8_20250627_055002.wav
3216.0,3219.0,Geothlypis trichas,Common Yellowthroat,0.4571,D:\AcousticMonitoringData\ELDON8_Data\Week24\ELDON8_20250627_055002.wav
3222.0,3225.0,Spizella pusilla,Field Sparrow,0.0948,D:\AcousticMonitoringData\ELDON8_Data\Week24\ELDON8_20250627_055002.wav
3225.0,3228.0,Geothlypis trichas,Common Yellowthroat,0.0569,D:\AcousticMonitoringData\ELDON8_Data\Week24\ELDON8_20250627_055002.wav
3228.0,3231.0,Geothlypis trichas,Common Yellowthroat,0.1006,D:\AcousticMonitoringData\ELDON8_Data\Week24\ELDON8_20250627_055002.wav
3231.0,3234.0,Spizella pusilla,Field Sparrow,0.0596,D:\AcousticMonitoringData\ELDON8_Data\Week24\ELDON8_20250627_055002.wav
3234.0,3237.0,Spizella pusilla,Field Sparrow,0.0517,D:\AcousticMonitoringData\ELDON8_Data\Week24\ELDON8_20250627_055002.wav
3237.0,3240.0,Geothlypis trichas,Common Yellowthroat,0.0936,D:\AcousticMonitoringData\ELDON8_Data\Week24\ELDON8_20250627_055002.wav
3246.0,3249.0,Geothlypis trichas,Common Yellowthroat,0.3014,D:\AcousticMonitoringData\ELDON8_Data\Week24\ELDON8_20250627_055002.wav
3255.0,3258.0,Geothlypis trichas,Common Yellowthroat,0.0821,D:\AcousticMonitoringData\ELDON8_Data\Week24\ELDON8_20250627_055002.wav
3255.0,3258.0,Spizella pusilla,Field Sparrow,0.0631,D:\AcousticMonitoringData\ELDON8_Data\Week24\ELDON8_20250627_055002.wav
3261.0,3264.0,Spizella pusilla,Field Sparrow,0.2291,D:\AcousticMonitoringData\ELDON8_Data\Week24\ELDON8_20250627_055002.wav
3264.0,3267.0,Geothlypis trichas,Common Yellowthroat,0.1226,D:\AcousticMonitoringData\ELDON8_Data\Week24\ELDON8_20250627_055002.wav
3264.0,3267.0,Spizella pusilla,Field Sparrow,0.0656,D:\AcousticMonitoringData\ELDON8_Data\Week24\ELDON8_20250627_055002.wav
3267.0,3270.0,Geothlypis trichas,Common Yellowthroat,0.0794,D:\AcousticMonitoringData\ELDON8_Data\Week24\ELDON8_20250627_055002.wav
3267.0,3270.0,Spizella pusilla,Field Sparrow,0.0627,D:\AcousticMonitoringData\ELDON8_Data\Week24\ELDON8_20250627_055002.wav
3276.0,3279.0,Geothlypis trichas,Common Yellowthroat,0.0725,D:\AcousticMonitoringData\ELDON8_Data\Week24\ELDON8_20250627_055002.wav
3282.0,3285.0,Geothlypis trichas,Common Yellowthroat,0.0935,D:\AcousticMonitoringData\ELDON8_Data\Week24\ELDON8_20250627_055002.wav
3285.0,3288.0,Geothlypis trichas,Common Yellowthroat,0.0635,D:\AcousticMonitoringData\ELDON8_Data\Week24\ELDON8_20250627_055002.wav
3294.0,3297.0,Geothlypis trichas,Common Yellowthroat,0.3354,D:\AcousticMonitoringData\ELDON8_Data\Week24\ELDON8_20250627_055002.wav
3303.0,3306.0,Geothlypis trichas,Common Yellowthroat,0.1079,D:\AcousticMonitoringData\ELDON8_Data\Week24\ELDON8_20250627_055002.wav
3315.0,3318.0,Geothlypis trichas,Common Yellowthroat,0.0845,D:\AcousticMonitoringData\ELDON8_Data\Week24\ELDON8_20250627_055002.wav
3321.0,3324.0,Geothlypis trichas,Common Yellowthroat,0.1417,D:\AcousticMonitoringData\ELDON8_Data\Week24\ELDON8_20250627_055002.wav
3324.0,3327.0,Geothlypis trichas,Common Yellowthroat,0.0828,D:\AcousticMonitoringData\ELDON8_Data\Week24\ELDON8_20250627_055002.wav
3330.0,3333.0,Geothlypis trichas,Common Yellowthroat,0.0874,D:\AcousticMonitoringData\ELDON8_Data\Week24\ELDON8_20250627_055002.wav
3333.0,3336.0,Geothlypis trichas,Common Yellowthroat,0.0536,D:\AcousticMonitoringData\ELDON8_Data\Week24\ELDON8_20250627_055002.wav
3339.0,3342.0,Passerina caerulea,Blue Grosbeak,0.0501,D:\AcousticMonitoringData\ELDON8_Data\Week24\ELDON8_20250627_055002.wav
3342.0,3345.0,Spizella pusilla,Field Sparrow,0.1158,D:\AcousticMonitoringData\ELDON8_Data\Week24\ELDON8_20250627_055002.wav
3342.0,3345.0,Geothlypis trichas,Common Yellowthroat,0.0662,D:\AcousticMonitoringData\ELDON8_Data\Week24\ELDON8_20250627_055002.wav
3351.0,3354.0,Geothlypis trichas,Common Yellowthroat,0.2058,D:\AcousticMonitoringData\ELDON8_Data\Week24\ELDON8_20250627_055002.wav
3357.0,3360.0,Spizella pusilla,Field Sparrow,0.0790,D:\AcousticMonitoringData\ELDON8_Data\Week24\ELDON8_20250627_055002.wav
3360.0,3363.0,Geothlypis trichas,Common Yellowthroat,0.2507,D:\AcousticMonitoringData\ELDON8_Data\Week24\ELDON8_20250627_055002.wav
3366.0,3369.0,Spizella pusilla,Field Sparrow,0.0704,D:\AcousticMonitoringData\ELDON8_Data\Week24\ELDON8_20250627_055002.wav
3369.0,3372.0,Geothlypis trichas,Common Yellowthroat,0.4346,D:\AcousticMonitoringData\ELDON8_Data\Week24\ELDON8_20250627_055002.wav
3378.0,3381.0,Geothlypis trichas,Common Yellowthroat,0.1587,D:\AcousticMonitoringData\ELDON8_Data\Week24\ELDON8_20250627_055002.wav
3381.0,3384.0,Geothlypis trichas,Common Yellowthroat,0.0717,D:\AcousticMonitoringData\ELDON8_Data\Week24\ELDON8_20250627_055002.wav
3387.0,3390.0,Geothlypis trichas,Common Yellowthroat,0.1045,D:\AcousticMonitoringData\ELDON8_Data\Week24\ELDON8_20250627_055002.wav
3402.0,3405.0,Spizella pusilla,Field Sparrow,0.7389,D:\AcousticMonitoringData\ELDON8_Data\Week24\ELDON8_20250627_055002.wav
3405.0,3408.0,Spizella pusilla,Field Sparrow,0.0606,D:\AcousticMonitoringData\ELDON8_Data\Week24\ELDON8_20250627_055002.wav
3414.0,3417.0,Spizella pusilla,Field Sparrow,0.0597,D:\AcousticMonitoringData\ELDON8_Data\Week24\ELDON8_20250627_055002.wav
3417.0,3420.0,Geothlypis trichas,Common Yellowthroat,0.1407,D:\AcousticMonitoringData\ELDON8_Data\Week24\ELDON8_20250627_055002.wav
3420.0,3423.0,Spizella pusilla,Field Sparrow,0.1264,D:\AcousticMonitoringData\ELDON8_Data\Week24\ELDON8_20250627_055002.wav
3423.0,3426.0,Spizella pusilla,Field Sparrow,0.1243,D:\AcousticMonitoringData\ELDON8_Data\Week24\ELDON8_20250627_055002.wav
3426.0,3429.0,Geothlypis trichas,Common Yellowthroat,0.2593,D:\AcousticMonitoringData\ELDON8_Data\Week24\ELDON8_20250627_055002.wav
3426.0,3429.0,Spizella pusilla,Field Sparrow,0.1050,D:\AcousticMonitoringData\ELDON8_Data\Week24\ELDON8_20250627_055002.wav
3438.0,3441.0,Geothlypis trichas,Common Yellowthroat,0.1158,D:\AcousticMonitoringData\ELDON8_Data\Week24\ELDON8_20250627_055002.wav
3441.0,3444.0,Spizella pusilla,Field Sparrow,0.0638,D:\AcousticMonitoringData\ELDON8_Data\Week24\ELDON8_20250627_055002.wav
3441.0,3444.0,Passerina caerulea,Blue Grosbeak,0.0623,D:\AcousticMonitoringData\ELDON8_Data\Week24\ELDON8_20250627_055002.wav
3444.0,3447.0,Passerina caerulea,Blue Grosbeak,0.0785,D:\AcousticMonitoringData\ELDON8_Data\Week24\ELDON8_20250627_055002.wav
3447.0,3450.0,Geothlypis trichas,Common Yellowthroat,0.2411,D:\AcousticMonitoringData\ELDON8_Data\Week24\ELDON8_20250627_055002.wav
3450.0,3453.0,Passerina caerulea,Blue Grosbeak,0.1154,D:\AcousticMonitoringData\ELDON8_Data\Week24\ELDON8_20250627_055002.wav
3456.0,3459.0,Geothlypis trichas,Common Yellowthroat,0.0910,D:\AcousticMonitoringData\ELDON8_Data\Week24\ELDON8_20250627_055002.wav
3456.0,3459.0,Passerina caerulea,Blue Grosbeak,0.0504,D:\AcousticMonitoringData\ELDON8_Data\Week24\ELDON8_20250627_055002.wav
3459.0,3462.0,Passerina caerulea,Blue Grosbeak,0.1986,D:\AcousticMonitoringData\ELDON8_Data\Week24\ELDON8_20250627_055002.wav
3465.0,3468.0,Geothlypis trichas,Common Yellowthroat,0.0584,D:\AcousticMonitoringData\ELDON8_Data\Week24\ELDON8_20250627_055002.wav
3468.0,3471.0,Geothlypis trichas,Common Yellowthroat,0.0971,D:\AcousticMonitoringData\ELDON8_Data\Week24\ELDON8_20250627_055002.wav
3480.0,3483.0,Spizella pusilla,Field Sparrow,0.2865,D:\AcousticMonitoringData\ELDON8_Data\Week24\ELDON8_20250627_055002.wav
3489.0,3492.0,Passerina caerulea,Blue Grosbeak,0.0878,D:\AcousticMonitoringData\ELDON8_Data\Week24\ELDON8_20250627_055002.wav
3495.0,3498.0,Spizella pusilla,Field Sparrow,0.1182,D:\AcousticMonitoringData\ELDON8_Data\Week24\ELDON8_20250627_055002.wav
3501.0,3504.0,Spizella pusilla,Field Sparrow,0.0857,D:\AcousticMonitoringData\ELDON8_Data\Week24\ELDON8_20250627_055002.wav
3504.0,3507.0,Spizella pusilla,Field Sparrow,0.2847,D:\AcousticMonitoringData\ELDON8_Data\Week24\ELDON8_20250627_055002.wav
3510.0,3513.0,Passerina caerulea,Blue Grosbeak,0.0520,D:\AcousticMonitoringData\ELDON8_Data\Week24\ELDON8_20250627_055002.wav
3513.0,3516.0,Spizella pusilla,Field Sparrow,0.1441,D:\AcousticMonitoringData\ELDON8_Data\Week24\ELDON8_20250627_055002.wav
3513.0,3516.0,Passerina caerulea,Blue Grosbeak,0.0933,D:\AcousticMonitoringData\ELDON8_Data\Week24\ELDON8_20250627_055002.wav
3516.0,3519.0,Spizella pusilla,Field Sparrow,0.1865,D:\AcousticMonitoringData\ELDON8_Data\Week24\ELDON8_20250627_055002.wav
3522.0,3525.0,Spizella pusilla,Field Sparrow,0.0586,D:\AcousticMonitoringData\ELDON8_Data\Week24\ELDON8_20250627_055002.wav
3525.0,3528.0,Spizella pusilla,Field Sparrow,0.1647,D:\AcousticMonitoringData\ELDON8_Data\Week24\ELDON8_20250627_055002.wav
3525.0,3528.0,Geothlypis trichas,Common Yellowthroat,0.1273,D:\AcousticMonitoringData\ELDON8_Data\Week24\ELDON8_20250627_055002.wav
3528.0,3531.0,Spizella pusilla,Field Sparrow,0.2575,D:\AcousticMonitoringData\ELDON8_Data\Week24\ELDON8_20250627_055002.wav
3528.0,3531.0,Passerina caerulea,Blue Grosbeak,0.0996,D:\AcousticMonitoringData\ELDON8_Data\Week24\ELDON8_20250627_055002.wav
3531.0,3534.0,Spizella pusilla,Field Sparrow,0.2868,D:\AcousticMonitoringData\ELDON8_Data\Week24\ELDON8_20250627_055002.wav
3534.0,3537.0,Geothlypis trichas,Common Yellowthroat,0.1907,D:\AcousticMonitoringData\ELDON8_Data\Week24\ELDON8_20250627_055002.wav
3534.0,3537.0,Spizella pusilla,Field Sparrow,0.0519,D:\AcousticMonitoringData\ELDON8_Data\Week24\ELDON8_20250627_055002.wav
3540.0,3543.0,Spizella pusilla,Field Sparrow,0.4733,D:\AcousticMonitoringData\ELDON8_Data\Week24\ELDON8_20250627_055002.wav
3543.0,3546.0,Spizella pusilla,Field Sparrow,0.1070,D:\AcousticMonitoringData\ELDON8_Data\Week24\ELDON8_20250627_055002.wav
3543.0,3546.0,Geothlypis trichas,Common Yellowthroat,0.0749,D:\AcousticMonitoringData\ELDON8_Data\Week24\ELDON8_20250627_055002.wav
3552.0,3555.0,Spizella pusilla,Field Sparrow,0.1926,D:\AcousticMonitoringData\ELDON8_Data\Week24\ELDON8_20250627_055002.wav
3555.0,3558.0,Spizella pusilla,Field Sparrow,0.0572,D:\AcousticMonitoringData\ELDON8_Data\Week24\ELDON8_20250627_055002.wav
3558.0,3561.0,Passerina caerulea,Blue Grosbeak,0.0673,D:\AcousticMonitoringData\ELDON8_Data\Week24\ELDON8_20250627_055002.wav
3558.0,3561.0,Spizella pusilla,Field Sparrow,0.0589,D:\AcousticMonitoringData\ELDON8_Data\Week24\ELDON8_20250627_055002.wav
3570.0,3573.0,Spizella pusilla,Field Sparrow,0.0827,D:\AcousticMonitoringData\ELDON8_Data\Week24\ELDON8_20250627_055002.wav
3570.0,3573.0,Geothlypis trichas,Common Yellowthroat,0.0616,D:\AcousticMonitoringData\ELDON8_Data\Week24\ELDON8_20250627_055002.wav
3579.0,3582.0,Geothlypis trichas,Common Yellowthroat,0.4535,D:\AcousticMonitoringData\ELDON8_Data\Week24\ELDON8_20250627_055002.wav
3582.0,3585.0,Spizella pusilla,Field Sparrow,0.0865,D:\AcousticMonitoringData\ELDON8_Data\Week24\ELDON8_20250627_055002.wav
3585.0,3588.0,Spizella pusilla,Field Sparrow,0.1442,D:\AcousticMonitoringData\ELDON8_Data\Week24\ELDON8_20250627_055002.wav
3588.0,3591.0,Geothlypis trichas,Common Yellowthroat,0.2390,D:\AcousticMonitoringData\ELDON8_Data\Week24\ELDON8_20250627_055002.wav
3594.0,3597.0,Spizella pusilla,Field Sparrow,0.1996,D:\AcousticMonitoringData\ELDON8_Data\Week24\ELDON8_20250627_055002.wav
3597.0,3600.0,Spizella pusilla,Field Sparrow,0.0601,D:\AcousticMonitoringData\ELDON8_Data\Week24\ELDON8_20250627_055002.wav
3600.0,3602.89,Passerina caerulea,Blue Grosbeak,0.1036,D:\AcousticMonitoringData\ELDON8_Data\Week24\ELDON8_20250627_055002.wav
