Start (s),End (s),Scientific name,Common name,Confidence,File,Date
126,129,Geothlypis trichas,Common Yellowthroat,0.0609,E:\AcousticMonitoringData\ELDON4_Data\Week25\ELDON4_20250703_045300.wav,20250703
285,288,Geothlypis trichas,Common Yellowthroat,0.7392,E:\AcousticMonitoringData\ELDON4_Data\Week25\ELDON4_20250703_045300.wav,20250703
291,294,Geothlypis trichas,Common Yellowthroat,0.43,E:\AcousticMonitoringData\ELDON4_Data\Week25\ELDON4_20250703_045300.wav,20250703
294,297,Geothlypis trichas,Common Yellowthroat,0.6623,E:\AcousticMonitoringData\ELDON4_Data\Week25\ELDON4_20250703_045300.wav,20250703
297,300,Geothlypis trichas,Common Yellowthroat,0.8388,E:\AcousticMonitoringData\ELDON4_Data\Week25\ELDON4_20250703_045300.wav,20250703
312,315,Geothlypis trichas,Common Yellowthroat,0.5663,E:\AcousticMonitoringData\ELDON4_Data\Week25\ELDON4_20250703_045300.wav,20250703
330,333,Geothlypis trichas,Common Yellowthroat,0.8141,E:\AcousticMonitoringData\ELDON4_Data\Week25\ELDON4_20250703_045300.wav,20250703
342,345,Geothlypis trichas,Common Yellowthroat,0.1495,E:\AcousticMonitoringData\ELDON4_Data\Week25\ELDON4_20250703_045300.wav,20250703
345,348,Geothlypis trichas,Common Yellowthroat,0.5394,E:\AcousticMonitoringData\ELDON4_Data\Week25\ELDON4_20250703_045300.wav,20250703
348,351,Geothlypis trichas,Common Yellowthroat,0.4344,E:\AcousticMonitoringData\ELDON4_Data\Week25\ELDON4_20250703_045300.wav,20250703
351,354,Geothlypis trichas,Common Yellowthroat,0.0646,E:\AcousticMonitoringData\ELDON4_Data\Week25\ELDON4_20250703_045300.wav,20250703
387,390,Geothlypis trichas,Common Yellowthroat,0.806,E:\AcousticMonitoringData\ELDON4_Data\Week25\ELDON4_20250703_045300.wav,20250703
390,393,Geothlypis trichas,Common Yellowthroat,0.3651,E:\AcousticMonitoringData\ELDON4_Data\Week25\ELDON4_20250703_045300.wav,20250703
393,396,Geothlypis trichas,Common Yellowthroat,0.4423,E:\AcousticMonitoringData\ELDON4_Data\Week25\ELDON4_20250703_045300.wav,20250703
396,399,Geothlypis trichas,Common Yellowthroat,0.8713,E:\AcousticMonitoringData\ELDON4_Data\Week25\ELDON4_20250703_045300.wav,20250703
402,405,Geothlypis trichas,Common Yellowthroat,0.3983,E:\AcousticMonitoringData\ELDON4_Data\Week25\ELDON4_20250703_045300.wav,20250703
408,411,Geothlypis trichas,Common Yellowthroat,0.5126,E:\AcousticMonitoringData\ELDON4_Data\Week25\ELDON4_20250703_045300.wav,20250703
417,420,Geothlypis trichas,Common Yellowthroat,0.0554,E:\AcousticMonitoringData\ELDON4_Data\Week25\ELDON4_20250703_045300.wav,20250703
420,423,Geothlypis trichas,Common Yellowthroat,0.7144,E:\AcousticMonitoringData\ELDON4_Data\Week25\ELDON4_20250703_045300.wav,20250703
423,426,Geothlypis trichas,Common Yellowthroat,0.7213,E:\AcousticMonitoringData\ELDON4_Data\Week25\ELDON4_20250703_045300.wav,20250703
426,429,Geothlypis trichas,Common Yellowthroat,0.4472,E:\AcousticMonitoringData\ELDON4_Data\Week25\ELDON4_20250703_045300.wav,20250703
435,438,Geothlypis trichas,Common Yellowthroat,0.2184,E:\AcousticMonitoringData\ELDON4_Data\Week25\ELDON4_20250703_045300.wav,20250703
441,444,Geothlypis trichas,Common Yellowthroat,0.4526,E:\AcousticMonitoringData\ELDON4_Data\Week25\ELDON4_20250703_045300.wav,20250703
444,447,Geothlypis trichas,Common Yellowthroat,0.437,E:\AcousticMonitoringData\ELDON4_Data\Week25\ELDON4_20250703_045300.wav,20250703
447,450,Geothlypis trichas,Common Yellowthroat,0.3587,E:\AcousticMonitoringData\ELDON4_Data\Week25\ELDON4_20250703_045300.wav,20250703
450,453,Geothlypis trichas,Common Yellowthroat,0.1977,E:\AcousticMonitoringData\ELDON4_Data\Week25\ELDON4_20250703_045300.wav,20250703
450,453,Passerina caerulea,Blue Grosbeak,0.0504,E:\AcousticMonitoringData\ELDON4_Data\Week25\ELDON4_20250703_045300.wav,20250703
456,459,Geothlypis trichas,Common Yellowthroat,0.3243,E:\AcousticMonitoringData\ELDON4_Data\Week25\ELDON4_20250703_045300.wav,20250703
459,462,Geothlypis trichas,Common Yellowthroat,0.1403,E:\AcousticMonitoringData\ELDON4_Data\Week25\ELDON4_20250703_045300.wav,20250703
462,465,Geothlypis trichas,Common Yellowthroat,0.4553,E:\AcousticMonitoringData\ELDON4_Data\Week25\ELDON4_20250703_045300.wav,20250703
465,468,Geothlypis trichas,Common Yellowthroat,0.6433,E:\AcousticMonitoringData\ELDON4_Data\Week25\ELDON4_20250703_045300.wav,20250703
468,471,Geothlypis trichas,Common Yellowthroat,0.7409,E:\AcousticMonitoringData\ELDON4_Data\Week25\ELDON4_20250703_045300.wav,20250703
471,474,Geothlypis trichas,Common Yellowthroat,0.4086,E:\AcousticMonitoringData\ELDON4_Data\Week25\ELDON4_20250703_045300.wav,20250703
474,477,Geothlypis trichas,Common Yellowthroat,0.0588,E:\AcousticMonitoringData\ELDON4_Data\Week25\ELDON4_20250703_045300.wav,20250703
477,480,Geothlypis trichas,Common Yellowthroat,0.331,E:\AcousticMonitoringData\ELDON4_Data\Week25\ELDON4_20250703_045300.wav,20250703
480,483,Geothlypis trichas,Common Yellowthroat,0.2679,E:\AcousticMonitoringData\ELDON4_Data\Week25\ELDON4_20250703_045300.wav,20250703
483,486,Geothlypis trichas,Common Yellowthroat,0.282,E:\AcousticMonitoringData\ELDON4_Data\Week25\ELDON4_20250703_045300.wav,20250703
489,492,Geothlypis trichas,Common Yellowthroat,0.3291,E:\AcousticMonitoringData\ELDON4_Data\Week25\ELDON4_20250703_045300.wav,20250703
492,495,Geothlypis trichas,Common Yellowthroat,0.631,E:\AcousticMonitoringData\ELDON4_Data\Week25\ELDON4_20250703_045300.wav,20250703
495,498,Geothlypis trichas,Common Yellowthroat,0.2568,E:\AcousticMonitoringData\ELDON4_Data\Week25\ELDON4_20250703_045300.wav,20250703
501,504,Geothlypis trichas,Common Yellowthroat,0.2026,E:\AcousticMonitoringData\ELDON4_Data\Week25\ELDON4_20250703_045300.wav,20250703
504,507,Geothlypis trichas,Common Yellowthroat,0.5295,E:\AcousticMonitoringData\ELDON4_Data\Week25\ELDON4_20250703_045300.wav,20250703
516,519,Geothlypis trichas,Common Yellowthroat,0.4553,E:\AcousticMonitoringData\ELDON4_Data\Week25\ELDON4_20250703_045300.wav,20250703
519,522,Geothlypis trichas,Common Yellowthroat,0.0667,E:\AcousticMonitoringData\ELDON4_Data\Week25\ELDON4_20250703_045300.wav,20250703
522,525,Geothlypis trichas,Common Yellowthroat,0.1368,E:\AcousticMonitoringData\ELDON4_Data\Week25\ELDON4_20250703_045300.wav,20250703
525,528,Geothlypis trichas,Common Yellowthroat,0.5546,E:\AcousticMonitoringData\ELDON4_Data\Week25\ELDON4_20250703_045300.wav,20250703
534,537,Geothlypis trichas,Common Yellowthroat,0.5721,E:\AcousticMonitoringData\ELDON4_Data\Week25\ELDON4_20250703_045300.wav,20250703
537,540,Geothlypis trichas,Common Yellowthroat,0.1281,E:\AcousticMonitoringData\ELDON4_Data\Week25\ELDON4_20250703_045300.wav,20250703
540,543,Geothlypis trichas,Common Yellowthroat,0.0999,E:\AcousticMonitoringData\ELDON4_Data\Week25\ELDON4_20250703_045300.wav,20250703
546,549,Geothlypis trichas,Common Yellowthroat,0.5535,E:\AcousticMonitoringData\ELDON4_Data\Week25\ELDON4_20250703_045300.wav,20250703
549,552,Geothlypis trichas,Common Yellowthroat,0.0925,E:\AcousticMonitoringData\ELDON4_Data\Week25\ELDON4_20250703_045300.wav,20250703
552,555,Geothlypis trichas,Common Yellowthroat,0.4792,E:\AcousticMonitoringData\ELDON4_Data\Week25\ELDON4_20250703_045300.wav,20250703
555,558,Geothlypis trichas,Common Yellowthroat,0.338,E:\AcousticMonitoringData\ELDON4_Data\Week25\ELDON4_20250703_045300.wav,20250703
558,561,Geothlypis trichas,Common Yellowthroat,0.4653,E:\AcousticMonitoringData\ELDON4_Data\Week25\ELDON4_20250703_045300.wav,20250703
561,564,Geothlypis trichas,Common Yellowthroat,0.3457,E:\AcousticMonitoringData\ELDON4_Data\Week25\ELDON4_20250703_045300.wav,20250703
564,567,Geothlypis trichas,Common Yellowthroat,0.4359,E:\AcousticMonitoringData\ELDON4_Data\Week25\ELDON4_20250703_045300.wav,20250703
567,570,Geothlypis trichas,Common Yellowthroat,0.5882,E:\AcousticMonitoringData\ELDON4_Data\Week25\ELDON4_20250703_045300.wav,20250703
570,573,Geothlypis trichas,Common Yellowthroat,0.5552,E:\AcousticMonitoringData\ELDON4_Data\Week25\ELDON4_20250703_045300.wav,20250703
573,576,Geothlypis trichas,Common Yellowthroat,0.1095,E:\AcousticMonitoringData\ELDON4_Data\Week25\ELDON4_20250703_045300.wav,20250703
576,579,Geothlypis trichas,Common Yellowthroat,0.2695,E:\AcousticMonitoringData\ELDON4_Data\Week25\ELDON4_20250703_045300.wav,20250703
579,582,Geothlypis trichas,Common Yellowthroat,0.2472,E:\AcousticMonitoringData\ELDON4_Data\Week25\ELDON4_20250703_045300.wav,20250703
582,585,Geothlypis trichas,Common Yellowthroat,0.151,E:\AcousticMonitoringData\ELDON4_Data\Week25\ELDON4_20250703_045300.wav,20250703
585,588,Geothlypis trichas,Common Yellowthroat,0.2701,E:\AcousticMonitoringData\ELDON4_Data\Week25\ELDON4_20250703_045300.wav,20250703
588,591,Geothlypis trichas,Common Yellowthroat,0.2213,E:\AcousticMonitoringData\ELDON4_Data\Week25\ELDON4_20250703_045300.wav,20250703
591,594,Geothlypis trichas,Common Yellowthroat,0.291,E:\AcousticMonitoringData\ELDON4_Data\Week25\ELDON4_20250703_045300.wav,20250703
594,597,Geothlypis trichas,Common Yellowthroat,0.4737,E:\AcousticMonitoringData\ELDON4_Data\Week25\ELDON4_20250703_045300.wav,20250703
597,600,Geothlypis trichas,Common Yellowthroat,0.3439,E:\AcousticMonitoringData\ELDON4_Data\Week25\ELDON4_20250703_045300.wav,20250703
600,603,Geothlypis trichas,Common Yellowthroat,0.8317,E:\AcousticMonitoringData\ELDON4_Data\Week25\ELDON4_20250703_045300.wav,20250703
603,606,Geothlypis trichas,Common Yellowthroat,0.3063,E:\AcousticMonitoringData\ELDON4_Data\Week25\ELDON4_20250703_045300.wav,20250703
606,609,Geothlypis trichas,Common Yellowthroat,0.4725,E:\AcousticMonitoringData\ELDON4_Data\Week25\ELDON4_20250703_045300.wav,20250703
609,612,Geothlypis trichas,Common Yellowthroat,0.4623,E:\AcousticMonitoringData\ELDON4_Data\Week25\ELDON4_20250703_045300.wav,20250703
612,615,Geothlypis trichas,Common Yellowthroat,0.392,E:\AcousticMonitoringData\ELDON4_Data\Week25\ELDON4_20250703_045300.wav,20250703
615,618,Geothlypis trichas,Common Yellowthroat,0.2491,E:\AcousticMonitoringData\ELDON4_Data\Week25\ELDON4_20250703_045300.wav,20250703
621,624,Geothlypis trichas,Common Yellowthroat,0.2088,E:\AcousticMonitoringData\ELDON4_Data\Week25\ELDON4_20250703_045300.wav,20250703
624,627,Geothlypis trichas,Common Yellowthroat,0.7578,E:\AcousticMonitoringData\ELDON4_Data\Week25\ELDON4_20250703_045300.wav,20250703
627,630,Geothlypis trichas,Common Yellowthroat,0.4344,E:\AcousticMonitoringData\ELDON4_Data\Week25\ELDON4_20250703_045300.wav,20250703
627,630,Spizella pusilla,Field Sparrow,0.0574,E:\AcousticMonitoringData\ELDON4_Data\Week25\ELDON4_20250703_045300.wav,20250703
630,633,Geothlypis trichas,Common Yellowthroat,0.8084,E:\AcousticMonitoringData\ELDON4_Data\Week25\ELDON4_20250703_045300.wav,20250703
633,636,Geothlypis trichas,Common Yellowthroat,0.2861,E:\AcousticMonitoringData\ELDON4_Data\Week25\ELDON4_20250703_045300.wav,20250703
636,639,Geothlypis trichas,Common Yellowthroat,0.3804,E:\AcousticMonitoringData\ELDON4_Data\Week25\ELDON4_20250703_045300.wav,20250703
639,642,Geothlypis trichas,Common Yellowthroat,0.6229,E:\AcousticMonitoringData\ELDON4_Data\Week25\ELDON4_20250703_045300.wav,20250703
642,645,Geothlypis trichas,Common Yellowthroat,0.6656,E:\AcousticMonitoringData\ELDON4_Data\Week25\ELDON4_20250703_045300.wav,20250703
645,648,Geothlypis trichas,Common Yellowthroat,0.3424,E:\AcousticMonitoringData\ELDON4_Data\Week25\ELDON4_20250703_045300.wav,20250703
648,651,Geothlypis trichas,Common Yellowthroat,0.4682,E:\AcousticMonitoringData\ELDON4_Data\Week25\ELDON4_20250703_045300.wav,20250703
651,654,Geothlypis trichas,Common Yellowthroat,0.889,E:\AcousticMonitoringData\ELDON4_Data\Week25\ELDON4_20250703_045300.wav,20250703
654,657,Geothlypis trichas,Common Yellowthroat,0.7515,E:\AcousticMonitoringData\ELDON4_Data\Week25\ELDON4_20250703_045300.wav,20250703
657,660,Geothlypis trichas,Common Yellowthroat,0.4782,E:\AcousticMonitoringData\ELDON4_Data\Week25\ELDON4_20250703_045300.wav,20250703
660,663,Geothlypis trichas,Common Yellowthroat,0.5038,E:\AcousticMonitoringData\ELDON4_Data\Week25\ELDON4_20250703_045300.wav,20250703
663,666,Geothlypis trichas,Common Yellowthroat,0.4272,E:\AcousticMonitoringData\ELDON4_Data\Week25\ELDON4_20250703_045300.wav,20250703
666,669,Geothlypis trichas,Common Yellowthroat,0.2695,E:\AcousticMonitoringData\ELDON4_Data\Week25\ELDON4_20250703_045300.wav,20250703
669,672,Geothlypis trichas,Common Yellowthroat,0.5656,E:\AcousticMonitoringData\ELDON4_Data\Week25\ELDON4_20250703_045300.wav,20250703
672,675,Geothlypis trichas,Common Yellowthroat,0.5522,E:\AcousticMonitoringData\ELDON4_Data\Week25\ELDON4_20250703_045300.wav,20250703
675,678,Geothlypis trichas,Common Yellowthroat,0.6301,E:\AcousticMonitoringData\ELDON4_Data\Week25\ELDON4_20250703_045300.wav,20250703
678,681,Geothlypis trichas,Common Yellowthroat,0.7121,E:\AcousticMonitoringData\ELDON4_Data\Week25\ELDON4_20250703_045300.wav,20250703
681,684,Geothlypis trichas,Common Yellowthroat,0.4623,E:\AcousticMonitoringData\ELDON4_Data\Week25\ELDON4_20250703_045300.wav,20250703
684,687,Geothlypis trichas,Common Yellowthroat,0.2311,E:\AcousticMonitoringData\ELDON4_Data\Week25\ELDON4_20250703_045300.wav,20250703
690,693,Geothlypis trichas,Common Yellowthroat,0.6757,E:\AcousticMonitoringData\ELDON4_Data\Week25\ELDON4_20250703_045300.wav,20250703
693,696,Geothlypis trichas,Common Yellowthroat,0.4941,E:\AcousticMonitoringData\ELDON4_Data\Week25\ELDON4_20250703_045300.wav,20250703
696,699,Geothlypis trichas,Common Yellowthroat,0.1609,E:\AcousticMonitoringData\ELDON4_Data\Week25\ELDON4_20250703_045300.wav,20250703
699,702,Geothlypis trichas,Common Yellowthroat,0.4811,E:\AcousticMonitoringData\ELDON4_Data\Week25\ELDON4_20250703_045300.wav,20250703
702,705,Geothlypis trichas,Common Yellowthroat,0.6362,E:\AcousticMonitoringData\ELDON4_Data\Week25\ELDON4_20250703_045300.wav,20250703
705,708,Geothlypis trichas,Common Yellowthroat,0.236,E:\AcousticMonitoringData\ELDON4_Data\Week25\ELDON4_20250703_045300.wav,20250703
708,711,Geothlypis trichas,Common Yellowthroat,0.6933,E:\AcousticMonitoringData\ELDON4_Data\Week25\ELDON4_20250703_045300.wav,20250703
711,714,Geothlypis trichas,Common Yellowthroat,0.747,E:\AcousticMonitoringData\ELDON4_Data\Week25\ELDON4_20250703_045300.wav,20250703
714,717,Geothlypis trichas,Common Yellowthroat,0.4381,E:\AcousticMonitoringData\ELDON4_Data\Week25\ELDON4_20250703_045300.wav,20250703
717,720,Geothlypis trichas,Common Yellowthroat,0.889,E:\AcousticMonitoringData\ELDON4_Data\Week25\ELDON4_20250703_045300.wav,20250703
720,723,Geothlypis trichas,Common Yellowthroat,0.648,E:\AcousticMonitoringData\ELDON4_Data\Week25\ELDON4_20250703_045300.wav,20250703
723,726,Geothlypis trichas,Common Yellowthroat,0.4891,E:\AcousticMonitoringData\ELDON4_Data\Week25\ELDON4_20250703_045300.wav,20250703
726,729,Geothlypis trichas,Common Yellowthroat,0.1384,E:\AcousticMonitoringData\ELDON4_Data\Week25\ELDON4_20250703_045300.wav,20250703
729,732,Geothlypis trichas,Common Yellowthroat,0.4915,E:\AcousticMonitoringData\ELDON4_Data\Week25\ELDON4_20250703_045300.wav,20250703
732,735,Geothlypis trichas,Common Yellowthroat,0.6583,E:\AcousticMonitoringData\ELDON4_Data\Week25\ELDON4_20250703_045300.wav,20250703
735,738,Geothlypis trichas,Common Yellowthroat,0.4574,E:\AcousticMonitoringData\ELDON4_Data\Week25\ELDON4_20250703_045300.wav,20250703
738,741,Geothlypis trichas,Common Yellowthroat,0.5857,E:\AcousticMonitoringData\ELDON4_Data\Week25\ELDON4_20250703_045300.wav,20250703
741,744,Geothlypis trichas,Common Yellowthroat,0.5584,E:\AcousticMonitoringData\ELDON4_Data\Week25\ELDON4_20250703_045300.wav,20250703
744,747,Geothlypis trichas,Common Yellowthroat,0.3752,E:\AcousticMonitoringData\ELDON4_Data\Week25\ELDON4_20250703_045300.wav,20250703
747,750,Geothlypis trichas,Common Yellowthroat,0.5702,E:\AcousticMonitoringData\ELDON4_Data\Week25\ELDON4_20250703_045300.wav,20250703
750,753,Geothlypis trichas,Common Yellowthroat,0.1979,E:\AcousticMonitoringData\ELDON4_Data\Week25\ELDON4_20250703_045300.wav,20250703
753,756,Geothlypis trichas,Common Yellowthroat,0.8068,E:\AcousticMonitoringData\ELDON4_Data\Week25\ELDON4_20250703_045300.wav,20250703
756,759,Geothlypis trichas,Common Yellowthroat,0.6813,E:\AcousticMonitoringData\ELDON4_Data\Week25\ELDON4_20250703_045300.wav,20250703
759,762,Geothlypis trichas,Common Yellowthroat,0.1928,E:\AcousticMonitoringData\ELDON4_Data\Week25\ELDON4_20250703_045300.wav,20250703
759,762,Passerina caerulea,Blue Grosbeak,0.0644,E:\AcousticMonitoringData\ELDON4_Data\Week25\ELDON4_20250703_045300.wav,20250703
762,765,Geothlypis trichas,Common Yellowthroat,0.462,E:\AcousticMonitoringData\ELDON4_Data\Week25\ELDON4_20250703_045300.wav,20250703
765,768,Geothlypis trichas,Common Yellowthroat,0.3644,E:\AcousticMonitoringData\ELDON4_Data\Week25\ELDON4_20250703_045300.wav,20250703
768,771,Geothlypis trichas,Common Yellowthroat,0.3865,E:\AcousticMonitoringData\ELDON4_Data\Week25\ELDON4_20250703_045300.wav,20250703
774,777,Geothlypis trichas,Common Yellowthroat,0.4271,E:\AcousticMonitoringData\ELDON4_Data\Week25\ELDON4_20250703_045300.wav,20250703
777,780,Geothlypis trichas,Common Yellowthroat,0.737,E:\AcousticMonitoringData\ELDON4_Data\Week25\ELDON4_20250703_045300.wav,20250703
780,783,Geothlypis trichas,Common Yellowthroat,0.461,E:\AcousticMonitoringData\ELDON4_Data\Week25\ELDON4_20250703_045300.wav,20250703
783,786,Geothlypis trichas,Common Yellowthroat,0.2748,E:\AcousticMonitoringData\ELDON4_Data\Week25\ELDON4_20250703_045300.wav,20250703
786,789,Geothlypis trichas,Common Yellowthroat,0.4694,E:\AcousticMonitoringData\ELDON4_Data\Week25\ELDON4_20250703_045300.wav,20250703
789,792,Geothlypis trichas,Common Yellowthroat,0.1868,E:\AcousticMonitoringData\ELDON4_Data\Week25\ELDON4_20250703_045300.wav,20250703
792,795,Geothlypis trichas,Common Yellowthroat,0.8272,E:\AcousticMonitoringData\ELDON4_Data\Week25\ELDON4_20250703_045300.wav,20250703
795,798,Geothlypis trichas,Common Yellowthroat,0.8292,E:\AcousticMonitoringData\ELDON4_Data\Week25\ELDON4_20250703_045300.wav,20250703
798,801,Geothlypis trichas,Common Yellowthroat,0.6367,E:\AcousticMonitoringData\ELDON4_Data\Week25\ELDON4_20250703_045300.wav,20250703
801,804,Geothlypis trichas,Common Yellowthroat,0.6029,E:\AcousticMonitoringData\ELDON4_Data\Week25\ELDON4_20250703_045300.wav,20250703
804,807,Geothlypis trichas,Common Yellowthroat,0.4844,E:\AcousticMonitoringData\ELDON4_Data\Week25\ELDON4_20250703_045300.wav,20250703
807,810,Geothlypis trichas,Common Yellowthroat,0.6867,E:\AcousticMonitoringData\ELDON4_Data\Week25\ELDON4_20250703_045300.wav,20250703
810,813,Geothlypis trichas,Common Yellowthroat,0.5908,E:\AcousticMonitoringData\ELDON4_Data\Week25\ELDON4_20250703_045300.wav,20250703
813,816,Geothlypis trichas,Common Yellowthroat,0.8435,E:\AcousticMonitoringData\ELDON4_Data\Week25\ELDON4_20250703_045300.wav,20250703
816,819,Geothlypis trichas,Common Yellowthroat,0.5109,E:\AcousticMonitoringData\ELDON4_Data\Week25\ELDON4_20250703_045300.wav,20250703
819,822,Geothlypis trichas,Common Yellowthroat,0.7334,E:\AcousticMonitoringData\ELDON4_Data\Week25\ELDON4_20250703_045300.wav,20250703
822,825,Geothlypis trichas,Common Yellowthroat,0.4753,E:\AcousticMonitoringData\ELDON4_Data\Week25\ELDON4_20250703_045300.wav,20250703
825,828,Geothlypis trichas,Common Yellowthroat,0.6854,E:\AcousticMonitoringData\ELDON4_Data\Week25\ELDON4_20250703_045300.wav,20250703
828,831,Geothlypis trichas,Common Yellowthroat,0.6582,E:\AcousticMonitoringData\ELDON4_Data\Week25\ELDON4_20250703_045300.wav,20250703
831,834,Geothlypis trichas,Common Yellowthroat,0.6825,E:\AcousticMonitoringData\ELDON4_Data\Week25\ELDON4_20250703_045300.wav,20250703
834,837,Geothlypis trichas,Common Yellowthroat,0.6444,E:\AcousticMonitoringData\ELDON4_Data\Week25\ELDON4_20250703_045300.wav,20250703
837,840,Geothlypis trichas,Common Yellowthroat,0.7978,E:\AcousticMonitoringData\ELDON4_Data\Week25\ELDON4_20250703_045300.wav,20250703
840,843,Geothlypis trichas,Common Yellowthroat,0.4567,E:\AcousticMonitoringData\ELDON4_Data\Week25\ELDON4_20250703_045300.wav,20250703
843,846,Geothlypis trichas,Common Yellowthroat,0.5798,E:\AcousticMonitoringData\ELDON4_Data\Week25\ELDON4_20250703_045300.wav,20250703
846,849,Geothlypis trichas,Common Yellowthroat,0.2114,E:\AcousticMonitoringData\ELDON4_Data\Week25\ELDON4_20250703_045300.wav,20250703
849,852,Geothlypis trichas,Common Yellowthroat,0.5261,E:\AcousticMonitoringData\ELDON4_Data\Week25\ELDON4_20250703_045300.wav,20250703
852,855,Geothlypis trichas,Common Yellowthroat,0.7774,E:\AcousticMonitoringData\ELDON4_Data\Week25\ELDON4_20250703_045300.wav,20250703
855,858,Geothlypis trichas,Common Yellowthroat,0.6081,E:\AcousticMonitoringData\ELDON4_Data\Week25\ELDON4_20250703_045300.wav,20250703
858,861,Geothlypis trichas,Common Yellowthroat,0.5922,E:\AcousticMonitoringData\ELDON4_Data\Week25\ELDON4_20250703_045300.wav,20250703
861,864,Geothlypis trichas,Common Yellowthroat,0.7644,E:\AcousticMonitoringData\ELDON4_Data\Week25\ELDON4_20250703_045300.wav,20250703
864,867,Geothlypis trichas,Common Yellowthroat,0.4091,E:\AcousticMonitoringData\ELDON4_Data\Week25\ELDON4_20250703_045300.wav,20250703
867,870,Geothlypis trichas,Common Yellowthroat,0.3663,E:\AcousticMonitoringData\ELDON4_Data\Week25\ELDON4_20250703_045300.wav,20250703
870,873,Geothlypis trichas,Common Yellowthroat,0.0929,E:\AcousticMonitoringData\ELDON4_Data\Week25\ELDON4_20250703_045300.wav,20250703
873,876,Geothlypis trichas,Common Yellowthroat,0.3292,E:\AcousticMonitoringData\ELDON4_Data\Week25\ELDON4_20250703_045300.wav,20250703
876,879,Geothlypis trichas,Common Yellowthroat,0.5121,E:\AcousticMonitoringData\ELDON4_Data\Week25\ELDON4_20250703_045300.wav,20250703
879,882,Geothlypis trichas,Common Yellowthroat,0.1587,E:\AcousticMonitoringData\ELDON4_Data\Week25\ELDON4_20250703_045300.wav,20250703
882,885,Geothlypis trichas,Common Yellowthroat,0.5482,E:\AcousticMonitoringData\ELDON4_Data\Week25\ELDON4_20250703_045300.wav,20250703
885,888,Geothlypis trichas,Common Yellowthroat,0.5165,E:\AcousticMonitoringData\ELDON4_Data\Week25\ELDON4_20250703_045300.wav,20250703
888,891,Geothlypis trichas,Common Yellowthroat,0.7543,E:\AcousticMonitoringData\ELDON4_Data\Week25\ELDON4_20250703_045300.wav,20250703
891,894,Geothlypis trichas,Common Yellowthroat,0.6066,E:\AcousticMonitoringData\ELDON4_Data\Week25\ELDON4_20250703_045300.wav,20250703
894,897,Geothlypis trichas,Common Yellowthroat,0.268,E:\AcousticMonitoringData\ELDON4_Data\Week25\ELDON4_20250703_045300.wav,20250703
897,900,Geothlypis trichas,Common Yellowthroat,0.4975,E:\AcousticMonitoringData\ELDON4_Data\Week25\ELDON4_20250703_045300.wav,20250703
900,903,Geothlypis trichas,Common Yellowthroat,0.766,E:\AcousticMonitoringData\ELDON4_Data\Week25\ELDON4_20250703_045300.wav,20250703
903,906,Geothlypis trichas,Common Yellowthroat,0.745,E:\AcousticMonitoringData\ELDON4_Data\Week25\ELDON4_20250703_045300.wav,20250703
906,909,Geothlypis trichas,Common Yellowthroat,0.8578,E:\AcousticMonitoringData\ELDON4_Data\Week25\ELDON4_20250703_045300.wav,20250703
909,912,Geothlypis trichas,Common Yellowthroat,0.6836,E:\AcousticMonitoringData\ELDON4_Data\Week25\ELDON4_20250703_045300.wav,20250703
912,915,Geothlypis trichas,Common Yellowthroat,0.3044,E:\AcousticMonitoringData\ELDON4_Data\Week25\ELDON4_20250703_045300.wav,20250703
915,918,Geothlypis trichas,Common Yellowthroat,0.7201,E:\AcousticMonitoringData\ELDON4_Data\Week25\ELDON4_20250703_045300.wav,20250703
918,921,Geothlypis trichas,Common Yellowthroat,0.5642,E:\AcousticMonitoringData\ELDON4_Data\Week25\ELDON4_20250703_045300.wav,20250703
921,924,Geothlypis trichas,Common Yellowthroat,0.0794,E:\AcousticMonitoringData\ELDON4_Data\Week25\ELDON4_20250703_045300.wav,20250703
924,927,Geothlypis trichas,Common Yellowthroat,0.6492,E:\AcousticMonitoringData\ELDON4_Data\Week25\ELDON4_20250703_045300.wav,20250703
927,930,Geothlypis trichas,Common Yellowthroat,0.84,E:\AcousticMonitoringData\ELDON4_Data\Week25\ELDON4_20250703_045300.wav,20250703
930,933,Geothlypis trichas,Common Yellowthroat,0.6619,E:\AcousticMonitoringData\ELDON4_Data\Week25\ELDON4_20250703_045300.wav,20250703
933,936,Geothlypis trichas,Common Yellowthroat,0.2197,E:\AcousticMonitoringData\ELDON4_Data\Week25\ELDON4_20250703_045300.wav,20250703
936,939,Geothlypis trichas,Common Yellowthroat,0.7746,E:\AcousticMonitoringData\ELDON4_Data\Week25\ELDON4_20250703_045300.wav,20250703
939,942,Geothlypis trichas,Common Yellowthroat,0.5968,E:\AcousticMonitoringData\ELDON4_Data\Week25\ELDON4_20250703_045300.wav,20250703
942,945,Geothlypis trichas,Common Yellowthroat,0.8218,E:\AcousticMonitoringData\ELDON4_Data\Week25\ELDON4_20250703_045300.wav,20250703
945,948,Geothlypis trichas,Common Yellowthroat,0.5844,E:\AcousticMonitoringData\ELDON4_Data\Week25\ELDON4_20250703_045300.wav,20250703
948,951,Geothlypis trichas,Common Yellowthroat,0.7788,E:\AcousticMonitoringData\ELDON4_Data\Week25\ELDON4_20250703_045300.wav,20250703
951,954,Geothlypis trichas,Common Yellowthroat,0.4344,E:\AcousticMonitoringData\ELDON4_Data\Week25\ELDON4_20250703_045300.wav,20250703
954,957,Geothlypis trichas,Common Yellowthroat,0.2296,E:\AcousticMonitoringData\ELDON4_Data\Week25\ELDON4_20250703_045300.wav,20250703
957,960,Geothlypis trichas,Common Yellowthroat,0.2854,E:\AcousticMonitoringData\ELDON4_Data\Week25\ELDON4_20250703_045300.wav,20250703
960,963,Geothlypis trichas,Common Yellowthroat,0.747,E:\AcousticMonitoringData\ELDON4_Data\Week25\ELDON4_20250703_045300.wav,20250703
963,966,Geothlypis trichas,Common Yellowthroat,0.2725,E:\AcousticMonitoringData\ELDON4_Data\Week25\ELDON4_20250703_045300.wav,20250703
966,969,Geothlypis trichas,Common Yellowthroat,0.4822,E:\AcousticMonitoringData\ELDON4_Data\Week25\ELDON4_20250703_045300.wav,20250703
972,975,Geothlypis trichas,Common Yellowthroat,0.38,E:\AcousticMonitoringData\ELDON4_Data\Week25\ELDON4_20250703_045300.wav,20250703
975,978,Geothlypis trichas,Common Yellowthroat,0.5921,E:\AcousticMonitoringData\ELDON4_Data\Week25\ELDON4_20250703_045300.wav,20250703
978,981,Geothlypis trichas,Common Yellowthroat,0.6302,E:\AcousticMonitoringData\ELDON4_Data\Week25\ELDON4_20250703_045300.wav,20250703
981,984,Geothlypis trichas,Common Yellowthroat,0.5161,E:\AcousticMonitoringData\ELDON4_Data\Week25\ELDON4_20250703_045300.wav,20250703
984,987,Geothlypis trichas,Common Yellowthroat,0.822,E:\AcousticMonitoringData\ELDON4_Data\Week25\ELDON4_20250703_045300.wav,20250703
987,990,Geothlypis trichas,Common Yellowthroat,0.7688,E:\AcousticMonitoringData\ELDON4_Data\Week25\ELDON4_20250703_045300.wav,20250703
990,993,Geothlypis trichas,Common Yellowthroat,0.5945,E:\AcousticMonitoringData\ELDON4_Data\Week25\ELDON4_20250703_045300.wav,20250703
993,996,Geothlypis trichas,Common Yellowthroat,0.7873,E:\AcousticMonitoringData\ELDON4_Data\Week25\ELDON4_20250703_045300.wav,20250703
996,999,Geothlypis trichas,Common Yellowthroat,0.8296,E:\AcousticMonitoringData\ELDON4_Data\Week25\ELDON4_20250703_045300.wav,20250703
999,1002,Geothlypis trichas,Common Yellowthroat,0.3978,E:\AcousticMonitoringData\ELDON4_Data\Week25\ELDON4_20250703_045300.wav,20250703
1002,1005,Geothlypis trichas,Common Yellowthroat,0.6977,E:\AcousticMonitoringData\ELDON4_Data\Week25\ELDON4_20250703_045300.wav,20250703
1005,1008,Geothlypis trichas,Common Yellowthroat,0.2142,E:\AcousticMonitoringData\ELDON4_Data\Week25\ELDON4_20250703_045300.wav,20250703
1008,1011,Geothlypis trichas,Common Yellowthroat,0.4638,E:\AcousticMonitoringData\ELDON4_Data\Week25\ELDON4_20250703_045300.wav,20250703
1011,1014,Geothlypis trichas,Common Yellowthroat,0.9005,E:\AcousticMonitoringData\ELDON4_Data\Week25\ELDON4_20250703_045300.wav,20250703
1014,1017,Geothlypis trichas,Common Yellowthroat,0.623,E:\AcousticMonitoringData\ELDON4_Data\Week25\ELDON4_20250703_045300.wav,20250703
1017,1020,Geothlypis trichas,Common Yellowthroat,0.4213,E:\AcousticMonitoringData\ELDON4_Data\Week25\ELDON4_20250703_045300.wav,20250703
1020,1023,Geothlypis trichas,Common Yellowthroat,0.6144,E:\AcousticMonitoringData\ELDON4_Data\Week25\ELDON4_20250703_045300.wav,20250703
1023,1026,Geothlypis trichas,Common Yellowthroat,0.074,E:\AcousticMonitoringData\ELDON4_Data\Week25\ELDON4_20250703_045300.wav,20250703
1026,1029,Geothlypis trichas,Common Yellowthroat,0.6225,E:\AcousticMonitoringData\ELDON4_Data\Week25\ELDON4_20250703_045300.wav,20250703
1029,1032,Geothlypis trichas,Common Yellowthroat,0.755,E:\AcousticMonitoringData\ELDON4_Data\Week25\ELDON4_20250703_045300.wav,20250703
1032,1035,Geothlypis trichas,Common Yellowthroat,0.5172,E:\AcousticMonitoringData\ELDON4_Data\Week25\ELDON4_20250703_045300.wav,20250703
1035,1038,Geothlypis trichas,Common Yellowthroat,0.082,E:\AcousticMonitoringData\ELDON4_Data\Week25\ELDON4_20250703_045300.wav,20250703
1038,1041,Geothlypis trichas,Common Yellowthroat,0.4984,E:\AcousticMonitoringData\ELDON4_Data\Week25\ELDON4_20250703_045300.wav,20250703
1041,1044,Geothlypis trichas,Common Yellowthroat,0.4511,E:\AcousticMonitoringData\ELDON4_Data\Week25\ELDON4_20250703_045300.wav,20250703
1044,1047,Geothlypis trichas,Common Yellowthroat,0.136,E:\AcousticMonitoringData\ELDON4_Data\Week25\ELDON4_20250703_045300.wav,20250703
1047,1050,Geothlypis trichas,Common Yellowthroat,0.593,E:\AcousticMonitoringData\ELDON4_Data\Week25\ELDON4_20250703_045300.wav,20250703
1050,1053,Geothlypis trichas,Common Yellowthroat,0.3257,E:\AcousticMonitoringData\ELDON4_Data\Week25\ELDON4_20250703_045300.wav,20250703
1053,1056,Geothlypis trichas,Common Yellowthroat,0.0746,E:\AcousticMonitoringData\ELDON4_Data\Week25\ELDON4_20250703_045300.wav,20250703
1056,1059,Geothlypis trichas,Common Yellowthroat,0.292,E:\AcousticMonitoringData\ELDON4_Data\Week25\ELDON4_20250703_045300.wav,20250703
1059,1062,Geothlypis trichas,Common Yellowthroat,0.3751,E:\AcousticMonitoringData\ELDON4_Data\Week25\ELDON4_20250703_045300.wav,20250703
1062,1065,Geothlypis trichas,Common Yellowthroat,0.166,E:\AcousticMonitoringData\ELDON4_Data\Week25\ELDON4_20250703_045300.wav,20250703
1065,1068,Geothlypis trichas,Common Yellowthroat,0.5273,E:\AcousticMonitoringData\ELDON4_Data\Week25\ELDON4_20250703_045300.wav,20250703
1068,1071,Geothlypis trichas,Common Yellowthroat,0.1562,E:\AcousticMonitoringData\ELDON4_Data\Week25\ELDON4_20250703_045300.wav,20250703
1071,1074,Geothlypis trichas,Common Yellowthroat,0.3188,E:\AcousticMonitoringData\ELDON4_Data\Week25\ELDON4_20250703_045300.wav,20250703
1074,1077,Geothlypis trichas,Common Yellowthroat,0.6327,E:\AcousticMonitoringData\ELDON4_Data\Week25\ELDON4_20250703_045300.wav,20250703
1077,1080,Geothlypis trichas,Common Yellowthroat,0.386,E:\AcousticMonitoringData\ELDON4_Data\Week25\ELDON4_20250703_045300.wav,20250703
1080,1083,Geothlypis trichas,Common Yellowthroat,0.7712,E:\AcousticMonitoringData\ELDON4_Data\Week25\ELDON4_20250703_045300.wav,20250703
1083,1086,Geothlypis trichas,Common Yellowthroat,0.4604,E:\AcousticMonitoringData\ELDON4_Data\Week25\ELDON4_20250703_045300.wav,20250703
1086,1089,Geothlypis trichas,Common Yellowthroat,0.6955,E:\AcousticMonitoringData\ELDON4_Data\Week25\ELDON4_20250703_045300.wav,20250703
1089,1092,Geothlypis trichas,Common Yellowthroat,0.6051,E:\AcousticMonitoringData\ELDON4_Data\Week25\ELDON4_20250703_045300.wav,20250703
1092,1095,Geothlypis trichas,Common Yellowthroat,0.1355,E:\AcousticMonitoringData\ELDON4_Data\Week25\ELDON4_20250703_045300.wav,20250703
1095,1098,Geothlypis trichas,Common Yellowthroat,0.2993,E:\AcousticMonitoringData\ELDON4_Data\Week25\ELDON4_20250703_045300.wav,20250703
1098,1101,Geothlypis trichas,Common Yellowthroat,0.7989,E:\AcousticMonitoringData\ELDON4_Data\Week25\ELDON4_20250703_045300.wav,20250703
1101,1104,Geothlypis trichas,Common Yellowthroat,0.3846,E:\AcousticMonitoringData\ELDON4_Data\Week25\ELDON4_20250703_045300.wav,20250703
1104,1107,Geothlypis trichas,Common Yellowthroat,0.5907,E:\AcousticMonitoringData\ELDON4_Data\Week25\ELDON4_20250703_045300.wav,20250703
1107,1110,Geothlypis trichas,Common Yellowthroat,0.4805,E:\AcousticMonitoringData\ELDON4_Data\Week25\ELDON4_20250703_045300.wav,20250703
1110,1113,Geothlypis trichas,Common Yellowthroat,0.2085,E:\AcousticMonitoringData\ELDON4_Data\Week25\ELDON4_20250703_045300.wav,20250703
1113,1116,Geothlypis trichas,Common Yellowthroat,0.4301,E:\AcousticMonitoringData\ELDON4_Data\Week25\ELDON4_20250703_045300.wav,20250703
1116,1119,Geothlypis trichas,Common Yellowthroat,0.8078,E:\AcousticMonitoringData\ELDON4_Data\Week25\ELDON4_20250703_045300.wav,20250703
1119,1122,Geothlypis trichas,Common Yellowthroat,0.5883,E:\AcousticMonitoringData\ELDON4_Data\Week25\ELDON4_20250703_045300.wav,20250703
1122,1125,Geothlypis trichas,Common Yellowthroat,0.7569,E:\AcousticMonitoringData\ELDON4_Data\Week25\ELDON4_20250703_045300.wav,20250703
1125,1128,Geothlypis trichas,Common Yellowthroat,0.6637,E:\AcousticMonitoringData\ELDON4_Data\Week25\ELDON4_20250703_045300.wav,20250703
1128,1131,Geothlypis trichas,Common Yellowthroat,0.3977,E:\AcousticMonitoringData\ELDON4_Data\Week25\ELDON4_20250703_045300.wav,20250703
1131,1134,Geothlypis trichas,Common Yellowthroat,0.1934,E:\AcousticMonitoringData\ELDON4_Data\Week25\ELDON4_20250703_045300.wav,20250703
1134,1137,Geothlypis trichas,Common Yellowthroat,0.4414,E:\AcousticMonitoringData\ELDON4_Data\Week25\ELDON4_20250703_045300.wav,20250703
1137,1140,Geothlypis trichas,Common Yellowthroat,0.6761,E:\AcousticMonitoringData\ELDON4_Data\Week25\ELDON4_20250703_045300.wav,20250703
1140,1143,Geothlypis trichas,Common Yellowthroat,0.3682,E:\AcousticMonitoringData\ELDON4_Data\Week25\ELDON4_20250703_045300.wav,20250703
1143,1146,Geothlypis trichas,Common Yellowthroat,0.2006,E:\AcousticMonitoringData\ELDON4_Data\Week25\ELDON4_20250703_045300.wav,20250703
1146,1149,Geothlypis trichas,Common Yellowthroat,0.7415,E:\AcousticMonitoringData\ELDON4_Data\Week25\ELDON4_20250703_045300.wav,20250703
1149,1152,Geothlypis trichas,Common Yellowthroat,0.2329,E:\AcousticMonitoringData\ELDON4_Data\Week25\ELDON4_20250703_045300.wav,20250703
1152,1155,Geothlypis trichas,Common Yellowthroat,0.6125,E:\AcousticMonitoringData\ELDON4_Data\Week25\ELDON4_20250703_045300.wav,20250703
1155,1158,Geothlypis trichas,Common Yellowthroat,0.4407,E:\AcousticMonitoringData\ELDON4_Data\Week25\ELDON4_20250703_045300.wav,20250703
1158,1161,Geothlypis trichas,Common Yellowthroat,0.3995,E:\AcousticMonitoringData\ELDON4_Data\Week25\ELDON4_20250703_045300.wav,20250703
1161,1164,Geothlypis trichas,Common Yellowthroat,0.1982,E:\AcousticMonitoringData\ELDON4_Data\Week25\ELDON4_20250703_045300.wav,20250703
1167,1170,Geothlypis trichas,Common Yellowthroat,0.2566,E:\AcousticMonitoringData\ELDON4_Data\Week25\ELDON4_20250703_045300.wav,20250703
1170,1173,Geothlypis trichas,Common Yellowthroat,0.3569,E:\AcousticMonitoringData\ELDON4_Data\Week25\ELDON4_20250703_045300.wav,20250703
1173,1176,Geothlypis trichas,Common Yellowthroat,0.1655,E:\AcousticMonitoringData\ELDON4_Data\Week25\ELDON4_20250703_045300.wav,20250703
1176,1179,Geothlypis trichas,Common Yellowthroat,0.4511,E:\AcousticMonitoringData\ELDON4_Data\Week25\ELDON4_20250703_045300.wav,20250703
1179,1182,Geothlypis trichas,Common Yellowthroat,0.0858,E:\AcousticMonitoringData\ELDON4_Data\Week25\ELDON4_20250703_045300.wav,20250703
1182,1185,Geothlypis trichas,Common Yellowthroat,0.2018,E:\AcousticMonitoringData\ELDON4_Data\Week25\ELDON4_20250703_045300.wav,20250703
1185,1188,Geothlypis trichas,Common Yellowthroat,0.198,E:\AcousticMonitoringData\ELDON4_Data\Week25\ELDON4_20250703_045300.wav,20250703
1188,1191,Geothlypis trichas,Common Yellowthroat,0.5292,E:\AcousticMonitoringData\ELDON4_Data\Week25\ELDON4_20250703_045300.wav,20250703
1191,1194,Geothlypis trichas,Common Yellowthroat,0.4612,E:\AcousticMonitoringData\ELDON4_Data\Week25\ELDON4_20250703_045300.wav,20250703
1194,1197,Geothlypis trichas,Common Yellowthroat,0.3125,E:\AcousticMonitoringData\ELDON4_Data\Week25\ELDON4_20250703_045300.wav,20250703
1197,1200,Geothlypis trichas,Common Yellowthroat,0.4984,E:\AcousticMonitoringData\ELDON4_Data\Week25\ELDON4_20250703_045300.wav,20250703
1200,1203,Geothlypis trichas,Common Yellowthroat,0.5976,E:\AcousticMonitoringData\ELDON4_Data\Week25\ELDON4_20250703_045300.wav,20250703
1203,1206,Geothlypis trichas,Common Yellowthroat,0.1345,E:\AcousticMonitoringData\ELDON4_Data\Week25\ELDON4_20250703_045300.wav,20250703
1206,1209,Geothlypis trichas,Common Yellowthroat,0.4905,E:\AcousticMonitoringData\ELDON4_Data\Week25\ELDON4_20250703_045300.wav,20250703
1209,1212,Geothlypis trichas,Common Yellowthroat,0.3951,E:\AcousticMonitoringData\ELDON4_Data\Week25\ELDON4_20250703_045300.wav,20250703
1215,1218,Geothlypis trichas,Common Yellowthroat,0.1515,E:\AcousticMonitoringData\ELDON4_Data\Week25\ELDON4_20250703_045300.wav,20250703
1218,1221,Geothlypis trichas,Common Yellowthroat,0.4743,E:\AcousticMonitoringData\ELDON4_Data\Week25\ELDON4_20250703_045300.wav,20250703
1221,1224,Geothlypis trichas,Common Yellowthroat,0.4304,E:\AcousticMonitoringData\ELDON4_Data\Week25\ELDON4_20250703_045300.wav,20250703
1224,1227,Geothlypis trichas,Common Yellowthroat,0.2563,E:\AcousticMonitoringData\ELDON4_Data\Week25\ELDON4_20250703_045300.wav,20250703
1227,1230,Geothlypis trichas,Common Yellowthroat,0.2177,E:\AcousticMonitoringData\ELDON4_Data\Week25\ELDON4_20250703_045300.wav,20250703
1230,1233,Geothlypis trichas,Common Yellowthroat,0.1991,E:\AcousticMonitoringData\ELDON4_Data\Week25\ELDON4_20250703_045300.wav,20250703
1233,1236,Geothlypis trichas,Common Yellowthroat,0.1641,E:\AcousticMonitoringData\ELDON4_Data\Week25\ELDON4_20250703_045300.wav,20250703
1236,1239,Geothlypis trichas,Common Yellowthroat,0.5711,E:\AcousticMonitoringData\ELDON4_Data\Week25\ELDON4_20250703_045300.wav,20250703
1239,1242,Geothlypis trichas,Common Yellowthroat,0.5596,E:\AcousticMonitoringData\ELDON4_Data\Week25\ELDON4_20250703_045300.wav,20250703
1245,1248,Geothlypis trichas,Common Yellowthroat,0.2681,E:\AcousticMonitoringData\ELDON4_Data\Week25\ELDON4_20250703_045300.wav,20250703
1248,1251,Geothlypis trichas,Common Yellowthroat,0.2311,E:\AcousticMonitoringData\ELDON4_Data\Week25\ELDON4_20250703_045300.wav,20250703
1251,1254,Geothlypis trichas,Common Yellowthroat,0.4287,E:\AcousticMonitoringData\ELDON4_Data\Week25\ELDON4_20250703_045300.wav,20250703
1254,1257,Geothlypis trichas,Common Yellowthroat,0.055,E:\AcousticMonitoringData\ELDON4_Data\Week25\ELDON4_20250703_045300.wav,20250703
1260,1263,Geothlypis trichas,Common Yellowthroat,0.3396,E:\AcousticMonitoringData\ELDON4_Data\Week25\ELDON4_20250703_045300.wav,20250703
1269,1272,Geothlypis trichas,Common Yellowthroat,0.1173,E:\AcousticMonitoringData\ELDON4_Data\Week25\ELDON4_20250703_045300.wav,20250703
1272,1275,Geothlypis trichas,Common Yellowthroat,0.2272,E:\AcousticMonitoringData\ELDON4_Data\Week25\ELDON4_20250703_045300.wav,20250703
1275,1278,Geothlypis trichas,Common Yellowthroat,0.2662,E:\AcousticMonitoringData\ELDON4_Data\Week25\ELDON4_20250703_045300.wav,20250703
1278,1281,Geothlypis trichas,Common Yellowthroat,0.23,E:\AcousticMonitoringData\ELDON4_Data\Week25\ELDON4_20250703_045300.wav,20250703
1284,1287,Geothlypis trichas,Common Yellowthroat,0.2349,E:\AcousticMonitoringData\ELDON4_Data\Week25\ELDON4_20250703_045300.wav,20250703
1287,1290,Geothlypis trichas,Common Yellowthroat,0.1462,E:\AcousticMonitoringData\ELDON4_Data\Week25\ELDON4_20250703_045300.wav,20250703
1290,1293,Geothlypis trichas,Common Yellowthroat,0.5391,E:\AcousticMonitoringData\ELDON4_Data\Week25\ELDON4_20250703_045300.wav,20250703
1293,1296,Geothlypis trichas,Common Yellowthroat,0.1181,E:\AcousticMonitoringData\ELDON4_Data\Week25\ELDON4_20250703_045300.wav,20250703
1296,1299,Geothlypis trichas,Common Yellowthroat,0.0899,E:\AcousticMonitoringData\ELDON4_Data\Week25\ELDON4_20250703_045300.wav,20250703
1299,1302,Geothlypis trichas,Common Yellowthroat,0.1974,E:\AcousticMonitoringData\ELDON4_Data\Week25\ELDON4_20250703_045300.wav,20250703
1302,1305,Geothlypis trichas,Common Yellowthroat,0.0627,E:\AcousticMonitoringData\ELDON4_Data\Week25\ELDON4_20250703_045300.wav,20250703
1305,1308,Geothlypis trichas,Common Yellowthroat,0.0979,E:\AcousticMonitoringData\ELDON4_Data\Week25\ELDON4_20250703_045300.wav,20250703
1308,1311,Geothlypis trichas,Common Yellowthroat,0.3087,E:\AcousticMonitoringData\ELDON4_Data\Week25\ELDON4_20250703_045300.wav,20250703
1311,1314,Geothlypis trichas,Common Yellowthroat,0.2255,E:\AcousticMonitoringData\ELDON4_Data\Week25\ELDON4_20250703_045300.wav,20250703
1314,1317,Geothlypis trichas,Common Yellowthroat,0.1878,E:\AcousticMonitoringData\ELDON4_Data\Week25\ELDON4_20250703_045300.wav,20250703
1317,1320,Geothlypis trichas,Common Yellowthroat,0.5664,E:\AcousticMonitoringData\ELDON4_Data\Week25\ELDON4_20250703_045300.wav,20250703
1320,1323,Geothlypis trichas,Common Yellowthroat,0.199,E:\AcousticMonitoringData\ELDON4_Data\Week25\ELDON4_20250703_045300.wav,20250703
1323,1326,Geothlypis trichas,Common Yellowthroat,0.0909,E:\AcousticMonitoringData\ELDON4_Data\Week25\ELDON4_20250703_045300.wav,20250703
1326,1329,Geothlypis trichas,Common Yellowthroat,0.3405,E:\AcousticMonitoringData\ELDON4_Data\Week25\ELDON4_20250703_045300.wav,20250703
1329,1332,Geothlypis trichas,Common Yellowthroat,0.2202,E:\AcousticMonitoringData\ELDON4_Data\Week25\ELDON4_20250703_045300.wav,20250703
1332,1335,Geothlypis trichas,Common Yellowthroat,0.2117,E:\AcousticMonitoringData\ELDON4_Data\Week25\ELDON4_20250703_045300.wav,20250703
1335,1338,Geothlypis trichas,Common Yellowthroat,0.4574,E:\AcousticMonitoringData\ELDON4_Data\Week25\ELDON4_20250703_045300.wav,20250703
1338,1341,Geothlypis trichas,Common Yellowthroat,0.2856,E:\AcousticMonitoringData\ELDON4_Data\Week25\ELDON4_20250703_045300.wav,20250703
1341,1344,Geothlypis trichas,Common Yellowthroat,0.2194,E:\AcousticMonitoringData\ELDON4_Data\Week25\ELDON4_20250703_045300.wav,20250703
1344,1347,Geothlypis trichas,Common Yellowthroat,0.6139,E:\AcousticMonitoringData\ELDON4_Data\Week25\ELDON4_20250703_045300.wav,20250703
1347,1350,Geothlypis trichas,Common Yellowthroat,0.3304,E:\AcousticMonitoringData\ELDON4_Data\Week25\ELDON4_20250703_045300.wav,20250703
1350,1353,Geothlypis trichas,Common Yellowthroat,0.0863,E:\AcousticMonitoringData\ELDON4_Data\Week25\ELDON4_20250703_045300.wav,20250703
1353,1356,Geothlypis trichas,Common Yellowthroat,0.2875,E:\AcousticMonitoringData\ELDON4_Data\Week25\ELDON4_20250703_045300.wav,20250703
1356,1359,Geothlypis trichas,Common Yellowthroat,0.3563,E:\AcousticMonitoringData\ELDON4_Data\Week25\ELDON4_20250703_045300.wav,20250703
1359,1362,Geothlypis trichas,Common Yellowthroat,0.0859,E:\AcousticMonitoringData\ELDON4_Data\Week25\ELDON4_20250703_045300.wav,20250703
1362,1365,Geothlypis trichas,Common Yellowthroat,0.2962,E:\AcousticMonitoringData\ELDON4_Data\Week25\ELDON4_20250703_045300.wav,20250703
1365,1368,Geothlypis trichas,Common Yellowthroat,0.2624,E:\AcousticMonitoringData\ELDON4_Data\Week25\ELDON4_20250703_045300.wav,20250703
1368,1371,Geothlypis trichas,Common Yellowthroat,0.4839,E:\AcousticMonitoringData\ELDON4_Data\Week25\ELDON4_20250703_045300.wav,20250703
1371,1374,Geothlypis trichas,Common Yellowthroat,0.4972,E:\AcousticMonitoringData\ELDON4_Data\Week25\ELDON4_20250703_045300.wav,20250703
1374,1377,Geothlypis trichas,Common Yellowthroat,0.4215,E:\AcousticMonitoringData\ELDON4_Data\Week25\ELDON4_20250703_045300.wav,20250703
1377,1380,Geothlypis trichas,Common Yellowthroat,0.2634,E:\AcousticMonitoringData\ELDON4_Data\Week25\ELDON4_20250703_045300.wav,20250703
1380,1383,Geothlypis trichas,Common Yellowthroat,0.3946,E:\AcousticMonitoringData\ELDON4_Data\Week25\ELDON4_20250703_045300.wav,20250703
1383,1386,Geothlypis trichas,Common Yellowthroat,0.1797,E:\AcousticMonitoringData\ELDON4_Data\Week25\ELDON4_20250703_045300.wav,20250703
1386,1389,Spizella pusilla,Field Sparrow,0.0501,E:\AcousticMonitoringData\ELDON4_Data\Week25\ELDON4_20250703_045300.wav,20250703
1389,1392,Geothlypis trichas,Common Yellowthroat,0.6739,E:\AcousticMonitoringData\ELDON4_Data\Week25\ELDON4_20250703_045300.wav,20250703
1392,1395,Geothlypis trichas,Common Yellowthroat,0.0834,E:\AcousticMonitoringData\ELDON4_Data\Week25\ELDON4_20250703_045300.wav,20250703
1395,1398,Geothlypis trichas,Common Yellowthroat,0.2836,E:\AcousticMonitoringData\ELDON4_Data\Week25\ELDON4_20250703_045300.wav,20250703
1398,1401,Geothlypis trichas,Common Yellowthroat,0.6403,E:\AcousticMonitoringData\ELDON4_Data\Week25\ELDON4_20250703_045300.wav,20250703
1401,1404,Geothlypis trichas,Common Yellowthroat,0.1386,E:\AcousticMonitoringData\ELDON4_Data\Week25\ELDON4_20250703_045300.wav,20250703
1404,1407,Geothlypis trichas,Common Yellowthroat,0.2811,E:\AcousticMonitoringData\ELDON4_Data\Week25\ELDON4_20250703_045300.wav,20250703
1407,1410,Geothlypis trichas,Common Yellowthroat,0.3673,E:\AcousticMonitoringData\ELDON4_Data\Week25\ELDON4_20250703_045300.wav,20250703
1410,1413,Geothlypis trichas,Common Yellowthroat,0.3696,E:\AcousticMonitoringData\ELDON4_Data\Week25\ELDON4_20250703_045300.wav,20250703
1413,1416,Geothlypis trichas,Common Yellowthroat,0.1383,E:\AcousticMonitoringData\ELDON4_Data\Week25\ELDON4_20250703_045300.wav,20250703
1416,1419,Geothlypis trichas,Common Yellowthroat,0.2316,E:\AcousticMonitoringData\ELDON4_Data\Week25\ELDON4_20250703_045300.wav,20250703
1419,1422,Geothlypis trichas,Common Yellowthroat,0.4872,E:\AcousticMonitoringData\ELDON4_Data\Week25\ELDON4_20250703_045300.wav,20250703
1422,1425,Geothlypis trichas,Common Yellowthroat,0.25,E:\AcousticMonitoringData\ELDON4_Data\Week25\ELDON4_20250703_045300.wav,20250703
1425,1428,Geothlypis trichas,Common Yellowthroat,0.4214,E:\AcousticMonitoringData\ELDON4_Data\Week25\ELDON4_20250703_045300.wav,20250703
1428,1431,Geothlypis trichas,Common Yellowthroat,0.2819,E:\AcousticMonitoringData\ELDON4_Data\Week25\ELDON4_20250703_045300.wav,20250703
1431,1434,Geothlypis trichas,Common Yellowthroat,0.2629,E:\AcousticMonitoringData\ELDON4_Data\Week25\ELDON4_20250703_045300.wav,20250703
1434,1437,Geothlypis trichas,Common Yellowthroat,0.3489,E:\AcousticMonitoringData\ELDON4_Data\Week25\ELDON4_20250703_045300.wav,20250703
1437,1440,Geothlypis trichas,Common Yellowthroat,0.1484,E:\AcousticMonitoringData\ELDON4_Data\Week25\ELDON4_20250703_045300.wav,20250703
1440,1443,Geothlypis trichas,Common Yellowthroat,0.4991,E:\AcousticMonitoringData\ELDON4_Data\Week25\ELDON4_20250703_045300.wav,20250703
1443,1446,Geothlypis trichas,Common Yellowthroat,0.6093,E:\AcousticMonitoringData\ELDON4_Data\Week25\ELDON4_20250703_045300.wav,20250703
1446,1449,Geothlypis trichas,Common Yellowthroat,0.1607,E:\AcousticMonitoringData\ELDON4_Data\Week25\ELDON4_20250703_045300.wav,20250703
1449,1452,Geothlypis trichas,Common Yellowthroat,0.1411,E:\AcousticMonitoringData\ELDON4_Data\Week25\ELDON4_20250703_045300.wav,20250703
1452,1455,Geothlypis trichas,Common Yellowthroat,0.2128,E:\AcousticMonitoringData\ELDON4_Data\Week25\ELDON4_20250703_045300.wav,20250703
1455,1458,Geothlypis trichas,Common Yellowthroat,0.0954,E:\AcousticMonitoringData\ELDON4_Data\Week25\ELDON4_20250703_045300.wav,20250703
1458,1461,Geothlypis trichas,Common Yellowthroat,0.0774,E:\AcousticMonitoringData\ELDON4_Data\Week25\ELDON4_20250703_045300.wav,20250703
1461,1464,Geothlypis trichas,Common Yellowthroat,0.2619,E:\AcousticMonitoringData\ELDON4_Data\Week25\ELDON4_20250703_045300.wav,20250703
1464,1467,Geothlypis trichas,Common Yellowthroat,0.5742,E:\AcousticMonitoringData\ELDON4_Data\Week25\ELDON4_20250703_045300.wav,20250703
1467,1470,Geothlypis trichas,Common Yellowthroat,0.3647,E:\AcousticMonitoringData\ELDON4_Data\Week25\ELDON4_20250703_045300.wav,20250703
1470,1473,Geothlypis trichas,Common Yellowthroat,0.2504,E:\AcousticMonitoringData\ELDON4_Data\Week25\ELDON4_20250703_045300.wav,20250703
1473,1476,Geothlypis trichas,Common Yellowthroat,0.4284,E:\AcousticMonitoringData\ELDON4_Data\Week25\ELDON4_20250703_045300.wav,20250703
1479,1482,Geothlypis trichas,Common Yellowthroat,0.2117,E:\AcousticMonitoringData\ELDON4_Data\Week25\ELDON4_20250703_045300.wav,20250703
1482,1485,Geothlypis trichas,Common Yellowthroat,0.4694,E:\AcousticMonitoringData\ELDON4_Data\Week25\ELDON4_20250703_045300.wav,20250703
1485,1488,Geothlypis trichas,Common Yellowthroat,0.1223,E:\AcousticMonitoringData\ELDON4_Data\Week25\ELDON4_20250703_045300.wav,20250703
1491,1494,Geothlypis trichas,Common Yellowthroat,0.2559,E:\AcousticMonitoringData\ELDON4_Data\Week25\ELDON4_20250703_045300.wav,20250703
1494,1497,Geothlypis trichas,Common Yellowthroat,0.4327,E:\AcousticMonitoringData\ELDON4_Data\Week25\ELDON4_20250703_045300.wav,20250703
1497,1500,Geothlypis trichas,Common Yellowthroat,0.1933,E:\AcousticMonitoringData\ELDON4_Data\Week25\ELDON4_20250703_045300.wav,20250703
1500,1503,Geothlypis trichas,Common Yellowthroat,0.3581,E:\AcousticMonitoringData\ELDON4_Data\Week25\ELDON4_20250703_045300.wav,20250703
1503,1506,Geothlypis trichas,Common Yellowthroat,0.0807,E:\AcousticMonitoringData\ELDON4_Data\Week25\ELDON4_20250703_045300.wav,20250703
1506,1509,Geothlypis trichas,Common Yellowthroat,0.1942,E:\AcousticMonitoringData\ELDON4_Data\Week25\ELDON4_20250703_045300.wav,20250703
1509,1512,Geothlypis trichas,Common Yellowthroat,0.5486,E:\AcousticMonitoringData\ELDON4_Data\Week25\ELDON4_20250703_045300.wav,20250703
1515,1518,Geothlypis trichas,Common Yellowthroat,0.0714,E:\AcousticMonitoringData\ELDON4_Data\Week25\ELDON4_20250703_045300.wav,20250703
1518,1521,Geothlypis trichas,Common Yellowthroat,0.7116,E:\AcousticMonitoringData\ELDON4_Data\Week25\ELDON4_20250703_045300.wav,20250703
1524,1527,Geothlypis trichas,Common Yellowthroat,0.2673,E:\AcousticMonitoringData\ELDON4_Data\Week25\ELDON4_20250703_045300.wav,20250703
1527,1530,Geothlypis trichas,Common Yellowthroat,0.3549,E:\AcousticMonitoringData\ELDON4_Data\Week25\ELDON4_20250703_045300.wav,20250703
1530,1533,Geothlypis trichas,Common Yellowthroat,0.0506,E:\AcousticMonitoringData\ELDON4_Data\Week25\ELDON4_20250703_045300.wav,20250703
1533,1536,Geothlypis trichas,Common Yellowthroat,0.4754,E:\AcousticMonitoringData\ELDON4_Data\Week25\ELDON4_20250703_045300.wav,20250703
1536,1539,Geothlypis trichas,Common Yellowthroat,0.2805,E:\AcousticMonitoringData\ELDON4_Data\Week25\ELDON4_20250703_045300.wav,20250703
1539,1542,Geothlypis trichas,Common Yellowthroat,0.0644,E:\AcousticMonitoringData\ELDON4_Data\Week25\ELDON4_20250703_045300.wav,20250703
1542,1545,Geothlypis trichas,Common Yellowthroat,0.0886,E:\AcousticMonitoringData\ELDON4_Data\Week25\ELDON4_20250703_045300.wav,20250703
1545,1548,Geothlypis trichas,Common Yellowthroat,0.2204,E:\AcousticMonitoringData\ELDON4_Data\Week25\ELDON4_20250703_045300.wav,20250703
1548,1551,Geothlypis trichas,Common Yellowthroat,0.0639,E:\AcousticMonitoringData\ELDON4_Data\Week25\ELDON4_20250703_045300.wav,20250703
1551,1554,Geothlypis trichas,Common Yellowthroat,0.1937,E:\AcousticMonitoringData\ELDON4_Data\Week25\ELDON4_20250703_045300.wav,20250703
1554,1557,Geothlypis trichas,Common Yellowthroat,0.1891,E:\AcousticMonitoringData\ELDON4_Data\Week25\ELDON4_20250703_045300.wav,20250703
1557,1560,Geothlypis trichas,Common Yellowthroat,0.0572,E:\AcousticMonitoringData\ELDON4_Data\Week25\ELDON4_20250703_045300.wav,20250703
1560,1563,Geothlypis trichas,Common Yellowthroat,0.1197,E:\AcousticMonitoringData\ELDON4_Data\Week25\ELDON4_20250703_045300.wav,20250703
1563,1566,Geothlypis trichas,Common Yellowthroat,0.367,E:\AcousticMonitoringData\ELDON4_Data\Week25\ELDON4_20250703_045300.wav,20250703
1569,1572,Geothlypis trichas,Common Yellowthroat,0.1389,E:\AcousticMonitoringData\ELDON4_Data\Week25\ELDON4_20250703_045300.wav,20250703
1572,1575,Geothlypis trichas,Common Yellowthroat,0.3411,E:\AcousticMonitoringData\ELDON4_Data\Week25\ELDON4_20250703_045300.wav,20250703
1575,1578,Geothlypis trichas,Common Yellowthroat,0.0792,E:\AcousticMonitoringData\ELDON4_Data\Week25\ELDON4_20250703_045300.wav,20250703
1581,1584,Geothlypis trichas,Common Yellowthroat,0.5312,E:\AcousticMonitoringData\ELDON4_Data\Week25\ELDON4_20250703_045300.wav,20250703
1590,1593,Geothlypis trichas,Common Yellowthroat,0.5859,E:\AcousticMonitoringData\ELDON4_Data\Week25\ELDON4_20250703_045300.wav,20250703
1593,1596,Geothlypis trichas,Common Yellowthroat,0.2362,E:\AcousticMonitoringData\ELDON4_Data\Week25\ELDON4_20250703_045300.wav,20250703
1596,1599,Passerina caerulea,Blue Grosbeak,0.0664,E:\AcousticMonitoringData\ELDON4_Data\Week25\ELDON4_20250703_045300.wav,20250703
1596,1599,Geothlypis trichas,Common Yellowthroat,0.0564,E:\AcousticMonitoringData\ELDON4_Data\Week25\ELDON4_20250703_045300.wav,20250703
1599,1602,Geothlypis trichas,Common Yellowthroat,0.3528,E:\AcousticMonitoringData\ELDON4_Data\Week25\ELDON4_20250703_045300.wav,20250703
1602,1605,Geothlypis trichas,Common Yellowthroat,0.2331,E:\AcousticMonitoringData\ELDON4_Data\Week25\ELDON4_20250703_045300.wav,20250703
1605,1608,Geothlypis trichas,Common Yellowthroat,0.2587,E:\AcousticMonitoringData\ELDON4_Data\Week25\ELDON4_20250703_045300.wav,20250703
1608,1611,Geothlypis trichas,Common Yellowthroat,0.2352,E:\AcousticMonitoringData\ELDON4_Data\Week25\ELDON4_20250703_045300.wav,20250703
1611,1614,Geothlypis trichas,Common Yellowthroat,0.1648,E:\AcousticMonitoringData\ELDON4_Data\Week25\ELDON4_20250703_045300.wav,20250703
1614,1617,Geothlypis trichas,Common Yellowthroat,0.1222,E:\AcousticMonitoringData\ELDON4_Data\Week25\ELDON4_20250703_045300.wav,20250703
1617,1620,Geothlypis trichas,Common Yellowthroat,0.3748,E:\AcousticMonitoringData\ELDON4_Data\Week25\ELDON4_20250703_045300.wav,20250703
1620,1623,Geothlypis trichas,Common Yellowthroat,0.1165,E:\AcousticMonitoringData\ELDON4_Data\Week25\ELDON4_20250703_045300.wav,20250703
1623,1626,Geothlypis trichas,Common Yellowthroat,0.0944,E:\AcousticMonitoringData\ELDON4_Data\Week25\ELDON4_20250703_045300.wav,20250703
1626,1629,Geothlypis trichas,Common Yellowthroat,0.5055,E:\AcousticMonitoringData\ELDON4_Data\Week25\ELDON4_20250703_045300.wav,20250703
1629,1632,Geothlypis trichas,Common Yellowthroat,0.0639,E:\AcousticMonitoringData\ELDON4_Data\Week25\ELDON4_20250703_045300.wav,20250703
1632,1635,Geothlypis trichas,Common Yellowthroat,0.2271,E:\AcousticMonitoringData\ELDON4_Data\Week25\ELDON4_20250703_045300.wav,20250703
1635,1638,Geothlypis trichas,Common Yellowthroat,0.3756,E:\AcousticMonitoringData\ELDON4_Data\Week25\ELDON4_20250703_045300.wav,20250703
1638,1641,Geothlypis trichas,Common Yellowthroat,0.0585,E:\AcousticMonitoringData\ELDON4_Data\Week25\ELDON4_20250703_045300.wav,20250703
1641,1644,Geothlypis trichas,Common Yellowthroat,0.0524,E:\AcousticMonitoringData\ELDON4_Data\Week25\ELDON4_20250703_045300.wav,20250703
1644,1647,Geothlypis trichas,Common Yellowthroat,0.4186,E:\AcousticMonitoringData\ELDON4_Data\Week25\ELDON4_20250703_045300.wav,20250703
1647,1650,Geothlypis trichas,Common Yellowthroat,0.1223,E:\AcousticMonitoringData\ELDON4_Data\Week25\ELDON4_20250703_045300.wav,20250703
1650,1653,Geothlypis trichas,Common Yellowthroat,0.1994,E:\AcousticMonitoringData\ELDON4_Data\Week25\ELDON4_20250703_045300.wav,20250703
1653,1656,Geothlypis trichas,Common Yellowthroat,0.1028,E:\AcousticMonitoringData\ELDON4_Data\Week25\ELDON4_20250703_045300.wav,20250703
1656,1659,Geothlypis trichas,Common Yellowthroat,0.0546,E:\AcousticMonitoringData\ELDON4_Data\Week25\ELDON4_20250703_045300.wav,20250703
1659,1662,Geothlypis trichas,Common Yellowthroat,0.2017,E:\AcousticMonitoringData\ELDON4_Data\Week25\ELDON4_20250703_045300.wav,20250703
1662,1665,Geothlypis trichas,Common Yellowthroat,0.1718,E:\AcousticMonitoringData\ELDON4_Data\Week25\ELDON4_20250703_045300.wav,20250703
1668,1671,Geothlypis trichas,Common Yellowthroat,0.1355,E:\AcousticMonitoringData\ELDON4_Data\Week25\ELDON4_20250703_045300.wav,20250703
1671,1674,Geothlypis trichas,Common Yellowthroat,0.3,E:\AcousticMonitoringData\ELDON4_Data\Week25\ELDON4_20250703_045300.wav,20250703
1674,1677,Geothlypis trichas,Common Yellowthroat,0.0705,E:\AcousticMonitoringData\ELDON4_Data\Week25\ELDON4_20250703_045300.wav,20250703
1677,1680,Geothlypis trichas,Common Yellowthroat,0.078,E:\AcousticMonitoringData\ELDON4_Data\Week25\ELDON4_20250703_045300.wav,20250703
1680,1683,Geothlypis trichas,Common Yellowthroat,0.3856,E:\AcousticMonitoringData\ELDON4_Data\Week25\ELDON4_20250703_045300.wav,20250703
1683,1686,Geothlypis trichas,Common Yellowthroat,0.1309,E:\AcousticMonitoringData\ELDON4_Data\Week25\ELDON4_20250703_045300.wav,20250703
1686,1689,Geothlypis trichas,Common Yellowthroat,0.1754,E:\AcousticMonitoringData\ELDON4_Data\Week25\ELDON4_20250703_045300.wav,20250703
1689,1692,Geothlypis trichas,Common Yellowthroat,0.0751,E:\AcousticMonitoringData\ELDON4_Data\Week25\ELDON4_20250703_045300.wav,20250703
1692,1695,Geothlypis trichas,Common Yellowthroat,0.1069,E:\AcousticMonitoringData\ELDON4_Data\Week25\ELDON4_20250703_045300.wav,20250703
1695,1698,Geothlypis trichas,Common Yellowthroat,0.2524,E:\AcousticMonitoringData\ELDON4_Data\Week25\ELDON4_20250703_045300.wav,20250703
1698,1701,Geothlypis trichas,Common Yellowthroat,0.2714,E:\AcousticMonitoringData\ELDON4_Data\Week25\ELDON4_20250703_045300.wav,20250703
1701,1704,Geothlypis trichas,Common Yellowthroat,0.2236,E:\AcousticMonitoringData\ELDON4_Data\Week25\ELDON4_20250703_045300.wav,20250703
1704,1707,Geothlypis trichas,Common Yellowthroat,0.2929,E:\AcousticMonitoringData\ELDON4_Data\Week25\ELDON4_20250703_045300.wav,20250703
1707,1710,Geothlypis trichas,Common Yellowthroat,0.0595,E:\AcousticMonitoringData\ELDON4_Data\Week25\ELDON4_20250703_045300.wav,20250703
1713,1716,Geothlypis trichas,Common Yellowthroat,0.4523,E:\AcousticMonitoringData\ELDON4_Data\Week25\ELDON4_20250703_045300.wav,20250703
1716,1719,Geothlypis trichas,Common Yellowthroat,0.0963,E:\AcousticMonitoringData\ELDON4_Data\Week25\ELDON4_20250703_045300.wav,20250703
1719,1722,Geothlypis trichas,Common Yellowthroat,0.0889,E:\AcousticMonitoringData\ELDON4_Data\Week25\ELDON4_20250703_045300.wav,20250703
1722,1725,Geothlypis trichas,Common Yellowthroat,0.053,E:\AcousticMonitoringData\ELDON4_Data\Week25\ELDON4_20250703_045300.wav,20250703
1725,1728,Geothlypis trichas,Common Yellowthroat,0.1023,E:\AcousticMonitoringData\ELDON4_Data\Week25\ELDON4_20250703_045300.wav,20250703
1725,1728,Spizella pusilla,Field Sparrow,0.0522,E:\AcousticMonitoringData\ELDON4_Data\Week25\ELDON4_20250703_045300.wav,20250703
1728,1731,Geothlypis trichas,Common Yellowthroat,0.1149,E:\AcousticMonitoringData\ELDON4_Data\Week25\ELDON4_20250703_045300.wav,20250703
1731,1734,Geothlypis trichas,Common Yellowthroat,0.0737,E:\AcousticMonitoringData\ELDON4_Data\Week25\ELDON4_20250703_045300.wav,20250703
1734,1737,Geothlypis trichas,Common Yellowthroat,0.0755,E:\AcousticMonitoringData\ELDON4_Data\Week25\ELDON4_20250703_045300.wav,20250703
1737,1740,Geothlypis trichas,Common Yellowthroat,0.0972,E:\AcousticMonitoringData\ELDON4_Data\Week25\ELDON4_20250703_045300.wav,20250703
1740,1743,Geothlypis trichas,Common Yellowthroat,0.1522,E:\AcousticMonitoringData\ELDON4_Data\Week25\ELDON4_20250703_045300.wav,20250703
1743,1746,Geothlypis trichas,Common Yellowthroat,0.0673,E:\AcousticMonitoringData\ELDON4_Data\Week25\ELDON4_20250703_045300.wav,20250703
1746,1749,Geothlypis trichas,Common Yellowthroat,0.2891,E:\AcousticMonitoringData\ELDON4_Data\Week25\ELDON4_20250703_045300.wav,20250703
1749,1752,Geothlypis trichas,Common Yellowthroat,0.0828,E:\AcousticMonitoringData\ELDON4_Data\Week25\ELDON4_20250703_045300.wav,20250703
1752,1755,Geothlypis trichas,Common Yellowthroat,0.0583,E:\AcousticMonitoringData\ELDON4_Data\Week25\ELDON4_20250703_045300.wav,20250703
1755,1758,Geothlypis trichas,Common Yellowthroat,0.2611,E:\AcousticMonitoringData\ELDON4_Data\Week25\ELDON4_20250703_045300.wav,20250703
1758,1761,Geothlypis trichas,Common Yellowthroat,0.1174,E:\AcousticMonitoringData\ELDON4_Data\Week25\ELDON4_20250703_045300.wav,20250703
1761,1764,Geothlypis trichas,Common Yellowthroat,0.0601,E:\AcousticMonitoringData\ELDON4_Data\Week25\ELDON4_20250703_045300.wav,20250703
1764,1767,Geothlypis trichas,Common Yellowthroat,0.0761,E:\AcousticMonitoringData\ELDON4_Data\Week25\ELDON4_20250703_045300.wav,20250703
1767,1770,Geothlypis trichas,Common Yellowthroat,0.1387,E:\AcousticMonitoringData\ELDON4_Data\Week25\ELDON4_20250703_045300.wav,20250703
1770,1773,Geothlypis trichas,Common Yellowthroat,0.081,E:\AcousticMonitoringData\ELDON4_Data\Week25\ELDON4_20250703_045300.wav,20250703
1773,1776,Geothlypis trichas,Common Yellowthroat,0.1216,E:\AcousticMonitoringData\ELDON4_Data\Week25\ELDON4_20250703_045300.wav,20250703
1782,1785,Geothlypis trichas,Common Yellowthroat,0.4752,E:\AcousticMonitoringData\ELDON4_Data\Week25\ELDON4_20250703_045300.wav,20250703
1785,1788,Geothlypis trichas,Common Yellowthroat,0.0715,E:\AcousticMonitoringData\ELDON4_Data\Week25\ELDON4_20250703_045300.wav,20250703
1788,1791,Geothlypis trichas,Common Yellowthroat,0.1938,E:\AcousticMonitoringData\ELDON4_Data\Week25\ELDON4_20250703_045300.wav,20250703
1791,1794,Geothlypis trichas,Common Yellowthroat,0.1453,E:\AcousticMonitoringData\ELDON4_Data\Week25\ELDON4_20250703_045300.wav,20250703
1797,1800,Geothlypis trichas,Common Yellowthroat,0.6602,E:\AcousticMonitoringData\ELDON4_Data\Week25\ELDON4_20250703_045300.wav,20250703
1803,1806,Geothlypis trichas,Common Yellowthroat,0.1496,E:\AcousticMonitoringData\ELDON4_Data\Week25\ELDON4_20250703_045300.wav,20250703
1806,1809,Geothlypis trichas,Common Yellowthroat,0.4901,E:\AcousticMonitoringData\ELDON4_Data\Week25\ELDON4_20250703_045300.wav,20250703
1809,1812,Geothlypis trichas,Common Yellowthroat,0.1156,E:\AcousticMonitoringData\ELDON4_Data\Week25\ELDON4_20250703_045300.wav,20250703
1812,1815,Geothlypis trichas,Common Yellowthroat,0.1736,E:\AcousticMonitoringData\ELDON4_Data\Week25\ELDON4_20250703_045300.wav,20250703
1815,1818,Geothlypis trichas,Common Yellowthroat,0.3787,E:\AcousticMonitoringData\ELDON4_Data\Week25\ELDON4_20250703_045300.wav,20250703
1818,1821,Geothlypis trichas,Common Yellowthroat,0.181,E:\AcousticMonitoringData\ELDON4_Data\Week25\ELDON4_20250703_045300.wav,20250703
1821,1824,Geothlypis trichas,Common Yellowthroat,0.1214,E:\AcousticMonitoringData\ELDON4_Data\Week25\ELDON4_20250703_045300.wav,20250703
1824,1827,Geothlypis trichas,Common Yellowthroat,0.1135,E:\AcousticMonitoringData\ELDON4_Data\Week25\ELDON4_20250703_045300.wav,20250703
1827,1830,Geothlypis trichas,Common Yellowthroat,0.3374,E:\AcousticMonitoringData\ELDON4_Data\Week25\ELDON4_20250703_045300.wav,20250703
1830,1833,Geothlypis trichas,Common Yellowthroat,0.1022,E:\AcousticMonitoringData\ELDON4_Data\Week25\ELDON4_20250703_045300.wav,20250703
1833,1836,Geothlypis trichas,Common Yellowthroat,0.2087,E:\AcousticMonitoringData\ELDON4_Data\Week25\ELDON4_20250703_045300.wav,20250703
1836,1839,Geothlypis trichas,Common Yellowthroat,0.166,E:\AcousticMonitoringData\ELDON4_Data\Week25\ELDON4_20250703_045300.wav,20250703
1839,1842,Geothlypis trichas,Common Yellowthroat,0.2473,E:\AcousticMonitoringData\ELDON4_Data\Week25\ELDON4_20250703_045300.wav,20250703
1842,1845,Geothlypis trichas,Common Yellowthroat,0.1537,E:\AcousticMonitoringData\ELDON4_Data\Week25\ELDON4_20250703_045300.wav,20250703
1851,1854,Geothlypis trichas,Common Yellowthroat,0.3188,E:\AcousticMonitoringData\ELDON4_Data\Week25\ELDON4_20250703_045300.wav,20250703
1857,1860,Geothlypis trichas,Common Yellowthroat,0.1571,E:\AcousticMonitoringData\ELDON4_Data\Week25\ELDON4_20250703_045300.wav,20250703
1863,1866,Geothlypis trichas,Common Yellowthroat,0.1974,E:\AcousticMonitoringData\ELDON4_Data\Week25\ELDON4_20250703_045300.wav,20250703
1872,1875,Geothlypis trichas,Common Yellowthroat,0.0984,E:\AcousticMonitoringData\ELDON4_Data\Week25\ELDON4_20250703_045300.wav,20250703
1881,1884,Geothlypis trichas,Common Yellowthroat,0.2196,E:\AcousticMonitoringData\ELDON4_Data\Week25\ELDON4_20250703_045300.wav,20250703
1890,1893,Geothlypis trichas,Common Yellowthroat,0.2925,E:\AcousticMonitoringData\ELDON4_Data\Week25\ELDON4_20250703_045300.wav,20250703
1893,1896,Geothlypis trichas,Common Yellowthroat,0.1224,E:\AcousticMonitoringData\ELDON4_Data\Week25\ELDON4_20250703_045300.wav,20250703
1899,1902,Geothlypis trichas,Common Yellowthroat,0.0606,E:\AcousticMonitoringData\ELDON4_Data\Week25\ELDON4_20250703_045300.wav,20250703
1902,1905,Geothlypis trichas,Common Yellowthroat,0.0875,E:\AcousticMonitoringData\ELDON4_Data\Week25\ELDON4_20250703_045300.wav,20250703
1905,1908,Geothlypis trichas,Common Yellowthroat,0.2727,E:\AcousticMonitoringData\ELDON4_Data\Week25\ELDON4_20250703_045300.wav,20250703
1908,1911,Geothlypis trichas,Common Yellowthroat,0.0566,E:\AcousticMonitoringData\ELDON4_Data\Week25\ELDON4_20250703_045300.wav,20250703
1911,1914,Geothlypis trichas,Common Yellowthroat,0.1171,E:\AcousticMonitoringData\ELDON4_Data\Week25\ELDON4_20250703_045300.wav,20250703
1914,1917,Geothlypis trichas,Common Yellowthroat,0.1589,E:\AcousticMonitoringData\ELDON4_Data\Week25\ELDON4_20250703_045300.wav,20250703
1917,1920,Geothlypis trichas,Common Yellowthroat,0.1089,E:\AcousticMonitoringData\ELDON4_Data\Week25\ELDON4_20250703_045300.wav,20250703
1923,1926,Geothlypis trichas,Common Yellowthroat,0.2538,E:\AcousticMonitoringData\ELDON4_Data\Week25\ELDON4_20250703_045300.wav,20250703
1926,1929,Geothlypis trichas,Common Yellowthroat,0.076,E:\AcousticMonitoringData\ELDON4_Data\Week25\ELDON4_20250703_045300.wav,20250703
1932,1935,Geothlypis trichas,Common Yellowthroat,0.2517,E:\AcousticMonitoringData\ELDON4_Data\Week25\ELDON4_20250703_045300.wav,20250703
1935,1938,Sturnella magna,Eastern Meadowlark,0.0505,E:\AcousticMonitoringData\ELDON4_Data\Week25\ELDON4_20250703_045300.wav,20250703
1938,1941,Geothlypis trichas,Common Yellowthroat,0.1173,E:\AcousticMonitoringData\ELDON4_Data\Week25\ELDON4_20250703_045300.wav,20250703
1941,1944,Geothlypis trichas,Common Yellowthroat,0.5524,E:\AcousticMonitoringData\ELDON4_Data\Week25\ELDON4_20250703_045300.wav,20250703
1944,1947,Geothlypis trichas,Common Yellowthroat,0.1938,E:\AcousticMonitoringData\ELDON4_Data\Week25\ELDON4_20250703_045300.wav,20250703
1944,1947,Spizella pusilla,Field Sparrow,0.0518,E:\AcousticMonitoringData\ELDON4_Data\Week25\ELDON4_20250703_045300.wav,20250703
1947,1950,Geothlypis trichas,Common Yellowthroat,0.1,E:\AcousticMonitoringData\ELDON4_Data\Week25\ELDON4_20250703_045300.wav,20250703
1950,1953,Geothlypis trichas,Common Yellowthroat,0.4514,E:\AcousticMonitoringData\ELDON4_Data\Week25\ELDON4_20250703_045300.wav,20250703
1953,1956,Geothlypis trichas,Common Yellowthroat,0.1486,E:\AcousticMonitoringData\ELDON4_Data\Week25\ELDON4_20250703_045300.wav,20250703
1953,1956,Spizella pusilla,Field Sparrow,0.0525,E:\AcousticMonitoringData\ELDON4_Data\Week25\ELDON4_20250703_045300.wav,20250703
1956,1959,Geothlypis trichas,Common Yellowthroat,0.0831,E:\AcousticMonitoringData\ELDON4_Data\Week25\ELDON4_20250703_045300.wav,20250703
1959,1962,Geothlypis trichas,Common Yellowthroat,0.1917,E:\AcousticMonitoringData\ELDON4_Data\Week25\ELDON4_20250703_045300.wav,20250703
1962,1965,Geothlypis trichas,Common Yellowthroat,0.1296,E:\AcousticMonitoringData\ELDON4_Data\Week25\ELDON4_20250703_045300.wav,20250703
1965,1968,Geothlypis trichas,Common Yellowthroat,0.2571,E:\AcousticMonitoringData\ELDON4_Data\Week25\ELDON4_20250703_045300.wav,20250703
1968,1971,Geothlypis trichas,Common Yellowthroat,0.2022,E:\AcousticMonitoringData\ELDON4_Data\Week25\ELDON4_20250703_045300.wav,20250703
1971,1974,Geothlypis trichas,Common Yellowthroat,0.2372,E:\AcousticMonitoringData\ELDON4_Data\Week25\ELDON4_20250703_045300.wav,20250703
1974,1977,Geothlypis trichas,Common Yellowthroat,0.1884,E:\AcousticMonitoringData\ELDON4_Data\Week25\ELDON4_20250703_045300.wav,20250703
1983,1986,Geothlypis trichas,Common Yellowthroat,0.4319,E:\AcousticMonitoringData\ELDON4_Data\Week25\ELDON4_20250703_045300.wav,20250703
1989,1992,Geothlypis trichas,Common Yellowthroat,0.0819,E:\AcousticMonitoringData\ELDON4_Data\Week25\ELDON4_20250703_045300.wav,20250703
1989,1992,Spizella pusilla,Field Sparrow,0.06,E:\AcousticMonitoringData\ELDON4_Data\Week25\ELDON4_20250703_045300.wav,20250703
1992,1995,Geothlypis trichas,Common Yellowthroat,0.132,E:\AcousticMonitoringData\ELDON4_Data\Week25\ELDON4_20250703_045300.wav,20250703
1995,1998,Geothlypis trichas,Common Yellowthroat,0.3299,E:\AcousticMonitoringData\ELDON4_Data\Week25\ELDON4_20250703_045300.wav,20250703
2001,2004,Geothlypis trichas,Common Yellowthroat,0.2325,E:\AcousticMonitoringData\ELDON4_Data\Week25\ELDON4_20250703_045300.wav,20250703
2004,2007,Geothlypis trichas,Common Yellowthroat,0.2327,E:\AcousticMonitoringData\ELDON4_Data\Week25\ELDON4_20250703_045300.wav,20250703
2007,2010,Geothlypis trichas,Common Yellowthroat,0.464,E:\AcousticMonitoringData\ELDON4_Data\Week25\ELDON4_20250703_045300.wav,20250703
2010,2013,Geothlypis trichas,Common Yellowthroat,0.1456,E:\AcousticMonitoringData\ELDON4_Data\Week25\ELDON4_20250703_045300.wav,20250703
2013,2016,Geothlypis trichas,Common Yellowthroat,0.2318,E:\AcousticMonitoringData\ELDON4_Data\Week25\ELDON4_20250703_045300.wav,20250703
2016,2019,Geothlypis trichas,Common Yellowthroat,0.2044,E:\AcousticMonitoringData\ELDON4_Data\Week25\ELDON4_20250703_045300.wav,20250703
2019,2022,Geothlypis trichas,Common Yellowthroat,0.1548,E:\AcousticMonitoringData\ELDON4_Data\Week25\ELDON4_20250703_045300.wav,20250703
2025,2028,Geothlypis trichas,Common Yellowthroat,0.3888,E:\AcousticMonitoringData\ELDON4_Data\Week25\ELDON4_20250703_045300.wav,20250703
2028,2031,Geothlypis trichas,Common Yellowthroat,0.204,E:\AcousticMonitoringData\ELDON4_Data\Week25\ELDON4_20250703_045300.wav,20250703
2034,2037,Geothlypis trichas,Common Yellowthroat,0.2838,E:\AcousticMonitoringData\ELDON4_Data\Week25\ELDON4_20250703_045300.wav,20250703
2037,2040,Geothlypis trichas,Common Yellowthroat,0.2045,E:\AcousticMonitoringData\ELDON4_Data\Week25\ELDON4_20250703_045300.wav,20250703
2043,2046,Geothlypis trichas,Common Yellowthroat,0.3196,E:\AcousticMonitoringData\ELDON4_Data\Week25\ELDON4_20250703_045300.wav,20250703
2046,2049,Geothlypis trichas,Common Yellowthroat,0.166,E:\AcousticMonitoringData\ELDON4_Data\Week25\ELDON4_20250703_045300.wav,20250703
2052,2055,Geothlypis trichas,Common Yellowthroat,0.3446,E:\AcousticMonitoringData\ELDON4_Data\Week25\ELDON4_20250703_045300.wav,20250703
2055,2058,Geothlypis trichas,Common Yellowthroat,0.1997,E:\AcousticMonitoringData\ELDON4_Data\Week25\ELDON4_20250703_045300.wav,20250703
2058,2061,Geothlypis trichas,Common Yellowthroat,0.0605,E:\AcousticMonitoringData\ELDON4_Data\Week25\ELDON4_20250703_045300.wav,20250703
2061,2064,Geothlypis trichas,Common Yellowthroat,0.1755,E:\AcousticMonitoringData\ELDON4_Data\Week25\ELDON4_20250703_045300.wav,20250703
2064,2067,Geothlypis trichas,Common Yellowthroat,0.1128,E:\AcousticMonitoringData\ELDON4_Data\Week25\ELDON4_20250703_045300.wav,20250703
2067,2070,Geothlypis trichas,Common Yellowthroat,0.2544,E:\AcousticMonitoringData\ELDON4_Data\Week25\ELDON4_20250703_045300.wav,20250703
2070,2073,Geothlypis trichas,Common Yellowthroat,0.2915,E:\AcousticMonitoringData\ELDON4_Data\Week25\ELDON4_20250703_045300.wav,20250703
2073,2076,Geothlypis trichas,Common Yellowthroat,0.387,E:\AcousticMonitoringData\ELDON4_Data\Week25\ELDON4_20250703_045300.wav,20250703
2076,2079,Geothlypis trichas,Common Yellowthroat,0.2173,E:\AcousticMonitoringData\ELDON4_Data\Week25\ELDON4_20250703_045300.wav,20250703
2079,2082,Geothlypis trichas,Common Yellowthroat,0.267,E:\AcousticMonitoringData\ELDON4_Data\Week25\ELDON4_20250703_045300.wav,20250703
2085,2088,Geothlypis trichas,Common Yellowthroat,0.3067,E:\AcousticMonitoringData\ELDON4_Data\Week25\ELDON4_20250703_045300.wav,20250703
2088,2091,Geothlypis trichas,Common Yellowthroat,0.2817,E:\AcousticMonitoringData\ELDON4_Data\Week25\ELDON4_20250703_045300.wav,20250703
2091,2094,Geothlypis trichas,Common Yellowthroat,0.1125,E:\AcousticMonitoringData\ELDON4_Data\Week25\ELDON4_20250703_045300.wav,20250703
2094,2097,Geothlypis trichas,Common Yellowthroat,0.0595,E:\AcousticMonitoringData\ELDON4_Data\Week25\ELDON4_20250703_045300.wav,20250703
2097,2100,Geothlypis trichas,Common Yellowthroat,0.2852,E:\AcousticMonitoringData\ELDON4_Data\Week25\ELDON4_20250703_045300.wav,20250703
2100,2103,Geothlypis trichas,Common Yellowthroat,0.1572,E:\AcousticMonitoringData\ELDON4_Data\Week25\ELDON4_20250703_045300.wav,20250703
2103,2106,Geothlypis trichas,Common Yellowthroat,0.0533,E:\AcousticMonitoringData\ELDON4_Data\Week25\ELDON4_20250703_045300.wav,20250703
2106,2109,Geothlypis trichas,Common Yellowthroat,0.073,E:\AcousticMonitoringData\ELDON4_Data\Week25\ELDON4_20250703_045300.wav,20250703
2109,2112,Geothlypis trichas,Common Yellowthroat,0.1537,E:\AcousticMonitoringData\ELDON4_Data\Week25\ELDON4_20250703_045300.wav,20250703
2109,2112,Spizella pusilla,Field Sparrow,0.0514,E:\AcousticMonitoringData\ELDON4_Data\Week25\ELDON4_20250703_045300.wav,20250703
2118,2121,Geothlypis trichas,Common Yellowthroat,0.1255,E:\AcousticMonitoringData\ELDON4_Data\Week25\ELDON4_20250703_045300.wav,20250703
2127,2130,Geothlypis trichas,Common Yellowthroat,0.1276,E:\AcousticMonitoringData\ELDON4_Data\Week25\ELDON4_20250703_045300.wav,20250703
2136,2139,Geothlypis trichas,Common Yellowthroat,0.2011,E:\AcousticMonitoringData\ELDON4_Data\Week25\ELDON4_20250703_045300.wav,20250703
2139,2142,Geothlypis trichas,Common Yellowthroat,0.0649,E:\AcousticMonitoringData\ELDON4_Data\Week25\ELDON4_20250703_045300.wav,20250703
2145,2148,Geothlypis trichas,Common Yellowthroat,0.1891,E:\AcousticMonitoringData\ELDON4_Data\Week25\ELDON4_20250703_045300.wav,20250703
2148,2151,Geothlypis trichas,Common Yellowthroat,0.0873,E:\AcousticMonitoringData\ELDON4_Data\Week25\ELDON4_20250703_045300.wav,20250703
2151,2154,Geothlypis trichas,Common Yellowthroat,0.0901,E:\AcousticMonitoringData\ELDON4_Data\Week25\ELDON4_20250703_045300.wav,20250703
2154,2157,Geothlypis trichas,Common Yellowthroat,0.1773,E:\AcousticMonitoringData\ELDON4_Data\Week25\ELDON4_20250703_045300.wav,20250703
2157,2160,Geothlypis trichas,Common Yellowthroat,0.0925,E:\AcousticMonitoringData\ELDON4_Data\Week25\ELDON4_20250703_045300.wav,20250703
2157,2160,Spizella pusilla,Field Sparrow,0.057,E:\AcousticMonitoringData\ELDON4_Data\Week25\ELDON4_20250703_045300.wav,20250703
2160,2163,Geothlypis trichas,Common Yellowthroat,0.1057,E:\AcousticMonitoringData\ELDON4_Data\Week25\ELDON4_20250703_045300.wav,20250703
2166,2169,Geothlypis trichas,Common Yellowthroat,0.0709,E:\AcousticMonitoringData\ELDON4_Data\Week25\ELDON4_20250703_045300.wav,20250703
2172,2175,Geothlypis trichas,Common Yellowthroat,0.0538,E:\AcousticMonitoringData\ELDON4_Data\Week25\ELDON4_20250703_045300.wav,20250703
2175,2178,Geothlypis trichas,Common Yellowthroat,0.1217,E:\AcousticMonitoringData\ELDON4_Data\Week25\ELDON4_20250703_045300.wav,20250703
2184,2187,Geothlypis trichas,Common Yellowthroat,0.1241,E:\AcousticMonitoringData\ELDON4_Data\Week25\ELDON4_20250703_045300.wav,20250703
2187,2190,Geothlypis trichas,Common Yellowthroat,0.0879,E:\AcousticMonitoringData\ELDON4_Data\Week25\ELDON4_20250703_045300.wav,20250703
2190,2193,Spizella pusilla,Field Sparrow,0.0581,E:\AcousticMonitoringData\ELDON4_Data\Week25\ELDON4_20250703_045300.wav,20250703
2193,2196,Geothlypis trichas,Common Yellowthroat,0.1238,E:\AcousticMonitoringData\ELDON4_Data\Week25\ELDON4_20250703_045300.wav,20250703
2196,2199,Geothlypis trichas,Common Yellowthroat,0.166,E:\AcousticMonitoringData\ELDON4_Data\Week25\ELDON4_20250703_045300.wav,20250703
2199,2202,Geothlypis trichas,Common Yellowthroat,0.0699,E:\AcousticMonitoringData\ELDON4_Data\Week25\ELDON4_20250703_045300.wav,20250703
2202,2205,Geothlypis trichas,Common Yellowthroat,0.1253,E:\AcousticMonitoringData\ELDON4_Data\Week25\ELDON4_20250703_045300.wav,20250703
2205,2208,Geothlypis trichas,Common Yellowthroat,0.1306,E:\AcousticMonitoringData\ELDON4_Data\Week25\ELDON4_20250703_045300.wav,20250703
2214,2217,Geothlypis trichas,Common Yellowthroat,0.2416,E:\AcousticMonitoringData\ELDON4_Data\Week25\ELDON4_20250703_045300.wav,20250703
2220,2223,Geothlypis trichas,Common Yellowthroat,0.0872,E:\AcousticMonitoringData\ELDON4_Data\Week25\ELDON4_20250703_045300.wav,20250703
2229,2232,Geothlypis trichas,Common Yellowthroat,0.1271,E:\AcousticMonitoringData\ELDON4_Data\Week25\ELDON4_20250703_045300.wav,20250703
2235,2238,Geothlypis trichas,Common Yellowthroat,0.0563,E:\AcousticMonitoringData\ELDON4_Data\Week25\ELDON4_20250703_045300.wav,20250703
2238,2241,Geothlypis trichas,Common Yellowthroat,0.1075,E:\AcousticMonitoringData\ELDON4_Data\Week25\ELDON4_20250703_045300.wav,20250703
2241,2244,Geothlypis trichas,Common Yellowthroat,0.0504,E:\AcousticMonitoringData\ELDON4_Data\Week25\ELDON4_20250703_045300.wav,20250703
2244,2247,Geothlypis trichas,Common Yellowthroat,0.0861,E:\AcousticMonitoringData\ELDON4_Data\Week25\ELDON4_20250703_045300.wav,20250703
2247,2250,Geothlypis trichas,Common Yellowthroat,0.0567,E:\AcousticMonitoringData\ELDON4_Data\Week25\ELDON4_20250703_045300.wav,20250703
2250,2253,Geothlypis trichas,Common Yellowthroat,0.1399,E:\AcousticMonitoringData\ELDON4_Data\Week25\ELDON4_20250703_045300.wav,20250703
2253,2256,Geothlypis trichas,Common Yellowthroat,0.1745,E:\AcousticMonitoringData\ELDON4_Data\Week25\ELDON4_20250703_045300.wav,20250703
2256,2259,Geothlypis trichas,Common Yellowthroat,0.0964,E:\AcousticMonitoringData\ELDON4_Data\Week25\ELDON4_20250703_045300.wav,20250703
2265,2268,Geothlypis trichas,Common Yellowthroat,0.1097,E:\AcousticMonitoringData\ELDON4_Data\Week25\ELDON4_20250703_045300.wav,20250703
2274,2277,Geothlypis trichas,Common Yellowthroat,0.1031,E:\AcousticMonitoringData\ELDON4_Data\Week25\ELDON4_20250703_045300.wav,20250703
2295,2298,Geothlypis trichas,Common Yellowthroat,0.0682,E:\AcousticMonitoringData\ELDON4_Data\Week25\ELDON4_20250703_045300.wav,20250703
2298,2301,Geothlypis trichas,Common Yellowthroat,0.0722,E:\AcousticMonitoringData\ELDON4_Data\Week25\ELDON4_20250703_045300.wav,20250703
2298,2301,Spizella pusilla,Field Sparrow,0.0507,E:\AcousticMonitoringData\ELDON4_Data\Week25\ELDON4_20250703_045300.wav,20250703
2304,2307,Geothlypis trichas,Common Yellowthroat,0.062,E:\AcousticMonitoringData\ELDON4_Data\Week25\ELDON4_20250703_045300.wav,20250703
2307,2310,Geothlypis trichas,Common Yellowthroat,0.0556,E:\AcousticMonitoringData\ELDON4_Data\Week25\ELDON4_20250703_045300.wav,20250703
2310,2313,Geothlypis trichas,Common Yellowthroat,0.0658,E:\AcousticMonitoringData\ELDON4_Data\Week25\ELDON4_20250703_045300.wav,20250703
2313,2316,Geothlypis trichas,Common Yellowthroat,0.085,E:\AcousticMonitoringData\ELDON4_Data\Week25\ELDON4_20250703_045300.wav,20250703
2316,2319,Geothlypis trichas,Common Yellowthroat,0.0672,E:\AcousticMonitoringData\ELDON4_Data\Week25\ELDON4_20250703_045300.wav,20250703
2322,2325,Geothlypis trichas,Common Yellowthroat,0.0771,E:\AcousticMonitoringData\ELDON4_Data\Week25\ELDON4_20250703_045300.wav,20250703
2331,2334,Geothlypis trichas,Common Yellowthroat,0.092,E:\AcousticMonitoringData\ELDON4_Data\Week25\ELDON4_20250703_045300.wav,20250703
2334,2337,Geothlypis trichas,Common Yellowthroat,0.0536,E:\AcousticMonitoringData\ELDON4_Data\Week25\ELDON4_20250703_045300.wav,20250703
2340,2343,Geothlypis trichas,Common Yellowthroat,0.1906,E:\AcousticMonitoringData\ELDON4_Data\Week25\ELDON4_20250703_045300.wav,20250703
2343,2346,Geothlypis trichas,Common Yellowthroat,0.0712,E:\AcousticMonitoringData\ELDON4_Data\Week25\ELDON4_20250703_045300.wav,20250703
2349,2352,Geothlypis trichas,Common Yellowthroat,0.1907,E:\AcousticMonitoringData\ELDON4_Data\Week25\ELDON4_20250703_045300.wav,20250703
2352,2355,Geothlypis trichas,Common Yellowthroat,0.0633,E:\AcousticMonitoringData\ELDON4_Data\Week25\ELDON4_20250703_045300.wav,20250703
2358,2361,Geothlypis trichas,Common Yellowthroat,0.124,E:\AcousticMonitoringData\ELDON4_Data\Week25\ELDON4_20250703_045300.wav,20250703
2361,2364,Geothlypis trichas,Common Yellowthroat,0.2372,E:\AcousticMonitoringData\ELDON4_Data\Week25\ELDON4_20250703_045300.wav,20250703
2367,2370,Geothlypis trichas,Common Yellowthroat,0.0764,E:\AcousticMonitoringData\ELDON4_Data\Week25\ELDON4_20250703_045300.wav,20250703
2373,2376,Geothlypis trichas,Common Yellowthroat,0.0762,E:\AcousticMonitoringData\ELDON4_Data\Week25\ELDON4_20250703_045300.wav,20250703
2376,2379,Geothlypis trichas,Common Yellowthroat,0.0801,E:\AcousticMonitoringData\ELDON4_Data\Week25\ELDON4_20250703_045300.wav,20250703
2382,2385,Geothlypis trichas,Common Yellowthroat,0.0842,E:\AcousticMonitoringData\ELDON4_Data\Week25\ELDON4_20250703_045300.wav,20250703
2391,2394,Geothlypis trichas,Common Yellowthroat,0.0801,E:\AcousticMonitoringData\ELDON4_Data\Week25\ELDON4_20250703_045300.wav,20250703
2403,2406,Geothlypis trichas,Common Yellowthroat,0.0948,E:\AcousticMonitoringData\ELDON4_Data\Week25\ELDON4_20250703_045300.wav,20250703
2406,2409,Geothlypis trichas,Common Yellowthroat,0.1082,E:\AcousticMonitoringData\ELDON4_Data\Week25\ELDON4_20250703_045300.wav,20250703
2412,2415,Geothlypis trichas,Common Yellowthroat,0.0819,E:\AcousticMonitoringData\ELDON4_Data\Week25\ELDON4_20250703_045300.wav,20250703
2415,2418,Geothlypis trichas,Common Yellowthroat,0.0539,E:\AcousticMonitoringData\ELDON4_Data\Week25\ELDON4_20250703_045300.wav,20250703
2424,2427,Geothlypis trichas,Common Yellowthroat,0.0653,E:\AcousticMonitoringData\ELDON4_Data\Week25\ELDON4_20250703_045300.wav,20250703
2430,2433,Geothlypis trichas,Common Yellowthroat,0.057,E:\AcousticMonitoringData\ELDON4_Data\Week25\ELDON4_20250703_045300.wav,20250703
2433,2436,Geothlypis trichas,Common Yellowthroat,0.19,E:\AcousticMonitoringData\ELDON4_Data\Week25\ELDON4_20250703_045300.wav,20250703
2445,2448,Geothlypis trichas,Common Yellowthroat,0.0799,E:\AcousticMonitoringData\ELDON4_Data\Week25\ELDON4_20250703_045300.wav,20250703
2448,2451,Geothlypis trichas,Common Yellowthroat,0.052,E:\AcousticMonitoringData\ELDON4_Data\Week25\ELDON4_20250703_045300.wav,20250703
2451,2454,Geothlypis trichas,Common Yellowthroat,0.1563,E:\AcousticMonitoringData\ELDON4_Data\Week25\ELDON4_20250703_045300.wav,20250703
2454,2457,Geothlypis trichas,Common Yellowthroat,0.1777,E:\AcousticMonitoringData\ELDON4_Data\Week25\ELDON4_20250703_045300.wav,20250703
2466,2469,Geothlypis trichas,Common Yellowthroat,0.1487,E:\AcousticMonitoringData\ELDON4_Data\Week25\ELDON4_20250703_045300.wav,20250703
2475,2478,Geothlypis trichas,Common Yellowthroat,0.123,E:\AcousticMonitoringData\ELDON4_Data\Week25\ELDON4_20250703_045300.wav,20250703
2478,2481,Geothlypis trichas,Common Yellowthroat,0.1212,E:\AcousticMonitoringData\ELDON4_Data\Week25\ELDON4_20250703_045300.wav,20250703
2484,2487,Geothlypis trichas,Common Yellowthroat,0.114,E:\AcousticMonitoringData\ELDON4_Data\Week25\ELDON4_20250703_045300.wav,20250703
2496,2499,Geothlypis trichas,Common Yellowthroat,0.0533,E:\AcousticMonitoringData\ELDON4_Data\Week25\ELDON4_20250703_045300.wav,20250703
2505,2508,Geothlypis trichas,Common Yellowthroat,0.112,E:\AcousticMonitoringData\ELDON4_Data\Week25\ELDON4_20250703_045300.wav,20250703
2517,2520,Geothlypis trichas,Common Yellowthroat,0.0544,E:\AcousticMonitoringData\ELDON4_Data\Week25\ELDON4_20250703_045300.wav,20250703
2526,2529,Geothlypis trichas,Common Yellowthroat,0.1224,E:\AcousticMonitoringData\ELDON4_Data\Week25\ELDON4_20250703_045300.wav,20250703
2538,2541,Geothlypis trichas,Common Yellowthroat,0.0665,E:\AcousticMonitoringData\ELDON4_Data\Week25\ELDON4_20250703_045300.wav,20250703
2550,2553,Geothlypis trichas,Common Yellowthroat,0.0786,E:\AcousticMonitoringData\ELDON4_Data\Week25\ELDON4_20250703_045300.wav,20250703
2559,2562,Geothlypis trichas,Common Yellowthroat,0.1182,E:\AcousticMonitoringData\ELDON4_Data\Week25\ELDON4_20250703_045300.wav,20250703
2562,2565,Geothlypis trichas,Common Yellowthroat,0.0725,E:\AcousticMonitoringData\ELDON4_Data\Week25\ELDON4_20250703_045300.wav,20250703
2568,2571,Geothlypis trichas,Common Yellowthroat,0.209,E:\AcousticMonitoringData\ELDON4_Data\Week25\ELDON4_20250703_045300.wav,20250703
2577,2580,Geothlypis trichas,Common Yellowthroat,0.0554,E:\AcousticMonitoringData\ELDON4_Data\Week25\ELDON4_20250703_045300.wav,20250703
2580,2583,Geothlypis trichas,Common Yellowthroat,0.1194,E:\AcousticMonitoringData\ELDON4_Data\Week25\ELDON4_20250703_045300.wav,20250703
2589,2592,Geothlypis trichas,Common Yellowthroat,0.1417,E:\AcousticMonitoringData\ELDON4_Data\Week25\ELDON4_20250703_045300.wav,20250703
2595,2598,Spizella pusilla,Field Sparrow,0.0576,E:\AcousticMonitoringData\ELDON4_Data\Week25\ELDON4_20250703_045300.wav,20250703
2598,2601,Geothlypis trichas,Common Yellowthroat,0.0666,E:\AcousticMonitoringData\ELDON4_Data\Week25\ELDON4_20250703_045300.wav,20250703
2601,2604,Geothlypis trichas,Common Yellowthroat,0.0598,E:\AcousticMonitoringData\ELDON4_Data\Week25\ELDON4_20250703_045300.wav,20250703
2610,2613,Geothlypis trichas,Common Yellowthroat,0.1531,E:\AcousticMonitoringData\ELDON4_Data\Week25\ELDON4_20250703_045300.wav,20250703
2619,2622,Geothlypis trichas,Common Yellowthroat,0.0964,E:\AcousticMonitoringData\ELDON4_Data\Week25\ELDON4_20250703_045300.wav,20250703
2622,2625,Spizella pusilla,Field Sparrow,0.1345,E:\AcousticMonitoringData\ELDON4_Data\Week25\ELDON4_20250703_045300.wav,20250703
2628,2631,Geothlypis trichas,Common Yellowthroat,0.0732,E:\AcousticMonitoringData\ELDON4_Data\Week25\ELDON4_20250703_045300.wav,20250703
2628,2631,Spizella pusilla,Field Sparrow,0.0531,E:\AcousticMonitoringData\ELDON4_Data\Week25\ELDON4_20250703_045300.wav,20250703
2637,2640,Geothlypis trichas,Common Yellowthroat,0.0567,E:\AcousticMonitoringData\ELDON4_Data\Week25\ELDON4_20250703_045300.wav,20250703
2640,2643,Geothlypis trichas,Common Yellowthroat,0.0752,E:\AcousticMonitoringData\ELDON4_Data\Week25\ELDON4_20250703_045300.wav,20250703
2649,2652,Geothlypis trichas,Common Yellowthroat,0.1015,E:\AcousticMonitoringData\ELDON4_Data\Week25\ELDON4_20250703_045300.wav,20250703
2655,2658,Geothlypis trichas,Common Yellowthroat,0.0832,E:\AcousticMonitoringData\ELDON4_Data\Week25\ELDON4_20250703_045300.wav,20250703
2661,2664,Geothlypis trichas,Common Yellowthroat,0.081,E:\AcousticMonitoringData\ELDON4_Data\Week25\ELDON4_20250703_045300.wav,20250703
2670,2673,Geothlypis trichas,Common Yellowthroat,0.0808,E:\AcousticMonitoringData\ELDON4_Data\Week25\ELDON4_20250703_045300.wav,20250703
2676,2679,Geothlypis trichas,Common Yellowthroat,0.1932,E:\AcousticMonitoringData\ELDON4_Data\Week25\ELDON4_20250703_045300.wav,20250703
2685,2688,Spizella pusilla,Field Sparrow,0.0614,E:\AcousticMonitoringData\ELDON4_Data\Week25\ELDON4_20250703_045300.wav,20250703
2685,2688,Geothlypis trichas,Common Yellowthroat,0.0507,E:\AcousticMonitoringData\ELDON4_Data\Week25\ELDON4_20250703_045300.wav,20250703
2694,2697,Sturnella magna,Eastern Meadowlark,0.0558,E:\AcousticMonitoringData\ELDON4_Data\Week25\ELDON4_20250703_045300.wav,20250703
2700,2703,Geothlypis trichas,Common Yellowthroat,0.0666,E:\AcousticMonitoringData\ELDON4_Data\Week25\ELDON4_20250703_045300.wav,20250703
2703,2706,Geothlypis trichas,Common Yellowthroat,0.2237,E:\AcousticMonitoringData\ELDON4_Data\Week25\ELDON4_20250703_045300.wav,20250703
2709,2712,Geothlypis trichas,Common Yellowthroat,0.1402,E:\AcousticMonitoringData\ELDON4_Data\Week25\ELDON4_20250703_045300.wav,20250703
2712,2715,Geothlypis trichas,Common Yellowthroat,0.1925,E:\AcousticMonitoringData\ELDON4_Data\Week25\ELDON4_20250703_045300.wav,20250703
2721,2724,Geothlypis trichas,Common Yellowthroat,0.0562,E:\AcousticMonitoringData\ELDON4_Data\Week25\ELDON4_20250703_045300.wav,20250703
2724,2727,Geothlypis trichas,Common Yellowthroat,0.0555,E:\AcousticMonitoringData\ELDON4_Data\Week25\ELDON4_20250703_045300.wav,20250703
2727,2730,Geothlypis trichas,Common Yellowthroat,0.101,E:\AcousticMonitoringData\ELDON4_Data\Week25\ELDON4_20250703_045300.wav,20250703
2736,2739,Spizella pusilla,Field Sparrow,0.0533,E:\AcousticMonitoringData\ELDON4_Data\Week25\ELDON4_20250703_045300.wav,20250703
2739,2742,Geothlypis trichas,Common Yellowthroat,0.0631,E:\AcousticMonitoringData\ELDON4_Data\Week25\ELDON4_20250703_045300.wav,20250703
2745,2748,Geothlypis trichas,Common Yellowthroat,0.0933,E:\AcousticMonitoringData\ELDON4_Data\Week25\ELDON4_20250703_045300.wav,20250703
2748,2751,Geothlypis trichas,Common Yellowthroat,0.0912,E:\AcousticMonitoringData\ELDON4_Data\Week25\ELDON4_20250703_045300.wav,20250703
2751,2754,Geothlypis trichas,Common Yellowthroat,0.0851,E:\AcousticMonitoringData\ELDON4_Data\Week25\ELDON4_20250703_045300.wav,20250703
2757,2760,Geothlypis trichas,Common Yellowthroat,0.168,E:\AcousticMonitoringData\ELDON4_Data\Week25\ELDON4_20250703_045300.wav,20250703
2760,2763,Geothlypis trichas,Common Yellowthroat,0.0638,E:\AcousticMonitoringData\ELDON4_Data\Week25\ELDON4_20250703_045300.wav,20250703
2769,2772,Geothlypis trichas,Common Yellowthroat,0.1436,E:\AcousticMonitoringData\ELDON4_Data\Week25\ELDON4_20250703_045300.wav,20250703
2772,2775,Geothlypis trichas,Common Yellowthroat,0.0965,E:\AcousticMonitoringData\ELDON4_Data\Week25\ELDON4_20250703_045300.wav,20250703
2790,2793,Geothlypis trichas,Common Yellowthroat,0.0516,E:\AcousticMonitoringData\ELDON4_Data\Week25\ELDON4_20250703_045300.wav,20250703
2793,2796,Geothlypis trichas,Common Yellowthroat,0.1473,E:\AcousticMonitoringData\ELDON4_Data\Week25\ELDON4_20250703_045300.wav,20250703
2802,2805,Geothlypis trichas,Common Yellowthroat,0.0996,E:\AcousticMonitoringData\ELDON4_Data\Week25\ELDON4_20250703_045300.wav,20250703
2802,2805,Spizella pusilla,Field Sparrow,0.0576,E:\AcousticMonitoringData\ELDON4_Data\Week25\ELDON4_20250703_045300.wav,20250703
2805,2808,Spizella pusilla,Field Sparrow,0.1194,E:\AcousticMonitoringData\ELDON4_Data\Week25\ELDON4_20250703_045300.wav,20250703
2823,2826,Geothlypis trichas,Common Yellowthroat,0.1415,E:\AcousticMonitoringData\ELDON4_Data\Week25\ELDON4_20250703_045300.wav,20250703
2826,2829,Spizella pusilla,Field Sparrow,0.0582,E:\AcousticMonitoringData\ELDON4_Data\Week25\ELDON4_20250703_045300.wav,20250703
2829,2832,Geothlypis trichas,Common Yellowthroat,0.058,E:\AcousticMonitoringData\ELDON4_Data\Week25\ELDON4_20250703_045300.wav,20250703
2832,2835,Geothlypis trichas,Common Yellowthroat,0.0807,E:\AcousticMonitoringData\ELDON4_Data\Week25\ELDON4_20250703_045300.wav,20250703
2832,2835,Spizella pusilla,Field Sparrow,0.0514,E:\AcousticMonitoringData\ELDON4_Data\Week25\ELDON4_20250703_045300.wav,20250703
2835,2838,Geothlypis trichas,Common Yellowthroat,0.0726,E:\AcousticMonitoringData\ELDON4_Data\Week25\ELDON4_20250703_045300.wav,20250703
2838,2841,Geothlypis trichas,Common Yellowthroat,0.1006,E:\AcousticMonitoringData\ELDON4_Data\Week25\ELDON4_20250703_045300.wav,20250703
2844,2847,Geothlypis trichas,Common Yellowthroat,0.053,E:\AcousticMonitoringData\ELDON4_Data\Week25\ELDON4_20250703_045300.wav,20250703
2856,2859,Geothlypis trichas,Common Yellowthroat,0.0715,E:\AcousticMonitoringData\ELDON4_Data\Week25\ELDON4_20250703_045300.wav,20250703
2862,2865,Geothlypis trichas,Common Yellowthroat,0.0772,E:\AcousticMonitoringData\ELDON4_Data\Week25\ELDON4_20250703_045300.wav,20250703
2865,2868,Geothlypis trichas,Common Yellowthroat,0.0662,E:\AcousticMonitoringData\ELDON4_Data\Week25\ELDON4_20250703_045300.wav,20250703
2868,2871,Geothlypis trichas,Common Yellowthroat,0.0587,E:\AcousticMonitoringData\ELDON4_Data\Week25\ELDON4_20250703_045300.wav,20250703
2877,2880,Geothlypis trichas,Common Yellowthroat,0.2261,E:\AcousticMonitoringData\ELDON4_Data\Week25\ELDON4_20250703_045300.wav,20250703
2883,2886,Geothlypis trichas,Common Yellowthroat,0.069,E:\AcousticMonitoringData\ELDON4_Data\Week25\ELDON4_20250703_045300.wav,20250703
2886,2889,Geothlypis trichas,Common Yellowthroat,0.0701,E:\AcousticMonitoringData\ELDON4_Data\Week25\ELDON4_20250703_045300.wav,20250703
2886,2889,Spizella pusilla,Field Sparrow,0.0511,E:\AcousticMonitoringData\ELDON4_Data\Week25\ELDON4_20250703_045300.wav,20250703
2895,2898,Geothlypis trichas,Common Yellowthroat,0.1106,E:\AcousticMonitoringData\ELDON4_Data\Week25\ELDON4_20250703_045300.wav,20250703
2898,2901,Geothlypis trichas,Common Yellowthroat,0.1095,E:\AcousticMonitoringData\ELDON4_Data\Week25\ELDON4_20250703_045300.wav,20250703
2904,2907,Geothlypis trichas,Common Yellowthroat,0.1047,E:\AcousticMonitoringData\ELDON4_Data\Week25\ELDON4_20250703_045300.wav,20250703
2907,2910,Geothlypis trichas,Common Yellowthroat,0.1858,E:\AcousticMonitoringData\ELDON4_Data\Week25\ELDON4_20250703_045300.wav,20250703
2916,2919,Geothlypis trichas,Common Yellowthroat,0.1001,E:\AcousticMonitoringData\ELDON4_Data\Week25\ELDON4_20250703_045300.wav,20250703
2919,2922,Geothlypis trichas,Common Yellowthroat,0.2002,E:\AcousticMonitoringData\ELDON4_Data\Week25\ELDON4_20250703_045300.wav,20250703
2922,2925,Spizella pusilla,Field Sparrow,0.0672,E:\AcousticMonitoringData\ELDON4_Data\Week25\ELDON4_20250703_045300.wav,20250703
2922,2925,Geothlypis trichas,Common Yellowthroat,0.0524,E:\AcousticMonitoringData\ELDON4_Data\Week25\ELDON4_20250703_045300.wav,20250703
2925,2928,Geothlypis trichas,Common Yellowthroat,0.2941,E:\AcousticMonitoringData\ELDON4_Data\Week25\ELDON4_20250703_045300.wav,20250703
2928,2931,Geothlypis trichas,Common Yellowthroat,0.1454,E:\AcousticMonitoringData\ELDON4_Data\Week25\ELDON4_20250703_045300.wav,20250703
2931,2934,Spizella pusilla,Field Sparrow,0.0565,E:\AcousticMonitoringData\ELDON4_Data\Week25\ELDON4_20250703_045300.wav,20250703
2934,2937,Geothlypis trichas,Common Yellowthroat,0.3949,E:\AcousticMonitoringData\ELDON4_Data\Week25\ELDON4_20250703_045300.wav,20250703
2937,2940,Geothlypis trichas,Common Yellowthroat,0.1157,E:\AcousticMonitoringData\ELDON4_Data\Week25\ELDON4_20250703_045300.wav,20250703
2940,2943,Geothlypis trichas,Common Yellowthroat,0.057,E:\AcousticMonitoringData\ELDON4_Data\Week25\ELDON4_20250703_045300.wav,20250703
2943,2946,Spizella pusilla,Field Sparrow,0.0517,E:\AcousticMonitoringData\ELDON4_Data\Week25\ELDON4_20250703_045300.wav,20250703
2946,2949,Geothlypis trichas,Common Yellowthroat,0.1441,E:\AcousticMonitoringData\ELDON4_Data\Week25\ELDON4_20250703_045300.wav,20250703
2949,2952,Geothlypis trichas,Common Yellowthroat,0.196,E:\AcousticMonitoringData\ELDON4_Data\Week25\ELDON4_20250703_045300.wav,20250703
2955,2958,Geothlypis trichas,Common Yellowthroat,0.0803,E:\AcousticMonitoringData\ELDON4_Data\Week25\ELDON4_20250703_045300.wav,20250703
2964,2967,Geothlypis trichas,Common Yellowthroat,0.3134,E:\AcousticMonitoringData\ELDON4_Data\Week25\ELDON4_20250703_045300.wav,20250703
2967,2970,Geothlypis trichas,Common Yellowthroat,0.2306,E:\AcousticMonitoringData\ELDON4_Data\Week25\ELDON4_20250703_045300.wav,20250703
2970,2973,Geothlypis trichas,Common Yellowthroat,0.0631,E:\AcousticMonitoringData\ELDON4_Data\Week25\ELDON4_20250703_045300.wav,20250703
2976,2979,Geothlypis trichas,Common Yellowthroat,0.1023,E:\AcousticMonitoringData\ELDON4_Data\Week25\ELDON4_20250703_045300.wav,20250703
2979,2982,Geothlypis trichas,Common Yellowthroat,0.2895,E:\AcousticMonitoringData\ELDON4_Data\Week25\ELDON4_20250703_045300.wav,20250703
2982,2985,Spizella pusilla,Field Sparrow,0.0506,E:\AcousticMonitoringData\ELDON4_Data\Week25\ELDON4_20250703_045300.wav,20250703
2988,2991,Geothlypis trichas,Common Yellowthroat,0.0512,E:\AcousticMonitoringData\ELDON4_Data\Week25\ELDON4_20250703_045300.wav,20250703
2991,2994,Geothlypis trichas,Common Yellowthroat,0.2198,E:\AcousticMonitoringData\ELDON4_Data\Week25\ELDON4_20250703_045300.wav,20250703
2994,2997,Geothlypis trichas,Common Yellowthroat,0.0825,E:\AcousticMonitoringData\ELDON4_Data\Week25\ELDON4_20250703_045300.wav,20250703
2997,3000,Geothlypis trichas,Common Yellowthroat,0.0714,E:\AcousticMonitoringData\ELDON4_Data\Week25\ELDON4_20250703_045300.wav,20250703
3000,3003,Geothlypis trichas,Common Yellowthroat,0.2469,E:\AcousticMonitoringData\ELDON4_Data\Week25\ELDON4_20250703_045300.wav,20250703
3003,3006,Geothlypis trichas,Common Yellowthroat,0.085,E:\AcousticMonitoringData\ELDON4_Data\Week25\ELDON4_20250703_045300.wav,20250703
3006,3009,Geothlypis trichas,Common Yellowthroat,0.0567,E:\AcousticMonitoringData\ELDON4_Data\Week25\ELDON4_20250703_045300.wav,20250703
3018,3021,Geothlypis trichas,Common Yellowthroat,0.0562,E:\AcousticMonitoringData\ELDON4_Data\Week25\ELDON4_20250703_045300.wav,20250703
3021,3024,Geothlypis trichas,Common Yellowthroat,0.0595,E:\AcousticMonitoringData\ELDON4_Data\Week25\ELDON4_20250703_045300.wav,20250703
3027,3030,Geothlypis trichas,Common Yellowthroat,0.0839,E:\AcousticMonitoringData\ELDON4_Data\Week25\ELDON4_20250703_045300.wav,20250703
3030,3033,Geothlypis trichas,Common Yellowthroat,0.0647,E:\AcousticMonitoringData\ELDON4_Data\Week25\ELDON4_20250703_045300.wav,20250703
3039,3042,Geothlypis trichas,Common Yellowthroat,0.2252,E:\AcousticMonitoringData\ELDON4_Data\Week25\ELDON4_20250703_045300.wav,20250703
3039,3042,Spizella pusilla,Field Sparrow,0.0646,E:\AcousticMonitoringData\ELDON4_Data\Week25\ELDON4_20250703_045300.wav,20250703
3057,3060,Geothlypis trichas,Common Yellowthroat,0.1964,E:\AcousticMonitoringData\ELDON4_Data\Week25\ELDON4_20250703_045300.wav,20250703
3057,3060,Spizella pusilla,Field Sparrow,0.051,E:\AcousticMonitoringData\ELDON4_Data\Week25\ELDON4_20250703_045300.wav,20250703
3060,3063,Geothlypis trichas,Common Yellowthroat,0.1174,E:\AcousticMonitoringData\ELDON4_Data\Week25\ELDON4_20250703_045300.wav,20250703
3069,3072,Geothlypis trichas,Common Yellowthroat,0.2492,E:\AcousticMonitoringData\ELDON4_Data\Week25\ELDON4_20250703_045300.wav,20250703
3075,3078,Spizella pusilla,Field Sparrow,0.0663,E:\AcousticMonitoringData\ELDON4_Data\Week25\ELDON4_20250703_045300.wav,20250703
3078,3081,Geothlypis trichas,Common Yellowthroat,0.0654,E:\AcousticMonitoringData\ELDON4_Data\Week25\ELDON4_20250703_045300.wav,20250703
3081,3084,Geothlypis trichas,Common Yellowthroat,0.1201,E:\AcousticMonitoringData\ELDON4_Data\Week25\ELDON4_20250703_045300.wav,20250703
3084,3087,Geothlypis trichas,Common Yellowthroat,0.0581,E:\AcousticMonitoringData\ELDON4_Data\Week25\ELDON4_20250703_045300.wav,20250703
3087,3090,Spizella pusilla,Field Sparrow,0.0523,E:\AcousticMonitoringData\ELDON4_Data\Week25\ELDON4_20250703_045300.wav,20250703
3090,3093,Geothlypis trichas,Common Yellowthroat,0.1016,E:\AcousticMonitoringData\ELDON4_Data\Week25\ELDON4_20250703_045300.wav,20250703
3093,3096,Geothlypis trichas,Common Yellowthroat,0.2155,E:\AcousticMonitoringData\ELDON4_Data\Week25\ELDON4_20250703_045300.wav,20250703
3096,3099,Geothlypis trichas,Common Yellowthroat,0.0547,E:\AcousticMonitoringData\ELDON4_Data\Week25\ELDON4_20250703_045300.wav,20250703
3099,3102,Geothlypis trichas,Common Yellowthroat,0.054,E:\AcousticMonitoringData\ELDON4_Data\Week25\ELDON4_20250703_045300.wav,20250703
3102,3105,Geothlypis trichas,Common Yellowthroat,0.13,E:\AcousticMonitoringData\ELDON4_Data\Week25\ELDON4_20250703_045300.wav,20250703
3105,3108,Geothlypis trichas,Common Yellowthroat,0.0664,E:\AcousticMonitoringData\ELDON4_Data\Week25\ELDON4_20250703_045300.wav,20250703
3108,3111,Geothlypis trichas,Common Yellowthroat,0.0673,E:\AcousticMonitoringData\ELDON4_Data\Week25\ELDON4_20250703_045300.wav,20250703
3111,3114,Geothlypis trichas,Common Yellowthroat,0.0666,E:\AcousticMonitoringData\ELDON4_Data\Week25\ELDON4_20250703_045300.wav,20250703
3114,3117,Geothlypis trichas,Common Yellowthroat,0.3516,E:\AcousticMonitoringData\ELDON4_Data\Week25\ELDON4_20250703_045300.wav,20250703
3120,3123,Geothlypis trichas,Common Yellowthroat,0.0534,E:\AcousticMonitoringData\ELDON4_Data\Week25\ELDON4_20250703_045300.wav,20250703
3123,3126,Geothlypis trichas,Common Yellowthroat,0.1186,E:\AcousticMonitoringData\ELDON4_Data\Week25\ELDON4_20250703_045300.wav,20250703
3126,3129,Geothlypis trichas,Common Yellowthroat,0.0764,E:\AcousticMonitoringData\ELDON4_Data\Week25\ELDON4_20250703_045300.wav,20250703
3129,3132,Spizella pusilla,Field Sparrow,0.0731,E:\AcousticMonitoringData\ELDON4_Data\Week25\ELDON4_20250703_045300.wav,20250703
3132,3135,Geothlypis trichas,Common Yellowthroat,0.1447,E:\AcousticMonitoringData\ELDON4_Data\Week25\ELDON4_20250703_045300.wav,20250703
3138,3141,Geothlypis trichas,Common Yellowthroat,0.2473,E:\AcousticMonitoringData\ELDON4_Data\Week25\ELDON4_20250703_045300.wav,20250703
3141,3144,Geothlypis trichas,Common Yellowthroat,0.1773,E:\AcousticMonitoringData\ELDON4_Data\Week25\ELDON4_20250703_045300.wav,20250703
3144,3147,Geothlypis trichas,Common Yellowthroat,0.1169,E:\AcousticMonitoringData\ELDON4_Data\Week25\ELDON4_20250703_045300.wav,20250703
3147,3150,Geothlypis trichas,Common Yellowthroat,0.0851,E:\AcousticMonitoringData\ELDON4_Data\Week25\ELDON4_20250703_045300.wav,20250703
3150,3153,Geothlypis trichas,Common Yellowthroat,0.1816,E:\AcousticMonitoringData\ELDON4_Data\Week25\ELDON4_20250703_045300.wav,20250703
3153,3156,Geothlypis trichas,Common Yellowthroat,0.052,E:\AcousticMonitoringData\ELDON4_Data\Week25\ELDON4_20250703_045300.wav,20250703
3159,3162,Geothlypis trichas,Common Yellowthroat,0.2282,E:\AcousticMonitoringData\ELDON4_Data\Week25\ELDON4_20250703_045300.wav,20250703
3162,3165,Spizella pusilla,Field Sparrow,0.0722,E:\AcousticMonitoringData\ELDON4_Data\Week25\ELDON4_20250703_045300.wav,20250703
3165,3168,Geothlypis trichas,Common Yellowthroat,0.0967,E:\AcousticMonitoringData\ELDON4_Data\Week25\ELDON4_20250703_045300.wav,20250703
3171,3174,Geothlypis trichas,Common Yellowthroat,0.0741,E:\AcousticMonitoringData\ELDON4_Data\Week25\ELDON4_20250703_045300.wav,20250703
3186,3189,Geothlypis trichas,Common Yellowthroat,0.0807,E:\AcousticMonitoringData\ELDON4_Data\Week25\ELDON4_20250703_045300.wav,20250703
3189,3192,Geothlypis trichas,Common Yellowthroat,0.1437,E:\AcousticMonitoringData\ELDON4_Data\Week25\ELDON4_20250703_045300.wav,20250703
3195,3198,Geothlypis trichas,Common Yellowthroat,0.0806,E:\AcousticMonitoringData\ELDON4_Data\Week25\ELDON4_20250703_045300.wav,20250703
3198,3201,Geothlypis trichas,Common Yellowthroat,0.0854,E:\AcousticMonitoringData\ELDON4_Data\Week25\ELDON4_20250703_045300.wav,20250703
3201,3204,Spizella pusilla,Field Sparrow,0.0626,E:\AcousticMonitoringData\ELDON4_Data\Week25\ELDON4_20250703_045300.wav,20250703
3201,3204,Geothlypis trichas,Common Yellowthroat,0.0552,E:\AcousticMonitoringData\ELDON4_Data\Week25\ELDON4_20250703_045300.wav,20250703
3207,3210,Geothlypis trichas,Common Yellowthroat,0.0992,E:\AcousticMonitoringData\ELDON4_Data\Week25\ELDON4_20250703_045300.wav,20250703
3210,3213,Geothlypis trichas,Common Yellowthroat,0.1322,E:\AcousticMonitoringData\ELDON4_Data\Week25\ELDON4_20250703_045300.wav,20250703
3219,3222,Geothlypis trichas,Common Yellowthroat,0.1955,E:\AcousticMonitoringData\ELDON4_Data\Week25\ELDON4_20250703_045300.wav,20250703
3222,3225,Geothlypis trichas,Common Yellowthroat,0.0729,E:\AcousticMonitoringData\ELDON4_Data\Week25\ELDON4_20250703_045300.wav,20250703
3225,3228,Geothlypis trichas,Common Yellowthroat,0.1157,E:\AcousticMonitoringData\ELDON4_Data\Week25\ELDON4_20250703_045300.wav,20250703
3228,3231,Geothlypis trichas,Common Yellowthroat,0.0673,E:\AcousticMonitoringData\ELDON4_Data\Week25\ELDON4_20250703_045300.wav,20250703
3237,3240,Geothlypis trichas,Common Yellowthroat,0.0605,E:\AcousticMonitoringData\ELDON4_Data\Week25\ELDON4_20250703_045300.wav,20250703
3240,3243,Geothlypis trichas,Common Yellowthroat,0.1658,E:\AcousticMonitoringData\ELDON4_Data\Week25\ELDON4_20250703_045300.wav,20250703
3243,3246,Geothlypis trichas,Common Yellowthroat,0.0658,E:\AcousticMonitoringData\ELDON4_Data\Week25\ELDON4_20250703_045300.wav,20250703
3249,3252,Geothlypis trichas,Common Yellowthroat,0.1665,E:\AcousticMonitoringData\ELDON4_Data\Week25\ELDON4_20250703_045300.wav,20250703
3255,3258,Geothlypis trichas,Common Yellowthroat,0.077,E:\AcousticMonitoringData\ELDON4_Data\Week25\ELDON4_20250703_045300.wav,20250703
3261,3264,Geothlypis trichas,Common Yellowthroat,0.0817,E:\AcousticMonitoringData\ELDON4_Data\Week25\ELDON4_20250703_045300.wav,20250703
3270,3273,Geothlypis trichas,Common Yellowthroat,0.1335,E:\AcousticMonitoringData\ELDON4_Data\Week25\ELDON4_20250703_045300.wav,20250703
3279,3282,Geothlypis trichas,Common Yellowthroat,0.096,E:\AcousticMonitoringData\ELDON4_Data\Week25\ELDON4_20250703_045300.wav,20250703
3282,3285,Geothlypis trichas,Common Yellowthroat,0.1143,E:\AcousticMonitoringData\ELDON4_Data\Week25\ELDON4_20250703_045300.wav,20250703
3291,3294,Geothlypis trichas,Common Yellowthroat,0.1693,E:\AcousticMonitoringData\ELDON4_Data\Week25\ELDON4_20250703_045300.wav,20250703
3306,3309,Geothlypis trichas,Common Yellowthroat,0.1026,E:\AcousticMonitoringData\ELDON4_Data\Week25\ELDON4_20250703_045300.wav,20250703
3312,3315,Geothlypis trichas,Common Yellowthroat,0.0736,E:\AcousticMonitoringData\ELDON4_Data\Week25\ELDON4_20250703_045300.wav,20250703
3315,3318,Geothlypis trichas,Common Yellowthroat,0.3704,E:\AcousticMonitoringData\ELDON4_Data\Week25\ELDON4_20250703_045300.wav,20250703
3318,3321,Geothlypis trichas,Common Yellowthroat,0.2376,E:\AcousticMonitoringData\ELDON4_Data\Week25\ELDON4_20250703_045300.wav,20250703
3327,3330,Geothlypis trichas,Common Yellowthroat,0.16,E:\AcousticMonitoringData\ELDON4_Data\Week25\ELDON4_20250703_045300.wav,20250703
3330,3333,Geothlypis trichas,Common Yellowthroat,0.3192,E:\AcousticMonitoringData\ELDON4_Data\Week25\ELDON4_20250703_045300.wav,20250703
3336,3339,Geothlypis trichas,Common Yellowthroat,0.3288,E:\AcousticMonitoringData\ELDON4_Data\Week25\ELDON4_20250703_045300.wav,20250703
3342,3345,Spizella pusilla,Field Sparrow,0.0626,E:\AcousticMonitoringData\ELDON4_Data\Week25\ELDON4_20250703_045300.wav,20250703
3348,3351,Geothlypis trichas,Common Yellowthroat,0.1923,E:\AcousticMonitoringData\ELDON4_Data\Week25\ELDON4_20250703_045300.wav,20250703
3351,3354,Geothlypis trichas,Common Yellowthroat,0.3187,E:\AcousticMonitoringData\ELDON4_Data\Week25\ELDON4_20250703_045300.wav,20250703
3354,3357,Geothlypis trichas,Common Yellowthroat,0.1919,E:\AcousticMonitoringData\ELDON4_Data\Week25\ELDON4_20250703_045300.wav,20250703
3360,3363,Geothlypis trichas,Common Yellowthroat,0.0847,E:\AcousticMonitoringData\ELDON4_Data\Week25\ELDON4_20250703_045300.wav,20250703
3363,3366,Geothlypis trichas,Common Yellowthroat,0.3828,E:\AcousticMonitoringData\ELDON4_Data\Week25\ELDON4_20250703_045300.wav,20250703
3369,3372,Geothlypis trichas,Common Yellowthroat,0.1252,E:\AcousticMonitoringData\ELDON4_Data\Week25\ELDON4_20250703_045300.wav,20250703
3372,3375,Geothlypis trichas,Common Yellowthroat,0.0839,E:\AcousticMonitoringData\ELDON4_Data\Week25\ELDON4_20250703_045300.wav,20250703
3378,3381,Geothlypis trichas,Common Yellowthroat,0.1387,E:\AcousticMonitoringData\ELDON4_Data\Week25\ELDON4_20250703_045300.wav,20250703
3378,3381,Sturnella magna,Eastern Meadowlark,0.0595,E:\AcousticMonitoringData\ELDON4_Data\Week25\ELDON4_20250703_045300.wav,20250703
3381,3384,Geothlypis trichas,Common Yellowthroat,0.0638,E:\AcousticMonitoringData\ELDON4_Data\Week25\ELDON4_20250703_045300.wav,20250703
3384,3387,Geothlypis trichas,Common Yellowthroat,0.0926,E:\AcousticMonitoringData\ELDON4_Data\Week25\ELDON4_20250703_045300.wav,20250703
3387,3390,Geothlypis trichas,Common Yellowthroat,0.0989,E:\AcousticMonitoringData\ELDON4_Data\Week25\ELDON4_20250703_045300.wav,20250703
3390,3393,Geothlypis trichas,Common Yellowthroat,0.1199,E:\AcousticMonitoringData\ELDON4_Data\Week25\ELDON4_20250703_045300.wav,20250703
3393,3396,Geothlypis trichas,Common Yellowthroat,0.0651,E:\AcousticMonitoringData\ELDON4_Data\Week25\ELDON4_20250703_045300.wav,20250703
3408,3411,Sturnella magna,Eastern Meadowlark,0.0801,E:\AcousticMonitoringData\ELDON4_Data\Week25\ELDON4_20250703_045300.wav,20250703
3411,3414,Geothlypis trichas,Common Yellowthroat,0.1371,E:\AcousticMonitoringData\ELDON4_Data\Week25\ELDON4_20250703_045300.wav,20250703
3417,3420,Spizella pusilla,Field Sparrow,0.0647,E:\AcousticMonitoringData\ELDON4_Data\Week25\ELDON4_20250703_045300.wav,20250703
3420,3423,Geothlypis trichas,Common Yellowthroat,0.1259,E:\AcousticMonitoringData\ELDON4_Data\Week25\ELDON4_20250703_045300.wav,20250703
3423,3426,Geothlypis trichas,Common Yellowthroat,0.1564,E:\AcousticMonitoringData\ELDON4_Data\Week25\ELDON4_20250703_045300.wav,20250703
3432,3435,Geothlypis trichas,Common Yellowthroat,0.0834,E:\AcousticMonitoringData\ELDON4_Data\Week25\ELDON4_20250703_045300.wav,20250703
3435,3438,Geothlypis trichas,Common Yellowthroat,0.1199,E:\AcousticMonitoringData\ELDON4_Data\Week25\ELDON4_20250703_045300.wav,20250703
3438,3441,Geothlypis trichas,Common Yellowthroat,0.081,E:\AcousticMonitoringData\ELDON4_Data\Week25\ELDON4_20250703_045300.wav,20250703
3441,3444,Geothlypis trichas,Common Yellowthroat,0.0655,E:\AcousticMonitoringData\ELDON4_Data\Week25\ELDON4_20250703_045300.wav,20250703
3447,3450,Geothlypis trichas,Common Yellowthroat,0.0519,E:\AcousticMonitoringData\ELDON4_Data\Week25\ELDON4_20250703_045300.wav,20250703
3453,3456,Geothlypis trichas,Common Yellowthroat,0.0971,E:\AcousticMonitoringData\ELDON4_Data\Week25\ELDON4_20250703_045300.wav,20250703
3459,3462,Geothlypis trichas,Common Yellowthroat,0.1115,E:\AcousticMonitoringData\ELDON4_Data\Week25\ELDON4_20250703_045300.wav,20250703
3462,3465,Spizella pusilla,Field Sparrow,0.0649,E:\AcousticMonitoringData\ELDON4_Data\Week25\ELDON4_20250703_045300.wav,20250703
3468,3471,Geothlypis trichas,Common Yellowthroat,0.121,E:\AcousticMonitoringData\ELDON4_Data\Week25\ELDON4_20250703_045300.wav,20250703
3471,3474,Geothlypis trichas,Common Yellowthroat,0.0695,E:\AcousticMonitoringData\ELDON4_Data\Week25\ELDON4_20250703_045300.wav,20250703
3471,3474,Sturnella magna,Eastern Meadowlark,0.0608,E:\AcousticMonitoringData\ELDON4_Data\Week25\ELDON4_20250703_045300.wav,20250703
3474,3477,Geothlypis trichas,Common Yellowthroat,0.0514,E:\AcousticMonitoringData\ELDON4_Data\Week25\ELDON4_20250703_045300.wav,20250703
3477,3480,Geothlypis trichas,Common Yellowthroat,0.1464,E:\AcousticMonitoringData\ELDON4_Data\Week25\ELDON4_20250703_045300.wav,20250703
3477,3480,Spizella pusilla,Field Sparrow,0.0757,E:\AcousticMonitoringData\ELDON4_Data\Week25\ELDON4_20250703_045300.wav,20250703
3480,3483,Sturnella magna,Eastern Meadowlark,0.072,E:\AcousticMonitoringData\ELDON4_Data\Week25\ELDON4_20250703_045300.wav,20250703
3480,3483,Geothlypis trichas,Common Yellowthroat,0.0695,E:\AcousticMonitoringData\ELDON4_Data\Week25\ELDON4_20250703_045300.wav,20250703
3486,3489,Geothlypis trichas,Common Yellowthroat,0.0766,E:\AcousticMonitoringData\ELDON4_Data\Week25\ELDON4_20250703_045300.wav,20250703
3489,3492,Sturnella magna,Eastern Meadowlark,0.2342,E:\AcousticMonitoringData\ELDON4_Data\Week25\ELDON4_20250703_045300.wav,20250703
3489,3492,Geothlypis trichas,Common Yellowthroat,0.1254,E:\AcousticMonitoringData\ELDON4_Data\Week25\ELDON4_20250703_045300.wav,20250703
3492,3495,Geothlypis trichas,Common Yellowthroat,0.0502,E:\AcousticMonitoringData\ELDON4_Data\Week25\ELDON4_20250703_045300.wav,20250703
3495,3498,Sturnella magna,Eastern Meadowlark,0.1405,E:\AcousticMonitoringData\ELDON4_Data\Week25\ELDON4_20250703_045300.wav,20250703
3498,3501,Geothlypis trichas,Common Yellowthroat,0.2936,E:\AcousticMonitoringData\ELDON4_Data\Week25\ELDON4_20250703_045300.wav,20250703
3501,3504,Geothlypis trichas,Common Yellowthroat,0.1084,E:\AcousticMonitoringData\ELDON4_Data\Week25\ELDON4_20250703_045300.wav,20250703
3501,3504,Spizella pusilla,Field Sparrow,0.0978,E:\AcousticMonitoringData\ELDON4_Data\Week25\ELDON4_20250703_045300.wav,20250703
3501,3504,Sturnella magna,Eastern Meadowlark,0.0623,E:\AcousticMonitoringData\ELDON4_Data\Week25\ELDON4_20250703_045300.wav,20250703
3510,3513,Geothlypis trichas,Common Yellowthroat,0.1607,E:\AcousticMonitoringData\ELDON4_Data\Week25\ELDON4_20250703_045300.wav,20250703
3513,3516,Sturnella magna,Eastern Meadowlark,0.0718,E:\AcousticMonitoringData\ELDON4_Data\Week25\ELDON4_20250703_045300.wav,20250703
3516,3519,Geothlypis trichas,Common Yellowthroat,0.0561,E:\AcousticMonitoringData\ELDON4_Data\Week25\ELDON4_20250703_045300.wav,20250703
3519,3522,Geothlypis trichas,Common Yellowthroat,0.0967,E:\AcousticMonitoringData\ELDON4_Data\Week25\ELDON4_20250703_045300.wav,20250703
3522,3525,Sturnella magna,Eastern Meadowlark,0.1173,E:\AcousticMonitoringData\ELDON4_Data\Week25\ELDON4_20250703_045300.wav,20250703
3522,3525,Spizella pusilla,Field Sparrow,0.0713,E:\AcousticMonitoringData\ELDON4_Data\Week25\ELDON4_20250703_045300.wav,20250703
3531,3534,Geothlypis trichas,Common Yellowthroat,0.1418,E:\AcousticMonitoringData\ELDON4_Data\Week25\ELDON4_20250703_045300.wav,20250703
3531,3534,Sturnella magna,Eastern Meadowlark,0.0528,E:\AcousticMonitoringData\ELDON4_Data\Week25\ELDON4_20250703_045300.wav,20250703
3540,3543,Geothlypis trichas,Common Yellowthroat,0.0559,E:\AcousticMonitoringData\ELDON4_Data\Week25\ELDON4_20250703_045300.wav,20250703
3543,3546,Geothlypis trichas,Common Yellowthroat,0.2531,E:\AcousticMonitoringData\ELDON4_Data\Week25\ELDON4_20250703_045300.wav,20250703
3546,3549,Spizella pusilla,Field Sparrow,0.0503,E:\AcousticMonitoringData\ELDON4_Data\Week25\ELDON4_20250703_045300.wav,20250703
3549,3552,Geothlypis trichas,Common Yellowthroat,0.0683,E:\AcousticMonitoringData\ELDON4_Data\Week25\ELDON4_20250703_045300.wav,20250703
3549,3552,Spizella pusilla,Field Sparrow,0.052,E:\AcousticMonitoringData\ELDON4_Data\Week25\ELDON4_20250703_045300.wav,20250703
3552,3555,Geothlypis trichas,Common Yellowthroat,0.1279,E:\AcousticMonitoringData\ELDON4_Data\Week25\ELDON4_20250703_045300.wav,20250703
3552,3555,Spizella pusilla,Field Sparrow,0.0544,E:\AcousticMonitoringData\ELDON4_Data\Week25\ELDON4_20250703_045300.wav,20250703
3555,3558,Geothlypis trichas,Common Yellowthroat,0.063,E:\AcousticMonitoringData\ELDON4_Data\Week25\ELDON4_20250703_045300.wav,20250703
3561,3564,Geothlypis trichas,Common Yellowthroat,0.2156,E:\AcousticMonitoringData\ELDON4_Data\Week25\ELDON4_20250703_045300.wav,20250703
3561,3564,Spizella pusilla,Field Sparrow,0.0527,E:\AcousticMonitoringData\ELDON4_Data\Week25\ELDON4_20250703_045300.wav,20250703
3573,3576,Geothlypis trichas,Common Yellowthroat,0.3387,E:\AcousticMonitoringData\ELDON4_Data\Week25\ELDON4_20250703_045300.wav,20250703
3582,3585,Spizella pusilla,Field Sparrow,0.0722,E:\AcousticMonitoringData\ELDON4_Data\Week25\ELDON4_20250703_045300.wav,20250703
3582,3585,Sturnella magna,Eastern Meadowlark,0.0569,E:\AcousticMonitoringData\ELDON4_Data\Week25\ELDON4_20250703_045300.wav,20250703
3585,3588,Geothlypis trichas,Common Yellowthroat,0.1987,E:\AcousticMonitoringData\ELDON4_Data\Week25\ELDON4_20250703_045300.wav,20250703
3591,3594,Geothlypis trichas,Common Yellowthroat,0.1025,E:\AcousticMonitoringData\ELDON4_Data\Week25\ELDON4_20250703_045300.wav,20250703
3594,3597,Geothlypis trichas,Common Yellowthroat,0.1742,E:\AcousticMonitoringData\ELDON4_Data\Week25\ELDON4_20250703_045300.wav,20250703
3600,3603,Geothlypis trichas,Common Yellowthroat,0.0742,E:\AcousticMonitoringData\ELDON4_Data\Week25\ELDON4_20250703_045300.wav,20250703
