Start (s),End (s),Scientific name,Common name,Confidence,File,Date
9,12,Eremophila alpestris,Horned Lark,0.0278,D:/AcousticMonitoringData/ELDON1_Data/Week16\ELDON1_20250426_052100.wav,20250426
9,12,Sturnella magna,Eastern Meadowlark,0.0147,D:/AcousticMonitoringData/ELDON1_Data/Week16\ELDON1_20250426_052100.wav,20250426
12,15,Eremophila alpestris,Horned Lark,0.0336,D:/AcousticMonitoringData/ELDON1_Data/Week16\ELDON1_20250426_052100.wav,20250426
12,15,Sturnella magna,Eastern Meadowlark,0.0102,D:/AcousticMonitoringData/ELDON1_Data/Week16\ELDON1_20250426_052100.wav,20250426
15,18,Eremophila alpestris,Horned Lark,0.0127,D:/AcousticMonitoringData/ELDON1_Data/Week16\ELDON1_20250426_052100.wav,20250426
18,21,Sturnella magna,Eastern Meadowlark,0.011,D:/AcousticMonitoringData/ELDON1_Data/Week16\ELDON1_20250426_052100.wav,20250426
24,27,Eremophila alpestris,Horned Lark,0.0106,D:/AcousticMonitoringData/ELDON1_Data/Week16\ELDON1_20250426_052100.wav,20250426
27,30,Eremophila alpestris,Horned Lark,0.0134,D:/AcousticMonitoringData/ELDON1_Data/Week16\ELDON1_20250426_052100.wav,20250426
33,36,Eremophila alpestris,Horned Lark,0.021,D:/AcousticMonitoringData/ELDON1_Data/Week16\ELDON1_20250426_052100.wav,20250426
36,39,Sturnella magna,Eastern Meadowlark,0.0121,D:/AcousticMonitoringData/ELDON1_Data/Week16\ELDON1_20250426_052100.wav,20250426
51,54,Eremophila alpestris,Horned Lark,0.02,D:/AcousticMonitoringData/ELDON1_Data/Week16\ELDON1_20250426_052100.wav,20250426
57,60,Eremophila alpestris,Horned Lark,0.0279,D:/AcousticMonitoringData/ELDON1_Data/Week16\ELDON1_20250426_052100.wav,20250426
57,60,Sturnella magna,Eastern Meadowlark,0.0136,D:/AcousticMonitoringData/ELDON1_Data/Week16\ELDON1_20250426_052100.wav,20250426
60,63,Eremophila alpestris,Horned Lark,0.033,D:/AcousticMonitoringData/ELDON1_Data/Week16\ELDON1_20250426_052100.wav,20250426
63,66,Eremophila alpestris,Horned Lark,0.0132,D:/AcousticMonitoringData/ELDON1_Data/Week16\ELDON1_20250426_052100.wav,20250426
87,90,Eremophila alpestris,Horned Lark,0.0122,D:/AcousticMonitoringData/ELDON1_Data/Week16\ELDON1_20250426_052100.wav,20250426
99,102,Eremophila alpestris,Horned Lark,0.0163,D:/AcousticMonitoringData/ELDON1_Data/Week16\ELDON1_20250426_052100.wav,20250426
102,105,Eremophila alpestris,Horned Lark,0.0257,D:/AcousticMonitoringData/ELDON1_Data/Week16\ELDON1_20250426_052100.wav,20250426
105,108,Eremophila alpestris,Horned Lark,0.0184,D:/AcousticMonitoringData/ELDON1_Data/Week16\ELDON1_20250426_052100.wav,20250426
108,111,Eremophila alpestris,Horned Lark,0.0113,D:/AcousticMonitoringData/ELDON1_Data/Week16\ELDON1_20250426_052100.wav,20250426
111,114,Eremophila alpestris,Horned Lark,0.0246,D:/AcousticMonitoringData/ELDON1_Data/Week16\ELDON1_20250426_052100.wav,20250426
114,117,Eremophila alpestris,Horned Lark,0.0303,D:/AcousticMonitoringData/ELDON1_Data/Week16\ELDON1_20250426_052100.wav,20250426
117,120,Eremophila alpestris,Horned Lark,0.019,D:/AcousticMonitoringData/ELDON1_Data/Week16\ELDON1_20250426_052100.wav,20250426
120,123,Eremophila alpestris,Horned Lark,0.0335,D:/AcousticMonitoringData/ELDON1_Data/Week16\ELDON1_20250426_052100.wav,20250426
123,126,Eremophila alpestris,Horned Lark,0.0411,D:/AcousticMonitoringData/ELDON1_Data/Week16\ELDON1_20250426_052100.wav,20250426
126,129,Eremophila alpestris,Horned Lark,0.0309,D:/AcousticMonitoringData/ELDON1_Data/Week16\ELDON1_20250426_052100.wav,20250426
129,132,Eremophila alpestris,Horned Lark,0.0212,D:/AcousticMonitoringData/ELDON1_Data/Week16\ELDON1_20250426_052100.wav,20250426
132,135,Eremophila alpestris,Horned Lark,0.0223,D:/AcousticMonitoringData/ELDON1_Data/Week16\ELDON1_20250426_052100.wav,20250426
135,138,Eremophila alpestris,Horned Lark,0.0215,D:/AcousticMonitoringData/ELDON1_Data/Week16\ELDON1_20250426_052100.wav,20250426
138,141,Eremophila alpestris,Horned Lark,0.0331,D:/AcousticMonitoringData/ELDON1_Data/Week16\ELDON1_20250426_052100.wav,20250426
141,144,Eremophila alpestris,Horned Lark,0.0248,D:/AcousticMonitoringData/ELDON1_Data/Week16\ELDON1_20250426_052100.wav,20250426
144,147,Eremophila alpestris,Horned Lark,0.0299,D:/AcousticMonitoringData/ELDON1_Data/Week16\ELDON1_20250426_052100.wav,20250426
147,150,Eremophila alpestris,Horned Lark,0.0117,D:/AcousticMonitoringData/ELDON1_Data/Week16\ELDON1_20250426_052100.wav,20250426
150,153,Eremophila alpestris,Horned Lark,0.0358,D:/AcousticMonitoringData/ELDON1_Data/Week16\ELDON1_20250426_052100.wav,20250426
153,156,Eremophila alpestris,Horned Lark,0.0341,D:/AcousticMonitoringData/ELDON1_Data/Week16\ELDON1_20250426_052100.wav,20250426
156,159,Eremophila alpestris,Horned Lark,0.0259,D:/AcousticMonitoringData/ELDON1_Data/Week16\ELDON1_20250426_052100.wav,20250426
159,162,Eremophila alpestris,Horned Lark,0.0365,D:/AcousticMonitoringData/ELDON1_Data/Week16\ELDON1_20250426_052100.wav,20250426
162,165,Eremophila alpestris,Horned Lark,0.0216,D:/AcousticMonitoringData/ELDON1_Data/Week16\ELDON1_20250426_052100.wav,20250426
165,168,Eremophila alpestris,Horned Lark,0.031,D:/AcousticMonitoringData/ELDON1_Data/Week16\ELDON1_20250426_052100.wav,20250426
168,171,Eremophila alpestris,Horned Lark,0.0256,D:/AcousticMonitoringData/ELDON1_Data/Week16\ELDON1_20250426_052100.wav,20250426
171,174,Eremophila alpestris,Horned Lark,0.0123,D:/AcousticMonitoringData/ELDON1_Data/Week16\ELDON1_20250426_052100.wav,20250426
174,177,Eremophila alpestris,Horned Lark,0.019,D:/AcousticMonitoringData/ELDON1_Data/Week16\ELDON1_20250426_052100.wav,20250426
177,180,Eremophila alpestris,Horned Lark,0.0244,D:/AcousticMonitoringData/ELDON1_Data/Week16\ELDON1_20250426_052100.wav,20250426
180,183,Eremophila alpestris,Horned Lark,0.0338,D:/AcousticMonitoringData/ELDON1_Data/Week16\ELDON1_20250426_052100.wav,20250426
183,186,Eremophila alpestris,Horned Lark,0.0128,D:/AcousticMonitoringData/ELDON1_Data/Week16\ELDON1_20250426_052100.wav,20250426
186,189,Eremophila alpestris,Horned Lark,0.0373,D:/AcousticMonitoringData/ELDON1_Data/Week16\ELDON1_20250426_052100.wav,20250426
189,192,Eremophila alpestris,Horned Lark,0.0168,D:/AcousticMonitoringData/ELDON1_Data/Week16\ELDON1_20250426_052100.wav,20250426
192,195,Eremophila alpestris,Horned Lark,0.0319,D:/AcousticMonitoringData/ELDON1_Data/Week16\ELDON1_20250426_052100.wav,20250426
198,201,Eremophila alpestris,Horned Lark,0.0238,D:/AcousticMonitoringData/ELDON1_Data/Week16\ELDON1_20250426_052100.wav,20250426
201,204,Eremophila alpestris,Horned Lark,0.018,D:/AcousticMonitoringData/ELDON1_Data/Week16\ELDON1_20250426_052100.wav,20250426
207,210,Sturnella magna,Eastern Meadowlark,0.0117,D:/AcousticMonitoringData/ELDON1_Data/Week16\ELDON1_20250426_052100.wav,20250426
207,210,Eremophila alpestris,Horned Lark,0.0107,D:/AcousticMonitoringData/ELDON1_Data/Week16\ELDON1_20250426_052100.wav,20250426
216,219,Eremophila alpestris,Horned Lark,0.0108,D:/AcousticMonitoringData/ELDON1_Data/Week16\ELDON1_20250426_052100.wav,20250426
228,231,Eremophila alpestris,Horned Lark,0.0107,D:/AcousticMonitoringData/ELDON1_Data/Week16\ELDON1_20250426_052100.wav,20250426
234,237,Eremophila alpestris,Horned Lark,0.0125,D:/AcousticMonitoringData/ELDON1_Data/Week16\ELDON1_20250426_052100.wav,20250426
237,240,Eremophila alpestris,Horned Lark,0.0125,D:/AcousticMonitoringData/ELDON1_Data/Week16\ELDON1_20250426_052100.wav,20250426
240,243,Eremophila alpestris,Horned Lark,0.0214,D:/AcousticMonitoringData/ELDON1_Data/Week16\ELDON1_20250426_052100.wav,20250426
243,246,Eremophila alpestris,Horned Lark,0.0287,D:/AcousticMonitoringData/ELDON1_Data/Week16\ELDON1_20250426_052100.wav,20250426
246,249,Eremophila alpestris,Horned Lark,0.0289,D:/AcousticMonitoringData/ELDON1_Data/Week16\ELDON1_20250426_052100.wav,20250426
249,252,Eremophila alpestris,Horned Lark,0.0324,D:/AcousticMonitoringData/ELDON1_Data/Week16\ELDON1_20250426_052100.wav,20250426
252,255,Eremophila alpestris,Horned Lark,0.0145,D:/AcousticMonitoringData/ELDON1_Data/Week16\ELDON1_20250426_052100.wav,20250426
255,258,Eremophila alpestris,Horned Lark,0.0387,D:/AcousticMonitoringData/ELDON1_Data/Week16\ELDON1_20250426_052100.wav,20250426
261,264,Eremophila alpestris,Horned Lark,0.024,D:/AcousticMonitoringData/ELDON1_Data/Week16\ELDON1_20250426_052100.wav,20250426
261,264,Sturnella magna,Eastern Meadowlark,0.0196,D:/AcousticMonitoringData/ELDON1_Data/Week16\ELDON1_20250426_052100.wav,20250426
264,267,Eremophila alpestris,Horned Lark,0.0536,D:/AcousticMonitoringData/ELDON1_Data/Week16\ELDON1_20250426_052100.wav,20250426
264,267,Sturnella magna,Eastern Meadowlark,0.0152,D:/AcousticMonitoringData/ELDON1_Data/Week16\ELDON1_20250426_052100.wav,20250426
267,270,Eremophila alpestris,Horned Lark,0.0433,D:/AcousticMonitoringData/ELDON1_Data/Week16\ELDON1_20250426_052100.wav,20250426
267,270,Sturnella magna,Eastern Meadowlark,0.0137,D:/AcousticMonitoringData/ELDON1_Data/Week16\ELDON1_20250426_052100.wav,20250426
270,273,Eremophila alpestris,Horned Lark,0.0299,D:/AcousticMonitoringData/ELDON1_Data/Week16\ELDON1_20250426_052100.wav,20250426
273,276,Eremophila alpestris,Horned Lark,0.0197,D:/AcousticMonitoringData/ELDON1_Data/Week16\ELDON1_20250426_052100.wav,20250426
279,282,Eremophila alpestris,Horned Lark,0.0125,D:/AcousticMonitoringData/ELDON1_Data/Week16\ELDON1_20250426_052100.wav,20250426
282,285,Eremophila alpestris,Horned Lark,0.0198,D:/AcousticMonitoringData/ELDON1_Data/Week16\ELDON1_20250426_052100.wav,20250426
288,291,Eremophila alpestris,Horned Lark,0.0113,D:/AcousticMonitoringData/ELDON1_Data/Week16\ELDON1_20250426_052100.wav,20250426
297,300,Eremophila alpestris,Horned Lark,0.0113,D:/AcousticMonitoringData/ELDON1_Data/Week16\ELDON1_20250426_052100.wav,20250426
324,327,Eremophila alpestris,Horned Lark,0.0296,D:/AcousticMonitoringData/ELDON1_Data/Week16\ELDON1_20250426_052100.wav,20250426
330,333,Eremophila alpestris,Horned Lark,0.0175,D:/AcousticMonitoringData/ELDON1_Data/Week16\ELDON1_20250426_052100.wav,20250426
336,339,Eremophila alpestris,Horned Lark,0.0274,D:/AcousticMonitoringData/ELDON1_Data/Week16\ELDON1_20250426_052100.wav,20250426
342,345,Eremophila alpestris,Horned Lark,0.0196,D:/AcousticMonitoringData/ELDON1_Data/Week16\ELDON1_20250426_052100.wav,20250426
345,348,Eremophila alpestris,Horned Lark,0.0162,D:/AcousticMonitoringData/ELDON1_Data/Week16\ELDON1_20250426_052100.wav,20250426
348,351,Eremophila alpestris,Horned Lark,0.0466,D:/AcousticMonitoringData/ELDON1_Data/Week16\ELDON1_20250426_052100.wav,20250426
348,351,Sturnella magna,Eastern Meadowlark,0.0107,D:/AcousticMonitoringData/ELDON1_Data/Week16\ELDON1_20250426_052100.wav,20250426
351,354,Eremophila alpestris,Horned Lark,0.0202,D:/AcousticMonitoringData/ELDON1_Data/Week16\ELDON1_20250426_052100.wav,20250426
354,357,Eremophila alpestris,Horned Lark,0.0295,D:/AcousticMonitoringData/ELDON1_Data/Week16\ELDON1_20250426_052100.wav,20250426
357,360,Eremophila alpestris,Horned Lark,0.0229,D:/AcousticMonitoringData/ELDON1_Data/Week16\ELDON1_20250426_052100.wav,20250426
363,366,Eremophila alpestris,Horned Lark,0.015,D:/AcousticMonitoringData/ELDON1_Data/Week16\ELDON1_20250426_052100.wav,20250426
363,366,Sturnella magna,Eastern Meadowlark,0.0128,D:/AcousticMonitoringData/ELDON1_Data/Week16\ELDON1_20250426_052100.wav,20250426
366,369,Eremophila alpestris,Horned Lark,0.0199,D:/AcousticMonitoringData/ELDON1_Data/Week16\ELDON1_20250426_052100.wav,20250426
369,372,Eremophila alpestris,Horned Lark,0.0234,D:/AcousticMonitoringData/ELDON1_Data/Week16\ELDON1_20250426_052100.wav,20250426
372,375,Eremophila alpestris,Horned Lark,0.0267,D:/AcousticMonitoringData/ELDON1_Data/Week16\ELDON1_20250426_052100.wav,20250426
375,378,Eremophila alpestris,Horned Lark,0.0288,D:/AcousticMonitoringData/ELDON1_Data/Week16\ELDON1_20250426_052100.wav,20250426
378,381,Eremophila alpestris,Horned Lark,0.0311,D:/AcousticMonitoringData/ELDON1_Data/Week16\ELDON1_20250426_052100.wav,20250426
381,384,Eremophila alpestris,Horned Lark,0.0122,D:/AcousticMonitoringData/ELDON1_Data/Week16\ELDON1_20250426_052100.wav,20250426
384,387,Eremophila alpestris,Horned Lark,0.0287,D:/AcousticMonitoringData/ELDON1_Data/Week16\ELDON1_20250426_052100.wav,20250426
387,390,Eremophila alpestris,Horned Lark,0.0325,D:/AcousticMonitoringData/ELDON1_Data/Week16\ELDON1_20250426_052100.wav,20250426
390,393,Eremophila alpestris,Horned Lark,0.0167,D:/AcousticMonitoringData/ELDON1_Data/Week16\ELDON1_20250426_052100.wav,20250426
393,396,Eremophila alpestris,Horned Lark,0.0135,D:/AcousticMonitoringData/ELDON1_Data/Week16\ELDON1_20250426_052100.wav,20250426
396,399,Eremophila alpestris,Horned Lark,0.025,D:/AcousticMonitoringData/ELDON1_Data/Week16\ELDON1_20250426_052100.wav,20250426
399,402,Eremophila alpestris,Horned Lark,0.0336,D:/AcousticMonitoringData/ELDON1_Data/Week16\ELDON1_20250426_052100.wav,20250426
402,405,Eremophila alpestris,Horned Lark,0.0303,D:/AcousticMonitoringData/ELDON1_Data/Week16\ELDON1_20250426_052100.wav,20250426
405,408,Eremophila alpestris,Horned Lark,0.0131,D:/AcousticMonitoringData/ELDON1_Data/Week16\ELDON1_20250426_052100.wav,20250426
432,435,Eremophila alpestris,Horned Lark,0.0131,D:/AcousticMonitoringData/ELDON1_Data/Week16\ELDON1_20250426_052100.wav,20250426
438,441,Spizella pusilla,Field Sparrow,0.0126,D:/AcousticMonitoringData/ELDON1_Data/Week16\ELDON1_20250426_052100.wav,20250426
441,444,Eremophila alpestris,Horned Lark,0.0118,D:/AcousticMonitoringData/ELDON1_Data/Week16\ELDON1_20250426_052100.wav,20250426
444,447,Eremophila alpestris,Horned Lark,0.0239,D:/AcousticMonitoringData/ELDON1_Data/Week16\ELDON1_20250426_052100.wav,20250426
447,450,Eremophila alpestris,Horned Lark,0.0206,D:/AcousticMonitoringData/ELDON1_Data/Week16\ELDON1_20250426_052100.wav,20250426
450,453,Eremophila alpestris,Horned Lark,0.0134,D:/AcousticMonitoringData/ELDON1_Data/Week16\ELDON1_20250426_052100.wav,20250426
453,456,Eremophila alpestris,Horned Lark,0.0116,D:/AcousticMonitoringData/ELDON1_Data/Week16\ELDON1_20250426_052100.wav,20250426
456,459,Eremophila alpestris,Horned Lark,0.0308,D:/AcousticMonitoringData/ELDON1_Data/Week16\ELDON1_20250426_052100.wav,20250426
459,462,Eremophila alpestris,Horned Lark,0.0204,D:/AcousticMonitoringData/ELDON1_Data/Week16\ELDON1_20250426_052100.wav,20250426
462,465,Eremophila alpestris,Horned Lark,0.0239,D:/AcousticMonitoringData/ELDON1_Data/Week16\ELDON1_20250426_052100.wav,20250426
465,468,Eremophila alpestris,Horned Lark,0.032,D:/AcousticMonitoringData/ELDON1_Data/Week16\ELDON1_20250426_052100.wav,20250426
471,474,Eremophila alpestris,Horned Lark,0.0216,D:/AcousticMonitoringData/ELDON1_Data/Week16\ELDON1_20250426_052100.wav,20250426
474,477,Sturnella magna,Eastern Meadowlark,0.0142,D:/AcousticMonitoringData/ELDON1_Data/Week16\ELDON1_20250426_052100.wav,20250426
477,480,Eremophila alpestris,Horned Lark,0.0428,D:/AcousticMonitoringData/ELDON1_Data/Week16\ELDON1_20250426_052100.wav,20250426
483,486,Sturnella magna,Eastern Meadowlark,0.0112,D:/AcousticMonitoringData/ELDON1_Data/Week16\ELDON1_20250426_052100.wav,20250426
489,492,Eremophila alpestris,Horned Lark,0.0221,D:/AcousticMonitoringData/ELDON1_Data/Week16\ELDON1_20250426_052100.wav,20250426
489,492,Sturnella magna,Eastern Meadowlark,0.0115,D:/AcousticMonitoringData/ELDON1_Data/Week16\ELDON1_20250426_052100.wav,20250426
492,495,Eremophila alpestris,Horned Lark,0.0213,D:/AcousticMonitoringData/ELDON1_Data/Week16\ELDON1_20250426_052100.wav,20250426
495,498,Eremophila alpestris,Horned Lark,0.0219,D:/AcousticMonitoringData/ELDON1_Data/Week16\ELDON1_20250426_052100.wav,20250426
498,501,Eremophila alpestris,Horned Lark,0.0187,D:/AcousticMonitoringData/ELDON1_Data/Week16\ELDON1_20250426_052100.wav,20250426
498,501,Sturnella magna,Eastern Meadowlark,0.0111,D:/AcousticMonitoringData/ELDON1_Data/Week16\ELDON1_20250426_052100.wav,20250426
501,504,Eremophila alpestris,Horned Lark,0.0191,D:/AcousticMonitoringData/ELDON1_Data/Week16\ELDON1_20250426_052100.wav,20250426
507,510,Eremophila alpestris,Horned Lark,0.0111,D:/AcousticMonitoringData/ELDON1_Data/Week16\ELDON1_20250426_052100.wav,20250426
516,519,Bartramia longicauda,Upland Sandpiper,0.014,D:/AcousticMonitoringData/ELDON1_Data/Week16\ELDON1_20250426_052100.wav,20250426
522,525,Sturnella magna,Eastern Meadowlark,0.0175,D:/AcousticMonitoringData/ELDON1_Data/Week16\ELDON1_20250426_052100.wav,20250426
534,537,Eremophila alpestris,Horned Lark,0.0158,D:/AcousticMonitoringData/ELDON1_Data/Week16\ELDON1_20250426_052100.wav,20250426
540,543,Eremophila alpestris,Horned Lark,0.024,D:/AcousticMonitoringData/ELDON1_Data/Week16\ELDON1_20250426_052100.wav,20250426
546,549,Eremophila alpestris,Horned Lark,0.0329,D:/AcousticMonitoringData/ELDON1_Data/Week16\ELDON1_20250426_052100.wav,20250426
549,552,Eremophila alpestris,Horned Lark,0.0128,D:/AcousticMonitoringData/ELDON1_Data/Week16\ELDON1_20250426_052100.wav,20250426
552,555,Sturnella magna,Eastern Meadowlark,0.0105,D:/AcousticMonitoringData/ELDON1_Data/Week16\ELDON1_20250426_052100.wav,20250426
555,558,Eremophila alpestris,Horned Lark,0.0228,D:/AcousticMonitoringData/ELDON1_Data/Week16\ELDON1_20250426_052100.wav,20250426
558,561,Eremophila alpestris,Horned Lark,0.0223,D:/AcousticMonitoringData/ELDON1_Data/Week16\ELDON1_20250426_052100.wav,20250426
561,564,Eremophila alpestris,Horned Lark,0.0213,D:/AcousticMonitoringData/ELDON1_Data/Week16\ELDON1_20250426_052100.wav,20250426
564,567,Eremophila alpestris,Horned Lark,0.0151,D:/AcousticMonitoringData/ELDON1_Data/Week16\ELDON1_20250426_052100.wav,20250426
567,570,Eremophila alpestris,Horned Lark,0.0168,D:/AcousticMonitoringData/ELDON1_Data/Week16\ELDON1_20250426_052100.wav,20250426
570,573,Eremophila alpestris,Horned Lark,0.0101,D:/AcousticMonitoringData/ELDON1_Data/Week16\ELDON1_20250426_052100.wav,20250426
573,576,Eremophila alpestris,Horned Lark,0.036,D:/AcousticMonitoringData/ELDON1_Data/Week16\ELDON1_20250426_052100.wav,20250426
576,579,Eremophila alpestris,Horned Lark,0.0115,D:/AcousticMonitoringData/ELDON1_Data/Week16\ELDON1_20250426_052100.wav,20250426
579,582,Eremophila alpestris,Horned Lark,0.0134,D:/AcousticMonitoringData/ELDON1_Data/Week16\ELDON1_20250426_052100.wav,20250426
588,591,Eremophila alpestris,Horned Lark,0.0141,D:/AcousticMonitoringData/ELDON1_Data/Week16\ELDON1_20250426_052100.wav,20250426
594,597,Eremophila alpestris,Horned Lark,0.018,D:/AcousticMonitoringData/ELDON1_Data/Week16\ELDON1_20250426_052100.wav,20250426
597,600,Eremophila alpestris,Horned Lark,0.0117,D:/AcousticMonitoringData/ELDON1_Data/Week16\ELDON1_20250426_052100.wav,20250426
603,606,Sturnella magna,Eastern Meadowlark,0.011,D:/AcousticMonitoringData/ELDON1_Data/Week16\ELDON1_20250426_052100.wav,20250426
606,609,Eremophila alpestris,Horned Lark,0.0165,D:/AcousticMonitoringData/ELDON1_Data/Week16\ELDON1_20250426_052100.wav,20250426
621,624,Eremophila alpestris,Horned Lark,0.0103,D:/AcousticMonitoringData/ELDON1_Data/Week16\ELDON1_20250426_052100.wav,20250426
630,633,Eremophila alpestris,Horned Lark,0.014,D:/AcousticMonitoringData/ELDON1_Data/Week16\ELDON1_20250426_052100.wav,20250426
633,636,Eremophila alpestris,Horned Lark,0.0411,D:/AcousticMonitoringData/ELDON1_Data/Week16\ELDON1_20250426_052100.wav,20250426
636,639,Eremophila alpestris,Horned Lark,0.0265,D:/AcousticMonitoringData/ELDON1_Data/Week16\ELDON1_20250426_052100.wav,20250426
639,642,Eremophila alpestris,Horned Lark,0.0211,D:/AcousticMonitoringData/ELDON1_Data/Week16\ELDON1_20250426_052100.wav,20250426
642,645,Eremophila alpestris,Horned Lark,0.0114,D:/AcousticMonitoringData/ELDON1_Data/Week16\ELDON1_20250426_052100.wav,20250426
645,648,Spizella pusilla,Field Sparrow,0.8074,D:/AcousticMonitoringData/ELDON1_Data/Week16\ELDON1_20250426_052100.wav,20250426
648,651,Eremophila alpestris,Horned Lark,0.0201,D:/AcousticMonitoringData/ELDON1_Data/Week16\ELDON1_20250426_052100.wav,20250426
651,654,Eremophila alpestris,Horned Lark,0.0307,D:/AcousticMonitoringData/ELDON1_Data/Week16\ELDON1_20250426_052100.wav,20250426
654,657,Eremophila alpestris,Horned Lark,0.0244,D:/AcousticMonitoringData/ELDON1_Data/Week16\ELDON1_20250426_052100.wav,20250426
657,660,Eremophila alpestris,Horned Lark,0.0189,D:/AcousticMonitoringData/ELDON1_Data/Week16\ELDON1_20250426_052100.wav,20250426
660,663,Eremophila alpestris,Horned Lark,0.0436,D:/AcousticMonitoringData/ELDON1_Data/Week16\ELDON1_20250426_052100.wav,20250426
663,666,Eremophila alpestris,Horned Lark,0.043,D:/AcousticMonitoringData/ELDON1_Data/Week16\ELDON1_20250426_052100.wav,20250426
666,669,Eremophila alpestris,Horned Lark,0.0322,D:/AcousticMonitoringData/ELDON1_Data/Week16\ELDON1_20250426_052100.wav,20250426
672,675,Eremophila alpestris,Horned Lark,0.0421,D:/AcousticMonitoringData/ELDON1_Data/Week16\ELDON1_20250426_052100.wav,20250426
672,675,Sturnella magna,Eastern Meadowlark,0.0104,D:/AcousticMonitoringData/ELDON1_Data/Week16\ELDON1_20250426_052100.wav,20250426
675,678,Eremophila alpestris,Horned Lark,0.0174,D:/AcousticMonitoringData/ELDON1_Data/Week16\ELDON1_20250426_052100.wav,20250426
678,681,Eremophila alpestris,Horned Lark,0.012,D:/AcousticMonitoringData/ELDON1_Data/Week16\ELDON1_20250426_052100.wav,20250426
678,681,Sturnella magna,Eastern Meadowlark,0.011,D:/AcousticMonitoringData/ELDON1_Data/Week16\ELDON1_20250426_052100.wav,20250426
684,687,Eremophila alpestris,Horned Lark,0.0195,D:/AcousticMonitoringData/ELDON1_Data/Week16\ELDON1_20250426_052100.wav,20250426
687,690,Eremophila alpestris,Horned Lark,0.017,D:/AcousticMonitoringData/ELDON1_Data/Week16\ELDON1_20250426_052100.wav,20250426
690,693,Eremophila alpestris,Horned Lark,0.0127,D:/AcousticMonitoringData/ELDON1_Data/Week16\ELDON1_20250426_052100.wav,20250426
696,699,Eremophila alpestris,Horned Lark,0.0396,D:/AcousticMonitoringData/ELDON1_Data/Week16\ELDON1_20250426_052100.wav,20250426
696,699,Sturnella magna,Eastern Meadowlark,0.0104,D:/AcousticMonitoringData/ELDON1_Data/Week16\ELDON1_20250426_052100.wav,20250426
699,702,Eremophila alpestris,Horned Lark,0.0224,D:/AcousticMonitoringData/ELDON1_Data/Week16\ELDON1_20250426_052100.wav,20250426
702,705,Eremophila alpestris,Horned Lark,0.0508,D:/AcousticMonitoringData/ELDON1_Data/Week16\ELDON1_20250426_052100.wav,20250426
702,705,Sturnella magna,Eastern Meadowlark,0.01,D:/AcousticMonitoringData/ELDON1_Data/Week16\ELDON1_20250426_052100.wav,20250426
708,711,Eremophila alpestris,Horned Lark,0.0212,D:/AcousticMonitoringData/ELDON1_Data/Week16\ELDON1_20250426_052100.wav,20250426
708,711,Sturnella magna,Eastern Meadowlark,0.0135,D:/AcousticMonitoringData/ELDON1_Data/Week16\ELDON1_20250426_052100.wav,20250426
711,714,Eremophila alpestris,Horned Lark,0.0271,D:/AcousticMonitoringData/ELDON1_Data/Week16\ELDON1_20250426_052100.wav,20250426
711,714,Sturnella magna,Eastern Meadowlark,0.0141,D:/AcousticMonitoringData/ELDON1_Data/Week16\ELDON1_20250426_052100.wav,20250426
723,726,Sturnella magna,Eastern Meadowlark,0.0139,D:/AcousticMonitoringData/ELDON1_Data/Week16\ELDON1_20250426_052100.wav,20250426
726,729,Sturnella magna,Eastern Meadowlark,0.0139,D:/AcousticMonitoringData/ELDON1_Data/Week16\ELDON1_20250426_052100.wav,20250426
726,729,Eremophila alpestris,Horned Lark,0.0124,D:/AcousticMonitoringData/ELDON1_Data/Week16\ELDON1_20250426_052100.wav,20250426
726,729,Bartramia longicauda,Upland Sandpiper,0.0102,D:/AcousticMonitoringData/ELDON1_Data/Week16\ELDON1_20250426_052100.wav,20250426
738,741,Eremophila alpestris,Horned Lark,0.0113,D:/AcousticMonitoringData/ELDON1_Data/Week16\ELDON1_20250426_052100.wav,20250426
741,744,Eremophila alpestris,Horned Lark,0.0101,D:/AcousticMonitoringData/ELDON1_Data/Week16\ELDON1_20250426_052100.wav,20250426
744,747,Eremophila alpestris,Horned Lark,0.0106,D:/AcousticMonitoringData/ELDON1_Data/Week16\ELDON1_20250426_052100.wav,20250426
750,753,Eremophila alpestris,Horned Lark,0.016,D:/AcousticMonitoringData/ELDON1_Data/Week16\ELDON1_20250426_052100.wav,20250426
753,756,Eremophila alpestris,Horned Lark,0.0281,D:/AcousticMonitoringData/ELDON1_Data/Week16\ELDON1_20250426_052100.wav,20250426
756,759,Eremophila alpestris,Horned Lark,0.0152,D:/AcousticMonitoringData/ELDON1_Data/Week16\ELDON1_20250426_052100.wav,20250426
765,768,Eremophila alpestris,Horned Lark,0.021,D:/AcousticMonitoringData/ELDON1_Data/Week16\ELDON1_20250426_052100.wav,20250426
768,771,Eremophila alpestris,Horned Lark,0.0487,D:/AcousticMonitoringData/ELDON1_Data/Week16\ELDON1_20250426_052100.wav,20250426
771,774,Eremophila alpestris,Horned Lark,0.0204,D:/AcousticMonitoringData/ELDON1_Data/Week16\ELDON1_20250426_052100.wav,20250426
774,777,Eremophila alpestris,Horned Lark,0.0422,D:/AcousticMonitoringData/ELDON1_Data/Week16\ELDON1_20250426_052100.wav,20250426
777,780,Eremophila alpestris,Horned Lark,0.0195,D:/AcousticMonitoringData/ELDON1_Data/Week16\ELDON1_20250426_052100.wav,20250426
786,789,Eremophila alpestris,Horned Lark,0.0151,D:/AcousticMonitoringData/ELDON1_Data/Week16\ELDON1_20250426_052100.wav,20250426
786,789,Sturnella magna,Eastern Meadowlark,0.0121,D:/AcousticMonitoringData/ELDON1_Data/Week16\ELDON1_20250426_052100.wav,20250426
792,795,Sturnella magna,Eastern Meadowlark,0.0113,D:/AcousticMonitoringData/ELDON1_Data/Week16\ELDON1_20250426_052100.wav,20250426
795,798,Eremophila alpestris,Horned Lark,0.0301,D:/AcousticMonitoringData/ELDON1_Data/Week16\ELDON1_20250426_052100.wav,20250426
798,801,Eremophila alpestris,Horned Lark,0.0385,D:/AcousticMonitoringData/ELDON1_Data/Week16\ELDON1_20250426_052100.wav,20250426
804,807,Sturnella magna,Eastern Meadowlark,0.0102,D:/AcousticMonitoringData/ELDON1_Data/Week16\ELDON1_20250426_052100.wav,20250426
807,810,Eremophila alpestris,Horned Lark,0.0162,D:/AcousticMonitoringData/ELDON1_Data/Week16\ELDON1_20250426_052100.wav,20250426
810,813,Eremophila alpestris,Horned Lark,0.0286,D:/AcousticMonitoringData/ELDON1_Data/Week16\ELDON1_20250426_052100.wav,20250426
813,816,Eremophila alpestris,Horned Lark,0.0403,D:/AcousticMonitoringData/ELDON1_Data/Week16\ELDON1_20250426_052100.wav,20250426
816,819,Eremophila alpestris,Horned Lark,0.0377,D:/AcousticMonitoringData/ELDON1_Data/Week16\ELDON1_20250426_052100.wav,20250426
816,819,Sturnella magna,Eastern Meadowlark,0.0101,D:/AcousticMonitoringData/ELDON1_Data/Week16\ELDON1_20250426_052100.wav,20250426
819,822,Sturnella magna,Eastern Meadowlark,0.0107,D:/AcousticMonitoringData/ELDON1_Data/Week16\ELDON1_20250426_052100.wav,20250426
831,834,Eremophila alpestris,Horned Lark,0.0109,D:/AcousticMonitoringData/ELDON1_Data/Week16\ELDON1_20250426_052100.wav,20250426
837,840,Sturnella magna,Eastern Meadowlark,0.0181,D:/AcousticMonitoringData/ELDON1_Data/Week16\ELDON1_20250426_052100.wav,20250426
840,843,Eremophila alpestris,Horned Lark,0.0123,D:/AcousticMonitoringData/ELDON1_Data/Week16\ELDON1_20250426_052100.wav,20250426
849,852,Eremophila alpestris,Horned Lark,0.0145,D:/AcousticMonitoringData/ELDON1_Data/Week16\ELDON1_20250426_052100.wav,20250426
861,864,Sturnella magna,Eastern Meadowlark,0.0118,D:/AcousticMonitoringData/ELDON1_Data/Week16\ELDON1_20250426_052100.wav,20250426
864,867,Eremophila alpestris,Horned Lark,0.0287,D:/AcousticMonitoringData/ELDON1_Data/Week16\ELDON1_20250426_052100.wav,20250426
867,870,Eremophila alpestris,Horned Lark,0.0276,D:/AcousticMonitoringData/ELDON1_Data/Week16\ELDON1_20250426_052100.wav,20250426
870,873,Eremophila alpestris,Horned Lark,0.0159,D:/AcousticMonitoringData/ELDON1_Data/Week16\ELDON1_20250426_052100.wav,20250426
876,879,Eremophila alpestris,Horned Lark,0.0131,D:/AcousticMonitoringData/ELDON1_Data/Week16\ELDON1_20250426_052100.wav,20250426
879,882,Eremophila alpestris,Horned Lark,0.0167,D:/AcousticMonitoringData/ELDON1_Data/Week16\ELDON1_20250426_052100.wav,20250426
888,891,Eremophila alpestris,Horned Lark,0.0143,D:/AcousticMonitoringData/ELDON1_Data/Week16\ELDON1_20250426_052100.wav,20250426
891,894,Eremophila alpestris,Horned Lark,0.0185,D:/AcousticMonitoringData/ELDON1_Data/Week16\ELDON1_20250426_052100.wav,20250426
900,903,Bartramia longicauda,Upland Sandpiper,0.01,D:/AcousticMonitoringData/ELDON1_Data/Week16\ELDON1_20250426_052100.wav,20250426
903,906,Spizella pusilla,Field Sparrow,0.0357,D:/AcousticMonitoringData/ELDON1_Data/Week16\ELDON1_20250426_052100.wav,20250426
903,906,Sturnella magna,Eastern Meadowlark,0.0154,D:/AcousticMonitoringData/ELDON1_Data/Week16\ELDON1_20250426_052100.wav,20250426
906,909,Bartramia longicauda,Upland Sandpiper,0.0202,D:/AcousticMonitoringData/ELDON1_Data/Week16\ELDON1_20250426_052100.wav,20250426
906,909,Sturnella magna,Eastern Meadowlark,0.0147,D:/AcousticMonitoringData/ELDON1_Data/Week16\ELDON1_20250426_052100.wav,20250426
906,909,Eremophila alpestris,Horned Lark,0.0117,D:/AcousticMonitoringData/ELDON1_Data/Week16\ELDON1_20250426_052100.wav,20250426
909,912,Eremophila alpestris,Horned Lark,0.0151,D:/AcousticMonitoringData/ELDON1_Data/Week16\ELDON1_20250426_052100.wav,20250426
939,942,Sturnella magna,Eastern Meadowlark,0.0188,D:/AcousticMonitoringData/ELDON1_Data/Week16\ELDON1_20250426_052100.wav,20250426
939,942,Eremophila alpestris,Horned Lark,0.0148,D:/AcousticMonitoringData/ELDON1_Data/Week16\ELDON1_20250426_052100.wav,20250426
945,948,Eremophila alpestris,Horned Lark,0.0206,D:/AcousticMonitoringData/ELDON1_Data/Week16\ELDON1_20250426_052100.wav,20250426
945,948,Sturnella magna,Eastern Meadowlark,0.0129,D:/AcousticMonitoringData/ELDON1_Data/Week16\ELDON1_20250426_052100.wav,20250426
948,951,Eremophila alpestris,Horned Lark,0.0132,D:/AcousticMonitoringData/ELDON1_Data/Week16\ELDON1_20250426_052100.wav,20250426
954,957,Sturnella magna,Eastern Meadowlark,0.0121,D:/AcousticMonitoringData/ELDON1_Data/Week16\ELDON1_20250426_052100.wav,20250426
957,960,Eremophila alpestris,Horned Lark,0.0304,D:/AcousticMonitoringData/ELDON1_Data/Week16\ELDON1_20250426_052100.wav,20250426
960,963,Eremophila alpestris,Horned Lark,0.0115,D:/AcousticMonitoringData/ELDON1_Data/Week16\ELDON1_20250426_052100.wav,20250426
963,966,Eremophila alpestris,Horned Lark,0.0485,D:/AcousticMonitoringData/ELDON1_Data/Week16\ELDON1_20250426_052100.wav,20250426
963,966,Sturnella magna,Eastern Meadowlark,0.0114,D:/AcousticMonitoringData/ELDON1_Data/Week16\ELDON1_20250426_052100.wav,20250426
966,969,Eremophila alpestris,Horned Lark,0.0228,D:/AcousticMonitoringData/ELDON1_Data/Week16\ELDON1_20250426_052100.wav,20250426
972,975,Eremophila alpestris,Horned Lark,0.0168,D:/AcousticMonitoringData/ELDON1_Data/Week16\ELDON1_20250426_052100.wav,20250426
975,978,Eremophila alpestris,Horned Lark,0.0112,D:/AcousticMonitoringData/ELDON1_Data/Week16\ELDON1_20250426_052100.wav,20250426
978,981,Eremophila alpestris,Horned Lark,0.0266,D:/AcousticMonitoringData/ELDON1_Data/Week16\ELDON1_20250426_052100.wav,20250426
978,981,Sturnella magna,Eastern Meadowlark,0.0166,D:/AcousticMonitoringData/ELDON1_Data/Week16\ELDON1_20250426_052100.wav,20250426
984,987,Eremophila alpestris,Horned Lark,0.0142,D:/AcousticMonitoringData/ELDON1_Data/Week16\ELDON1_20250426_052100.wav,20250426
987,990,Eremophila alpestris,Horned Lark,0.0284,D:/AcousticMonitoringData/ELDON1_Data/Week16\ELDON1_20250426_052100.wav,20250426
990,993,Sturnella magna,Eastern Meadowlark,0.0214,D:/AcousticMonitoringData/ELDON1_Data/Week16\ELDON1_20250426_052100.wav,20250426
999,1002,Eremophila alpestris,Horned Lark,0.0366,D:/AcousticMonitoringData/ELDON1_Data/Week16\ELDON1_20250426_052100.wav,20250426
999,1002,Sturnella magna,Eastern Meadowlark,0.011,D:/AcousticMonitoringData/ELDON1_Data/Week16\ELDON1_20250426_052100.wav,20250426
1002,1005,Eremophila alpestris,Horned Lark,0.0194,D:/AcousticMonitoringData/ELDON1_Data/Week16\ELDON1_20250426_052100.wav,20250426
1002,1005,Sturnella magna,Eastern Meadowlark,0.0101,D:/AcousticMonitoringData/ELDON1_Data/Week16\ELDON1_20250426_052100.wav,20250426
1008,1011,Eremophila alpestris,Horned Lark,0.0176,D:/AcousticMonitoringData/ELDON1_Data/Week16\ELDON1_20250426_052100.wav,20250426
1011,1014,Eremophila alpestris,Horned Lark,0.0205,D:/AcousticMonitoringData/ELDON1_Data/Week16\ELDON1_20250426_052100.wav,20250426
1011,1014,Sturnella magna,Eastern Meadowlark,0.0188,D:/AcousticMonitoringData/ELDON1_Data/Week16\ELDON1_20250426_052100.wav,20250426
1017,1020,Sturnella magna,Eastern Meadowlark,0.0199,D:/AcousticMonitoringData/ELDON1_Data/Week16\ELDON1_20250426_052100.wav,20250426
1029,1032,Sturnella magna,Eastern Meadowlark,0.0168,D:/AcousticMonitoringData/ELDON1_Data/Week16\ELDON1_20250426_052100.wav,20250426
1035,1038,Sturnella magna,Eastern Meadowlark,0.0185,D:/AcousticMonitoringData/ELDON1_Data/Week16\ELDON1_20250426_052100.wav,20250426
1044,1047,Sturnella magna,Eastern Meadowlark,0.0107,D:/AcousticMonitoringData/ELDON1_Data/Week16\ELDON1_20250426_052100.wav,20250426
1047,1050,Passerina caerulea,Blue Grosbeak,0.0204,D:/AcousticMonitoringData/ELDON1_Data/Week16\ELDON1_20250426_052100.wav,20250426
1047,1050,Sturnella magna,Eastern Meadowlark,0.0175,D:/AcousticMonitoringData/ELDON1_Data/Week16\ELDON1_20250426_052100.wav,20250426
1047,1050,Spizella pusilla,Field Sparrow,0.0111,D:/AcousticMonitoringData/ELDON1_Data/Week16\ELDON1_20250426_052100.wav,20250426
1056,1059,Sturnella magna,Eastern Meadowlark,0.0108,D:/AcousticMonitoringData/ELDON1_Data/Week16\ELDON1_20250426_052100.wav,20250426
1068,1071,Eremophila alpestris,Horned Lark,0.0131,D:/AcousticMonitoringData/ELDON1_Data/Week16\ELDON1_20250426_052100.wav,20250426
1068,1071,Passerina caerulea,Blue Grosbeak,0.0106,D:/AcousticMonitoringData/ELDON1_Data/Week16\ELDON1_20250426_052100.wav,20250426
1092,1095,Eremophila alpestris,Horned Lark,0.042,D:/AcousticMonitoringData/ELDON1_Data/Week16\ELDON1_20250426_052100.wav,20250426
1098,1101,Sturnella magna,Eastern Meadowlark,0.0226,D:/AcousticMonitoringData/ELDON1_Data/Week16\ELDON1_20250426_052100.wav,20250426
1098,1101,Bartramia longicauda,Upland Sandpiper,0.0107,D:/AcousticMonitoringData/ELDON1_Data/Week16\ELDON1_20250426_052100.wav,20250426
1104,1107,Sturnella magna,Eastern Meadowlark,0.0208,D:/AcousticMonitoringData/ELDON1_Data/Week16\ELDON1_20250426_052100.wav,20250426
1116,1119,Eremophila alpestris,Horned Lark,0.0123,D:/AcousticMonitoringData/ELDON1_Data/Week16\ELDON1_20250426_052100.wav,20250426
1122,1125,Sturnella magna,Eastern Meadowlark,0.0259,D:/AcousticMonitoringData/ELDON1_Data/Week16\ELDON1_20250426_052100.wav,20250426
1125,1128,Spizella pusilla,Field Sparrow,0.3648,D:/AcousticMonitoringData/ELDON1_Data/Week16\ELDON1_20250426_052100.wav,20250426
1128,1131,Eremophila alpestris,Horned Lark,0.0223,D:/AcousticMonitoringData/ELDON1_Data/Week16\ELDON1_20250426_052100.wav,20250426
1131,1134,Eremophila alpestris,Horned Lark,0.0154,D:/AcousticMonitoringData/ELDON1_Data/Week16\ELDON1_20250426_052100.wav,20250426
1137,1140,Sturnella magna,Eastern Meadowlark,0.0338,D:/AcousticMonitoringData/ELDON1_Data/Week16\ELDON1_20250426_052100.wav,20250426
1137,1140,Passerina caerulea,Blue Grosbeak,0.0174,D:/AcousticMonitoringData/ELDON1_Data/Week16\ELDON1_20250426_052100.wav,20250426
1137,1140,Eremophila alpestris,Horned Lark,0.0134,D:/AcousticMonitoringData/ELDON1_Data/Week16\ELDON1_20250426_052100.wav,20250426
1140,1143,Eremophila alpestris,Horned Lark,0.0277,D:/AcousticMonitoringData/ELDON1_Data/Week16\ELDON1_20250426_052100.wav,20250426
1143,1146,Eremophila alpestris,Horned Lark,0.0611,D:/AcousticMonitoringData/ELDON1_Data/Week16\ELDON1_20250426_052100.wav,20250426
1143,1146,Sturnella magna,Eastern Meadowlark,0.0149,D:/AcousticMonitoringData/ELDON1_Data/Week16\ELDON1_20250426_052100.wav,20250426
1152,1155,Sturnella magna,Eastern Meadowlark,0.0169,D:/AcousticMonitoringData/ELDON1_Data/Week16\ELDON1_20250426_052100.wav,20250426
1152,1155,Eremophila alpestris,Horned Lark,0.0123,D:/AcousticMonitoringData/ELDON1_Data/Week16\ELDON1_20250426_052100.wav,20250426
1155,1158,Eremophila alpestris,Horned Lark,0.0399,D:/AcousticMonitoringData/ELDON1_Data/Week16\ELDON1_20250426_052100.wav,20250426
1158,1161,Eremophila alpestris,Horned Lark,0.0127,D:/AcousticMonitoringData/ELDON1_Data/Week16\ELDON1_20250426_052100.wav,20250426
1164,1167,Eremophila alpestris,Horned Lark,0.0106,D:/AcousticMonitoringData/ELDON1_Data/Week16\ELDON1_20250426_052100.wav,20250426
1167,1170,Eremophila alpestris,Horned Lark,0.0168,D:/AcousticMonitoringData/ELDON1_Data/Week16\ELDON1_20250426_052100.wav,20250426
1167,1170,Passerina caerulea,Blue Grosbeak,0.0101,D:/AcousticMonitoringData/ELDON1_Data/Week16\ELDON1_20250426_052100.wav,20250426
1170,1173,Eremophila alpestris,Horned Lark,0.0144,D:/AcousticMonitoringData/ELDON1_Data/Week16\ELDON1_20250426_052100.wav,20250426
1179,1182,Spizella pusilla,Field Sparrow,0.0286,D:/AcousticMonitoringData/ELDON1_Data/Week16\ELDON1_20250426_052100.wav,20250426
1179,1182,Eremophila alpestris,Horned Lark,0.0211,D:/AcousticMonitoringData/ELDON1_Data/Week16\ELDON1_20250426_052100.wav,20250426
1179,1182,Sturnella magna,Eastern Meadowlark,0.0112,D:/AcousticMonitoringData/ELDON1_Data/Week16\ELDON1_20250426_052100.wav,20250426
1182,1185,Eremophila alpestris,Horned Lark,0.0272,D:/AcousticMonitoringData/ELDON1_Data/Week16\ELDON1_20250426_052100.wav,20250426
1182,1185,Sturnella magna,Eastern Meadowlark,0.012,D:/AcousticMonitoringData/ELDON1_Data/Week16\ELDON1_20250426_052100.wav,20250426
1188,1191,Eremophila alpestris,Horned Lark,0.0257,D:/AcousticMonitoringData/ELDON1_Data/Week16\ELDON1_20250426_052100.wav,20250426
1197,1200,Spizella pusilla,Field Sparrow,0.0212,D:/AcousticMonitoringData/ELDON1_Data/Week16\ELDON1_20250426_052100.wav,20250426
1197,1200,Passerina caerulea,Blue Grosbeak,0.0198,D:/AcousticMonitoringData/ELDON1_Data/Week16\ELDON1_20250426_052100.wav,20250426
1197,1200,Sturnella magna,Eastern Meadowlark,0.0166,D:/AcousticMonitoringData/ELDON1_Data/Week16\ELDON1_20250426_052100.wav,20250426
1206,1209,Eremophila alpestris,Horned Lark,0.0444,D:/AcousticMonitoringData/ELDON1_Data/Week16\ELDON1_20250426_052100.wav,20250426
1209,1212,Sturnella magna,Eastern Meadowlark,0.0145,D:/AcousticMonitoringData/ELDON1_Data/Week16\ELDON1_20250426_052100.wav,20250426
1209,1212,Bartramia longicauda,Upland Sandpiper,0.0117,D:/AcousticMonitoringData/ELDON1_Data/Week16\ELDON1_20250426_052100.wav,20250426
1221,1224,Sturnella magna,Eastern Meadowlark,0.0113,D:/AcousticMonitoringData/ELDON1_Data/Week16\ELDON1_20250426_052100.wav,20250426
1224,1227,Sturnella magna,Eastern Meadowlark,0.0108,D:/AcousticMonitoringData/ELDON1_Data/Week16\ELDON1_20250426_052100.wav,20250426
1227,1230,Sturnella magna,Eastern Meadowlark,0.0115,D:/AcousticMonitoringData/ELDON1_Data/Week16\ELDON1_20250426_052100.wav,20250426
1236,1239,Sturnella magna,Eastern Meadowlark,0.0118,D:/AcousticMonitoringData/ELDON1_Data/Week16\ELDON1_20250426_052100.wav,20250426
1239,1242,Eremophila alpestris,Horned Lark,0.0256,D:/AcousticMonitoringData/ELDON1_Data/Week16\ELDON1_20250426_052100.wav,20250426
1239,1242,Sturnella magna,Eastern Meadowlark,0.0109,D:/AcousticMonitoringData/ELDON1_Data/Week16\ELDON1_20250426_052100.wav,20250426
1242,1245,Eremophila alpestris,Horned Lark,0.019,D:/AcousticMonitoringData/ELDON1_Data/Week16\ELDON1_20250426_052100.wav,20250426
1242,1245,Sturnella magna,Eastern Meadowlark,0.0118,D:/AcousticMonitoringData/ELDON1_Data/Week16\ELDON1_20250426_052100.wav,20250426
1248,1251,Sturnella magna,Eastern Meadowlark,0.015,D:/AcousticMonitoringData/ELDON1_Data/Week16\ELDON1_20250426_052100.wav,20250426
1248,1251,Bartramia longicauda,Upland Sandpiper,0.0114,D:/AcousticMonitoringData/ELDON1_Data/Week16\ELDON1_20250426_052100.wav,20250426
1251,1254,Sturnella magna,Eastern Meadowlark,0.0111,D:/AcousticMonitoringData/ELDON1_Data/Week16\ELDON1_20250426_052100.wav,20250426
1251,1254,Eremophila alpestris,Horned Lark,0.0104,D:/AcousticMonitoringData/ELDON1_Data/Week16\ELDON1_20250426_052100.wav,20250426
1254,1257,Eremophila alpestris,Horned Lark,0.0103,D:/AcousticMonitoringData/ELDON1_Data/Week16\ELDON1_20250426_052100.wav,20250426
1257,1260,Sturnella magna,Eastern Meadowlark,0.0143,D:/AcousticMonitoringData/ELDON1_Data/Week16\ELDON1_20250426_052100.wav,20250426
1275,1278,Eremophila alpestris,Horned Lark,0.0214,D:/AcousticMonitoringData/ELDON1_Data/Week16\ELDON1_20250426_052100.wav,20250426
1278,1281,Sturnella magna,Eastern Meadowlark,0.0114,D:/AcousticMonitoringData/ELDON1_Data/Week16\ELDON1_20250426_052100.wav,20250426
1278,1281,Eremophila alpestris,Horned Lark,0.0107,D:/AcousticMonitoringData/ELDON1_Data/Week16\ELDON1_20250426_052100.wav,20250426
1284,1287,Sturnella magna,Eastern Meadowlark,0.0165,D:/AcousticMonitoringData/ELDON1_Data/Week16\ELDON1_20250426_052100.wav,20250426
1284,1287,Eremophila alpestris,Horned Lark,0.0116,D:/AcousticMonitoringData/ELDON1_Data/Week16\ELDON1_20250426_052100.wav,20250426
1287,1290,Eremophila alpestris,Horned Lark,0.0229,D:/AcousticMonitoringData/ELDON1_Data/Week16\ELDON1_20250426_052100.wav,20250426
1290,1293,Passerina caerulea,Blue Grosbeak,0.0107,D:/AcousticMonitoringData/ELDON1_Data/Week16\ELDON1_20250426_052100.wav,20250426
1293,1296,Sturnella magna,Eastern Meadowlark,0.0101,D:/AcousticMonitoringData/ELDON1_Data/Week16\ELDON1_20250426_052100.wav,20250426
1299,1302,Sturnella magna,Eastern Meadowlark,0.0115,D:/AcousticMonitoringData/ELDON1_Data/Week16\ELDON1_20250426_052100.wav,20250426
1299,1302,Eremophila alpestris,Horned Lark,0.0109,D:/AcousticMonitoringData/ELDON1_Data/Week16\ELDON1_20250426_052100.wav,20250426
1305,1308,Sturnella magna,Eastern Meadowlark,0.016,D:/AcousticMonitoringData/ELDON1_Data/Week16\ELDON1_20250426_052100.wav,20250426
1305,1308,Eremophila alpestris,Horned Lark,0.0119,D:/AcousticMonitoringData/ELDON1_Data/Week16\ELDON1_20250426_052100.wav,20250426
1317,1320,Sturnella magna,Eastern Meadowlark,0.0108,D:/AcousticMonitoringData/ELDON1_Data/Week16\ELDON1_20250426_052100.wav,20250426
1329,1332,Eremophila alpestris,Horned Lark,0.0163,D:/AcousticMonitoringData/ELDON1_Data/Week16\ELDON1_20250426_052100.wav,20250426
1329,1332,Spizella pusilla,Field Sparrow,0.0118,D:/AcousticMonitoringData/ELDON1_Data/Week16\ELDON1_20250426_052100.wav,20250426
1341,1344,Sturnella magna,Eastern Meadowlark,0.0113,D:/AcousticMonitoringData/ELDON1_Data/Week16\ELDON1_20250426_052100.wav,20250426
1344,1347,Sturnella magna,Eastern Meadowlark,0.6507,D:/AcousticMonitoringData/ELDON1_Data/Week16\ELDON1_20250426_052100.wav,20250426
1344,1347,Bartramia longicauda,Upland Sandpiper,0.1107,D:/AcousticMonitoringData/ELDON1_Data/Week16\ELDON1_20250426_052100.wav,20250426
1347,1350,Sturnella magna,Eastern Meadowlark,0.0103,D:/AcousticMonitoringData/ELDON1_Data/Week16\ELDON1_20250426_052100.wav,20250426
1350,1353,Sturnella magna,Eastern Meadowlark,0.0109,D:/AcousticMonitoringData/ELDON1_Data/Week16\ELDON1_20250426_052100.wav,20250426
1353,1356,Sturnella magna,Eastern Meadowlark,0.0136,D:/AcousticMonitoringData/ELDON1_Data/Week16\ELDON1_20250426_052100.wav,20250426
1356,1359,Sturnella magna,Eastern Meadowlark,0.0255,D:/AcousticMonitoringData/ELDON1_Data/Week16\ELDON1_20250426_052100.wav,20250426
1356,1359,Bartramia longicauda,Upland Sandpiper,0.0132,D:/AcousticMonitoringData/ELDON1_Data/Week16\ELDON1_20250426_052100.wav,20250426
1359,1362,Passerina caerulea,Blue Grosbeak,0.0115,D:/AcousticMonitoringData/ELDON1_Data/Week16\ELDON1_20250426_052100.wav,20250426
1380,1383,Eremophila alpestris,Horned Lark,0.0151,D:/AcousticMonitoringData/ELDON1_Data/Week16\ELDON1_20250426_052100.wav,20250426
1380,1383,Sturnella magna,Eastern Meadowlark,0.0138,D:/AcousticMonitoringData/ELDON1_Data/Week16\ELDON1_20250426_052100.wav,20250426
1383,1386,Sturnella magna,Eastern Meadowlark,0.0173,D:/AcousticMonitoringData/ELDON1_Data/Week16\ELDON1_20250426_052100.wav,20250426
1392,1395,Sturnella magna,Eastern Meadowlark,0.0121,D:/AcousticMonitoringData/ELDON1_Data/Week16\ELDON1_20250426_052100.wav,20250426
1398,1401,Spizella pusilla,Field Sparrow,0.365,D:/AcousticMonitoringData/ELDON1_Data/Week16\ELDON1_20250426_052100.wav,20250426
1413,1416,Eremophila alpestris,Horned Lark,0.0108,D:/AcousticMonitoringData/ELDON1_Data/Week16\ELDON1_20250426_052100.wav,20250426
1428,1431,Eremophila alpestris,Horned Lark,0.0126,D:/AcousticMonitoringData/ELDON1_Data/Week16\ELDON1_20250426_052100.wav,20250426
1431,1434,Spizella pusilla,Field Sparrow,0.0275,D:/AcousticMonitoringData/ELDON1_Data/Week16\ELDON1_20250426_052100.wav,20250426
1452,1455,Spizella pusilla,Field Sparrow,0.0119,D:/AcousticMonitoringData/ELDON1_Data/Week16\ELDON1_20250426_052100.wav,20250426
1464,1467,Eremophila alpestris,Horned Lark,0.015,D:/AcousticMonitoringData/ELDON1_Data/Week16\ELDON1_20250426_052100.wav,20250426
1467,1470,Eremophila alpestris,Horned Lark,0.0151,D:/AcousticMonitoringData/ELDON1_Data/Week16\ELDON1_20250426_052100.wav,20250426
1467,1470,Passerina caerulea,Blue Grosbeak,0.0124,D:/AcousticMonitoringData/ELDON1_Data/Week16\ELDON1_20250426_052100.wav,20250426
1479,1482,Eremophila alpestris,Horned Lark,0.01,D:/AcousticMonitoringData/ELDON1_Data/Week16\ELDON1_20250426_052100.wav,20250426
1488,1491,Spizella pusilla,Field Sparrow,0.1242,D:/AcousticMonitoringData/ELDON1_Data/Week16\ELDON1_20250426_052100.wav,20250426
1509,1512,Eremophila alpestris,Horned Lark,0.0196,D:/AcousticMonitoringData/ELDON1_Data/Week16\ELDON1_20250426_052100.wav,20250426
1512,1515,Bartramia longicauda,Upland Sandpiper,0.0196,D:/AcousticMonitoringData/ELDON1_Data/Week16\ELDON1_20250426_052100.wav,20250426
1512,1515,Sturnella magna,Eastern Meadowlark,0.012,D:/AcousticMonitoringData/ELDON1_Data/Week16\ELDON1_20250426_052100.wav,20250426
1512,1515,Eremophila alpestris,Horned Lark,0.0112,D:/AcousticMonitoringData/ELDON1_Data/Week16\ELDON1_20250426_052100.wav,20250426
1515,1518,Sturnella magna,Eastern Meadowlark,0.0163,D:/AcousticMonitoringData/ELDON1_Data/Week16\ELDON1_20250426_052100.wav,20250426
1515,1518,Passerina caerulea,Blue Grosbeak,0.0123,D:/AcousticMonitoringData/ELDON1_Data/Week16\ELDON1_20250426_052100.wav,20250426
1518,1521,Sturnella magna,Eastern Meadowlark,0.0113,D:/AcousticMonitoringData/ELDON1_Data/Week16\ELDON1_20250426_052100.wav,20250426
1527,1530,Bartramia longicauda,Upland Sandpiper,0.0132,D:/AcousticMonitoringData/ELDON1_Data/Week16\ELDON1_20250426_052100.wav,20250426
1527,1530,Sturnella magna,Eastern Meadowlark,0.0101,D:/AcousticMonitoringData/ELDON1_Data/Week16\ELDON1_20250426_052100.wav,20250426
1539,1542,Sturnella magna,Eastern Meadowlark,0.0106,D:/AcousticMonitoringData/ELDON1_Data/Week16\ELDON1_20250426_052100.wav,20250426
1551,1554,Eremophila alpestris,Horned Lark,0.0101,D:/AcousticMonitoringData/ELDON1_Data/Week16\ELDON1_20250426_052100.wav,20250426
1554,1557,Sturnella magna,Eastern Meadowlark,0.018,D:/AcousticMonitoringData/ELDON1_Data/Week16\ELDON1_20250426_052100.wav,20250426
1554,1557,Eremophila alpestris,Horned Lark,0.0138,D:/AcousticMonitoringData/ELDON1_Data/Week16\ELDON1_20250426_052100.wav,20250426
1554,1557,Bartramia longicauda,Upland Sandpiper,0.0121,D:/AcousticMonitoringData/ELDON1_Data/Week16\ELDON1_20250426_052100.wav,20250426
1563,1566,Eremophila alpestris,Horned Lark,0.0155,D:/AcousticMonitoringData/ELDON1_Data/Week16\ELDON1_20250426_052100.wav,20250426
1563,1566,Bartramia longicauda,Upland Sandpiper,0.0105,D:/AcousticMonitoringData/ELDON1_Data/Week16\ELDON1_20250426_052100.wav,20250426
1578,1581,Sturnella magna,Eastern Meadowlark,0.0125,D:/AcousticMonitoringData/ELDON1_Data/Week16\ELDON1_20250426_052100.wav,20250426
1584,1587,Sturnella magna,Eastern Meadowlark,0.0168,D:/AcousticMonitoringData/ELDON1_Data/Week16\ELDON1_20250426_052100.wav,20250426
1587,1590,Sturnella magna,Eastern Meadowlark,0.3683,D:/AcousticMonitoringData/ELDON1_Data/Week16\ELDON1_20250426_052100.wav,20250426
1590,1593,Sturnella magna,Eastern Meadowlark,0.0178,D:/AcousticMonitoringData/ELDON1_Data/Week16\ELDON1_20250426_052100.wav,20250426
1593,1596,Spizella pusilla,Field Sparrow,0.011,D:/AcousticMonitoringData/ELDON1_Data/Week16\ELDON1_20250426_052100.wav,20250426
1599,1602,Sturnella magna,Eastern Meadowlark,0.0203,D:/AcousticMonitoringData/ELDON1_Data/Week16\ELDON1_20250426_052100.wav,20250426
1599,1602,Passerina caerulea,Blue Grosbeak,0.0176,D:/AcousticMonitoringData/ELDON1_Data/Week16\ELDON1_20250426_052100.wav,20250426
1605,1608,Spizella pusilla,Field Sparrow,0.0681,D:/AcousticMonitoringData/ELDON1_Data/Week16\ELDON1_20250426_052100.wav,20250426
1605,1608,Passerina caerulea,Blue Grosbeak,0.0106,D:/AcousticMonitoringData/ELDON1_Data/Week16\ELDON1_20250426_052100.wav,20250426
1614,1617,Sturnella magna,Eastern Meadowlark,0.4301,D:/AcousticMonitoringData/ELDON1_Data/Week16\ELDON1_20250426_052100.wav,20250426
1614,1617,Bartramia longicauda,Upland Sandpiper,0.0211,D:/AcousticMonitoringData/ELDON1_Data/Week16\ELDON1_20250426_052100.wav,20250426
1614,1617,Passerina caerulea,Blue Grosbeak,0.0132,D:/AcousticMonitoringData/ELDON1_Data/Week16\ELDON1_20250426_052100.wav,20250426
1617,1620,Sturnella magna,Eastern Meadowlark,0.2943,D:/AcousticMonitoringData/ELDON1_Data/Week16\ELDON1_20250426_052100.wav,20250426
1617,1620,Eremophila alpestris,Horned Lark,0.0131,D:/AcousticMonitoringData/ELDON1_Data/Week16\ELDON1_20250426_052100.wav,20250426
1617,1620,Bartramia longicauda,Upland Sandpiper,0.0125,D:/AcousticMonitoringData/ELDON1_Data/Week16\ELDON1_20250426_052100.wav,20250426
1620,1623,Spizella pusilla,Field Sparrow,0.3452,D:/AcousticMonitoringData/ELDON1_Data/Week16\ELDON1_20250426_052100.wav,20250426
1620,1623,Passerina caerulea,Blue Grosbeak,0.0156,D:/AcousticMonitoringData/ELDON1_Data/Week16\ELDON1_20250426_052100.wav,20250426
1623,1626,Sturnella magna,Eastern Meadowlark,0.0377,D:/AcousticMonitoringData/ELDON1_Data/Week16\ELDON1_20250426_052100.wav,20250426
1623,1626,Eremophila alpestris,Horned Lark,0.0248,D:/AcousticMonitoringData/ELDON1_Data/Week16\ELDON1_20250426_052100.wav,20250426
1623,1626,Spizella pusilla,Field Sparrow,0.0111,D:/AcousticMonitoringData/ELDON1_Data/Week16\ELDON1_20250426_052100.wav,20250426
1626,1629,Sturnella magna,Eastern Meadowlark,0.6429,D:/AcousticMonitoringData/ELDON1_Data/Week16\ELDON1_20250426_052100.wav,20250426
1629,1632,Sturnella magna,Eastern Meadowlark,0.0435,D:/AcousticMonitoringData/ELDON1_Data/Week16\ELDON1_20250426_052100.wav,20250426
1629,1632,Spizella pusilla,Field Sparrow,0.014,D:/AcousticMonitoringData/ELDON1_Data/Week16\ELDON1_20250426_052100.wav,20250426
1635,1638,Sturnella magna,Eastern Meadowlark,0.6087,D:/AcousticMonitoringData/ELDON1_Data/Week16\ELDON1_20250426_052100.wav,20250426
1635,1638,Bartramia longicauda,Upland Sandpiper,0.0222,D:/AcousticMonitoringData/ELDON1_Data/Week16\ELDON1_20250426_052100.wav,20250426
1641,1644,Spizella pusilla,Field Sparrow,0.2015,D:/AcousticMonitoringData/ELDON1_Data/Week16\ELDON1_20250426_052100.wav,20250426
1647,1650,Spizella pusilla,Field Sparrow,0.0571,D:/AcousticMonitoringData/ELDON1_Data/Week16\ELDON1_20250426_052100.wav,20250426
1647,1650,Passerina caerulea,Blue Grosbeak,0.0127,D:/AcousticMonitoringData/ELDON1_Data/Week16\ELDON1_20250426_052100.wav,20250426
1650,1653,Sturnella magna,Eastern Meadowlark,0.0145,D:/AcousticMonitoringData/ELDON1_Data/Week16\ELDON1_20250426_052100.wav,20250426
1653,1656,Sturnella magna,Eastern Meadowlark,0.0205,D:/AcousticMonitoringData/ELDON1_Data/Week16\ELDON1_20250426_052100.wav,20250426
1656,1659,Sturnella magna,Eastern Meadowlark,0.2168,D:/AcousticMonitoringData/ELDON1_Data/Week16\ELDON1_20250426_052100.wav,20250426
1668,1671,Spizella pusilla,Field Sparrow,0.0397,D:/AcousticMonitoringData/ELDON1_Data/Week16\ELDON1_20250426_052100.wav,20250426
1668,1671,Passerina caerulea,Blue Grosbeak,0.0164,D:/AcousticMonitoringData/ELDON1_Data/Week16\ELDON1_20250426_052100.wav,20250426
1668,1671,Sturnella magna,Eastern Meadowlark,0.0122,D:/AcousticMonitoringData/ELDON1_Data/Week16\ELDON1_20250426_052100.wav,20250426
1671,1674,Sturnella magna,Eastern Meadowlark,0.0168,D:/AcousticMonitoringData/ELDON1_Data/Week16\ELDON1_20250426_052100.wav,20250426
1671,1674,Bartramia longicauda,Upland Sandpiper,0.0114,D:/AcousticMonitoringData/ELDON1_Data/Week16\ELDON1_20250426_052100.wav,20250426
1674,1677,Sturnella magna,Eastern Meadowlark,0.0161,D:/AcousticMonitoringData/ELDON1_Data/Week16\ELDON1_20250426_052100.wav,20250426
1677,1680,Sturnella magna,Eastern Meadowlark,0.2757,D:/AcousticMonitoringData/ELDON1_Data/Week16\ELDON1_20250426_052100.wav,20250426
1680,1683,Sturnella magna,Eastern Meadowlark,0.0461,D:/AcousticMonitoringData/ELDON1_Data/Week16\ELDON1_20250426_052100.wav,20250426
1680,1683,Passerina caerulea,Blue Grosbeak,0.0163,D:/AcousticMonitoringData/ELDON1_Data/Week16\ELDON1_20250426_052100.wav,20250426
1680,1683,Spizella pusilla,Field Sparrow,0.0103,D:/AcousticMonitoringData/ELDON1_Data/Week16\ELDON1_20250426_052100.wav,20250426
1695,1698,Sturnella magna,Eastern Meadowlark,0.0138,D:/AcousticMonitoringData/ELDON1_Data/Week16\ELDON1_20250426_052100.wav,20250426
1695,1698,Spizella pusilla,Field Sparrow,0.0114,D:/AcousticMonitoringData/ELDON1_Data/Week16\ELDON1_20250426_052100.wav,20250426
1695,1698,Eremophila alpestris,Horned Lark,0.0111,D:/AcousticMonitoringData/ELDON1_Data/Week16\ELDON1_20250426_052100.wav,20250426
1695,1698,Passerina caerulea,Blue Grosbeak,0.0104,D:/AcousticMonitoringData/ELDON1_Data/Week16\ELDON1_20250426_052100.wav,20250426
1698,1701,Sturnella magna,Eastern Meadowlark,0.0145,D:/AcousticMonitoringData/ELDON1_Data/Week16\ELDON1_20250426_052100.wav,20250426
1698,1701,Bartramia longicauda,Upland Sandpiper,0.0101,D:/AcousticMonitoringData/ELDON1_Data/Week16\ELDON1_20250426_052100.wav,20250426
1701,1704,Spizella pusilla,Field Sparrow,0.0601,D:/AcousticMonitoringData/ELDON1_Data/Week16\ELDON1_20250426_052100.wav,20250426
1701,1704,Passerina caerulea,Blue Grosbeak,0.0352,D:/AcousticMonitoringData/ELDON1_Data/Week16\ELDON1_20250426_052100.wav,20250426
1701,1704,Sturnella magna,Eastern Meadowlark,0.0281,D:/AcousticMonitoringData/ELDON1_Data/Week16\ELDON1_20250426_052100.wav,20250426
1707,1710,Sturnella magna,Eastern Meadowlark,0.0129,D:/AcousticMonitoringData/ELDON1_Data/Week16\ELDON1_20250426_052100.wav,20250426
1707,1710,Eremophila alpestris,Horned Lark,0.0105,D:/AcousticMonitoringData/ELDON1_Data/Week16\ELDON1_20250426_052100.wav,20250426
1710,1713,Sturnella magna,Eastern Meadowlark,0.0417,D:/AcousticMonitoringData/ELDON1_Data/Week16\ELDON1_20250426_052100.wav,20250426
1710,1713,Bartramia longicauda,Upland Sandpiper,0.0202,D:/AcousticMonitoringData/ELDON1_Data/Week16\ELDON1_20250426_052100.wav,20250426
1710,1713,Spizella pusilla,Field Sparrow,0.0125,D:/AcousticMonitoringData/ELDON1_Data/Week16\ELDON1_20250426_052100.wav,20250426
1713,1716,Sturnella magna,Eastern Meadowlark,0.0188,D:/AcousticMonitoringData/ELDON1_Data/Week16\ELDON1_20250426_052100.wav,20250426
1719,1722,Sturnella magna,Eastern Meadowlark,0.0137,D:/AcousticMonitoringData/ELDON1_Data/Week16\ELDON1_20250426_052100.wav,20250426
1728,1731,Sturnella magna,Eastern Meadowlark,0.0141,D:/AcousticMonitoringData/ELDON1_Data/Week16\ELDON1_20250426_052100.wav,20250426
1734,1737,Spizella pusilla,Field Sparrow,0.0131,D:/AcousticMonitoringData/ELDON1_Data/Week16\ELDON1_20250426_052100.wav,20250426
1737,1740,Sturnella magna,Eastern Meadowlark,0.0166,D:/AcousticMonitoringData/ELDON1_Data/Week16\ELDON1_20250426_052100.wav,20250426
1743,1746,Sturnella magna,Eastern Meadowlark,0.0235,D:/AcousticMonitoringData/ELDON1_Data/Week16\ELDON1_20250426_052100.wav,20250426
1743,1746,Spizella pusilla,Field Sparrow,0.015,D:/AcousticMonitoringData/ELDON1_Data/Week16\ELDON1_20250426_052100.wav,20250426
1743,1746,Eremophila alpestris,Horned Lark,0.0135,D:/AcousticMonitoringData/ELDON1_Data/Week16\ELDON1_20250426_052100.wav,20250426
1746,1749,Sturnella magna,Eastern Meadowlark,0.0133,D:/AcousticMonitoringData/ELDON1_Data/Week16\ELDON1_20250426_052100.wav,20250426
1746,1749,Passerina caerulea,Blue Grosbeak,0.013,D:/AcousticMonitoringData/ELDON1_Data/Week16\ELDON1_20250426_052100.wav,20250426
1767,1770,Sturnella magna,Eastern Meadowlark,0.0137,D:/AcousticMonitoringData/ELDON1_Data/Week16\ELDON1_20250426_052100.wav,20250426
1770,1773,Sturnella magna,Eastern Meadowlark,0.0142,D:/AcousticMonitoringData/ELDON1_Data/Week16\ELDON1_20250426_052100.wav,20250426
1770,1773,Eremophila alpestris,Horned Lark,0.0141,D:/AcousticMonitoringData/ELDON1_Data/Week16\ELDON1_20250426_052100.wav,20250426
1770,1773,Bartramia longicauda,Upland Sandpiper,0.0123,D:/AcousticMonitoringData/ELDON1_Data/Week16\ELDON1_20250426_052100.wav,20250426
1776,1779,Sturnella magna,Eastern Meadowlark,0.0102,D:/AcousticMonitoringData/ELDON1_Data/Week16\ELDON1_20250426_052100.wav,20250426
1779,1782,Spizella pusilla,Field Sparrow,0.0739,D:/AcousticMonitoringData/ELDON1_Data/Week16\ELDON1_20250426_052100.wav,20250426
1782,1785,Sturnella magna,Eastern Meadowlark,0.0119,D:/AcousticMonitoringData/ELDON1_Data/Week16\ELDON1_20250426_052100.wav,20250426
1785,1788,Bartramia longicauda,Upland Sandpiper,0.0212,D:/AcousticMonitoringData/ELDON1_Data/Week16\ELDON1_20250426_052100.wav,20250426
1788,1791,Spizella pusilla,Field Sparrow,0.0108,D:/AcousticMonitoringData/ELDON1_Data/Week16\ELDON1_20250426_052100.wav,20250426
1791,1794,Spizella pusilla,Field Sparrow,0.0278,D:/AcousticMonitoringData/ELDON1_Data/Week16\ELDON1_20250426_052100.wav,20250426
1791,1794,Passerina caerulea,Blue Grosbeak,0.0103,D:/AcousticMonitoringData/ELDON1_Data/Week16\ELDON1_20250426_052100.wav,20250426
1791,1794,Sturnella magna,Eastern Meadowlark,0.0101,D:/AcousticMonitoringData/ELDON1_Data/Week16\ELDON1_20250426_052100.wav,20250426
1800,1803,Sturnella magna,Eastern Meadowlark,0.0361,D:/AcousticMonitoringData/ELDON1_Data/Week16\ELDON1_20250426_052100.wav,20250426
1800,1803,Spizella pusilla,Field Sparrow,0.0178,D:/AcousticMonitoringData/ELDON1_Data/Week16\ELDON1_20250426_052100.wav,20250426
1800,1803,Passerina caerulea,Blue Grosbeak,0.0116,D:/AcousticMonitoringData/ELDON1_Data/Week16\ELDON1_20250426_052100.wav,20250426
1806,1809,Spizella pusilla,Field Sparrow,0.0247,D:/AcousticMonitoringData/ELDON1_Data/Week16\ELDON1_20250426_052100.wav,20250426
1809,1812,Spizella pusilla,Field Sparrow,0.0228,D:/AcousticMonitoringData/ELDON1_Data/Week16\ELDON1_20250426_052100.wav,20250426
1809,1812,Eremophila alpestris,Horned Lark,0.0101,D:/AcousticMonitoringData/ELDON1_Data/Week16\ELDON1_20250426_052100.wav,20250426
1821,1824,Sturnella magna,Eastern Meadowlark,0.0685,D:/AcousticMonitoringData/ELDON1_Data/Week16\ELDON1_20250426_052100.wav,20250426
1821,1824,Spizella pusilla,Field Sparrow,0.0421,D:/AcousticMonitoringData/ELDON1_Data/Week16\ELDON1_20250426_052100.wav,20250426
1821,1824,Eremophila alpestris,Horned Lark,0.0104,D:/AcousticMonitoringData/ELDON1_Data/Week16\ELDON1_20250426_052100.wav,20250426
1824,1827,Spizella pusilla,Field Sparrow,0.0125,D:/AcousticMonitoringData/ELDON1_Data/Week16\ELDON1_20250426_052100.wav,20250426
1827,1830,Spizella pusilla,Field Sparrow,0.0173,D:/AcousticMonitoringData/ELDON1_Data/Week16\ELDON1_20250426_052100.wav,20250426
1830,1833,Sturnella magna,Eastern Meadowlark,0.0107,D:/AcousticMonitoringData/ELDON1_Data/Week16\ELDON1_20250426_052100.wav,20250426
1836,1839,Spizella pusilla,Field Sparrow,0.0129,D:/AcousticMonitoringData/ELDON1_Data/Week16\ELDON1_20250426_052100.wav,20250426
1839,1842,Sturnella magna,Eastern Meadowlark,0.0148,D:/AcousticMonitoringData/ELDON1_Data/Week16\ELDON1_20250426_052100.wav,20250426
1842,1845,Sturnella magna,Eastern Meadowlark,0.016,D:/AcousticMonitoringData/ELDON1_Data/Week16\ELDON1_20250426_052100.wav,20250426
1842,1845,Spizella pusilla,Field Sparrow,0.0152,D:/AcousticMonitoringData/ELDON1_Data/Week16\ELDON1_20250426_052100.wav,20250426
1842,1845,Passerina caerulea,Blue Grosbeak,0.0135,D:/AcousticMonitoringData/ELDON1_Data/Week16\ELDON1_20250426_052100.wav,20250426
1845,1848,Sturnella magna,Eastern Meadowlark,0.0111,D:/AcousticMonitoringData/ELDON1_Data/Week16\ELDON1_20250426_052100.wav,20250426
1854,1857,Sturnella magna,Eastern Meadowlark,0.0151,D:/AcousticMonitoringData/ELDON1_Data/Week16\ELDON1_20250426_052100.wav,20250426
1854,1857,Eremophila alpestris,Horned Lark,0.0129,D:/AcousticMonitoringData/ELDON1_Data/Week16\ELDON1_20250426_052100.wav,20250426
1854,1857,Passerina caerulea,Blue Grosbeak,0.011,D:/AcousticMonitoringData/ELDON1_Data/Week16\ELDON1_20250426_052100.wav,20250426
1857,1860,Sturnella magna,Eastern Meadowlark,0.0482,D:/AcousticMonitoringData/ELDON1_Data/Week16\ELDON1_20250426_052100.wav,20250426
1857,1860,Spizella pusilla,Field Sparrow,0.015,D:/AcousticMonitoringData/ELDON1_Data/Week16\ELDON1_20250426_052100.wav,20250426
1857,1860,Bartramia longicauda,Upland Sandpiper,0.0114,D:/AcousticMonitoringData/ELDON1_Data/Week16\ELDON1_20250426_052100.wav,20250426
1860,1863,Sturnella magna,Eastern Meadowlark,0.0263,D:/AcousticMonitoringData/ELDON1_Data/Week16\ELDON1_20250426_052100.wav,20250426
1860,1863,Spizella pusilla,Field Sparrow,0.02,D:/AcousticMonitoringData/ELDON1_Data/Week16\ELDON1_20250426_052100.wav,20250426
1866,1869,Sturnella magna,Eastern Meadowlark,0.0245,D:/AcousticMonitoringData/ELDON1_Data/Week16\ELDON1_20250426_052100.wav,20250426
1866,1869,Spizella pusilla,Field Sparrow,0.0147,D:/AcousticMonitoringData/ELDON1_Data/Week16\ELDON1_20250426_052100.wav,20250426
1869,1872,Sturnella magna,Eastern Meadowlark,0.0282,D:/AcousticMonitoringData/ELDON1_Data/Week16\ELDON1_20250426_052100.wav,20250426
1869,1872,Spizella pusilla,Field Sparrow,0.0127,D:/AcousticMonitoringData/ELDON1_Data/Week16\ELDON1_20250426_052100.wav,20250426
1869,1872,Passerina caerulea,Blue Grosbeak,0.0119,D:/AcousticMonitoringData/ELDON1_Data/Week16\ELDON1_20250426_052100.wav,20250426
1872,1875,Spizella pusilla,Field Sparrow,0.0141,D:/AcousticMonitoringData/ELDON1_Data/Week16\ELDON1_20250426_052100.wav,20250426
1881,1884,Eremophila alpestris,Horned Lark,0.014,D:/AcousticMonitoringData/ELDON1_Data/Week16\ELDON1_20250426_052100.wav,20250426
1881,1884,Spizella pusilla,Field Sparrow,0.0133,D:/AcousticMonitoringData/ELDON1_Data/Week16\ELDON1_20250426_052100.wav,20250426
1893,1896,Spizella pusilla,Field Sparrow,0.0104,D:/AcousticMonitoringData/ELDON1_Data/Week16\ELDON1_20250426_052100.wav,20250426
1896,1899,Sturnella magna,Eastern Meadowlark,0.0135,D:/AcousticMonitoringData/ELDON1_Data/Week16\ELDON1_20250426_052100.wav,20250426
1902,1905,Spizella pusilla,Field Sparrow,0.0203,D:/AcousticMonitoringData/ELDON1_Data/Week16\ELDON1_20250426_052100.wav,20250426
1902,1905,Sturnella magna,Eastern Meadowlark,0.013,D:/AcousticMonitoringData/ELDON1_Data/Week16\ELDON1_20250426_052100.wav,20250426
1902,1905,Passerina caerulea,Blue Grosbeak,0.0109,D:/AcousticMonitoringData/ELDON1_Data/Week16\ELDON1_20250426_052100.wav,20250426
1905,1908,Sturnella magna,Eastern Meadowlark,0.0132,D:/AcousticMonitoringData/ELDON1_Data/Week16\ELDON1_20250426_052100.wav,20250426
1911,1914,Sturnella magna,Eastern Meadowlark,0.0317,D:/AcousticMonitoringData/ELDON1_Data/Week16\ELDON1_20250426_052100.wav,20250426
1911,1914,Spizella pusilla,Field Sparrow,0.0172,D:/AcousticMonitoringData/ELDON1_Data/Week16\ELDON1_20250426_052100.wav,20250426
1920,1923,Sturnella magna,Eastern Meadowlark,0.0421,D:/AcousticMonitoringData/ELDON1_Data/Week16\ELDON1_20250426_052100.wav,20250426
1920,1923,Spizella pusilla,Field Sparrow,0.0328,D:/AcousticMonitoringData/ELDON1_Data/Week16\ELDON1_20250426_052100.wav,20250426
1923,1926,Sturnella magna,Eastern Meadowlark,0.6419,D:/AcousticMonitoringData/ELDON1_Data/Week16\ELDON1_20250426_052100.wav,20250426
1923,1926,Bartramia longicauda,Upland Sandpiper,0.0118,D:/AcousticMonitoringData/ELDON1_Data/Week16\ELDON1_20250426_052100.wav,20250426
1926,1929,Sturnella magna,Eastern Meadowlark,0.0533,D:/AcousticMonitoringData/ELDON1_Data/Week16\ELDON1_20250426_052100.wav,20250426
1929,1932,Sturnella magna,Eastern Meadowlark,0.0114,D:/AcousticMonitoringData/ELDON1_Data/Week16\ELDON1_20250426_052100.wav,20250426
1929,1932,Bartramia longicauda,Upland Sandpiper,0.01,D:/AcousticMonitoringData/ELDON1_Data/Week16\ELDON1_20250426_052100.wav,20250426
1935,1938,Sturnella magna,Eastern Meadowlark,0.1219,D:/AcousticMonitoringData/ELDON1_Data/Week16\ELDON1_20250426_052100.wav,20250426
1935,1938,Spizella pusilla,Field Sparrow,0.0245,D:/AcousticMonitoringData/ELDON1_Data/Week16\ELDON1_20250426_052100.wav,20250426
1938,1941,Sturnella magna,Eastern Meadowlark,0.1714,D:/AcousticMonitoringData/ELDON1_Data/Week16\ELDON1_20250426_052100.wav,20250426
1944,1947,Sturnella magna,Eastern Meadowlark,0.0224,D:/AcousticMonitoringData/ELDON1_Data/Week16\ELDON1_20250426_052100.wav,20250426
1944,1947,Spizella pusilla,Field Sparrow,0.0223,D:/AcousticMonitoringData/ELDON1_Data/Week16\ELDON1_20250426_052100.wav,20250426
1947,1950,Sturnella magna,Eastern Meadowlark,0.0164,D:/AcousticMonitoringData/ELDON1_Data/Week16\ELDON1_20250426_052100.wav,20250426
1953,1956,Sturnella magna,Eastern Meadowlark,0.1148,D:/AcousticMonitoringData/ELDON1_Data/Week16\ELDON1_20250426_052100.wav,20250426
1956,1959,Spizella pusilla,Field Sparrow,0.0199,D:/AcousticMonitoringData/ELDON1_Data/Week16\ELDON1_20250426_052100.wav,20250426
1959,1962,Sturnella magna,Eastern Meadowlark,0.0383,D:/AcousticMonitoringData/ELDON1_Data/Week16\ELDON1_20250426_052100.wav,20250426
1965,1968,Sturnella magna,Eastern Meadowlark,0.0143,D:/AcousticMonitoringData/ELDON1_Data/Week16\ELDON1_20250426_052100.wav,20250426
1968,1971,Sturnella magna,Eastern Meadowlark,0.0501,D:/AcousticMonitoringData/ELDON1_Data/Week16\ELDON1_20250426_052100.wav,20250426
1977,1980,Sturnella magna,Eastern Meadowlark,0.5775,D:/AcousticMonitoringData/ELDON1_Data/Week16\ELDON1_20250426_052100.wav,20250426
1983,1986,Passerina caerulea,Blue Grosbeak,0.0161,D:/AcousticMonitoringData/ELDON1_Data/Week16\ELDON1_20250426_052100.wav,20250426
1983,1986,Sturnella magna,Eastern Meadowlark,0.0159,D:/AcousticMonitoringData/ELDON1_Data/Week16\ELDON1_20250426_052100.wav,20250426
1983,1986,Spizella pusilla,Field Sparrow,0.0144,D:/AcousticMonitoringData/ELDON1_Data/Week16\ELDON1_20250426_052100.wav,20250426
1986,1989,Spizella pusilla,Field Sparrow,0.0898,D:/AcousticMonitoringData/ELDON1_Data/Week16\ELDON1_20250426_052100.wav,20250426
1989,1992,Spizella pusilla,Field Sparrow,0.0166,D:/AcousticMonitoringData/ELDON1_Data/Week16\ELDON1_20250426_052100.wav,20250426
1989,1992,Passerina caerulea,Blue Grosbeak,0.0106,D:/AcousticMonitoringData/ELDON1_Data/Week16\ELDON1_20250426_052100.wav,20250426
1995,1998,Bartramia longicauda,Upland Sandpiper,0.0133,D:/AcousticMonitoringData/ELDON1_Data/Week16\ELDON1_20250426_052100.wav,20250426
1998,2001,Sturnella magna,Eastern Meadowlark,0.0142,D:/AcousticMonitoringData/ELDON1_Data/Week16\ELDON1_20250426_052100.wav,20250426
2007,2010,Sturnella magna,Eastern Meadowlark,0.0228,D:/AcousticMonitoringData/ELDON1_Data/Week16\ELDON1_20250426_052100.wav,20250426
2010,2013,Sturnella magna,Eastern Meadowlark,0.0278,D:/AcousticMonitoringData/ELDON1_Data/Week16\ELDON1_20250426_052100.wav,20250426
2016,2019,Sturnella magna,Eastern Meadowlark,0.0108,D:/AcousticMonitoringData/ELDON1_Data/Week16\ELDON1_20250426_052100.wav,20250426
2019,2022,Sturnella magna,Eastern Meadowlark,0.0488,D:/AcousticMonitoringData/ELDON1_Data/Week16\ELDON1_20250426_052100.wav,20250426
2022,2025,Sturnella magna,Eastern Meadowlark,0.4792,D:/AcousticMonitoringData/ELDON1_Data/Week16\ELDON1_20250426_052100.wav,20250426
2031,2034,Sturnella magna,Eastern Meadowlark,0.4624,D:/AcousticMonitoringData/ELDON1_Data/Week16\ELDON1_20250426_052100.wav,20250426
2031,2034,Bartramia longicauda,Upland Sandpiper,0.0124,D:/AcousticMonitoringData/ELDON1_Data/Week16\ELDON1_20250426_052100.wav,20250426
2034,2037,Sturnella magna,Eastern Meadowlark,0.0105,D:/AcousticMonitoringData/ELDON1_Data/Week16\ELDON1_20250426_052100.wav,20250426
2040,2043,Sturnella magna,Eastern Meadowlark,0.2668,D:/AcousticMonitoringData/ELDON1_Data/Week16\ELDON1_20250426_052100.wav,20250426
2040,2043,Bartramia longicauda,Upland Sandpiper,0.0197,D:/AcousticMonitoringData/ELDON1_Data/Week16\ELDON1_20250426_052100.wav,20250426
2046,2049,Sturnella magna,Eastern Meadowlark,0.0186,D:/AcousticMonitoringData/ELDON1_Data/Week16\ELDON1_20250426_052100.wav,20250426
2049,2052,Sturnella magna,Eastern Meadowlark,0.1075,D:/AcousticMonitoringData/ELDON1_Data/Week16\ELDON1_20250426_052100.wav,20250426
2049,2052,Passerina caerulea,Blue Grosbeak,0.0118,D:/AcousticMonitoringData/ELDON1_Data/Week16\ELDON1_20250426_052100.wav,20250426
2052,2055,Sturnella magna,Eastern Meadowlark,0.0213,D:/AcousticMonitoringData/ELDON1_Data/Week16\ELDON1_20250426_052100.wav,20250426
2055,2058,Spizella pusilla,Field Sparrow,0.0208,D:/AcousticMonitoringData/ELDON1_Data/Week16\ELDON1_20250426_052100.wav,20250426
2055,2058,Passerina caerulea,Blue Grosbeak,0.0112,D:/AcousticMonitoringData/ELDON1_Data/Week16\ELDON1_20250426_052100.wav,20250426
2055,2058,Sturnella magna,Eastern Meadowlark,0.0109,D:/AcousticMonitoringData/ELDON1_Data/Week16\ELDON1_20250426_052100.wav,20250426
2058,2061,Sturnella magna,Eastern Meadowlark,0.0153,D:/AcousticMonitoringData/ELDON1_Data/Week16\ELDON1_20250426_052100.wav,20250426
2061,2064,Sturnella magna,Eastern Meadowlark,0.2028,D:/AcousticMonitoringData/ELDON1_Data/Week16\ELDON1_20250426_052100.wav,20250426
2061,2064,Bartramia longicauda,Upland Sandpiper,0.0115,D:/AcousticMonitoringData/ELDON1_Data/Week16\ELDON1_20250426_052100.wav,20250426
2067,2070,Sturnella magna,Eastern Meadowlark,0.0218,D:/AcousticMonitoringData/ELDON1_Data/Week16\ELDON1_20250426_052100.wav,20250426
2067,2070,Spizella pusilla,Field Sparrow,0.0166,D:/AcousticMonitoringData/ELDON1_Data/Week16\ELDON1_20250426_052100.wav,20250426
2067,2070,Passerina caerulea,Blue Grosbeak,0.0125,D:/AcousticMonitoringData/ELDON1_Data/Week16\ELDON1_20250426_052100.wav,20250426
2070,2073,Sturnella magna,Eastern Meadowlark,0.393,D:/AcousticMonitoringData/ELDON1_Data/Week16\ELDON1_20250426_052100.wav,20250426
2070,2073,Bartramia longicauda,Upland Sandpiper,0.0114,D:/AcousticMonitoringData/ELDON1_Data/Week16\ELDON1_20250426_052100.wav,20250426
2073,2076,Sturnella magna,Eastern Meadowlark,0.0203,D:/AcousticMonitoringData/ELDON1_Data/Week16\ELDON1_20250426_052100.wav,20250426
2073,2076,Passerina caerulea,Blue Grosbeak,0.0194,D:/AcousticMonitoringData/ELDON1_Data/Week16\ELDON1_20250426_052100.wav,20250426
2073,2076,Spizella pusilla,Field Sparrow,0.017,D:/AcousticMonitoringData/ELDON1_Data/Week16\ELDON1_20250426_052100.wav,20250426
2076,2079,Sturnella magna,Eastern Meadowlark,0.0211,D:/AcousticMonitoringData/ELDON1_Data/Week16\ELDON1_20250426_052100.wav,20250426
2079,2082,Spizella pusilla,Field Sparrow,0.0689,D:/AcousticMonitoringData/ELDON1_Data/Week16\ELDON1_20250426_052100.wav,20250426
2079,2082,Sturnella magna,Eastern Meadowlark,0.0323,D:/AcousticMonitoringData/ELDON1_Data/Week16\ELDON1_20250426_052100.wav,20250426
2079,2082,Passerina caerulea,Blue Grosbeak,0.0282,D:/AcousticMonitoringData/ELDON1_Data/Week16\ELDON1_20250426_052100.wav,20250426
2082,2085,Sturnella magna,Eastern Meadowlark,0.271,D:/AcousticMonitoringData/ELDON1_Data/Week16\ELDON1_20250426_052100.wav,20250426
2085,2088,Sturnella magna,Eastern Meadowlark,0.0118,D:/AcousticMonitoringData/ELDON1_Data/Week16\ELDON1_20250426_052100.wav,20250426
2091,2094,Sturnella magna,Eastern Meadowlark,0.0468,D:/AcousticMonitoringData/ELDON1_Data/Week16\ELDON1_20250426_052100.wav,20250426
2094,2097,Sturnella magna,Eastern Meadowlark,0.228,D:/AcousticMonitoringData/ELDON1_Data/Week16\ELDON1_20250426_052100.wav,20250426
2094,2097,Eremophila alpestris,Horned Lark,0.0258,D:/AcousticMonitoringData/ELDON1_Data/Week16\ELDON1_20250426_052100.wav,20250426
2094,2097,Bartramia longicauda,Upland Sandpiper,0.0166,D:/AcousticMonitoringData/ELDON1_Data/Week16\ELDON1_20250426_052100.wav,20250426
2097,2100,Sturnella magna,Eastern Meadowlark,0.016,D:/AcousticMonitoringData/ELDON1_Data/Week16\ELDON1_20250426_052100.wav,20250426
2097,2100,Spizella pusilla,Field Sparrow,0.0139,D:/AcousticMonitoringData/ELDON1_Data/Week16\ELDON1_20250426_052100.wav,20250426
2097,2100,Passerina caerulea,Blue Grosbeak,0.013,D:/AcousticMonitoringData/ELDON1_Data/Week16\ELDON1_20250426_052100.wav,20250426
2100,2103,Sturnella magna,Eastern Meadowlark,0.0338,D:/AcousticMonitoringData/ELDON1_Data/Week16\ELDON1_20250426_052100.wav,20250426
2100,2103,Spizella pusilla,Field Sparrow,0.0169,D:/AcousticMonitoringData/ELDON1_Data/Week16\ELDON1_20250426_052100.wav,20250426
2106,2109,Sturnella magna,Eastern Meadowlark,0.4444,D:/AcousticMonitoringData/ELDON1_Data/Week16\ELDON1_20250426_052100.wav,20250426
2109,2112,Eremophila alpestris,Horned Lark,0.0162,D:/AcousticMonitoringData/ELDON1_Data/Week16\ELDON1_20250426_052100.wav,20250426
2109,2112,Sturnella magna,Eastern Meadowlark,0.0127,D:/AcousticMonitoringData/ELDON1_Data/Week16\ELDON1_20250426_052100.wav,20250426
2118,2121,Spizella pusilla,Field Sparrow,0.0824,D:/AcousticMonitoringData/ELDON1_Data/Week16\ELDON1_20250426_052100.wav,20250426
2121,2124,Spizella pusilla,Field Sparrow,0.042,D:/AcousticMonitoringData/ELDON1_Data/Week16\ELDON1_20250426_052100.wav,20250426
2121,2124,Sturnella magna,Eastern Meadowlark,0.0116,D:/AcousticMonitoringData/ELDON1_Data/Week16\ELDON1_20250426_052100.wav,20250426
2127,2130,Sturnella magna,Eastern Meadowlark,0.013,D:/AcousticMonitoringData/ELDON1_Data/Week16\ELDON1_20250426_052100.wav,20250426
2130,2133,Sturnella magna,Eastern Meadowlark,0.3993,D:/AcousticMonitoringData/ELDON1_Data/Week16\ELDON1_20250426_052100.wav,20250426
2130,2133,Bartramia longicauda,Upland Sandpiper,0.0187,D:/AcousticMonitoringData/ELDON1_Data/Week16\ELDON1_20250426_052100.wav,20250426
2133,2136,Spizella pusilla,Field Sparrow,0.1816,D:/AcousticMonitoringData/ELDON1_Data/Week16\ELDON1_20250426_052100.wav,20250426
2136,2139,Sturnella magna,Eastern Meadowlark,0.2018,D:/AcousticMonitoringData/ELDON1_Data/Week16\ELDON1_20250426_052100.wav,20250426
2136,2139,Bartramia longicauda,Upland Sandpiper,0.0209,D:/AcousticMonitoringData/ELDON1_Data/Week16\ELDON1_20250426_052100.wav,20250426
2139,2142,Spizella pusilla,Field Sparrow,0.0524,D:/AcousticMonitoringData/ELDON1_Data/Week16\ELDON1_20250426_052100.wav,20250426
2142,2145,Sturnella magna,Eastern Meadowlark,0.1766,D:/AcousticMonitoringData/ELDON1_Data/Week16\ELDON1_20250426_052100.wav,20250426
2148,2151,Sturnella magna,Eastern Meadowlark,0.18,D:/AcousticMonitoringData/ELDON1_Data/Week16\ELDON1_20250426_052100.wav,20250426
2148,2151,Eremophila alpestris,Horned Lark,0.0141,D:/AcousticMonitoringData/ELDON1_Data/Week16\ELDON1_20250426_052100.wav,20250426
2151,2154,Sturnella magna,Eastern Meadowlark,0.0388,D:/AcousticMonitoringData/ELDON1_Data/Week16\ELDON1_20250426_052100.wav,20250426
2154,2157,Sturnella magna,Eastern Meadowlark,0.0866,D:/AcousticMonitoringData/ELDON1_Data/Week16\ELDON1_20250426_052100.wav,20250426
2157,2160,Sturnella magna,Eastern Meadowlark,0.1324,D:/AcousticMonitoringData/ELDON1_Data/Week16\ELDON1_20250426_052100.wav,20250426
2157,2160,Bartramia longicauda,Upland Sandpiper,0.0151,D:/AcousticMonitoringData/ELDON1_Data/Week16\ELDON1_20250426_052100.wav,20250426
2160,2163,Sturnella magna,Eastern Meadowlark,0.0421,D:/AcousticMonitoringData/ELDON1_Data/Week16\ELDON1_20250426_052100.wav,20250426
2163,2166,Sturnella magna,Eastern Meadowlark,0.3386,D:/AcousticMonitoringData/ELDON1_Data/Week16\ELDON1_20250426_052100.wav,20250426
2163,2166,Spizella pusilla,Field Sparrow,0.0174,D:/AcousticMonitoringData/ELDON1_Data/Week16\ELDON1_20250426_052100.wav,20250426
2169,2172,Sturnella magna,Eastern Meadowlark,0.3981,D:/AcousticMonitoringData/ELDON1_Data/Week16\ELDON1_20250426_052100.wav,20250426
2172,2175,Sturnella magna,Eastern Meadowlark,0.2173,D:/AcousticMonitoringData/ELDON1_Data/Week16\ELDON1_20250426_052100.wav,20250426
2172,2175,Bartramia longicauda,Upland Sandpiper,0.0108,D:/AcousticMonitoringData/ELDON1_Data/Week16\ELDON1_20250426_052100.wav,20250426
2175,2178,Sturnella magna,Eastern Meadowlark,0.0402,D:/AcousticMonitoringData/ELDON1_Data/Week16\ELDON1_20250426_052100.wav,20250426
2178,2181,Sturnella magna,Eastern Meadowlark,0.342,D:/AcousticMonitoringData/ELDON1_Data/Week16\ELDON1_20250426_052100.wav,20250426
2184,2187,Sturnella magna,Eastern Meadowlark,0.1113,D:/AcousticMonitoringData/ELDON1_Data/Week16\ELDON1_20250426_052100.wav,20250426
2190,2193,Sturnella magna,Eastern Meadowlark,0.325,D:/AcousticMonitoringData/ELDON1_Data/Week16\ELDON1_20250426_052100.wav,20250426
2190,2193,Bartramia longicauda,Upland Sandpiper,0.0211,D:/AcousticMonitoringData/ELDON1_Data/Week16\ELDON1_20250426_052100.wav,20250426
2196,2199,Sturnella magna,Eastern Meadowlark,0.3945,D:/AcousticMonitoringData/ELDON1_Data/Week16\ELDON1_20250426_052100.wav,20250426
2199,2202,Sturnella magna,Eastern Meadowlark,0.1465,D:/AcousticMonitoringData/ELDON1_Data/Week16\ELDON1_20250426_052100.wav,20250426
2199,2202,Passerina caerulea,Blue Grosbeak,0.0255,D:/AcousticMonitoringData/ELDON1_Data/Week16\ELDON1_20250426_052100.wav,20250426
2199,2202,Spizella pusilla,Field Sparrow,0.0219,D:/AcousticMonitoringData/ELDON1_Data/Week16\ELDON1_20250426_052100.wav,20250426
2202,2205,Sturnella magna,Eastern Meadowlark,0.7809,D:/AcousticMonitoringData/ELDON1_Data/Week16\ELDON1_20250426_052100.wav,20250426
2205,2208,Sturnella magna,Eastern Meadowlark,0.0422,D:/AcousticMonitoringData/ELDON1_Data/Week16\ELDON1_20250426_052100.wav,20250426
2208,2211,Sturnella magna,Eastern Meadowlark,0.1061,D:/AcousticMonitoringData/ELDON1_Data/Week16\ELDON1_20250426_052100.wav,20250426
2211,2214,Sturnella magna,Eastern Meadowlark,0.3271,D:/AcousticMonitoringData/ELDON1_Data/Week16\ELDON1_20250426_052100.wav,20250426
2214,2217,Sturnella magna,Eastern Meadowlark,0.0391,D:/AcousticMonitoringData/ELDON1_Data/Week16\ELDON1_20250426_052100.wav,20250426
2214,2217,Spizella pusilla,Field Sparrow,0.0189,D:/AcousticMonitoringData/ELDON1_Data/Week16\ELDON1_20250426_052100.wav,20250426
2217,2220,Sturnella magna,Eastern Meadowlark,0.2621,D:/AcousticMonitoringData/ELDON1_Data/Week16\ELDON1_20250426_052100.wav,20250426
2220,2223,Sturnella magna,Eastern Meadowlark,0.0247,D:/AcousticMonitoringData/ELDON1_Data/Week16\ELDON1_20250426_052100.wav,20250426
2223,2226,Sturnella magna,Eastern Meadowlark,0.1049,D:/AcousticMonitoringData/ELDON1_Data/Week16\ELDON1_20250426_052100.wav,20250426
2226,2229,Sturnella magna,Eastern Meadowlark,0.0385,D:/AcousticMonitoringData/ELDON1_Data/Week16\ELDON1_20250426_052100.wav,20250426
2226,2229,Spizella pusilla,Field Sparrow,0.0148,D:/AcousticMonitoringData/ELDON1_Data/Week16\ELDON1_20250426_052100.wav,20250426
2229,2232,Sturnella magna,Eastern Meadowlark,0.1765,D:/AcousticMonitoringData/ELDON1_Data/Week16\ELDON1_20250426_052100.wav,20250426
2229,2232,Spizella pusilla,Field Sparrow,0.0556,D:/AcousticMonitoringData/ELDON1_Data/Week16\ELDON1_20250426_052100.wav,20250426
2229,2232,Passerina caerulea,Blue Grosbeak,0.0142,D:/AcousticMonitoringData/ELDON1_Data/Week16\ELDON1_20250426_052100.wav,20250426
2232,2235,Sturnella magna,Eastern Meadowlark,0.1534,D:/AcousticMonitoringData/ELDON1_Data/Week16\ELDON1_20250426_052100.wav,20250426
2235,2238,Sturnella magna,Eastern Meadowlark,0.0727,D:/AcousticMonitoringData/ELDON1_Data/Week16\ELDON1_20250426_052100.wav,20250426
2238,2241,Sturnella magna,Eastern Meadowlark,0.2811,D:/AcousticMonitoringData/ELDON1_Data/Week16\ELDON1_20250426_052100.wav,20250426
2241,2244,Sturnella magna,Eastern Meadowlark,0.0131,D:/AcousticMonitoringData/ELDON1_Data/Week16\ELDON1_20250426_052100.wav,20250426
2241,2244,Passerina caerulea,Blue Grosbeak,0.0123,D:/AcousticMonitoringData/ELDON1_Data/Week16\ELDON1_20250426_052100.wav,20250426
2241,2244,Eremophila alpestris,Horned Lark,0.0108,D:/AcousticMonitoringData/ELDON1_Data/Week16\ELDON1_20250426_052100.wav,20250426
2244,2247,Sturnella magna,Eastern Meadowlark,0.0184,D:/AcousticMonitoringData/ELDON1_Data/Week16\ELDON1_20250426_052100.wav,20250426
2247,2250,Sturnella magna,Eastern Meadowlark,0.2574,D:/AcousticMonitoringData/ELDON1_Data/Week16\ELDON1_20250426_052100.wav,20250426
2247,2250,Bartramia longicauda,Upland Sandpiper,0.0133,D:/AcousticMonitoringData/ELDON1_Data/Week16\ELDON1_20250426_052100.wav,20250426
2250,2253,Spizella pusilla,Field Sparrow,0.0637,D:/AcousticMonitoringData/ELDON1_Data/Week16\ELDON1_20250426_052100.wav,20250426
2253,2256,Sturnella magna,Eastern Meadowlark,0.011,D:/AcousticMonitoringData/ELDON1_Data/Week16\ELDON1_20250426_052100.wav,20250426
2256,2259,Sturnella magna,Eastern Meadowlark,0.1113,D:/AcousticMonitoringData/ELDON1_Data/Week16\ELDON1_20250426_052100.wav,20250426
2256,2259,Spizella pusilla,Field Sparrow,0.0133,D:/AcousticMonitoringData/ELDON1_Data/Week16\ELDON1_20250426_052100.wav,20250426
2259,2262,Sturnella magna,Eastern Meadowlark,0.176,D:/AcousticMonitoringData/ELDON1_Data/Week16\ELDON1_20250426_052100.wav,20250426
2259,2262,Bartramia longicauda,Upland Sandpiper,0.0283,D:/AcousticMonitoringData/ELDON1_Data/Week16\ELDON1_20250426_052100.wav,20250426
2262,2265,Sturnella magna,Eastern Meadowlark,0.1063,D:/AcousticMonitoringData/ELDON1_Data/Week16\ELDON1_20250426_052100.wav,20250426
2262,2265,Spizella pusilla,Field Sparrow,0.0239,D:/AcousticMonitoringData/ELDON1_Data/Week16\ELDON1_20250426_052100.wav,20250426
2268,2271,Sturnella magna,Eastern Meadowlark,0.0123,D:/AcousticMonitoringData/ELDON1_Data/Week16\ELDON1_20250426_052100.wav,20250426
2271,2274,Sturnella magna,Eastern Meadowlark,0.6367,D:/AcousticMonitoringData/ELDON1_Data/Week16\ELDON1_20250426_052100.wav,20250426
2271,2274,Spizella pusilla,Field Sparrow,0.0322,D:/AcousticMonitoringData/ELDON1_Data/Week16\ELDON1_20250426_052100.wav,20250426
2271,2274,Passerina caerulea,Blue Grosbeak,0.0239,D:/AcousticMonitoringData/ELDON1_Data/Week16\ELDON1_20250426_052100.wav,20250426
2271,2274,Eremophila alpestris,Horned Lark,0.0171,D:/AcousticMonitoringData/ELDON1_Data/Week16\ELDON1_20250426_052100.wav,20250426
2271,2274,Bartramia longicauda,Upland Sandpiper,0.0139,D:/AcousticMonitoringData/ELDON1_Data/Week16\ELDON1_20250426_052100.wav,20250426
2277,2280,Sturnella magna,Eastern Meadowlark,0.2489,D:/AcousticMonitoringData/ELDON1_Data/Week16\ELDON1_20250426_052100.wav,20250426
2280,2283,Sturnella magna,Eastern Meadowlark,0.0195,D:/AcousticMonitoringData/ELDON1_Data/Week16\ELDON1_20250426_052100.wav,20250426
2283,2286,Sturnella magna,Eastern Meadowlark,0.1264,D:/AcousticMonitoringData/ELDON1_Data/Week16\ELDON1_20250426_052100.wav,20250426
2286,2289,Sturnella magna,Eastern Meadowlark,0.021,D:/AcousticMonitoringData/ELDON1_Data/Week16\ELDON1_20250426_052100.wav,20250426
2286,2289,Passerina caerulea,Blue Grosbeak,0.0113,D:/AcousticMonitoringData/ELDON1_Data/Week16\ELDON1_20250426_052100.wav,20250426
2289,2292,Sturnella magna,Eastern Meadowlark,0.0874,D:/AcousticMonitoringData/ELDON1_Data/Week16\ELDON1_20250426_052100.wav,20250426
2292,2295,Sturnella magna,Eastern Meadowlark,0.5054,D:/AcousticMonitoringData/ELDON1_Data/Week16\ELDON1_20250426_052100.wav,20250426
2292,2295,Passerina caerulea,Blue Grosbeak,0.0136,D:/AcousticMonitoringData/ELDON1_Data/Week16\ELDON1_20250426_052100.wav,20250426
2295,2298,Sturnella magna,Eastern Meadowlark,0.2964,D:/AcousticMonitoringData/ELDON1_Data/Week16\ELDON1_20250426_052100.wav,20250426
2295,2298,Spizella pusilla,Field Sparrow,0.0646,D:/AcousticMonitoringData/ELDON1_Data/Week16\ELDON1_20250426_052100.wav,20250426
2295,2298,Passerina caerulea,Blue Grosbeak,0.0203,D:/AcousticMonitoringData/ELDON1_Data/Week16\ELDON1_20250426_052100.wav,20250426
2298,2301,Sturnella magna,Eastern Meadowlark,0.1376,D:/AcousticMonitoringData/ELDON1_Data/Week16\ELDON1_20250426_052100.wav,20250426
2298,2301,Bartramia longicauda,Upland Sandpiper,0.014,D:/AcousticMonitoringData/ELDON1_Data/Week16\ELDON1_20250426_052100.wav,20250426
2301,2304,Sturnella magna,Eastern Meadowlark,0.1418,D:/AcousticMonitoringData/ELDON1_Data/Week16\ELDON1_20250426_052100.wav,20250426
2304,2307,Sturnella magna,Eastern Meadowlark,0.053,D:/AcousticMonitoringData/ELDON1_Data/Week16\ELDON1_20250426_052100.wav,20250426
2304,2307,Bartramia longicauda,Upland Sandpiper,0.0162,D:/AcousticMonitoringData/ELDON1_Data/Week16\ELDON1_20250426_052100.wav,20250426
2307,2310,Sturnella magna,Eastern Meadowlark,0.2125,D:/AcousticMonitoringData/ELDON1_Data/Week16\ELDON1_20250426_052100.wav,20250426
2310,2313,Sturnella magna,Eastern Meadowlark,0.9335,D:/AcousticMonitoringData/ELDON1_Data/Week16\ELDON1_20250426_052100.wav,20250426
2310,2313,Passerina caerulea,Blue Grosbeak,0.0126,D:/AcousticMonitoringData/ELDON1_Data/Week16\ELDON1_20250426_052100.wav,20250426
2313,2316,Sturnella magna,Eastern Meadowlark,0.0161,D:/AcousticMonitoringData/ELDON1_Data/Week16\ELDON1_20250426_052100.wav,20250426
2316,2319,Sturnella magna,Eastern Meadowlark,0.2364,D:/AcousticMonitoringData/ELDON1_Data/Week16\ELDON1_20250426_052100.wav,20250426
2316,2319,Bartramia longicauda,Upland Sandpiper,0.0163,D:/AcousticMonitoringData/ELDON1_Data/Week16\ELDON1_20250426_052100.wav,20250426
2319,2322,Sturnella magna,Eastern Meadowlark,0.0637,D:/AcousticMonitoringData/ELDON1_Data/Week16\ELDON1_20250426_052100.wav,20250426
2319,2322,Passerina caerulea,Blue Grosbeak,0.0143,D:/AcousticMonitoringData/ELDON1_Data/Week16\ELDON1_20250426_052100.wav,20250426
2319,2322,Spizella pusilla,Field Sparrow,0.0117,D:/AcousticMonitoringData/ELDON1_Data/Week16\ELDON1_20250426_052100.wav,20250426
2322,2325,Sturnella magna,Eastern Meadowlark,0.0663,D:/AcousticMonitoringData/ELDON1_Data/Week16\ELDON1_20250426_052100.wav,20250426
2322,2325,Eremophila alpestris,Horned Lark,0.0133,D:/AcousticMonitoringData/ELDON1_Data/Week16\ELDON1_20250426_052100.wav,20250426
2322,2325,Bartramia longicauda,Upland Sandpiper,0.0106,D:/AcousticMonitoringData/ELDON1_Data/Week16\ELDON1_20250426_052100.wav,20250426
2325,2328,Sturnella magna,Eastern Meadowlark,0.1233,D:/AcousticMonitoringData/ELDON1_Data/Week16\ELDON1_20250426_052100.wav,20250426
2328,2331,Sturnella magna,Eastern Meadowlark,0.2196,D:/AcousticMonitoringData/ELDON1_Data/Week16\ELDON1_20250426_052100.wav,20250426
2328,2331,Spizella pusilla,Field Sparrow,0.0808,D:/AcousticMonitoringData/ELDON1_Data/Week16\ELDON1_20250426_052100.wav,20250426
2331,2334,Sturnella magna,Eastern Meadowlark,0.5928,D:/AcousticMonitoringData/ELDON1_Data/Week16\ELDON1_20250426_052100.wav,20250426
2334,2337,Spizella pusilla,Field Sparrow,0.0514,D:/AcousticMonitoringData/ELDON1_Data/Week16\ELDON1_20250426_052100.wav,20250426
2334,2337,Sturnella magna,Eastern Meadowlark,0.0353,D:/AcousticMonitoringData/ELDON1_Data/Week16\ELDON1_20250426_052100.wav,20250426
2334,2337,Passerina caerulea,Blue Grosbeak,0.0187,D:/AcousticMonitoringData/ELDON1_Data/Week16\ELDON1_20250426_052100.wav,20250426
2337,2340,Sturnella magna,Eastern Meadowlark,0.1988,D:/AcousticMonitoringData/ELDON1_Data/Week16\ELDON1_20250426_052100.wav,20250426
2340,2343,Spizella pusilla,Field Sparrow,0.0558,D:/AcousticMonitoringData/ELDON1_Data/Week16\ELDON1_20250426_052100.wav,20250426
2340,2343,Sturnella magna,Eastern Meadowlark,0.0366,D:/AcousticMonitoringData/ELDON1_Data/Week16\ELDON1_20250426_052100.wav,20250426
2340,2343,Passerina caerulea,Blue Grosbeak,0.0314,D:/AcousticMonitoringData/ELDON1_Data/Week16\ELDON1_20250426_052100.wav,20250426
2343,2346,Sturnella magna,Eastern Meadowlark,0.2747,D:/AcousticMonitoringData/ELDON1_Data/Week16\ELDON1_20250426_052100.wav,20250426
2346,2349,Sturnella magna,Eastern Meadowlark,0.0393,D:/AcousticMonitoringData/ELDON1_Data/Week16\ELDON1_20250426_052100.wav,20250426
2358,2361,Sturnella magna,Eastern Meadowlark,0.4413,D:/AcousticMonitoringData/ELDON1_Data/Week16\ELDON1_20250426_052100.wav,20250426
2358,2361,Bartramia longicauda,Upland Sandpiper,0.0431,D:/AcousticMonitoringData/ELDON1_Data/Week16\ELDON1_20250426_052100.wav,20250426
2361,2364,Sturnella magna,Eastern Meadowlark,0.0208,D:/AcousticMonitoringData/ELDON1_Data/Week16\ELDON1_20250426_052100.wav,20250426
2361,2364,Spizella pusilla,Field Sparrow,0.0185,D:/AcousticMonitoringData/ELDON1_Data/Week16\ELDON1_20250426_052100.wav,20250426
2361,2364,Passerina caerulea,Blue Grosbeak,0.0121,D:/AcousticMonitoringData/ELDON1_Data/Week16\ELDON1_20250426_052100.wav,20250426
2364,2367,Sturnella magna,Eastern Meadowlark,0.5047,D:/AcousticMonitoringData/ELDON1_Data/Week16\ELDON1_20250426_052100.wav,20250426
2367,2370,Sturnella magna,Eastern Meadowlark,0.0259,D:/AcousticMonitoringData/ELDON1_Data/Week16\ELDON1_20250426_052100.wav,20250426
2370,2373,Sturnella magna,Eastern Meadowlark,0.2286,D:/AcousticMonitoringData/ELDON1_Data/Week16\ELDON1_20250426_052100.wav,20250426
2370,2373,Spizella pusilla,Field Sparrow,0.0198,D:/AcousticMonitoringData/ELDON1_Data/Week16\ELDON1_20250426_052100.wav,20250426
2370,2373,Passerina caerulea,Blue Grosbeak,0.012,D:/AcousticMonitoringData/ELDON1_Data/Week16\ELDON1_20250426_052100.wav,20250426
2373,2376,Sturnella magna,Eastern Meadowlark,0.0315,D:/AcousticMonitoringData/ELDON1_Data/Week16\ELDON1_20250426_052100.wav,20250426
2373,2376,Bartramia longicauda,Upland Sandpiper,0.0103,D:/AcousticMonitoringData/ELDON1_Data/Week16\ELDON1_20250426_052100.wav,20250426
2376,2379,Sturnella magna,Eastern Meadowlark,0.3852,D:/AcousticMonitoringData/ELDON1_Data/Week16\ELDON1_20250426_052100.wav,20250426
2376,2379,Bartramia longicauda,Upland Sandpiper,0.011,D:/AcousticMonitoringData/ELDON1_Data/Week16\ELDON1_20250426_052100.wav,20250426
2379,2382,Sturnella magna,Eastern Meadowlark,0.0293,D:/AcousticMonitoringData/ELDON1_Data/Week16\ELDON1_20250426_052100.wav,20250426
2379,2382,Bartramia longicauda,Upland Sandpiper,0.0141,D:/AcousticMonitoringData/ELDON1_Data/Week16\ELDON1_20250426_052100.wav,20250426
2382,2385,Sturnella magna,Eastern Meadowlark,0.4319,D:/AcousticMonitoringData/ELDON1_Data/Week16\ELDON1_20250426_052100.wav,20250426
2385,2388,Sturnella magna,Eastern Meadowlark,0.011,D:/AcousticMonitoringData/ELDON1_Data/Week16\ELDON1_20250426_052100.wav,20250426
2388,2391,Sturnella magna,Eastern Meadowlark,0.8696,D:/AcousticMonitoringData/ELDON1_Data/Week16\ELDON1_20250426_052100.wav,20250426
2391,2394,Sturnella magna,Eastern Meadowlark,0.0265,D:/AcousticMonitoringData/ELDON1_Data/Week16\ELDON1_20250426_052100.wav,20250426
2391,2394,Spizella pusilla,Field Sparrow,0.0191,D:/AcousticMonitoringData/ELDON1_Data/Week16\ELDON1_20250426_052100.wav,20250426
2394,2397,Sturnella magna,Eastern Meadowlark,0.0241,D:/AcousticMonitoringData/ELDON1_Data/Week16\ELDON1_20250426_052100.wav,20250426
2394,2397,Spizella pusilla,Field Sparrow,0.0137,D:/AcousticMonitoringData/ELDON1_Data/Week16\ELDON1_20250426_052100.wav,20250426
2397,2400,Sturnella magna,Eastern Meadowlark,0.4369,D:/AcousticMonitoringData/ELDON1_Data/Week16\ELDON1_20250426_052100.wav,20250426
2403,2406,Sturnella magna,Eastern Meadowlark,0.2003,D:/AcousticMonitoringData/ELDON1_Data/Week16\ELDON1_20250426_052100.wav,20250426
2403,2406,Bartramia longicauda,Upland Sandpiper,0.0219,D:/AcousticMonitoringData/ELDON1_Data/Week16\ELDON1_20250426_052100.wav,20250426
2409,2412,Sturnella magna,Eastern Meadowlark,0.0935,D:/AcousticMonitoringData/ELDON1_Data/Week16\ELDON1_20250426_052100.wav,20250426
2421,2424,Sturnella magna,Eastern Meadowlark,0.5956,D:/AcousticMonitoringData/ELDON1_Data/Week16\ELDON1_20250426_052100.wav,20250426
2427,2430,Sturnella magna,Eastern Meadowlark,0.1093,D:/AcousticMonitoringData/ELDON1_Data/Week16\ELDON1_20250426_052100.wav,20250426
2430,2433,Sturnella magna,Eastern Meadowlark,0.0121,D:/AcousticMonitoringData/ELDON1_Data/Week16\ELDON1_20250426_052100.wav,20250426
2442,2445,Sturnella magna,Eastern Meadowlark,0.3641,D:/AcousticMonitoringData/ELDON1_Data/Week16\ELDON1_20250426_052100.wav,20250426
2442,2445,Bartramia longicauda,Upland Sandpiper,0.0124,D:/AcousticMonitoringData/ELDON1_Data/Week16\ELDON1_20250426_052100.wav,20250426
2445,2448,Spizella pusilla,Field Sparrow,0.0148,D:/AcousticMonitoringData/ELDON1_Data/Week16\ELDON1_20250426_052100.wav,20250426
2448,2451,Sturnella magna,Eastern Meadowlark,0.1629,D:/AcousticMonitoringData/ELDON1_Data/Week16\ELDON1_20250426_052100.wav,20250426
2448,2451,Passerina caerulea,Blue Grosbeak,0.0124,D:/AcousticMonitoringData/ELDON1_Data/Week16\ELDON1_20250426_052100.wav,20250426
2451,2454,Spizella pusilla,Field Sparrow,0.0193,D:/AcousticMonitoringData/ELDON1_Data/Week16\ELDON1_20250426_052100.wav,20250426
2451,2454,Passerina caerulea,Blue Grosbeak,0.0182,D:/AcousticMonitoringData/ELDON1_Data/Week16\ELDON1_20250426_052100.wav,20250426
2451,2454,Sturnella magna,Eastern Meadowlark,0.0124,D:/AcousticMonitoringData/ELDON1_Data/Week16\ELDON1_20250426_052100.wav,20250426
2454,2457,Sturnella magna,Eastern Meadowlark,0.0735,D:/AcousticMonitoringData/ELDON1_Data/Week16\ELDON1_20250426_052100.wav,20250426
2454,2457,Spizella pusilla,Field Sparrow,0.0219,D:/AcousticMonitoringData/ELDON1_Data/Week16\ELDON1_20250426_052100.wav,20250426
2457,2460,Sturnella magna,Eastern Meadowlark,0.4675,D:/AcousticMonitoringData/ELDON1_Data/Week16\ELDON1_20250426_052100.wav,20250426
2457,2460,Bartramia longicauda,Upland Sandpiper,0.0148,D:/AcousticMonitoringData/ELDON1_Data/Week16\ELDON1_20250426_052100.wav,20250426
2460,2463,Sturnella magna,Eastern Meadowlark,0.0409,D:/AcousticMonitoringData/ELDON1_Data/Week16\ELDON1_20250426_052100.wav,20250426
2460,2463,Eremophila alpestris,Horned Lark,0.0175,D:/AcousticMonitoringData/ELDON1_Data/Week16\ELDON1_20250426_052100.wav,20250426
2463,2466,Sturnella magna,Eastern Meadowlark,0.6683,D:/AcousticMonitoringData/ELDON1_Data/Week16\ELDON1_20250426_052100.wav,20250426
2469,2472,Sturnella magna,Eastern Meadowlark,0.103,D:/AcousticMonitoringData/ELDON1_Data/Week16\ELDON1_20250426_052100.wav,20250426
2475,2478,Sturnella magna,Eastern Meadowlark,0.2534,D:/AcousticMonitoringData/ELDON1_Data/Week16\ELDON1_20250426_052100.wav,20250426
2478,2481,Sturnella magna,Eastern Meadowlark,0.1293,D:/AcousticMonitoringData/ELDON1_Data/Week16\ELDON1_20250426_052100.wav,20250426
2481,2484,Sturnella magna,Eastern Meadowlark,0.1095,D:/AcousticMonitoringData/ELDON1_Data/Week16\ELDON1_20250426_052100.wav,20250426
2481,2484,Spizella pusilla,Field Sparrow,0.038,D:/AcousticMonitoringData/ELDON1_Data/Week16\ELDON1_20250426_052100.wav,20250426
2484,2487,Sturnella magna,Eastern Meadowlark,0.2223,D:/AcousticMonitoringData/ELDON1_Data/Week16\ELDON1_20250426_052100.wav,20250426
2484,2487,Bartramia longicauda,Upland Sandpiper,0.0139,D:/AcousticMonitoringData/ELDON1_Data/Week16\ELDON1_20250426_052100.wav,20250426
2487,2490,Sturnella magna,Eastern Meadowlark,0.0221,D:/AcousticMonitoringData/ELDON1_Data/Week16\ELDON1_20250426_052100.wav,20250426
2490,2493,Sturnella magna,Eastern Meadowlark,0.2863,D:/AcousticMonitoringData/ELDON1_Data/Week16\ELDON1_20250426_052100.wav,20250426
2490,2493,Passerina caerulea,Blue Grosbeak,0.0179,D:/AcousticMonitoringData/ELDON1_Data/Week16\ELDON1_20250426_052100.wav,20250426
2493,2496,Sturnella magna,Eastern Meadowlark,0.1261,D:/AcousticMonitoringData/ELDON1_Data/Week16\ELDON1_20250426_052100.wav,20250426
2493,2496,Spizella pusilla,Field Sparrow,0.0163,D:/AcousticMonitoringData/ELDON1_Data/Week16\ELDON1_20250426_052100.wav,20250426
2493,2496,Bartramia longicauda,Upland Sandpiper,0.0117,D:/AcousticMonitoringData/ELDON1_Data/Week16\ELDON1_20250426_052100.wav,20250426
2496,2499,Sturnella magna,Eastern Meadowlark,0.1434,D:/AcousticMonitoringData/ELDON1_Data/Week16\ELDON1_20250426_052100.wav,20250426
2496,2499,Passerina caerulea,Blue Grosbeak,0.0103,D:/AcousticMonitoringData/ELDON1_Data/Week16\ELDON1_20250426_052100.wav,20250426
2499,2502,Sturnella magna,Eastern Meadowlark,0.1873,D:/AcousticMonitoringData/ELDON1_Data/Week16\ELDON1_20250426_052100.wav,20250426
2502,2505,Sturnella magna,Eastern Meadowlark,0.1699,D:/AcousticMonitoringData/ELDON1_Data/Week16\ELDON1_20250426_052100.wav,20250426
2502,2505,Spizella pusilla,Field Sparrow,0.0167,D:/AcousticMonitoringData/ELDON1_Data/Week16\ELDON1_20250426_052100.wav,20250426
2502,2505,Eremophila alpestris,Horned Lark,0.0118,D:/AcousticMonitoringData/ELDON1_Data/Week16\ELDON1_20250426_052100.wav,20250426
2502,2505,Bartramia longicauda,Upland Sandpiper,0.0118,D:/AcousticMonitoringData/ELDON1_Data/Week16\ELDON1_20250426_052100.wav,20250426
2505,2508,Sturnella magna,Eastern Meadowlark,0.0851,D:/AcousticMonitoringData/ELDON1_Data/Week16\ELDON1_20250426_052100.wav,20250426
2505,2508,Bartramia longicauda,Upland Sandpiper,0.0145,D:/AcousticMonitoringData/ELDON1_Data/Week16\ELDON1_20250426_052100.wav,20250426
2511,2514,Sturnella magna,Eastern Meadowlark,0.1173,D:/AcousticMonitoringData/ELDON1_Data/Week16\ELDON1_20250426_052100.wav,20250426
2511,2514,Bartramia longicauda,Upland Sandpiper,0.0116,D:/AcousticMonitoringData/ELDON1_Data/Week16\ELDON1_20250426_052100.wav,20250426
2517,2520,Sturnella magna,Eastern Meadowlark,0.1411,D:/AcousticMonitoringData/ELDON1_Data/Week16\ELDON1_20250426_052100.wav,20250426
2517,2520,Bartramia longicauda,Upland Sandpiper,0.0141,D:/AcousticMonitoringData/ELDON1_Data/Week16\ELDON1_20250426_052100.wav,20250426
2523,2526,Sturnella magna,Eastern Meadowlark,0.181,D:/AcousticMonitoringData/ELDON1_Data/Week16\ELDON1_20250426_052100.wav,20250426
2523,2526,Bartramia longicauda,Upland Sandpiper,0.0367,D:/AcousticMonitoringData/ELDON1_Data/Week16\ELDON1_20250426_052100.wav,20250426
2526,2529,Sturnella magna,Eastern Meadowlark,0.0336,D:/AcousticMonitoringData/ELDON1_Data/Week16\ELDON1_20250426_052100.wav,20250426
2529,2532,Sturnella magna,Eastern Meadowlark,0.0165,D:/AcousticMonitoringData/ELDON1_Data/Week16\ELDON1_20250426_052100.wav,20250426
2532,2535,Sturnella magna,Eastern Meadowlark,0.3489,D:/AcousticMonitoringData/ELDON1_Data/Week16\ELDON1_20250426_052100.wav,20250426
2535,2538,Sturnella magna,Eastern Meadowlark,0.087,D:/AcousticMonitoringData/ELDON1_Data/Week16\ELDON1_20250426_052100.wav,20250426
2535,2538,Bartramia longicauda,Upland Sandpiper,0.0147,D:/AcousticMonitoringData/ELDON1_Data/Week16\ELDON1_20250426_052100.wav,20250426
2538,2541,Sturnella magna,Eastern Meadowlark,0.3086,D:/AcousticMonitoringData/ELDON1_Data/Week16\ELDON1_20250426_052100.wav,20250426
2541,2544,Sturnella magna,Eastern Meadowlark,0.354,D:/AcousticMonitoringData/ELDON1_Data/Week16\ELDON1_20250426_052100.wav,20250426
2544,2547,Sturnella magna,Eastern Meadowlark,0.2621,D:/AcousticMonitoringData/ELDON1_Data/Week16\ELDON1_20250426_052100.wav,20250426
2550,2553,Sturnella magna,Eastern Meadowlark,0.445,D:/AcousticMonitoringData/ELDON1_Data/Week16\ELDON1_20250426_052100.wav,20250426
2553,2556,Sturnella magna,Eastern Meadowlark,0.0413,D:/AcousticMonitoringData/ELDON1_Data/Week16\ELDON1_20250426_052100.wav,20250426
2556,2559,Sturnella magna,Eastern Meadowlark,0.1106,D:/AcousticMonitoringData/ELDON1_Data/Week16\ELDON1_20250426_052100.wav,20250426
2559,2562,Sturnella magna,Eastern Meadowlark,0.5352,D:/AcousticMonitoringData/ELDON1_Data/Week16\ELDON1_20250426_052100.wav,20250426
2559,2562,Bartramia longicauda,Upland Sandpiper,0.0243,D:/AcousticMonitoringData/ELDON1_Data/Week16\ELDON1_20250426_052100.wav,20250426
2559,2562,Spizella pusilla,Field Sparrow,0.0177,D:/AcousticMonitoringData/ELDON1_Data/Week16\ELDON1_20250426_052100.wav,20250426
2562,2565,Sturnella magna,Eastern Meadowlark,0.1574,D:/AcousticMonitoringData/ELDON1_Data/Week16\ELDON1_20250426_052100.wav,20250426
2565,2568,Sturnella magna,Eastern Meadowlark,0.0201,D:/AcousticMonitoringData/ELDON1_Data/Week16\ELDON1_20250426_052100.wav,20250426
2568,2571,Sturnella magna,Eastern Meadowlark,0.0206,D:/AcousticMonitoringData/ELDON1_Data/Week16\ELDON1_20250426_052100.wav,20250426
2568,2571,Spizella pusilla,Field Sparrow,0.0179,D:/AcousticMonitoringData/ELDON1_Data/Week16\ELDON1_20250426_052100.wav,20250426
2568,2571,Passerina caerulea,Blue Grosbeak,0.0111,D:/AcousticMonitoringData/ELDON1_Data/Week16\ELDON1_20250426_052100.wav,20250426
2571,2574,Sturnella magna,Eastern Meadowlark,0.1504,D:/AcousticMonitoringData/ELDON1_Data/Week16\ELDON1_20250426_052100.wav,20250426
2571,2574,Spizella pusilla,Field Sparrow,0.0187,D:/AcousticMonitoringData/ELDON1_Data/Week16\ELDON1_20250426_052100.wav,20250426
2574,2577,Sturnella magna,Eastern Meadowlark,0.8483,D:/AcousticMonitoringData/ELDON1_Data/Week16\ELDON1_20250426_052100.wav,20250426
2574,2577,Spizella pusilla,Field Sparrow,0.0112,D:/AcousticMonitoringData/ELDON1_Data/Week16\ELDON1_20250426_052100.wav,20250426
2577,2580,Sturnella magna,Eastern Meadowlark,0.0542,D:/AcousticMonitoringData/ELDON1_Data/Week16\ELDON1_20250426_052100.wav,20250426
2580,2583,Sturnella magna,Eastern Meadowlark,0.3479,D:/AcousticMonitoringData/ELDON1_Data/Week16\ELDON1_20250426_052100.wav,20250426
2580,2583,Bartramia longicauda,Upland Sandpiper,0.0181,D:/AcousticMonitoringData/ELDON1_Data/Week16\ELDON1_20250426_052100.wav,20250426
2586,2589,Sturnella magna,Eastern Meadowlark,0.4646,D:/AcousticMonitoringData/ELDON1_Data/Week16\ELDON1_20250426_052100.wav,20250426
2586,2589,Bartramia longicauda,Upland Sandpiper,0.0239,D:/AcousticMonitoringData/ELDON1_Data/Week16\ELDON1_20250426_052100.wav,20250426
2589,2592,Sturnella magna,Eastern Meadowlark,0.0208,D:/AcousticMonitoringData/ELDON1_Data/Week16\ELDON1_20250426_052100.wav,20250426
2589,2592,Passerina caerulea,Blue Grosbeak,0.0117,D:/AcousticMonitoringData/ELDON1_Data/Week16\ELDON1_20250426_052100.wav,20250426
2598,2601,Sturnella magna,Eastern Meadowlark,0.344,D:/AcousticMonitoringData/ELDON1_Data/Week16\ELDON1_20250426_052100.wav,20250426
2601,2604,Sturnella magna,Eastern Meadowlark,0.911,D:/AcousticMonitoringData/ELDON1_Data/Week16\ELDON1_20250426_052100.wav,20250426
2607,2610,Sturnella magna,Eastern Meadowlark,0.5849,D:/AcousticMonitoringData/ELDON1_Data/Week16\ELDON1_20250426_052100.wav,20250426
2607,2610,Bartramia longicauda,Upland Sandpiper,0.0107,D:/AcousticMonitoringData/ELDON1_Data/Week16\ELDON1_20250426_052100.wav,20250426
2610,2613,Sturnella magna,Eastern Meadowlark,0.03,D:/AcousticMonitoringData/ELDON1_Data/Week16\ELDON1_20250426_052100.wav,20250426
2610,2613,Spizella pusilla,Field Sparrow,0.0171,D:/AcousticMonitoringData/ELDON1_Data/Week16\ELDON1_20250426_052100.wav,20250426
2610,2613,Passerina caerulea,Blue Grosbeak,0.0103,D:/AcousticMonitoringData/ELDON1_Data/Week16\ELDON1_20250426_052100.wav,20250426
2613,2616,Sturnella magna,Eastern Meadowlark,0.4938,D:/AcousticMonitoringData/ELDON1_Data/Week16\ELDON1_20250426_052100.wav,20250426
2613,2616,Bartramia longicauda,Upland Sandpiper,0.0175,D:/AcousticMonitoringData/ELDON1_Data/Week16\ELDON1_20250426_052100.wav,20250426
2616,2619,Sturnella magna,Eastern Meadowlark,0.016,D:/AcousticMonitoringData/ELDON1_Data/Week16\ELDON1_20250426_052100.wav,20250426
2616,2619,Spizella pusilla,Field Sparrow,0.0107,D:/AcousticMonitoringData/ELDON1_Data/Week16\ELDON1_20250426_052100.wav,20250426
2619,2622,Sturnella magna,Eastern Meadowlark,0.73,D:/AcousticMonitoringData/ELDON1_Data/Week16\ELDON1_20250426_052100.wav,20250426
2619,2622,Bartramia longicauda,Upland Sandpiper,0.0264,D:/AcousticMonitoringData/ELDON1_Data/Week16\ELDON1_20250426_052100.wav,20250426
2622,2625,Sturnella magna,Eastern Meadowlark,0.0384,D:/AcousticMonitoringData/ELDON1_Data/Week16\ELDON1_20250426_052100.wav,20250426
2622,2625,Spizella pusilla,Field Sparrow,0.0375,D:/AcousticMonitoringData/ELDON1_Data/Week16\ELDON1_20250426_052100.wav,20250426
2625,2628,Sturnella magna,Eastern Meadowlark,0.7013,D:/AcousticMonitoringData/ELDON1_Data/Week16\ELDON1_20250426_052100.wav,20250426
2625,2628,Bartramia longicauda,Upland Sandpiper,0.0238,D:/AcousticMonitoringData/ELDON1_Data/Week16\ELDON1_20250426_052100.wav,20250426
2625,2628,Passerina caerulea,Blue Grosbeak,0.0112,D:/AcousticMonitoringData/ELDON1_Data/Week16\ELDON1_20250426_052100.wav,20250426
2628,2631,Sturnella magna,Eastern Meadowlark,0.0786,D:/AcousticMonitoringData/ELDON1_Data/Week16\ELDON1_20250426_052100.wav,20250426
2628,2631,Passerina caerulea,Blue Grosbeak,0.0176,D:/AcousticMonitoringData/ELDON1_Data/Week16\ELDON1_20250426_052100.wav,20250426
2628,2631,Spizella pusilla,Field Sparrow,0.0144,D:/AcousticMonitoringData/ELDON1_Data/Week16\ELDON1_20250426_052100.wav,20250426
2631,2634,Sturnella magna,Eastern Meadowlark,0.1482,D:/AcousticMonitoringData/ELDON1_Data/Week16\ELDON1_20250426_052100.wav,20250426
2631,2634,Spizella pusilla,Field Sparrow,0.0153,D:/AcousticMonitoringData/ELDON1_Data/Week16\ELDON1_20250426_052100.wav,20250426
2634,2637,Sturnella magna,Eastern Meadowlark,0.4086,D:/AcousticMonitoringData/ELDON1_Data/Week16\ELDON1_20250426_052100.wav,20250426
2637,2640,Sturnella magna,Eastern Meadowlark,0.0231,D:/AcousticMonitoringData/ELDON1_Data/Week16\ELDON1_20250426_052100.wav,20250426
2640,2643,Sturnella magna,Eastern Meadowlark,0.739,D:/AcousticMonitoringData/ELDON1_Data/Week16\ELDON1_20250426_052100.wav,20250426
2640,2643,Bartramia longicauda,Upland Sandpiper,0.013,D:/AcousticMonitoringData/ELDON1_Data/Week16\ELDON1_20250426_052100.wav,20250426
2643,2646,Sturnella magna,Eastern Meadowlark,0.0762,D:/AcousticMonitoringData/ELDON1_Data/Week16\ELDON1_20250426_052100.wav,20250426
2646,2649,Sturnella magna,Eastern Meadowlark,0.3703,D:/AcousticMonitoringData/ELDON1_Data/Week16\ELDON1_20250426_052100.wav,20250426
2646,2649,Bartramia longicauda,Upland Sandpiper,0.0256,D:/AcousticMonitoringData/ELDON1_Data/Week16\ELDON1_20250426_052100.wav,20250426
2649,2652,Sturnella magna,Eastern Meadowlark,0.0122,D:/AcousticMonitoringData/ELDON1_Data/Week16\ELDON1_20250426_052100.wav,20250426
2652,2655,Sturnella magna,Eastern Meadowlark,0.4728,D:/AcousticMonitoringData/ELDON1_Data/Week16\ELDON1_20250426_052100.wav,20250426
2655,2658,Sturnella magna,Eastern Meadowlark,0.0895,D:/AcousticMonitoringData/ELDON1_Data/Week16\ELDON1_20250426_052100.wav,20250426
2658,2661,Sturnella magna,Eastern Meadowlark,0.8201,D:/AcousticMonitoringData/ELDON1_Data/Week16\ELDON1_20250426_052100.wav,20250426
2658,2661,Spizella pusilla,Field Sparrow,0.0188,D:/AcousticMonitoringData/ELDON1_Data/Week16\ELDON1_20250426_052100.wav,20250426
2658,2661,Bartramia longicauda,Upland Sandpiper,0.0102,D:/AcousticMonitoringData/ELDON1_Data/Week16\ELDON1_20250426_052100.wav,20250426
2661,2664,Sturnella magna,Eastern Meadowlark,0.0551,D:/AcousticMonitoringData/ELDON1_Data/Week16\ELDON1_20250426_052100.wav,20250426
2661,2664,Spizella pusilla,Field Sparrow,0.0201,D:/AcousticMonitoringData/ELDON1_Data/Week16\ELDON1_20250426_052100.wav,20250426
2664,2667,Sturnella magna,Eastern Meadowlark,0.119,D:/AcousticMonitoringData/ELDON1_Data/Week16\ELDON1_20250426_052100.wav,20250426
2664,2667,Bartramia longicauda,Upland Sandpiper,0.011,D:/AcousticMonitoringData/ELDON1_Data/Week16\ELDON1_20250426_052100.wav,20250426
2667,2670,Sturnella magna,Eastern Meadowlark,0.065,D:/AcousticMonitoringData/ELDON1_Data/Week16\ELDON1_20250426_052100.wav,20250426
2667,2670,Bartramia longicauda,Upland Sandpiper,0.011,D:/AcousticMonitoringData/ELDON1_Data/Week16\ELDON1_20250426_052100.wav,20250426
2670,2673,Sturnella magna,Eastern Meadowlark,0.1389,D:/AcousticMonitoringData/ELDON1_Data/Week16\ELDON1_20250426_052100.wav,20250426
2673,2676,Sturnella magna,Eastern Meadowlark,0.7436,D:/AcousticMonitoringData/ELDON1_Data/Week16\ELDON1_20250426_052100.wav,20250426
2673,2676,Bartramia longicauda,Upland Sandpiper,0.0217,D:/AcousticMonitoringData/ELDON1_Data/Week16\ELDON1_20250426_052100.wav,20250426
2673,2676,Passerina caerulea,Blue Grosbeak,0.017,D:/AcousticMonitoringData/ELDON1_Data/Week16\ELDON1_20250426_052100.wav,20250426
2676,2679,Spizella pusilla,Field Sparrow,0.0412,D:/AcousticMonitoringData/ELDON1_Data/Week16\ELDON1_20250426_052100.wav,20250426
2676,2679,Passerina caerulea,Blue Grosbeak,0.0162,D:/AcousticMonitoringData/ELDON1_Data/Week16\ELDON1_20250426_052100.wav,20250426
2676,2679,Sturnella magna,Eastern Meadowlark,0.0147,D:/AcousticMonitoringData/ELDON1_Data/Week16\ELDON1_20250426_052100.wav,20250426
2679,2682,Sturnella magna,Eastern Meadowlark,0.3589,D:/AcousticMonitoringData/ELDON1_Data/Week16\ELDON1_20250426_052100.wav,20250426
2679,2682,Passerina caerulea,Blue Grosbeak,0.0202,D:/AcousticMonitoringData/ELDON1_Data/Week16\ELDON1_20250426_052100.wav,20250426
2679,2682,Spizella pusilla,Field Sparrow,0.019,D:/AcousticMonitoringData/ELDON1_Data/Week16\ELDON1_20250426_052100.wav,20250426
2682,2685,Sturnella magna,Eastern Meadowlark,0.1432,D:/AcousticMonitoringData/ELDON1_Data/Week16\ELDON1_20250426_052100.wav,20250426
2685,2688,Sturnella magna,Eastern Meadowlark,0.7303,D:/AcousticMonitoringData/ELDON1_Data/Week16\ELDON1_20250426_052100.wav,20250426
2685,2688,Bartramia longicauda,Upland Sandpiper,0.012,D:/AcousticMonitoringData/ELDON1_Data/Week16\ELDON1_20250426_052100.wav,20250426
2688,2691,Sturnella magna,Eastern Meadowlark,0.086,D:/AcousticMonitoringData/ELDON1_Data/Week16\ELDON1_20250426_052100.wav,20250426
2691,2694,Sturnella magna,Eastern Meadowlark,0.2952,D:/AcousticMonitoringData/ELDON1_Data/Week16\ELDON1_20250426_052100.wav,20250426
2691,2694,Bartramia longicauda,Upland Sandpiper,0.0167,D:/AcousticMonitoringData/ELDON1_Data/Week16\ELDON1_20250426_052100.wav,20250426
2694,2697,Sturnella magna,Eastern Meadowlark,0.3907,D:/AcousticMonitoringData/ELDON1_Data/Week16\ELDON1_20250426_052100.wav,20250426
2697,2700,Sturnella magna,Eastern Meadowlark,0.0365,D:/AcousticMonitoringData/ELDON1_Data/Week16\ELDON1_20250426_052100.wav,20250426
2697,2700,Passerina caerulea,Blue Grosbeak,0.0283,D:/AcousticMonitoringData/ELDON1_Data/Week16\ELDON1_20250426_052100.wav,20250426
2697,2700,Spizella pusilla,Field Sparrow,0.0187,D:/AcousticMonitoringData/ELDON1_Data/Week16\ELDON1_20250426_052100.wav,20250426
2700,2703,Sturnella magna,Eastern Meadowlark,0.8045,D:/AcousticMonitoringData/ELDON1_Data/Week16\ELDON1_20250426_052100.wav,20250426
2703,2706,Sturnella magna,Eastern Meadowlark,0.0997,D:/AcousticMonitoringData/ELDON1_Data/Week16\ELDON1_20250426_052100.wav,20250426
2706,2709,Sturnella magna,Eastern Meadowlark,0.0128,D:/AcousticMonitoringData/ELDON1_Data/Week16\ELDON1_20250426_052100.wav,20250426
2709,2712,Sturnella magna,Eastern Meadowlark,0.2341,D:/AcousticMonitoringData/ELDON1_Data/Week16\ELDON1_20250426_052100.wav,20250426
2709,2712,Spizella pusilla,Field Sparrow,0.0186,D:/AcousticMonitoringData/ELDON1_Data/Week16\ELDON1_20250426_052100.wav,20250426
2712,2715,Sturnella magna,Eastern Meadowlark,0.2758,D:/AcousticMonitoringData/ELDON1_Data/Week16\ELDON1_20250426_052100.wav,20250426
2712,2715,Bartramia longicauda,Upland Sandpiper,0.0134,D:/AcousticMonitoringData/ELDON1_Data/Week16\ELDON1_20250426_052100.wav,20250426
2718,2721,Sturnella magna,Eastern Meadowlark,0.8483,D:/AcousticMonitoringData/ELDON1_Data/Week16\ELDON1_20250426_052100.wav,20250426
2721,2724,Sturnella magna,Eastern Meadowlark,0.5177,D:/AcousticMonitoringData/ELDON1_Data/Week16\ELDON1_20250426_052100.wav,20250426
2721,2724,Spizella pusilla,Field Sparrow,0.0141,D:/AcousticMonitoringData/ELDON1_Data/Week16\ELDON1_20250426_052100.wav,20250426
2724,2727,Sturnella magna,Eastern Meadowlark,0.7322,D:/AcousticMonitoringData/ELDON1_Data/Week16\ELDON1_20250426_052100.wav,20250426
2727,2730,Sturnella magna,Eastern Meadowlark,0.0207,D:/AcousticMonitoringData/ELDON1_Data/Week16\ELDON1_20250426_052100.wav,20250426
2730,2733,Sturnella magna,Eastern Meadowlark,0.6205,D:/AcousticMonitoringData/ELDON1_Data/Week16\ELDON1_20250426_052100.wav,20250426
2733,2736,Spizella pusilla,Field Sparrow,0.0288,D:/AcousticMonitoringData/ELDON1_Data/Week16\ELDON1_20250426_052100.wav,20250426
2733,2736,Sturnella magna,Eastern Meadowlark,0.0287,D:/AcousticMonitoringData/ELDON1_Data/Week16\ELDON1_20250426_052100.wav,20250426
2733,2736,Passerina caerulea,Blue Grosbeak,0.0143,D:/AcousticMonitoringData/ELDON1_Data/Week16\ELDON1_20250426_052100.wav,20250426
2736,2739,Sturnella magna,Eastern Meadowlark,0.8761,D:/AcousticMonitoringData/ELDON1_Data/Week16\ELDON1_20250426_052100.wav,20250426
2739,2742,Spizella pusilla,Field Sparrow,0.0154,D:/AcousticMonitoringData/ELDON1_Data/Week16\ELDON1_20250426_052100.wav,20250426
2739,2742,Sturnella magna,Eastern Meadowlark,0.0133,D:/AcousticMonitoringData/ELDON1_Data/Week16\ELDON1_20250426_052100.wav,20250426
2739,2742,Passerina caerulea,Blue Grosbeak,0.0116,D:/AcousticMonitoringData/ELDON1_Data/Week16\ELDON1_20250426_052100.wav,20250426
2742,2745,Sturnella magna,Eastern Meadowlark,0.5265,D:/AcousticMonitoringData/ELDON1_Data/Week16\ELDON1_20250426_052100.wav,20250426
2742,2745,Eremophila alpestris,Horned Lark,0.0216,D:/AcousticMonitoringData/ELDON1_Data/Week16\ELDON1_20250426_052100.wav,20250426
2742,2745,Spizella pusilla,Field Sparrow,0.0167,D:/AcousticMonitoringData/ELDON1_Data/Week16\ELDON1_20250426_052100.wav,20250426
2742,2745,Passerina caerulea,Blue Grosbeak,0.0114,D:/AcousticMonitoringData/ELDON1_Data/Week16\ELDON1_20250426_052100.wav,20250426
2745,2748,Sturnella magna,Eastern Meadowlark,0.4647,D:/AcousticMonitoringData/ELDON1_Data/Week16\ELDON1_20250426_052100.wav,20250426
2745,2748,Spizella pusilla,Field Sparrow,0.0179,D:/AcousticMonitoringData/ELDON1_Data/Week16\ELDON1_20250426_052100.wav,20250426
2748,2751,Sturnella magna,Eastern Meadowlark,0.0783,D:/AcousticMonitoringData/ELDON1_Data/Week16\ELDON1_20250426_052100.wav,20250426
2748,2751,Passerina caerulea,Blue Grosbeak,0.0443,D:/AcousticMonitoringData/ELDON1_Data/Week16\ELDON1_20250426_052100.wav,20250426
2748,2751,Spizella pusilla,Field Sparrow,0.0312,D:/AcousticMonitoringData/ELDON1_Data/Week16\ELDON1_20250426_052100.wav,20250426
2751,2754,Sturnella magna,Eastern Meadowlark,0.8187,D:/AcousticMonitoringData/ELDON1_Data/Week16\ELDON1_20250426_052100.wav,20250426
2754,2757,Sturnella magna,Eastern Meadowlark,0.735,D:/AcousticMonitoringData/ELDON1_Data/Week16\ELDON1_20250426_052100.wav,20250426
2754,2757,Spizella pusilla,Field Sparrow,0.0295,D:/AcousticMonitoringData/ELDON1_Data/Week16\ELDON1_20250426_052100.wav,20250426
2757,2760,Sturnella magna,Eastern Meadowlark,0.6466,D:/AcousticMonitoringData/ELDON1_Data/Week16\ELDON1_20250426_052100.wav,20250426
2760,2763,Sturnella magna,Eastern Meadowlark,0.8027,D:/AcousticMonitoringData/ELDON1_Data/Week16\ELDON1_20250426_052100.wav,20250426
2760,2763,Spizella pusilla,Field Sparrow,0.0115,D:/AcousticMonitoringData/ELDON1_Data/Week16\ELDON1_20250426_052100.wav,20250426
2763,2766,Sturnella magna,Eastern Meadowlark,0.9138,D:/AcousticMonitoringData/ELDON1_Data/Week16\ELDON1_20250426_052100.wav,20250426
2766,2769,Sturnella magna,Eastern Meadowlark,0.9023,D:/AcousticMonitoringData/ELDON1_Data/Week16\ELDON1_20250426_052100.wav,20250426
2769,2772,Sturnella magna,Eastern Meadowlark,0.0349,D:/AcousticMonitoringData/ELDON1_Data/Week16\ELDON1_20250426_052100.wav,20250426
2769,2772,Spizella pusilla,Field Sparrow,0.0139,D:/AcousticMonitoringData/ELDON1_Data/Week16\ELDON1_20250426_052100.wav,20250426
2769,2772,Passerina caerulea,Blue Grosbeak,0.0136,D:/AcousticMonitoringData/ELDON1_Data/Week16\ELDON1_20250426_052100.wav,20250426
2772,2775,Sturnella magna,Eastern Meadowlark,0.9558,D:/AcousticMonitoringData/ELDON1_Data/Week16\ELDON1_20250426_052100.wav,20250426
2775,2778,Sturnella magna,Eastern Meadowlark,0.2148,D:/AcousticMonitoringData/ELDON1_Data/Week16\ELDON1_20250426_052100.wav,20250426
2778,2781,Sturnella magna,Eastern Meadowlark,0.607,D:/AcousticMonitoringData/ELDON1_Data/Week16\ELDON1_20250426_052100.wav,20250426
2781,2784,Sturnella magna,Eastern Meadowlark,0.0195,D:/AcousticMonitoringData/ELDON1_Data/Week16\ELDON1_20250426_052100.wav,20250426
2781,2784,Bartramia longicauda,Upland Sandpiper,0.0112,D:/AcousticMonitoringData/ELDON1_Data/Week16\ELDON1_20250426_052100.wav,20250426
2784,2787,Sturnella magna,Eastern Meadowlark,0.0369,D:/AcousticMonitoringData/ELDON1_Data/Week16\ELDON1_20250426_052100.wav,20250426
2784,2787,Passerina caerulea,Blue Grosbeak,0.0164,D:/AcousticMonitoringData/ELDON1_Data/Week16\ELDON1_20250426_052100.wav,20250426
2787,2790,Sturnella magna,Eastern Meadowlark,0.3262,D:/AcousticMonitoringData/ELDON1_Data/Week16\ELDON1_20250426_052100.wav,20250426
2790,2793,Sturnella magna,Eastern Meadowlark,0.0246,D:/AcousticMonitoringData/ELDON1_Data/Week16\ELDON1_20250426_052100.wav,20250426
2790,2793,Spizella pusilla,Field Sparrow,0.0109,D:/AcousticMonitoringData/ELDON1_Data/Week16\ELDON1_20250426_052100.wav,20250426
2793,2796,Spizella pusilla,Field Sparrow,0.0379,D:/AcousticMonitoringData/ELDON1_Data/Week16\ELDON1_20250426_052100.wav,20250426
2793,2796,Passerina caerulea,Blue Grosbeak,0.0231,D:/AcousticMonitoringData/ELDON1_Data/Week16\ELDON1_20250426_052100.wav,20250426
2793,2796,Sturnella magna,Eastern Meadowlark,0.0129,D:/AcousticMonitoringData/ELDON1_Data/Week16\ELDON1_20250426_052100.wav,20250426
2805,2808,Sturnella magna,Eastern Meadowlark,0.0727,D:/AcousticMonitoringData/ELDON1_Data/Week16\ELDON1_20250426_052100.wav,20250426
2805,2808,Spizella pusilla,Field Sparrow,0.0581,D:/AcousticMonitoringData/ELDON1_Data/Week16\ELDON1_20250426_052100.wav,20250426
2805,2808,Passerina caerulea,Blue Grosbeak,0.027,D:/AcousticMonitoringData/ELDON1_Data/Week16\ELDON1_20250426_052100.wav,20250426
2805,2808,Bartramia longicauda,Upland Sandpiper,0.0105,D:/AcousticMonitoringData/ELDON1_Data/Week16\ELDON1_20250426_052100.wav,20250426
2808,2811,Sturnella magna,Eastern Meadowlark,0.0288,D:/AcousticMonitoringData/ELDON1_Data/Week16\ELDON1_20250426_052100.wav,20250426
2811,2814,Spizella pusilla,Field Sparrow,0.0618,D:/AcousticMonitoringData/ELDON1_Data/Week16\ELDON1_20250426_052100.wav,20250426
2811,2814,Sturnella magna,Eastern Meadowlark,0.0596,D:/AcousticMonitoringData/ELDON1_Data/Week16\ELDON1_20250426_052100.wav,20250426
2811,2814,Passerina caerulea,Blue Grosbeak,0.0119,D:/AcousticMonitoringData/ELDON1_Data/Week16\ELDON1_20250426_052100.wav,20250426
2811,2814,Bartramia longicauda,Upland Sandpiper,0.0101,D:/AcousticMonitoringData/ELDON1_Data/Week16\ELDON1_20250426_052100.wav,20250426
2814,2817,Sturnella magna,Eastern Meadowlark,0.1932,D:/AcousticMonitoringData/ELDON1_Data/Week16\ELDON1_20250426_052100.wav,20250426
2814,2817,Spizella pusilla,Field Sparrow,0.0277,D:/AcousticMonitoringData/ELDON1_Data/Week16\ELDON1_20250426_052100.wav,20250426
2817,2820,Sturnella magna,Eastern Meadowlark,0.8653,D:/AcousticMonitoringData/ELDON1_Data/Week16\ELDON1_20250426_052100.wav,20250426
2820,2823,Spizella pusilla,Field Sparrow,0.0161,D:/AcousticMonitoringData/ELDON1_Data/Week16\ELDON1_20250426_052100.wav,20250426
2823,2826,Sturnella magna,Eastern Meadowlark,0.1734,D:/AcousticMonitoringData/ELDON1_Data/Week16\ELDON1_20250426_052100.wav,20250426
2826,2829,Sturnella magna,Eastern Meadowlark,0.5393,D:/AcousticMonitoringData/ELDON1_Data/Week16\ELDON1_20250426_052100.wav,20250426
2835,2838,Sturnella magna,Eastern Meadowlark,0.7843,D:/AcousticMonitoringData/ELDON1_Data/Week16\ELDON1_20250426_052100.wav,20250426
2838,2841,Sturnella magna,Eastern Meadowlark,0.0272,D:/AcousticMonitoringData/ELDON1_Data/Week16\ELDON1_20250426_052100.wav,20250426
2841,2844,Sturnella magna,Eastern Meadowlark,0.0212,D:/AcousticMonitoringData/ELDON1_Data/Week16\ELDON1_20250426_052100.wav,20250426
2841,2844,Passerina caerulea,Blue Grosbeak,0.016,D:/AcousticMonitoringData/ELDON1_Data/Week16\ELDON1_20250426_052100.wav,20250426
2841,2844,Spizella pusilla,Field Sparrow,0.0146,D:/AcousticMonitoringData/ELDON1_Data/Week16\ELDON1_20250426_052100.wav,20250426
2844,2847,Sturnella magna,Eastern Meadowlark,0.9791,D:/AcousticMonitoringData/ELDON1_Data/Week16\ELDON1_20250426_052100.wav,20250426
2847,2850,Sturnella magna,Eastern Meadowlark,0.1622,D:/AcousticMonitoringData/ELDON1_Data/Week16\ELDON1_20250426_052100.wav,20250426
2847,2850,Spizella pusilla,Field Sparrow,0.0176,D:/AcousticMonitoringData/ELDON1_Data/Week16\ELDON1_20250426_052100.wav,20250426
2847,2850,Passerina caerulea,Blue Grosbeak,0.011,D:/AcousticMonitoringData/ELDON1_Data/Week16\ELDON1_20250426_052100.wav,20250426
2850,2853,Passerina caerulea,Blue Grosbeak,0.0155,D:/AcousticMonitoringData/ELDON1_Data/Week16\ELDON1_20250426_052100.wav,20250426
2853,2856,Sturnella magna,Eastern Meadowlark,0.7665,D:/AcousticMonitoringData/ELDON1_Data/Week16\ELDON1_20250426_052100.wav,20250426
2856,2859,Spizella pusilla,Field Sparrow,0.0639,D:/AcousticMonitoringData/ELDON1_Data/Week16\ELDON1_20250426_052100.wav,20250426
2856,2859,Sturnella magna,Eastern Meadowlark,0.062,D:/AcousticMonitoringData/ELDON1_Data/Week16\ELDON1_20250426_052100.wav,20250426
2856,2859,Passerina caerulea,Blue Grosbeak,0.0302,D:/AcousticMonitoringData/ELDON1_Data/Week16\ELDON1_20250426_052100.wav,20250426
2859,2862,Sturnella magna,Eastern Meadowlark,0.0101,D:/AcousticMonitoringData/ELDON1_Data/Week16\ELDON1_20250426_052100.wav,20250426
2862,2865,Sturnella magna,Eastern Meadowlark,0.8162,D:/AcousticMonitoringData/ELDON1_Data/Week16\ELDON1_20250426_052100.wav,20250426
2865,2868,Sturnella magna,Eastern Meadowlark,0.0111,D:/AcousticMonitoringData/ELDON1_Data/Week16\ELDON1_20250426_052100.wav,20250426
2868,2871,Sturnella magna,Eastern Meadowlark,0.7674,D:/AcousticMonitoringData/ELDON1_Data/Week16\ELDON1_20250426_052100.wav,20250426
2871,2874,Sturnella magna,Eastern Meadowlark,0.9594,D:/AcousticMonitoringData/ELDON1_Data/Week16\ELDON1_20250426_052100.wav,20250426
2874,2877,Spizella pusilla,Field Sparrow,0.013,D:/AcousticMonitoringData/ELDON1_Data/Week16\ELDON1_20250426_052100.wav,20250426
2877,2880,Sturnella magna,Eastern Meadowlark,0.9314,D:/AcousticMonitoringData/ELDON1_Data/Week16\ELDON1_20250426_052100.wav,20250426
2880,2883,Sturnella magna,Eastern Meadowlark,0.6398,D:/AcousticMonitoringData/ELDON1_Data/Week16\ELDON1_20250426_052100.wav,20250426
2883,2886,Sturnella magna,Eastern Meadowlark,0.0941,D:/AcousticMonitoringData/ELDON1_Data/Week16\ELDON1_20250426_052100.wav,20250426
2883,2886,Spizella pusilla,Field Sparrow,0.0307,D:/AcousticMonitoringData/ELDON1_Data/Week16\ELDON1_20250426_052100.wav,20250426
2883,2886,Passerina caerulea,Blue Grosbeak,0.0211,D:/AcousticMonitoringData/ELDON1_Data/Week16\ELDON1_20250426_052100.wav,20250426
2886,2889,Sturnella magna,Eastern Meadowlark,0.6614,D:/AcousticMonitoringData/ELDON1_Data/Week16\ELDON1_20250426_052100.wav,20250426
2886,2889,Bartramia longicauda,Upland Sandpiper,0.0197,D:/AcousticMonitoringData/ELDON1_Data/Week16\ELDON1_20250426_052100.wav,20250426
2889,2892,Sturnella magna,Eastern Meadowlark,0.0936,D:/AcousticMonitoringData/ELDON1_Data/Week16\ELDON1_20250426_052100.wav,20250426
2889,2892,Spizella pusilla,Field Sparrow,0.0163,D:/AcousticMonitoringData/ELDON1_Data/Week16\ELDON1_20250426_052100.wav,20250426
2889,2892,Passerina caerulea,Blue Grosbeak,0.01,D:/AcousticMonitoringData/ELDON1_Data/Week16\ELDON1_20250426_052100.wav,20250426
2892,2895,Sturnella magna,Eastern Meadowlark,0.0395,D:/AcousticMonitoringData/ELDON1_Data/Week16\ELDON1_20250426_052100.wav,20250426
2892,2895,Spizella pusilla,Field Sparrow,0.0353,D:/AcousticMonitoringData/ELDON1_Data/Week16\ELDON1_20250426_052100.wav,20250426
2892,2895,Passerina caerulea,Blue Grosbeak,0.0203,D:/AcousticMonitoringData/ELDON1_Data/Week16\ELDON1_20250426_052100.wav,20250426
2895,2898,Sturnella magna,Eastern Meadowlark,0.0358,D:/AcousticMonitoringData/ELDON1_Data/Week16\ELDON1_20250426_052100.wav,20250426
2895,2898,Spizella pusilla,Field Sparrow,0.0147,D:/AcousticMonitoringData/ELDON1_Data/Week16\ELDON1_20250426_052100.wav,20250426
2895,2898,Bartramia longicauda,Upland Sandpiper,0.0101,D:/AcousticMonitoringData/ELDON1_Data/Week16\ELDON1_20250426_052100.wav,20250426
2898,2901,Sturnella magna,Eastern Meadowlark,0.7548,D:/AcousticMonitoringData/ELDON1_Data/Week16\ELDON1_20250426_052100.wav,20250426
2901,2904,Sturnella magna,Eastern Meadowlark,0.0871,D:/AcousticMonitoringData/ELDON1_Data/Week16\ELDON1_20250426_052100.wav,20250426
2904,2907,Sturnella magna,Eastern Meadowlark,0.0485,D:/AcousticMonitoringData/ELDON1_Data/Week16\ELDON1_20250426_052100.wav,20250426
2904,2907,Spizella pusilla,Field Sparrow,0.01,D:/AcousticMonitoringData/ELDON1_Data/Week16\ELDON1_20250426_052100.wav,20250426
2907,2910,Sturnella magna,Eastern Meadowlark,0.0227,D:/AcousticMonitoringData/ELDON1_Data/Week16\ELDON1_20250426_052100.wav,20250426
2907,2910,Passerina caerulea,Blue Grosbeak,0.0117,D:/AcousticMonitoringData/ELDON1_Data/Week16\ELDON1_20250426_052100.wav,20250426
2910,2913,Sturnella magna,Eastern Meadowlark,0.8601,D:/AcousticMonitoringData/ELDON1_Data/Week16\ELDON1_20250426_052100.wav,20250426
2910,2913,Bartramia longicauda,Upland Sandpiper,0.0126,D:/AcousticMonitoringData/ELDON1_Data/Week16\ELDON1_20250426_052100.wav,20250426
2913,2916,Sturnella magna,Eastern Meadowlark,0.0159,D:/AcousticMonitoringData/ELDON1_Data/Week16\ELDON1_20250426_052100.wav,20250426
2916,2919,Sturnella magna,Eastern Meadowlark,0.2127,D:/AcousticMonitoringData/ELDON1_Data/Week16\ELDON1_20250426_052100.wav,20250426
2916,2919,Spizella pusilla,Field Sparrow,0.0499,D:/AcousticMonitoringData/ELDON1_Data/Week16\ELDON1_20250426_052100.wav,20250426
2919,2922,Sturnella magna,Eastern Meadowlark,0.762,D:/AcousticMonitoringData/ELDON1_Data/Week16\ELDON1_20250426_052100.wav,20250426
2919,2922,Bartramia longicauda,Upland Sandpiper,0.023,D:/AcousticMonitoringData/ELDON1_Data/Week16\ELDON1_20250426_052100.wav,20250426
2922,2925,Sturnella magna,Eastern Meadowlark,0.0126,D:/AcousticMonitoringData/ELDON1_Data/Week16\ELDON1_20250426_052100.wav,20250426
2925,2928,Sturnella magna,Eastern Meadowlark,0.4322,D:/AcousticMonitoringData/ELDON1_Data/Week16\ELDON1_20250426_052100.wav,20250426
2925,2928,Bartramia longicauda,Upland Sandpiper,0.0104,D:/AcousticMonitoringData/ELDON1_Data/Week16\ELDON1_20250426_052100.wav,20250426
2928,2931,Sturnella magna,Eastern Meadowlark,0.3102,D:/AcousticMonitoringData/ELDON1_Data/Week16\ELDON1_20250426_052100.wav,20250426
2931,2934,Sturnella magna,Eastern Meadowlark,0.0144,D:/AcousticMonitoringData/ELDON1_Data/Week16\ELDON1_20250426_052100.wav,20250426
2934,2937,Sturnella magna,Eastern Meadowlark,0.7725,D:/AcousticMonitoringData/ELDON1_Data/Week16\ELDON1_20250426_052100.wav,20250426
2937,2940,Eremophila alpestris,Horned Lark,0.0143,D:/AcousticMonitoringData/ELDON1_Data/Week16\ELDON1_20250426_052100.wav,20250426
2937,2940,Spizella pusilla,Field Sparrow,0.0109,D:/AcousticMonitoringData/ELDON1_Data/Week16\ELDON1_20250426_052100.wav,20250426
2937,2940,Sturnella magna,Eastern Meadowlark,0.0101,D:/AcousticMonitoringData/ELDON1_Data/Week16\ELDON1_20250426_052100.wav,20250426
2940,2943,Spizella pusilla,Field Sparrow,0.2169,D:/AcousticMonitoringData/ELDON1_Data/Week16\ELDON1_20250426_052100.wav,20250426
2940,2943,Sturnella magna,Eastern Meadowlark,0.1586,D:/AcousticMonitoringData/ELDON1_Data/Week16\ELDON1_20250426_052100.wav,20250426
2940,2943,Passerina caerulea,Blue Grosbeak,0.0118,D:/AcousticMonitoringData/ELDON1_Data/Week16\ELDON1_20250426_052100.wav,20250426
2943,2946,Sturnella magna,Eastern Meadowlark,0.5519,D:/AcousticMonitoringData/ELDON1_Data/Week16\ELDON1_20250426_052100.wav,20250426
2946,2949,Passerina caerulea,Blue Grosbeak,0.0199,D:/AcousticMonitoringData/ELDON1_Data/Week16\ELDON1_20250426_052100.wav,20250426
2946,2949,Sturnella magna,Eastern Meadowlark,0.019,D:/AcousticMonitoringData/ELDON1_Data/Week16\ELDON1_20250426_052100.wav,20250426
2949,2952,Sturnella magna,Eastern Meadowlark,0.9047,D:/AcousticMonitoringData/ELDON1_Data/Week16\ELDON1_20250426_052100.wav,20250426
2952,2955,Sturnella magna,Eastern Meadowlark,0.0577,D:/AcousticMonitoringData/ELDON1_Data/Week16\ELDON1_20250426_052100.wav,20250426
2952,2955,Passerina caerulea,Blue Grosbeak,0.0136,D:/AcousticMonitoringData/ELDON1_Data/Week16\ELDON1_20250426_052100.wav,20250426
2955,2958,Sturnella magna,Eastern Meadowlark,0.0247,D:/AcousticMonitoringData/ELDON1_Data/Week16\ELDON1_20250426_052100.wav,20250426
2955,2958,Spizella pusilla,Field Sparrow,0.0209,D:/AcousticMonitoringData/ELDON1_Data/Week16\ELDON1_20250426_052100.wav,20250426
2958,2961,Sturnella magna,Eastern Meadowlark,0.7892,D:/AcousticMonitoringData/ELDON1_Data/Week16\ELDON1_20250426_052100.wav,20250426
2964,2967,Sturnella magna,Eastern Meadowlark,0.2541,D:/AcousticMonitoringData/ELDON1_Data/Week16\ELDON1_20250426_052100.wav,20250426
2967,2970,Sturnella magna,Eastern Meadowlark,0.8082,D:/AcousticMonitoringData/ELDON1_Data/Week16\ELDON1_20250426_052100.wav,20250426
2973,2976,Sturnella magna,Eastern Meadowlark,0.9004,D:/AcousticMonitoringData/ELDON1_Data/Week16\ELDON1_20250426_052100.wav,20250426
2976,2979,Sturnella magna,Eastern Meadowlark,0.1455,D:/AcousticMonitoringData/ELDON1_Data/Week16\ELDON1_20250426_052100.wav,20250426
2976,2979,Spizella pusilla,Field Sparrow,0.0129,D:/AcousticMonitoringData/ELDON1_Data/Week16\ELDON1_20250426_052100.wav,20250426
2979,2982,Sturnella magna,Eastern Meadowlark,0.3069,D:/AcousticMonitoringData/ELDON1_Data/Week16\ELDON1_20250426_052100.wav,20250426
2979,2982,Spizella pusilla,Field Sparrow,0.1367,D:/AcousticMonitoringData/ELDON1_Data/Week16\ELDON1_20250426_052100.wav,20250426
2982,2985,Sturnella magna,Eastern Meadowlark,0.8683,D:/AcousticMonitoringData/ELDON1_Data/Week16\ELDON1_20250426_052100.wav,20250426
2985,2988,Sturnella magna,Eastern Meadowlark,0.0339,D:/AcousticMonitoringData/ELDON1_Data/Week16\ELDON1_20250426_052100.wav,20250426
2988,2991,Sturnella magna,Eastern Meadowlark,0.7343,D:/AcousticMonitoringData/ELDON1_Data/Week16\ELDON1_20250426_052100.wav,20250426
2991,2994,Sturnella magna,Eastern Meadowlark,0.0457,D:/AcousticMonitoringData/ELDON1_Data/Week16\ELDON1_20250426_052100.wav,20250426
2991,2994,Spizella pusilla,Field Sparrow,0.0236,D:/AcousticMonitoringData/ELDON1_Data/Week16\ELDON1_20250426_052100.wav,20250426
2994,2997,Sturnella magna,Eastern Meadowlark,0.0754,D:/AcousticMonitoringData/ELDON1_Data/Week16\ELDON1_20250426_052100.wav,20250426
2997,3000,Sturnella magna,Eastern Meadowlark,0.8993,D:/AcousticMonitoringData/ELDON1_Data/Week16\ELDON1_20250426_052100.wav,20250426
3000,3003,Sturnella magna,Eastern Meadowlark,0.0433,D:/AcousticMonitoringData/ELDON1_Data/Week16\ELDON1_20250426_052100.wav,20250426
3000,3003,Bartramia longicauda,Upland Sandpiper,0.0187,D:/AcousticMonitoringData/ELDON1_Data/Week16\ELDON1_20250426_052100.wav,20250426
3000,3003,Passerina caerulea,Blue Grosbeak,0.0121,D:/AcousticMonitoringData/ELDON1_Data/Week16\ELDON1_20250426_052100.wav,20250426
3003,3006,Bartramia longicauda,Upland Sandpiper,0.0194,D:/AcousticMonitoringData/ELDON1_Data/Week16\ELDON1_20250426_052100.wav,20250426
3006,3009,Sturnella magna,Eastern Meadowlark,0.2335,D:/AcousticMonitoringData/ELDON1_Data/Week16\ELDON1_20250426_052100.wav,20250426
3006,3009,Bartramia longicauda,Upland Sandpiper,0.0124,D:/AcousticMonitoringData/ELDON1_Data/Week16\ELDON1_20250426_052100.wav,20250426
3012,3015,Sturnella magna,Eastern Meadowlark,0.0182,D:/AcousticMonitoringData/ELDON1_Data/Week16\ELDON1_20250426_052100.wav,20250426
3015,3018,Sturnella magna,Eastern Meadowlark,0.9374,D:/AcousticMonitoringData/ELDON1_Data/Week16\ELDON1_20250426_052100.wav,20250426
3015,3018,Bartramia longicauda,Upland Sandpiper,0.0119,D:/AcousticMonitoringData/ELDON1_Data/Week16\ELDON1_20250426_052100.wav,20250426
3018,3021,Spizella pusilla,Field Sparrow,0.0241,D:/AcousticMonitoringData/ELDON1_Data/Week16\ELDON1_20250426_052100.wav,20250426
3018,3021,Passerina caerulea,Blue Grosbeak,0.023,D:/AcousticMonitoringData/ELDON1_Data/Week16\ELDON1_20250426_052100.wav,20250426
3018,3021,Sturnella magna,Eastern Meadowlark,0.0178,D:/AcousticMonitoringData/ELDON1_Data/Week16\ELDON1_20250426_052100.wav,20250426
3021,3024,Sturnella magna,Eastern Meadowlark,0.0214,D:/AcousticMonitoringData/ELDON1_Data/Week16\ELDON1_20250426_052100.wav,20250426
3024,3027,Sturnella magna,Eastern Meadowlark,0.32,D:/AcousticMonitoringData/ELDON1_Data/Week16\ELDON1_20250426_052100.wav,20250426
3027,3030,Sturnella magna,Eastern Meadowlark,0.3412,D:/AcousticMonitoringData/ELDON1_Data/Week16\ELDON1_20250426_052100.wav,20250426
3027,3030,Bartramia longicauda,Upland Sandpiper,0.0158,D:/AcousticMonitoringData/ELDON1_Data/Week16\ELDON1_20250426_052100.wav,20250426
3030,3033,Sturnella magna,Eastern Meadowlark,0.209,D:/AcousticMonitoringData/ELDON1_Data/Week16\ELDON1_20250426_052100.wav,20250426
3030,3033,Spizella pusilla,Field Sparrow,0.0579,D:/AcousticMonitoringData/ELDON1_Data/Week16\ELDON1_20250426_052100.wav,20250426
3030,3033,Passerina caerulea,Blue Grosbeak,0.0147,D:/AcousticMonitoringData/ELDON1_Data/Week16\ELDON1_20250426_052100.wav,20250426
3030,3033,Bartramia longicauda,Upland Sandpiper,0.0114,D:/AcousticMonitoringData/ELDON1_Data/Week16\ELDON1_20250426_052100.wav,20250426
3033,3036,Sturnella magna,Eastern Meadowlark,0.0187,D:/AcousticMonitoringData/ELDON1_Data/Week16\ELDON1_20250426_052100.wav,20250426
3033,3036,Spizella pusilla,Field Sparrow,0.0183,D:/AcousticMonitoringData/ELDON1_Data/Week16\ELDON1_20250426_052100.wav,20250426
3033,3036,Passerina caerulea,Blue Grosbeak,0.0135,D:/AcousticMonitoringData/ELDON1_Data/Week16\ELDON1_20250426_052100.wav,20250426
3036,3039,Sturnella magna,Eastern Meadowlark,0.8199,D:/AcousticMonitoringData/ELDON1_Data/Week16\ELDON1_20250426_052100.wav,20250426
3039,3042,Sturnella magna,Eastern Meadowlark,0.0203,D:/AcousticMonitoringData/ELDON1_Data/Week16\ELDON1_20250426_052100.wav,20250426
3042,3045,Sturnella magna,Eastern Meadowlark,0.1654,D:/AcousticMonitoringData/ELDON1_Data/Week16\ELDON1_20250426_052100.wav,20250426
3042,3045,Bartramia longicauda,Upland Sandpiper,0.0784,D:/AcousticMonitoringData/ELDON1_Data/Week16\ELDON1_20250426_052100.wav,20250426
3045,3048,Sturnella magna,Eastern Meadowlark,0.0131,D:/AcousticMonitoringData/ELDON1_Data/Week16\ELDON1_20250426_052100.wav,20250426
3051,3054,Sturnella magna,Eastern Meadowlark,0.034,D:/AcousticMonitoringData/ELDON1_Data/Week16\ELDON1_20250426_052100.wav,20250426
3054,3057,Sturnella magna,Eastern Meadowlark,0.2544,D:/AcousticMonitoringData/ELDON1_Data/Week16\ELDON1_20250426_052100.wav,20250426
3057,3060,Sturnella magna,Eastern Meadowlark,0.5673,D:/AcousticMonitoringData/ELDON1_Data/Week16\ELDON1_20250426_052100.wav,20250426
3057,3060,Bartramia longicauda,Upland Sandpiper,0.0191,D:/AcousticMonitoringData/ELDON1_Data/Week16\ELDON1_20250426_052100.wav,20250426
3060,3063,Sturnella magna,Eastern Meadowlark,0.0925,D:/AcousticMonitoringData/ELDON1_Data/Week16\ELDON1_20250426_052100.wav,20250426
3063,3066,Sturnella magna,Eastern Meadowlark,0.7335,D:/AcousticMonitoringData/ELDON1_Data/Week16\ELDON1_20250426_052100.wav,20250426
3063,3066,Spizella pusilla,Field Sparrow,0.0104,D:/AcousticMonitoringData/ELDON1_Data/Week16\ELDON1_20250426_052100.wav,20250426
3066,3069,Sturnella magna,Eastern Meadowlark,0.164,D:/AcousticMonitoringData/ELDON1_Data/Week16\ELDON1_20250426_052100.wav,20250426
3069,3072,Sturnella magna,Eastern Meadowlark,0.2726,D:/AcousticMonitoringData/ELDON1_Data/Week16\ELDON1_20250426_052100.wav,20250426
3072,3075,Sturnella magna,Eastern Meadowlark,0.1446,D:/AcousticMonitoringData/ELDON1_Data/Week16\ELDON1_20250426_052100.wav,20250426
3075,3078,Sturnella magna,Eastern Meadowlark,0.4688,D:/AcousticMonitoringData/ELDON1_Data/Week16\ELDON1_20250426_052100.wav,20250426
3075,3078,Spizella pusilla,Field Sparrow,0.0103,D:/AcousticMonitoringData/ELDON1_Data/Week16\ELDON1_20250426_052100.wav,20250426
3078,3081,Sturnella magna,Eastern Meadowlark,0.6777,D:/AcousticMonitoringData/ELDON1_Data/Week16\ELDON1_20250426_052100.wav,20250426
3078,3081,Bartramia longicauda,Upland Sandpiper,0.0219,D:/AcousticMonitoringData/ELDON1_Data/Week16\ELDON1_20250426_052100.wav,20250426
3081,3084,Sturnella magna,Eastern Meadowlark,0.0194,D:/AcousticMonitoringData/ELDON1_Data/Week16\ELDON1_20250426_052100.wav,20250426
3084,3087,Sturnella magna,Eastern Meadowlark,0.4756,D:/AcousticMonitoringData/ELDON1_Data/Week16\ELDON1_20250426_052100.wav,20250426
3084,3087,Bartramia longicauda,Upland Sandpiper,0.0105,D:/AcousticMonitoringData/ELDON1_Data/Week16\ELDON1_20250426_052100.wav,20250426
3087,3090,Sturnella magna,Eastern Meadowlark,0.4193,D:/AcousticMonitoringData/ELDON1_Data/Week16\ELDON1_20250426_052100.wav,20250426
3090,3093,Sturnella magna,Eastern Meadowlark,0.7915,D:/AcousticMonitoringData/ELDON1_Data/Week16\ELDON1_20250426_052100.wav,20250426
3090,3093,Bartramia longicauda,Upland Sandpiper,0.018,D:/AcousticMonitoringData/ELDON1_Data/Week16\ELDON1_20250426_052100.wav,20250426
3093,3096,Sturnella magna,Eastern Meadowlark,0.0124,D:/AcousticMonitoringData/ELDON1_Data/Week16\ELDON1_20250426_052100.wav,20250426
3096,3099,Sturnella magna,Eastern Meadowlark,0.8102,D:/AcousticMonitoringData/ELDON1_Data/Week16\ELDON1_20250426_052100.wav,20250426
3096,3099,Passerina caerulea,Blue Grosbeak,0.012,D:/AcousticMonitoringData/ELDON1_Data/Week16\ELDON1_20250426_052100.wav,20250426
3099,3102,Sturnella magna,Eastern Meadowlark,0.0246,D:/AcousticMonitoringData/ELDON1_Data/Week16\ELDON1_20250426_052100.wav,20250426
3099,3102,Spizella pusilla,Field Sparrow,0.014,D:/AcousticMonitoringData/ELDON1_Data/Week16\ELDON1_20250426_052100.wav,20250426
3102,3105,Sturnella magna,Eastern Meadowlark,0.0336,D:/AcousticMonitoringData/ELDON1_Data/Week16\ELDON1_20250426_052100.wav,20250426
3105,3108,Sturnella magna,Eastern Meadowlark,0.3447,D:/AcousticMonitoringData/ELDON1_Data/Week16\ELDON1_20250426_052100.wav,20250426
3108,3111,Sturnella magna,Eastern Meadowlark,0.0136,D:/AcousticMonitoringData/ELDON1_Data/Week16\ELDON1_20250426_052100.wav,20250426
3108,3111,Spizella pusilla,Field Sparrow,0.0114,D:/AcousticMonitoringData/ELDON1_Data/Week16\ELDON1_20250426_052100.wav,20250426
3111,3114,Sturnella magna,Eastern Meadowlark,0.7214,D:/AcousticMonitoringData/ELDON1_Data/Week16\ELDON1_20250426_052100.wav,20250426
3111,3114,Bartramia longicauda,Upland Sandpiper,0.0207,D:/AcousticMonitoringData/ELDON1_Data/Week16\ELDON1_20250426_052100.wav,20250426
3114,3117,Sturnella magna,Eastern Meadowlark,0.6549,D:/AcousticMonitoringData/ELDON1_Data/Week16\ELDON1_20250426_052100.wav,20250426
3114,3117,Passerina caerulea,Blue Grosbeak,0.0287,D:/AcousticMonitoringData/ELDON1_Data/Week16\ELDON1_20250426_052100.wav,20250426
3117,3120,Sturnella magna,Eastern Meadowlark,0.0505,D:/AcousticMonitoringData/ELDON1_Data/Week16\ELDON1_20250426_052100.wav,20250426
3120,3123,Sturnella magna,Eastern Meadowlark,0.7085,D:/AcousticMonitoringData/ELDON1_Data/Week16\ELDON1_20250426_052100.wav,20250426
3123,3126,Sturnella magna,Eastern Meadowlark,0.5388,D:/AcousticMonitoringData/ELDON1_Data/Week16\ELDON1_20250426_052100.wav,20250426
3123,3126,Bartramia longicauda,Upland Sandpiper,0.0165,D:/AcousticMonitoringData/ELDON1_Data/Week16\ELDON1_20250426_052100.wav,20250426
3126,3129,Sturnella magna,Eastern Meadowlark,0.299,D:/AcousticMonitoringData/ELDON1_Data/Week16\ELDON1_20250426_052100.wav,20250426
3129,3132,Sturnella magna,Eastern Meadowlark,0.0605,D:/AcousticMonitoringData/ELDON1_Data/Week16\ELDON1_20250426_052100.wav,20250426
3129,3132,Spizella pusilla,Field Sparrow,0.0235,D:/AcousticMonitoringData/ELDON1_Data/Week16\ELDON1_20250426_052100.wav,20250426
3132,3135,Sturnella magna,Eastern Meadowlark,0.3985,D:/AcousticMonitoringData/ELDON1_Data/Week16\ELDON1_20250426_052100.wav,20250426
3135,3138,Sturnella magna,Eastern Meadowlark,0.4043,D:/AcousticMonitoringData/ELDON1_Data/Week16\ELDON1_20250426_052100.wav,20250426
3135,3138,Spizella pusilla,Field Sparrow,0.0174,D:/AcousticMonitoringData/ELDON1_Data/Week16\ELDON1_20250426_052100.wav,20250426
3138,3141,Sturnella magna,Eastern Meadowlark,0.0393,D:/AcousticMonitoringData/ELDON1_Data/Week16\ELDON1_20250426_052100.wav,20250426
3141,3144,Sturnella magna,Eastern Meadowlark,0.81,D:/AcousticMonitoringData/ELDON1_Data/Week16\ELDON1_20250426_052100.wav,20250426
3141,3144,Spizella pusilla,Field Sparrow,0.0242,D:/AcousticMonitoringData/ELDON1_Data/Week16\ELDON1_20250426_052100.wav,20250426
3141,3144,Bartramia longicauda,Upland Sandpiper,0.0173,D:/AcousticMonitoringData/ELDON1_Data/Week16\ELDON1_20250426_052100.wav,20250426
3144,3147,Sturnella magna,Eastern Meadowlark,0.511,D:/AcousticMonitoringData/ELDON1_Data/Week16\ELDON1_20250426_052100.wav,20250426
3144,3147,Spizella pusilla,Field Sparrow,0.0166,D:/AcousticMonitoringData/ELDON1_Data/Week16\ELDON1_20250426_052100.wav,20250426
3144,3147,Passerina caerulea,Blue Grosbeak,0.0143,D:/AcousticMonitoringData/ELDON1_Data/Week16\ELDON1_20250426_052100.wav,20250426
3144,3147,Bartramia longicauda,Upland Sandpiper,0.0135,D:/AcousticMonitoringData/ELDON1_Data/Week16\ELDON1_20250426_052100.wav,20250426
3147,3150,Sturnella magna,Eastern Meadowlark,0.6606,D:/AcousticMonitoringData/ELDON1_Data/Week16\ELDON1_20250426_052100.wav,20250426
3147,3150,Bartramia longicauda,Upland Sandpiper,0.0133,D:/AcousticMonitoringData/ELDON1_Data/Week16\ELDON1_20250426_052100.wav,20250426
3150,3153,Sturnella magna,Eastern Meadowlark,0.34,D:/AcousticMonitoringData/ELDON1_Data/Week16\ELDON1_20250426_052100.wav,20250426
3150,3153,Spizella pusilla,Field Sparrow,0.0721,D:/AcousticMonitoringData/ELDON1_Data/Week16\ELDON1_20250426_052100.wav,20250426
3150,3153,Passerina caerulea,Blue Grosbeak,0.0166,D:/AcousticMonitoringData/ELDON1_Data/Week16\ELDON1_20250426_052100.wav,20250426
3156,3159,Spizella pusilla,Field Sparrow,0.0235,D:/AcousticMonitoringData/ELDON1_Data/Week16\ELDON1_20250426_052100.wav,20250426
3156,3159,Sturnella magna,Eastern Meadowlark,0.0125,D:/AcousticMonitoringData/ELDON1_Data/Week16\ELDON1_20250426_052100.wav,20250426
3159,3162,Sturnella magna,Eastern Meadowlark,0.0932,D:/AcousticMonitoringData/ELDON1_Data/Week16\ELDON1_20250426_052100.wav,20250426
3159,3162,Spizella pusilla,Field Sparrow,0.0575,D:/AcousticMonitoringData/ELDON1_Data/Week16\ELDON1_20250426_052100.wav,20250426
3159,3162,Passerina caerulea,Blue Grosbeak,0.019,D:/AcousticMonitoringData/ELDON1_Data/Week16\ELDON1_20250426_052100.wav,20250426
3162,3165,Sturnella magna,Eastern Meadowlark,0.0287,D:/AcousticMonitoringData/ELDON1_Data/Week16\ELDON1_20250426_052100.wav,20250426
3162,3165,Spizella pusilla,Field Sparrow,0.0211,D:/AcousticMonitoringData/ELDON1_Data/Week16\ELDON1_20250426_052100.wav,20250426
3162,3165,Passerina caerulea,Blue Grosbeak,0.0121,D:/AcousticMonitoringData/ELDON1_Data/Week16\ELDON1_20250426_052100.wav,20250426
3162,3165,Bartramia longicauda,Upland Sandpiper,0.0107,D:/AcousticMonitoringData/ELDON1_Data/Week16\ELDON1_20250426_052100.wav,20250426
3165,3168,Sturnella magna,Eastern Meadowlark,0.0384,D:/AcousticMonitoringData/ELDON1_Data/Week16\ELDON1_20250426_052100.wav,20250426
3168,3171,Sturnella magna,Eastern Meadowlark,0.0607,D:/AcousticMonitoringData/ELDON1_Data/Week16\ELDON1_20250426_052100.wav,20250426
3168,3171,Spizella pusilla,Field Sparrow,0.0344,D:/AcousticMonitoringData/ELDON1_Data/Week16\ELDON1_20250426_052100.wav,20250426
3168,3171,Passerina caerulea,Blue Grosbeak,0.0219,D:/AcousticMonitoringData/ELDON1_Data/Week16\ELDON1_20250426_052100.wav,20250426
3171,3174,Sturnella magna,Eastern Meadowlark,0.2951,D:/AcousticMonitoringData/ELDON1_Data/Week16\ELDON1_20250426_052100.wav,20250426
3171,3174,Spizella pusilla,Field Sparrow,0.0313,D:/AcousticMonitoringData/ELDON1_Data/Week16\ELDON1_20250426_052100.wav,20250426
3171,3174,Bartramia longicauda,Upland Sandpiper,0.0215,D:/AcousticMonitoringData/ELDON1_Data/Week16\ELDON1_20250426_052100.wav,20250426
3171,3174,Passerina caerulea,Blue Grosbeak,0.0134,D:/AcousticMonitoringData/ELDON1_Data/Week16\ELDON1_20250426_052100.wav,20250426
3174,3177,Spizella pusilla,Field Sparrow,0.0146,D:/AcousticMonitoringData/ELDON1_Data/Week16\ELDON1_20250426_052100.wav,20250426
3177,3180,Sturnella magna,Eastern Meadowlark,0.0242,D:/AcousticMonitoringData/ELDON1_Data/Week16\ELDON1_20250426_052100.wav,20250426
3180,3183,Sturnella magna,Eastern Meadowlark,0.1384,D:/AcousticMonitoringData/ELDON1_Data/Week16\ELDON1_20250426_052100.wav,20250426
3180,3183,Bartramia longicauda,Upland Sandpiper,0.0195,D:/AcousticMonitoringData/ELDON1_Data/Week16\ELDON1_20250426_052100.wav,20250426
3183,3186,Spizella pusilla,Field Sparrow,0.2545,D:/AcousticMonitoringData/ELDON1_Data/Week16\ELDON1_20250426_052100.wav,20250426
3183,3186,Passerina caerulea,Blue Grosbeak,0.0143,D:/AcousticMonitoringData/ELDON1_Data/Week16\ELDON1_20250426_052100.wav,20250426
3183,3186,Sturnella magna,Eastern Meadowlark,0.0124,D:/AcousticMonitoringData/ELDON1_Data/Week16\ELDON1_20250426_052100.wav,20250426
3186,3189,Sturnella magna,Eastern Meadowlark,0.014,D:/AcousticMonitoringData/ELDON1_Data/Week16\ELDON1_20250426_052100.wav,20250426
3189,3192,Spizella pusilla,Field Sparrow,0.0258,D:/AcousticMonitoringData/ELDON1_Data/Week16\ELDON1_20250426_052100.wav,20250426
3189,3192,Sturnella magna,Eastern Meadowlark,0.0169,D:/AcousticMonitoringData/ELDON1_Data/Week16\ELDON1_20250426_052100.wav,20250426
3189,3192,Passerina caerulea,Blue Grosbeak,0.0132,D:/AcousticMonitoringData/ELDON1_Data/Week16\ELDON1_20250426_052100.wav,20250426
3192,3195,Sturnella magna,Eastern Meadowlark,0.1022,D:/AcousticMonitoringData/ELDON1_Data/Week16\ELDON1_20250426_052100.wav,20250426
3192,3195,Bartramia longicauda,Upland Sandpiper,0.0436,D:/AcousticMonitoringData/ELDON1_Data/Week16\ELDON1_20250426_052100.wav,20250426
3192,3195,Passerina caerulea,Blue Grosbeak,0.023,D:/AcousticMonitoringData/ELDON1_Data/Week16\ELDON1_20250426_052100.wav,20250426
3195,3198,Spizella pusilla,Field Sparrow,0.061,D:/AcousticMonitoringData/ELDON1_Data/Week16\ELDON1_20250426_052100.wav,20250426
3195,3198,Sturnella magna,Eastern Meadowlark,0.021,D:/AcousticMonitoringData/ELDON1_Data/Week16\ELDON1_20250426_052100.wav,20250426
3195,3198,Passerina caerulea,Blue Grosbeak,0.0134,D:/AcousticMonitoringData/ELDON1_Data/Week16\ELDON1_20250426_052100.wav,20250426
3198,3201,Spizella pusilla,Field Sparrow,0.0145,D:/AcousticMonitoringData/ELDON1_Data/Week16\ELDON1_20250426_052100.wav,20250426
3198,3201,Sturnella magna,Eastern Meadowlark,0.0107,D:/AcousticMonitoringData/ELDON1_Data/Week16\ELDON1_20250426_052100.wav,20250426
3201,3204,Sturnella magna,Eastern Meadowlark,0.0176,D:/AcousticMonitoringData/ELDON1_Data/Week16\ELDON1_20250426_052100.wav,20250426
3204,3207,Sturnella magna,Eastern Meadowlark,0.4171,D:/AcousticMonitoringData/ELDON1_Data/Week16\ELDON1_20250426_052100.wav,20250426
3204,3207,Passerina caerulea,Blue Grosbeak,0.025,D:/AcousticMonitoringData/ELDON1_Data/Week16\ELDON1_20250426_052100.wav,20250426
3204,3207,Spizella pusilla,Field Sparrow,0.0124,D:/AcousticMonitoringData/ELDON1_Data/Week16\ELDON1_20250426_052100.wav,20250426
3204,3207,Bartramia longicauda,Upland Sandpiper,0.0104,D:/AcousticMonitoringData/ELDON1_Data/Week16\ELDON1_20250426_052100.wav,20250426
3207,3210,Sturnella magna,Eastern Meadowlark,0.0124,D:/AcousticMonitoringData/ELDON1_Data/Week16\ELDON1_20250426_052100.wav,20250426
3210,3213,Sturnella magna,Eastern Meadowlark,0.2504,D:/AcousticMonitoringData/ELDON1_Data/Week16\ELDON1_20250426_052100.wav,20250426
3213,3216,Sturnella magna,Eastern Meadowlark,0.0225,D:/AcousticMonitoringData/ELDON1_Data/Week16\ELDON1_20250426_052100.wav,20250426
3213,3216,Passerina caerulea,Blue Grosbeak,0.0204,D:/AcousticMonitoringData/ELDON1_Data/Week16\ELDON1_20250426_052100.wav,20250426
3213,3216,Spizella pusilla,Field Sparrow,0.0199,D:/AcousticMonitoringData/ELDON1_Data/Week16\ELDON1_20250426_052100.wav,20250426
3216,3219,Sturnella magna,Eastern Meadowlark,0.2123,D:/AcousticMonitoringData/ELDON1_Data/Week16\ELDON1_20250426_052100.wav,20250426
3219,3222,Sturnella magna,Eastern Meadowlark,0.1486,D:/AcousticMonitoringData/ELDON1_Data/Week16\ELDON1_20250426_052100.wav,20250426
3225,3228,Spizella pusilla,Field Sparrow,0.0193,D:/AcousticMonitoringData/ELDON1_Data/Week16\ELDON1_20250426_052100.wav,20250426
3225,3228,Sturnella magna,Eastern Meadowlark,0.0162,D:/AcousticMonitoringData/ELDON1_Data/Week16\ELDON1_20250426_052100.wav,20250426
3225,3228,Passerina caerulea,Blue Grosbeak,0.0119,D:/AcousticMonitoringData/ELDON1_Data/Week16\ELDON1_20250426_052100.wav,20250426
3228,3231,Sturnella magna,Eastern Meadowlark,0.5387,D:/AcousticMonitoringData/ELDON1_Data/Week16\ELDON1_20250426_052100.wav,20250426
3231,3234,Sturnella magna,Eastern Meadowlark,0.0276,D:/AcousticMonitoringData/ELDON1_Data/Week16\ELDON1_20250426_052100.wav,20250426
3234,3237,Sturnella magna,Eastern Meadowlark,0.1676,D:/AcousticMonitoringData/ELDON1_Data/Week16\ELDON1_20250426_052100.wav,20250426
3237,3240,Spizella pusilla,Field Sparrow,0.0298,D:/AcousticMonitoringData/ELDON1_Data/Week16\ELDON1_20250426_052100.wav,20250426
3237,3240,Passerina caerulea,Blue Grosbeak,0.0138,D:/AcousticMonitoringData/ELDON1_Data/Week16\ELDON1_20250426_052100.wav,20250426
3237,3240,Sturnella magna,Eastern Meadowlark,0.0122,D:/AcousticMonitoringData/ELDON1_Data/Week16\ELDON1_20250426_052100.wav,20250426
3240,3243,Sturnella magna,Eastern Meadowlark,0.1354,D:/AcousticMonitoringData/ELDON1_Data/Week16\ELDON1_20250426_052100.wav,20250426
3243,3246,Sturnella magna,Eastern Meadowlark,0.1521,D:/AcousticMonitoringData/ELDON1_Data/Week16\ELDON1_20250426_052100.wav,20250426
3243,3246,Spizella pusilla,Field Sparrow,0.0124,D:/AcousticMonitoringData/ELDON1_Data/Week16\ELDON1_20250426_052100.wav,20250426
3246,3249,Sturnella magna,Eastern Meadowlark,0.4454,D:/AcousticMonitoringData/ELDON1_Data/Week16\ELDON1_20250426_052100.wav,20250426
3246,3249,Spizella pusilla,Field Sparrow,0.0227,D:/AcousticMonitoringData/ELDON1_Data/Week16\ELDON1_20250426_052100.wav,20250426
3249,3252,Sturnella magna,Eastern Meadowlark,0.1248,D:/AcousticMonitoringData/ELDON1_Data/Week16\ELDON1_20250426_052100.wav,20250426
3252,3255,Sturnella magna,Eastern Meadowlark,0.6138,D:/AcousticMonitoringData/ELDON1_Data/Week16\ELDON1_20250426_052100.wav,20250426
3252,3255,Spizella pusilla,Field Sparrow,0.0179,D:/AcousticMonitoringData/ELDON1_Data/Week16\ELDON1_20250426_052100.wav,20250426
3252,3255,Passerina caerulea,Blue Grosbeak,0.0172,D:/AcousticMonitoringData/ELDON1_Data/Week16\ELDON1_20250426_052100.wav,20250426
3255,3258,Sturnella magna,Eastern Meadowlark,0.2404,D:/AcousticMonitoringData/ELDON1_Data/Week16\ELDON1_20250426_052100.wav,20250426
3255,3258,Spizella pusilla,Field Sparrow,0.0274,D:/AcousticMonitoringData/ELDON1_Data/Week16\ELDON1_20250426_052100.wav,20250426
3258,3261,Sturnella magna,Eastern Meadowlark,0.0391,D:/AcousticMonitoringData/ELDON1_Data/Week16\ELDON1_20250426_052100.wav,20250426
3261,3264,Sturnella magna,Eastern Meadowlark,0.2735,D:/AcousticMonitoringData/ELDON1_Data/Week16\ELDON1_20250426_052100.wav,20250426
3264,3267,Sturnella magna,Eastern Meadowlark,0.0956,D:/AcousticMonitoringData/ELDON1_Data/Week16\ELDON1_20250426_052100.wav,20250426
3264,3267,Spizella pusilla,Field Sparrow,0.0158,D:/AcousticMonitoringData/ELDON1_Data/Week16\ELDON1_20250426_052100.wav,20250426
3267,3270,Sturnella magna,Eastern Meadowlark,0.264,D:/AcousticMonitoringData/ELDON1_Data/Week16\ELDON1_20250426_052100.wav,20250426
3270,3273,Sturnella magna,Eastern Meadowlark,0.0589,D:/AcousticMonitoringData/ELDON1_Data/Week16\ELDON1_20250426_052100.wav,20250426
3270,3273,Spizella pusilla,Field Sparrow,0.0132,D:/AcousticMonitoringData/ELDON1_Data/Week16\ELDON1_20250426_052100.wav,20250426
3273,3276,Sturnella magna,Eastern Meadowlark,0.4901,D:/AcousticMonitoringData/ELDON1_Data/Week16\ELDON1_20250426_052100.wav,20250426
3276,3279,Sturnella magna,Eastern Meadowlark,0.0439,D:/AcousticMonitoringData/ELDON1_Data/Week16\ELDON1_20250426_052100.wav,20250426
3276,3279,Spizella pusilla,Field Sparrow,0.033,D:/AcousticMonitoringData/ELDON1_Data/Week16\ELDON1_20250426_052100.wav,20250426
3276,3279,Passerina caerulea,Blue Grosbeak,0.0285,D:/AcousticMonitoringData/ELDON1_Data/Week16\ELDON1_20250426_052100.wav,20250426
3279,3282,Sturnella magna,Eastern Meadowlark,0.0935,D:/AcousticMonitoringData/ELDON1_Data/Week16\ELDON1_20250426_052100.wav,20250426
3282,3285,Sturnella magna,Eastern Meadowlark,0.238,D:/AcousticMonitoringData/ELDON1_Data/Week16\ELDON1_20250426_052100.wav,20250426
3282,3285,Spizella pusilla,Field Sparrow,0.0104,D:/AcousticMonitoringData/ELDON1_Data/Week16\ELDON1_20250426_052100.wav,20250426
3285,3288,Sturnella magna,Eastern Meadowlark,0.3241,D:/AcousticMonitoringData/ELDON1_Data/Week16\ELDON1_20250426_052100.wav,20250426
3288,3291,Passerina caerulea,Blue Grosbeak,0.0273,D:/AcousticMonitoringData/ELDON1_Data/Week16\ELDON1_20250426_052100.wav,20250426
3288,3291,Spizella pusilla,Field Sparrow,0.0183,D:/AcousticMonitoringData/ELDON1_Data/Week16\ELDON1_20250426_052100.wav,20250426
3288,3291,Sturnella magna,Eastern Meadowlark,0.0151,D:/AcousticMonitoringData/ELDON1_Data/Week16\ELDON1_20250426_052100.wav,20250426
3291,3294,Sturnella magna,Eastern Meadowlark,0.504,D:/AcousticMonitoringData/ELDON1_Data/Week16\ELDON1_20250426_052100.wav,20250426
3294,3297,Spizella pusilla,Field Sparrow,0.0645,D:/AcousticMonitoringData/ELDON1_Data/Week16\ELDON1_20250426_052100.wav,20250426
3294,3297,Sturnella magna,Eastern Meadowlark,0.0387,D:/AcousticMonitoringData/ELDON1_Data/Week16\ELDON1_20250426_052100.wav,20250426
3294,3297,Passerina caerulea,Blue Grosbeak,0.0129,D:/AcousticMonitoringData/ELDON1_Data/Week16\ELDON1_20250426_052100.wav,20250426
3297,3300,Sturnella magna,Eastern Meadowlark,0.553,D:/AcousticMonitoringData/ELDON1_Data/Week16\ELDON1_20250426_052100.wav,20250426
3297,3300,Bartramia longicauda,Upland Sandpiper,0.0131,D:/AcousticMonitoringData/ELDON1_Data/Week16\ELDON1_20250426_052100.wav,20250426
3300,3303,Sturnella magna,Eastern Meadowlark,0.0548,D:/AcousticMonitoringData/ELDON1_Data/Week16\ELDON1_20250426_052100.wav,20250426
3303,3306,Sturnella magna,Eastern Meadowlark,0.1436,D:/AcousticMonitoringData/ELDON1_Data/Week16\ELDON1_20250426_052100.wav,20250426
3306,3309,Sturnella magna,Eastern Meadowlark,0.784,D:/AcousticMonitoringData/ELDON1_Data/Week16\ELDON1_20250426_052100.wav,20250426
3306,3309,Spizella pusilla,Field Sparrow,0.0204,D:/AcousticMonitoringData/ELDON1_Data/Week16\ELDON1_20250426_052100.wav,20250426
3306,3309,Bartramia longicauda,Upland Sandpiper,0.0161,D:/AcousticMonitoringData/ELDON1_Data/Week16\ELDON1_20250426_052100.wav,20250426
3306,3309,Passerina caerulea,Blue Grosbeak,0.0152,D:/AcousticMonitoringData/ELDON1_Data/Week16\ELDON1_20250426_052100.wav,20250426
3306,3309,Eremophila alpestris,Horned Lark,0.0134,D:/AcousticMonitoringData/ELDON1_Data/Week16\ELDON1_20250426_052100.wav,20250426
3309,3312,Passerina caerulea,Blue Grosbeak,0.0308,D:/AcousticMonitoringData/ELDON1_Data/Week16\ELDON1_20250426_052100.wav,20250426
3309,3312,Spizella pusilla,Field Sparrow,0.0294,D:/AcousticMonitoringData/ELDON1_Data/Week16\ELDON1_20250426_052100.wav,20250426
3309,3312,Sturnella magna,Eastern Meadowlark,0.0253,D:/AcousticMonitoringData/ELDON1_Data/Week16\ELDON1_20250426_052100.wav,20250426
3312,3315,Sturnella magna,Eastern Meadowlark,0.1733,D:/AcousticMonitoringData/ELDON1_Data/Week16\ELDON1_20250426_052100.wav,20250426
3312,3315,Spizella pusilla,Field Sparrow,0.0473,D:/AcousticMonitoringData/ELDON1_Data/Week16\ELDON1_20250426_052100.wav,20250426
3312,3315,Passerina caerulea,Blue Grosbeak,0.0129,D:/AcousticMonitoringData/ELDON1_Data/Week16\ELDON1_20250426_052100.wav,20250426
3312,3315,Bartramia longicauda,Upland Sandpiper,0.0119,D:/AcousticMonitoringData/ELDON1_Data/Week16\ELDON1_20250426_052100.wav,20250426
3315,3318,Sturnella magna,Eastern Meadowlark,0.7222,D:/AcousticMonitoringData/ELDON1_Data/Week16\ELDON1_20250426_052100.wav,20250426
3315,3318,Passerina caerulea,Blue Grosbeak,0.0122,D:/AcousticMonitoringData/ELDON1_Data/Week16\ELDON1_20250426_052100.wav,20250426
3318,3321,Sturnella magna,Eastern Meadowlark,0.0147,D:/AcousticMonitoringData/ELDON1_Data/Week16\ELDON1_20250426_052100.wav,20250426
3321,3324,Sturnella magna,Eastern Meadowlark,0.3394,D:/AcousticMonitoringData/ELDON1_Data/Week16\ELDON1_20250426_052100.wav,20250426
3321,3324,Passerina caerulea,Blue Grosbeak,0.0189,D:/AcousticMonitoringData/ELDON1_Data/Week16\ELDON1_20250426_052100.wav,20250426
3321,3324,Spizella pusilla,Field Sparrow,0.0101,D:/AcousticMonitoringData/ELDON1_Data/Week16\ELDON1_20250426_052100.wav,20250426
3324,3327,Sturnella magna,Eastern Meadowlark,0.4083,D:/AcousticMonitoringData/ELDON1_Data/Week16\ELDON1_20250426_052100.wav,20250426
3324,3327,Spizella pusilla,Field Sparrow,0.0248,D:/AcousticMonitoringData/ELDON1_Data/Week16\ELDON1_20250426_052100.wav,20250426
3324,3327,Passerina caerulea,Blue Grosbeak,0.0183,D:/AcousticMonitoringData/ELDON1_Data/Week16\ELDON1_20250426_052100.wav,20250426
3327,3330,Sturnella magna,Eastern Meadowlark,0.5651,D:/AcousticMonitoringData/ELDON1_Data/Week16\ELDON1_20250426_052100.wav,20250426
3327,3330,Passerina caerulea,Blue Grosbeak,0.03,D:/AcousticMonitoringData/ELDON1_Data/Week16\ELDON1_20250426_052100.wav,20250426
3327,3330,Bartramia longicauda,Upland Sandpiper,0.0146,D:/AcousticMonitoringData/ELDON1_Data/Week16\ELDON1_20250426_052100.wav,20250426
3330,3333,Sturnella magna,Eastern Meadowlark,0.0232,D:/AcousticMonitoringData/ELDON1_Data/Week16\ELDON1_20250426_052100.wav,20250426
3330,3333,Passerina caerulea,Blue Grosbeak,0.0124,D:/AcousticMonitoringData/ELDON1_Data/Week16\ELDON1_20250426_052100.wav,20250426
3333,3336,Sturnella magna,Eastern Meadowlark,0.4025,D:/AcousticMonitoringData/ELDON1_Data/Week16\ELDON1_20250426_052100.wav,20250426
3333,3336,Bartramia longicauda,Upland Sandpiper,0.0121,D:/AcousticMonitoringData/ELDON1_Data/Week16\ELDON1_20250426_052100.wav,20250426
3336,3339,Passerina caerulea,Blue Grosbeak,0.0256,D:/AcousticMonitoringData/ELDON1_Data/Week16\ELDON1_20250426_052100.wav,20250426
3336,3339,Sturnella magna,Eastern Meadowlark,0.015,D:/AcousticMonitoringData/ELDON1_Data/Week16\ELDON1_20250426_052100.wav,20250426
3336,3339,Spizella pusilla,Field Sparrow,0.0134,D:/AcousticMonitoringData/ELDON1_Data/Week16\ELDON1_20250426_052100.wav,20250426
3339,3342,Sturnella magna,Eastern Meadowlark,0.1548,D:/AcousticMonitoringData/ELDON1_Data/Week16\ELDON1_20250426_052100.wav,20250426
3339,3342,Bartramia longicauda,Upland Sandpiper,0.0212,D:/AcousticMonitoringData/ELDON1_Data/Week16\ELDON1_20250426_052100.wav,20250426
3342,3345,Sturnella magna,Eastern Meadowlark,0.1142,D:/AcousticMonitoringData/ELDON1_Data/Week16\ELDON1_20250426_052100.wav,20250426
3342,3345,Passerina caerulea,Blue Grosbeak,0.024,D:/AcousticMonitoringData/ELDON1_Data/Week16\ELDON1_20250426_052100.wav,20250426
3342,3345,Spizella pusilla,Field Sparrow,0.0191,D:/AcousticMonitoringData/ELDON1_Data/Week16\ELDON1_20250426_052100.wav,20250426
3345,3348,Sturnella magna,Eastern Meadowlark,0.2866,D:/AcousticMonitoringData/ELDON1_Data/Week16\ELDON1_20250426_052100.wav,20250426
3345,3348,Spizella pusilla,Field Sparrow,0.0414,D:/AcousticMonitoringData/ELDON1_Data/Week16\ELDON1_20250426_052100.wav,20250426
3345,3348,Passerina caerulea,Blue Grosbeak,0.0291,D:/AcousticMonitoringData/ELDON1_Data/Week16\ELDON1_20250426_052100.wav,20250426
3348,3351,Spizella pusilla,Field Sparrow,0.0184,D:/AcousticMonitoringData/ELDON1_Data/Week16\ELDON1_20250426_052100.wav,20250426
3348,3351,Sturnella magna,Eastern Meadowlark,0.0178,D:/AcousticMonitoringData/ELDON1_Data/Week16\ELDON1_20250426_052100.wav,20250426
3348,3351,Passerina caerulea,Blue Grosbeak,0.0157,D:/AcousticMonitoringData/ELDON1_Data/Week16\ELDON1_20250426_052100.wav,20250426
3351,3354,Sturnella magna,Eastern Meadowlark,0.7603,D:/AcousticMonitoringData/ELDON1_Data/Week16\ELDON1_20250426_052100.wav,20250426
3351,3354,Passerina caerulea,Blue Grosbeak,0.0158,D:/AcousticMonitoringData/ELDON1_Data/Week16\ELDON1_20250426_052100.wav,20250426
3351,3354,Bartramia longicauda,Upland Sandpiper,0.012,D:/AcousticMonitoringData/ELDON1_Data/Week16\ELDON1_20250426_052100.wav,20250426
3351,3354,Spizella pusilla,Field Sparrow,0.0107,D:/AcousticMonitoringData/ELDON1_Data/Week16\ELDON1_20250426_052100.wav,20250426
3354,3357,Sturnella magna,Eastern Meadowlark,0.4737,D:/AcousticMonitoringData/ELDON1_Data/Week16\ELDON1_20250426_052100.wav,20250426
3354,3357,Bartramia longicauda,Upland Sandpiper,0.0176,D:/AcousticMonitoringData/ELDON1_Data/Week16\ELDON1_20250426_052100.wav,20250426
3357,3360,Passerina caerulea,Blue Grosbeak,0.0357,D:/AcousticMonitoringData/ELDON1_Data/Week16\ELDON1_20250426_052100.wav,20250426
3357,3360,Spizella pusilla,Field Sparrow,0.0276,D:/AcousticMonitoringData/ELDON1_Data/Week16\ELDON1_20250426_052100.wav,20250426
3357,3360,Sturnella magna,Eastern Meadowlark,0.0208,D:/AcousticMonitoringData/ELDON1_Data/Week16\ELDON1_20250426_052100.wav,20250426
3360,3363,Spizella pusilla,Field Sparrow,0.0437,D:/AcousticMonitoringData/ELDON1_Data/Week16\ELDON1_20250426_052100.wav,20250426
3360,3363,Sturnella magna,Eastern Meadowlark,0.0299,D:/AcousticMonitoringData/ELDON1_Data/Week16\ELDON1_20250426_052100.wav,20250426
3360,3363,Passerina caerulea,Blue Grosbeak,0.0214,D:/AcousticMonitoringData/ELDON1_Data/Week16\ELDON1_20250426_052100.wav,20250426
3363,3366,Sturnella magna,Eastern Meadowlark,0.3784,D:/AcousticMonitoringData/ELDON1_Data/Week16\ELDON1_20250426_052100.wav,20250426
3363,3366,Spizella pusilla,Field Sparrow,0.0221,D:/AcousticMonitoringData/ELDON1_Data/Week16\ELDON1_20250426_052100.wav,20250426
3363,3366,Bartramia longicauda,Upland Sandpiper,0.0119,D:/AcousticMonitoringData/ELDON1_Data/Week16\ELDON1_20250426_052100.wav,20250426
3366,3369,Spizella pusilla,Field Sparrow,0.0113,D:/AcousticMonitoringData/ELDON1_Data/Week16\ELDON1_20250426_052100.wav,20250426
3369,3372,Sturnella magna,Eastern Meadowlark,0.0139,D:/AcousticMonitoringData/ELDON1_Data/Week16\ELDON1_20250426_052100.wav,20250426
3369,3372,Spizella pusilla,Field Sparrow,0.0101,D:/AcousticMonitoringData/ELDON1_Data/Week16\ELDON1_20250426_052100.wav,20250426
3372,3375,Sturnella magna,Eastern Meadowlark,0.0528,D:/AcousticMonitoringData/ELDON1_Data/Week16\ELDON1_20250426_052100.wav,20250426
3372,3375,Passerina caerulea,Blue Grosbeak,0.0246,D:/AcousticMonitoringData/ELDON1_Data/Week16\ELDON1_20250426_052100.wav,20250426
3372,3375,Spizella pusilla,Field Sparrow,0.0124,D:/AcousticMonitoringData/ELDON1_Data/Week16\ELDON1_20250426_052100.wav,20250426
3375,3378,Sturnella magna,Eastern Meadowlark,0.5629,D:/AcousticMonitoringData/ELDON1_Data/Week16\ELDON1_20250426_052100.wav,20250426
3378,3381,Sturnella magna,Eastern Meadowlark,0.0277,D:/AcousticMonitoringData/ELDON1_Data/Week16\ELDON1_20250426_052100.wav,20250426
3378,3381,Passerina caerulea,Blue Grosbeak,0.0173,D:/AcousticMonitoringData/ELDON1_Data/Week16\ELDON1_20250426_052100.wav,20250426
3381,3384,Sturnella magna,Eastern Meadowlark,0.7028,D:/AcousticMonitoringData/ELDON1_Data/Week16\ELDON1_20250426_052100.wav,20250426
3381,3384,Bartramia longicauda,Upland Sandpiper,0.0201,D:/AcousticMonitoringData/ELDON1_Data/Week16\ELDON1_20250426_052100.wav,20250426
3384,3387,Sturnella magna,Eastern Meadowlark,0.5922,D:/AcousticMonitoringData/ELDON1_Data/Week16\ELDON1_20250426_052100.wav,20250426
3384,3387,Passerina caerulea,Blue Grosbeak,0.0133,D:/AcousticMonitoringData/ELDON1_Data/Week16\ELDON1_20250426_052100.wav,20250426
3387,3390,Sturnella magna,Eastern Meadowlark,0.1747,D:/AcousticMonitoringData/ELDON1_Data/Week16\ELDON1_20250426_052100.wav,20250426
3390,3393,Sturnella magna,Eastern Meadowlark,0.4102,D:/AcousticMonitoringData/ELDON1_Data/Week16\ELDON1_20250426_052100.wav,20250426
3390,3393,Bartramia longicauda,Upland Sandpiper,0.013,D:/AcousticMonitoringData/ELDON1_Data/Week16\ELDON1_20250426_052100.wav,20250426
3393,3396,Sturnella magna,Eastern Meadowlark,0.0305,D:/AcousticMonitoringData/ELDON1_Data/Week16\ELDON1_20250426_052100.wav,20250426
3393,3396,Spizella pusilla,Field Sparrow,0.0148,D:/AcousticMonitoringData/ELDON1_Data/Week16\ELDON1_20250426_052100.wav,20250426
3393,3396,Passerina caerulea,Blue Grosbeak,0.0125,D:/AcousticMonitoringData/ELDON1_Data/Week16\ELDON1_20250426_052100.wav,20250426
3396,3399,Sturnella magna,Eastern Meadowlark,0.5911,D:/AcousticMonitoringData/ELDON1_Data/Week16\ELDON1_20250426_052100.wav,20250426
3396,3399,Passerina caerulea,Blue Grosbeak,0.0328,D:/AcousticMonitoringData/ELDON1_Data/Week16\ELDON1_20250426_052100.wav,20250426
3396,3399,Bartramia longicauda,Upland Sandpiper,0.0123,D:/AcousticMonitoringData/ELDON1_Data/Week16\ELDON1_20250426_052100.wav,20250426
3399,3402,Passerina caerulea,Blue Grosbeak,0.0222,D:/AcousticMonitoringData/ELDON1_Data/Week16\ELDON1_20250426_052100.wav,20250426
3399,3402,Sturnella magna,Eastern Meadowlark,0.0152,D:/AcousticMonitoringData/ELDON1_Data/Week16\ELDON1_20250426_052100.wav,20250426
3402,3405,Sturnella magna,Eastern Meadowlark,0.7451,D:/AcousticMonitoringData/ELDON1_Data/Week16\ELDON1_20250426_052100.wav,20250426
3402,3405,Bartramia longicauda,Upland Sandpiper,0.026,D:/AcousticMonitoringData/ELDON1_Data/Week16\ELDON1_20250426_052100.wav,20250426
3405,3408,Sturnella magna,Eastern Meadowlark,0.1158,D:/AcousticMonitoringData/ELDON1_Data/Week16\ELDON1_20250426_052100.wav,20250426
3408,3411,Sturnella magna,Eastern Meadowlark,0.7935,D:/AcousticMonitoringData/ELDON1_Data/Week16\ELDON1_20250426_052100.wav,20250426
3411,3414,Sturnella magna,Eastern Meadowlark,0.0272,D:/AcousticMonitoringData/ELDON1_Data/Week16\ELDON1_20250426_052100.wav,20250426
3411,3414,Spizella pusilla,Field Sparrow,0.014,D:/AcousticMonitoringData/ELDON1_Data/Week16\ELDON1_20250426_052100.wav,20250426
3411,3414,Passerina caerulea,Blue Grosbeak,0.0128,D:/AcousticMonitoringData/ELDON1_Data/Week16\ELDON1_20250426_052100.wav,20250426
3414,3417,Sturnella magna,Eastern Meadowlark,0.3242,D:/AcousticMonitoringData/ELDON1_Data/Week16\ELDON1_20250426_052100.wav,20250426
3417,3420,Spizella pusilla,Field Sparrow,0.0177,D:/AcousticMonitoringData/ELDON1_Data/Week16\ELDON1_20250426_052100.wav,20250426
3420,3423,Sturnella magna,Eastern Meadowlark,0.2977,D:/AcousticMonitoringData/ELDON1_Data/Week16\ELDON1_20250426_052100.wav,20250426
3423,3426,Sturnella magna,Eastern Meadowlark,0.0522,D:/AcousticMonitoringData/ELDON1_Data/Week16\ELDON1_20250426_052100.wav,20250426
3423,3426,Bartramia longicauda,Upland Sandpiper,0.0134,D:/AcousticMonitoringData/ELDON1_Data/Week16\ELDON1_20250426_052100.wav,20250426
3426,3429,Sturnella magna,Eastern Meadowlark,0.675,D:/AcousticMonitoringData/ELDON1_Data/Week16\ELDON1_20250426_052100.wav,20250426
3426,3429,Passerina caerulea,Blue Grosbeak,0.0126,D:/AcousticMonitoringData/ELDON1_Data/Week16\ELDON1_20250426_052100.wav,20250426
3429,3432,Spizella pusilla,Field Sparrow,0.0306,D:/AcousticMonitoringData/ELDON1_Data/Week16\ELDON1_20250426_052100.wav,20250426
3429,3432,Sturnella magna,Eastern Meadowlark,0.0135,D:/AcousticMonitoringData/ELDON1_Data/Week16\ELDON1_20250426_052100.wav,20250426
3432,3435,Sturnella magna,Eastern Meadowlark,0.547,D:/AcousticMonitoringData/ELDON1_Data/Week16\ELDON1_20250426_052100.wav,20250426
3432,3435,Bartramia longicauda,Upland Sandpiper,0.0111,D:/AcousticMonitoringData/ELDON1_Data/Week16\ELDON1_20250426_052100.wav,20250426
3435,3438,Sturnella magna,Eastern Meadowlark,0.7051,D:/AcousticMonitoringData/ELDON1_Data/Week16\ELDON1_20250426_052100.wav,20250426
3438,3441,Spizella pusilla,Field Sparrow,0.0468,D:/AcousticMonitoringData/ELDON1_Data/Week16\ELDON1_20250426_052100.wav,20250426
3438,3441,Sturnella magna,Eastern Meadowlark,0.0107,D:/AcousticMonitoringData/ELDON1_Data/Week16\ELDON1_20250426_052100.wav,20250426
3441,3444,Sturnella magna,Eastern Meadowlark,0.8941,D:/AcousticMonitoringData/ELDON1_Data/Week16\ELDON1_20250426_052100.wav,20250426
3444,3447,Spizella pusilla,Field Sparrow,0.1529,D:/AcousticMonitoringData/ELDON1_Data/Week16\ELDON1_20250426_052100.wav,20250426
3444,3447,Sturnella magna,Eastern Meadowlark,0.0304,D:/AcousticMonitoringData/ELDON1_Data/Week16\ELDON1_20250426_052100.wav,20250426
3444,3447,Passerina caerulea,Blue Grosbeak,0.013,D:/AcousticMonitoringData/ELDON1_Data/Week16\ELDON1_20250426_052100.wav,20250426
3447,3450,Sturnella magna,Eastern Meadowlark,0.6399,D:/AcousticMonitoringData/ELDON1_Data/Week16\ELDON1_20250426_052100.wav,20250426
3450,3453,Sturnella magna,Eastern Meadowlark,0.0101,D:/AcousticMonitoringData/ELDON1_Data/Week16\ELDON1_20250426_052100.wav,20250426
3453,3456,Sturnella magna,Eastern Meadowlark,0.4832,D:/AcousticMonitoringData/ELDON1_Data/Week16\ELDON1_20250426_052100.wav,20250426
3453,3456,Bartramia longicauda,Upland Sandpiper,0.0104,D:/AcousticMonitoringData/ELDON1_Data/Week16\ELDON1_20250426_052100.wav,20250426
3456,3459,Passerina caerulea,Blue Grosbeak,0.0369,D:/AcousticMonitoringData/ELDON1_Data/Week16\ELDON1_20250426_052100.wav,20250426
3456,3459,Sturnella magna,Eastern Meadowlark,0.0271,D:/AcousticMonitoringData/ELDON1_Data/Week16\ELDON1_20250426_052100.wav,20250426
3456,3459,Spizella pusilla,Field Sparrow,0.0205,D:/AcousticMonitoringData/ELDON1_Data/Week16\ELDON1_20250426_052100.wav,20250426
3459,3462,Sturnella magna,Eastern Meadowlark,0.4068,D:/AcousticMonitoringData/ELDON1_Data/Week16\ELDON1_20250426_052100.wav,20250426
3459,3462,Spizella pusilla,Field Sparrow,0.0522,D:/AcousticMonitoringData/ELDON1_Data/Week16\ELDON1_20250426_052100.wav,20250426
3459,3462,Passerina caerulea,Blue Grosbeak,0.0129,D:/AcousticMonitoringData/ELDON1_Data/Week16\ELDON1_20250426_052100.wav,20250426
3462,3465,Sturnella magna,Eastern Meadowlark,0.661,D:/AcousticMonitoringData/ELDON1_Data/Week16\ELDON1_20250426_052100.wav,20250426
3465,3468,Passerina caerulea,Blue Grosbeak,0.0263,D:/AcousticMonitoringData/ELDON1_Data/Week16\ELDON1_20250426_052100.wav,20250426
3465,3468,Spizella pusilla,Field Sparrow,0.0253,D:/AcousticMonitoringData/ELDON1_Data/Week16\ELDON1_20250426_052100.wav,20250426
3465,3468,Sturnella magna,Eastern Meadowlark,0.0205,D:/AcousticMonitoringData/ELDON1_Data/Week16\ELDON1_20250426_052100.wav,20250426
3468,3471,Sturnella magna,Eastern Meadowlark,0.816,D:/AcousticMonitoringData/ELDON1_Data/Week16\ELDON1_20250426_052100.wav,20250426
3468,3471,Bartramia longicauda,Upland Sandpiper,0.0189,D:/AcousticMonitoringData/ELDON1_Data/Week16\ELDON1_20250426_052100.wav,20250426
3468,3471,Passerina caerulea,Blue Grosbeak,0.0122,D:/AcousticMonitoringData/ELDON1_Data/Week16\ELDON1_20250426_052100.wav,20250426
3471,3474,Sturnella magna,Eastern Meadowlark,0.154,D:/AcousticMonitoringData/ELDON1_Data/Week16\ELDON1_20250426_052100.wav,20250426
3474,3477,Sturnella magna,Eastern Meadowlark,0.1496,D:/AcousticMonitoringData/ELDON1_Data/Week16\ELDON1_20250426_052100.wav,20250426
3474,3477,Spizella pusilla,Field Sparrow,0.019,D:/AcousticMonitoringData/ELDON1_Data/Week16\ELDON1_20250426_052100.wav,20250426
3474,3477,Passerina caerulea,Blue Grosbeak,0.0137,D:/AcousticMonitoringData/ELDON1_Data/Week16\ELDON1_20250426_052100.wav,20250426
3477,3480,Sturnella magna,Eastern Meadowlark,0.7934,D:/AcousticMonitoringData/ELDON1_Data/Week16\ELDON1_20250426_052100.wav,20250426
3477,3480,Spizella pusilla,Field Sparrow,0.0227,D:/AcousticMonitoringData/ELDON1_Data/Week16\ELDON1_20250426_052100.wav,20250426
3480,3483,Spizella pusilla,Field Sparrow,0.032,D:/AcousticMonitoringData/ELDON1_Data/Week16\ELDON1_20250426_052100.wav,20250426
3480,3483,Passerina caerulea,Blue Grosbeak,0.0115,D:/AcousticMonitoringData/ELDON1_Data/Week16\ELDON1_20250426_052100.wav,20250426
3480,3483,Sturnella magna,Eastern Meadowlark,0.0111,D:/AcousticMonitoringData/ELDON1_Data/Week16\ELDON1_20250426_052100.wav,20250426
3483,3486,Sturnella magna,Eastern Meadowlark,0.545,D:/AcousticMonitoringData/ELDON1_Data/Week16\ELDON1_20250426_052100.wav,20250426
3486,3489,Sturnella magna,Eastern Meadowlark,0.1209,D:/AcousticMonitoringData/ELDON1_Data/Week16\ELDON1_20250426_052100.wav,20250426
3486,3489,Spizella pusilla,Field Sparrow,0.0116,D:/AcousticMonitoringData/ELDON1_Data/Week16\ELDON1_20250426_052100.wav,20250426
3489,3492,Sturnella magna,Eastern Meadowlark,0.31,D:/AcousticMonitoringData/ELDON1_Data/Week16\ELDON1_20250426_052100.wav,20250426
3492,3495,Spizella pusilla,Field Sparrow,0.1739,D:/AcousticMonitoringData/ELDON1_Data/Week16\ELDON1_20250426_052100.wav,20250426
3492,3495,Passerina caerulea,Blue Grosbeak,0.0123,D:/AcousticMonitoringData/ELDON1_Data/Week16\ELDON1_20250426_052100.wav,20250426
3495,3498,Sturnella magna,Eastern Meadowlark,0.5536,D:/AcousticMonitoringData/ELDON1_Data/Week16\ELDON1_20250426_052100.wav,20250426
3495,3498,Spizella pusilla,Field Sparrow,0.0148,D:/AcousticMonitoringData/ELDON1_Data/Week16\ELDON1_20250426_052100.wav,20250426
3495,3498,Passerina caerulea,Blue Grosbeak,0.0124,D:/AcousticMonitoringData/ELDON1_Data/Week16\ELDON1_20250426_052100.wav,20250426
3498,3501,Sturnella magna,Eastern Meadowlark,0.7341,D:/AcousticMonitoringData/ELDON1_Data/Week16\ELDON1_20250426_052100.wav,20250426
3498,3501,Bartramia longicauda,Upland Sandpiper,0.0129,D:/AcousticMonitoringData/ELDON1_Data/Week16\ELDON1_20250426_052100.wav,20250426
3501,3504,Sturnella magna,Eastern Meadowlark,0.0344,D:/AcousticMonitoringData/ELDON1_Data/Week16\ELDON1_20250426_052100.wav,20250426
3501,3504,Passerina caerulea,Blue Grosbeak,0.018,D:/AcousticMonitoringData/ELDON1_Data/Week16\ELDON1_20250426_052100.wav,20250426
3501,3504,Spizella pusilla,Field Sparrow,0.0102,D:/AcousticMonitoringData/ELDON1_Data/Week16\ELDON1_20250426_052100.wav,20250426
3504,3507,Sturnella magna,Eastern Meadowlark,0.8972,D:/AcousticMonitoringData/ELDON1_Data/Week16\ELDON1_20250426_052100.wav,20250426
3507,3510,Passerina caerulea,Blue Grosbeak,0.0117,D:/AcousticMonitoringData/ELDON1_Data/Week16\ELDON1_20250426_052100.wav,20250426
3510,3513,Sturnella magna,Eastern Meadowlark,0.6012,D:/AcousticMonitoringData/ELDON1_Data/Week16\ELDON1_20250426_052100.wav,20250426
3510,3513,Passerina caerulea,Blue Grosbeak,0.0114,D:/AcousticMonitoringData/ELDON1_Data/Week16\ELDON1_20250426_052100.wav,20250426
3510,3513,Bartramia longicauda,Upland Sandpiper,0.0108,D:/AcousticMonitoringData/ELDON1_Data/Week16\ELDON1_20250426_052100.wav,20250426
3513,3516,Sturnella magna,Eastern Meadowlark,0.2196,D:/AcousticMonitoringData/ELDON1_Data/Week16\ELDON1_20250426_052100.wav,20250426
3513,3516,Bartramia longicauda,Upland Sandpiper,0.0166,D:/AcousticMonitoringData/ELDON1_Data/Week16\ELDON1_20250426_052100.wav,20250426
3516,3519,Sturnella magna,Eastern Meadowlark,0.0126,D:/AcousticMonitoringData/ELDON1_Data/Week16\ELDON1_20250426_052100.wav,20250426
3519,3522,Spizella pusilla,Field Sparrow,0.0241,D:/AcousticMonitoringData/ELDON1_Data/Week16\ELDON1_20250426_052100.wav,20250426
3519,3522,Sturnella magna,Eastern Meadowlark,0.024,D:/AcousticMonitoringData/ELDON1_Data/Week16\ELDON1_20250426_052100.wav,20250426
3519,3522,Passerina caerulea,Blue Grosbeak,0.0144,D:/AcousticMonitoringData/ELDON1_Data/Week16\ELDON1_20250426_052100.wav,20250426
3522,3525,Sturnella magna,Eastern Meadowlark,0.0354,D:/AcousticMonitoringData/ELDON1_Data/Week16\ELDON1_20250426_052100.wav,20250426
3522,3525,Passerina caerulea,Blue Grosbeak,0.0122,D:/AcousticMonitoringData/ELDON1_Data/Week16\ELDON1_20250426_052100.wav,20250426
3525,3528,Spizella pusilla,Field Sparrow,0.0318,D:/AcousticMonitoringData/ELDON1_Data/Week16\ELDON1_20250426_052100.wav,20250426
3525,3528,Sturnella magna,Eastern Meadowlark,0.0285,D:/AcousticMonitoringData/ELDON1_Data/Week16\ELDON1_20250426_052100.wav,20250426
3525,3528,Passerina caerulea,Blue Grosbeak,0.0176,D:/AcousticMonitoringData/ELDON1_Data/Week16\ELDON1_20250426_052100.wav,20250426
3528,3531,Passerina caerulea,Blue Grosbeak,0.0246,D:/AcousticMonitoringData/ELDON1_Data/Week16\ELDON1_20250426_052100.wav,20250426
3528,3531,Sturnella magna,Eastern Meadowlark,0.0166,D:/AcousticMonitoringData/ELDON1_Data/Week16\ELDON1_20250426_052100.wav,20250426
3531,3534,Sturnella magna,Eastern Meadowlark,0.392,D:/AcousticMonitoringData/ELDON1_Data/Week16\ELDON1_20250426_052100.wav,20250426
3531,3534,Bartramia longicauda,Upland Sandpiper,0.0247,D:/AcousticMonitoringData/ELDON1_Data/Week16\ELDON1_20250426_052100.wav,20250426
3534,3537,Sturnella magna,Eastern Meadowlark,0.9243,D:/AcousticMonitoringData/ELDON1_Data/Week16\ELDON1_20250426_052100.wav,20250426
3534,3537,Spizella pusilla,Field Sparrow,0.0241,D:/AcousticMonitoringData/ELDON1_Data/Week16\ELDON1_20250426_052100.wav,20250426
3534,3537,Passerina caerulea,Blue Grosbeak,0.0158,D:/AcousticMonitoringData/ELDON1_Data/Week16\ELDON1_20250426_052100.wav,20250426
3537,3540,Passerina caerulea,Blue Grosbeak,0.0292,D:/AcousticMonitoringData/ELDON1_Data/Week16\ELDON1_20250426_052100.wav,20250426
3537,3540,Sturnella magna,Eastern Meadowlark,0.0139,D:/AcousticMonitoringData/ELDON1_Data/Week16\ELDON1_20250426_052100.wav,20250426
3537,3540,Spizella pusilla,Field Sparrow,0.0131,D:/AcousticMonitoringData/ELDON1_Data/Week16\ELDON1_20250426_052100.wav,20250426
3540,3543,Sturnella magna,Eastern Meadowlark,0.3888,D:/AcousticMonitoringData/ELDON1_Data/Week16\ELDON1_20250426_052100.wav,20250426
3540,3543,Bartramia longicauda,Upland Sandpiper,0.0191,D:/AcousticMonitoringData/ELDON1_Data/Week16\ELDON1_20250426_052100.wav,20250426
3543,3546,Sturnella magna,Eastern Meadowlark,0.4074,D:/AcousticMonitoringData/ELDON1_Data/Week16\ELDON1_20250426_052100.wav,20250426
3543,3546,Bartramia longicauda,Upland Sandpiper,0.0143,D:/AcousticMonitoringData/ELDON1_Data/Week16\ELDON1_20250426_052100.wav,20250426
3546,3549,Sturnella magna,Eastern Meadowlark,0.0245,D:/AcousticMonitoringData/ELDON1_Data/Week16\ELDON1_20250426_052100.wav,20250426
3546,3549,Passerina caerulea,Blue Grosbeak,0.0153,D:/AcousticMonitoringData/ELDON1_Data/Week16\ELDON1_20250426_052100.wav,20250426
3546,3549,Spizella pusilla,Field Sparrow,0.0117,D:/AcousticMonitoringData/ELDON1_Data/Week16\ELDON1_20250426_052100.wav,20250426
3549,3552,Sturnella magna,Eastern Meadowlark,0.3764,D:/AcousticMonitoringData/ELDON1_Data/Week16\ELDON1_20250426_052100.wav,20250426
3549,3552,Passerina caerulea,Blue Grosbeak,0.0173,D:/AcousticMonitoringData/ELDON1_Data/Week16\ELDON1_20250426_052100.wav,20250426
3552,3555,Sturnella magna,Eastern Meadowlark,0.0689,D:/AcousticMonitoringData/ELDON1_Data/Week16\ELDON1_20250426_052100.wav,20250426
3552,3555,Spizella pusilla,Field Sparrow,0.0295,D:/AcousticMonitoringData/ELDON1_Data/Week16\ELDON1_20250426_052100.wav,20250426
3552,3555,Passerina caerulea,Blue Grosbeak,0.0134,D:/AcousticMonitoringData/ELDON1_Data/Week16\ELDON1_20250426_052100.wav,20250426
3555,3558,Sturnella magna,Eastern Meadowlark,0.0151,D:/AcousticMonitoringData/ELDON1_Data/Week16\ELDON1_20250426_052100.wav,20250426
3555,3558,Spizella pusilla,Field Sparrow,0.0151,D:/AcousticMonitoringData/ELDON1_Data/Week16\ELDON1_20250426_052100.wav,20250426
3558,3561,Sturnella magna,Eastern Meadowlark,0.6259,D:/AcousticMonitoringData/ELDON1_Data/Week16\ELDON1_20250426_052100.wav,20250426
3558,3561,Passerina caerulea,Blue Grosbeak,0.0314,D:/AcousticMonitoringData/ELDON1_Data/Week16\ELDON1_20250426_052100.wav,20250426
3564,3567,Sturnella magna,Eastern Meadowlark,0.29,D:/AcousticMonitoringData/ELDON1_Data/Week16\ELDON1_20250426_052100.wav,20250426
3567,3570,Sturnella magna,Eastern Meadowlark,0.1031,D:/AcousticMonitoringData/ELDON1_Data/Week16\ELDON1_20250426_052100.wav,20250426
3570,3573,Sturnella magna,Eastern Meadowlark,0.1744,D:/AcousticMonitoringData/ELDON1_Data/Week16\ELDON1_20250426_052100.wav,20250426
3570,3573,Spizella pusilla,Field Sparrow,0.0211,D:/AcousticMonitoringData/ELDON1_Data/Week16\ELDON1_20250426_052100.wav,20250426
3570,3573,Passerina caerulea,Blue Grosbeak,0.0186,D:/AcousticMonitoringData/ELDON1_Data/Week16\ELDON1_20250426_052100.wav,20250426
3573,3576,Sturnella magna,Eastern Meadowlark,0.1734,D:/AcousticMonitoringData/ELDON1_Data/Week16\ELDON1_20250426_052100.wav,20250426
3573,3576,Bartramia longicauda,Upland Sandpiper,0.0103,D:/AcousticMonitoringData/ELDON1_Data/Week16\ELDON1_20250426_052100.wav,20250426
3576,3579,Sturnella magna,Eastern Meadowlark,0.018,D:/AcousticMonitoringData/ELDON1_Data/Week16\ELDON1_20250426_052100.wav,20250426
3576,3579,Passerina caerulea,Blue Grosbeak,0.0146,D:/AcousticMonitoringData/ELDON1_Data/Week16\ELDON1_20250426_052100.wav,20250426
3579,3582,Sturnella magna,Eastern Meadowlark,0.3119,D:/AcousticMonitoringData/ELDON1_Data/Week16\ELDON1_20250426_052100.wav,20250426
3579,3582,Passerina caerulea,Blue Grosbeak,0.0191,D:/AcousticMonitoringData/ELDON1_Data/Week16\ELDON1_20250426_052100.wav,20250426
3582,3585,Sturnella magna,Eastern Meadowlark,0.8736,D:/AcousticMonitoringData/ELDON1_Data/Week16\ELDON1_20250426_052100.wav,20250426
3582,3585,Bartramia longicauda,Upland Sandpiper,0.027,D:/AcousticMonitoringData/ELDON1_Data/Week16\ELDON1_20250426_052100.wav,20250426
3582,3585,Passerina caerulea,Blue Grosbeak,0.018,D:/AcousticMonitoringData/ELDON1_Data/Week16\ELDON1_20250426_052100.wav,20250426
3585,3588,Sturnella magna,Eastern Meadowlark,0.0212,D:/AcousticMonitoringData/ELDON1_Data/Week16\ELDON1_20250426_052100.wav,20250426
3588,3591,Spizella pusilla,Field Sparrow,0.0242,D:/AcousticMonitoringData/ELDON1_Data/Week16\ELDON1_20250426_052100.wav,20250426
3588,3591,Sturnella magna,Eastern Meadowlark,0.0238,D:/AcousticMonitoringData/ELDON1_Data/Week16\ELDON1_20250426_052100.wav,20250426
3588,3591,Passerina caerulea,Blue Grosbeak,0.0126,D:/AcousticMonitoringData/ELDON1_Data/Week16\ELDON1_20250426_052100.wav,20250426
3591,3594,Sturnella magna,Eastern Meadowlark,0.3586,D:/AcousticMonitoringData/ELDON1_Data/Week16\ELDON1_20250426_052100.wav,20250426
3591,3594,Spizella pusilla,Field Sparrow,0.0118,D:/AcousticMonitoringData/ELDON1_Data/Week16\ELDON1_20250426_052100.wav,20250426
3594,3597,Sturnella magna,Eastern Meadowlark,0.0137,D:/AcousticMonitoringData/ELDON1_Data/Week16\ELDON1_20250426_052100.wav,20250426
3597,3600,Sturnella magna,Eastern Meadowlark,0.1103,D:/AcousticMonitoringData/ELDON1_Data/Week16\ELDON1_20250426_052100.wav,20250426
3597,3600,Spizella pusilla,Field Sparrow,0.0155,D:/AcousticMonitoringData/ELDON1_Data/Week16\ELDON1_20250426_052100.wav,20250426
3597,3600,Passerina caerulea,Blue Grosbeak,0.012,D:/AcousticMonitoringData/ELDON1_Data/Week16\ELDON1_20250426_052100.wav,20250426
3600,3603,Sturnella magna,Eastern Meadowlark,0.5456,D:/AcousticMonitoringData/ELDON1_Data/Week16\ELDON1_20250426_052100.wav,20250426
3603,3606,Sturnella magna,Eastern Meadowlark,0.0151,D:/AcousticMonitoringData/ELDON1_Data/Week16\ELDON1_20250426_052100.wav,20250426
