Start (s),End (s),Scientific name,Common name,Confidence,File,Date
0,3,Sturnella magna,Eastern Meadowlark,0.0309,D:/AcousticMonitoringData/ELDON4_Data/Week16\ELDON4_20250428_190200.wav,20250428
0,3,Geothlypis trichas,Common Yellowthroat,0.0186,D:/AcousticMonitoringData/ELDON4_Data/Week16\ELDON4_20250428_190200.wav,20250428
0,3,Spizella pusilla,Field Sparrow,0.0134,D:/AcousticMonitoringData/ELDON4_Data/Week16\ELDON4_20250428_190200.wav,20250428
6,9,Spizella pusilla,Field Sparrow,0.0198,D:/AcousticMonitoringData/ELDON4_Data/Week16\ELDON4_20250428_190200.wav,20250428
6,9,Sturnella magna,Eastern Meadowlark,0.0125,D:/AcousticMonitoringData/ELDON4_Data/Week16\ELDON4_20250428_190200.wav,20250428
12,15,Eremophila alpestris,Horned Lark,0.0118,D:/AcousticMonitoringData/ELDON4_Data/Week16\ELDON4_20250428_190200.wav,20250428
15,18,Sturnella magna,Eastern Meadowlark,0.0365,D:/AcousticMonitoringData/ELDON4_Data/Week16\ELDON4_20250428_190200.wav,20250428
15,18,Passerina caerulea,Blue Grosbeak,0.0216,D:/AcousticMonitoringData/ELDON4_Data/Week16\ELDON4_20250428_190200.wav,20250428
15,18,Spizella pusilla,Field Sparrow,0.0119,D:/AcousticMonitoringData/ELDON4_Data/Week16\ELDON4_20250428_190200.wav,20250428
18,21,Sturnella magna,Eastern Meadowlark,0.0406,D:/AcousticMonitoringData/ELDON4_Data/Week16\ELDON4_20250428_190200.wav,20250428
18,21,Spizella pusilla,Field Sparrow,0.0348,D:/AcousticMonitoringData/ELDON4_Data/Week16\ELDON4_20250428_190200.wav,20250428
18,21,Passerina caerulea,Blue Grosbeak,0.0132,D:/AcousticMonitoringData/ELDON4_Data/Week16\ELDON4_20250428_190200.wav,20250428
21,24,Eremophila alpestris,Horned Lark,0.0143,D:/AcousticMonitoringData/ELDON4_Data/Week16\ELDON4_20250428_190200.wav,20250428
21,24,Sturnella magna,Eastern Meadowlark,0.0114,D:/AcousticMonitoringData/ELDON4_Data/Week16\ELDON4_20250428_190200.wav,20250428
24,27,Sturnella magna,Eastern Meadowlark,0.0409,D:/AcousticMonitoringData/ELDON4_Data/Week16\ELDON4_20250428_190200.wav,20250428
24,27,Spizella pusilla,Field Sparrow,0.0138,D:/AcousticMonitoringData/ELDON4_Data/Week16\ELDON4_20250428_190200.wav,20250428
27,30,Sturnella magna,Eastern Meadowlark,0.0153,D:/AcousticMonitoringData/ELDON4_Data/Week16\ELDON4_20250428_190200.wav,20250428
27,30,Eremophila alpestris,Horned Lark,0.0102,D:/AcousticMonitoringData/ELDON4_Data/Week16\ELDON4_20250428_190200.wav,20250428
30,33,Passerina caerulea,Blue Grosbeak,0.0214,D:/AcousticMonitoringData/ELDON4_Data/Week16\ELDON4_20250428_190200.wav,20250428
30,33,Sturnella magna,Eastern Meadowlark,0.0142,D:/AcousticMonitoringData/ELDON4_Data/Week16\ELDON4_20250428_190200.wav,20250428
30,33,Spizella pusilla,Field Sparrow,0.0123,D:/AcousticMonitoringData/ELDON4_Data/Week16\ELDON4_20250428_190200.wav,20250428
33,36,Spizella pusilla,Field Sparrow,0.0106,D:/AcousticMonitoringData/ELDON4_Data/Week16\ELDON4_20250428_190200.wav,20250428
36,39,Spizella pusilla,Field Sparrow,0.1253,D:/AcousticMonitoringData/ELDON4_Data/Week16\ELDON4_20250428_190200.wav,20250428
39,42,Spizella pusilla,Field Sparrow,0.0226,D:/AcousticMonitoringData/ELDON4_Data/Week16\ELDON4_20250428_190200.wav,20250428
39,42,Bartramia longicauda,Upland Sandpiper,0.021,D:/AcousticMonitoringData/ELDON4_Data/Week16\ELDON4_20250428_190200.wav,20250428
39,42,Sturnella magna,Eastern Meadowlark,0.0205,D:/AcousticMonitoringData/ELDON4_Data/Week16\ELDON4_20250428_190200.wav,20250428
42,45,Sturnella magna,Eastern Meadowlark,0.0182,D:/AcousticMonitoringData/ELDON4_Data/Week16\ELDON4_20250428_190200.wav,20250428
42,45,Passerina caerulea,Blue Grosbeak,0.0162,D:/AcousticMonitoringData/ELDON4_Data/Week16\ELDON4_20250428_190200.wav,20250428
42,45,Eremophila alpestris,Horned Lark,0.0127,D:/AcousticMonitoringData/ELDON4_Data/Week16\ELDON4_20250428_190200.wav,20250428
45,48,Sturnella magna,Eastern Meadowlark,0.0146,D:/AcousticMonitoringData/ELDON4_Data/Week16\ELDON4_20250428_190200.wav,20250428
51,54,Spizella pusilla,Field Sparrow,0.1683,D:/AcousticMonitoringData/ELDON4_Data/Week16\ELDON4_20250428_190200.wav,20250428
51,54,Sturnella magna,Eastern Meadowlark,0.0248,D:/AcousticMonitoringData/ELDON4_Data/Week16\ELDON4_20250428_190200.wav,20250428
51,54,Passerina caerulea,Blue Grosbeak,0.0227,D:/AcousticMonitoringData/ELDON4_Data/Week16\ELDON4_20250428_190200.wav,20250428
54,57,Eremophila alpestris,Horned Lark,0.0181,D:/AcousticMonitoringData/ELDON4_Data/Week16\ELDON4_20250428_190200.wav,20250428
60,63,Sturnella magna,Eastern Meadowlark,0.0244,D:/AcousticMonitoringData/ELDON4_Data/Week16\ELDON4_20250428_190200.wav,20250428
63,66,Sturnella magna,Eastern Meadowlark,0.0513,D:/AcousticMonitoringData/ELDON4_Data/Week16\ELDON4_20250428_190200.wav,20250428
66,69,Spizella pusilla,Field Sparrow,0.1614,D:/AcousticMonitoringData/ELDON4_Data/Week16\ELDON4_20250428_190200.wav,20250428
66,69,Passerina caerulea,Blue Grosbeak,0.0162,D:/AcousticMonitoringData/ELDON4_Data/Week16\ELDON4_20250428_190200.wav,20250428
66,69,Sturnella magna,Eastern Meadowlark,0.0135,D:/AcousticMonitoringData/ELDON4_Data/Week16\ELDON4_20250428_190200.wav,20250428
69,72,Bartramia longicauda,Upland Sandpiper,0.0226,D:/AcousticMonitoringData/ELDON4_Data/Week16\ELDON4_20250428_190200.wav,20250428
69,72,Sturnella magna,Eastern Meadowlark,0.0126,D:/AcousticMonitoringData/ELDON4_Data/Week16\ELDON4_20250428_190200.wav,20250428
72,75,Sturnella magna,Eastern Meadowlark,0.0185,D:/AcousticMonitoringData/ELDON4_Data/Week16\ELDON4_20250428_190200.wav,20250428
72,75,Eremophila alpestris,Horned Lark,0.0161,D:/AcousticMonitoringData/ELDON4_Data/Week16\ELDON4_20250428_190200.wav,20250428
93,96,Sturnella magna,Eastern Meadowlark,0.0503,D:/AcousticMonitoringData/ELDON4_Data/Week16\ELDON4_20250428_190200.wav,20250428
93,96,Spizella pusilla,Field Sparrow,0.0153,D:/AcousticMonitoringData/ELDON4_Data/Week16\ELDON4_20250428_190200.wav,20250428
96,99,Sturnella magna,Eastern Meadowlark,0.0148,D:/AcousticMonitoringData/ELDON4_Data/Week16\ELDON4_20250428_190200.wav,20250428
96,99,Eremophila alpestris,Horned Lark,0.0128,D:/AcousticMonitoringData/ELDON4_Data/Week16\ELDON4_20250428_190200.wav,20250428
102,105,Sturnella magna,Eastern Meadowlark,0.0174,D:/AcousticMonitoringData/ELDON4_Data/Week16\ELDON4_20250428_190200.wav,20250428
102,105,Eremophila alpestris,Horned Lark,0.0163,D:/AcousticMonitoringData/ELDON4_Data/Week16\ELDON4_20250428_190200.wav,20250428
105,108,Spizella pusilla,Field Sparrow,0.0112,D:/AcousticMonitoringData/ELDON4_Data/Week16\ELDON4_20250428_190200.wav,20250428
108,111,Sturnella magna,Eastern Meadowlark,0.0547,D:/AcousticMonitoringData/ELDON4_Data/Week16\ELDON4_20250428_190200.wav,20250428
108,111,Spizella pusilla,Field Sparrow,0.0182,D:/AcousticMonitoringData/ELDON4_Data/Week16\ELDON4_20250428_190200.wav,20250428
111,114,Sturnella magna,Eastern Meadowlark,0.0236,D:/AcousticMonitoringData/ELDON4_Data/Week16\ELDON4_20250428_190200.wav,20250428
114,117,Spizella pusilla,Field Sparrow,0.0186,D:/AcousticMonitoringData/ELDON4_Data/Week16\ELDON4_20250428_190200.wav,20250428
114,117,Sturnella magna,Eastern Meadowlark,0.0183,D:/AcousticMonitoringData/ELDON4_Data/Week16\ELDON4_20250428_190200.wav,20250428
117,120,Eremophila alpestris,Horned Lark,0.0102,D:/AcousticMonitoringData/ELDON4_Data/Week16\ELDON4_20250428_190200.wav,20250428
120,123,Passerina caerulea,Blue Grosbeak,0.0157,D:/AcousticMonitoringData/ELDON4_Data/Week16\ELDON4_20250428_190200.wav,20250428
120,123,Spizella pusilla,Field Sparrow,0.0102,D:/AcousticMonitoringData/ELDON4_Data/Week16\ELDON4_20250428_190200.wav,20250428
129,132,Passerina caerulea,Blue Grosbeak,0.0155,D:/AcousticMonitoringData/ELDON4_Data/Week16\ELDON4_20250428_190200.wav,20250428
132,135,Spizella pusilla,Field Sparrow,0.0143,D:/AcousticMonitoringData/ELDON4_Data/Week16\ELDON4_20250428_190200.wav,20250428
132,135,Sturnella magna,Eastern Meadowlark,0.0101,D:/AcousticMonitoringData/ELDON4_Data/Week16\ELDON4_20250428_190200.wav,20250428
150,153,Spizella pusilla,Field Sparrow,0.055,D:/AcousticMonitoringData/ELDON4_Data/Week16\ELDON4_20250428_190200.wav,20250428
150,153,Passerina caerulea,Blue Grosbeak,0.0138,D:/AcousticMonitoringData/ELDON4_Data/Week16\ELDON4_20250428_190200.wav,20250428
150,153,Sturnella magna,Eastern Meadowlark,0.0113,D:/AcousticMonitoringData/ELDON4_Data/Week16\ELDON4_20250428_190200.wav,20250428
153,156,Sturnella magna,Eastern Meadowlark,0.0161,D:/AcousticMonitoringData/ELDON4_Data/Week16\ELDON4_20250428_190200.wav,20250428
153,156,Spizella pusilla,Field Sparrow,0.0154,D:/AcousticMonitoringData/ELDON4_Data/Week16\ELDON4_20250428_190200.wav,20250428
180,183,Sturnella magna,Eastern Meadowlark,0.0404,D:/AcousticMonitoringData/ELDON4_Data/Week16\ELDON4_20250428_190200.wav,20250428
180,183,Spizella pusilla,Field Sparrow,0.0233,D:/AcousticMonitoringData/ELDON4_Data/Week16\ELDON4_20250428_190200.wav,20250428
180,183,Passerina caerulea,Blue Grosbeak,0.0117,D:/AcousticMonitoringData/ELDON4_Data/Week16\ELDON4_20250428_190200.wav,20250428
207,210,Spizella pusilla,Field Sparrow,0.0303,D:/AcousticMonitoringData/ELDON4_Data/Week16\ELDON4_20250428_190200.wav,20250428
216,219,Geothlypis trichas,Common Yellowthroat,0.02,D:/AcousticMonitoringData/ELDON4_Data/Week16\ELDON4_20250428_190200.wav,20250428
219,222,Geothlypis trichas,Common Yellowthroat,0.0179,D:/AcousticMonitoringData/ELDON4_Data/Week16\ELDON4_20250428_190200.wav,20250428
222,225,Geothlypis trichas,Common Yellowthroat,0.026,D:/AcousticMonitoringData/ELDON4_Data/Week16\ELDON4_20250428_190200.wav,20250428
225,228,Geothlypis trichas,Common Yellowthroat,0.0341,D:/AcousticMonitoringData/ELDON4_Data/Week16\ELDON4_20250428_190200.wav,20250428
225,228,Spizella pusilla,Field Sparrow,0.0254,D:/AcousticMonitoringData/ELDON4_Data/Week16\ELDON4_20250428_190200.wav,20250428
225,228,Melospiza melodia,Song Sparrow,0.014,D:/AcousticMonitoringData/ELDON4_Data/Week16\ELDON4_20250428_190200.wav,20250428
228,231,Geothlypis trichas,Common Yellowthroat,0.0293,D:/AcousticMonitoringData/ELDON4_Data/Week16\ELDON4_20250428_190200.wav,20250428
231,234,Geothlypis trichas,Common Yellowthroat,0.0242,D:/AcousticMonitoringData/ELDON4_Data/Week16\ELDON4_20250428_190200.wav,20250428
234,237,Geothlypis trichas,Common Yellowthroat,0.0332,D:/AcousticMonitoringData/ELDON4_Data/Week16\ELDON4_20250428_190200.wav,20250428
237,240,Geothlypis trichas,Common Yellowthroat,0.021,D:/AcousticMonitoringData/ELDON4_Data/Week16\ELDON4_20250428_190200.wav,20250428
243,246,Geothlypis trichas,Common Yellowthroat,0.0184,D:/AcousticMonitoringData/ELDON4_Data/Week16\ELDON4_20250428_190200.wav,20250428
258,261,Sturnella magna,Eastern Meadowlark,0.0183,D:/AcousticMonitoringData/ELDON4_Data/Week16\ELDON4_20250428_190200.wav,20250428
264,267,Sturnella magna,Eastern Meadowlark,0.0198,D:/AcousticMonitoringData/ELDON4_Data/Week16\ELDON4_20250428_190200.wav,20250428
267,270,Sturnella magna,Eastern Meadowlark,0.0216,D:/AcousticMonitoringData/ELDON4_Data/Week16\ELDON4_20250428_190200.wav,20250428
270,273,Sturnella magna,Eastern Meadowlark,0.0312,D:/AcousticMonitoringData/ELDON4_Data/Week16\ELDON4_20250428_190200.wav,20250428
276,279,Bartramia longicauda,Upland Sandpiper,0.0108,D:/AcousticMonitoringData/ELDON4_Data/Week16\ELDON4_20250428_190200.wav,20250428
279,282,Sturnella magna,Eastern Meadowlark,0.0196,D:/AcousticMonitoringData/ELDON4_Data/Week16\ELDON4_20250428_190200.wav,20250428
285,288,Sturnella magna,Eastern Meadowlark,0.011,D:/AcousticMonitoringData/ELDON4_Data/Week16\ELDON4_20250428_190200.wav,20250428
288,291,Spizella pusilla,Field Sparrow,0.0234,D:/AcousticMonitoringData/ELDON4_Data/Week16\ELDON4_20250428_190200.wav,20250428
291,294,Spizella pusilla,Field Sparrow,0.031,D:/AcousticMonitoringData/ELDON4_Data/Week16\ELDON4_20250428_190200.wav,20250428
291,294,Sturnella magna,Eastern Meadowlark,0.029,D:/AcousticMonitoringData/ELDON4_Data/Week16\ELDON4_20250428_190200.wav,20250428
291,294,Eremophila alpestris,Horned Lark,0.0248,D:/AcousticMonitoringData/ELDON4_Data/Week16\ELDON4_20250428_190200.wav,20250428
294,297,Sturnella magna,Eastern Meadowlark,0.0198,D:/AcousticMonitoringData/ELDON4_Data/Week16\ELDON4_20250428_190200.wav,20250428
297,300,Sturnella magna,Eastern Meadowlark,0.0692,D:/AcousticMonitoringData/ELDON4_Data/Week16\ELDON4_20250428_190200.wav,20250428
297,300,Bartramia longicauda,Upland Sandpiper,0.014,D:/AcousticMonitoringData/ELDON4_Data/Week16\ELDON4_20250428_190200.wav,20250428
297,300,Eremophila alpestris,Horned Lark,0.0118,D:/AcousticMonitoringData/ELDON4_Data/Week16\ELDON4_20250428_190200.wav,20250428
297,300,Passerina caerulea,Blue Grosbeak,0.0102,D:/AcousticMonitoringData/ELDON4_Data/Week16\ELDON4_20250428_190200.wav,20250428
300,303,Eremophila alpestris,Horned Lark,0.0274,D:/AcousticMonitoringData/ELDON4_Data/Week16\ELDON4_20250428_190200.wav,20250428
300,303,Sturnella magna,Eastern Meadowlark,0.0242,D:/AcousticMonitoringData/ELDON4_Data/Week16\ELDON4_20250428_190200.wav,20250428
303,306,Sturnella magna,Eastern Meadowlark,0.0263,D:/AcousticMonitoringData/ELDON4_Data/Week16\ELDON4_20250428_190200.wav,20250428
303,306,Passerina caerulea,Blue Grosbeak,0.0208,D:/AcousticMonitoringData/ELDON4_Data/Week16\ELDON4_20250428_190200.wav,20250428
306,309,Sturnella magna,Eastern Meadowlark,0.0251,D:/AcousticMonitoringData/ELDON4_Data/Week16\ELDON4_20250428_190200.wav,20250428
309,312,Eremophila alpestris,Horned Lark,0.0195,D:/AcousticMonitoringData/ELDON4_Data/Week16\ELDON4_20250428_190200.wav,20250428
309,312,Sturnella magna,Eastern Meadowlark,0.0104,D:/AcousticMonitoringData/ELDON4_Data/Week16\ELDON4_20250428_190200.wav,20250428
318,321,Eremophila alpestris,Horned Lark,0.0144,D:/AcousticMonitoringData/ELDON4_Data/Week16\ELDON4_20250428_190200.wav,20250428
318,321,Sturnella magna,Eastern Meadowlark,0.0107,D:/AcousticMonitoringData/ELDON4_Data/Week16\ELDON4_20250428_190200.wav,20250428
321,324,Sturnella magna,Eastern Meadowlark,0.0237,D:/AcousticMonitoringData/ELDON4_Data/Week16\ELDON4_20250428_190200.wav,20250428
321,324,Bartramia longicauda,Upland Sandpiper,0.0186,D:/AcousticMonitoringData/ELDON4_Data/Week16\ELDON4_20250428_190200.wav,20250428
321,324,Eremophila alpestris,Horned Lark,0.0119,D:/AcousticMonitoringData/ELDON4_Data/Week16\ELDON4_20250428_190200.wav,20250428
336,339,Sturnella magna,Eastern Meadowlark,0.0123,D:/AcousticMonitoringData/ELDON4_Data/Week16\ELDON4_20250428_190200.wav,20250428
336,339,Passerina caerulea,Blue Grosbeak,0.0112,D:/AcousticMonitoringData/ELDON4_Data/Week16\ELDON4_20250428_190200.wav,20250428
339,342,Sturnella magna,Eastern Meadowlark,0.0166,D:/AcousticMonitoringData/ELDON4_Data/Week16\ELDON4_20250428_190200.wav,20250428
342,345,Sturnella magna,Eastern Meadowlark,0.0145,D:/AcousticMonitoringData/ELDON4_Data/Week16\ELDON4_20250428_190200.wav,20250428
345,348,Sturnella magna,Eastern Meadowlark,0.0227,D:/AcousticMonitoringData/ELDON4_Data/Week16\ELDON4_20250428_190200.wav,20250428
351,354,Geothlypis trichas,Common Yellowthroat,0.0122,D:/AcousticMonitoringData/ELDON4_Data/Week16\ELDON4_20250428_190200.wav,20250428
354,357,Spizella pusilla,Field Sparrow,0.025,D:/AcousticMonitoringData/ELDON4_Data/Week16\ELDON4_20250428_190200.wav,20250428
354,357,Sturnella magna,Eastern Meadowlark,0.0124,D:/AcousticMonitoringData/ELDON4_Data/Week16\ELDON4_20250428_190200.wav,20250428
357,360,Sturnella magna,Eastern Meadowlark,0.0341,D:/AcousticMonitoringData/ELDON4_Data/Week16\ELDON4_20250428_190200.wav,20250428
360,363,Spizella pusilla,Field Sparrow,0.0148,D:/AcousticMonitoringData/ELDON4_Data/Week16\ELDON4_20250428_190200.wav,20250428
363,366,Sturnella magna,Eastern Meadowlark,0.0133,D:/AcousticMonitoringData/ELDON4_Data/Week16\ELDON4_20250428_190200.wav,20250428
363,366,Spizella pusilla,Field Sparrow,0.0127,D:/AcousticMonitoringData/ELDON4_Data/Week16\ELDON4_20250428_190200.wav,20250428
363,366,Passerina caerulea,Blue Grosbeak,0.0103,D:/AcousticMonitoringData/ELDON4_Data/Week16\ELDON4_20250428_190200.wav,20250428
366,369,Geothlypis trichas,Common Yellowthroat,0.0114,D:/AcousticMonitoringData/ELDON4_Data/Week16\ELDON4_20250428_190200.wav,20250428
369,372,Passerina caerulea,Blue Grosbeak,0.0152,D:/AcousticMonitoringData/ELDON4_Data/Week16\ELDON4_20250428_190200.wav,20250428
372,375,Passerina caerulea,Blue Grosbeak,0.0118,D:/AcousticMonitoringData/ELDON4_Data/Week16\ELDON4_20250428_190200.wav,20250428
378,381,Passerina caerulea,Blue Grosbeak,0.0154,D:/AcousticMonitoringData/ELDON4_Data/Week16\ELDON4_20250428_190200.wav,20250428
381,384,Spizella pusilla,Field Sparrow,0.0213,D:/AcousticMonitoringData/ELDON4_Data/Week16\ELDON4_20250428_190200.wav,20250428
381,384,Bartramia longicauda,Upland Sandpiper,0.0158,D:/AcousticMonitoringData/ELDON4_Data/Week16\ELDON4_20250428_190200.wav,20250428
381,384,Sturnella magna,Eastern Meadowlark,0.0151,D:/AcousticMonitoringData/ELDON4_Data/Week16\ELDON4_20250428_190200.wav,20250428
384,387,Passerina caerulea,Blue Grosbeak,0.0187,D:/AcousticMonitoringData/ELDON4_Data/Week16\ELDON4_20250428_190200.wav,20250428
387,390,Spizella pusilla,Field Sparrow,0.0186,D:/AcousticMonitoringData/ELDON4_Data/Week16\ELDON4_20250428_190200.wav,20250428
387,390,Passerina caerulea,Blue Grosbeak,0.017,D:/AcousticMonitoringData/ELDON4_Data/Week16\ELDON4_20250428_190200.wav,20250428
387,390,Sturnella magna,Eastern Meadowlark,0.0106,D:/AcousticMonitoringData/ELDON4_Data/Week16\ELDON4_20250428_190200.wav,20250428
390,393,Passerina caerulea,Blue Grosbeak,0.0206,D:/AcousticMonitoringData/ELDON4_Data/Week16\ELDON4_20250428_190200.wav,20250428
393,396,Passerina caerulea,Blue Grosbeak,0.0194,D:/AcousticMonitoringData/ELDON4_Data/Week16\ELDON4_20250428_190200.wav,20250428
399,402,Sturnella magna,Eastern Meadowlark,0.0176,D:/AcousticMonitoringData/ELDON4_Data/Week16\ELDON4_20250428_190200.wav,20250428
399,402,Passerina caerulea,Blue Grosbeak,0.0169,D:/AcousticMonitoringData/ELDON4_Data/Week16\ELDON4_20250428_190200.wav,20250428
399,402,Spizella pusilla,Field Sparrow,0.0109,D:/AcousticMonitoringData/ELDON4_Data/Week16\ELDON4_20250428_190200.wav,20250428
402,405,Sturnella magna,Eastern Meadowlark,0.01,D:/AcousticMonitoringData/ELDON4_Data/Week16\ELDON4_20250428_190200.wav,20250428
405,408,Bartramia longicauda,Upland Sandpiper,0.0158,D:/AcousticMonitoringData/ELDON4_Data/Week16\ELDON4_20250428_190200.wav,20250428
411,414,Sturnella magna,Eastern Meadowlark,0.0275,D:/AcousticMonitoringData/ELDON4_Data/Week16\ELDON4_20250428_190200.wav,20250428
411,414,Spizella pusilla,Field Sparrow,0.0214,D:/AcousticMonitoringData/ELDON4_Data/Week16\ELDON4_20250428_190200.wav,20250428
420,423,Passerina caerulea,Blue Grosbeak,0.0126,D:/AcousticMonitoringData/ELDON4_Data/Week16\ELDON4_20250428_190200.wav,20250428
426,429,Passerina caerulea,Blue Grosbeak,0.0144,D:/AcousticMonitoringData/ELDON4_Data/Week16\ELDON4_20250428_190200.wav,20250428
438,441,Passerina caerulea,Blue Grosbeak,0.0439,D:/AcousticMonitoringData/ELDON4_Data/Week16\ELDON4_20250428_190200.wav,20250428
438,441,Sturnella magna,Eastern Meadowlark,0.0187,D:/AcousticMonitoringData/ELDON4_Data/Week16\ELDON4_20250428_190200.wav,20250428
441,444,Passerina caerulea,Blue Grosbeak,0.0161,D:/AcousticMonitoringData/ELDON4_Data/Week16\ELDON4_20250428_190200.wav,20250428
441,444,Sturnella magna,Eastern Meadowlark,0.01,D:/AcousticMonitoringData/ELDON4_Data/Week16\ELDON4_20250428_190200.wav,20250428
447,450,Spizella pusilla,Field Sparrow,0.0123,D:/AcousticMonitoringData/ELDON4_Data/Week16\ELDON4_20250428_190200.wav,20250428
447,450,Passerina caerulea,Blue Grosbeak,0.0123,D:/AcousticMonitoringData/ELDON4_Data/Week16\ELDON4_20250428_190200.wav,20250428
450,453,Passerina caerulea,Blue Grosbeak,0.0143,D:/AcousticMonitoringData/ELDON4_Data/Week16\ELDON4_20250428_190200.wav,20250428
450,453,Spizella pusilla,Field Sparrow,0.014,D:/AcousticMonitoringData/ELDON4_Data/Week16\ELDON4_20250428_190200.wav,20250428
456,459,Spizella pusilla,Field Sparrow,0.0303,D:/AcousticMonitoringData/ELDON4_Data/Week16\ELDON4_20250428_190200.wav,20250428
456,459,Sturnella magna,Eastern Meadowlark,0.0232,D:/AcousticMonitoringData/ELDON4_Data/Week16\ELDON4_20250428_190200.wav,20250428
465,468,Spizella pusilla,Field Sparrow,0.0179,D:/AcousticMonitoringData/ELDON4_Data/Week16\ELDON4_20250428_190200.wav,20250428
480,483,Sturnella magna,Eastern Meadowlark,0.0128,D:/AcousticMonitoringData/ELDON4_Data/Week16\ELDON4_20250428_190200.wav,20250428
486,489,Passerina caerulea,Blue Grosbeak,0.0106,D:/AcousticMonitoringData/ELDON4_Data/Week16\ELDON4_20250428_190200.wav,20250428
486,489,Sturnella magna,Eastern Meadowlark,0.0102,D:/AcousticMonitoringData/ELDON4_Data/Week16\ELDON4_20250428_190200.wav,20250428
489,492,Spizella pusilla,Field Sparrow,0.0812,D:/AcousticMonitoringData/ELDON4_Data/Week16\ELDON4_20250428_190200.wav,20250428
492,495,Spizella pusilla,Field Sparrow,0.0264,D:/AcousticMonitoringData/ELDON4_Data/Week16\ELDON4_20250428_190200.wav,20250428
492,495,Sturnella magna,Eastern Meadowlark,0.0167,D:/AcousticMonitoringData/ELDON4_Data/Week16\ELDON4_20250428_190200.wav,20250428
492,495,Eremophila alpestris,Horned Lark,0.0106,D:/AcousticMonitoringData/ELDON4_Data/Week16\ELDON4_20250428_190200.wav,20250428
495,498,Sturnella magna,Eastern Meadowlark,0.0375,D:/AcousticMonitoringData/ELDON4_Data/Week16\ELDON4_20250428_190200.wav,20250428
495,498,Spizella pusilla,Field Sparrow,0.0184,D:/AcousticMonitoringData/ELDON4_Data/Week16\ELDON4_20250428_190200.wav,20250428
501,504,Sturnella magna,Eastern Meadowlark,0.0124,D:/AcousticMonitoringData/ELDON4_Data/Week16\ELDON4_20250428_190200.wav,20250428
501,504,Passerina caerulea,Blue Grosbeak,0.0112,D:/AcousticMonitoringData/ELDON4_Data/Week16\ELDON4_20250428_190200.wav,20250428
504,507,Sturnella magna,Eastern Meadowlark,0.0328,D:/AcousticMonitoringData/ELDON4_Data/Week16\ELDON4_20250428_190200.wav,20250428
504,507,Passerina caerulea,Blue Grosbeak,0.0173,D:/AcousticMonitoringData/ELDON4_Data/Week16\ELDON4_20250428_190200.wav,20250428
504,507,Spizella pusilla,Field Sparrow,0.0172,D:/AcousticMonitoringData/ELDON4_Data/Week16\ELDON4_20250428_190200.wav,20250428
504,507,Bartramia longicauda,Upland Sandpiper,0.0157,D:/AcousticMonitoringData/ELDON4_Data/Week16\ELDON4_20250428_190200.wav,20250428
507,510,Spizella pusilla,Field Sparrow,0.0285,D:/AcousticMonitoringData/ELDON4_Data/Week16\ELDON4_20250428_190200.wav,20250428
510,513,Bartramia longicauda,Upland Sandpiper,0.0589,D:/AcousticMonitoringData/ELDON4_Data/Week16\ELDON4_20250428_190200.wav,20250428
510,513,Eremophila alpestris,Horned Lark,0.0192,D:/AcousticMonitoringData/ELDON4_Data/Week16\ELDON4_20250428_190200.wav,20250428
510,513,Sturnella magna,Eastern Meadowlark,0.0189,D:/AcousticMonitoringData/ELDON4_Data/Week16\ELDON4_20250428_190200.wav,20250428
513,516,Sturnella magna,Eastern Meadowlark,0.0298,D:/AcousticMonitoringData/ELDON4_Data/Week16\ELDON4_20250428_190200.wav,20250428
513,516,Eremophila alpestris,Horned Lark,0.0188,D:/AcousticMonitoringData/ELDON4_Data/Week16\ELDON4_20250428_190200.wav,20250428
513,516,Passerina caerulea,Blue Grosbeak,0.0152,D:/AcousticMonitoringData/ELDON4_Data/Week16\ELDON4_20250428_190200.wav,20250428
516,519,Sturnella magna,Eastern Meadowlark,0.0149,D:/AcousticMonitoringData/ELDON4_Data/Week16\ELDON4_20250428_190200.wav,20250428
516,519,Passerina caerulea,Blue Grosbeak,0.011,D:/AcousticMonitoringData/ELDON4_Data/Week16\ELDON4_20250428_190200.wav,20250428
519,522,Passerina caerulea,Blue Grosbeak,0.0244,D:/AcousticMonitoringData/ELDON4_Data/Week16\ELDON4_20250428_190200.wav,20250428
519,522,Sturnella magna,Eastern Meadowlark,0.0148,D:/AcousticMonitoringData/ELDON4_Data/Week16\ELDON4_20250428_190200.wav,20250428
519,522,Eremophila alpestris,Horned Lark,0.0143,D:/AcousticMonitoringData/ELDON4_Data/Week16\ELDON4_20250428_190200.wav,20250428
522,525,Eremophila alpestris,Horned Lark,0.0218,D:/AcousticMonitoringData/ELDON4_Data/Week16\ELDON4_20250428_190200.wav,20250428
522,525,Sturnella magna,Eastern Meadowlark,0.0113,D:/AcousticMonitoringData/ELDON4_Data/Week16\ELDON4_20250428_190200.wav,20250428
528,531,Bartramia longicauda,Upland Sandpiper,0.0516,D:/AcousticMonitoringData/ELDON4_Data/Week16\ELDON4_20250428_190200.wav,20250428
528,531,Sturnella magna,Eastern Meadowlark,0.0403,D:/AcousticMonitoringData/ELDON4_Data/Week16\ELDON4_20250428_190200.wav,20250428
528,531,Eremophila alpestris,Horned Lark,0.0206,D:/AcousticMonitoringData/ELDON4_Data/Week16\ELDON4_20250428_190200.wav,20250428
531,534,Bartramia longicauda,Upland Sandpiper,0.0181,D:/AcousticMonitoringData/ELDON4_Data/Week16\ELDON4_20250428_190200.wav,20250428
531,534,Sturnella magna,Eastern Meadowlark,0.0101,D:/AcousticMonitoringData/ELDON4_Data/Week16\ELDON4_20250428_190200.wav,20250428
534,537,Eremophila alpestris,Horned Lark,0.0205,D:/AcousticMonitoringData/ELDON4_Data/Week16\ELDON4_20250428_190200.wav,20250428
534,537,Sturnella magna,Eastern Meadowlark,0.0149,D:/AcousticMonitoringData/ELDON4_Data/Week16\ELDON4_20250428_190200.wav,20250428
537,540,Sturnella magna,Eastern Meadowlark,0.0384,D:/AcousticMonitoringData/ELDON4_Data/Week16\ELDON4_20250428_190200.wav,20250428
537,540,Eremophila alpestris,Horned Lark,0.0258,D:/AcousticMonitoringData/ELDON4_Data/Week16\ELDON4_20250428_190200.wav,20250428
537,540,Bartramia longicauda,Upland Sandpiper,0.014,D:/AcousticMonitoringData/ELDON4_Data/Week16\ELDON4_20250428_190200.wav,20250428
540,543,Passerina caerulea,Blue Grosbeak,0.0234,D:/AcousticMonitoringData/ELDON4_Data/Week16\ELDON4_20250428_190200.wav,20250428
540,543,Sturnella magna,Eastern Meadowlark,0.0202,D:/AcousticMonitoringData/ELDON4_Data/Week16\ELDON4_20250428_190200.wav,20250428
540,543,Eremophila alpestris,Horned Lark,0.0103,D:/AcousticMonitoringData/ELDON4_Data/Week16\ELDON4_20250428_190200.wav,20250428
543,546,Sturnella magna,Eastern Meadowlark,0.0132,D:/AcousticMonitoringData/ELDON4_Data/Week16\ELDON4_20250428_190200.wav,20250428
543,546,Eremophila alpestris,Horned Lark,0.0116,D:/AcousticMonitoringData/ELDON4_Data/Week16\ELDON4_20250428_190200.wav,20250428
546,549,Eremophila alpestris,Horned Lark,0.0101,D:/AcousticMonitoringData/ELDON4_Data/Week16\ELDON4_20250428_190200.wav,20250428
549,552,Eremophila alpestris,Horned Lark,0.0176,D:/AcousticMonitoringData/ELDON4_Data/Week16\ELDON4_20250428_190200.wav,20250428
552,555,Sturnella magna,Eastern Meadowlark,0.0232,D:/AcousticMonitoringData/ELDON4_Data/Week16\ELDON4_20250428_190200.wav,20250428
552,555,Eremophila alpestris,Horned Lark,0.0192,D:/AcousticMonitoringData/ELDON4_Data/Week16\ELDON4_20250428_190200.wav,20250428
555,558,Eremophila alpestris,Horned Lark,0.029,D:/AcousticMonitoringData/ELDON4_Data/Week16\ELDON4_20250428_190200.wav,20250428
555,558,Sturnella magna,Eastern Meadowlark,0.0107,D:/AcousticMonitoringData/ELDON4_Data/Week16\ELDON4_20250428_190200.wav,20250428
558,561,Sturnella magna,Eastern Meadowlark,0.0124,D:/AcousticMonitoringData/ELDON4_Data/Week16\ELDON4_20250428_190200.wav,20250428
561,564,Sturnella magna,Eastern Meadowlark,0.0129,D:/AcousticMonitoringData/ELDON4_Data/Week16\ELDON4_20250428_190200.wav,20250428
561,564,Bartramia longicauda,Upland Sandpiper,0.0112,D:/AcousticMonitoringData/ELDON4_Data/Week16\ELDON4_20250428_190200.wav,20250428
564,567,Sturnella magna,Eastern Meadowlark,0.0179,D:/AcousticMonitoringData/ELDON4_Data/Week16\ELDON4_20250428_190200.wav,20250428
567,570,Bartramia longicauda,Upland Sandpiper,0.0542,D:/AcousticMonitoringData/ELDON4_Data/Week16\ELDON4_20250428_190200.wav,20250428
567,570,Sturnella magna,Eastern Meadowlark,0.0231,D:/AcousticMonitoringData/ELDON4_Data/Week16\ELDON4_20250428_190200.wav,20250428
567,570,Eremophila alpestris,Horned Lark,0.0102,D:/AcousticMonitoringData/ELDON4_Data/Week16\ELDON4_20250428_190200.wav,20250428
573,576,Eremophila alpestris,Horned Lark,0.0127,D:/AcousticMonitoringData/ELDON4_Data/Week16\ELDON4_20250428_190200.wav,20250428
588,591,Bartramia longicauda,Upland Sandpiper,0.0131,D:/AcousticMonitoringData/ELDON4_Data/Week16\ELDON4_20250428_190200.wav,20250428
600,603,Geothlypis trichas,Common Yellowthroat,0.0106,D:/AcousticMonitoringData/ELDON4_Data/Week16\ELDON4_20250428_190200.wav,20250428
603,606,Geothlypis trichas,Common Yellowthroat,0.0106,D:/AcousticMonitoringData/ELDON4_Data/Week16\ELDON4_20250428_190200.wav,20250428
636,639,Eremophila alpestris,Horned Lark,0.012,D:/AcousticMonitoringData/ELDON4_Data/Week16\ELDON4_20250428_190200.wav,20250428
639,642,Sturnella magna,Eastern Meadowlark,0.0184,D:/AcousticMonitoringData/ELDON4_Data/Week16\ELDON4_20250428_190200.wav,20250428
642,645,Sturnella magna,Eastern Meadowlark,0.0189,D:/AcousticMonitoringData/ELDON4_Data/Week16\ELDON4_20250428_190200.wav,20250428
642,645,Eremophila alpestris,Horned Lark,0.0158,D:/AcousticMonitoringData/ELDON4_Data/Week16\ELDON4_20250428_190200.wav,20250428
657,660,Sturnella magna,Eastern Meadowlark,0.0199,D:/AcousticMonitoringData/ELDON4_Data/Week16\ELDON4_20250428_190200.wav,20250428
666,669,Spizella pusilla,Field Sparrow,0.0102,D:/AcousticMonitoringData/ELDON4_Data/Week16\ELDON4_20250428_190200.wav,20250428
672,675,Sturnella magna,Eastern Meadowlark,0.0112,D:/AcousticMonitoringData/ELDON4_Data/Week16\ELDON4_20250428_190200.wav,20250428
675,678,Spizella pusilla,Field Sparrow,0.0159,D:/AcousticMonitoringData/ELDON4_Data/Week16\ELDON4_20250428_190200.wav,20250428
690,693,Bartramia longicauda,Upland Sandpiper,0.0109,D:/AcousticMonitoringData/ELDON4_Data/Week16\ELDON4_20250428_190200.wav,20250428
696,699,Sturnella magna,Eastern Meadowlark,0.0191,D:/AcousticMonitoringData/ELDON4_Data/Week16\ELDON4_20250428_190200.wav,20250428
702,705,Spizella pusilla,Field Sparrow,0.0101,D:/AcousticMonitoringData/ELDON4_Data/Week16\ELDON4_20250428_190200.wav,20250428
732,735,Eremophila alpestris,Horned Lark,0.0148,D:/AcousticMonitoringData/ELDON4_Data/Week16\ELDON4_20250428_190200.wav,20250428
738,741,Eremophila alpestris,Horned Lark,0.0318,D:/AcousticMonitoringData/ELDON4_Data/Week16\ELDON4_20250428_190200.wav,20250428
738,741,Sturnella magna,Eastern Meadowlark,0.0254,D:/AcousticMonitoringData/ELDON4_Data/Week16\ELDON4_20250428_190200.wav,20250428
741,744,Sturnella magna,Eastern Meadowlark,0.0125,D:/AcousticMonitoringData/ELDON4_Data/Week16\ELDON4_20250428_190200.wav,20250428
747,750,Bartramia longicauda,Upland Sandpiper,0.0221,D:/AcousticMonitoringData/ELDON4_Data/Week16\ELDON4_20250428_190200.wav,20250428
753,756,Bartramia longicauda,Upland Sandpiper,0.0132,D:/AcousticMonitoringData/ELDON4_Data/Week16\ELDON4_20250428_190200.wav,20250428
753,756,Eremophila alpestris,Horned Lark,0.0102,D:/AcousticMonitoringData/ELDON4_Data/Week16\ELDON4_20250428_190200.wav,20250428
762,765,Sturnella magna,Eastern Meadowlark,0.0298,D:/AcousticMonitoringData/ELDON4_Data/Week16\ELDON4_20250428_190200.wav,20250428
762,765,Eremophila alpestris,Horned Lark,0.018,D:/AcousticMonitoringData/ELDON4_Data/Week16\ELDON4_20250428_190200.wav,20250428
768,771,Sturnella magna,Eastern Meadowlark,0.0119,D:/AcousticMonitoringData/ELDON4_Data/Week16\ELDON4_20250428_190200.wav,20250428
771,774,Sturnella magna,Eastern Meadowlark,0.0279,D:/AcousticMonitoringData/ELDON4_Data/Week16\ELDON4_20250428_190200.wav,20250428
771,774,Eremophila alpestris,Horned Lark,0.0133,D:/AcousticMonitoringData/ELDON4_Data/Week16\ELDON4_20250428_190200.wav,20250428
777,780,Spizella pusilla,Field Sparrow,0.1831,D:/AcousticMonitoringData/ELDON4_Data/Week16\ELDON4_20250428_190200.wav,20250428
777,780,Sturnella magna,Eastern Meadowlark,0.0212,D:/AcousticMonitoringData/ELDON4_Data/Week16\ELDON4_20250428_190200.wav,20250428
777,780,Passerina caerulea,Blue Grosbeak,0.0112,D:/AcousticMonitoringData/ELDON4_Data/Week16\ELDON4_20250428_190200.wav,20250428
780,783,Eremophila alpestris,Horned Lark,0.0173,D:/AcousticMonitoringData/ELDON4_Data/Week16\ELDON4_20250428_190200.wav,20250428
780,783,Sturnella magna,Eastern Meadowlark,0.012,D:/AcousticMonitoringData/ELDON4_Data/Week16\ELDON4_20250428_190200.wav,20250428
783,786,Eremophila alpestris,Horned Lark,0.1318,D:/AcousticMonitoringData/ELDON4_Data/Week16\ELDON4_20250428_190200.wav,20250428
783,786,Sturnella magna,Eastern Meadowlark,0.0173,D:/AcousticMonitoringData/ELDON4_Data/Week16\ELDON4_20250428_190200.wav,20250428
786,789,Sturnella magna,Eastern Meadowlark,0.022,D:/AcousticMonitoringData/ELDON4_Data/Week16\ELDON4_20250428_190200.wav,20250428
786,789,Bartramia longicauda,Upland Sandpiper,0.0187,D:/AcousticMonitoringData/ELDON4_Data/Week16\ELDON4_20250428_190200.wav,20250428
792,795,Sturnella magna,Eastern Meadowlark,0.0212,D:/AcousticMonitoringData/ELDON4_Data/Week16\ELDON4_20250428_190200.wav,20250428
795,798,Sturnella magna,Eastern Meadowlark,0.0239,D:/AcousticMonitoringData/ELDON4_Data/Week16\ELDON4_20250428_190200.wav,20250428
795,798,Eremophila alpestris,Horned Lark,0.0135,D:/AcousticMonitoringData/ELDON4_Data/Week16\ELDON4_20250428_190200.wav,20250428
795,798,Spizella pusilla,Field Sparrow,0.0118,D:/AcousticMonitoringData/ELDON4_Data/Week16\ELDON4_20250428_190200.wav,20250428
807,810,Sturnella magna,Eastern Meadowlark,0.0155,D:/AcousticMonitoringData/ELDON4_Data/Week16\ELDON4_20250428_190200.wav,20250428
810,813,Spizella pusilla,Field Sparrow,0.0264,D:/AcousticMonitoringData/ELDON4_Data/Week16\ELDON4_20250428_190200.wav,20250428
825,828,Sturnella magna,Eastern Meadowlark,0.0149,D:/AcousticMonitoringData/ELDON4_Data/Week16\ELDON4_20250428_190200.wav,20250428
828,831,Sturnella magna,Eastern Meadowlark,0.0274,D:/AcousticMonitoringData/ELDON4_Data/Week16\ELDON4_20250428_190200.wav,20250428
828,831,Bartramia longicauda,Upland Sandpiper,0.0191,D:/AcousticMonitoringData/ELDON4_Data/Week16\ELDON4_20250428_190200.wav,20250428
831,834,Eremophila alpestris,Horned Lark,0.0104,D:/AcousticMonitoringData/ELDON4_Data/Week16\ELDON4_20250428_190200.wav,20250428
834,837,Sturnella magna,Eastern Meadowlark,0.0369,D:/AcousticMonitoringData/ELDON4_Data/Week16\ELDON4_20250428_190200.wav,20250428
834,837,Eremophila alpestris,Horned Lark,0.0172,D:/AcousticMonitoringData/ELDON4_Data/Week16\ELDON4_20250428_190200.wav,20250428
837,840,Passerina caerulea,Blue Grosbeak,0.0129,D:/AcousticMonitoringData/ELDON4_Data/Week16\ELDON4_20250428_190200.wav,20250428
843,846,Sturnella magna,Eastern Meadowlark,0.0156,D:/AcousticMonitoringData/ELDON4_Data/Week16\ELDON4_20250428_190200.wav,20250428
852,855,Sturnella magna,Eastern Meadowlark,0.0281,D:/AcousticMonitoringData/ELDON4_Data/Week16\ELDON4_20250428_190200.wav,20250428
876,879,Spizella pusilla,Field Sparrow,0.0151,D:/AcousticMonitoringData/ELDON4_Data/Week16\ELDON4_20250428_190200.wav,20250428
882,885,Passerina caerulea,Blue Grosbeak,0.0119,D:/AcousticMonitoringData/ELDON4_Data/Week16\ELDON4_20250428_190200.wav,20250428
891,894,Spizella pusilla,Field Sparrow,0.0146,D:/AcousticMonitoringData/ELDON4_Data/Week16\ELDON4_20250428_190200.wav,20250428
891,894,Passerina caerulea,Blue Grosbeak,0.0134,D:/AcousticMonitoringData/ELDON4_Data/Week16\ELDON4_20250428_190200.wav,20250428
891,894,Sturnella magna,Eastern Meadowlark,0.0107,D:/AcousticMonitoringData/ELDON4_Data/Week16\ELDON4_20250428_190200.wav,20250428
897,900,Passerina caerulea,Blue Grosbeak,0.0118,D:/AcousticMonitoringData/ELDON4_Data/Week16\ELDON4_20250428_190200.wav,20250428
906,909,Passerina caerulea,Blue Grosbeak,0.017,D:/AcousticMonitoringData/ELDON4_Data/Week16\ELDON4_20250428_190200.wav,20250428
909,912,Passerina caerulea,Blue Grosbeak,0.0229,D:/AcousticMonitoringData/ELDON4_Data/Week16\ELDON4_20250428_190200.wav,20250428
909,912,Sturnella magna,Eastern Meadowlark,0.0141,D:/AcousticMonitoringData/ELDON4_Data/Week16\ELDON4_20250428_190200.wav,20250428
912,915,Spizella pusilla,Field Sparrow,0.0291,D:/AcousticMonitoringData/ELDON4_Data/Week16\ELDON4_20250428_190200.wav,20250428
912,915,Passerina caerulea,Blue Grosbeak,0.0163,D:/AcousticMonitoringData/ELDON4_Data/Week16\ELDON4_20250428_190200.wav,20250428
912,915,Sturnella magna,Eastern Meadowlark,0.0123,D:/AcousticMonitoringData/ELDON4_Data/Week16\ELDON4_20250428_190200.wav,20250428
915,918,Passerina caerulea,Blue Grosbeak,0.0141,D:/AcousticMonitoringData/ELDON4_Data/Week16\ELDON4_20250428_190200.wav,20250428
918,921,Spizella pusilla,Field Sparrow,0.0221,D:/AcousticMonitoringData/ELDON4_Data/Week16\ELDON4_20250428_190200.wav,20250428
918,921,Passerina caerulea,Blue Grosbeak,0.0147,D:/AcousticMonitoringData/ELDON4_Data/Week16\ELDON4_20250428_190200.wav,20250428
924,927,Passerina caerulea,Blue Grosbeak,0.0172,D:/AcousticMonitoringData/ELDON4_Data/Week16\ELDON4_20250428_190200.wav,20250428
924,927,Spizella pusilla,Field Sparrow,0.0117,D:/AcousticMonitoringData/ELDON4_Data/Week16\ELDON4_20250428_190200.wav,20250428
930,933,Spizella pusilla,Field Sparrow,0.0135,D:/AcousticMonitoringData/ELDON4_Data/Week16\ELDON4_20250428_190200.wav,20250428
930,933,Sturnella magna,Eastern Meadowlark,0.0115,D:/AcousticMonitoringData/ELDON4_Data/Week16\ELDON4_20250428_190200.wav,20250428
933,936,Spizella pusilla,Field Sparrow,0.024,D:/AcousticMonitoringData/ELDON4_Data/Week16\ELDON4_20250428_190200.wav,20250428
936,939,Spizella pusilla,Field Sparrow,0.0316,D:/AcousticMonitoringData/ELDON4_Data/Week16\ELDON4_20250428_190200.wav,20250428
936,939,Passerina caerulea,Blue Grosbeak,0.0253,D:/AcousticMonitoringData/ELDON4_Data/Week16\ELDON4_20250428_190200.wav,20250428
936,939,Sturnella magna,Eastern Meadowlark,0.0132,D:/AcousticMonitoringData/ELDON4_Data/Week16\ELDON4_20250428_190200.wav,20250428
939,942,Passerina caerulea,Blue Grosbeak,0.0165,D:/AcousticMonitoringData/ELDON4_Data/Week16\ELDON4_20250428_190200.wav,20250428
942,945,Spizella pusilla,Field Sparrow,0.013,D:/AcousticMonitoringData/ELDON4_Data/Week16\ELDON4_20250428_190200.wav,20250428
945,948,Melospiza melodia,Song Sparrow,0.0156,D:/AcousticMonitoringData/ELDON4_Data/Week16\ELDON4_20250428_190200.wav,20250428
948,951,Melospiza melodia,Song Sparrow,0.0115,D:/AcousticMonitoringData/ELDON4_Data/Week16\ELDON4_20250428_190200.wav,20250428
948,951,Geothlypis trichas,Common Yellowthroat,0.0111,D:/AcousticMonitoringData/ELDON4_Data/Week16\ELDON4_20250428_190200.wav,20250428
951,954,Geothlypis trichas,Common Yellowthroat,0.0736,D:/AcousticMonitoringData/ELDON4_Data/Week16\ELDON4_20250428_190200.wav,20250428
963,966,Geothlypis trichas,Common Yellowthroat,0.0256,D:/AcousticMonitoringData/ELDON4_Data/Week16\ELDON4_20250428_190200.wav,20250428
963,966,Spizella pusilla,Field Sparrow,0.0144,D:/AcousticMonitoringData/ELDON4_Data/Week16\ELDON4_20250428_190200.wav,20250428
966,969,Eremophila alpestris,Horned Lark,0.0169,D:/AcousticMonitoringData/ELDON4_Data/Week16\ELDON4_20250428_190200.wav,20250428
966,969,Sturnella magna,Eastern Meadowlark,0.015,D:/AcousticMonitoringData/ELDON4_Data/Week16\ELDON4_20250428_190200.wav,20250428
969,972,Geothlypis trichas,Common Yellowthroat,0.014,D:/AcousticMonitoringData/ELDON4_Data/Week16\ELDON4_20250428_190200.wav,20250428
969,972,Spizella pusilla,Field Sparrow,0.0124,D:/AcousticMonitoringData/ELDON4_Data/Week16\ELDON4_20250428_190200.wav,20250428
972,975,Geothlypis trichas,Common Yellowthroat,0.082,D:/AcousticMonitoringData/ELDON4_Data/Week16\ELDON4_20250428_190200.wav,20250428
972,975,Spizella pusilla,Field Sparrow,0.0167,D:/AcousticMonitoringData/ELDON4_Data/Week16\ELDON4_20250428_190200.wav,20250428
975,978,Geothlypis trichas,Common Yellowthroat,0.0649,D:/AcousticMonitoringData/ELDON4_Data/Week16\ELDON4_20250428_190200.wav,20250428
978,981,Geothlypis trichas,Common Yellowthroat,0.0288,D:/AcousticMonitoringData/ELDON4_Data/Week16\ELDON4_20250428_190200.wav,20250428
978,981,Sturnella magna,Eastern Meadowlark,0.016,D:/AcousticMonitoringData/ELDON4_Data/Week16\ELDON4_20250428_190200.wav,20250428
978,981,Passerina caerulea,Blue Grosbeak,0.0148,D:/AcousticMonitoringData/ELDON4_Data/Week16\ELDON4_20250428_190200.wav,20250428
978,981,Spizella pusilla,Field Sparrow,0.0113,D:/AcousticMonitoringData/ELDON4_Data/Week16\ELDON4_20250428_190200.wav,20250428
981,984,Passerina caerulea,Blue Grosbeak,0.0148,D:/AcousticMonitoringData/ELDON4_Data/Week16\ELDON4_20250428_190200.wav,20250428
981,984,Geothlypis trichas,Common Yellowthroat,0.0142,D:/AcousticMonitoringData/ELDON4_Data/Week16\ELDON4_20250428_190200.wav,20250428
981,984,Spizella pusilla,Field Sparrow,0.0117,D:/AcousticMonitoringData/ELDON4_Data/Week16\ELDON4_20250428_190200.wav,20250428
984,987,Spizella pusilla,Field Sparrow,0.0463,D:/AcousticMonitoringData/ELDON4_Data/Week16\ELDON4_20250428_190200.wav,20250428
984,987,Sturnella magna,Eastern Meadowlark,0.0393,D:/AcousticMonitoringData/ELDON4_Data/Week16\ELDON4_20250428_190200.wav,20250428
984,987,Passerina caerulea,Blue Grosbeak,0.0137,D:/AcousticMonitoringData/ELDON4_Data/Week16\ELDON4_20250428_190200.wav,20250428
987,990,Geothlypis trichas,Common Yellowthroat,0.0167,D:/AcousticMonitoringData/ELDON4_Data/Week16\ELDON4_20250428_190200.wav,20250428
990,993,Spizella pusilla,Field Sparrow,0.0158,D:/AcousticMonitoringData/ELDON4_Data/Week16\ELDON4_20250428_190200.wav,20250428
993,996,Sturnella magna,Eastern Meadowlark,0.0135,D:/AcousticMonitoringData/ELDON4_Data/Week16\ELDON4_20250428_190200.wav,20250428
993,996,Spizella pusilla,Field Sparrow,0.0119,D:/AcousticMonitoringData/ELDON4_Data/Week16\ELDON4_20250428_190200.wav,20250428
999,1002,Sturnella magna,Eastern Meadowlark,0.0382,D:/AcousticMonitoringData/ELDON4_Data/Week16\ELDON4_20250428_190200.wav,20250428
999,1002,Spizella pusilla,Field Sparrow,0.0225,D:/AcousticMonitoringData/ELDON4_Data/Week16\ELDON4_20250428_190200.wav,20250428
1005,1008,Spizella pusilla,Field Sparrow,0.0139,D:/AcousticMonitoringData/ELDON4_Data/Week16\ELDON4_20250428_190200.wav,20250428
1011,1014,Spizella pusilla,Field Sparrow,0.0298,D:/AcousticMonitoringData/ELDON4_Data/Week16\ELDON4_20250428_190200.wav,20250428
1011,1014,Sturnella magna,Eastern Meadowlark,0.0123,D:/AcousticMonitoringData/ELDON4_Data/Week16\ELDON4_20250428_190200.wav,20250428
1014,1017,Passerina caerulea,Blue Grosbeak,0.0359,D:/AcousticMonitoringData/ELDON4_Data/Week16\ELDON4_20250428_190200.wav,20250428
1014,1017,Sturnella magna,Eastern Meadowlark,0.0126,D:/AcousticMonitoringData/ELDON4_Data/Week16\ELDON4_20250428_190200.wav,20250428
1017,1020,Sturnella magna,Eastern Meadowlark,0.0263,D:/AcousticMonitoringData/ELDON4_Data/Week16\ELDON4_20250428_190200.wav,20250428
1017,1020,Spizella pusilla,Field Sparrow,0.0189,D:/AcousticMonitoringData/ELDON4_Data/Week16\ELDON4_20250428_190200.wav,20250428
1017,1020,Passerina caerulea,Blue Grosbeak,0.015,D:/AcousticMonitoringData/ELDON4_Data/Week16\ELDON4_20250428_190200.wav,20250428
1023,1026,Spizella pusilla,Field Sparrow,0.0252,D:/AcousticMonitoringData/ELDON4_Data/Week16\ELDON4_20250428_190200.wav,20250428
1023,1026,Sturnella magna,Eastern Meadowlark,0.0118,D:/AcousticMonitoringData/ELDON4_Data/Week16\ELDON4_20250428_190200.wav,20250428
1029,1032,Sturnella magna,Eastern Meadowlark,0.037,D:/AcousticMonitoringData/ELDON4_Data/Week16\ELDON4_20250428_190200.wav,20250428
1032,1035,Sturnella magna,Eastern Meadowlark,0.0373,D:/AcousticMonitoringData/ELDON4_Data/Week16\ELDON4_20250428_190200.wav,20250428
1032,1035,Spizella pusilla,Field Sparrow,0.021,D:/AcousticMonitoringData/ELDON4_Data/Week16\ELDON4_20250428_190200.wav,20250428
1032,1035,Bartramia longicauda,Upland Sandpiper,0.0151,D:/AcousticMonitoringData/ELDON4_Data/Week16\ELDON4_20250428_190200.wav,20250428
1035,1038,Spizella pusilla,Field Sparrow,0.0135,D:/AcousticMonitoringData/ELDON4_Data/Week16\ELDON4_20250428_190200.wav,20250428
1035,1038,Sturnella magna,Eastern Meadowlark,0.0126,D:/AcousticMonitoringData/ELDON4_Data/Week16\ELDON4_20250428_190200.wav,20250428
1038,1041,Spizella pusilla,Field Sparrow,0.0662,D:/AcousticMonitoringData/ELDON4_Data/Week16\ELDON4_20250428_190200.wav,20250428
1038,1041,Sturnella magna,Eastern Meadowlark,0.0133,D:/AcousticMonitoringData/ELDON4_Data/Week16\ELDON4_20250428_190200.wav,20250428
1038,1041,Passerina caerulea,Blue Grosbeak,0.0118,D:/AcousticMonitoringData/ELDON4_Data/Week16\ELDON4_20250428_190200.wav,20250428
1041,1044,Spizella pusilla,Field Sparrow,0.0393,D:/AcousticMonitoringData/ELDON4_Data/Week16\ELDON4_20250428_190200.wav,20250428
1041,1044,Sturnella magna,Eastern Meadowlark,0.0116,D:/AcousticMonitoringData/ELDON4_Data/Week16\ELDON4_20250428_190200.wav,20250428
1044,1047,Sturnella magna,Eastern Meadowlark,0.016,D:/AcousticMonitoringData/ELDON4_Data/Week16\ELDON4_20250428_190200.wav,20250428
1044,1047,Eremophila alpestris,Horned Lark,0.0113,D:/AcousticMonitoringData/ELDON4_Data/Week16\ELDON4_20250428_190200.wav,20250428
1050,1053,Sturnella magna,Eastern Meadowlark,0.0132,D:/AcousticMonitoringData/ELDON4_Data/Week16\ELDON4_20250428_190200.wav,20250428
1050,1053,Spizella pusilla,Field Sparrow,0.0106,D:/AcousticMonitoringData/ELDON4_Data/Week16\ELDON4_20250428_190200.wav,20250428
1050,1053,Passerina caerulea,Blue Grosbeak,0.0101,D:/AcousticMonitoringData/ELDON4_Data/Week16\ELDON4_20250428_190200.wav,20250428
1053,1056,Geothlypis trichas,Common Yellowthroat,0.0161,D:/AcousticMonitoringData/ELDON4_Data/Week16\ELDON4_20250428_190200.wav,20250428
1056,1059,Sturnella magna,Eastern Meadowlark,0.0111,D:/AcousticMonitoringData/ELDON4_Data/Week16\ELDON4_20250428_190200.wav,20250428
1059,1062,Sturnella magna,Eastern Meadowlark,0.0181,D:/AcousticMonitoringData/ELDON4_Data/Week16\ELDON4_20250428_190200.wav,20250428
1068,1071,Sturnella magna,Eastern Meadowlark,0.0291,D:/AcousticMonitoringData/ELDON4_Data/Week16\ELDON4_20250428_190200.wav,20250428
1071,1074,Eremophila alpestris,Horned Lark,0.0168,D:/AcousticMonitoringData/ELDON4_Data/Week16\ELDON4_20250428_190200.wav,20250428
1074,1077,Spizella pusilla,Field Sparrow,0.4008,D:/AcousticMonitoringData/ELDON4_Data/Week16\ELDON4_20250428_190200.wav,20250428
1080,1083,Passerina caerulea,Blue Grosbeak,0.0116,D:/AcousticMonitoringData/ELDON4_Data/Week16\ELDON4_20250428_190200.wav,20250428
1107,1110,Geothlypis trichas,Common Yellowthroat,0.0127,D:/AcousticMonitoringData/ELDON4_Data/Week16\ELDON4_20250428_190200.wav,20250428
1110,1113,Spizella pusilla,Field Sparrow,0.7,D:/AcousticMonitoringData/ELDON4_Data/Week16\ELDON4_20250428_190200.wav,20250428
1119,1122,Geothlypis trichas,Common Yellowthroat,0.0532,D:/AcousticMonitoringData/ELDON4_Data/Week16\ELDON4_20250428_190200.wav,20250428
1119,1122,Melospiza melodia,Song Sparrow,0.013,D:/AcousticMonitoringData/ELDON4_Data/Week16\ELDON4_20250428_190200.wav,20250428
1131,1134,Sturnella magna,Eastern Meadowlark,0.0103,D:/AcousticMonitoringData/ELDON4_Data/Week16\ELDON4_20250428_190200.wav,20250428
1143,1146,Spizella pusilla,Field Sparrow,0.3082,D:/AcousticMonitoringData/ELDON4_Data/Week16\ELDON4_20250428_190200.wav,20250428
1143,1146,Sturnella magna,Eastern Meadowlark,0.0143,D:/AcousticMonitoringData/ELDON4_Data/Week16\ELDON4_20250428_190200.wav,20250428
1152,1155,Sturnella magna,Eastern Meadowlark,0.0115,D:/AcousticMonitoringData/ELDON4_Data/Week16\ELDON4_20250428_190200.wav,20250428
1155,1158,Sturnella magna,Eastern Meadowlark,0.0148,D:/AcousticMonitoringData/ELDON4_Data/Week16\ELDON4_20250428_190200.wav,20250428
1161,1164,Sturnella magna,Eastern Meadowlark,0.0115,D:/AcousticMonitoringData/ELDON4_Data/Week16\ELDON4_20250428_190200.wav,20250428
1164,1167,Sturnella magna,Eastern Meadowlark,0.0352,D:/AcousticMonitoringData/ELDON4_Data/Week16\ELDON4_20250428_190200.wav,20250428
1167,1170,Sturnella magna,Eastern Meadowlark,0.0189,D:/AcousticMonitoringData/ELDON4_Data/Week16\ELDON4_20250428_190200.wav,20250428
1176,1179,Sturnella magna,Eastern Meadowlark,0.015,D:/AcousticMonitoringData/ELDON4_Data/Week16\ELDON4_20250428_190200.wav,20250428
1176,1179,Spizella pusilla,Field Sparrow,0.0148,D:/AcousticMonitoringData/ELDON4_Data/Week16\ELDON4_20250428_190200.wav,20250428
1185,1188,Sturnella magna,Eastern Meadowlark,0.02,D:/AcousticMonitoringData/ELDON4_Data/Week16\ELDON4_20250428_190200.wav,20250428
1185,1188,Passerina caerulea,Blue Grosbeak,0.0132,D:/AcousticMonitoringData/ELDON4_Data/Week16\ELDON4_20250428_190200.wav,20250428
1185,1188,Spizella pusilla,Field Sparrow,0.0113,D:/AcousticMonitoringData/ELDON4_Data/Week16\ELDON4_20250428_190200.wav,20250428
1188,1191,Melospiza melodia,Song Sparrow,0.0126,D:/AcousticMonitoringData/ELDON4_Data/Week16\ELDON4_20250428_190200.wav,20250428
1194,1197,Sturnella magna,Eastern Meadowlark,0.0128,D:/AcousticMonitoringData/ELDON4_Data/Week16\ELDON4_20250428_190200.wav,20250428
1197,1200,Geothlypis trichas,Common Yellowthroat,0.0121,D:/AcousticMonitoringData/ELDON4_Data/Week16\ELDON4_20250428_190200.wav,20250428
1200,1203,Spizella pusilla,Field Sparrow,0.0272,D:/AcousticMonitoringData/ELDON4_Data/Week16\ELDON4_20250428_190200.wav,20250428
1200,1203,Geothlypis trichas,Common Yellowthroat,0.0126,D:/AcousticMonitoringData/ELDON4_Data/Week16\ELDON4_20250428_190200.wav,20250428
1200,1203,Passerina caerulea,Blue Grosbeak,0.0125,D:/AcousticMonitoringData/ELDON4_Data/Week16\ELDON4_20250428_190200.wav,20250428
1206,1209,Spizella pusilla,Field Sparrow,0.0398,D:/AcousticMonitoringData/ELDON4_Data/Week16\ELDON4_20250428_190200.wav,20250428
1206,1209,Geothlypis trichas,Common Yellowthroat,0.0174,D:/AcousticMonitoringData/ELDON4_Data/Week16\ELDON4_20250428_190200.wav,20250428
1209,1212,Spizella pusilla,Field Sparrow,0.0168,D:/AcousticMonitoringData/ELDON4_Data/Week16\ELDON4_20250428_190200.wav,20250428
1212,1215,Spizella pusilla,Field Sparrow,0.0314,D:/AcousticMonitoringData/ELDON4_Data/Week16\ELDON4_20250428_190200.wav,20250428
1212,1215,Geothlypis trichas,Common Yellowthroat,0.02,D:/AcousticMonitoringData/ELDON4_Data/Week16\ELDON4_20250428_190200.wav,20250428
1215,1218,Spizella pusilla,Field Sparrow,0.0194,D:/AcousticMonitoringData/ELDON4_Data/Week16\ELDON4_20250428_190200.wav,20250428
1215,1218,Passerina caerulea,Blue Grosbeak,0.0182,D:/AcousticMonitoringData/ELDON4_Data/Week16\ELDON4_20250428_190200.wav,20250428
1215,1218,Sturnella magna,Eastern Meadowlark,0.0145,D:/AcousticMonitoringData/ELDON4_Data/Week16\ELDON4_20250428_190200.wav,20250428
1218,1221,Spizella pusilla,Field Sparrow,0.0119,D:/AcousticMonitoringData/ELDON4_Data/Week16\ELDON4_20250428_190200.wav,20250428
1221,1224,Spizella pusilla,Field Sparrow,0.0164,D:/AcousticMonitoringData/ELDON4_Data/Week16\ELDON4_20250428_190200.wav,20250428
1221,1224,Sturnella magna,Eastern Meadowlark,0.0146,D:/AcousticMonitoringData/ELDON4_Data/Week16\ELDON4_20250428_190200.wav,20250428
1224,1227,Geothlypis trichas,Common Yellowthroat,0.0217,D:/AcousticMonitoringData/ELDON4_Data/Week16\ELDON4_20250428_190200.wav,20250428
1224,1227,Melospiza melodia,Song Sparrow,0.0136,D:/AcousticMonitoringData/ELDON4_Data/Week16\ELDON4_20250428_190200.wav,20250428
1227,1230,Geothlypis trichas,Common Yellowthroat,0.0283,D:/AcousticMonitoringData/ELDON4_Data/Week16\ELDON4_20250428_190200.wav,20250428
1227,1230,Spizella pusilla,Field Sparrow,0.0163,D:/AcousticMonitoringData/ELDON4_Data/Week16\ELDON4_20250428_190200.wav,20250428
1227,1230,Melospiza melodia,Song Sparrow,0.012,D:/AcousticMonitoringData/ELDON4_Data/Week16\ELDON4_20250428_190200.wav,20250428
1233,1236,Spizella pusilla,Field Sparrow,0.017,D:/AcousticMonitoringData/ELDON4_Data/Week16\ELDON4_20250428_190200.wav,20250428
1233,1236,Geothlypis trichas,Common Yellowthroat,0.0115,D:/AcousticMonitoringData/ELDON4_Data/Week16\ELDON4_20250428_190200.wav,20250428
1236,1239,Geothlypis trichas,Common Yellowthroat,0.0123,D:/AcousticMonitoringData/ELDON4_Data/Week16\ELDON4_20250428_190200.wav,20250428
1236,1239,Sturnella magna,Eastern Meadowlark,0.012,D:/AcousticMonitoringData/ELDON4_Data/Week16\ELDON4_20250428_190200.wav,20250428
1239,1242,Geothlypis trichas,Common Yellowthroat,0.0263,D:/AcousticMonitoringData/ELDON4_Data/Week16\ELDON4_20250428_190200.wav,20250428
1239,1242,Spizella pusilla,Field Sparrow,0.0214,D:/AcousticMonitoringData/ELDON4_Data/Week16\ELDON4_20250428_190200.wav,20250428
1242,1245,Geothlypis trichas,Common Yellowthroat,0.0362,D:/AcousticMonitoringData/ELDON4_Data/Week16\ELDON4_20250428_190200.wav,20250428
1242,1245,Spizella pusilla,Field Sparrow,0.0215,D:/AcousticMonitoringData/ELDON4_Data/Week16\ELDON4_20250428_190200.wav,20250428
1242,1245,Sturnella magna,Eastern Meadowlark,0.0127,D:/AcousticMonitoringData/ELDON4_Data/Week16\ELDON4_20250428_190200.wav,20250428
1245,1248,Spizella pusilla,Field Sparrow,0.0328,D:/AcousticMonitoringData/ELDON4_Data/Week16\ELDON4_20250428_190200.wav,20250428
1245,1248,Geothlypis trichas,Common Yellowthroat,0.0184,D:/AcousticMonitoringData/ELDON4_Data/Week16\ELDON4_20250428_190200.wav,20250428
1251,1254,Spizella pusilla,Field Sparrow,0.0301,D:/AcousticMonitoringData/ELDON4_Data/Week16\ELDON4_20250428_190200.wav,20250428
1251,1254,Geothlypis trichas,Common Yellowthroat,0.0278,D:/AcousticMonitoringData/ELDON4_Data/Week16\ELDON4_20250428_190200.wav,20250428
1251,1254,Sturnella magna,Eastern Meadowlark,0.0223,D:/AcousticMonitoringData/ELDON4_Data/Week16\ELDON4_20250428_190200.wav,20250428
1251,1254,Melospiza melodia,Song Sparrow,0.013,D:/AcousticMonitoringData/ELDON4_Data/Week16\ELDON4_20250428_190200.wav,20250428
1254,1257,Geothlypis trichas,Common Yellowthroat,0.0121,D:/AcousticMonitoringData/ELDON4_Data/Week16\ELDON4_20250428_190200.wav,20250428
1269,1272,Sturnella magna,Eastern Meadowlark,0.0236,D:/AcousticMonitoringData/ELDON4_Data/Week16\ELDON4_20250428_190200.wav,20250428
1269,1272,Spizella pusilla,Field Sparrow,0.0189,D:/AcousticMonitoringData/ELDON4_Data/Week16\ELDON4_20250428_190200.wav,20250428
1272,1275,Sturnella magna,Eastern Meadowlark,0.0153,D:/AcousticMonitoringData/ELDON4_Data/Week16\ELDON4_20250428_190200.wav,20250428
1275,1278,Spizella pusilla,Field Sparrow,0.0306,D:/AcousticMonitoringData/ELDON4_Data/Week16\ELDON4_20250428_190200.wav,20250428
1275,1278,Geothlypis trichas,Common Yellowthroat,0.028,D:/AcousticMonitoringData/ELDON4_Data/Week16\ELDON4_20250428_190200.wav,20250428
1278,1281,Sturnella magna,Eastern Meadowlark,0.0224,D:/AcousticMonitoringData/ELDON4_Data/Week16\ELDON4_20250428_190200.wav,20250428
1278,1281,Geothlypis trichas,Common Yellowthroat,0.0126,D:/AcousticMonitoringData/ELDON4_Data/Week16\ELDON4_20250428_190200.wav,20250428
1281,1284,Spizella pusilla,Field Sparrow,0.0293,D:/AcousticMonitoringData/ELDON4_Data/Week16\ELDON4_20250428_190200.wav,20250428
1281,1284,Sturnella magna,Eastern Meadowlark,0.0286,D:/AcousticMonitoringData/ELDON4_Data/Week16\ELDON4_20250428_190200.wav,20250428
1281,1284,Geothlypis trichas,Common Yellowthroat,0.0198,D:/AcousticMonitoringData/ELDON4_Data/Week16\ELDON4_20250428_190200.wav,20250428
1284,1287,Geothlypis trichas,Common Yellowthroat,0.04,D:/AcousticMonitoringData/ELDON4_Data/Week16\ELDON4_20250428_190200.wav,20250428
1284,1287,Spizella pusilla,Field Sparrow,0.0215,D:/AcousticMonitoringData/ELDON4_Data/Week16\ELDON4_20250428_190200.wav,20250428
1284,1287,Melospiza melodia,Song Sparrow,0.0117,D:/AcousticMonitoringData/ELDON4_Data/Week16\ELDON4_20250428_190200.wav,20250428
1287,1290,Spizella pusilla,Field Sparrow,0.0263,D:/AcousticMonitoringData/ELDON4_Data/Week16\ELDON4_20250428_190200.wav,20250428
1287,1290,Sturnella magna,Eastern Meadowlark,0.0117,D:/AcousticMonitoringData/ELDON4_Data/Week16\ELDON4_20250428_190200.wav,20250428
1290,1293,Geothlypis trichas,Common Yellowthroat,0.0422,D:/AcousticMonitoringData/ELDON4_Data/Week16\ELDON4_20250428_190200.wav,20250428
1290,1293,Spizella pusilla,Field Sparrow,0.0152,D:/AcousticMonitoringData/ELDON4_Data/Week16\ELDON4_20250428_190200.wav,20250428
1293,1296,Geothlypis trichas,Common Yellowthroat,0.0123,D:/AcousticMonitoringData/ELDON4_Data/Week16\ELDON4_20250428_190200.wav,20250428
1296,1299,Geothlypis trichas,Common Yellowthroat,0.0143,D:/AcousticMonitoringData/ELDON4_Data/Week16\ELDON4_20250428_190200.wav,20250428
1299,1302,Geothlypis trichas,Common Yellowthroat,0.012,D:/AcousticMonitoringData/ELDON4_Data/Week16\ELDON4_20250428_190200.wav,20250428
1302,1305,Geothlypis trichas,Common Yellowthroat,0.0185,D:/AcousticMonitoringData/ELDON4_Data/Week16\ELDON4_20250428_190200.wav,20250428
1308,1311,Spizella pusilla,Field Sparrow,0.0233,D:/AcousticMonitoringData/ELDON4_Data/Week16\ELDON4_20250428_190200.wav,20250428
1308,1311,Geothlypis trichas,Common Yellowthroat,0.0187,D:/AcousticMonitoringData/ELDON4_Data/Week16\ELDON4_20250428_190200.wav,20250428
1311,1314,Geothlypis trichas,Common Yellowthroat,0.016,D:/AcousticMonitoringData/ELDON4_Data/Week16\ELDON4_20250428_190200.wav,20250428
1311,1314,Melospiza melodia,Song Sparrow,0.0108,D:/AcousticMonitoringData/ELDON4_Data/Week16\ELDON4_20250428_190200.wav,20250428
1314,1317,Geothlypis trichas,Common Yellowthroat,0.0237,D:/AcousticMonitoringData/ELDON4_Data/Week16\ELDON4_20250428_190200.wav,20250428
1314,1317,Spizella pusilla,Field Sparrow,0.0213,D:/AcousticMonitoringData/ELDON4_Data/Week16\ELDON4_20250428_190200.wav,20250428
1317,1320,Geothlypis trichas,Common Yellowthroat,0.0395,D:/AcousticMonitoringData/ELDON4_Data/Week16\ELDON4_20250428_190200.wav,20250428
1317,1320,Spizella pusilla,Field Sparrow,0.0277,D:/AcousticMonitoringData/ELDON4_Data/Week16\ELDON4_20250428_190200.wav,20250428
1317,1320,Melospiza melodia,Song Sparrow,0.0157,D:/AcousticMonitoringData/ELDON4_Data/Week16\ELDON4_20250428_190200.wav,20250428
1320,1323,Geothlypis trichas,Common Yellowthroat,0.0228,D:/AcousticMonitoringData/ELDON4_Data/Week16\ELDON4_20250428_190200.wav,20250428
1320,1323,Spizella pusilla,Field Sparrow,0.0104,D:/AcousticMonitoringData/ELDON4_Data/Week16\ELDON4_20250428_190200.wav,20250428
1323,1326,Geothlypis trichas,Common Yellowthroat,0.0389,D:/AcousticMonitoringData/ELDON4_Data/Week16\ELDON4_20250428_190200.wav,20250428
1323,1326,Spizella pusilla,Field Sparrow,0.0117,D:/AcousticMonitoringData/ELDON4_Data/Week16\ELDON4_20250428_190200.wav,20250428
1323,1326,Melospiza melodia,Song Sparrow,0.011,D:/AcousticMonitoringData/ELDON4_Data/Week16\ELDON4_20250428_190200.wav,20250428
1326,1329,Geothlypis trichas,Common Yellowthroat,0.0329,D:/AcousticMonitoringData/ELDON4_Data/Week16\ELDON4_20250428_190200.wav,20250428
1329,1332,Geothlypis trichas,Common Yellowthroat,0.0199,D:/AcousticMonitoringData/ELDON4_Data/Week16\ELDON4_20250428_190200.wav,20250428
1329,1332,Spizella pusilla,Field Sparrow,0.0157,D:/AcousticMonitoringData/ELDON4_Data/Week16\ELDON4_20250428_190200.wav,20250428
1332,1335,Geothlypis trichas,Common Yellowthroat,0.0173,D:/AcousticMonitoringData/ELDON4_Data/Week16\ELDON4_20250428_190200.wav,20250428
1332,1335,Passerina caerulea,Blue Grosbeak,0.0154,D:/AcousticMonitoringData/ELDON4_Data/Week16\ELDON4_20250428_190200.wav,20250428
1332,1335,Spizella pusilla,Field Sparrow,0.0121,D:/AcousticMonitoringData/ELDON4_Data/Week16\ELDON4_20250428_190200.wav,20250428
1335,1338,Spizella pusilla,Field Sparrow,0.0196,D:/AcousticMonitoringData/ELDON4_Data/Week16\ELDON4_20250428_190200.wav,20250428
1335,1338,Geothlypis trichas,Common Yellowthroat,0.0163,D:/AcousticMonitoringData/ELDON4_Data/Week16\ELDON4_20250428_190200.wav,20250428
1335,1338,Passerina caerulea,Blue Grosbeak,0.0111,D:/AcousticMonitoringData/ELDON4_Data/Week16\ELDON4_20250428_190200.wav,20250428
1341,1344,Geothlypis trichas,Common Yellowthroat,0.0232,D:/AcousticMonitoringData/ELDON4_Data/Week16\ELDON4_20250428_190200.wav,20250428
1341,1344,Spizella pusilla,Field Sparrow,0.0209,D:/AcousticMonitoringData/ELDON4_Data/Week16\ELDON4_20250428_190200.wav,20250428
1344,1347,Geothlypis trichas,Common Yellowthroat,0.0514,D:/AcousticMonitoringData/ELDON4_Data/Week16\ELDON4_20250428_190200.wav,20250428
1347,1350,Geothlypis trichas,Common Yellowthroat,0.0233,D:/AcousticMonitoringData/ELDON4_Data/Week16\ELDON4_20250428_190200.wav,20250428
1350,1353,Geothlypis trichas,Common Yellowthroat,0.0239,D:/AcousticMonitoringData/ELDON4_Data/Week16\ELDON4_20250428_190200.wav,20250428
1350,1353,Spizella pusilla,Field Sparrow,0.0132,D:/AcousticMonitoringData/ELDON4_Data/Week16\ELDON4_20250428_190200.wav,20250428
1350,1353,Passerina caerulea,Blue Grosbeak,0.0112,D:/AcousticMonitoringData/ELDON4_Data/Week16\ELDON4_20250428_190200.wav,20250428
1356,1359,Spizella pusilla,Field Sparrow,0.0639,D:/AcousticMonitoringData/ELDON4_Data/Week16\ELDON4_20250428_190200.wav,20250428
1356,1359,Passerina caerulea,Blue Grosbeak,0.0352,D:/AcousticMonitoringData/ELDON4_Data/Week16\ELDON4_20250428_190200.wav,20250428
1356,1359,Sturnella magna,Eastern Meadowlark,0.0123,D:/AcousticMonitoringData/ELDON4_Data/Week16\ELDON4_20250428_190200.wav,20250428
1359,1362,Passerina caerulea,Blue Grosbeak,0.0138,D:/AcousticMonitoringData/ELDON4_Data/Week16\ELDON4_20250428_190200.wav,20250428
1359,1362,Spizella pusilla,Field Sparrow,0.0112,D:/AcousticMonitoringData/ELDON4_Data/Week16\ELDON4_20250428_190200.wav,20250428
1365,1368,Sturnella magna,Eastern Meadowlark,0.0109,D:/AcousticMonitoringData/ELDON4_Data/Week16\ELDON4_20250428_190200.wav,20250428
1371,1374,Spizella pusilla,Field Sparrow,0.0189,D:/AcousticMonitoringData/ELDON4_Data/Week16\ELDON4_20250428_190200.wav,20250428
1371,1374,Passerina caerulea,Blue Grosbeak,0.0153,D:/AcousticMonitoringData/ELDON4_Data/Week16\ELDON4_20250428_190200.wav,20250428
1383,1386,Sturnella magna,Eastern Meadowlark,0.0176,D:/AcousticMonitoringData/ELDON4_Data/Week16\ELDON4_20250428_190200.wav,20250428
1383,1386,Passerina caerulea,Blue Grosbeak,0.0166,D:/AcousticMonitoringData/ELDON4_Data/Week16\ELDON4_20250428_190200.wav,20250428
1383,1386,Spizella pusilla,Field Sparrow,0.0119,D:/AcousticMonitoringData/ELDON4_Data/Week16\ELDON4_20250428_190200.wav,20250428
1404,1407,Sturnella magna,Eastern Meadowlark,0.0238,D:/AcousticMonitoringData/ELDON4_Data/Week16\ELDON4_20250428_190200.wav,20250428
1404,1407,Passerina caerulea,Blue Grosbeak,0.0127,D:/AcousticMonitoringData/ELDON4_Data/Week16\ELDON4_20250428_190200.wav,20250428
1407,1410,Eremophila alpestris,Horned Lark,0.013,D:/AcousticMonitoringData/ELDON4_Data/Week16\ELDON4_20250428_190200.wav,20250428
1419,1422,Passerina caerulea,Blue Grosbeak,0.0152,D:/AcousticMonitoringData/ELDON4_Data/Week16\ELDON4_20250428_190200.wav,20250428
1425,1428,Passerina caerulea,Blue Grosbeak,0.0107,D:/AcousticMonitoringData/ELDON4_Data/Week16\ELDON4_20250428_190200.wav,20250428
1428,1431,Sturnella magna,Eastern Meadowlark,0.011,D:/AcousticMonitoringData/ELDON4_Data/Week16\ELDON4_20250428_190200.wav,20250428
1431,1434,Sturnella magna,Eastern Meadowlark,0.0103,D:/AcousticMonitoringData/ELDON4_Data/Week16\ELDON4_20250428_190200.wav,20250428
1434,1437,Geothlypis trichas,Common Yellowthroat,0.0205,D:/AcousticMonitoringData/ELDON4_Data/Week16\ELDON4_20250428_190200.wav,20250428
1440,1443,Spizella pusilla,Field Sparrow,0.0818,D:/AcousticMonitoringData/ELDON4_Data/Week16\ELDON4_20250428_190200.wav,20250428
1440,1443,Sturnella magna,Eastern Meadowlark,0.0123,D:/AcousticMonitoringData/ELDON4_Data/Week16\ELDON4_20250428_190200.wav,20250428
1440,1443,Passerina caerulea,Blue Grosbeak,0.011,D:/AcousticMonitoringData/ELDON4_Data/Week16\ELDON4_20250428_190200.wav,20250428
1443,1446,Spizella pusilla,Field Sparrow,0.0986,D:/AcousticMonitoringData/ELDON4_Data/Week16\ELDON4_20250428_190200.wav,20250428
1443,1446,Sturnella magna,Eastern Meadowlark,0.034,D:/AcousticMonitoringData/ELDON4_Data/Week16\ELDON4_20250428_190200.wav,20250428
1443,1446,Bartramia longicauda,Upland Sandpiper,0.0205,D:/AcousticMonitoringData/ELDON4_Data/Week16\ELDON4_20250428_190200.wav,20250428
1446,1449,Passerina caerulea,Blue Grosbeak,0.0454,D:/AcousticMonitoringData/ELDON4_Data/Week16\ELDON4_20250428_190200.wav,20250428
1446,1449,Sturnella magna,Eastern Meadowlark,0.0119,D:/AcousticMonitoringData/ELDON4_Data/Week16\ELDON4_20250428_190200.wav,20250428
1449,1452,Spizella pusilla,Field Sparrow,0.0177,D:/AcousticMonitoringData/ELDON4_Data/Week16\ELDON4_20250428_190200.wav,20250428
1449,1452,Sturnella magna,Eastern Meadowlark,0.0114,D:/AcousticMonitoringData/ELDON4_Data/Week16\ELDON4_20250428_190200.wav,20250428
1452,1455,Geothlypis trichas,Common Yellowthroat,0.0148,D:/AcousticMonitoringData/ELDON4_Data/Week16\ELDON4_20250428_190200.wav,20250428
1455,1458,Geothlypis trichas,Common Yellowthroat,0.0131,D:/AcousticMonitoringData/ELDON4_Data/Week16\ELDON4_20250428_190200.wav,20250428
1458,1461,Spizella pusilla,Field Sparrow,0.0838,D:/AcousticMonitoringData/ELDON4_Data/Week16\ELDON4_20250428_190200.wav,20250428
1458,1461,Sturnella magna,Eastern Meadowlark,0.0137,D:/AcousticMonitoringData/ELDON4_Data/Week16\ELDON4_20250428_190200.wav,20250428
1458,1461,Bartramia longicauda,Upland Sandpiper,0.0128,D:/AcousticMonitoringData/ELDON4_Data/Week16\ELDON4_20250428_190200.wav,20250428
1461,1464,Geothlypis trichas,Common Yellowthroat,0.0151,D:/AcousticMonitoringData/ELDON4_Data/Week16\ELDON4_20250428_190200.wav,20250428
1461,1464,Spizella pusilla,Field Sparrow,0.01,D:/AcousticMonitoringData/ELDON4_Data/Week16\ELDON4_20250428_190200.wav,20250428
1470,1473,Spizella pusilla,Field Sparrow,0.0259,D:/AcousticMonitoringData/ELDON4_Data/Week16\ELDON4_20250428_190200.wav,20250428
1470,1473,Passerina caerulea,Blue Grosbeak,0.0183,D:/AcousticMonitoringData/ELDON4_Data/Week16\ELDON4_20250428_190200.wav,20250428
1470,1473,Sturnella magna,Eastern Meadowlark,0.0161,D:/AcousticMonitoringData/ELDON4_Data/Week16\ELDON4_20250428_190200.wav,20250428
1473,1476,Sturnella magna,Eastern Meadowlark,0.0314,D:/AcousticMonitoringData/ELDON4_Data/Week16\ELDON4_20250428_190200.wav,20250428
1473,1476,Passerina caerulea,Blue Grosbeak,0.0164,D:/AcousticMonitoringData/ELDON4_Data/Week16\ELDON4_20250428_190200.wav,20250428
1473,1476,Spizella pusilla,Field Sparrow,0.0156,D:/AcousticMonitoringData/ELDON4_Data/Week16\ELDON4_20250428_190200.wav,20250428
1473,1476,Geothlypis trichas,Common Yellowthroat,0.0129,D:/AcousticMonitoringData/ELDON4_Data/Week16\ELDON4_20250428_190200.wav,20250428
1476,1479,Sturnella magna,Eastern Meadowlark,0.0139,D:/AcousticMonitoringData/ELDON4_Data/Week16\ELDON4_20250428_190200.wav,20250428
1482,1485,Spizella pusilla,Field Sparrow,0.032,D:/AcousticMonitoringData/ELDON4_Data/Week16\ELDON4_20250428_190200.wav,20250428
1482,1485,Sturnella magna,Eastern Meadowlark,0.0225,D:/AcousticMonitoringData/ELDON4_Data/Week16\ELDON4_20250428_190200.wav,20250428
1482,1485,Passerina caerulea,Blue Grosbeak,0.0156,D:/AcousticMonitoringData/ELDON4_Data/Week16\ELDON4_20250428_190200.wav,20250428
1497,1500,Sturnella magna,Eastern Meadowlark,0.0228,D:/AcousticMonitoringData/ELDON4_Data/Week16\ELDON4_20250428_190200.wav,20250428
1497,1500,Spizella pusilla,Field Sparrow,0.0221,D:/AcousticMonitoringData/ELDON4_Data/Week16\ELDON4_20250428_190200.wav,20250428
1497,1500,Passerina caerulea,Blue Grosbeak,0.0109,D:/AcousticMonitoringData/ELDON4_Data/Week16\ELDON4_20250428_190200.wav,20250428
1500,1503,Spizella pusilla,Field Sparrow,0.0279,D:/AcousticMonitoringData/ELDON4_Data/Week16\ELDON4_20250428_190200.wav,20250428
1500,1503,Sturnella magna,Eastern Meadowlark,0.0155,D:/AcousticMonitoringData/ELDON4_Data/Week16\ELDON4_20250428_190200.wav,20250428
1503,1506,Sturnella magna,Eastern Meadowlark,0.0171,D:/AcousticMonitoringData/ELDON4_Data/Week16\ELDON4_20250428_190200.wav,20250428
1503,1506,Geothlypis trichas,Common Yellowthroat,0.0152,D:/AcousticMonitoringData/ELDON4_Data/Week16\ELDON4_20250428_190200.wav,20250428
1506,1509,Spizella pusilla,Field Sparrow,0.018,D:/AcousticMonitoringData/ELDON4_Data/Week16\ELDON4_20250428_190200.wav,20250428
1506,1509,Sturnella magna,Eastern Meadowlark,0.0156,D:/AcousticMonitoringData/ELDON4_Data/Week16\ELDON4_20250428_190200.wav,20250428
1506,1509,Passerina caerulea,Blue Grosbeak,0.0104,D:/AcousticMonitoringData/ELDON4_Data/Week16\ELDON4_20250428_190200.wav,20250428
1512,1515,Melospiza melodia,Song Sparrow,0.0128,D:/AcousticMonitoringData/ELDON4_Data/Week16\ELDON4_20250428_190200.wav,20250428
1518,1521,Sturnella magna,Eastern Meadowlark,0.0211,D:/AcousticMonitoringData/ELDON4_Data/Week16\ELDON4_20250428_190200.wav,20250428
1518,1521,Spizella pusilla,Field Sparrow,0.0157,D:/AcousticMonitoringData/ELDON4_Data/Week16\ELDON4_20250428_190200.wav,20250428
1518,1521,Passerina caerulea,Blue Grosbeak,0.0137,D:/AcousticMonitoringData/ELDON4_Data/Week16\ELDON4_20250428_190200.wav,20250428
1521,1524,Sturnella magna,Eastern Meadowlark,0.0303,D:/AcousticMonitoringData/ELDON4_Data/Week16\ELDON4_20250428_190200.wav,20250428
1521,1524,Passerina caerulea,Blue Grosbeak,0.0119,D:/AcousticMonitoringData/ELDON4_Data/Week16\ELDON4_20250428_190200.wav,20250428
1524,1527,Sturnella magna,Eastern Meadowlark,0.0225,D:/AcousticMonitoringData/ELDON4_Data/Week16\ELDON4_20250428_190200.wav,20250428
1524,1527,Spizella pusilla,Field Sparrow,0.0224,D:/AcousticMonitoringData/ELDON4_Data/Week16\ELDON4_20250428_190200.wav,20250428
1530,1533,Spizella pusilla,Field Sparrow,0.0299,D:/AcousticMonitoringData/ELDON4_Data/Week16\ELDON4_20250428_190200.wav,20250428
1530,1533,Sturnella magna,Eastern Meadowlark,0.0107,D:/AcousticMonitoringData/ELDON4_Data/Week16\ELDON4_20250428_190200.wav,20250428
1536,1539,Sturnella magna,Eastern Meadowlark,0.0224,D:/AcousticMonitoringData/ELDON4_Data/Week16\ELDON4_20250428_190200.wav,20250428
1536,1539,Bartramia longicauda,Upland Sandpiper,0.0189,D:/AcousticMonitoringData/ELDON4_Data/Week16\ELDON4_20250428_190200.wav,20250428
1536,1539,Spizella pusilla,Field Sparrow,0.0162,D:/AcousticMonitoringData/ELDON4_Data/Week16\ELDON4_20250428_190200.wav,20250428
1539,1542,Spizella pusilla,Field Sparrow,0.0119,D:/AcousticMonitoringData/ELDON4_Data/Week16\ELDON4_20250428_190200.wav,20250428
1542,1545,Spizella pusilla,Field Sparrow,0.0152,D:/AcousticMonitoringData/ELDON4_Data/Week16\ELDON4_20250428_190200.wav,20250428
1542,1545,Sturnella magna,Eastern Meadowlark,0.0128,D:/AcousticMonitoringData/ELDON4_Data/Week16\ELDON4_20250428_190200.wav,20250428
1548,1551,Spizella pusilla,Field Sparrow,0.015,D:/AcousticMonitoringData/ELDON4_Data/Week16\ELDON4_20250428_190200.wav,20250428
1551,1554,Sturnella magna,Eastern Meadowlark,0.0193,D:/AcousticMonitoringData/ELDON4_Data/Week16\ELDON4_20250428_190200.wav,20250428
1551,1554,Eremophila alpestris,Horned Lark,0.0118,D:/AcousticMonitoringData/ELDON4_Data/Week16\ELDON4_20250428_190200.wav,20250428
1554,1557,Spizella pusilla,Field Sparrow,0.017,D:/AcousticMonitoringData/ELDON4_Data/Week16\ELDON4_20250428_190200.wav,20250428
1554,1557,Passerina caerulea,Blue Grosbeak,0.015,D:/AcousticMonitoringData/ELDON4_Data/Week16\ELDON4_20250428_190200.wav,20250428
1560,1563,Spizella pusilla,Field Sparrow,0.0128,D:/AcousticMonitoringData/ELDON4_Data/Week16\ELDON4_20250428_190200.wav,20250428
1560,1563,Geothlypis trichas,Common Yellowthroat,0.012,D:/AcousticMonitoringData/ELDON4_Data/Week16\ELDON4_20250428_190200.wav,20250428
1560,1563,Sturnella magna,Eastern Meadowlark,0.0112,D:/AcousticMonitoringData/ELDON4_Data/Week16\ELDON4_20250428_190200.wav,20250428
1563,1566,Spizella pusilla,Field Sparrow,0.0181,D:/AcousticMonitoringData/ELDON4_Data/Week16\ELDON4_20250428_190200.wav,20250428
1566,1569,Spizella pusilla,Field Sparrow,0.0192,D:/AcousticMonitoringData/ELDON4_Data/Week16\ELDON4_20250428_190200.wav,20250428
1566,1569,Sturnella magna,Eastern Meadowlark,0.016,D:/AcousticMonitoringData/ELDON4_Data/Week16\ELDON4_20250428_190200.wav,20250428
1569,1572,Spizella pusilla,Field Sparrow,0.0182,D:/AcousticMonitoringData/ELDON4_Data/Week16\ELDON4_20250428_190200.wav,20250428
1572,1575,Sturnella magna,Eastern Meadowlark,0.017,D:/AcousticMonitoringData/ELDON4_Data/Week16\ELDON4_20250428_190200.wav,20250428
1575,1578,Spizella pusilla,Field Sparrow,0.023,D:/AcousticMonitoringData/ELDON4_Data/Week16\ELDON4_20250428_190200.wav,20250428
1575,1578,Passerina caerulea,Blue Grosbeak,0.0189,D:/AcousticMonitoringData/ELDON4_Data/Week16\ELDON4_20250428_190200.wav,20250428
1578,1581,Spizella pusilla,Field Sparrow,0.0299,D:/AcousticMonitoringData/ELDON4_Data/Week16\ELDON4_20250428_190200.wav,20250428
1578,1581,Passerina caerulea,Blue Grosbeak,0.0172,D:/AcousticMonitoringData/ELDON4_Data/Week16\ELDON4_20250428_190200.wav,20250428
1578,1581,Sturnella magna,Eastern Meadowlark,0.011,D:/AcousticMonitoringData/ELDON4_Data/Week16\ELDON4_20250428_190200.wav,20250428
1581,1584,Spizella pusilla,Field Sparrow,0.0175,D:/AcousticMonitoringData/ELDON4_Data/Week16\ELDON4_20250428_190200.wav,20250428
1581,1584,Sturnella magna,Eastern Meadowlark,0.0125,D:/AcousticMonitoringData/ELDON4_Data/Week16\ELDON4_20250428_190200.wav,20250428
1581,1584,Passerina caerulea,Blue Grosbeak,0.0103,D:/AcousticMonitoringData/ELDON4_Data/Week16\ELDON4_20250428_190200.wav,20250428
1584,1587,Spizella pusilla,Field Sparrow,0.0501,D:/AcousticMonitoringData/ELDON4_Data/Week16\ELDON4_20250428_190200.wav,20250428
1584,1587,Passerina caerulea,Blue Grosbeak,0.0185,D:/AcousticMonitoringData/ELDON4_Data/Week16\ELDON4_20250428_190200.wav,20250428
1584,1587,Sturnella magna,Eastern Meadowlark,0.0169,D:/AcousticMonitoringData/ELDON4_Data/Week16\ELDON4_20250428_190200.wav,20250428
1590,1593,Spizella pusilla,Field Sparrow,0.0609,D:/AcousticMonitoringData/ELDON4_Data/Week16\ELDON4_20250428_190200.wav,20250428
1590,1593,Geothlypis trichas,Common Yellowthroat,0.0325,D:/AcousticMonitoringData/ELDON4_Data/Week16\ELDON4_20250428_190200.wav,20250428
1590,1593,Sturnella magna,Eastern Meadowlark,0.0166,D:/AcousticMonitoringData/ELDON4_Data/Week16\ELDON4_20250428_190200.wav,20250428
1590,1593,Passerina caerulea,Blue Grosbeak,0.0137,D:/AcousticMonitoringData/ELDON4_Data/Week16\ELDON4_20250428_190200.wav,20250428
1593,1596,Spizella pusilla,Field Sparrow,0.0436,D:/AcousticMonitoringData/ELDON4_Data/Week16\ELDON4_20250428_190200.wav,20250428
1593,1596,Sturnella magna,Eastern Meadowlark,0.0147,D:/AcousticMonitoringData/ELDON4_Data/Week16\ELDON4_20250428_190200.wav,20250428
1593,1596,Passerina caerulea,Blue Grosbeak,0.0134,D:/AcousticMonitoringData/ELDON4_Data/Week16\ELDON4_20250428_190200.wav,20250428
1596,1599,Spizella pusilla,Field Sparrow,0.0352,D:/AcousticMonitoringData/ELDON4_Data/Week16\ELDON4_20250428_190200.wav,20250428
1596,1599,Sturnella magna,Eastern Meadowlark,0.0219,D:/AcousticMonitoringData/ELDON4_Data/Week16\ELDON4_20250428_190200.wav,20250428
1596,1599,Passerina caerulea,Blue Grosbeak,0.0205,D:/AcousticMonitoringData/ELDON4_Data/Week16\ELDON4_20250428_190200.wav,20250428
1599,1602,Sturnella magna,Eastern Meadowlark,0.0215,D:/AcousticMonitoringData/ELDON4_Data/Week16\ELDON4_20250428_190200.wav,20250428
1599,1602,Spizella pusilla,Field Sparrow,0.0205,D:/AcousticMonitoringData/ELDON4_Data/Week16\ELDON4_20250428_190200.wav,20250428
1602,1605,Spizella pusilla,Field Sparrow,0.0374,D:/AcousticMonitoringData/ELDON4_Data/Week16\ELDON4_20250428_190200.wav,20250428
1602,1605,Sturnella magna,Eastern Meadowlark,0.0217,D:/AcousticMonitoringData/ELDON4_Data/Week16\ELDON4_20250428_190200.wav,20250428
1602,1605,Passerina caerulea,Blue Grosbeak,0.0185,D:/AcousticMonitoringData/ELDON4_Data/Week16\ELDON4_20250428_190200.wav,20250428
1605,1608,Geothlypis trichas,Common Yellowthroat,0.0319,D:/AcousticMonitoringData/ELDON4_Data/Week16\ELDON4_20250428_190200.wav,20250428
1608,1611,Spizella pusilla,Field Sparrow,0.0267,D:/AcousticMonitoringData/ELDON4_Data/Week16\ELDON4_20250428_190200.wav,20250428
1608,1611,Sturnella magna,Eastern Meadowlark,0.0125,D:/AcousticMonitoringData/ELDON4_Data/Week16\ELDON4_20250428_190200.wav,20250428
1611,1614,Sturnella magna,Eastern Meadowlark,0.0459,D:/AcousticMonitoringData/ELDON4_Data/Week16\ELDON4_20250428_190200.wav,20250428
1611,1614,Spizella pusilla,Field Sparrow,0.0136,D:/AcousticMonitoringData/ELDON4_Data/Week16\ELDON4_20250428_190200.wav,20250428
1611,1614,Bartramia longicauda,Upland Sandpiper,0.0106,D:/AcousticMonitoringData/ELDON4_Data/Week16\ELDON4_20250428_190200.wav,20250428
1614,1617,Spizella pusilla,Field Sparrow,0.0306,D:/AcousticMonitoringData/ELDON4_Data/Week16\ELDON4_20250428_190200.wav,20250428
1614,1617,Passerina caerulea,Blue Grosbeak,0.0104,D:/AcousticMonitoringData/ELDON4_Data/Week16\ELDON4_20250428_190200.wav,20250428
1617,1620,Spizella pusilla,Field Sparrow,0.0289,D:/AcousticMonitoringData/ELDON4_Data/Week16\ELDON4_20250428_190200.wav,20250428
1617,1620,Passerina caerulea,Blue Grosbeak,0.0102,D:/AcousticMonitoringData/ELDON4_Data/Week16\ELDON4_20250428_190200.wav,20250428
1620,1623,Geothlypis trichas,Common Yellowthroat,0.0452,D:/AcousticMonitoringData/ELDON4_Data/Week16\ELDON4_20250428_190200.wav,20250428
1620,1623,Spizella pusilla,Field Sparrow,0.0305,D:/AcousticMonitoringData/ELDON4_Data/Week16\ELDON4_20250428_190200.wav,20250428
1620,1623,Sturnella magna,Eastern Meadowlark,0.0125,D:/AcousticMonitoringData/ELDON4_Data/Week16\ELDON4_20250428_190200.wav,20250428
1620,1623,Passerina caerulea,Blue Grosbeak,0.0101,D:/AcousticMonitoringData/ELDON4_Data/Week16\ELDON4_20250428_190200.wav,20250428
1626,1629,Spizella pusilla,Field Sparrow,0.0106,D:/AcousticMonitoringData/ELDON4_Data/Week16\ELDON4_20250428_190200.wav,20250428
1629,1632,Geothlypis trichas,Common Yellowthroat,0.0178,D:/AcousticMonitoringData/ELDON4_Data/Week16\ELDON4_20250428_190200.wav,20250428
1632,1635,Geothlypis trichas,Common Yellowthroat,0.0231,D:/AcousticMonitoringData/ELDON4_Data/Week16\ELDON4_20250428_190200.wav,20250428
1635,1638,Geothlypis trichas,Common Yellowthroat,0.0314,D:/AcousticMonitoringData/ELDON4_Data/Week16\ELDON4_20250428_190200.wav,20250428
1638,1641,Geothlypis trichas,Common Yellowthroat,0.045,D:/AcousticMonitoringData/ELDON4_Data/Week16\ELDON4_20250428_190200.wav,20250428
1641,1644,Geothlypis trichas,Common Yellowthroat,0.0178,D:/AcousticMonitoringData/ELDON4_Data/Week16\ELDON4_20250428_190200.wav,20250428
1644,1647,Geothlypis trichas,Common Yellowthroat,0.0183,D:/AcousticMonitoringData/ELDON4_Data/Week16\ELDON4_20250428_190200.wav,20250428
1659,1662,Geothlypis trichas,Common Yellowthroat,0.0184,D:/AcousticMonitoringData/ELDON4_Data/Week16\ELDON4_20250428_190200.wav,20250428
1662,1665,Geothlypis trichas,Common Yellowthroat,0.0304,D:/AcousticMonitoringData/ELDON4_Data/Week16\ELDON4_20250428_190200.wav,20250428
1665,1668,Geothlypis trichas,Common Yellowthroat,0.0398,D:/AcousticMonitoringData/ELDON4_Data/Week16\ELDON4_20250428_190200.wav,20250428
1665,1668,Melospiza melodia,Song Sparrow,0.0147,D:/AcousticMonitoringData/ELDON4_Data/Week16\ELDON4_20250428_190200.wav,20250428
1668,1671,Geothlypis trichas,Common Yellowthroat,0.1082,D:/AcousticMonitoringData/ELDON4_Data/Week16\ELDON4_20250428_190200.wav,20250428
1668,1671,Sturnella magna,Eastern Meadowlark,0.0158,D:/AcousticMonitoringData/ELDON4_Data/Week16\ELDON4_20250428_190200.wav,20250428
1671,1674,Geothlypis trichas,Common Yellowthroat,0.0243,D:/AcousticMonitoringData/ELDON4_Data/Week16\ELDON4_20250428_190200.wav,20250428
1674,1677,Geothlypis trichas,Common Yellowthroat,0.0559,D:/AcousticMonitoringData/ELDON4_Data/Week16\ELDON4_20250428_190200.wav,20250428
1677,1680,Geothlypis trichas,Common Yellowthroat,0.0621,D:/AcousticMonitoringData/ELDON4_Data/Week16\ELDON4_20250428_190200.wav,20250428
1677,1680,Melospiza melodia,Song Sparrow,0.0113,D:/AcousticMonitoringData/ELDON4_Data/Week16\ELDON4_20250428_190200.wav,20250428
1680,1683,Geothlypis trichas,Common Yellowthroat,0.3526,D:/AcousticMonitoringData/ELDON4_Data/Week16\ELDON4_20250428_190200.wav,20250428
1680,1683,Melospiza melodia,Song Sparrow,0.0287,D:/AcousticMonitoringData/ELDON4_Data/Week16\ELDON4_20250428_190200.wav,20250428
1680,1683,Spizella pusilla,Field Sparrow,0.0119,D:/AcousticMonitoringData/ELDON4_Data/Week16\ELDON4_20250428_190200.wav,20250428
1683,1686,Geothlypis trichas,Common Yellowthroat,0.0421,D:/AcousticMonitoringData/ELDON4_Data/Week16\ELDON4_20250428_190200.wav,20250428
1686,1689,Geothlypis trichas,Common Yellowthroat,0.0317,D:/AcousticMonitoringData/ELDON4_Data/Week16\ELDON4_20250428_190200.wav,20250428
1686,1689,Melospiza melodia,Song Sparrow,0.0155,D:/AcousticMonitoringData/ELDON4_Data/Week16\ELDON4_20250428_190200.wav,20250428
1689,1692,Geothlypis trichas,Common Yellowthroat,0.0943,D:/AcousticMonitoringData/ELDON4_Data/Week16\ELDON4_20250428_190200.wav,20250428
1689,1692,Melospiza melodia,Song Sparrow,0.0101,D:/AcousticMonitoringData/ELDON4_Data/Week16\ELDON4_20250428_190200.wav,20250428
1692,1695,Geothlypis trichas,Common Yellowthroat,0.1129,D:/AcousticMonitoringData/ELDON4_Data/Week16\ELDON4_20250428_190200.wav,20250428
1695,1698,Geothlypis trichas,Common Yellowthroat,0.0421,D:/AcousticMonitoringData/ELDON4_Data/Week16\ELDON4_20250428_190200.wav,20250428
1698,1701,Geothlypis trichas,Common Yellowthroat,0.0294,D:/AcousticMonitoringData/ELDON4_Data/Week16\ELDON4_20250428_190200.wav,20250428
1701,1704,Geothlypis trichas,Common Yellowthroat,0.0945,D:/AcousticMonitoringData/ELDON4_Data/Week16\ELDON4_20250428_190200.wav,20250428
1701,1704,Melospiza melodia,Song Sparrow,0.0124,D:/AcousticMonitoringData/ELDON4_Data/Week16\ELDON4_20250428_190200.wav,20250428
1704,1707,Geothlypis trichas,Common Yellowthroat,0.016,D:/AcousticMonitoringData/ELDON4_Data/Week16\ELDON4_20250428_190200.wav,20250428
1707,1710,Geothlypis trichas,Common Yellowthroat,0.014,D:/AcousticMonitoringData/ELDON4_Data/Week16\ELDON4_20250428_190200.wav,20250428
1710,1713,Geothlypis trichas,Common Yellowthroat,0.0153,D:/AcousticMonitoringData/ELDON4_Data/Week16\ELDON4_20250428_190200.wav,20250428
1716,1719,Geothlypis trichas,Common Yellowthroat,0.0297,D:/AcousticMonitoringData/ELDON4_Data/Week16\ELDON4_20250428_190200.wav,20250428
1716,1719,Melospiza melodia,Song Sparrow,0.0175,D:/AcousticMonitoringData/ELDON4_Data/Week16\ELDON4_20250428_190200.wav,20250428
1722,1725,Geothlypis trichas,Common Yellowthroat,0.022,D:/AcousticMonitoringData/ELDON4_Data/Week16\ELDON4_20250428_190200.wav,20250428
1722,1725,Melospiza melodia,Song Sparrow,0.0137,D:/AcousticMonitoringData/ELDON4_Data/Week16\ELDON4_20250428_190200.wav,20250428
1722,1725,Sturnella magna,Eastern Meadowlark,0.0133,D:/AcousticMonitoringData/ELDON4_Data/Week16\ELDON4_20250428_190200.wav,20250428
1725,1728,Geothlypis trichas,Common Yellowthroat,0.0522,D:/AcousticMonitoringData/ELDON4_Data/Week16\ELDON4_20250428_190200.wav,20250428
1725,1728,Melospiza melodia,Song Sparrow,0.0169,D:/AcousticMonitoringData/ELDON4_Data/Week16\ELDON4_20250428_190200.wav,20250428
1731,1734,Geothlypis trichas,Common Yellowthroat,0.0325,D:/AcousticMonitoringData/ELDON4_Data/Week16\ELDON4_20250428_190200.wav,20250428
1734,1737,Sturnella magna,Eastern Meadowlark,0.0573,D:/AcousticMonitoringData/ELDON4_Data/Week16\ELDON4_20250428_190200.wav,20250428
1734,1737,Bartramia longicauda,Upland Sandpiper,0.0334,D:/AcousticMonitoringData/ELDON4_Data/Week16\ELDON4_20250428_190200.wav,20250428
1737,1740,Geothlypis trichas,Common Yellowthroat,0.0691,D:/AcousticMonitoringData/ELDON4_Data/Week16\ELDON4_20250428_190200.wav,20250428
1740,1743,Geothlypis trichas,Common Yellowthroat,0.0495,D:/AcousticMonitoringData/ELDON4_Data/Week16\ELDON4_20250428_190200.wav,20250428
1743,1746,Sturnella magna,Eastern Meadowlark,0.4834,D:/AcousticMonitoringData/ELDON4_Data/Week16\ELDON4_20250428_190200.wav,20250428
1743,1746,Geothlypis trichas,Common Yellowthroat,0.0396,D:/AcousticMonitoringData/ELDON4_Data/Week16\ELDON4_20250428_190200.wav,20250428
1743,1746,Spizella pusilla,Field Sparrow,0.0195,D:/AcousticMonitoringData/ELDON4_Data/Week16\ELDON4_20250428_190200.wav,20250428
1743,1746,Bartramia longicauda,Upland Sandpiper,0.0137,D:/AcousticMonitoringData/ELDON4_Data/Week16\ELDON4_20250428_190200.wav,20250428
1743,1746,Passerina caerulea,Blue Grosbeak,0.0124,D:/AcousticMonitoringData/ELDON4_Data/Week16\ELDON4_20250428_190200.wav,20250428
1749,1752,Geothlypis trichas,Common Yellowthroat,0.0391,D:/AcousticMonitoringData/ELDON4_Data/Week16\ELDON4_20250428_190200.wav,20250428
1749,1752,Melospiza melodia,Song Sparrow,0.0145,D:/AcousticMonitoringData/ELDON4_Data/Week16\ELDON4_20250428_190200.wav,20250428
1755,1758,Sturnella magna,Eastern Meadowlark,0.0604,D:/AcousticMonitoringData/ELDON4_Data/Week16\ELDON4_20250428_190200.wav,20250428
1758,1761,Sturnella magna,Eastern Meadowlark,0.04,D:/AcousticMonitoringData/ELDON4_Data/Week16\ELDON4_20250428_190200.wav,20250428
1758,1761,Bartramia longicauda,Upland Sandpiper,0.0114,D:/AcousticMonitoringData/ELDON4_Data/Week16\ELDON4_20250428_190200.wav,20250428
1758,1761,Geothlypis trichas,Common Yellowthroat,0.0106,D:/AcousticMonitoringData/ELDON4_Data/Week16\ELDON4_20250428_190200.wav,20250428
1761,1764,Sturnella magna,Eastern Meadowlark,0.0647,D:/AcousticMonitoringData/ELDON4_Data/Week16\ELDON4_20250428_190200.wav,20250428
1761,1764,Spizella pusilla,Field Sparrow,0.0136,D:/AcousticMonitoringData/ELDON4_Data/Week16\ELDON4_20250428_190200.wav,20250428
1767,1770,Sturnella magna,Eastern Meadowlark,0.0365,D:/AcousticMonitoringData/ELDON4_Data/Week16\ELDON4_20250428_190200.wav,20250428
1767,1770,Spizella pusilla,Field Sparrow,0.0204,D:/AcousticMonitoringData/ELDON4_Data/Week16\ELDON4_20250428_190200.wav,20250428
1767,1770,Geothlypis trichas,Common Yellowthroat,0.0166,D:/AcousticMonitoringData/ELDON4_Data/Week16\ELDON4_20250428_190200.wav,20250428
1767,1770,Passerina caerulea,Blue Grosbeak,0.012,D:/AcousticMonitoringData/ELDON4_Data/Week16\ELDON4_20250428_190200.wav,20250428
1776,1779,Sturnella magna,Eastern Meadowlark,0.0157,D:/AcousticMonitoringData/ELDON4_Data/Week16\ELDON4_20250428_190200.wav,20250428
1779,1782,Geothlypis trichas,Common Yellowthroat,0.0637,D:/AcousticMonitoringData/ELDON4_Data/Week16\ELDON4_20250428_190200.wav,20250428
1779,1782,Sturnella magna,Eastern Meadowlark,0.0152,D:/AcousticMonitoringData/ELDON4_Data/Week16\ELDON4_20250428_190200.wav,20250428
1779,1782,Spizella pusilla,Field Sparrow,0.0117,D:/AcousticMonitoringData/ELDON4_Data/Week16\ELDON4_20250428_190200.wav,20250428
1782,1785,Spizella pusilla,Field Sparrow,0.0295,D:/AcousticMonitoringData/ELDON4_Data/Week16\ELDON4_20250428_190200.wav,20250428
1782,1785,Eremophila alpestris,Horned Lark,0.0117,D:/AcousticMonitoringData/ELDON4_Data/Week16\ELDON4_20250428_190200.wav,20250428
1788,1791,Sturnella magna,Eastern Meadowlark,0.0175,D:/AcousticMonitoringData/ELDON4_Data/Week16\ELDON4_20250428_190200.wav,20250428
1794,1797,Sturnella magna,Eastern Meadowlark,0.022,D:/AcousticMonitoringData/ELDON4_Data/Week16\ELDON4_20250428_190200.wav,20250428
1794,1797,Eremophila alpestris,Horned Lark,0.013,D:/AcousticMonitoringData/ELDON4_Data/Week16\ELDON4_20250428_190200.wav,20250428
1794,1797,Spizella pusilla,Field Sparrow,0.0105,D:/AcousticMonitoringData/ELDON4_Data/Week16\ELDON4_20250428_190200.wav,20250428
1794,1797,Passerina caerulea,Blue Grosbeak,0.0101,D:/AcousticMonitoringData/ELDON4_Data/Week16\ELDON4_20250428_190200.wav,20250428
1797,1800,Sturnella magna,Eastern Meadowlark,0.0166,D:/AcousticMonitoringData/ELDON4_Data/Week16\ELDON4_20250428_190200.wav,20250428
1797,1800,Spizella pusilla,Field Sparrow,0.0126,D:/AcousticMonitoringData/ELDON4_Data/Week16\ELDON4_20250428_190200.wav,20250428
1803,1806,Sturnella magna,Eastern Meadowlark,0.0101,D:/AcousticMonitoringData/ELDON4_Data/Week16\ELDON4_20250428_190200.wav,20250428
1806,1809,Sturnella magna,Eastern Meadowlark,0.0312,D:/AcousticMonitoringData/ELDON4_Data/Week16\ELDON4_20250428_190200.wav,20250428
1806,1809,Spizella pusilla,Field Sparrow,0.0136,D:/AcousticMonitoringData/ELDON4_Data/Week16\ELDON4_20250428_190200.wav,20250428
1809,1812,Sturnella magna,Eastern Meadowlark,0.026,D:/AcousticMonitoringData/ELDON4_Data/Week16\ELDON4_20250428_190200.wav,20250428
1812,1815,Sturnella magna,Eastern Meadowlark,0.0145,D:/AcousticMonitoringData/ELDON4_Data/Week16\ELDON4_20250428_190200.wav,20250428
1815,1818,Sturnella magna,Eastern Meadowlark,0.0264,D:/AcousticMonitoringData/ELDON4_Data/Week16\ELDON4_20250428_190200.wav,20250428
1815,1818,Bartramia longicauda,Upland Sandpiper,0.0106,D:/AcousticMonitoringData/ELDON4_Data/Week16\ELDON4_20250428_190200.wav,20250428
1821,1824,Sturnella magna,Eastern Meadowlark,0.0435,D:/AcousticMonitoringData/ELDON4_Data/Week16\ELDON4_20250428_190200.wav,20250428
1821,1824,Spizella pusilla,Field Sparrow,0.0198,D:/AcousticMonitoringData/ELDON4_Data/Week16\ELDON4_20250428_190200.wav,20250428
1821,1824,Passerina caerulea,Blue Grosbeak,0.0105,D:/AcousticMonitoringData/ELDON4_Data/Week16\ELDON4_20250428_190200.wav,20250428
1830,1833,Geothlypis trichas,Common Yellowthroat,0.0121,D:/AcousticMonitoringData/ELDON4_Data/Week16\ELDON4_20250428_190200.wav,20250428
1830,1833,Sturnella magna,Eastern Meadowlark,0.0108,D:/AcousticMonitoringData/ELDON4_Data/Week16\ELDON4_20250428_190200.wav,20250428
1833,1836,Sturnella magna,Eastern Meadowlark,0.0349,D:/AcousticMonitoringData/ELDON4_Data/Week16\ELDON4_20250428_190200.wav,20250428
1833,1836,Spizella pusilla,Field Sparrow,0.0222,D:/AcousticMonitoringData/ELDON4_Data/Week16\ELDON4_20250428_190200.wav,20250428
1833,1836,Geothlypis trichas,Common Yellowthroat,0.0146,D:/AcousticMonitoringData/ELDON4_Data/Week16\ELDON4_20250428_190200.wav,20250428
1833,1836,Passerina caerulea,Blue Grosbeak,0.011,D:/AcousticMonitoringData/ELDON4_Data/Week16\ELDON4_20250428_190200.wav,20250428
1836,1839,Sturnella magna,Eastern Meadowlark,0.0355,D:/AcousticMonitoringData/ELDON4_Data/Week16\ELDON4_20250428_190200.wav,20250428
1836,1839,Passerina caerulea,Blue Grosbeak,0.022,D:/AcousticMonitoringData/ELDON4_Data/Week16\ELDON4_20250428_190200.wav,20250428
1836,1839,Spizella pusilla,Field Sparrow,0.0219,D:/AcousticMonitoringData/ELDON4_Data/Week16\ELDON4_20250428_190200.wav,20250428
1839,1842,Sturnella magna,Eastern Meadowlark,0.0216,D:/AcousticMonitoringData/ELDON4_Data/Week16\ELDON4_20250428_190200.wav,20250428
1848,1851,Passerina caerulea,Blue Grosbeak,0.0399,D:/AcousticMonitoringData/ELDON4_Data/Week16\ELDON4_20250428_190200.wav,20250428
1848,1851,Sturnella magna,Eastern Meadowlark,0.0171,D:/AcousticMonitoringData/ELDON4_Data/Week16\ELDON4_20250428_190200.wav,20250428
1848,1851,Spizella pusilla,Field Sparrow,0.0117,D:/AcousticMonitoringData/ELDON4_Data/Week16\ELDON4_20250428_190200.wav,20250428
1860,1863,Sturnella magna,Eastern Meadowlark,0.0107,D:/AcousticMonitoringData/ELDON4_Data/Week16\ELDON4_20250428_190200.wav,20250428
1863,1866,Sturnella magna,Eastern Meadowlark,0.0531,D:/AcousticMonitoringData/ELDON4_Data/Week16\ELDON4_20250428_190200.wav,20250428
1863,1866,Passerina caerulea,Blue Grosbeak,0.0112,D:/AcousticMonitoringData/ELDON4_Data/Week16\ELDON4_20250428_190200.wav,20250428
1863,1866,Spizella pusilla,Field Sparrow,0.011,D:/AcousticMonitoringData/ELDON4_Data/Week16\ELDON4_20250428_190200.wav,20250428
1866,1869,Passerina caerulea,Blue Grosbeak,0.0125,D:/AcousticMonitoringData/ELDON4_Data/Week16\ELDON4_20250428_190200.wav,20250428
1872,1875,Passerina caerulea,Blue Grosbeak,0.0195,D:/AcousticMonitoringData/ELDON4_Data/Week16\ELDON4_20250428_190200.wav,20250428
1872,1875,Spizella pusilla,Field Sparrow,0.0116,D:/AcousticMonitoringData/ELDON4_Data/Week16\ELDON4_20250428_190200.wav,20250428
1875,1878,Sturnella magna,Eastern Meadowlark,0.0153,D:/AcousticMonitoringData/ELDON4_Data/Week16\ELDON4_20250428_190200.wav,20250428
1875,1878,Spizella pusilla,Field Sparrow,0.0123,D:/AcousticMonitoringData/ELDON4_Data/Week16\ELDON4_20250428_190200.wav,20250428
1878,1881,Sturnella magna,Eastern Meadowlark,0.0405,D:/AcousticMonitoringData/ELDON4_Data/Week16\ELDON4_20250428_190200.wav,20250428
1878,1881,Eremophila alpestris,Horned Lark,0.0118,D:/AcousticMonitoringData/ELDON4_Data/Week16\ELDON4_20250428_190200.wav,20250428
1881,1884,Spizella pusilla,Field Sparrow,0.0181,D:/AcousticMonitoringData/ELDON4_Data/Week16\ELDON4_20250428_190200.wav,20250428
1881,1884,Sturnella magna,Eastern Meadowlark,0.0113,D:/AcousticMonitoringData/ELDON4_Data/Week16\ELDON4_20250428_190200.wav,20250428
1881,1884,Passerina caerulea,Blue Grosbeak,0.01,D:/AcousticMonitoringData/ELDON4_Data/Week16\ELDON4_20250428_190200.wav,20250428
1884,1887,Sturnella magna,Eastern Meadowlark,0.0227,D:/AcousticMonitoringData/ELDON4_Data/Week16\ELDON4_20250428_190200.wav,20250428
1884,1887,Spizella pusilla,Field Sparrow,0.0205,D:/AcousticMonitoringData/ELDON4_Data/Week16\ELDON4_20250428_190200.wav,20250428
1884,1887,Passerina caerulea,Blue Grosbeak,0.0129,D:/AcousticMonitoringData/ELDON4_Data/Week16\ELDON4_20250428_190200.wav,20250428
1887,1890,Geothlypis trichas,Common Yellowthroat,0.012,D:/AcousticMonitoringData/ELDON4_Data/Week16\ELDON4_20250428_190200.wav,20250428
1890,1893,Bartramia longicauda,Upland Sandpiper,0.0254,D:/AcousticMonitoringData/ELDON4_Data/Week16\ELDON4_20250428_190200.wav,20250428
1890,1893,Sturnella magna,Eastern Meadowlark,0.0207,D:/AcousticMonitoringData/ELDON4_Data/Week16\ELDON4_20250428_190200.wav,20250428
1893,1896,Sturnella magna,Eastern Meadowlark,0.0175,D:/AcousticMonitoringData/ELDON4_Data/Week16\ELDON4_20250428_190200.wav,20250428
1899,1902,Eremophila alpestris,Horned Lark,0.0109,D:/AcousticMonitoringData/ELDON4_Data/Week16\ELDON4_20250428_190200.wav,20250428
1908,1911,Geothlypis trichas,Common Yellowthroat,0.0531,D:/AcousticMonitoringData/ELDON4_Data/Week16\ELDON4_20250428_190200.wav,20250428
1908,1911,Sturnella magna,Eastern Meadowlark,0.0372,D:/AcousticMonitoringData/ELDON4_Data/Week16\ELDON4_20250428_190200.wav,20250428
1908,1911,Spizella pusilla,Field Sparrow,0.0203,D:/AcousticMonitoringData/ELDON4_Data/Week16\ELDON4_20250428_190200.wav,20250428
1908,1911,Passerina caerulea,Blue Grosbeak,0.0109,D:/AcousticMonitoringData/ELDON4_Data/Week16\ELDON4_20250428_190200.wav,20250428
1911,1914,Sturnella magna,Eastern Meadowlark,0.0375,D:/AcousticMonitoringData/ELDON4_Data/Week16\ELDON4_20250428_190200.wav,20250428
1911,1914,Spizella pusilla,Field Sparrow,0.0367,D:/AcousticMonitoringData/ELDON4_Data/Week16\ELDON4_20250428_190200.wav,20250428
1914,1917,Spizella pusilla,Field Sparrow,0.0413,D:/AcousticMonitoringData/ELDON4_Data/Week16\ELDON4_20250428_190200.wav,20250428
1914,1917,Sturnella magna,Eastern Meadowlark,0.0368,D:/AcousticMonitoringData/ELDON4_Data/Week16\ELDON4_20250428_190200.wav,20250428
1914,1917,Passerina caerulea,Blue Grosbeak,0.0114,D:/AcousticMonitoringData/ELDON4_Data/Week16\ELDON4_20250428_190200.wav,20250428
1926,1929,Passerina caerulea,Blue Grosbeak,0.0153,D:/AcousticMonitoringData/ELDON4_Data/Week16\ELDON4_20250428_190200.wav,20250428
1929,1932,Sturnella magna,Eastern Meadowlark,0.0144,D:/AcousticMonitoringData/ELDON4_Data/Week16\ELDON4_20250428_190200.wav,20250428
1929,1932,Passerina caerulea,Blue Grosbeak,0.0139,D:/AcousticMonitoringData/ELDON4_Data/Week16\ELDON4_20250428_190200.wav,20250428
1932,1935,Geothlypis trichas,Common Yellowthroat,0.049,D:/AcousticMonitoringData/ELDON4_Data/Week16\ELDON4_20250428_190200.wav,20250428
1932,1935,Spizella pusilla,Field Sparrow,0.0149,D:/AcousticMonitoringData/ELDON4_Data/Week16\ELDON4_20250428_190200.wav,20250428
1938,1941,Geothlypis trichas,Common Yellowthroat,0.0344,D:/AcousticMonitoringData/ELDON4_Data/Week16\ELDON4_20250428_190200.wav,20250428
1938,1941,Sturnella magna,Eastern Meadowlark,0.0177,D:/AcousticMonitoringData/ELDON4_Data/Week16\ELDON4_20250428_190200.wav,20250428
1941,1944,Passerina caerulea,Blue Grosbeak,0.019,D:/AcousticMonitoringData/ELDON4_Data/Week16\ELDON4_20250428_190200.wav,20250428
1941,1944,Sturnella magna,Eastern Meadowlark,0.0176,D:/AcousticMonitoringData/ELDON4_Data/Week16\ELDON4_20250428_190200.wav,20250428
1947,1950,Sturnella magna,Eastern Meadowlark,0.024,D:/AcousticMonitoringData/ELDON4_Data/Week16\ELDON4_20250428_190200.wav,20250428
1947,1950,Spizella pusilla,Field Sparrow,0.0114,D:/AcousticMonitoringData/ELDON4_Data/Week16\ELDON4_20250428_190200.wav,20250428
1950,1953,Sturnella magna,Eastern Meadowlark,0.0116,D:/AcousticMonitoringData/ELDON4_Data/Week16\ELDON4_20250428_190200.wav,20250428
1953,1956,Sturnella magna,Eastern Meadowlark,0.0185,D:/AcousticMonitoringData/ELDON4_Data/Week16\ELDON4_20250428_190200.wav,20250428
1953,1956,Spizella pusilla,Field Sparrow,0.0115,D:/AcousticMonitoringData/ELDON4_Data/Week16\ELDON4_20250428_190200.wav,20250428
1959,1962,Geothlypis trichas,Common Yellowthroat,0.0258,D:/AcousticMonitoringData/ELDON4_Data/Week16\ELDON4_20250428_190200.wav,20250428
1959,1962,Spizella pusilla,Field Sparrow,0.0245,D:/AcousticMonitoringData/ELDON4_Data/Week16\ELDON4_20250428_190200.wav,20250428
1962,1965,Spizella pusilla,Field Sparrow,0.01,D:/AcousticMonitoringData/ELDON4_Data/Week16\ELDON4_20250428_190200.wav,20250428
1971,1974,Passerina caerulea,Blue Grosbeak,0.0226,D:/AcousticMonitoringData/ELDON4_Data/Week16\ELDON4_20250428_190200.wav,20250428
1974,1977,Sturnella magna,Eastern Meadowlark,0.0135,D:/AcousticMonitoringData/ELDON4_Data/Week16\ELDON4_20250428_190200.wav,20250428
1983,1986,Sturnella magna,Eastern Meadowlark,0.0108,D:/AcousticMonitoringData/ELDON4_Data/Week16\ELDON4_20250428_190200.wav,20250428
1989,1992,Passerina caerulea,Blue Grosbeak,0.0115,D:/AcousticMonitoringData/ELDON4_Data/Week16\ELDON4_20250428_190200.wav,20250428
1992,1995,Sturnella magna,Eastern Meadowlark,0.0111,D:/AcousticMonitoringData/ELDON4_Data/Week16\ELDON4_20250428_190200.wav,20250428
2001,2004,Geothlypis trichas,Common Yellowthroat,0.0274,D:/AcousticMonitoringData/ELDON4_Data/Week16\ELDON4_20250428_190200.wav,20250428
2013,2016,Geothlypis trichas,Common Yellowthroat,0.0163,D:/AcousticMonitoringData/ELDON4_Data/Week16\ELDON4_20250428_190200.wav,20250428
2013,2016,Passerina caerulea,Blue Grosbeak,0.0132,D:/AcousticMonitoringData/ELDON4_Data/Week16\ELDON4_20250428_190200.wav,20250428
2013,2016,Spizella pusilla,Field Sparrow,0.0109,D:/AcousticMonitoringData/ELDON4_Data/Week16\ELDON4_20250428_190200.wav,20250428
2013,2016,Sturnella magna,Eastern Meadowlark,0.0108,D:/AcousticMonitoringData/ELDON4_Data/Week16\ELDON4_20250428_190200.wav,20250428
2019,2022,Passerina caerulea,Blue Grosbeak,0.0238,D:/AcousticMonitoringData/ELDON4_Data/Week16\ELDON4_20250428_190200.wav,20250428
2019,2022,Spizella pusilla,Field Sparrow,0.016,D:/AcousticMonitoringData/ELDON4_Data/Week16\ELDON4_20250428_190200.wav,20250428
2019,2022,Geothlypis trichas,Common Yellowthroat,0.0113,D:/AcousticMonitoringData/ELDON4_Data/Week16\ELDON4_20250428_190200.wav,20250428
2022,2025,Passerina caerulea,Blue Grosbeak,0.0206,D:/AcousticMonitoringData/ELDON4_Data/Week16\ELDON4_20250428_190200.wav,20250428
2025,2028,Spizella pusilla,Field Sparrow,0.0256,D:/AcousticMonitoringData/ELDON4_Data/Week16\ELDON4_20250428_190200.wav,20250428
2025,2028,Sturnella magna,Eastern Meadowlark,0.0126,D:/AcousticMonitoringData/ELDON4_Data/Week16\ELDON4_20250428_190200.wav,20250428
2031,2034,Geothlypis trichas,Common Yellowthroat,0.0182,D:/AcousticMonitoringData/ELDON4_Data/Week16\ELDON4_20250428_190200.wav,20250428
2034,2037,Spizella pusilla,Field Sparrow,0.0144,D:/AcousticMonitoringData/ELDON4_Data/Week16\ELDON4_20250428_190200.wav,20250428
2034,2037,Sturnella magna,Eastern Meadowlark,0.0122,D:/AcousticMonitoringData/ELDON4_Data/Week16\ELDON4_20250428_190200.wav,20250428
2037,2040,Geothlypis trichas,Common Yellowthroat,0.029,D:/AcousticMonitoringData/ELDON4_Data/Week16\ELDON4_20250428_190200.wav,20250428
2040,2043,Geothlypis trichas,Common Yellowthroat,0.0323,D:/AcousticMonitoringData/ELDON4_Data/Week16\ELDON4_20250428_190200.wav,20250428
2046,2049,Geothlypis trichas,Common Yellowthroat,0.0268,D:/AcousticMonitoringData/ELDON4_Data/Week16\ELDON4_20250428_190200.wav,20250428
2046,2049,Melospiza melodia,Song Sparrow,0.01,D:/AcousticMonitoringData/ELDON4_Data/Week16\ELDON4_20250428_190200.wav,20250428
2049,2052,Spizella pusilla,Field Sparrow,0.0298,D:/AcousticMonitoringData/ELDON4_Data/Week16\ELDON4_20250428_190200.wav,20250428
2049,2052,Geothlypis trichas,Common Yellowthroat,0.0155,D:/AcousticMonitoringData/ELDON4_Data/Week16\ELDON4_20250428_190200.wav,20250428
2058,2061,Geothlypis trichas,Common Yellowthroat,0.0106,D:/AcousticMonitoringData/ELDON4_Data/Week16\ELDON4_20250428_190200.wav,20250428
2061,2064,Geothlypis trichas,Common Yellowthroat,0.0284,D:/AcousticMonitoringData/ELDON4_Data/Week16\ELDON4_20250428_190200.wav,20250428
2061,2064,Melospiza melodia,Song Sparrow,0.0185,D:/AcousticMonitoringData/ELDON4_Data/Week16\ELDON4_20250428_190200.wav,20250428
2067,2070,Geothlypis trichas,Common Yellowthroat,0.0191,D:/AcousticMonitoringData/ELDON4_Data/Week16\ELDON4_20250428_190200.wav,20250428
2070,2073,Geothlypis trichas,Common Yellowthroat,0.0338,D:/AcousticMonitoringData/ELDON4_Data/Week16\ELDON4_20250428_190200.wav,20250428
2070,2073,Melospiza melodia,Song Sparrow,0.0139,D:/AcousticMonitoringData/ELDON4_Data/Week16\ELDON4_20250428_190200.wav,20250428
2076,2079,Geothlypis trichas,Common Yellowthroat,0.0188,D:/AcousticMonitoringData/ELDON4_Data/Week16\ELDON4_20250428_190200.wav,20250428
2076,2079,Melospiza melodia,Song Sparrow,0.0106,D:/AcousticMonitoringData/ELDON4_Data/Week16\ELDON4_20250428_190200.wav,20250428
2079,2082,Geothlypis trichas,Common Yellowthroat,0.0383,D:/AcousticMonitoringData/ELDON4_Data/Week16\ELDON4_20250428_190200.wav,20250428
2079,2082,Sturnella magna,Eastern Meadowlark,0.0189,D:/AcousticMonitoringData/ELDON4_Data/Week16\ELDON4_20250428_190200.wav,20250428
2079,2082,Spizella pusilla,Field Sparrow,0.0107,D:/AcousticMonitoringData/ELDON4_Data/Week16\ELDON4_20250428_190200.wav,20250428
2082,2085,Geothlypis trichas,Common Yellowthroat,0.0815,D:/AcousticMonitoringData/ELDON4_Data/Week16\ELDON4_20250428_190200.wav,20250428
2082,2085,Sturnella magna,Eastern Meadowlark,0.0246,D:/AcousticMonitoringData/ELDON4_Data/Week16\ELDON4_20250428_190200.wav,20250428
2085,2088,Sturnella magna,Eastern Meadowlark,0.0308,D:/AcousticMonitoringData/ELDON4_Data/Week16\ELDON4_20250428_190200.wav,20250428
2085,2088,Geothlypis trichas,Common Yellowthroat,0.0218,D:/AcousticMonitoringData/ELDON4_Data/Week16\ELDON4_20250428_190200.wav,20250428
2088,2091,Bartramia longicauda,Upland Sandpiper,0.0163,D:/AcousticMonitoringData/ELDON4_Data/Week16\ELDON4_20250428_190200.wav,20250428
2088,2091,Sturnella magna,Eastern Meadowlark,0.0122,D:/AcousticMonitoringData/ELDON4_Data/Week16\ELDON4_20250428_190200.wav,20250428
2088,2091,Geothlypis trichas,Common Yellowthroat,0.0115,D:/AcousticMonitoringData/ELDON4_Data/Week16\ELDON4_20250428_190200.wav,20250428
2088,2091,Melospiza melodia,Song Sparrow,0.0108,D:/AcousticMonitoringData/ELDON4_Data/Week16\ELDON4_20250428_190200.wav,20250428
2091,2094,Geothlypis trichas,Common Yellowthroat,0.1323,D:/AcousticMonitoringData/ELDON4_Data/Week16\ELDON4_20250428_190200.wav,20250428
2091,2094,Spizella pusilla,Field Sparrow,0.0138,D:/AcousticMonitoringData/ELDON4_Data/Week16\ELDON4_20250428_190200.wav,20250428
2091,2094,Sturnella magna,Eastern Meadowlark,0.0128,D:/AcousticMonitoringData/ELDON4_Data/Week16\ELDON4_20250428_190200.wav,20250428
2094,2097,Sturnella magna,Eastern Meadowlark,0.0153,D:/AcousticMonitoringData/ELDON4_Data/Week16\ELDON4_20250428_190200.wav,20250428
2094,2097,Geothlypis trichas,Common Yellowthroat,0.0143,D:/AcousticMonitoringData/ELDON4_Data/Week16\ELDON4_20250428_190200.wav,20250428
2094,2097,Melospiza melodia,Song Sparrow,0.01,D:/AcousticMonitoringData/ELDON4_Data/Week16\ELDON4_20250428_190200.wav,20250428
2100,2103,Sturnella magna,Eastern Meadowlark,0.0131,D:/AcousticMonitoringData/ELDON4_Data/Week16\ELDON4_20250428_190200.wav,20250428
2100,2103,Geothlypis trichas,Common Yellowthroat,0.0127,D:/AcousticMonitoringData/ELDON4_Data/Week16\ELDON4_20250428_190200.wav,20250428
2103,2106,Geothlypis trichas,Common Yellowthroat,0.0294,D:/AcousticMonitoringData/ELDON4_Data/Week16\ELDON4_20250428_190200.wav,20250428
2112,2115,Sturnella magna,Eastern Meadowlark,0.0129,D:/AcousticMonitoringData/ELDON4_Data/Week16\ELDON4_20250428_190200.wav,20250428
2112,2115,Spizella pusilla,Field Sparrow,0.0122,D:/AcousticMonitoringData/ELDON4_Data/Week16\ELDON4_20250428_190200.wav,20250428
2112,2115,Passerina caerulea,Blue Grosbeak,0.0111,D:/AcousticMonitoringData/ELDON4_Data/Week16\ELDON4_20250428_190200.wav,20250428
2121,2124,Spizella pusilla,Field Sparrow,0.0377,D:/AcousticMonitoringData/ELDON4_Data/Week16\ELDON4_20250428_190200.wav,20250428
2121,2124,Geothlypis trichas,Common Yellowthroat,0.0331,D:/AcousticMonitoringData/ELDON4_Data/Week16\ELDON4_20250428_190200.wav,20250428
2121,2124,Sturnella magna,Eastern Meadowlark,0.0254,D:/AcousticMonitoringData/ELDON4_Data/Week16\ELDON4_20250428_190200.wav,20250428
2121,2124,Passerina caerulea,Blue Grosbeak,0.0133,D:/AcousticMonitoringData/ELDON4_Data/Week16\ELDON4_20250428_190200.wav,20250428
2124,2127,Sturnella magna,Eastern Meadowlark,0.0405,D:/AcousticMonitoringData/ELDON4_Data/Week16\ELDON4_20250428_190200.wav,20250428
2124,2127,Eremophila alpestris,Horned Lark,0.0288,D:/AcousticMonitoringData/ELDON4_Data/Week16\ELDON4_20250428_190200.wav,20250428
2124,2127,Spizella pusilla,Field Sparrow,0.0242,D:/AcousticMonitoringData/ELDON4_Data/Week16\ELDON4_20250428_190200.wav,20250428
2127,2130,Sturnella magna,Eastern Meadowlark,0.0301,D:/AcousticMonitoringData/ELDON4_Data/Week16\ELDON4_20250428_190200.wav,20250428
2127,2130,Spizella pusilla,Field Sparrow,0.0244,D:/AcousticMonitoringData/ELDON4_Data/Week16\ELDON4_20250428_190200.wav,20250428
2127,2130,Passerina caerulea,Blue Grosbeak,0.0122,D:/AcousticMonitoringData/ELDON4_Data/Week16\ELDON4_20250428_190200.wav,20250428
2142,2145,Sturnella magna,Eastern Meadowlark,0.0258,D:/AcousticMonitoringData/ELDON4_Data/Week16\ELDON4_20250428_190200.wav,20250428
2142,2145,Passerina caerulea,Blue Grosbeak,0.0106,D:/AcousticMonitoringData/ELDON4_Data/Week16\ELDON4_20250428_190200.wav,20250428
2145,2148,Sturnella magna,Eastern Meadowlark,0.0119,D:/AcousticMonitoringData/ELDON4_Data/Week16\ELDON4_20250428_190200.wav,20250428
2145,2148,Eremophila alpestris,Horned Lark,0.0102,D:/AcousticMonitoringData/ELDON4_Data/Week16\ELDON4_20250428_190200.wav,20250428
2148,2151,Sturnella magna,Eastern Meadowlark,0.0479,D:/AcousticMonitoringData/ELDON4_Data/Week16\ELDON4_20250428_190200.wav,20250428
2148,2151,Eremophila alpestris,Horned Lark,0.02,D:/AcousticMonitoringData/ELDON4_Data/Week16\ELDON4_20250428_190200.wav,20250428
2148,2151,Passerina caerulea,Blue Grosbeak,0.0176,D:/AcousticMonitoringData/ELDON4_Data/Week16\ELDON4_20250428_190200.wav,20250428
2151,2154,Sturnella magna,Eastern Meadowlark,0.0124,D:/AcousticMonitoringData/ELDON4_Data/Week16\ELDON4_20250428_190200.wav,20250428
2154,2157,Sturnella magna,Eastern Meadowlark,0.0627,D:/AcousticMonitoringData/ELDON4_Data/Week16\ELDON4_20250428_190200.wav,20250428
2157,2160,Geothlypis trichas,Common Yellowthroat,0.055,D:/AcousticMonitoringData/ELDON4_Data/Week16\ELDON4_20250428_190200.wav,20250428
2157,2160,Spizella pusilla,Field Sparrow,0.0211,D:/AcousticMonitoringData/ELDON4_Data/Week16\ELDON4_20250428_190200.wav,20250428
2157,2160,Sturnella magna,Eastern Meadowlark,0.021,D:/AcousticMonitoringData/ELDON4_Data/Week16\ELDON4_20250428_190200.wav,20250428
2160,2163,Sturnella magna,Eastern Meadowlark,0.0182,D:/AcousticMonitoringData/ELDON4_Data/Week16\ELDON4_20250428_190200.wav,20250428
2160,2163,Spizella pusilla,Field Sparrow,0.0181,D:/AcousticMonitoringData/ELDON4_Data/Week16\ELDON4_20250428_190200.wav,20250428
2163,2166,Sturnella magna,Eastern Meadowlark,0.014,D:/AcousticMonitoringData/ELDON4_Data/Week16\ELDON4_20250428_190200.wav,20250428
2169,2172,Spizella pusilla,Field Sparrow,0.0344,D:/AcousticMonitoringData/ELDON4_Data/Week16\ELDON4_20250428_190200.wav,20250428
2169,2172,Geothlypis trichas,Common Yellowthroat,0.0169,D:/AcousticMonitoringData/ELDON4_Data/Week16\ELDON4_20250428_190200.wav,20250428
2181,2184,Spizella pusilla,Field Sparrow,0.0327,D:/AcousticMonitoringData/ELDON4_Data/Week16\ELDON4_20250428_190200.wav,20250428
2181,2184,Geothlypis trichas,Common Yellowthroat,0.015,D:/AcousticMonitoringData/ELDON4_Data/Week16\ELDON4_20250428_190200.wav,20250428
2181,2184,Sturnella magna,Eastern Meadowlark,0.0145,D:/AcousticMonitoringData/ELDON4_Data/Week16\ELDON4_20250428_190200.wav,20250428
2187,2190,Spizella pusilla,Field Sparrow,0.0377,D:/AcousticMonitoringData/ELDON4_Data/Week16\ELDON4_20250428_190200.wav,20250428
2187,2190,Geothlypis trichas,Common Yellowthroat,0.0124,D:/AcousticMonitoringData/ELDON4_Data/Week16\ELDON4_20250428_190200.wav,20250428
2190,2193,Spizella pusilla,Field Sparrow,0.0478,D:/AcousticMonitoringData/ELDON4_Data/Week16\ELDON4_20250428_190200.wav,20250428
2190,2193,Sturnella magna,Eastern Meadowlark,0.0173,D:/AcousticMonitoringData/ELDON4_Data/Week16\ELDON4_20250428_190200.wav,20250428
2193,2196,Sturnella magna,Eastern Meadowlark,0.0119,D:/AcousticMonitoringData/ELDON4_Data/Week16\ELDON4_20250428_190200.wav,20250428
2196,2199,Sturnella magna,Eastern Meadowlark,0.0167,D:/AcousticMonitoringData/ELDON4_Data/Week16\ELDON4_20250428_190200.wav,20250428
2199,2202,Spizella pusilla,Field Sparrow,0.1636,D:/AcousticMonitoringData/ELDON4_Data/Week16\ELDON4_20250428_190200.wav,20250428
2199,2202,Sturnella magna,Eastern Meadowlark,0.0155,D:/AcousticMonitoringData/ELDON4_Data/Week16\ELDON4_20250428_190200.wav,20250428
2202,2205,Spizella pusilla,Field Sparrow,0.0175,D:/AcousticMonitoringData/ELDON4_Data/Week16\ELDON4_20250428_190200.wav,20250428
2202,2205,Sturnella magna,Eastern Meadowlark,0.0127,D:/AcousticMonitoringData/ELDON4_Data/Week16\ELDON4_20250428_190200.wav,20250428
2205,2208,Sturnella magna,Eastern Meadowlark,0.0419,D:/AcousticMonitoringData/ELDON4_Data/Week16\ELDON4_20250428_190200.wav,20250428
2205,2208,Spizella pusilla,Field Sparrow,0.0237,D:/AcousticMonitoringData/ELDON4_Data/Week16\ELDON4_20250428_190200.wav,20250428
2205,2208,Passerina caerulea,Blue Grosbeak,0.0222,D:/AcousticMonitoringData/ELDON4_Data/Week16\ELDON4_20250428_190200.wav,20250428
2208,2211,Spizella pusilla,Field Sparrow,0.0209,D:/AcousticMonitoringData/ELDON4_Data/Week16\ELDON4_20250428_190200.wav,20250428
2208,2211,Sturnella magna,Eastern Meadowlark,0.0186,D:/AcousticMonitoringData/ELDON4_Data/Week16\ELDON4_20250428_190200.wav,20250428
2214,2217,Spizella pusilla,Field Sparrow,0.0225,D:/AcousticMonitoringData/ELDON4_Data/Week16\ELDON4_20250428_190200.wav,20250428
2214,2217,Sturnella magna,Eastern Meadowlark,0.015,D:/AcousticMonitoringData/ELDON4_Data/Week16\ELDON4_20250428_190200.wav,20250428
2214,2217,Geothlypis trichas,Common Yellowthroat,0.0102,D:/AcousticMonitoringData/ELDON4_Data/Week16\ELDON4_20250428_190200.wav,20250428
2217,2220,Spizella pusilla,Field Sparrow,0.016,D:/AcousticMonitoringData/ELDON4_Data/Week16\ELDON4_20250428_190200.wav,20250428
2220,2223,Spizella pusilla,Field Sparrow,0.0278,D:/AcousticMonitoringData/ELDON4_Data/Week16\ELDON4_20250428_190200.wav,20250428
2220,2223,Passerina caerulea,Blue Grosbeak,0.0179,D:/AcousticMonitoringData/ELDON4_Data/Week16\ELDON4_20250428_190200.wav,20250428
2238,2241,Spizella pusilla,Field Sparrow,0.0223,D:/AcousticMonitoringData/ELDON4_Data/Week16\ELDON4_20250428_190200.wav,20250428
2238,2241,Geothlypis trichas,Common Yellowthroat,0.0159,D:/AcousticMonitoringData/ELDON4_Data/Week16\ELDON4_20250428_190200.wav,20250428
2238,2241,Passerina caerulea,Blue Grosbeak,0.011,D:/AcousticMonitoringData/ELDON4_Data/Week16\ELDON4_20250428_190200.wav,20250428
2241,2244,Spizella pusilla,Field Sparrow,0.034,D:/AcousticMonitoringData/ELDON4_Data/Week16\ELDON4_20250428_190200.wav,20250428
2241,2244,Geothlypis trichas,Common Yellowthroat,0.0218,D:/AcousticMonitoringData/ELDON4_Data/Week16\ELDON4_20250428_190200.wav,20250428
2241,2244,Passerina caerulea,Blue Grosbeak,0.0102,D:/AcousticMonitoringData/ELDON4_Data/Week16\ELDON4_20250428_190200.wav,20250428
2244,2247,Spizella pusilla,Field Sparrow,0.0207,D:/AcousticMonitoringData/ELDON4_Data/Week16\ELDON4_20250428_190200.wav,20250428
2247,2250,Spizella pusilla,Field Sparrow,0.053,D:/AcousticMonitoringData/ELDON4_Data/Week16\ELDON4_20250428_190200.wav,20250428
2250,2253,Spizella pusilla,Field Sparrow,0.0164,D:/AcousticMonitoringData/ELDON4_Data/Week16\ELDON4_20250428_190200.wav,20250428
2250,2253,Sturnella magna,Eastern Meadowlark,0.0117,D:/AcousticMonitoringData/ELDON4_Data/Week16\ELDON4_20250428_190200.wav,20250428
2250,2253,Passerina caerulea,Blue Grosbeak,0.0105,D:/AcousticMonitoringData/ELDON4_Data/Week16\ELDON4_20250428_190200.wav,20250428
2256,2259,Spizella pusilla,Field Sparrow,0.0141,D:/AcousticMonitoringData/ELDON4_Data/Week16\ELDON4_20250428_190200.wav,20250428
2259,2262,Spizella pusilla,Field Sparrow,0.0498,D:/AcousticMonitoringData/ELDON4_Data/Week16\ELDON4_20250428_190200.wav,20250428
2259,2262,Geothlypis trichas,Common Yellowthroat,0.0127,D:/AcousticMonitoringData/ELDON4_Data/Week16\ELDON4_20250428_190200.wav,20250428
2262,2265,Geothlypis trichas,Common Yellowthroat,0.0431,D:/AcousticMonitoringData/ELDON4_Data/Week16\ELDON4_20250428_190200.wav,20250428
2265,2268,Geothlypis trichas,Common Yellowthroat,0.0611,D:/AcousticMonitoringData/ELDON4_Data/Week16\ELDON4_20250428_190200.wav,20250428
2268,2271,Geothlypis trichas,Common Yellowthroat,0.0111,D:/AcousticMonitoringData/ELDON4_Data/Week16\ELDON4_20250428_190200.wav,20250428
2271,2274,Geothlypis trichas,Common Yellowthroat,0.02,D:/AcousticMonitoringData/ELDON4_Data/Week16\ELDON4_20250428_190200.wav,20250428
2274,2277,Spizella pusilla,Field Sparrow,0.0115,D:/AcousticMonitoringData/ELDON4_Data/Week16\ELDON4_20250428_190200.wav,20250428
2277,2280,Spizella pusilla,Field Sparrow,0.0169,D:/AcousticMonitoringData/ELDON4_Data/Week16\ELDON4_20250428_190200.wav,20250428
2280,2283,Spizella pusilla,Field Sparrow,0.0113,D:/AcousticMonitoringData/ELDON4_Data/Week16\ELDON4_20250428_190200.wav,20250428
2283,2286,Geothlypis trichas,Common Yellowthroat,0.0423,D:/AcousticMonitoringData/ELDON4_Data/Week16\ELDON4_20250428_190200.wav,20250428
2289,2292,Spizella pusilla,Field Sparrow,0.0124,D:/AcousticMonitoringData/ELDON4_Data/Week16\ELDON4_20250428_190200.wav,20250428
2289,2292,Geothlypis trichas,Common Yellowthroat,0.0107,D:/AcousticMonitoringData/ELDON4_Data/Week16\ELDON4_20250428_190200.wav,20250428
2289,2292,Passerina caerulea,Blue Grosbeak,0.0102,D:/AcousticMonitoringData/ELDON4_Data/Week16\ELDON4_20250428_190200.wav,20250428
2292,2295,Geothlypis trichas,Common Yellowthroat,0.0161,D:/AcousticMonitoringData/ELDON4_Data/Week16\ELDON4_20250428_190200.wav,20250428
2295,2298,Geothlypis trichas,Common Yellowthroat,0.0178,D:/AcousticMonitoringData/ELDON4_Data/Week16\ELDON4_20250428_190200.wav,20250428
2298,2301,Spizella pusilla,Field Sparrow,0.0384,D:/AcousticMonitoringData/ELDON4_Data/Week16\ELDON4_20250428_190200.wav,20250428
2298,2301,Passerina caerulea,Blue Grosbeak,0.0143,D:/AcousticMonitoringData/ELDON4_Data/Week16\ELDON4_20250428_190200.wav,20250428
2298,2301,Sturnella magna,Eastern Meadowlark,0.0122,D:/AcousticMonitoringData/ELDON4_Data/Week16\ELDON4_20250428_190200.wav,20250428
2298,2301,Geothlypis trichas,Common Yellowthroat,0.0117,D:/AcousticMonitoringData/ELDON4_Data/Week16\ELDON4_20250428_190200.wav,20250428
2301,2304,Geothlypis trichas,Common Yellowthroat,0.0254,D:/AcousticMonitoringData/ELDON4_Data/Week16\ELDON4_20250428_190200.wav,20250428
2301,2304,Melospiza melodia,Song Sparrow,0.0194,D:/AcousticMonitoringData/ELDON4_Data/Week16\ELDON4_20250428_190200.wav,20250428
2313,2316,Sturnella magna,Eastern Meadowlark,0.033,D:/AcousticMonitoringData/ELDON4_Data/Week16\ELDON4_20250428_190200.wav,20250428
2313,2316,Geothlypis trichas,Common Yellowthroat,0.0203,D:/AcousticMonitoringData/ELDON4_Data/Week16\ELDON4_20250428_190200.wav,20250428
2316,2319,Geothlypis trichas,Common Yellowthroat,0.0102,D:/AcousticMonitoringData/ELDON4_Data/Week16\ELDON4_20250428_190200.wav,20250428
2343,2346,Sturnella magna,Eastern Meadowlark,0.0166,D:/AcousticMonitoringData/ELDON4_Data/Week16\ELDON4_20250428_190200.wav,20250428
2346,2349,Geothlypis trichas,Common Yellowthroat,0.0211,D:/AcousticMonitoringData/ELDON4_Data/Week16\ELDON4_20250428_190200.wav,20250428
2346,2349,Sturnella magna,Eastern Meadowlark,0.0125,D:/AcousticMonitoringData/ELDON4_Data/Week16\ELDON4_20250428_190200.wav,20250428
2346,2349,Spizella pusilla,Field Sparrow,0.0115,D:/AcousticMonitoringData/ELDON4_Data/Week16\ELDON4_20250428_190200.wav,20250428
2352,2355,Sturnella magna,Eastern Meadowlark,0.0205,D:/AcousticMonitoringData/ELDON4_Data/Week16\ELDON4_20250428_190200.wav,20250428
2355,2358,Sturnella magna,Eastern Meadowlark,0.0266,D:/AcousticMonitoringData/ELDON4_Data/Week16\ELDON4_20250428_190200.wav,20250428
2355,2358,Spizella pusilla,Field Sparrow,0.0236,D:/AcousticMonitoringData/ELDON4_Data/Week16\ELDON4_20250428_190200.wav,20250428
2355,2358,Geothlypis trichas,Common Yellowthroat,0.0229,D:/AcousticMonitoringData/ELDON4_Data/Week16\ELDON4_20250428_190200.wav,20250428
2355,2358,Passerina caerulea,Blue Grosbeak,0.0163,D:/AcousticMonitoringData/ELDON4_Data/Week16\ELDON4_20250428_190200.wav,20250428
2358,2361,Sturnella magna,Eastern Meadowlark,0.0211,D:/AcousticMonitoringData/ELDON4_Data/Week16\ELDON4_20250428_190200.wav,20250428
2358,2361,Spizella pusilla,Field Sparrow,0.0205,D:/AcousticMonitoringData/ELDON4_Data/Week16\ELDON4_20250428_190200.wav,20250428
2358,2361,Bartramia longicauda,Upland Sandpiper,0.0115,D:/AcousticMonitoringData/ELDON4_Data/Week16\ELDON4_20250428_190200.wav,20250428
2361,2364,Passerina caerulea,Blue Grosbeak,0.0271,D:/AcousticMonitoringData/ELDON4_Data/Week16\ELDON4_20250428_190200.wav,20250428
2379,2382,Geothlypis trichas,Common Yellowthroat,0.098,D:/AcousticMonitoringData/ELDON4_Data/Week16\ELDON4_20250428_190200.wav,20250428
2379,2382,Spizella pusilla,Field Sparrow,0.023,D:/AcousticMonitoringData/ELDON4_Data/Week16\ELDON4_20250428_190200.wav,20250428
2379,2382,Sturnella magna,Eastern Meadowlark,0.0208,D:/AcousticMonitoringData/ELDON4_Data/Week16\ELDON4_20250428_190200.wav,20250428
2382,2385,Geothlypis trichas,Common Yellowthroat,0.0121,D:/AcousticMonitoringData/ELDON4_Data/Week16\ELDON4_20250428_190200.wav,20250428
2388,2391,Geothlypis trichas,Common Yellowthroat,0.0399,D:/AcousticMonitoringData/ELDON4_Data/Week16\ELDON4_20250428_190200.wav,20250428
2388,2391,Spizella pusilla,Field Sparrow,0.0191,D:/AcousticMonitoringData/ELDON4_Data/Week16\ELDON4_20250428_190200.wav,20250428
2388,2391,Sturnella magna,Eastern Meadowlark,0.0173,D:/AcousticMonitoringData/ELDON4_Data/Week16\ELDON4_20250428_190200.wav,20250428
2397,2400,Geothlypis trichas,Common Yellowthroat,0.0656,D:/AcousticMonitoringData/ELDON4_Data/Week16\ELDON4_20250428_190200.wav,20250428
2397,2400,Spizella pusilla,Field Sparrow,0.0131,D:/AcousticMonitoringData/ELDON4_Data/Week16\ELDON4_20250428_190200.wav,20250428
2403,2406,Sturnella magna,Eastern Meadowlark,0.026,D:/AcousticMonitoringData/ELDON4_Data/Week16\ELDON4_20250428_190200.wav,20250428
2403,2406,Geothlypis trichas,Common Yellowthroat,0.019,D:/AcousticMonitoringData/ELDON4_Data/Week16\ELDON4_20250428_190200.wav,20250428
2403,2406,Spizella pusilla,Field Sparrow,0.0115,D:/AcousticMonitoringData/ELDON4_Data/Week16\ELDON4_20250428_190200.wav,20250428
2409,2412,Geothlypis trichas,Common Yellowthroat,0.064,D:/AcousticMonitoringData/ELDON4_Data/Week16\ELDON4_20250428_190200.wav,20250428
2409,2412,Spizella pusilla,Field Sparrow,0.0224,D:/AcousticMonitoringData/ELDON4_Data/Week16\ELDON4_20250428_190200.wav,20250428
2415,2418,Geothlypis trichas,Common Yellowthroat,0.0222,D:/AcousticMonitoringData/ELDON4_Data/Week16\ELDON4_20250428_190200.wav,20250428
2418,2421,Geothlypis trichas,Common Yellowthroat,0.0838,D:/AcousticMonitoringData/ELDON4_Data/Week16\ELDON4_20250428_190200.wav,20250428
2418,2421,Sturnella magna,Eastern Meadowlark,0.0152,D:/AcousticMonitoringData/ELDON4_Data/Week16\ELDON4_20250428_190200.wav,20250428
2418,2421,Spizella pusilla,Field Sparrow,0.0141,D:/AcousticMonitoringData/ELDON4_Data/Week16\ELDON4_20250428_190200.wav,20250428
2421,2424,Geothlypis trichas,Common Yellowthroat,0.0547,D:/AcousticMonitoringData/ELDON4_Data/Week16\ELDON4_20250428_190200.wav,20250428
2427,2430,Geothlypis trichas,Common Yellowthroat,0.0392,D:/AcousticMonitoringData/ELDON4_Data/Week16\ELDON4_20250428_190200.wav,20250428
2427,2430,Sturnella magna,Eastern Meadowlark,0.0222,D:/AcousticMonitoringData/ELDON4_Data/Week16\ELDON4_20250428_190200.wav,20250428
2427,2430,Spizella pusilla,Field Sparrow,0.013,D:/AcousticMonitoringData/ELDON4_Data/Week16\ELDON4_20250428_190200.wav,20250428
2436,2439,Geothlypis trichas,Common Yellowthroat,0.0652,D:/AcousticMonitoringData/ELDON4_Data/Week16\ELDON4_20250428_190200.wav,20250428
2436,2439,Spizella pusilla,Field Sparrow,0.0232,D:/AcousticMonitoringData/ELDON4_Data/Week16\ELDON4_20250428_190200.wav,20250428
2436,2439,Passerina caerulea,Blue Grosbeak,0.0123,D:/AcousticMonitoringData/ELDON4_Data/Week16\ELDON4_20250428_190200.wav,20250428
2439,2442,Geothlypis trichas,Common Yellowthroat,0.4149,D:/AcousticMonitoringData/ELDON4_Data/Week16\ELDON4_20250428_190200.wav,20250428
2439,2442,Spizella pusilla,Field Sparrow,0.0128,D:/AcousticMonitoringData/ELDON4_Data/Week16\ELDON4_20250428_190200.wav,20250428
2439,2442,Melospiza melodia,Song Sparrow,0.0102,D:/AcousticMonitoringData/ELDON4_Data/Week16\ELDON4_20250428_190200.wav,20250428
2442,2445,Geothlypis trichas,Common Yellowthroat,0.0148,D:/AcousticMonitoringData/ELDON4_Data/Week16\ELDON4_20250428_190200.wav,20250428
2448,2451,Geothlypis trichas,Common Yellowthroat,0.2234,D:/AcousticMonitoringData/ELDON4_Data/Week16\ELDON4_20250428_190200.wav,20250428
2454,2457,Geothlypis trichas,Common Yellowthroat,0.0156,D:/AcousticMonitoringData/ELDON4_Data/Week16\ELDON4_20250428_190200.wav,20250428
2457,2460,Geothlypis trichas,Common Yellowthroat,0.039,D:/AcousticMonitoringData/ELDON4_Data/Week16\ELDON4_20250428_190200.wav,20250428
2463,2466,Geothlypis trichas,Common Yellowthroat,0.0101,D:/AcousticMonitoringData/ELDON4_Data/Week16\ELDON4_20250428_190200.wav,20250428
2469,2472,Geothlypis trichas,Common Yellowthroat,0.0141,D:/AcousticMonitoringData/ELDON4_Data/Week16\ELDON4_20250428_190200.wav,20250428
2478,2481,Geothlypis trichas,Common Yellowthroat,0.0318,D:/AcousticMonitoringData/ELDON4_Data/Week16\ELDON4_20250428_190200.wav,20250428
2484,2487,Sturnella magna,Eastern Meadowlark,0.0659,D:/AcousticMonitoringData/ELDON4_Data/Week16\ELDON4_20250428_190200.wav,20250428
2484,2487,Geothlypis trichas,Common Yellowthroat,0.0157,D:/AcousticMonitoringData/ELDON4_Data/Week16\ELDON4_20250428_190200.wav,20250428
2484,2487,Spizella pusilla,Field Sparrow,0.0141,D:/AcousticMonitoringData/ELDON4_Data/Week16\ELDON4_20250428_190200.wav,20250428
2493,2496,Geothlypis trichas,Common Yellowthroat,0.026,D:/AcousticMonitoringData/ELDON4_Data/Week16\ELDON4_20250428_190200.wav,20250428
2493,2496,Sturnella magna,Eastern Meadowlark,0.012,D:/AcousticMonitoringData/ELDON4_Data/Week16\ELDON4_20250428_190200.wav,20250428
2493,2496,Spizella pusilla,Field Sparrow,0.0109,D:/AcousticMonitoringData/ELDON4_Data/Week16\ELDON4_20250428_190200.wav,20250428
2499,2502,Geothlypis trichas,Common Yellowthroat,0.2326,D:/AcousticMonitoringData/ELDON4_Data/Week16\ELDON4_20250428_190200.wav,20250428
2499,2502,Sturnella magna,Eastern Meadowlark,0.0174,D:/AcousticMonitoringData/ELDON4_Data/Week16\ELDON4_20250428_190200.wav,20250428
2499,2502,Spizella pusilla,Field Sparrow,0.0125,D:/AcousticMonitoringData/ELDON4_Data/Week16\ELDON4_20250428_190200.wav,20250428
2505,2508,Geothlypis trichas,Common Yellowthroat,0.0378,D:/AcousticMonitoringData/ELDON4_Data/Week16\ELDON4_20250428_190200.wav,20250428
2505,2508,Passerina caerulea,Blue Grosbeak,0.0171,D:/AcousticMonitoringData/ELDON4_Data/Week16\ELDON4_20250428_190200.wav,20250428
2505,2508,Spizella pusilla,Field Sparrow,0.0127,D:/AcousticMonitoringData/ELDON4_Data/Week16\ELDON4_20250428_190200.wav,20250428
2514,2517,Geothlypis trichas,Common Yellowthroat,0.0524,D:/AcousticMonitoringData/ELDON4_Data/Week16\ELDON4_20250428_190200.wav,20250428
2514,2517,Sturnella magna,Eastern Meadowlark,0.0204,D:/AcousticMonitoringData/ELDON4_Data/Week16\ELDON4_20250428_190200.wav,20250428
2520,2523,Geothlypis trichas,Common Yellowthroat,0.1329,D:/AcousticMonitoringData/ELDON4_Data/Week16\ELDON4_20250428_190200.wav,20250428
2529,2532,Sturnella magna,Eastern Meadowlark,0.0252,D:/AcousticMonitoringData/ELDON4_Data/Week16\ELDON4_20250428_190200.wav,20250428
2532,2535,Sturnella magna,Eastern Meadowlark,0.2437,D:/AcousticMonitoringData/ELDON4_Data/Week16\ELDON4_20250428_190200.wav,20250428
2538,2541,Geothlypis trichas,Common Yellowthroat,0.1986,D:/AcousticMonitoringData/ELDON4_Data/Week16\ELDON4_20250428_190200.wav,20250428
2538,2541,Sturnella magna,Eastern Meadowlark,0.0556,D:/AcousticMonitoringData/ELDON4_Data/Week16\ELDON4_20250428_190200.wav,20250428
2556,2559,Geothlypis trichas,Common Yellowthroat,0.0602,D:/AcousticMonitoringData/ELDON4_Data/Week16\ELDON4_20250428_190200.wav,20250428
2556,2559,Sturnella magna,Eastern Meadowlark,0.0141,D:/AcousticMonitoringData/ELDON4_Data/Week16\ELDON4_20250428_190200.wav,20250428
2556,2559,Spizella pusilla,Field Sparrow,0.0102,D:/AcousticMonitoringData/ELDON4_Data/Week16\ELDON4_20250428_190200.wav,20250428
2559,2562,Geothlypis trichas,Common Yellowthroat,0.0857,D:/AcousticMonitoringData/ELDON4_Data/Week16\ELDON4_20250428_190200.wav,20250428
2559,2562,Spizella pusilla,Field Sparrow,0.0144,D:/AcousticMonitoringData/ELDON4_Data/Week16\ELDON4_20250428_190200.wav,20250428
2568,2571,Sturnella magna,Eastern Meadowlark,0.012,D:/AcousticMonitoringData/ELDON4_Data/Week16\ELDON4_20250428_190200.wav,20250428
2571,2574,Geothlypis trichas,Common Yellowthroat,0.0393,D:/AcousticMonitoringData/ELDON4_Data/Week16\ELDON4_20250428_190200.wav,20250428
2571,2574,Spizella pusilla,Field Sparrow,0.0199,D:/AcousticMonitoringData/ELDON4_Data/Week16\ELDON4_20250428_190200.wav,20250428
2571,2574,Sturnella magna,Eastern Meadowlark,0.0183,D:/AcousticMonitoringData/ELDON4_Data/Week16\ELDON4_20250428_190200.wav,20250428
2583,2586,Geothlypis trichas,Common Yellowthroat,0.0396,D:/AcousticMonitoringData/ELDON4_Data/Week16\ELDON4_20250428_190200.wav,20250428
2598,2601,Eremophila alpestris,Horned Lark,0.0211,D:/AcousticMonitoringData/ELDON4_Data/Week16\ELDON4_20250428_190200.wav,20250428
2598,2601,Sturnella magna,Eastern Meadowlark,0.0132,D:/AcousticMonitoringData/ELDON4_Data/Week16\ELDON4_20250428_190200.wav,20250428
2601,2604,Geothlypis trichas,Common Yellowthroat,0.0606,D:/AcousticMonitoringData/ELDON4_Data/Week16\ELDON4_20250428_190200.wav,20250428
2622,2625,Geothlypis trichas,Common Yellowthroat,0.0421,D:/AcousticMonitoringData/ELDON4_Data/Week16\ELDON4_20250428_190200.wav,20250428
2622,2625,Spizella pusilla,Field Sparrow,0.0177,D:/AcousticMonitoringData/ELDON4_Data/Week16\ELDON4_20250428_190200.wav,20250428
2622,2625,Sturnella magna,Eastern Meadowlark,0.0168,D:/AcousticMonitoringData/ELDON4_Data/Week16\ELDON4_20250428_190200.wav,20250428
2622,2625,Passerina caerulea,Blue Grosbeak,0.0128,D:/AcousticMonitoringData/ELDON4_Data/Week16\ELDON4_20250428_190200.wav,20250428
2628,2631,Sturnella magna,Eastern Meadowlark,0.0121,D:/AcousticMonitoringData/ELDON4_Data/Week16\ELDON4_20250428_190200.wav,20250428
2631,2634,Geothlypis trichas,Common Yellowthroat,0.1014,D:/AcousticMonitoringData/ELDON4_Data/Week16\ELDON4_20250428_190200.wav,20250428
2637,2640,Geothlypis trichas,Common Yellowthroat,0.0325,D:/AcousticMonitoringData/ELDON4_Data/Week16\ELDON4_20250428_190200.wav,20250428
2637,2640,Melospiza melodia,Song Sparrow,0.0194,D:/AcousticMonitoringData/ELDON4_Data/Week16\ELDON4_20250428_190200.wav,20250428
2640,2643,Sturnella magna,Eastern Meadowlark,0.0101,D:/AcousticMonitoringData/ELDON4_Data/Week16\ELDON4_20250428_190200.wav,20250428
2643,2646,Geothlypis trichas,Common Yellowthroat,0.0518,D:/AcousticMonitoringData/ELDON4_Data/Week16\ELDON4_20250428_190200.wav,20250428
2643,2646,Sturnella magna,Eastern Meadowlark,0.0352,D:/AcousticMonitoringData/ELDON4_Data/Week16\ELDON4_20250428_190200.wav,20250428
2646,2649,Geothlypis trichas,Common Yellowthroat,0.0189,D:/AcousticMonitoringData/ELDON4_Data/Week16\ELDON4_20250428_190200.wav,20250428
2646,2649,Spizella pusilla,Field Sparrow,0.0141,D:/AcousticMonitoringData/ELDON4_Data/Week16\ELDON4_20250428_190200.wav,20250428
2652,2655,Sturnella magna,Eastern Meadowlark,0.013,D:/AcousticMonitoringData/ELDON4_Data/Week16\ELDON4_20250428_190200.wav,20250428
2658,2661,Geothlypis trichas,Common Yellowthroat,0.1597,D:/AcousticMonitoringData/ELDON4_Data/Week16\ELDON4_20250428_190200.wav,20250428
2658,2661,Sturnella magna,Eastern Meadowlark,0.026,D:/AcousticMonitoringData/ELDON4_Data/Week16\ELDON4_20250428_190200.wav,20250428
2658,2661,Spizella pusilla,Field Sparrow,0.0201,D:/AcousticMonitoringData/ELDON4_Data/Week16\ELDON4_20250428_190200.wav,20250428
2661,2664,Geothlypis trichas,Common Yellowthroat,0.0769,D:/AcousticMonitoringData/ELDON4_Data/Week16\ELDON4_20250428_190200.wav,20250428
2661,2664,Spizella pusilla,Field Sparrow,0.0313,D:/AcousticMonitoringData/ELDON4_Data/Week16\ELDON4_20250428_190200.wav,20250428
2661,2664,Passerina caerulea,Blue Grosbeak,0.0163,D:/AcousticMonitoringData/ELDON4_Data/Week16\ELDON4_20250428_190200.wav,20250428
2661,2664,Sturnella magna,Eastern Meadowlark,0.0136,D:/AcousticMonitoringData/ELDON4_Data/Week16\ELDON4_20250428_190200.wav,20250428
2673,2676,Geothlypis trichas,Common Yellowthroat,0.1584,D:/AcousticMonitoringData/ELDON4_Data/Week16\ELDON4_20250428_190200.wav,20250428
2673,2676,Spizella pusilla,Field Sparrow,0.0131,D:/AcousticMonitoringData/ELDON4_Data/Week16\ELDON4_20250428_190200.wav,20250428
2673,2676,Sturnella magna,Eastern Meadowlark,0.0101,D:/AcousticMonitoringData/ELDON4_Data/Week16\ELDON4_20250428_190200.wav,20250428
2679,2682,Spizella pusilla,Field Sparrow,0.1828,D:/AcousticMonitoringData/ELDON4_Data/Week16\ELDON4_20250428_190200.wav,20250428
2679,2682,Geothlypis trichas,Common Yellowthroat,0.0167,D:/AcousticMonitoringData/ELDON4_Data/Week16\ELDON4_20250428_190200.wav,20250428
2679,2682,Sturnella magna,Eastern Meadowlark,0.0107,D:/AcousticMonitoringData/ELDON4_Data/Week16\ELDON4_20250428_190200.wav,20250428
2682,2685,Geothlypis trichas,Common Yellowthroat,0.2101,D:/AcousticMonitoringData/ELDON4_Data/Week16\ELDON4_20250428_190200.wav,20250428
2682,2685,Spizella pusilla,Field Sparrow,0.0114,D:/AcousticMonitoringData/ELDON4_Data/Week16\ELDON4_20250428_190200.wav,20250428
2688,2691,Geothlypis trichas,Common Yellowthroat,0.3403,D:/AcousticMonitoringData/ELDON4_Data/Week16\ELDON4_20250428_190200.wav,20250428
2688,2691,Spizella pusilla,Field Sparrow,0.0103,D:/AcousticMonitoringData/ELDON4_Data/Week16\ELDON4_20250428_190200.wav,20250428
2694,2697,Geothlypis trichas,Common Yellowthroat,0.0897,D:/AcousticMonitoringData/ELDON4_Data/Week16\ELDON4_20250428_190200.wav,20250428
2694,2697,Spizella pusilla,Field Sparrow,0.0336,D:/AcousticMonitoringData/ELDON4_Data/Week16\ELDON4_20250428_190200.wav,20250428
2697,2700,Bartramia longicauda,Upland Sandpiper,0.0128,D:/AcousticMonitoringData/ELDON4_Data/Week16\ELDON4_20250428_190200.wav,20250428
2703,2706,Spizella pusilla,Field Sparrow,0.0186,D:/AcousticMonitoringData/ELDON4_Data/Week16\ELDON4_20250428_190200.wav,20250428
2703,2706,Geothlypis trichas,Common Yellowthroat,0.0119,D:/AcousticMonitoringData/ELDON4_Data/Week16\ELDON4_20250428_190200.wav,20250428
2706,2709,Geothlypis trichas,Common Yellowthroat,0.1529,D:/AcousticMonitoringData/ELDON4_Data/Week16\ELDON4_20250428_190200.wav,20250428
2706,2709,Spizella pusilla,Field Sparrow,0.019,D:/AcousticMonitoringData/ELDON4_Data/Week16\ELDON4_20250428_190200.wav,20250428
2706,2709,Sturnella magna,Eastern Meadowlark,0.0157,D:/AcousticMonitoringData/ELDON4_Data/Week16\ELDON4_20250428_190200.wav,20250428
2709,2712,Geothlypis trichas,Common Yellowthroat,0.0228,D:/AcousticMonitoringData/ELDON4_Data/Week16\ELDON4_20250428_190200.wav,20250428
2709,2712,Melospiza melodia,Song Sparrow,0.0133,D:/AcousticMonitoringData/ELDON4_Data/Week16\ELDON4_20250428_190200.wav,20250428
2712,2715,Geothlypis trichas,Common Yellowthroat,0.0228,D:/AcousticMonitoringData/ELDON4_Data/Week16\ELDON4_20250428_190200.wav,20250428
2715,2718,Sturnella magna,Eastern Meadowlark,0.0408,D:/AcousticMonitoringData/ELDON4_Data/Week16\ELDON4_20250428_190200.wav,20250428
2715,2718,Spizella pusilla,Field Sparrow,0.0253,D:/AcousticMonitoringData/ELDON4_Data/Week16\ELDON4_20250428_190200.wav,20250428
2715,2718,Bartramia longicauda,Upland Sandpiper,0.0131,D:/AcousticMonitoringData/ELDON4_Data/Week16\ELDON4_20250428_190200.wav,20250428
2715,2718,Geothlypis trichas,Common Yellowthroat,0.0102,D:/AcousticMonitoringData/ELDON4_Data/Week16\ELDON4_20250428_190200.wav,20250428
2718,2721,Geothlypis trichas,Common Yellowthroat,0.1974,D:/AcousticMonitoringData/ELDON4_Data/Week16\ELDON4_20250428_190200.wav,20250428
2718,2721,Sturnella magna,Eastern Meadowlark,0.0169,D:/AcousticMonitoringData/ELDON4_Data/Week16\ELDON4_20250428_190200.wav,20250428
2721,2724,Geothlypis trichas,Common Yellowthroat,0.0294,D:/AcousticMonitoringData/ELDON4_Data/Week16\ELDON4_20250428_190200.wav,20250428
2724,2727,Geothlypis trichas,Common Yellowthroat,0.012,D:/AcousticMonitoringData/ELDON4_Data/Week16\ELDON4_20250428_190200.wav,20250428
2727,2730,Geothlypis trichas,Common Yellowthroat,0.2137,D:/AcousticMonitoringData/ELDON4_Data/Week16\ELDON4_20250428_190200.wav,20250428
2727,2730,Spizella pusilla,Field Sparrow,0.0286,D:/AcousticMonitoringData/ELDON4_Data/Week16\ELDON4_20250428_190200.wav,20250428
2727,2730,Melospiza melodia,Song Sparrow,0.0251,D:/AcousticMonitoringData/ELDON4_Data/Week16\ELDON4_20250428_190200.wav,20250428
2730,2733,Geothlypis trichas,Common Yellowthroat,0.6555,D:/AcousticMonitoringData/ELDON4_Data/Week16\ELDON4_20250428_190200.wav,20250428
2730,2733,Melospiza melodia,Song Sparrow,0.029,D:/AcousticMonitoringData/ELDON4_Data/Week16\ELDON4_20250428_190200.wav,20250428
2730,2733,Spizella pusilla,Field Sparrow,0.011,D:/AcousticMonitoringData/ELDON4_Data/Week16\ELDON4_20250428_190200.wav,20250428
2733,2736,Geothlypis trichas,Common Yellowthroat,0.0713,D:/AcousticMonitoringData/ELDON4_Data/Week16\ELDON4_20250428_190200.wav,20250428
2733,2736,Melospiza melodia,Song Sparrow,0.0249,D:/AcousticMonitoringData/ELDON4_Data/Week16\ELDON4_20250428_190200.wav,20250428
2733,2736,Sturnella magna,Eastern Meadowlark,0.0114,D:/AcousticMonitoringData/ELDON4_Data/Week16\ELDON4_20250428_190200.wav,20250428
2736,2739,Geothlypis trichas,Common Yellowthroat,0.0538,D:/AcousticMonitoringData/ELDON4_Data/Week16\ELDON4_20250428_190200.wav,20250428
2736,2739,Melospiza melodia,Song Sparrow,0.0174,D:/AcousticMonitoringData/ELDON4_Data/Week16\ELDON4_20250428_190200.wav,20250428
2739,2742,Geothlypis trichas,Common Yellowthroat,0.0372,D:/AcousticMonitoringData/ELDON4_Data/Week16\ELDON4_20250428_190200.wav,20250428
2739,2742,Sturnella magna,Eastern Meadowlark,0.0141,D:/AcousticMonitoringData/ELDON4_Data/Week16\ELDON4_20250428_190200.wav,20250428
2742,2745,Geothlypis trichas,Common Yellowthroat,0.0389,D:/AcousticMonitoringData/ELDON4_Data/Week16\ELDON4_20250428_190200.wav,20250428
2742,2745,Melospiza melodia,Song Sparrow,0.0154,D:/AcousticMonitoringData/ELDON4_Data/Week16\ELDON4_20250428_190200.wav,20250428
2745,2748,Geothlypis trichas,Common Yellowthroat,0.0265,D:/AcousticMonitoringData/ELDON4_Data/Week16\ELDON4_20250428_190200.wav,20250428
2745,2748,Sturnella magna,Eastern Meadowlark,0.0205,D:/AcousticMonitoringData/ELDON4_Data/Week16\ELDON4_20250428_190200.wav,20250428
2745,2748,Spizella pusilla,Field Sparrow,0.0165,D:/AcousticMonitoringData/ELDON4_Data/Week16\ELDON4_20250428_190200.wav,20250428
2748,2751,Geothlypis trichas,Common Yellowthroat,0.16,D:/AcousticMonitoringData/ELDON4_Data/Week16\ELDON4_20250428_190200.wav,20250428
2748,2751,Sturnella magna,Eastern Meadowlark,0.02,D:/AcousticMonitoringData/ELDON4_Data/Week16\ELDON4_20250428_190200.wav,20250428
2748,2751,Spizella pusilla,Field Sparrow,0.0126,D:/AcousticMonitoringData/ELDON4_Data/Week16\ELDON4_20250428_190200.wav,20250428
2748,2751,Melospiza melodia,Song Sparrow,0.011,D:/AcousticMonitoringData/ELDON4_Data/Week16\ELDON4_20250428_190200.wav,20250428
2751,2754,Geothlypis trichas,Common Yellowthroat,0.021,D:/AcousticMonitoringData/ELDON4_Data/Week16\ELDON4_20250428_190200.wav,20250428
2751,2754,Sturnella magna,Eastern Meadowlark,0.0107,D:/AcousticMonitoringData/ELDON4_Data/Week16\ELDON4_20250428_190200.wav,20250428
2754,2757,Melospiza melodia,Song Sparrow,0.0355,D:/AcousticMonitoringData/ELDON4_Data/Week16\ELDON4_20250428_190200.wav,20250428
2754,2757,Geothlypis trichas,Common Yellowthroat,0.0352,D:/AcousticMonitoringData/ELDON4_Data/Week16\ELDON4_20250428_190200.wav,20250428
2757,2760,Geothlypis trichas,Common Yellowthroat,0.0779,D:/AcousticMonitoringData/ELDON4_Data/Week16\ELDON4_20250428_190200.wav,20250428
2757,2760,Melospiza melodia,Song Sparrow,0.0351,D:/AcousticMonitoringData/ELDON4_Data/Week16\ELDON4_20250428_190200.wav,20250428
2757,2760,Spizella pusilla,Field Sparrow,0.0307,D:/AcousticMonitoringData/ELDON4_Data/Week16\ELDON4_20250428_190200.wav,20250428
2760,2763,Geothlypis trichas,Common Yellowthroat,0.0137,D:/AcousticMonitoringData/ELDON4_Data/Week16\ELDON4_20250428_190200.wav,20250428
2760,2763,Melospiza melodia,Song Sparrow,0.0127,D:/AcousticMonitoringData/ELDON4_Data/Week16\ELDON4_20250428_190200.wav,20250428
2760,2763,Sturnella magna,Eastern Meadowlark,0.0123,D:/AcousticMonitoringData/ELDON4_Data/Week16\ELDON4_20250428_190200.wav,20250428
2766,2769,Sturnella magna,Eastern Meadowlark,0.014,D:/AcousticMonitoringData/ELDON4_Data/Week16\ELDON4_20250428_190200.wav,20250428
2766,2769,Bartramia longicauda,Upland Sandpiper,0.0111,D:/AcousticMonitoringData/ELDON4_Data/Week16\ELDON4_20250428_190200.wav,20250428
2769,2772,Spizella pusilla,Field Sparrow,0.0303,D:/AcousticMonitoringData/ELDON4_Data/Week16\ELDON4_20250428_190200.wav,20250428
2769,2772,Geothlypis trichas,Common Yellowthroat,0.019,D:/AcousticMonitoringData/ELDON4_Data/Week16\ELDON4_20250428_190200.wav,20250428
2769,2772,Sturnella magna,Eastern Meadowlark,0.0144,D:/AcousticMonitoringData/ELDON4_Data/Week16\ELDON4_20250428_190200.wav,20250428
2772,2775,Geothlypis trichas,Common Yellowthroat,0.0168,D:/AcousticMonitoringData/ELDON4_Data/Week16\ELDON4_20250428_190200.wav,20250428
2775,2778,Geothlypis trichas,Common Yellowthroat,0.0329,D:/AcousticMonitoringData/ELDON4_Data/Week16\ELDON4_20250428_190200.wav,20250428
2775,2778,Melospiza melodia,Song Sparrow,0.0114,D:/AcousticMonitoringData/ELDON4_Data/Week16\ELDON4_20250428_190200.wav,20250428
2778,2781,Geothlypis trichas,Common Yellowthroat,0.2339,D:/AcousticMonitoringData/ELDON4_Data/Week16\ELDON4_20250428_190200.wav,20250428
2778,2781,Spizella pusilla,Field Sparrow,0.0181,D:/AcousticMonitoringData/ELDON4_Data/Week16\ELDON4_20250428_190200.wav,20250428
2778,2781,Sturnella magna,Eastern Meadowlark,0.0118,D:/AcousticMonitoringData/ELDON4_Data/Week16\ELDON4_20250428_190200.wav,20250428
2778,2781,Passerina caerulea,Blue Grosbeak,0.01,D:/AcousticMonitoringData/ELDON4_Data/Week16\ELDON4_20250428_190200.wav,20250428
2781,2784,Spizella pusilla,Field Sparrow,0.0952,D:/AcousticMonitoringData/ELDON4_Data/Week16\ELDON4_20250428_190200.wav,20250428
2781,2784,Melospiza melodia,Song Sparrow,0.0797,D:/AcousticMonitoringData/ELDON4_Data/Week16\ELDON4_20250428_190200.wav,20250428
2781,2784,Geothlypis trichas,Common Yellowthroat,0.0546,D:/AcousticMonitoringData/ELDON4_Data/Week16\ELDON4_20250428_190200.wav,20250428
2784,2787,Geothlypis trichas,Common Yellowthroat,0.3311,D:/AcousticMonitoringData/ELDON4_Data/Week16\ELDON4_20250428_190200.wav,20250428
2784,2787,Sturnella magna,Eastern Meadowlark,0.0143,D:/AcousticMonitoringData/ELDON4_Data/Week16\ELDON4_20250428_190200.wav,20250428
2784,2787,Spizella pusilla,Field Sparrow,0.0124,D:/AcousticMonitoringData/ELDON4_Data/Week16\ELDON4_20250428_190200.wav,20250428
2787,2790,Geothlypis trichas,Common Yellowthroat,0.1651,D:/AcousticMonitoringData/ELDON4_Data/Week16\ELDON4_20250428_190200.wav,20250428
2790,2793,Geothlypis trichas,Common Yellowthroat,0.0251,D:/AcousticMonitoringData/ELDON4_Data/Week16\ELDON4_20250428_190200.wav,20250428
2793,2796,Geothlypis trichas,Common Yellowthroat,0.0406,D:/AcousticMonitoringData/ELDON4_Data/Week16\ELDON4_20250428_190200.wav,20250428
2793,2796,Sturnella magna,Eastern Meadowlark,0.0147,D:/AcousticMonitoringData/ELDON4_Data/Week16\ELDON4_20250428_190200.wav,20250428
2796,2799,Geothlypis trichas,Common Yellowthroat,0.0115,D:/AcousticMonitoringData/ELDON4_Data/Week16\ELDON4_20250428_190200.wav,20250428
2808,2811,Sturnella magna,Eastern Meadowlark,0.0615,D:/AcousticMonitoringData/ELDON4_Data/Week16\ELDON4_20250428_190200.wav,20250428
2808,2811,Geothlypis trichas,Common Yellowthroat,0.0245,D:/AcousticMonitoringData/ELDON4_Data/Week16\ELDON4_20250428_190200.wav,20250428
2808,2811,Passerina caerulea,Blue Grosbeak,0.0228,D:/AcousticMonitoringData/ELDON4_Data/Week16\ELDON4_20250428_190200.wav,20250428
2808,2811,Bartramia longicauda,Upland Sandpiper,0.0174,D:/AcousticMonitoringData/ELDON4_Data/Week16\ELDON4_20250428_190200.wav,20250428
2808,2811,Spizella pusilla,Field Sparrow,0.0163,D:/AcousticMonitoringData/ELDON4_Data/Week16\ELDON4_20250428_190200.wav,20250428
2811,2814,Spizella pusilla,Field Sparrow,0.0335,D:/AcousticMonitoringData/ELDON4_Data/Week16\ELDON4_20250428_190200.wav,20250428
2811,2814,Geothlypis trichas,Common Yellowthroat,0.0257,D:/AcousticMonitoringData/ELDON4_Data/Week16\ELDON4_20250428_190200.wav,20250428
2811,2814,Sturnella magna,Eastern Meadowlark,0.0255,D:/AcousticMonitoringData/ELDON4_Data/Week16\ELDON4_20250428_190200.wav,20250428
2814,2817,Spizella pusilla,Field Sparrow,0.0239,D:/AcousticMonitoringData/ELDON4_Data/Week16\ELDON4_20250428_190200.wav,20250428
2814,2817,Sturnella magna,Eastern Meadowlark,0.0158,D:/AcousticMonitoringData/ELDON4_Data/Week16\ELDON4_20250428_190200.wav,20250428
2817,2820,Geothlypis trichas,Common Yellowthroat,0.1174,D:/AcousticMonitoringData/ELDON4_Data/Week16\ELDON4_20250428_190200.wav,20250428
2817,2820,Melospiza melodia,Song Sparrow,0.0182,D:/AcousticMonitoringData/ELDON4_Data/Week16\ELDON4_20250428_190200.wav,20250428
2817,2820,Spizella pusilla,Field Sparrow,0.0167,D:/AcousticMonitoringData/ELDON4_Data/Week16\ELDON4_20250428_190200.wav,20250428
2820,2823,Spizella pusilla,Field Sparrow,0.0107,D:/AcousticMonitoringData/ELDON4_Data/Week16\ELDON4_20250428_190200.wav,20250428
2823,2826,Geothlypis trichas,Common Yellowthroat,0.0313,D:/AcousticMonitoringData/ELDON4_Data/Week16\ELDON4_20250428_190200.wav,20250428
2823,2826,Melospiza melodia,Song Sparrow,0.0217,D:/AcousticMonitoringData/ELDON4_Data/Week16\ELDON4_20250428_190200.wav,20250428
2823,2826,Spizella pusilla,Field Sparrow,0.0115,D:/AcousticMonitoringData/ELDON4_Data/Week16\ELDON4_20250428_190200.wav,20250428
2826,2829,Geothlypis trichas,Common Yellowthroat,0.0748,D:/AcousticMonitoringData/ELDON4_Data/Week16\ELDON4_20250428_190200.wav,20250428
2826,2829,Spizella pusilla,Field Sparrow,0.0182,D:/AcousticMonitoringData/ELDON4_Data/Week16\ELDON4_20250428_190200.wav,20250428
2826,2829,Sturnella magna,Eastern Meadowlark,0.0157,D:/AcousticMonitoringData/ELDON4_Data/Week16\ELDON4_20250428_190200.wav,20250428
2829,2832,Geothlypis trichas,Common Yellowthroat,0.0424,D:/AcousticMonitoringData/ELDON4_Data/Week16\ELDON4_20250428_190200.wav,20250428
2829,2832,Spizella pusilla,Field Sparrow,0.0266,D:/AcousticMonitoringData/ELDON4_Data/Week16\ELDON4_20250428_190200.wav,20250428
2829,2832,Sturnella magna,Eastern Meadowlark,0.0239,D:/AcousticMonitoringData/ELDON4_Data/Week16\ELDON4_20250428_190200.wav,20250428
2829,2832,Passerina caerulea,Blue Grosbeak,0.0119,D:/AcousticMonitoringData/ELDON4_Data/Week16\ELDON4_20250428_190200.wav,20250428
2832,2835,Sturnella magna,Eastern Meadowlark,0.1315,D:/AcousticMonitoringData/ELDON4_Data/Week16\ELDON4_20250428_190200.wav,20250428
2832,2835,Spizella pusilla,Field Sparrow,0.0374,D:/AcousticMonitoringData/ELDON4_Data/Week16\ELDON4_20250428_190200.wav,20250428
2832,2835,Passerina caerulea,Blue Grosbeak,0.0105,D:/AcousticMonitoringData/ELDON4_Data/Week16\ELDON4_20250428_190200.wav,20250428
2835,2838,Geothlypis trichas,Common Yellowthroat,0.0234,D:/AcousticMonitoringData/ELDON4_Data/Week16\ELDON4_20250428_190200.wav,20250428
2835,2838,Sturnella magna,Eastern Meadowlark,0.0111,D:/AcousticMonitoringData/ELDON4_Data/Week16\ELDON4_20250428_190200.wav,20250428
2838,2841,Geothlypis trichas,Common Yellowthroat,0.0247,D:/AcousticMonitoringData/ELDON4_Data/Week16\ELDON4_20250428_190200.wav,20250428
2838,2841,Sturnella magna,Eastern Meadowlark,0.0137,D:/AcousticMonitoringData/ELDON4_Data/Week16\ELDON4_20250428_190200.wav,20250428
2841,2844,Geothlypis trichas,Common Yellowthroat,0.0257,D:/AcousticMonitoringData/ELDON4_Data/Week16\ELDON4_20250428_190200.wav,20250428
2844,2847,Geothlypis trichas,Common Yellowthroat,0.3265,D:/AcousticMonitoringData/ELDON4_Data/Week16\ELDON4_20250428_190200.wav,20250428
2847,2850,Geothlypis trichas,Common Yellowthroat,0.0177,D:/AcousticMonitoringData/ELDON4_Data/Week16\ELDON4_20250428_190200.wav,20250428
2853,2856,Sturnella magna,Eastern Meadowlark,0.0258,D:/AcousticMonitoringData/ELDON4_Data/Week16\ELDON4_20250428_190200.wav,20250428
2853,2856,Spizella pusilla,Field Sparrow,0.0143,D:/AcousticMonitoringData/ELDON4_Data/Week16\ELDON4_20250428_190200.wav,20250428
2859,2862,Geothlypis trichas,Common Yellowthroat,0.1635,D:/AcousticMonitoringData/ELDON4_Data/Week16\ELDON4_20250428_190200.wav,20250428
2859,2862,Spizella pusilla,Field Sparrow,0.0114,D:/AcousticMonitoringData/ELDON4_Data/Week16\ELDON4_20250428_190200.wav,20250428
2859,2862,Sturnella magna,Eastern Meadowlark,0.0103,D:/AcousticMonitoringData/ELDON4_Data/Week16\ELDON4_20250428_190200.wav,20250428
2862,2865,Geothlypis trichas,Common Yellowthroat,0.0109,D:/AcousticMonitoringData/ELDON4_Data/Week16\ELDON4_20250428_190200.wav,20250428
2868,2871,Geothlypis trichas,Common Yellowthroat,0.0323,D:/AcousticMonitoringData/ELDON4_Data/Week16\ELDON4_20250428_190200.wav,20250428
2868,2871,Melospiza melodia,Song Sparrow,0.0139,D:/AcousticMonitoringData/ELDON4_Data/Week16\ELDON4_20250428_190200.wav,20250428
2868,2871,Sturnella magna,Eastern Meadowlark,0.0139,D:/AcousticMonitoringData/ELDON4_Data/Week16\ELDON4_20250428_190200.wav,20250428
2868,2871,Spizella pusilla,Field Sparrow,0.0122,D:/AcousticMonitoringData/ELDON4_Data/Week16\ELDON4_20250428_190200.wav,20250428
2871,2874,Geothlypis trichas,Common Yellowthroat,0.0239,D:/AcousticMonitoringData/ELDON4_Data/Week16\ELDON4_20250428_190200.wav,20250428
2871,2874,Spizella pusilla,Field Sparrow,0.0211,D:/AcousticMonitoringData/ELDON4_Data/Week16\ELDON4_20250428_190200.wav,20250428
2871,2874,Sturnella magna,Eastern Meadowlark,0.0144,D:/AcousticMonitoringData/ELDON4_Data/Week16\ELDON4_20250428_190200.wav,20250428
2874,2877,Geothlypis trichas,Common Yellowthroat,0.0183,D:/AcousticMonitoringData/ELDON4_Data/Week16\ELDON4_20250428_190200.wav,20250428
2877,2880,Geothlypis trichas,Common Yellowthroat,0.0468,D:/AcousticMonitoringData/ELDON4_Data/Week16\ELDON4_20250428_190200.wav,20250428
2877,2880,Sturnella magna,Eastern Meadowlark,0.0202,D:/AcousticMonitoringData/ELDON4_Data/Week16\ELDON4_20250428_190200.wav,20250428
2877,2880,Spizella pusilla,Field Sparrow,0.0196,D:/AcousticMonitoringData/ELDON4_Data/Week16\ELDON4_20250428_190200.wav,20250428
2880,2883,Sturnella magna,Eastern Meadowlark,0.0266,D:/AcousticMonitoringData/ELDON4_Data/Week16\ELDON4_20250428_190200.wav,20250428
2883,2886,Geothlypis trichas,Common Yellowthroat,0.0324,D:/AcousticMonitoringData/ELDON4_Data/Week16\ELDON4_20250428_190200.wav,20250428
2883,2886,Melospiza melodia,Song Sparrow,0.0121,D:/AcousticMonitoringData/ELDON4_Data/Week16\ELDON4_20250428_190200.wav,20250428
2886,2889,Geothlypis trichas,Common Yellowthroat,0.0827,D:/AcousticMonitoringData/ELDON4_Data/Week16\ELDON4_20250428_190200.wav,20250428
2889,2892,Geothlypis trichas,Common Yellowthroat,0.0222,D:/AcousticMonitoringData/ELDON4_Data/Week16\ELDON4_20250428_190200.wav,20250428
2889,2892,Spizella pusilla,Field Sparrow,0.0211,D:/AcousticMonitoringData/ELDON4_Data/Week16\ELDON4_20250428_190200.wav,20250428
2892,2895,Geothlypis trichas,Common Yellowthroat,0.0335,D:/AcousticMonitoringData/ELDON4_Data/Week16\ELDON4_20250428_190200.wav,20250428
2892,2895,Spizella pusilla,Field Sparrow,0.0117,D:/AcousticMonitoringData/ELDON4_Data/Week16\ELDON4_20250428_190200.wav,20250428
2895,2898,Geothlypis trichas,Common Yellowthroat,0.0562,D:/AcousticMonitoringData/ELDON4_Data/Week16\ELDON4_20250428_190200.wav,20250428
2895,2898,Sturnella magna,Eastern Meadowlark,0.0209,D:/AcousticMonitoringData/ELDON4_Data/Week16\ELDON4_20250428_190200.wav,20250428
2895,2898,Spizella pusilla,Field Sparrow,0.0126,D:/AcousticMonitoringData/ELDON4_Data/Week16\ELDON4_20250428_190200.wav,20250428
2901,2904,Geothlypis trichas,Common Yellowthroat,0.1475,D:/AcousticMonitoringData/ELDON4_Data/Week16\ELDON4_20250428_190200.wav,20250428
2901,2904,Spizella pusilla,Field Sparrow,0.0168,D:/AcousticMonitoringData/ELDON4_Data/Week16\ELDON4_20250428_190200.wav,20250428
2901,2904,Sturnella magna,Eastern Meadowlark,0.0112,D:/AcousticMonitoringData/ELDON4_Data/Week16\ELDON4_20250428_190200.wav,20250428
2904,2907,Geothlypis trichas,Common Yellowthroat,0.0122,D:/AcousticMonitoringData/ELDON4_Data/Week16\ELDON4_20250428_190200.wav,20250428
2904,2907,Bartramia longicauda,Upland Sandpiper,0.0112,D:/AcousticMonitoringData/ELDON4_Data/Week16\ELDON4_20250428_190200.wav,20250428
2907,2910,Geothlypis trichas,Common Yellowthroat,0.0197,D:/AcousticMonitoringData/ELDON4_Data/Week16\ELDON4_20250428_190200.wav,20250428
2916,2919,Sturnella magna,Eastern Meadowlark,0.0162,D:/AcousticMonitoringData/ELDON4_Data/Week16\ELDON4_20250428_190200.wav,20250428
2916,2919,Spizella pusilla,Field Sparrow,0.0161,D:/AcousticMonitoringData/ELDON4_Data/Week16\ELDON4_20250428_190200.wav,20250428
2922,2925,Geothlypis trichas,Common Yellowthroat,0.0864,D:/AcousticMonitoringData/ELDON4_Data/Week16\ELDON4_20250428_190200.wav,20250428
2922,2925,Sturnella magna,Eastern Meadowlark,0.0283,D:/AcousticMonitoringData/ELDON4_Data/Week16\ELDON4_20250428_190200.wav,20250428
2922,2925,Spizella pusilla,Field Sparrow,0.0215,D:/AcousticMonitoringData/ELDON4_Data/Week16\ELDON4_20250428_190200.wav,20250428
2928,2931,Sturnella magna,Eastern Meadowlark,0.0233,D:/AcousticMonitoringData/ELDON4_Data/Week16\ELDON4_20250428_190200.wav,20250428
2934,2937,Sturnella magna,Eastern Meadowlark,0.0228,D:/AcousticMonitoringData/ELDON4_Data/Week16\ELDON4_20250428_190200.wav,20250428
2934,2937,Passerina caerulea,Blue Grosbeak,0.0137,D:/AcousticMonitoringData/ELDON4_Data/Week16\ELDON4_20250428_190200.wav,20250428
2934,2937,Spizella pusilla,Field Sparrow,0.0122,D:/AcousticMonitoringData/ELDON4_Data/Week16\ELDON4_20250428_190200.wav,20250428
2937,2940,Geothlypis trichas,Common Yellowthroat,0.0775,D:/AcousticMonitoringData/ELDON4_Data/Week16\ELDON4_20250428_190200.wav,20250428
2937,2940,Spizella pusilla,Field Sparrow,0.0287,D:/AcousticMonitoringData/ELDON4_Data/Week16\ELDON4_20250428_190200.wav,20250428
2937,2940,Sturnella magna,Eastern Meadowlark,0.0115,D:/AcousticMonitoringData/ELDON4_Data/Week16\ELDON4_20250428_190200.wav,20250428
2940,2943,Spizella pusilla,Field Sparrow,0.0324,D:/AcousticMonitoringData/ELDON4_Data/Week16\ELDON4_20250428_190200.wav,20250428
2940,2943,Sturnella magna,Eastern Meadowlark,0.0172,D:/AcousticMonitoringData/ELDON4_Data/Week16\ELDON4_20250428_190200.wav,20250428
2943,2946,Sturnella magna,Eastern Meadowlark,0.015,D:/AcousticMonitoringData/ELDON4_Data/Week16\ELDON4_20250428_190200.wav,20250428
2946,2949,Sturnella magna,Eastern Meadowlark,0.0247,D:/AcousticMonitoringData/ELDON4_Data/Week16\ELDON4_20250428_190200.wav,20250428
2946,2949,Spizella pusilla,Field Sparrow,0.0134,D:/AcousticMonitoringData/ELDON4_Data/Week16\ELDON4_20250428_190200.wav,20250428
2949,2952,Passerina caerulea,Blue Grosbeak,0.0117,D:/AcousticMonitoringData/ELDON4_Data/Week16\ELDON4_20250428_190200.wav,20250428
2952,2955,Geothlypis trichas,Common Yellowthroat,0.0299,D:/AcousticMonitoringData/ELDON4_Data/Week16\ELDON4_20250428_190200.wav,20250428
2955,2958,Geothlypis trichas,Common Yellowthroat,0.014,D:/AcousticMonitoringData/ELDON4_Data/Week16\ELDON4_20250428_190200.wav,20250428
2964,2967,Sturnella magna,Eastern Meadowlark,0.0217,D:/AcousticMonitoringData/ELDON4_Data/Week16\ELDON4_20250428_190200.wav,20250428
2967,2970,Spizella pusilla,Field Sparrow,0.0374,D:/AcousticMonitoringData/ELDON4_Data/Week16\ELDON4_20250428_190200.wav,20250428
2967,2970,Passerina caerulea,Blue Grosbeak,0.034,D:/AcousticMonitoringData/ELDON4_Data/Week16\ELDON4_20250428_190200.wav,20250428
2970,2973,Passerina caerulea,Blue Grosbeak,0.017,D:/AcousticMonitoringData/ELDON4_Data/Week16\ELDON4_20250428_190200.wav,20250428
2973,2976,Sturnella magna,Eastern Meadowlark,0.0241,D:/AcousticMonitoringData/ELDON4_Data/Week16\ELDON4_20250428_190200.wav,20250428
2973,2976,Spizella pusilla,Field Sparrow,0.0151,D:/AcousticMonitoringData/ELDON4_Data/Week16\ELDON4_20250428_190200.wav,20250428
2976,2979,Sturnella magna,Eastern Meadowlark,0.0129,D:/AcousticMonitoringData/ELDON4_Data/Week16\ELDON4_20250428_190200.wav,20250428
2979,2982,Geothlypis trichas,Common Yellowthroat,0.0308,D:/AcousticMonitoringData/ELDON4_Data/Week16\ELDON4_20250428_190200.wav,20250428
2979,2982,Spizella pusilla,Field Sparrow,0.0213,D:/AcousticMonitoringData/ELDON4_Data/Week16\ELDON4_20250428_190200.wav,20250428
2982,2985,Spizella pusilla,Field Sparrow,0.0124,D:/AcousticMonitoringData/ELDON4_Data/Week16\ELDON4_20250428_190200.wav,20250428
2988,2991,Sturnella magna,Eastern Meadowlark,0.0282,D:/AcousticMonitoringData/ELDON4_Data/Week16\ELDON4_20250428_190200.wav,20250428
2988,2991,Spizella pusilla,Field Sparrow,0.0124,D:/AcousticMonitoringData/ELDON4_Data/Week16\ELDON4_20250428_190200.wav,20250428
2991,2994,Spizella pusilla,Field Sparrow,0.0327,D:/AcousticMonitoringData/ELDON4_Data/Week16\ELDON4_20250428_190200.wav,20250428
2991,2994,Geothlypis trichas,Common Yellowthroat,0.0301,D:/AcousticMonitoringData/ELDON4_Data/Week16\ELDON4_20250428_190200.wav,20250428
2991,2994,Passerina caerulea,Blue Grosbeak,0.0289,D:/AcousticMonitoringData/ELDON4_Data/Week16\ELDON4_20250428_190200.wav,20250428
2994,2997,Passerina caerulea,Blue Grosbeak,0.0897,D:/AcousticMonitoringData/ELDON4_Data/Week16\ELDON4_20250428_190200.wav,20250428
2997,3000,Spizella pusilla,Field Sparrow,0.0569,D:/AcousticMonitoringData/ELDON4_Data/Week16\ELDON4_20250428_190200.wav,20250428
2997,3000,Sturnella magna,Eastern Meadowlark,0.0134,D:/AcousticMonitoringData/ELDON4_Data/Week16\ELDON4_20250428_190200.wav,20250428
2997,3000,Geothlypis trichas,Common Yellowthroat,0.0131,D:/AcousticMonitoringData/ELDON4_Data/Week16\ELDON4_20250428_190200.wav,20250428
3000,3003,Sturnella magna,Eastern Meadowlark,0.0379,D:/AcousticMonitoringData/ELDON4_Data/Week16\ELDON4_20250428_190200.wav,20250428
3000,3003,Spizella pusilla,Field Sparrow,0.0158,D:/AcousticMonitoringData/ELDON4_Data/Week16\ELDON4_20250428_190200.wav,20250428
3000,3003,Geothlypis trichas,Common Yellowthroat,0.0148,D:/AcousticMonitoringData/ELDON4_Data/Week16\ELDON4_20250428_190200.wav,20250428
3003,3006,Eremophila alpestris,Horned Lark,0.0166,D:/AcousticMonitoringData/ELDON4_Data/Week16\ELDON4_20250428_190200.wav,20250428
3006,3009,Sturnella magna,Eastern Meadowlark,0.0175,D:/AcousticMonitoringData/ELDON4_Data/Week16\ELDON4_20250428_190200.wav,20250428
3006,3009,Spizella pusilla,Field Sparrow,0.0105,D:/AcousticMonitoringData/ELDON4_Data/Week16\ELDON4_20250428_190200.wav,20250428
3009,3012,Sturnella magna,Eastern Meadowlark,0.0118,D:/AcousticMonitoringData/ELDON4_Data/Week16\ELDON4_20250428_190200.wav,20250428
3015,3018,Geothlypis trichas,Common Yellowthroat,0.0455,D:/AcousticMonitoringData/ELDON4_Data/Week16\ELDON4_20250428_190200.wav,20250428
3015,3018,Spizella pusilla,Field Sparrow,0.0187,D:/AcousticMonitoringData/ELDON4_Data/Week16\ELDON4_20250428_190200.wav,20250428
3018,3021,Sturnella magna,Eastern Meadowlark,0.0169,D:/AcousticMonitoringData/ELDON4_Data/Week16\ELDON4_20250428_190200.wav,20250428
3018,3021,Passerina caerulea,Blue Grosbeak,0.0137,D:/AcousticMonitoringData/ELDON4_Data/Week16\ELDON4_20250428_190200.wav,20250428
3018,3021,Spizella pusilla,Field Sparrow,0.0125,D:/AcousticMonitoringData/ELDON4_Data/Week16\ELDON4_20250428_190200.wav,20250428
3024,3027,Spizella pusilla,Field Sparrow,0.04,D:/AcousticMonitoringData/ELDON4_Data/Week16\ELDON4_20250428_190200.wav,20250428
3027,3030,Sturnella magna,Eastern Meadowlark,0.0432,D:/AcousticMonitoringData/ELDON4_Data/Week16\ELDON4_20250428_190200.wav,20250428
3027,3030,Spizella pusilla,Field Sparrow,0.0112,D:/AcousticMonitoringData/ELDON4_Data/Week16\ELDON4_20250428_190200.wav,20250428
3027,3030,Geothlypis trichas,Common Yellowthroat,0.0105,D:/AcousticMonitoringData/ELDON4_Data/Week16\ELDON4_20250428_190200.wav,20250428
3033,3036,Sturnella magna,Eastern Meadowlark,0.0479,D:/AcousticMonitoringData/ELDON4_Data/Week16\ELDON4_20250428_190200.wav,20250428
3033,3036,Bartramia longicauda,Upland Sandpiper,0.0229,D:/AcousticMonitoringData/ELDON4_Data/Week16\ELDON4_20250428_190200.wav,20250428
3033,3036,Passerina caerulea,Blue Grosbeak,0.0133,D:/AcousticMonitoringData/ELDON4_Data/Week16\ELDON4_20250428_190200.wav,20250428
3033,3036,Eremophila alpestris,Horned Lark,0.0117,D:/AcousticMonitoringData/ELDON4_Data/Week16\ELDON4_20250428_190200.wav,20250428
3042,3045,Passerina caerulea,Blue Grosbeak,0.0136,D:/AcousticMonitoringData/ELDON4_Data/Week16\ELDON4_20250428_190200.wav,20250428
3042,3045,Sturnella magna,Eastern Meadowlark,0.0127,D:/AcousticMonitoringData/ELDON4_Data/Week16\ELDON4_20250428_190200.wav,20250428
3045,3048,Sturnella magna,Eastern Meadowlark,0.0166,D:/AcousticMonitoringData/ELDON4_Data/Week16\ELDON4_20250428_190200.wav,20250428
3048,3051,Spizella pusilla,Field Sparrow,0.0101,D:/AcousticMonitoringData/ELDON4_Data/Week16\ELDON4_20250428_190200.wav,20250428
3051,3054,Spizella pusilla,Field Sparrow,0.0701,D:/AcousticMonitoringData/ELDON4_Data/Week16\ELDON4_20250428_190200.wav,20250428
3051,3054,Geothlypis trichas,Common Yellowthroat,0.0216,D:/AcousticMonitoringData/ELDON4_Data/Week16\ELDON4_20250428_190200.wav,20250428
3051,3054,Sturnella magna,Eastern Meadowlark,0.0136,D:/AcousticMonitoringData/ELDON4_Data/Week16\ELDON4_20250428_190200.wav,20250428
3051,3054,Passerina caerulea,Blue Grosbeak,0.011,D:/AcousticMonitoringData/ELDON4_Data/Week16\ELDON4_20250428_190200.wav,20250428
3072,3075,Sturnella magna,Eastern Meadowlark,0.0172,D:/AcousticMonitoringData/ELDON4_Data/Week16\ELDON4_20250428_190200.wav,20250428
3075,3078,Spizella pusilla,Field Sparrow,0.0397,D:/AcousticMonitoringData/ELDON4_Data/Week16\ELDON4_20250428_190200.wav,20250428
3075,3078,Geothlypis trichas,Common Yellowthroat,0.0321,D:/AcousticMonitoringData/ELDON4_Data/Week16\ELDON4_20250428_190200.wav,20250428
3075,3078,Sturnella magna,Eastern Meadowlark,0.0166,D:/AcousticMonitoringData/ELDON4_Data/Week16\ELDON4_20250428_190200.wav,20250428
3078,3081,Spizella pusilla,Field Sparrow,0.0147,D:/AcousticMonitoringData/ELDON4_Data/Week16\ELDON4_20250428_190200.wav,20250428
3081,3084,Sturnella magna,Eastern Meadowlark,0.0218,D:/AcousticMonitoringData/ELDON4_Data/Week16\ELDON4_20250428_190200.wav,20250428
3081,3084,Bartramia longicauda,Upland Sandpiper,0.013,D:/AcousticMonitoringData/ELDON4_Data/Week16\ELDON4_20250428_190200.wav,20250428
3084,3087,Sturnella magna,Eastern Meadowlark,0.013,D:/AcousticMonitoringData/ELDON4_Data/Week16\ELDON4_20250428_190200.wav,20250428
3087,3090,Spizella pusilla,Field Sparrow,0.0403,D:/AcousticMonitoringData/ELDON4_Data/Week16\ELDON4_20250428_190200.wav,20250428
3087,3090,Geothlypis trichas,Common Yellowthroat,0.0181,D:/AcousticMonitoringData/ELDON4_Data/Week16\ELDON4_20250428_190200.wav,20250428
3087,3090,Sturnella magna,Eastern Meadowlark,0.0155,D:/AcousticMonitoringData/ELDON4_Data/Week16\ELDON4_20250428_190200.wav,20250428
3090,3093,Sturnella magna,Eastern Meadowlark,0.0192,D:/AcousticMonitoringData/ELDON4_Data/Week16\ELDON4_20250428_190200.wav,20250428
3093,3096,Spizella pusilla,Field Sparrow,0.0335,D:/AcousticMonitoringData/ELDON4_Data/Week16\ELDON4_20250428_190200.wav,20250428
3096,3099,Geothlypis trichas,Common Yellowthroat,0.021,D:/AcousticMonitoringData/ELDON4_Data/Week16\ELDON4_20250428_190200.wav,20250428
3096,3099,Sturnella magna,Eastern Meadowlark,0.0174,D:/AcousticMonitoringData/ELDON4_Data/Week16\ELDON4_20250428_190200.wav,20250428
3096,3099,Passerina caerulea,Blue Grosbeak,0.0104,D:/AcousticMonitoringData/ELDON4_Data/Week16\ELDON4_20250428_190200.wav,20250428
3114,3117,Spizella pusilla,Field Sparrow,0.0113,D:/AcousticMonitoringData/ELDON4_Data/Week16\ELDON4_20250428_190200.wav,20250428
3114,3117,Sturnella magna,Eastern Meadowlark,0.0107,D:/AcousticMonitoringData/ELDON4_Data/Week16\ELDON4_20250428_190200.wav,20250428
3132,3135,Geothlypis trichas,Common Yellowthroat,0.0432,D:/AcousticMonitoringData/ELDON4_Data/Week16\ELDON4_20250428_190200.wav,20250428
3132,3135,Melospiza melodia,Song Sparrow,0.0107,D:/AcousticMonitoringData/ELDON4_Data/Week16\ELDON4_20250428_190200.wav,20250428
3135,3138,Spizella pusilla,Field Sparrow,0.0181,D:/AcousticMonitoringData/ELDON4_Data/Week16\ELDON4_20250428_190200.wav,20250428
3135,3138,Geothlypis trichas,Common Yellowthroat,0.015,D:/AcousticMonitoringData/ELDON4_Data/Week16\ELDON4_20250428_190200.wav,20250428
3138,3141,Geothlypis trichas,Common Yellowthroat,0.0269,D:/AcousticMonitoringData/ELDON4_Data/Week16\ELDON4_20250428_190200.wav,20250428
3138,3141,Melospiza melodia,Song Sparrow,0.0183,D:/AcousticMonitoringData/ELDON4_Data/Week16\ELDON4_20250428_190200.wav,20250428
3141,3144,Geothlypis trichas,Common Yellowthroat,0.0327,D:/AcousticMonitoringData/ELDON4_Data/Week16\ELDON4_20250428_190200.wav,20250428
3153,3156,Geothlypis trichas,Common Yellowthroat,0.0593,D:/AcousticMonitoringData/ELDON4_Data/Week16\ELDON4_20250428_190200.wav,20250428
3153,3156,Spizella pusilla,Field Sparrow,0.0255,D:/AcousticMonitoringData/ELDON4_Data/Week16\ELDON4_20250428_190200.wav,20250428
3153,3156,Sturnella magna,Eastern Meadowlark,0.023,D:/AcousticMonitoringData/ELDON4_Data/Week16\ELDON4_20250428_190200.wav,20250428
3159,3162,Sturnella magna,Eastern Meadowlark,0.0217,D:/AcousticMonitoringData/ELDON4_Data/Week16\ELDON4_20250428_190200.wav,20250428
3165,3168,Sturnella magna,Eastern Meadowlark,0.0116,D:/AcousticMonitoringData/ELDON4_Data/Week16\ELDON4_20250428_190200.wav,20250428
3171,3174,Sturnella magna,Eastern Meadowlark,0.0127,D:/AcousticMonitoringData/ELDON4_Data/Week16\ELDON4_20250428_190200.wav,20250428
3174,3177,Geothlypis trichas,Common Yellowthroat,0.1119,D:/AcousticMonitoringData/ELDON4_Data/Week16\ELDON4_20250428_190200.wav,20250428
3174,3177,Spizella pusilla,Field Sparrow,0.0156,D:/AcousticMonitoringData/ELDON4_Data/Week16\ELDON4_20250428_190200.wav,20250428
3177,3180,Geothlypis trichas,Common Yellowthroat,0.0227,D:/AcousticMonitoringData/ELDON4_Data/Week16\ELDON4_20250428_190200.wav,20250428
3189,3192,Sturnella magna,Eastern Meadowlark,0.0256,D:/AcousticMonitoringData/ELDON4_Data/Week16\ELDON4_20250428_190200.wav,20250428
3189,3192,Passerina caerulea,Blue Grosbeak,0.0154,D:/AcousticMonitoringData/ELDON4_Data/Week16\ELDON4_20250428_190200.wav,20250428
3192,3195,Spizella pusilla,Field Sparrow,0.0141,D:/AcousticMonitoringData/ELDON4_Data/Week16\ELDON4_20250428_190200.wav,20250428
3198,3201,Geothlypis trichas,Common Yellowthroat,0.0121,D:/AcousticMonitoringData/ELDON4_Data/Week16\ELDON4_20250428_190200.wav,20250428
3216,3219,Sturnella magna,Eastern Meadowlark,0.0212,D:/AcousticMonitoringData/ELDON4_Data/Week16\ELDON4_20250428_190200.wav,20250428
3216,3219,Geothlypis trichas,Common Yellowthroat,0.0104,D:/AcousticMonitoringData/ELDON4_Data/Week16\ELDON4_20250428_190200.wav,20250428
3219,3222,Spizella pusilla,Field Sparrow,0.053,D:/AcousticMonitoringData/ELDON4_Data/Week16\ELDON4_20250428_190200.wav,20250428
3219,3222,Geothlypis trichas,Common Yellowthroat,0.0229,D:/AcousticMonitoringData/ELDON4_Data/Week16\ELDON4_20250428_190200.wav,20250428
3222,3225,Sturnella magna,Eastern Meadowlark,0.0195,D:/AcousticMonitoringData/ELDON4_Data/Week16\ELDON4_20250428_190200.wav,20250428
3222,3225,Spizella pusilla,Field Sparrow,0.0134,D:/AcousticMonitoringData/ELDON4_Data/Week16\ELDON4_20250428_190200.wav,20250428
3231,3234,Geothlypis trichas,Common Yellowthroat,0.0144,D:/AcousticMonitoringData/ELDON4_Data/Week16\ELDON4_20250428_190200.wav,20250428
3237,3240,Spizella pusilla,Field Sparrow,0.0194,D:/AcousticMonitoringData/ELDON4_Data/Week16\ELDON4_20250428_190200.wav,20250428
3237,3240,Sturnella magna,Eastern Meadowlark,0.0109,D:/AcousticMonitoringData/ELDON4_Data/Week16\ELDON4_20250428_190200.wav,20250428
3249,3252,Geothlypis trichas,Common Yellowthroat,0.0299,D:/AcousticMonitoringData/ELDON4_Data/Week16\ELDON4_20250428_190200.wav,20250428
3249,3252,Melospiza melodia,Song Sparrow,0.0136,D:/AcousticMonitoringData/ELDON4_Data/Week16\ELDON4_20250428_190200.wav,20250428
3252,3255,Geothlypis trichas,Common Yellowthroat,0.0108,D:/AcousticMonitoringData/ELDON4_Data/Week16\ELDON4_20250428_190200.wav,20250428
3264,3267,Passerina caerulea,Blue Grosbeak,0.0236,D:/AcousticMonitoringData/ELDON4_Data/Week16\ELDON4_20250428_190200.wav,20250428
3264,3267,Spizella pusilla,Field Sparrow,0.0197,D:/AcousticMonitoringData/ELDON4_Data/Week16\ELDON4_20250428_190200.wav,20250428
3270,3273,Geothlypis trichas,Common Yellowthroat,0.1103,D:/AcousticMonitoringData/ELDON4_Data/Week16\ELDON4_20250428_190200.wav,20250428
3270,3273,Spizella pusilla,Field Sparrow,0.0269,D:/AcousticMonitoringData/ELDON4_Data/Week16\ELDON4_20250428_190200.wav,20250428
3270,3273,Sturnella magna,Eastern Meadowlark,0.0162,D:/AcousticMonitoringData/ELDON4_Data/Week16\ELDON4_20250428_190200.wav,20250428
3300,3303,Sturnella magna,Eastern Meadowlark,0.0387,D:/AcousticMonitoringData/ELDON4_Data/Week16\ELDON4_20250428_190200.wav,20250428
3300,3303,Passerina caerulea,Blue Grosbeak,0.0136,D:/AcousticMonitoringData/ELDON4_Data/Week16\ELDON4_20250428_190200.wav,20250428
3315,3318,Passerina caerulea,Blue Grosbeak,0.0128,D:/AcousticMonitoringData/ELDON4_Data/Week16\ELDON4_20250428_190200.wav,20250428
3330,3333,Geothlypis trichas,Common Yellowthroat,0.022,D:/AcousticMonitoringData/ELDON4_Data/Week16\ELDON4_20250428_190200.wav,20250428
3330,3333,Spizella pusilla,Field Sparrow,0.0208,D:/AcousticMonitoringData/ELDON4_Data/Week16\ELDON4_20250428_190200.wav,20250428
3339,3342,Sturnella magna,Eastern Meadowlark,0.0123,D:/AcousticMonitoringData/ELDON4_Data/Week16\ELDON4_20250428_190200.wav,20250428
3342,3345,Passerina caerulea,Blue Grosbeak,0.0204,D:/AcousticMonitoringData/ELDON4_Data/Week16\ELDON4_20250428_190200.wav,20250428
3342,3345,Spizella pusilla,Field Sparrow,0.0201,D:/AcousticMonitoringData/ELDON4_Data/Week16\ELDON4_20250428_190200.wav,20250428
3342,3345,Sturnella magna,Eastern Meadowlark,0.0155,D:/AcousticMonitoringData/ELDON4_Data/Week16\ELDON4_20250428_190200.wav,20250428
3345,3348,Spizella pusilla,Field Sparrow,0.0185,D:/AcousticMonitoringData/ELDON4_Data/Week16\ELDON4_20250428_190200.wav,20250428
3348,3351,Geothlypis trichas,Common Yellowthroat,0.0252,D:/AcousticMonitoringData/ELDON4_Data/Week16\ELDON4_20250428_190200.wav,20250428
3348,3351,Spizella pusilla,Field Sparrow,0.0147,D:/AcousticMonitoringData/ELDON4_Data/Week16\ELDON4_20250428_190200.wav,20250428
3348,3351,Sturnella magna,Eastern Meadowlark,0.0112,D:/AcousticMonitoringData/ELDON4_Data/Week16\ELDON4_20250428_190200.wav,20250428
3354,3357,Spizella pusilla,Field Sparrow,0.1394,D:/AcousticMonitoringData/ELDON4_Data/Week16\ELDON4_20250428_190200.wav,20250428
3357,3360,Sturnella magna,Eastern Meadowlark,0.0451,D:/AcousticMonitoringData/ELDON4_Data/Week16\ELDON4_20250428_190200.wav,20250428
3363,3366,Sturnella magna,Eastern Meadowlark,0.0168,D:/AcousticMonitoringData/ELDON4_Data/Week16\ELDON4_20250428_190200.wav,20250428
3366,3369,Geothlypis trichas,Common Yellowthroat,0.1215,D:/AcousticMonitoringData/ELDON4_Data/Week16\ELDON4_20250428_190200.wav,20250428
3366,3369,Sturnella magna,Eastern Meadowlark,0.0298,D:/AcousticMonitoringData/ELDON4_Data/Week16\ELDON4_20250428_190200.wav,20250428
3366,3369,Spizella pusilla,Field Sparrow,0.0133,D:/AcousticMonitoringData/ELDON4_Data/Week16\ELDON4_20250428_190200.wav,20250428
3372,3375,Geothlypis trichas,Common Yellowthroat,0.0188,D:/AcousticMonitoringData/ELDON4_Data/Week16\ELDON4_20250428_190200.wav,20250428
3372,3375,Sturnella magna,Eastern Meadowlark,0.0133,D:/AcousticMonitoringData/ELDON4_Data/Week16\ELDON4_20250428_190200.wav,20250428
3372,3375,Passerina caerulea,Blue Grosbeak,0.0103,D:/AcousticMonitoringData/ELDON4_Data/Week16\ELDON4_20250428_190200.wav,20250428
3375,3378,Geothlypis trichas,Common Yellowthroat,0.0304,D:/AcousticMonitoringData/ELDON4_Data/Week16\ELDON4_20250428_190200.wav,20250428
3375,3378,Sturnella magna,Eastern Meadowlark,0.0204,D:/AcousticMonitoringData/ELDON4_Data/Week16\ELDON4_20250428_190200.wav,20250428
3375,3378,Spizella pusilla,Field Sparrow,0.0178,D:/AcousticMonitoringData/ELDON4_Data/Week16\ELDON4_20250428_190200.wav,20250428
3378,3381,Sturnella magna,Eastern Meadowlark,0.0386,D:/AcousticMonitoringData/ELDON4_Data/Week16\ELDON4_20250428_190200.wav,20250428
3378,3381,Geothlypis trichas,Common Yellowthroat,0.0218,D:/AcousticMonitoringData/ELDON4_Data/Week16\ELDON4_20250428_190200.wav,20250428
3378,3381,Spizella pusilla,Field Sparrow,0.0177,D:/AcousticMonitoringData/ELDON4_Data/Week16\ELDON4_20250428_190200.wav,20250428
3381,3384,Sturnella magna,Eastern Meadowlark,0.0416,D:/AcousticMonitoringData/ELDON4_Data/Week16\ELDON4_20250428_190200.wav,20250428
3381,3384,Spizella pusilla,Field Sparrow,0.0195,D:/AcousticMonitoringData/ELDON4_Data/Week16\ELDON4_20250428_190200.wav,20250428
3384,3387,Sturnella magna,Eastern Meadowlark,0.04,D:/AcousticMonitoringData/ELDON4_Data/Week16\ELDON4_20250428_190200.wav,20250428
3384,3387,Geothlypis trichas,Common Yellowthroat,0.0341,D:/AcousticMonitoringData/ELDON4_Data/Week16\ELDON4_20250428_190200.wav,20250428
3384,3387,Spizella pusilla,Field Sparrow,0.0215,D:/AcousticMonitoringData/ELDON4_Data/Week16\ELDON4_20250428_190200.wav,20250428
3384,3387,Passerina caerulea,Blue Grosbeak,0.0131,D:/AcousticMonitoringData/ELDON4_Data/Week16\ELDON4_20250428_190200.wav,20250428
3390,3393,Sturnella magna,Eastern Meadowlark,0.0278,D:/AcousticMonitoringData/ELDON4_Data/Week16\ELDON4_20250428_190200.wav,20250428
3390,3393,Spizella pusilla,Field Sparrow,0.0146,D:/AcousticMonitoringData/ELDON4_Data/Week16\ELDON4_20250428_190200.wav,20250428
3390,3393,Geothlypis trichas,Common Yellowthroat,0.0123,D:/AcousticMonitoringData/ELDON4_Data/Week16\ELDON4_20250428_190200.wav,20250428
3393,3396,Geothlypis trichas,Common Yellowthroat,0.0122,D:/AcousticMonitoringData/ELDON4_Data/Week16\ELDON4_20250428_190200.wav,20250428
3393,3396,Sturnella magna,Eastern Meadowlark,0.0108,D:/AcousticMonitoringData/ELDON4_Data/Week16\ELDON4_20250428_190200.wav,20250428
3396,3399,Sturnella magna,Eastern Meadowlark,0.0218,D:/AcousticMonitoringData/ELDON4_Data/Week16\ELDON4_20250428_190200.wav,20250428
3399,3402,Sturnella magna,Eastern Meadowlark,0.0267,D:/AcousticMonitoringData/ELDON4_Data/Week16\ELDON4_20250428_190200.wav,20250428
3399,3402,Spizella pusilla,Field Sparrow,0.0225,D:/AcousticMonitoringData/ELDON4_Data/Week16\ELDON4_20250428_190200.wav,20250428
3399,3402,Passerina caerulea,Blue Grosbeak,0.0148,D:/AcousticMonitoringData/ELDON4_Data/Week16\ELDON4_20250428_190200.wav,20250428
3399,3402,Geothlypis trichas,Common Yellowthroat,0.0105,D:/AcousticMonitoringData/ELDON4_Data/Week16\ELDON4_20250428_190200.wav,20250428
3402,3405,Sturnella magna,Eastern Meadowlark,0.0191,D:/AcousticMonitoringData/ELDON4_Data/Week16\ELDON4_20250428_190200.wav,20250428
3405,3408,Geothlypis trichas,Common Yellowthroat,0.0329,D:/AcousticMonitoringData/ELDON4_Data/Week16\ELDON4_20250428_190200.wav,20250428
3405,3408,Sturnella magna,Eastern Meadowlark,0.0263,D:/AcousticMonitoringData/ELDON4_Data/Week16\ELDON4_20250428_190200.wav,20250428
3405,3408,Spizella pusilla,Field Sparrow,0.02,D:/AcousticMonitoringData/ELDON4_Data/Week16\ELDON4_20250428_190200.wav,20250428
3408,3411,Sturnella magna,Eastern Meadowlark,0.037,D:/AcousticMonitoringData/ELDON4_Data/Week16\ELDON4_20250428_190200.wav,20250428
3408,3411,Spizella pusilla,Field Sparrow,0.0179,D:/AcousticMonitoringData/ELDON4_Data/Week16\ELDON4_20250428_190200.wav,20250428
3408,3411,Passerina caerulea,Blue Grosbeak,0.0114,D:/AcousticMonitoringData/ELDON4_Data/Week16\ELDON4_20250428_190200.wav,20250428
3411,3414,Sturnella magna,Eastern Meadowlark,0.0109,D:/AcousticMonitoringData/ELDON4_Data/Week16\ELDON4_20250428_190200.wav,20250428
3417,3420,Geothlypis trichas,Common Yellowthroat,0.1228,D:/AcousticMonitoringData/ELDON4_Data/Week16\ELDON4_20250428_190200.wav,20250428
3417,3420,Melospiza melodia,Song Sparrow,0.0144,D:/AcousticMonitoringData/ELDON4_Data/Week16\ELDON4_20250428_190200.wav,20250428
3420,3423,Spizella pusilla,Field Sparrow,0.0402,D:/AcousticMonitoringData/ELDON4_Data/Week16\ELDON4_20250428_190200.wav,20250428
3420,3423,Geothlypis trichas,Common Yellowthroat,0.0224,D:/AcousticMonitoringData/ELDON4_Data/Week16\ELDON4_20250428_190200.wav,20250428
3420,3423,Sturnella magna,Eastern Meadowlark,0.0173,D:/AcousticMonitoringData/ELDON4_Data/Week16\ELDON4_20250428_190200.wav,20250428
3423,3426,Sturnella magna,Eastern Meadowlark,0.0642,D:/AcousticMonitoringData/ELDON4_Data/Week16\ELDON4_20250428_190200.wav,20250428
3426,3429,Sturnella magna,Eastern Meadowlark,0.0198,D:/AcousticMonitoringData/ELDON4_Data/Week16\ELDON4_20250428_190200.wav,20250428
3426,3429,Geothlypis trichas,Common Yellowthroat,0.0158,D:/AcousticMonitoringData/ELDON4_Data/Week16\ELDON4_20250428_190200.wav,20250428
3432,3435,Sturnella magna,Eastern Meadowlark,0.0106,D:/AcousticMonitoringData/ELDON4_Data/Week16\ELDON4_20250428_190200.wav,20250428
3435,3438,Geothlypis trichas,Common Yellowthroat,0.0294,D:/AcousticMonitoringData/ELDON4_Data/Week16\ELDON4_20250428_190200.wav,20250428
3438,3441,Geothlypis trichas,Common Yellowthroat,0.0598,D:/AcousticMonitoringData/ELDON4_Data/Week16\ELDON4_20250428_190200.wav,20250428
3438,3441,Sturnella magna,Eastern Meadowlark,0.0151,D:/AcousticMonitoringData/ELDON4_Data/Week16\ELDON4_20250428_190200.wav,20250428
3447,3450,Geothlypis trichas,Common Yellowthroat,0.1078,D:/AcousticMonitoringData/ELDON4_Data/Week16\ELDON4_20250428_190200.wav,20250428
3447,3450,Spizella pusilla,Field Sparrow,0.0164,D:/AcousticMonitoringData/ELDON4_Data/Week16\ELDON4_20250428_190200.wav,20250428
3453,3456,Spizella pusilla,Field Sparrow,0.0823,D:/AcousticMonitoringData/ELDON4_Data/Week16\ELDON4_20250428_190200.wav,20250428
3453,3456,Sturnella magna,Eastern Meadowlark,0.0368,D:/AcousticMonitoringData/ELDON4_Data/Week16\ELDON4_20250428_190200.wav,20250428
3459,3462,Geothlypis trichas,Common Yellowthroat,0.0366,D:/AcousticMonitoringData/ELDON4_Data/Week16\ELDON4_20250428_190200.wav,20250428
3462,3465,Geothlypis trichas,Common Yellowthroat,0.3738,D:/AcousticMonitoringData/ELDON4_Data/Week16\ELDON4_20250428_190200.wav,20250428
3465,3468,Spizella pusilla,Field Sparrow,0.084,D:/AcousticMonitoringData/ELDON4_Data/Week16\ELDON4_20250428_190200.wav,20250428
3465,3468,Geothlypis trichas,Common Yellowthroat,0.02,D:/AcousticMonitoringData/ELDON4_Data/Week16\ELDON4_20250428_190200.wav,20250428
3468,3471,Geothlypis trichas,Common Yellowthroat,0.0106,D:/AcousticMonitoringData/ELDON4_Data/Week16\ELDON4_20250428_190200.wav,20250428
3474,3477,Spizella pusilla,Field Sparrow,0.0348,D:/AcousticMonitoringData/ELDON4_Data/Week16\ELDON4_20250428_190200.wav,20250428
3474,3477,Passerina caerulea,Blue Grosbeak,0.0166,D:/AcousticMonitoringData/ELDON4_Data/Week16\ELDON4_20250428_190200.wav,20250428
3477,3480,Geothlypis trichas,Common Yellowthroat,0.0412,D:/AcousticMonitoringData/ELDON4_Data/Week16\ELDON4_20250428_190200.wav,20250428
3477,3480,Sturnella magna,Eastern Meadowlark,0.0158,D:/AcousticMonitoringData/ELDON4_Data/Week16\ELDON4_20250428_190200.wav,20250428
3477,3480,Passerina caerulea,Blue Grosbeak,0.0128,D:/AcousticMonitoringData/ELDON4_Data/Week16\ELDON4_20250428_190200.wav,20250428
3477,3480,Spizella pusilla,Field Sparrow,0.0123,D:/AcousticMonitoringData/ELDON4_Data/Week16\ELDON4_20250428_190200.wav,20250428
3486,3489,Sturnella magna,Eastern Meadowlark,0.0112,D:/AcousticMonitoringData/ELDON4_Data/Week16\ELDON4_20250428_190200.wav,20250428
3495,3498,Geothlypis trichas,Common Yellowthroat,0.0269,D:/AcousticMonitoringData/ELDON4_Data/Week16\ELDON4_20250428_190200.wav,20250428
3495,3498,Spizella pusilla,Field Sparrow,0.0136,D:/AcousticMonitoringData/ELDON4_Data/Week16\ELDON4_20250428_190200.wav,20250428
3501,3504,Geothlypis trichas,Common Yellowthroat,0.0263,D:/AcousticMonitoringData/ELDON4_Data/Week16\ELDON4_20250428_190200.wav,20250428
3507,3510,Geothlypis trichas,Common Yellowthroat,0.1607,D:/AcousticMonitoringData/ELDON4_Data/Week16\ELDON4_20250428_190200.wav,20250428
3507,3510,Spizella pusilla,Field Sparrow,0.0204,D:/AcousticMonitoringData/ELDON4_Data/Week16\ELDON4_20250428_190200.wav,20250428
3549,3552,Geothlypis trichas,Common Yellowthroat,0.0322,D:/AcousticMonitoringData/ELDON4_Data/Week16\ELDON4_20250428_190200.wav,20250428
3549,3552,Spizella pusilla,Field Sparrow,0.0277,D:/AcousticMonitoringData/ELDON4_Data/Week16\ELDON4_20250428_190200.wav,20250428
3549,3552,Sturnella magna,Eastern Meadowlark,0.0136,D:/AcousticMonitoringData/ELDON4_Data/Week16\ELDON4_20250428_190200.wav,20250428
3558,3561,Sturnella magna,Eastern Meadowlark,0.0199,D:/AcousticMonitoringData/ELDON4_Data/Week16\ELDON4_20250428_190200.wav,20250428
3564,3567,Geothlypis trichas,Common Yellowthroat,0.0122,D:/AcousticMonitoringData/ELDON4_Data/Week16\ELDON4_20250428_190200.wav,20250428
3567,3570,Geothlypis trichas,Common Yellowthroat,0.021,D:/AcousticMonitoringData/ELDON4_Data/Week16\ELDON4_20250428_190200.wav,20250428
3567,3570,Sturnella magna,Eastern Meadowlark,0.0134,D:/AcousticMonitoringData/ELDON4_Data/Week16\ELDON4_20250428_190200.wav,20250428
3567,3570,Spizella pusilla,Field Sparrow,0.0102,D:/AcousticMonitoringData/ELDON4_Data/Week16\ELDON4_20250428_190200.wav,20250428
3570,3573,Passerina caerulea,Blue Grosbeak,0.0298,D:/AcousticMonitoringData/ELDON4_Data/Week16\ELDON4_20250428_190200.wav,20250428
3579,3582,Geothlypis trichas,Common Yellowthroat,0.0273,D:/AcousticMonitoringData/ELDON4_Data/Week16\ELDON4_20250428_190200.wav,20250428
3579,3582,Sturnella magna,Eastern Meadowlark,0.0142,D:/AcousticMonitoringData/ELDON4_Data/Week16\ELDON4_20250428_190200.wav,20250428
3579,3582,Spizella pusilla,Field Sparrow,0.0119,D:/AcousticMonitoringData/ELDON4_Data/Week16\ELDON4_20250428_190200.wav,20250428
3582,3585,Passerina caerulea,Blue Grosbeak,0.0108,D:/AcousticMonitoringData/ELDON4_Data/Week16\ELDON4_20250428_190200.wav,20250428
3594,3597,Geothlypis trichas,Common Yellowthroat,0.1303,D:/AcousticMonitoringData/ELDON4_Data/Week16\ELDON4_20250428_190200.wav,20250428
3594,3597,Spizella pusilla,Field Sparrow,0.0128,D:/AcousticMonitoringData/ELDON4_Data/Week16\ELDON4_20250428_190200.wav,20250428
3600,3603,Geothlypis trichas,Common Yellowthroat,0.1356,D:/AcousticMonitoringData/ELDON4_Data/Week16\ELDON4_20250428_190200.wav,20250428
3600,3603,Spizella pusilla,Field Sparrow,0.0247,D:/AcousticMonitoringData/ELDON4_Data/Week16\ELDON4_20250428_190200.wav,20250428
3600,3603,Passerina caerulea,Blue Grosbeak,0.0101,D:/AcousticMonitoringData/ELDON4_Data/Week16\ELDON4_20250428_190200.wav,20250428
