Start (s),End (s),Scientific name,Common name,Confidence,File,Date
6,9,Geothlypis trichas,Common Yellowthroat,0.101,D:\AcousticMonitoringData\ELDON4_Data\Week26\ELDON4_20250714_050000.wav,20250714
6,9,Passerina caerulea,Blue Grosbeak,0.0833,D:\AcousticMonitoringData\ELDON4_Data\Week26\ELDON4_20250714_050000.wav,20250714
12,15,Geothlypis trichas,Common Yellowthroat,0.0608,D:\AcousticMonitoringData\ELDON4_Data\Week26\ELDON4_20250714_050000.wav,20250714
15,18,Geothlypis trichas,Common Yellowthroat,0.2647,D:\AcousticMonitoringData\ELDON4_Data\Week26\ELDON4_20250714_050000.wav,20250714
15,18,Passerina caerulea,Blue Grosbeak,0.0673,D:\AcousticMonitoringData\ELDON4_Data\Week26\ELDON4_20250714_050000.wav,20250714
33,36,Geothlypis trichas,Common Yellowthroat,0.1325,D:\AcousticMonitoringData\ELDON4_Data\Week26\ELDON4_20250714_050000.wav,20250714
33,36,Passerina caerulea,Blue Grosbeak,0.0503,D:\AcousticMonitoringData\ELDON4_Data\Week26\ELDON4_20250714_050000.wav,20250714
36,39,Geothlypis trichas,Common Yellowthroat,0.7347,D:\AcousticMonitoringData\ELDON4_Data\Week26\ELDON4_20250714_050000.wav,20250714
36,39,Passerina caerulea,Blue Grosbeak,0.0702,D:\AcousticMonitoringData\ELDON4_Data\Week26\ELDON4_20250714_050000.wav,20250714
39,42,Passerina caerulea,Blue Grosbeak,0.14,D:\AcousticMonitoringData\ELDON4_Data\Week26\ELDON4_20250714_050000.wav,20250714
42,45,Geothlypis trichas,Common Yellowthroat,0.262,D:\AcousticMonitoringData\ELDON4_Data\Week26\ELDON4_20250714_050000.wav,20250714
45,48,Geothlypis trichas,Common Yellowthroat,0.1914,D:\AcousticMonitoringData\ELDON4_Data\Week26\ELDON4_20250714_050000.wav,20250714
57,60,Geothlypis trichas,Common Yellowthroat,0.2931,D:\AcousticMonitoringData\ELDON4_Data\Week26\ELDON4_20250714_050000.wav,20250714
66,69,Geothlypis trichas,Common Yellowthroat,0.2195,D:\AcousticMonitoringData\ELDON4_Data\Week26\ELDON4_20250714_050000.wav,20250714
66,69,Passerina caerulea,Blue Grosbeak,0.0513,D:\AcousticMonitoringData\ELDON4_Data\Week26\ELDON4_20250714_050000.wav,20250714
78,81,Geothlypis trichas,Common Yellowthroat,0.3523,D:\AcousticMonitoringData\ELDON4_Data\Week26\ELDON4_20250714_050000.wav,20250714
93,96,Geothlypis trichas,Common Yellowthroat,0.5903,D:\AcousticMonitoringData\ELDON4_Data\Week26\ELDON4_20250714_050000.wav,20250714
93,96,Passerina caerulea,Blue Grosbeak,0.0908,D:\AcousticMonitoringData\ELDON4_Data\Week26\ELDON4_20250714_050000.wav,20250714
96,99,Geothlypis trichas,Common Yellowthroat,0.5656,D:\AcousticMonitoringData\ELDON4_Data\Week26\ELDON4_20250714_050000.wav,20250714
96,99,Passerina caerulea,Blue Grosbeak,0.0581,D:\AcousticMonitoringData\ELDON4_Data\Week26\ELDON4_20250714_050000.wav,20250714
99,102,Passerina caerulea,Blue Grosbeak,0.359,D:\AcousticMonitoringData\ELDON4_Data\Week26\ELDON4_20250714_050000.wav,20250714
99,102,Spizella pusilla,Field Sparrow,0.053,D:\AcousticMonitoringData\ELDON4_Data\Week26\ELDON4_20250714_050000.wav,20250714
108,111,Geothlypis trichas,Common Yellowthroat,0.7172,D:\AcousticMonitoringData\ELDON4_Data\Week26\ELDON4_20250714_050000.wav,20250714
174,177,Geothlypis trichas,Common Yellowthroat,0.5193,D:\AcousticMonitoringData\ELDON4_Data\Week26\ELDON4_20250714_050000.wav,20250714
180,183,Geothlypis trichas,Common Yellowthroat,0.0643,D:\AcousticMonitoringData\ELDON4_Data\Week26\ELDON4_20250714_050000.wav,20250714
186,189,Geothlypis trichas,Common Yellowthroat,0.7271,D:\AcousticMonitoringData\ELDON4_Data\Week26\ELDON4_20250714_050000.wav,20250714
198,201,Geothlypis trichas,Common Yellowthroat,0.6257,D:\AcousticMonitoringData\ELDON4_Data\Week26\ELDON4_20250714_050000.wav,20250714
210,213,Geothlypis trichas,Common Yellowthroat,0.3612,D:\AcousticMonitoringData\ELDON4_Data\Week26\ELDON4_20250714_050000.wav,20250714
213,216,Geothlypis trichas,Common Yellowthroat,0.1078,D:\AcousticMonitoringData\ELDON4_Data\Week26\ELDON4_20250714_050000.wav,20250714
222,225,Geothlypis trichas,Common Yellowthroat,0.6644,D:\AcousticMonitoringData\ELDON4_Data\Week26\ELDON4_20250714_050000.wav,20250714
243,246,Geothlypis trichas,Common Yellowthroat,0.5388,D:\AcousticMonitoringData\ELDON4_Data\Week26\ELDON4_20250714_050000.wav,20250714
243,246,Passerina caerulea,Blue Grosbeak,0.0604,D:\AcousticMonitoringData\ELDON4_Data\Week26\ELDON4_20250714_050000.wav,20250714
255,258,Geothlypis trichas,Common Yellowthroat,0.2483,D:\AcousticMonitoringData\ELDON4_Data\Week26\ELDON4_20250714_050000.wav,20250714
258,261,Geothlypis trichas,Common Yellowthroat,0.5189,D:\AcousticMonitoringData\ELDON4_Data\Week26\ELDON4_20250714_050000.wav,20250714
282,285,Geothlypis trichas,Common Yellowthroat,0.5174,D:\AcousticMonitoringData\ELDON4_Data\Week26\ELDON4_20250714_050000.wav,20250714
297,300,Geothlypis trichas,Common Yellowthroat,0.5496,D:\AcousticMonitoringData\ELDON4_Data\Week26\ELDON4_20250714_050000.wav,20250714
300,303,Geothlypis trichas,Common Yellowthroat,0.6327,D:\AcousticMonitoringData\ELDON4_Data\Week26\ELDON4_20250714_050000.wav,20250714
306,309,Geothlypis trichas,Common Yellowthroat,0.3457,D:\AcousticMonitoringData\ELDON4_Data\Week26\ELDON4_20250714_050000.wav,20250714
312,315,Geothlypis trichas,Common Yellowthroat,0.1391,D:\AcousticMonitoringData\ELDON4_Data\Week26\ELDON4_20250714_050000.wav,20250714
315,318,Geothlypis trichas,Common Yellowthroat,0.5336,D:\AcousticMonitoringData\ELDON4_Data\Week26\ELDON4_20250714_050000.wav,20250714
318,321,Geothlypis trichas,Common Yellowthroat,0.3258,D:\AcousticMonitoringData\ELDON4_Data\Week26\ELDON4_20250714_050000.wav,20250714
327,330,Geothlypis trichas,Common Yellowthroat,0.7052,D:\AcousticMonitoringData\ELDON4_Data\Week26\ELDON4_20250714_050000.wav,20250714
336,339,Geothlypis trichas,Common Yellowthroat,0.0744,D:\AcousticMonitoringData\ELDON4_Data\Week26\ELDON4_20250714_050000.wav,20250714
339,342,Geothlypis trichas,Common Yellowthroat,0.5597,D:\AcousticMonitoringData\ELDON4_Data\Week26\ELDON4_20250714_050000.wav,20250714
339,342,Passerina caerulea,Blue Grosbeak,0.0711,D:\AcousticMonitoringData\ELDON4_Data\Week26\ELDON4_20250714_050000.wav,20250714
342,345,Geothlypis trichas,Common Yellowthroat,0.0539,D:\AcousticMonitoringData\ELDON4_Data\Week26\ELDON4_20250714_050000.wav,20250714
348,351,Geothlypis trichas,Common Yellowthroat,0.2642,D:\AcousticMonitoringData\ELDON4_Data\Week26\ELDON4_20250714_050000.wav,20250714
348,351,Passerina caerulea,Blue Grosbeak,0.0651,D:\AcousticMonitoringData\ELDON4_Data\Week26\ELDON4_20250714_050000.wav,20250714
351,354,Geothlypis trichas,Common Yellowthroat,0.2763,D:\AcousticMonitoringData\ELDON4_Data\Week26\ELDON4_20250714_050000.wav,20250714
351,354,Passerina caerulea,Blue Grosbeak,0.0635,D:\AcousticMonitoringData\ELDON4_Data\Week26\ELDON4_20250714_050000.wav,20250714
354,357,Passerina caerulea,Blue Grosbeak,0.0538,D:\AcousticMonitoringData\ELDON4_Data\Week26\ELDON4_20250714_050000.wav,20250714
357,360,Passerina caerulea,Blue Grosbeak,0.0566,D:\AcousticMonitoringData\ELDON4_Data\Week26\ELDON4_20250714_050000.wav,20250714
360,363,Geothlypis trichas,Common Yellowthroat,0.2645,D:\AcousticMonitoringData\ELDON4_Data\Week26\ELDON4_20250714_050000.wav,20250714
372,375,Geothlypis trichas,Common Yellowthroat,0.085,D:\AcousticMonitoringData\ELDON4_Data\Week26\ELDON4_20250714_050000.wav,20250714
372,375,Passerina caerulea,Blue Grosbeak,0.0601,D:\AcousticMonitoringData\ELDON4_Data\Week26\ELDON4_20250714_050000.wav,20250714
375,378,Geothlypis trichas,Common Yellowthroat,0.3042,D:\AcousticMonitoringData\ELDON4_Data\Week26\ELDON4_20250714_050000.wav,20250714
378,381,Geothlypis trichas,Common Yellowthroat,0.6258,D:\AcousticMonitoringData\ELDON4_Data\Week26\ELDON4_20250714_050000.wav,20250714
381,384,Geothlypis trichas,Common Yellowthroat,0.1135,D:\AcousticMonitoringData\ELDON4_Data\Week26\ELDON4_20250714_050000.wav,20250714
384,387,Spizella pusilla,Field Sparrow,0.0815,D:\AcousticMonitoringData\ELDON4_Data\Week26\ELDON4_20250714_050000.wav,20250714
384,387,Sturnella magna,Eastern Meadowlark,0.0747,D:\AcousticMonitoringData\ELDON4_Data\Week26\ELDON4_20250714_050000.wav,20250714
384,387,Geothlypis trichas,Common Yellowthroat,0.0568,D:\AcousticMonitoringData\ELDON4_Data\Week26\ELDON4_20250714_050000.wav,20250714
393,396,Geothlypis trichas,Common Yellowthroat,0.4706,D:\AcousticMonitoringData\ELDON4_Data\Week26\ELDON4_20250714_050000.wav,20250714
396,399,Geothlypis trichas,Common Yellowthroat,0.2608,D:\AcousticMonitoringData\ELDON4_Data\Week26\ELDON4_20250714_050000.wav,20250714
405,408,Geothlypis trichas,Common Yellowthroat,0.122,D:\AcousticMonitoringData\ELDON4_Data\Week26\ELDON4_20250714_050000.wav,20250714
414,417,Geothlypis trichas,Common Yellowthroat,0.1452,D:\AcousticMonitoringData\ELDON4_Data\Week26\ELDON4_20250714_050000.wav,20250714
417,420,Geothlypis trichas,Common Yellowthroat,0.3505,D:\AcousticMonitoringData\ELDON4_Data\Week26\ELDON4_20250714_050000.wav,20250714
420,423,Geothlypis trichas,Common Yellowthroat,0.1881,D:\AcousticMonitoringData\ELDON4_Data\Week26\ELDON4_20250714_050000.wav,20250714
423,426,Geothlypis trichas,Common Yellowthroat,0.0695,D:\AcousticMonitoringData\ELDON4_Data\Week26\ELDON4_20250714_050000.wav,20250714
426,429,Geothlypis trichas,Common Yellowthroat,0.3007,D:\AcousticMonitoringData\ELDON4_Data\Week26\ELDON4_20250714_050000.wav,20250714
435,438,Geothlypis trichas,Common Yellowthroat,0.2277,D:\AcousticMonitoringData\ELDON4_Data\Week26\ELDON4_20250714_050000.wav,20250714
438,441,Geothlypis trichas,Common Yellowthroat,0.1516,D:\AcousticMonitoringData\ELDON4_Data\Week26\ELDON4_20250714_050000.wav,20250714
447,450,Geothlypis trichas,Common Yellowthroat,0.4732,D:\AcousticMonitoringData\ELDON4_Data\Week26\ELDON4_20250714_050000.wav,20250714
450,453,Geothlypis trichas,Common Yellowthroat,0.0955,D:\AcousticMonitoringData\ELDON4_Data\Week26\ELDON4_20250714_050000.wav,20250714
453,456,Geothlypis trichas,Common Yellowthroat,0.5171,D:\AcousticMonitoringData\ELDON4_Data\Week26\ELDON4_20250714_050000.wav,20250714
453,456,Passerina caerulea,Blue Grosbeak,0.0504,D:\AcousticMonitoringData\ELDON4_Data\Week26\ELDON4_20250714_050000.wav,20250714
465,468,Geothlypis trichas,Common Yellowthroat,0.1261,D:\AcousticMonitoringData\ELDON4_Data\Week26\ELDON4_20250714_050000.wav,20250714
474,477,Geothlypis trichas,Common Yellowthroat,0.2923,D:\AcousticMonitoringData\ELDON4_Data\Week26\ELDON4_20250714_050000.wav,20250714
483,486,Geothlypis trichas,Common Yellowthroat,0.3587,D:\AcousticMonitoringData\ELDON4_Data\Week26\ELDON4_20250714_050000.wav,20250714
486,489,Geothlypis trichas,Common Yellowthroat,0.1215,D:\AcousticMonitoringData\ELDON4_Data\Week26\ELDON4_20250714_050000.wav,20250714
489,492,Geothlypis trichas,Common Yellowthroat,0.1185,D:\AcousticMonitoringData\ELDON4_Data\Week26\ELDON4_20250714_050000.wav,20250714
492,495,Geothlypis trichas,Common Yellowthroat,0.0977,D:\AcousticMonitoringData\ELDON4_Data\Week26\ELDON4_20250714_050000.wav,20250714
501,504,Geothlypis trichas,Common Yellowthroat,0.3573,D:\AcousticMonitoringData\ELDON4_Data\Week26\ELDON4_20250714_050000.wav,20250714
504,507,Geothlypis trichas,Common Yellowthroat,0.1657,D:\AcousticMonitoringData\ELDON4_Data\Week26\ELDON4_20250714_050000.wav,20250714
510,513,Geothlypis trichas,Common Yellowthroat,0.595,D:\AcousticMonitoringData\ELDON4_Data\Week26\ELDON4_20250714_050000.wav,20250714
513,516,Geothlypis trichas,Common Yellowthroat,0.4147,D:\AcousticMonitoringData\ELDON4_Data\Week26\ELDON4_20250714_050000.wav,20250714
516,519,Geothlypis trichas,Common Yellowthroat,0.4902,D:\AcousticMonitoringData\ELDON4_Data\Week26\ELDON4_20250714_050000.wav,20250714
519,522,Geothlypis trichas,Common Yellowthroat,0.1325,D:\AcousticMonitoringData\ELDON4_Data\Week26\ELDON4_20250714_050000.wav,20250714
525,528,Geothlypis trichas,Common Yellowthroat,0.1591,D:\AcousticMonitoringData\ELDON4_Data\Week26\ELDON4_20250714_050000.wav,20250714
531,534,Spizella pusilla,Field Sparrow,0.1276,D:\AcousticMonitoringData\ELDON4_Data\Week26\ELDON4_20250714_050000.wav,20250714
531,534,Geothlypis trichas,Common Yellowthroat,0.0639,D:\AcousticMonitoringData\ELDON4_Data\Week26\ELDON4_20250714_050000.wav,20250714
537,540,Geothlypis trichas,Common Yellowthroat,0.715,D:\AcousticMonitoringData\ELDON4_Data\Week26\ELDON4_20250714_050000.wav,20250714
540,543,Geothlypis trichas,Common Yellowthroat,0.1919,D:\AcousticMonitoringData\ELDON4_Data\Week26\ELDON4_20250714_050000.wav,20250714
549,552,Geothlypis trichas,Common Yellowthroat,0.2341,D:\AcousticMonitoringData\ELDON4_Data\Week26\ELDON4_20250714_050000.wav,20250714
552,555,Geothlypis trichas,Common Yellowthroat,0.0503,D:\AcousticMonitoringData\ELDON4_Data\Week26\ELDON4_20250714_050000.wav,20250714
555,558,Geothlypis trichas,Common Yellowthroat,0.4161,D:\AcousticMonitoringData\ELDON4_Data\Week26\ELDON4_20250714_050000.wav,20250714
558,561,Geothlypis trichas,Common Yellowthroat,0.2063,D:\AcousticMonitoringData\ELDON4_Data\Week26\ELDON4_20250714_050000.wav,20250714
564,567,Geothlypis trichas,Common Yellowthroat,0.7917,D:\AcousticMonitoringData\ELDON4_Data\Week26\ELDON4_20250714_050000.wav,20250714
567,570,Geothlypis trichas,Common Yellowthroat,0.4698,D:\AcousticMonitoringData\ELDON4_Data\Week26\ELDON4_20250714_050000.wav,20250714
576,579,Geothlypis trichas,Common Yellowthroat,0.5284,D:\AcousticMonitoringData\ELDON4_Data\Week26\ELDON4_20250714_050000.wav,20250714
576,579,Passerina caerulea,Blue Grosbeak,0.0702,D:\AcousticMonitoringData\ELDON4_Data\Week26\ELDON4_20250714_050000.wav,20250714
582,585,Geothlypis trichas,Common Yellowthroat,0.0522,D:\AcousticMonitoringData\ELDON4_Data\Week26\ELDON4_20250714_050000.wav,20250714
582,585,Passerina caerulea,Blue Grosbeak,0.0504,D:\AcousticMonitoringData\ELDON4_Data\Week26\ELDON4_20250714_050000.wav,20250714
594,597,Passerina caerulea,Blue Grosbeak,0.2434,D:\AcousticMonitoringData\ELDON4_Data\Week26\ELDON4_20250714_050000.wav,20250714
594,597,Geothlypis trichas,Common Yellowthroat,0.1101,D:\AcousticMonitoringData\ELDON4_Data\Week26\ELDON4_20250714_050000.wav,20250714
597,600,Geothlypis trichas,Common Yellowthroat,0.5056,D:\AcousticMonitoringData\ELDON4_Data\Week26\ELDON4_20250714_050000.wav,20250714
597,600,Passerina caerulea,Blue Grosbeak,0.0531,D:\AcousticMonitoringData\ELDON4_Data\Week26\ELDON4_20250714_050000.wav,20250714
600,603,Geothlypis trichas,Common Yellowthroat,0.4779,D:\AcousticMonitoringData\ELDON4_Data\Week26\ELDON4_20250714_050000.wav,20250714
600,603,Passerina caerulea,Blue Grosbeak,0.0705,D:\AcousticMonitoringData\ELDON4_Data\Week26\ELDON4_20250714_050000.wav,20250714
603,606,Geothlypis trichas,Common Yellowthroat,0.3346,D:\AcousticMonitoringData\ELDON4_Data\Week26\ELDON4_20250714_050000.wav,20250714
603,606,Passerina caerulea,Blue Grosbeak,0.0685,D:\AcousticMonitoringData\ELDON4_Data\Week26\ELDON4_20250714_050000.wav,20250714
606,609,Geothlypis trichas,Common Yellowthroat,0.1435,D:\AcousticMonitoringData\ELDON4_Data\Week26\ELDON4_20250714_050000.wav,20250714
609,612,Geothlypis trichas,Common Yellowthroat,0.0681,D:\AcousticMonitoringData\ELDON4_Data\Week26\ELDON4_20250714_050000.wav,20250714
624,627,Geothlypis trichas,Common Yellowthroat,0.183,D:\AcousticMonitoringData\ELDON4_Data\Week26\ELDON4_20250714_050000.wav,20250714
633,636,Geothlypis trichas,Common Yellowthroat,0.0897,D:\AcousticMonitoringData\ELDON4_Data\Week26\ELDON4_20250714_050000.wav,20250714
636,639,Passerina caerulea,Blue Grosbeak,0.0852,D:\AcousticMonitoringData\ELDON4_Data\Week26\ELDON4_20250714_050000.wav,20250714
639,642,Geothlypis trichas,Common Yellowthroat,0.1457,D:\AcousticMonitoringData\ELDON4_Data\Week26\ELDON4_20250714_050000.wav,20250714
639,642,Passerina caerulea,Blue Grosbeak,0.0558,D:\AcousticMonitoringData\ELDON4_Data\Week26\ELDON4_20250714_050000.wav,20250714
642,645,Geothlypis trichas,Common Yellowthroat,0.369,D:\AcousticMonitoringData\ELDON4_Data\Week26\ELDON4_20250714_050000.wav,20250714
642,645,Passerina caerulea,Blue Grosbeak,0.0777,D:\AcousticMonitoringData\ELDON4_Data\Week26\ELDON4_20250714_050000.wav,20250714
645,648,Geothlypis trichas,Common Yellowthroat,0.5789,D:\AcousticMonitoringData\ELDON4_Data\Week26\ELDON4_20250714_050000.wav,20250714
648,651,Geothlypis trichas,Common Yellowthroat,0.1766,D:\AcousticMonitoringData\ELDON4_Data\Week26\ELDON4_20250714_050000.wav,20250714
651,654,Geothlypis trichas,Common Yellowthroat,0.282,D:\AcousticMonitoringData\ELDON4_Data\Week26\ELDON4_20250714_050000.wav,20250714
657,660,Geothlypis trichas,Common Yellowthroat,0.403,D:\AcousticMonitoringData\ELDON4_Data\Week26\ELDON4_20250714_050000.wav,20250714
660,663,Geothlypis trichas,Common Yellowthroat,0.1368,D:\AcousticMonitoringData\ELDON4_Data\Week26\ELDON4_20250714_050000.wav,20250714
666,669,Geothlypis trichas,Common Yellowthroat,0.264,D:\AcousticMonitoringData\ELDON4_Data\Week26\ELDON4_20250714_050000.wav,20250714
675,678,Geothlypis trichas,Common Yellowthroat,0.5292,D:\AcousticMonitoringData\ELDON4_Data\Week26\ELDON4_20250714_050000.wav,20250714
678,681,Geothlypis trichas,Common Yellowthroat,0.199,D:\AcousticMonitoringData\ELDON4_Data\Week26\ELDON4_20250714_050000.wav,20250714
687,690,Geothlypis trichas,Common Yellowthroat,0.1715,D:\AcousticMonitoringData\ELDON4_Data\Week26\ELDON4_20250714_050000.wav,20250714
690,693,Passerina caerulea,Blue Grosbeak,0.1228,D:\AcousticMonitoringData\ELDON4_Data\Week26\ELDON4_20250714_050000.wav,20250714
693,696,Geothlypis trichas,Common Yellowthroat,0.472,D:\AcousticMonitoringData\ELDON4_Data\Week26\ELDON4_20250714_050000.wav,20250714
696,699,Geothlypis trichas,Common Yellowthroat,0.2938,D:\AcousticMonitoringData\ELDON4_Data\Week26\ELDON4_20250714_050000.wav,20250714
696,699,Passerina caerulea,Blue Grosbeak,0.0677,D:\AcousticMonitoringData\ELDON4_Data\Week26\ELDON4_20250714_050000.wav,20250714
699,702,Geothlypis trichas,Common Yellowthroat,0.0975,D:\AcousticMonitoringData\ELDON4_Data\Week26\ELDON4_20250714_050000.wav,20250714
705,708,Geothlypis trichas,Common Yellowthroat,0.4917,D:\AcousticMonitoringData\ELDON4_Data\Week26\ELDON4_20250714_050000.wav,20250714
705,708,Passerina caerulea,Blue Grosbeak,0.0582,D:\AcousticMonitoringData\ELDON4_Data\Week26\ELDON4_20250714_050000.wav,20250714
708,711,Geothlypis trichas,Common Yellowthroat,0.1955,D:\AcousticMonitoringData\ELDON4_Data\Week26\ELDON4_20250714_050000.wav,20250714
711,714,Geothlypis trichas,Common Yellowthroat,0.1463,D:\AcousticMonitoringData\ELDON4_Data\Week26\ELDON4_20250714_050000.wav,20250714
714,717,Geothlypis trichas,Common Yellowthroat,0.1923,D:\AcousticMonitoringData\ELDON4_Data\Week26\ELDON4_20250714_050000.wav,20250714
714,717,Passerina caerulea,Blue Grosbeak,0.0566,D:\AcousticMonitoringData\ELDON4_Data\Week26\ELDON4_20250714_050000.wav,20250714
717,720,Geothlypis trichas,Common Yellowthroat,0.2499,D:\AcousticMonitoringData\ELDON4_Data\Week26\ELDON4_20250714_050000.wav,20250714
723,726,Geothlypis trichas,Common Yellowthroat,0.2495,D:\AcousticMonitoringData\ELDON4_Data\Week26\ELDON4_20250714_050000.wav,20250714
723,726,Passerina caerulea,Blue Grosbeak,0.0544,D:\AcousticMonitoringData\ELDON4_Data\Week26\ELDON4_20250714_050000.wav,20250714
729,732,Geothlypis trichas,Common Yellowthroat,0.6292,D:\AcousticMonitoringData\ELDON4_Data\Week26\ELDON4_20250714_050000.wav,20250714
732,735,Geothlypis trichas,Common Yellowthroat,0.2017,D:\AcousticMonitoringData\ELDON4_Data\Week26\ELDON4_20250714_050000.wav,20250714
732,735,Passerina caerulea,Blue Grosbeak,0.0673,D:\AcousticMonitoringData\ELDON4_Data\Week26\ELDON4_20250714_050000.wav,20250714
735,738,Passerina caerulea,Blue Grosbeak,0.0526,D:\AcousticMonitoringData\ELDON4_Data\Week26\ELDON4_20250714_050000.wav,20250714
738,741,Geothlypis trichas,Common Yellowthroat,0.1747,D:\AcousticMonitoringData\ELDON4_Data\Week26\ELDON4_20250714_050000.wav,20250714
744,747,Passerina caerulea,Blue Grosbeak,0.0939,D:\AcousticMonitoringData\ELDON4_Data\Week26\ELDON4_20250714_050000.wav,20250714
750,753,Geothlypis trichas,Common Yellowthroat,0.0747,D:\AcousticMonitoringData\ELDON4_Data\Week26\ELDON4_20250714_050000.wav,20250714
753,756,Geothlypis trichas,Common Yellowthroat,0.1077,D:\AcousticMonitoringData\ELDON4_Data\Week26\ELDON4_20250714_050000.wav,20250714
753,756,Passerina caerulea,Blue Grosbeak,0.0881,D:\AcousticMonitoringData\ELDON4_Data\Week26\ELDON4_20250714_050000.wav,20250714
759,762,Geothlypis trichas,Common Yellowthroat,0.3623,D:\AcousticMonitoringData\ELDON4_Data\Week26\ELDON4_20250714_050000.wav,20250714
765,768,Geothlypis trichas,Common Yellowthroat,0.125,D:\AcousticMonitoringData\ELDON4_Data\Week26\ELDON4_20250714_050000.wav,20250714
765,768,Passerina caerulea,Blue Grosbeak,0.0596,D:\AcousticMonitoringData\ELDON4_Data\Week26\ELDON4_20250714_050000.wav,20250714
768,771,Geothlypis trichas,Common Yellowthroat,0.4751,D:\AcousticMonitoringData\ELDON4_Data\Week26\ELDON4_20250714_050000.wav,20250714
771,774,Geothlypis trichas,Common Yellowthroat,0.2248,D:\AcousticMonitoringData\ELDON4_Data\Week26\ELDON4_20250714_050000.wav,20250714
777,780,Geothlypis trichas,Common Yellowthroat,0.4358,D:\AcousticMonitoringData\ELDON4_Data\Week26\ELDON4_20250714_050000.wav,20250714
780,783,Geothlypis trichas,Common Yellowthroat,0.5423,D:\AcousticMonitoringData\ELDON4_Data\Week26\ELDON4_20250714_050000.wav,20250714
783,786,Passerina caerulea,Blue Grosbeak,0.1141,D:\AcousticMonitoringData\ELDON4_Data\Week26\ELDON4_20250714_050000.wav,20250714
786,789,Geothlypis trichas,Common Yellowthroat,0.1283,D:\AcousticMonitoringData\ELDON4_Data\Week26\ELDON4_20250714_050000.wav,20250714
789,792,Passerina caerulea,Blue Grosbeak,0.193,D:\AcousticMonitoringData\ELDON4_Data\Week26\ELDON4_20250714_050000.wav,20250714
795,798,Geothlypis trichas,Common Yellowthroat,0.3704,D:\AcousticMonitoringData\ELDON4_Data\Week26\ELDON4_20250714_050000.wav,20250714
798,801,Geothlypis trichas,Common Yellowthroat,0.0918,D:\AcousticMonitoringData\ELDON4_Data\Week26\ELDON4_20250714_050000.wav,20250714
804,807,Geothlypis trichas,Common Yellowthroat,0.4691,D:\AcousticMonitoringData\ELDON4_Data\Week26\ELDON4_20250714_050000.wav,20250714
810,813,Geothlypis trichas,Common Yellowthroat,0.1257,D:\AcousticMonitoringData\ELDON4_Data\Week26\ELDON4_20250714_050000.wav,20250714
810,813,Passerina caerulea,Blue Grosbeak,0.0635,D:\AcousticMonitoringData\ELDON4_Data\Week26\ELDON4_20250714_050000.wav,20250714
813,816,Geothlypis trichas,Common Yellowthroat,0.285,D:\AcousticMonitoringData\ELDON4_Data\Week26\ELDON4_20250714_050000.wav,20250714
813,816,Passerina caerulea,Blue Grosbeak,0.1009,D:\AcousticMonitoringData\ELDON4_Data\Week26\ELDON4_20250714_050000.wav,20250714
816,819,Passerina caerulea,Blue Grosbeak,0.0705,D:\AcousticMonitoringData\ELDON4_Data\Week26\ELDON4_20250714_050000.wav,20250714
819,822,Geothlypis trichas,Common Yellowthroat,0.224,D:\AcousticMonitoringData\ELDON4_Data\Week26\ELDON4_20250714_050000.wav,20250714
819,822,Passerina caerulea,Blue Grosbeak,0.0541,D:\AcousticMonitoringData\ELDON4_Data\Week26\ELDON4_20250714_050000.wav,20250714
822,825,Geothlypis trichas,Common Yellowthroat,0.2117,D:\AcousticMonitoringData\ELDON4_Data\Week26\ELDON4_20250714_050000.wav,20250714
825,828,Geothlypis trichas,Common Yellowthroat,0.1056,D:\AcousticMonitoringData\ELDON4_Data\Week26\ELDON4_20250714_050000.wav,20250714
825,828,Passerina caerulea,Blue Grosbeak,0.0548,D:\AcousticMonitoringData\ELDON4_Data\Week26\ELDON4_20250714_050000.wav,20250714
834,837,Geothlypis trichas,Common Yellowthroat,0.1079,D:\AcousticMonitoringData\ELDON4_Data\Week26\ELDON4_20250714_050000.wav,20250714
834,837,Passerina caerulea,Blue Grosbeak,0.0537,D:\AcousticMonitoringData\ELDON4_Data\Week26\ELDON4_20250714_050000.wav,20250714
837,840,Geothlypis trichas,Common Yellowthroat,0.1393,D:\AcousticMonitoringData\ELDON4_Data\Week26\ELDON4_20250714_050000.wav,20250714
840,843,Geothlypis trichas,Common Yellowthroat,0.1475,D:\AcousticMonitoringData\ELDON4_Data\Week26\ELDON4_20250714_050000.wav,20250714
843,846,Geothlypis trichas,Common Yellowthroat,0.2948,D:\AcousticMonitoringData\ELDON4_Data\Week26\ELDON4_20250714_050000.wav,20250714
843,846,Passerina caerulea,Blue Grosbeak,0.0555,D:\AcousticMonitoringData\ELDON4_Data\Week26\ELDON4_20250714_050000.wav,20250714
846,849,Passerina caerulea,Blue Grosbeak,0.0838,D:\AcousticMonitoringData\ELDON4_Data\Week26\ELDON4_20250714_050000.wav,20250714
846,849,Sturnella magna,Eastern Meadowlark,0.0809,D:\AcousticMonitoringData\ELDON4_Data\Week26\ELDON4_20250714_050000.wav,20250714
846,849,Geothlypis trichas,Common Yellowthroat,0.0723,D:\AcousticMonitoringData\ELDON4_Data\Week26\ELDON4_20250714_050000.wav,20250714
849,852,Geothlypis trichas,Common Yellowthroat,0.0787,D:\AcousticMonitoringData\ELDON4_Data\Week26\ELDON4_20250714_050000.wav,20250714
849,852,Passerina caerulea,Blue Grosbeak,0.0732,D:\AcousticMonitoringData\ELDON4_Data\Week26\ELDON4_20250714_050000.wav,20250714
852,855,Geothlypis trichas,Common Yellowthroat,0.2835,D:\AcousticMonitoringData\ELDON4_Data\Week26\ELDON4_20250714_050000.wav,20250714
855,858,Geothlypis trichas,Common Yellowthroat,0.0949,D:\AcousticMonitoringData\ELDON4_Data\Week26\ELDON4_20250714_050000.wav,20250714
855,858,Passerina caerulea,Blue Grosbeak,0.0653,D:\AcousticMonitoringData\ELDON4_Data\Week26\ELDON4_20250714_050000.wav,20250714
858,861,Geothlypis trichas,Common Yellowthroat,0.1028,D:\AcousticMonitoringData\ELDON4_Data\Week26\ELDON4_20250714_050000.wav,20250714
858,861,Passerina caerulea,Blue Grosbeak,0.0627,D:\AcousticMonitoringData\ELDON4_Data\Week26\ELDON4_20250714_050000.wav,20250714
861,864,Geothlypis trichas,Common Yellowthroat,0.1117,D:\AcousticMonitoringData\ELDON4_Data\Week26\ELDON4_20250714_050000.wav,20250714
861,864,Passerina caerulea,Blue Grosbeak,0.1083,D:\AcousticMonitoringData\ELDON4_Data\Week26\ELDON4_20250714_050000.wav,20250714
864,867,Geothlypis trichas,Common Yellowthroat,0.1597,D:\AcousticMonitoringData\ELDON4_Data\Week26\ELDON4_20250714_050000.wav,20250714
867,870,Geothlypis trichas,Common Yellowthroat,0.2508,D:\AcousticMonitoringData\ELDON4_Data\Week26\ELDON4_20250714_050000.wav,20250714
873,876,Geothlypis trichas,Common Yellowthroat,0.5355,D:\AcousticMonitoringData\ELDON4_Data\Week26\ELDON4_20250714_050000.wav,20250714
876,879,Geothlypis trichas,Common Yellowthroat,0.4376,D:\AcousticMonitoringData\ELDON4_Data\Week26\ELDON4_20250714_050000.wav,20250714
876,879,Spizella pusilla,Field Sparrow,0.0556,D:\AcousticMonitoringData\ELDON4_Data\Week26\ELDON4_20250714_050000.wav,20250714
876,879,Passerina caerulea,Blue Grosbeak,0.0522,D:\AcousticMonitoringData\ELDON4_Data\Week26\ELDON4_20250714_050000.wav,20250714
879,882,Geothlypis trichas,Common Yellowthroat,0.3836,D:\AcousticMonitoringData\ELDON4_Data\Week26\ELDON4_20250714_050000.wav,20250714
882,885,Geothlypis trichas,Common Yellowthroat,0.057,D:\AcousticMonitoringData\ELDON4_Data\Week26\ELDON4_20250714_050000.wav,20250714
882,885,Passerina caerulea,Blue Grosbeak,0.0504,D:\AcousticMonitoringData\ELDON4_Data\Week26\ELDON4_20250714_050000.wav,20250714
885,888,Passerina caerulea,Blue Grosbeak,0.0588,D:\AcousticMonitoringData\ELDON4_Data\Week26\ELDON4_20250714_050000.wav,20250714
888,891,Geothlypis trichas,Common Yellowthroat,0.1522,D:\AcousticMonitoringData\ELDON4_Data\Week26\ELDON4_20250714_050000.wav,20250714
891,894,Geothlypis trichas,Common Yellowthroat,0.461,D:\AcousticMonitoringData\ELDON4_Data\Week26\ELDON4_20250714_050000.wav,20250714
897,900,Geothlypis trichas,Common Yellowthroat,0.0548,D:\AcousticMonitoringData\ELDON4_Data\Week26\ELDON4_20250714_050000.wav,20250714
900,903,Geothlypis trichas,Common Yellowthroat,0.1195,D:\AcousticMonitoringData\ELDON4_Data\Week26\ELDON4_20250714_050000.wav,20250714
903,906,Geothlypis trichas,Common Yellowthroat,0.1169,D:\AcousticMonitoringData\ELDON4_Data\Week26\ELDON4_20250714_050000.wav,20250714
906,909,Passerina caerulea,Blue Grosbeak,0.0563,D:\AcousticMonitoringData\ELDON4_Data\Week26\ELDON4_20250714_050000.wav,20250714
906,909,Geothlypis trichas,Common Yellowthroat,0.0531,D:\AcousticMonitoringData\ELDON4_Data\Week26\ELDON4_20250714_050000.wav,20250714
909,912,Passerina caerulea,Blue Grosbeak,0.0745,D:\AcousticMonitoringData\ELDON4_Data\Week26\ELDON4_20250714_050000.wav,20250714
912,915,Geothlypis trichas,Common Yellowthroat,0.092,D:\AcousticMonitoringData\ELDON4_Data\Week26\ELDON4_20250714_050000.wav,20250714
915,918,Geothlypis trichas,Common Yellowthroat,0.0622,D:\AcousticMonitoringData\ELDON4_Data\Week26\ELDON4_20250714_050000.wav,20250714
915,918,Passerina caerulea,Blue Grosbeak,0.0575,D:\AcousticMonitoringData\ELDON4_Data\Week26\ELDON4_20250714_050000.wav,20250714
918,921,Geothlypis trichas,Common Yellowthroat,0.0508,D:\AcousticMonitoringData\ELDON4_Data\Week26\ELDON4_20250714_050000.wav,20250714
921,924,Passerina caerulea,Blue Grosbeak,0.1164,D:\AcousticMonitoringData\ELDON4_Data\Week26\ELDON4_20250714_050000.wav,20250714
924,927,Geothlypis trichas,Common Yellowthroat,0.1409,D:\AcousticMonitoringData\ELDON4_Data\Week26\ELDON4_20250714_050000.wav,20250714
927,930,Geothlypis trichas,Common Yellowthroat,0.0578,D:\AcousticMonitoringData\ELDON4_Data\Week26\ELDON4_20250714_050000.wav,20250714
933,936,Passerina caerulea,Blue Grosbeak,0.0574,D:\AcousticMonitoringData\ELDON4_Data\Week26\ELDON4_20250714_050000.wav,20250714
936,939,Passerina caerulea,Blue Grosbeak,0.1039,D:\AcousticMonitoringData\ELDON4_Data\Week26\ELDON4_20250714_050000.wav,20250714
939,942,Geothlypis trichas,Common Yellowthroat,0.0999,D:\AcousticMonitoringData\ELDON4_Data\Week26\ELDON4_20250714_050000.wav,20250714
942,945,Geothlypis trichas,Common Yellowthroat,0.1944,D:\AcousticMonitoringData\ELDON4_Data\Week26\ELDON4_20250714_050000.wav,20250714
942,945,Passerina caerulea,Blue Grosbeak,0.0643,D:\AcousticMonitoringData\ELDON4_Data\Week26\ELDON4_20250714_050000.wav,20250714
945,948,Geothlypis trichas,Common Yellowthroat,0.4274,D:\AcousticMonitoringData\ELDON4_Data\Week26\ELDON4_20250714_050000.wav,20250714
948,951,Geothlypis trichas,Common Yellowthroat,0.0819,D:\AcousticMonitoringData\ELDON4_Data\Week26\ELDON4_20250714_050000.wav,20250714
951,954,Geothlypis trichas,Common Yellowthroat,0.1294,D:\AcousticMonitoringData\ELDON4_Data\Week26\ELDON4_20250714_050000.wav,20250714
951,954,Passerina caerulea,Blue Grosbeak,0.0555,D:\AcousticMonitoringData\ELDON4_Data\Week26\ELDON4_20250714_050000.wav,20250714
954,957,Geothlypis trichas,Common Yellowthroat,0.2663,D:\AcousticMonitoringData\ELDON4_Data\Week26\ELDON4_20250714_050000.wav,20250714
957,960,Passerina caerulea,Blue Grosbeak,0.0697,D:\AcousticMonitoringData\ELDON4_Data\Week26\ELDON4_20250714_050000.wav,20250714
960,963,Passerina caerulea,Blue Grosbeak,0.0796,D:\AcousticMonitoringData\ELDON4_Data\Week26\ELDON4_20250714_050000.wav,20250714
960,963,Spizella pusilla,Field Sparrow,0.0549,D:\AcousticMonitoringData\ELDON4_Data\Week26\ELDON4_20250714_050000.wav,20250714
963,966,Geothlypis trichas,Common Yellowthroat,0.1719,D:\AcousticMonitoringData\ELDON4_Data\Week26\ELDON4_20250714_050000.wav,20250714
963,966,Passerina caerulea,Blue Grosbeak,0.0557,D:\AcousticMonitoringData\ELDON4_Data\Week26\ELDON4_20250714_050000.wav,20250714
966,969,Geothlypis trichas,Common Yellowthroat,0.313,D:\AcousticMonitoringData\ELDON4_Data\Week26\ELDON4_20250714_050000.wav,20250714
966,969,Sturnella magna,Eastern Meadowlark,0.0577,D:\AcousticMonitoringData\ELDON4_Data\Week26\ELDON4_20250714_050000.wav,20250714
966,969,Passerina caerulea,Blue Grosbeak,0.0534,D:\AcousticMonitoringData\ELDON4_Data\Week26\ELDON4_20250714_050000.wav,20250714
969,972,Geothlypis trichas,Common Yellowthroat,0.0664,D:\AcousticMonitoringData\ELDON4_Data\Week26\ELDON4_20250714_050000.wav,20250714
972,975,Geothlypis trichas,Common Yellowthroat,0.0883,D:\AcousticMonitoringData\ELDON4_Data\Week26\ELDON4_20250714_050000.wav,20250714
972,975,Passerina caerulea,Blue Grosbeak,0.0586,D:\AcousticMonitoringData\ELDON4_Data\Week26\ELDON4_20250714_050000.wav,20250714
975,978,Geothlypis trichas,Common Yellowthroat,0.1819,D:\AcousticMonitoringData\ELDON4_Data\Week26\ELDON4_20250714_050000.wav,20250714
978,981,Geothlypis trichas,Common Yellowthroat,0.1913,D:\AcousticMonitoringData\ELDON4_Data\Week26\ELDON4_20250714_050000.wav,20250714
978,981,Passerina caerulea,Blue Grosbeak,0.0697,D:\AcousticMonitoringData\ELDON4_Data\Week26\ELDON4_20250714_050000.wav,20250714
981,984,Passerina caerulea,Blue Grosbeak,0.0634,D:\AcousticMonitoringData\ELDON4_Data\Week26\ELDON4_20250714_050000.wav,20250714
981,984,Geothlypis trichas,Common Yellowthroat,0.0509,D:\AcousticMonitoringData\ELDON4_Data\Week26\ELDON4_20250714_050000.wav,20250714
984,987,Geothlypis trichas,Common Yellowthroat,0.1904,D:\AcousticMonitoringData\ELDON4_Data\Week26\ELDON4_20250714_050000.wav,20250714
987,990,Geothlypis trichas,Common Yellowthroat,0.1264,D:\AcousticMonitoringData\ELDON4_Data\Week26\ELDON4_20250714_050000.wav,20250714
987,990,Passerina caerulea,Blue Grosbeak,0.0882,D:\AcousticMonitoringData\ELDON4_Data\Week26\ELDON4_20250714_050000.wav,20250714
990,993,Geothlypis trichas,Common Yellowthroat,0.4706,D:\AcousticMonitoringData\ELDON4_Data\Week26\ELDON4_20250714_050000.wav,20250714
993,996,Geothlypis trichas,Common Yellowthroat,0.2595,D:\AcousticMonitoringData\ELDON4_Data\Week26\ELDON4_20250714_050000.wav,20250714
996,999,Geothlypis trichas,Common Yellowthroat,0.2287,D:\AcousticMonitoringData\ELDON4_Data\Week26\ELDON4_20250714_050000.wav,20250714
996,999,Passerina caerulea,Blue Grosbeak,0.0537,D:\AcousticMonitoringData\ELDON4_Data\Week26\ELDON4_20250714_050000.wav,20250714
999,1002,Geothlypis trichas,Common Yellowthroat,0.1957,D:\AcousticMonitoringData\ELDON4_Data\Week26\ELDON4_20250714_050000.wav,20250714
999,1002,Passerina caerulea,Blue Grosbeak,0.0839,D:\AcousticMonitoringData\ELDON4_Data\Week26\ELDON4_20250714_050000.wav,20250714
1002,1005,Geothlypis trichas,Common Yellowthroat,0.2727,D:\AcousticMonitoringData\ELDON4_Data\Week26\ELDON4_20250714_050000.wav,20250714
1002,1005,Passerina caerulea,Blue Grosbeak,0.0776,D:\AcousticMonitoringData\ELDON4_Data\Week26\ELDON4_20250714_050000.wav,20250714
1005,1008,Passerina caerulea,Blue Grosbeak,0.1286,D:\AcousticMonitoringData\ELDON4_Data\Week26\ELDON4_20250714_050000.wav,20250714
1008,1011,Geothlypis trichas,Common Yellowthroat,0.109,D:\AcousticMonitoringData\ELDON4_Data\Week26\ELDON4_20250714_050000.wav,20250714
1011,1014,Geothlypis trichas,Common Yellowthroat,0.1612,D:\AcousticMonitoringData\ELDON4_Data\Week26\ELDON4_20250714_050000.wav,20250714
1014,1017,Geothlypis trichas,Common Yellowthroat,0.169,D:\AcousticMonitoringData\ELDON4_Data\Week26\ELDON4_20250714_050000.wav,20250714
1017,1020,Geothlypis trichas,Common Yellowthroat,0.1816,D:\AcousticMonitoringData\ELDON4_Data\Week26\ELDON4_20250714_050000.wav,20250714
1017,1020,Sturnella magna,Eastern Meadowlark,0.1106,D:\AcousticMonitoringData\ELDON4_Data\Week26\ELDON4_20250714_050000.wav,20250714
1020,1023,Geothlypis trichas,Common Yellowthroat,0.1493,D:\AcousticMonitoringData\ELDON4_Data\Week26\ELDON4_20250714_050000.wav,20250714
1020,1023,Passerina caerulea,Blue Grosbeak,0.0517,D:\AcousticMonitoringData\ELDON4_Data\Week26\ELDON4_20250714_050000.wav,20250714
1023,1026,Geothlypis trichas,Common Yellowthroat,0.2475,D:\AcousticMonitoringData\ELDON4_Data\Week26\ELDON4_20250714_050000.wav,20250714
1026,1029,Passerina caerulea,Blue Grosbeak,0.2319,D:\AcousticMonitoringData\ELDON4_Data\Week26\ELDON4_20250714_050000.wav,20250714
1026,1029,Geothlypis trichas,Common Yellowthroat,0.1011,D:\AcousticMonitoringData\ELDON4_Data\Week26\ELDON4_20250714_050000.wav,20250714
1029,1032,Geothlypis trichas,Common Yellowthroat,0.3314,D:\AcousticMonitoringData\ELDON4_Data\Week26\ELDON4_20250714_050000.wav,20250714
1032,1035,Geothlypis trichas,Common Yellowthroat,0.4112,D:\AcousticMonitoringData\ELDON4_Data\Week26\ELDON4_20250714_050000.wav,20250714
1035,1038,Geothlypis trichas,Common Yellowthroat,0.2647,D:\AcousticMonitoringData\ELDON4_Data\Week26\ELDON4_20250714_050000.wav,20250714
1038,1041,Geothlypis trichas,Common Yellowthroat,0.3809,D:\AcousticMonitoringData\ELDON4_Data\Week26\ELDON4_20250714_050000.wav,20250714
1041,1044,Geothlypis trichas,Common Yellowthroat,0.3123,D:\AcousticMonitoringData\ELDON4_Data\Week26\ELDON4_20250714_050000.wav,20250714
1044,1047,Geothlypis trichas,Common Yellowthroat,0.6746,D:\AcousticMonitoringData\ELDON4_Data\Week26\ELDON4_20250714_050000.wav,20250714
1047,1050,Geothlypis trichas,Common Yellowthroat,0.4193,D:\AcousticMonitoringData\ELDON4_Data\Week26\ELDON4_20250714_050000.wav,20250714
1050,1053,Geothlypis trichas,Common Yellowthroat,0.5045,D:\AcousticMonitoringData\ELDON4_Data\Week26\ELDON4_20250714_050000.wav,20250714
1053,1056,Geothlypis trichas,Common Yellowthroat,0.4872,D:\AcousticMonitoringData\ELDON4_Data\Week26\ELDON4_20250714_050000.wav,20250714
1056,1059,Geothlypis trichas,Common Yellowthroat,0.2627,D:\AcousticMonitoringData\ELDON4_Data\Week26\ELDON4_20250714_050000.wav,20250714
1059,1062,Geothlypis trichas,Common Yellowthroat,0.1948,D:\AcousticMonitoringData\ELDON4_Data\Week26\ELDON4_20250714_050000.wav,20250714
1059,1062,Passerina caerulea,Blue Grosbeak,0.0508,D:\AcousticMonitoringData\ELDON4_Data\Week26\ELDON4_20250714_050000.wav,20250714
1062,1065,Geothlypis trichas,Common Yellowthroat,0.2532,D:\AcousticMonitoringData\ELDON4_Data\Week26\ELDON4_20250714_050000.wav,20250714
1065,1068,Geothlypis trichas,Common Yellowthroat,0.6595,D:\AcousticMonitoringData\ELDON4_Data\Week26\ELDON4_20250714_050000.wav,20250714
1068,1071,Geothlypis trichas,Common Yellowthroat,0.4675,D:\AcousticMonitoringData\ELDON4_Data\Week26\ELDON4_20250714_050000.wav,20250714
1071,1074,Geothlypis trichas,Common Yellowthroat,0.488,D:\AcousticMonitoringData\ELDON4_Data\Week26\ELDON4_20250714_050000.wav,20250714
1074,1077,Geothlypis trichas,Common Yellowthroat,0.1195,D:\AcousticMonitoringData\ELDON4_Data\Week26\ELDON4_20250714_050000.wav,20250714
1074,1077,Passerina caerulea,Blue Grosbeak,0.0585,D:\AcousticMonitoringData\ELDON4_Data\Week26\ELDON4_20250714_050000.wav,20250714
1077,1080,Geothlypis trichas,Common Yellowthroat,0.2155,D:\AcousticMonitoringData\ELDON4_Data\Week26\ELDON4_20250714_050000.wav,20250714
1080,1083,Geothlypis trichas,Common Yellowthroat,0.3646,D:\AcousticMonitoringData\ELDON4_Data\Week26\ELDON4_20250714_050000.wav,20250714
1080,1083,Passerina caerulea,Blue Grosbeak,0.051,D:\AcousticMonitoringData\ELDON4_Data\Week26\ELDON4_20250714_050000.wav,20250714
1083,1086,Geothlypis trichas,Common Yellowthroat,0.0866,D:\AcousticMonitoringData\ELDON4_Data\Week26\ELDON4_20250714_050000.wav,20250714
1083,1086,Passerina caerulea,Blue Grosbeak,0.0535,D:\AcousticMonitoringData\ELDON4_Data\Week26\ELDON4_20250714_050000.wav,20250714
1086,1089,Geothlypis trichas,Common Yellowthroat,0.2012,D:\AcousticMonitoringData\ELDON4_Data\Week26\ELDON4_20250714_050000.wav,20250714
1089,1092,Geothlypis trichas,Common Yellowthroat,0.2567,D:\AcousticMonitoringData\ELDON4_Data\Week26\ELDON4_20250714_050000.wav,20250714
1092,1095,Geothlypis trichas,Common Yellowthroat,0.6145,D:\AcousticMonitoringData\ELDON4_Data\Week26\ELDON4_20250714_050000.wav,20250714
1095,1098,Geothlypis trichas,Common Yellowthroat,0.3487,D:\AcousticMonitoringData\ELDON4_Data\Week26\ELDON4_20250714_050000.wav,20250714
1098,1101,Geothlypis trichas,Common Yellowthroat,0.3268,D:\AcousticMonitoringData\ELDON4_Data\Week26\ELDON4_20250714_050000.wav,20250714
1101,1104,Geothlypis trichas,Common Yellowthroat,0.1223,D:\AcousticMonitoringData\ELDON4_Data\Week26\ELDON4_20250714_050000.wav,20250714
1101,1104,Passerina caerulea,Blue Grosbeak,0.1056,D:\AcousticMonitoringData\ELDON4_Data\Week26\ELDON4_20250714_050000.wav,20250714
1104,1107,Passerina caerulea,Blue Grosbeak,0.0971,D:\AcousticMonitoringData\ELDON4_Data\Week26\ELDON4_20250714_050000.wav,20250714
1107,1110,Geothlypis trichas,Common Yellowthroat,0.0687,D:\AcousticMonitoringData\ELDON4_Data\Week26\ELDON4_20250714_050000.wav,20250714
1116,1119,Geothlypis trichas,Common Yellowthroat,0.35,D:\AcousticMonitoringData\ELDON4_Data\Week26\ELDON4_20250714_050000.wav,20250714
1119,1122,Geothlypis trichas,Common Yellowthroat,0.2171,D:\AcousticMonitoringData\ELDON4_Data\Week26\ELDON4_20250714_050000.wav,20250714
1122,1125,Passerina caerulea,Blue Grosbeak,0.1012,D:\AcousticMonitoringData\ELDON4_Data\Week26\ELDON4_20250714_050000.wav,20250714
1125,1128,Geothlypis trichas,Common Yellowthroat,0.0843,D:\AcousticMonitoringData\ELDON4_Data\Week26\ELDON4_20250714_050000.wav,20250714
1128,1131,Geothlypis trichas,Common Yellowthroat,0.2808,D:\AcousticMonitoringData\ELDON4_Data\Week26\ELDON4_20250714_050000.wav,20250714
1128,1131,Passerina caerulea,Blue Grosbeak,0.0548,D:\AcousticMonitoringData\ELDON4_Data\Week26\ELDON4_20250714_050000.wav,20250714
1131,1134,Geothlypis trichas,Common Yellowthroat,0.4317,D:\AcousticMonitoringData\ELDON4_Data\Week26\ELDON4_20250714_050000.wav,20250714
1134,1137,Geothlypis trichas,Common Yellowthroat,0.1396,D:\AcousticMonitoringData\ELDON4_Data\Week26\ELDON4_20250714_050000.wav,20250714
1134,1137,Passerina caerulea,Blue Grosbeak,0.1186,D:\AcousticMonitoringData\ELDON4_Data\Week26\ELDON4_20250714_050000.wav,20250714
1137,1140,Geothlypis trichas,Common Yellowthroat,0.5895,D:\AcousticMonitoringData\ELDON4_Data\Week26\ELDON4_20250714_050000.wav,20250714
1140,1143,Geothlypis trichas,Common Yellowthroat,0.274,D:\AcousticMonitoringData\ELDON4_Data\Week26\ELDON4_20250714_050000.wav,20250714
1140,1143,Passerina caerulea,Blue Grosbeak,0.0662,D:\AcousticMonitoringData\ELDON4_Data\Week26\ELDON4_20250714_050000.wav,20250714
1143,1146,Geothlypis trichas,Common Yellowthroat,0.546,D:\AcousticMonitoringData\ELDON4_Data\Week26\ELDON4_20250714_050000.wav,20250714
1146,1149,Geothlypis trichas,Common Yellowthroat,0.3591,D:\AcousticMonitoringData\ELDON4_Data\Week26\ELDON4_20250714_050000.wav,20250714
1146,1149,Passerina caerulea,Blue Grosbeak,0.0551,D:\AcousticMonitoringData\ELDON4_Data\Week26\ELDON4_20250714_050000.wav,20250714
1149,1152,Geothlypis trichas,Common Yellowthroat,0.4093,D:\AcousticMonitoringData\ELDON4_Data\Week26\ELDON4_20250714_050000.wav,20250714
1152,1155,Geothlypis trichas,Common Yellowthroat,0.4606,D:\AcousticMonitoringData\ELDON4_Data\Week26\ELDON4_20250714_050000.wav,20250714
1155,1158,Geothlypis trichas,Common Yellowthroat,0.0984,D:\AcousticMonitoringData\ELDON4_Data\Week26\ELDON4_20250714_050000.wav,20250714
1158,1161,Geothlypis trichas,Common Yellowthroat,0.3493,D:\AcousticMonitoringData\ELDON4_Data\Week26\ELDON4_20250714_050000.wav,20250714
1161,1164,Geothlypis trichas,Common Yellowthroat,0.2699,D:\AcousticMonitoringData\ELDON4_Data\Week26\ELDON4_20250714_050000.wav,20250714
1161,1164,Passerina caerulea,Blue Grosbeak,0.0859,D:\AcousticMonitoringData\ELDON4_Data\Week26\ELDON4_20250714_050000.wav,20250714
1164,1167,Geothlypis trichas,Common Yellowthroat,0.1424,D:\AcousticMonitoringData\ELDON4_Data\Week26\ELDON4_20250714_050000.wav,20250714
1164,1167,Passerina caerulea,Blue Grosbeak,0.0632,D:\AcousticMonitoringData\ELDON4_Data\Week26\ELDON4_20250714_050000.wav,20250714
1167,1170,Geothlypis trichas,Common Yellowthroat,0.3389,D:\AcousticMonitoringData\ELDON4_Data\Week26\ELDON4_20250714_050000.wav,20250714
1170,1173,Geothlypis trichas,Common Yellowthroat,0.1316,D:\AcousticMonitoringData\ELDON4_Data\Week26\ELDON4_20250714_050000.wav,20250714
1173,1176,Geothlypis trichas,Common Yellowthroat,0.2597,D:\AcousticMonitoringData\ELDON4_Data\Week26\ELDON4_20250714_050000.wav,20250714
1173,1176,Passerina caerulea,Blue Grosbeak,0.0535,D:\AcousticMonitoringData\ELDON4_Data\Week26\ELDON4_20250714_050000.wav,20250714
1176,1179,Geothlypis trichas,Common Yellowthroat,0.1532,D:\AcousticMonitoringData\ELDON4_Data\Week26\ELDON4_20250714_050000.wav,20250714
1176,1179,Passerina caerulea,Blue Grosbeak,0.1286,D:\AcousticMonitoringData\ELDON4_Data\Week26\ELDON4_20250714_050000.wav,20250714
1176,1179,Spizella pusilla,Field Sparrow,0.0524,D:\AcousticMonitoringData\ELDON4_Data\Week26\ELDON4_20250714_050000.wav,20250714
1179,1182,Geothlypis trichas,Common Yellowthroat,0.3676,D:\AcousticMonitoringData\ELDON4_Data\Week26\ELDON4_20250714_050000.wav,20250714
1179,1182,Passerina caerulea,Blue Grosbeak,0.0559,D:\AcousticMonitoringData\ELDON4_Data\Week26\ELDON4_20250714_050000.wav,20250714
1182,1185,Geothlypis trichas,Common Yellowthroat,0.3015,D:\AcousticMonitoringData\ELDON4_Data\Week26\ELDON4_20250714_050000.wav,20250714
1185,1188,Geothlypis trichas,Common Yellowthroat,0.2883,D:\AcousticMonitoringData\ELDON4_Data\Week26\ELDON4_20250714_050000.wav,20250714
1188,1191,Geothlypis trichas,Common Yellowthroat,0.1961,D:\AcousticMonitoringData\ELDON4_Data\Week26\ELDON4_20250714_050000.wav,20250714
1188,1191,Passerina caerulea,Blue Grosbeak,0.057,D:\AcousticMonitoringData\ELDON4_Data\Week26\ELDON4_20250714_050000.wav,20250714
1191,1194,Geothlypis trichas,Common Yellowthroat,0.095,D:\AcousticMonitoringData\ELDON4_Data\Week26\ELDON4_20250714_050000.wav,20250714
1191,1194,Passerina caerulea,Blue Grosbeak,0.0911,D:\AcousticMonitoringData\ELDON4_Data\Week26\ELDON4_20250714_050000.wav,20250714
1194,1197,Passerina caerulea,Blue Grosbeak,0.0906,D:\AcousticMonitoringData\ELDON4_Data\Week26\ELDON4_20250714_050000.wav,20250714
1194,1197,Geothlypis trichas,Common Yellowthroat,0.0839,D:\AcousticMonitoringData\ELDON4_Data\Week26\ELDON4_20250714_050000.wav,20250714
1197,1200,Geothlypis trichas,Common Yellowthroat,0.4658,D:\AcousticMonitoringData\ELDON4_Data\Week26\ELDON4_20250714_050000.wav,20250714
1200,1203,Geothlypis trichas,Common Yellowthroat,0.1833,D:\AcousticMonitoringData\ELDON4_Data\Week26\ELDON4_20250714_050000.wav,20250714
1200,1203,Passerina caerulea,Blue Grosbeak,0.0506,D:\AcousticMonitoringData\ELDON4_Data\Week26\ELDON4_20250714_050000.wav,20250714
1203,1206,Geothlypis trichas,Common Yellowthroat,0.068,D:\AcousticMonitoringData\ELDON4_Data\Week26\ELDON4_20250714_050000.wav,20250714
1206,1209,Geothlypis trichas,Common Yellowthroat,0.2973,D:\AcousticMonitoringData\ELDON4_Data\Week26\ELDON4_20250714_050000.wav,20250714
1209,1212,Geothlypis trichas,Common Yellowthroat,0.112,D:\AcousticMonitoringData\ELDON4_Data\Week26\ELDON4_20250714_050000.wav,20250714
1209,1212,Passerina caerulea,Blue Grosbeak,0.0943,D:\AcousticMonitoringData\ELDON4_Data\Week26\ELDON4_20250714_050000.wav,20250714
1212,1215,Geothlypis trichas,Common Yellowthroat,0.1567,D:\AcousticMonitoringData\ELDON4_Data\Week26\ELDON4_20250714_050000.wav,20250714
1212,1215,Passerina caerulea,Blue Grosbeak,0.1158,D:\AcousticMonitoringData\ELDON4_Data\Week26\ELDON4_20250714_050000.wav,20250714
1215,1218,Geothlypis trichas,Common Yellowthroat,0.4429,D:\AcousticMonitoringData\ELDON4_Data\Week26\ELDON4_20250714_050000.wav,20250714
1221,1224,Geothlypis trichas,Common Yellowthroat,0.296,D:\AcousticMonitoringData\ELDON4_Data\Week26\ELDON4_20250714_050000.wav,20250714
1224,1227,Geothlypis trichas,Common Yellowthroat,0.4003,D:\AcousticMonitoringData\ELDON4_Data\Week26\ELDON4_20250714_050000.wav,20250714
1224,1227,Passerina caerulea,Blue Grosbeak,0.0603,D:\AcousticMonitoringData\ELDON4_Data\Week26\ELDON4_20250714_050000.wav,20250714
1227,1230,Geothlypis trichas,Common Yellowthroat,0.0638,D:\AcousticMonitoringData\ELDON4_Data\Week26\ELDON4_20250714_050000.wav,20250714
1230,1233,Geothlypis trichas,Common Yellowthroat,0.1903,D:\AcousticMonitoringData\ELDON4_Data\Week26\ELDON4_20250714_050000.wav,20250714
1230,1233,Passerina caerulea,Blue Grosbeak,0.053,D:\AcousticMonitoringData\ELDON4_Data\Week26\ELDON4_20250714_050000.wav,20250714
1233,1236,Geothlypis trichas,Common Yellowthroat,0.2534,D:\AcousticMonitoringData\ELDON4_Data\Week26\ELDON4_20250714_050000.wav,20250714
1236,1239,Geothlypis trichas,Common Yellowthroat,0.526,D:\AcousticMonitoringData\ELDON4_Data\Week26\ELDON4_20250714_050000.wav,20250714
1236,1239,Passerina caerulea,Blue Grosbeak,0.0897,D:\AcousticMonitoringData\ELDON4_Data\Week26\ELDON4_20250714_050000.wav,20250714
1239,1242,Geothlypis trichas,Common Yellowthroat,0.2162,D:\AcousticMonitoringData\ELDON4_Data\Week26\ELDON4_20250714_050000.wav,20250714
1239,1242,Passerina caerulea,Blue Grosbeak,0.0605,D:\AcousticMonitoringData\ELDON4_Data\Week26\ELDON4_20250714_050000.wav,20250714
1242,1245,Geothlypis trichas,Common Yellowthroat,0.1115,D:\AcousticMonitoringData\ELDON4_Data\Week26\ELDON4_20250714_050000.wav,20250714
1242,1245,Passerina caerulea,Blue Grosbeak,0.0636,D:\AcousticMonitoringData\ELDON4_Data\Week26\ELDON4_20250714_050000.wav,20250714
1245,1248,Geothlypis trichas,Common Yellowthroat,0.4378,D:\AcousticMonitoringData\ELDON4_Data\Week26\ELDON4_20250714_050000.wav,20250714
1248,1251,Geothlypis trichas,Common Yellowthroat,0.1382,D:\AcousticMonitoringData\ELDON4_Data\Week26\ELDON4_20250714_050000.wav,20250714
1248,1251,Passerina caerulea,Blue Grosbeak,0.0577,D:\AcousticMonitoringData\ELDON4_Data\Week26\ELDON4_20250714_050000.wav,20250714
1251,1254,Geothlypis trichas,Common Yellowthroat,0.3973,D:\AcousticMonitoringData\ELDON4_Data\Week26\ELDON4_20250714_050000.wav,20250714
1254,1257,Geothlypis trichas,Common Yellowthroat,0.2387,D:\AcousticMonitoringData\ELDON4_Data\Week26\ELDON4_20250714_050000.wav,20250714
1257,1260,Geothlypis trichas,Common Yellowthroat,0.1562,D:\AcousticMonitoringData\ELDON4_Data\Week26\ELDON4_20250714_050000.wav,20250714
1257,1260,Passerina caerulea,Blue Grosbeak,0.0875,D:\AcousticMonitoringData\ELDON4_Data\Week26\ELDON4_20250714_050000.wav,20250714
1260,1263,Geothlypis trichas,Common Yellowthroat,0.2381,D:\AcousticMonitoringData\ELDON4_Data\Week26\ELDON4_20250714_050000.wav,20250714
1260,1263,Passerina caerulea,Blue Grosbeak,0.0525,D:\AcousticMonitoringData\ELDON4_Data\Week26\ELDON4_20250714_050000.wav,20250714
1263,1266,Geothlypis trichas,Common Yellowthroat,0.2818,D:\AcousticMonitoringData\ELDON4_Data\Week26\ELDON4_20250714_050000.wav,20250714
1266,1269,Geothlypis trichas,Common Yellowthroat,0.177,D:\AcousticMonitoringData\ELDON4_Data\Week26\ELDON4_20250714_050000.wav,20250714
1269,1272,Geothlypis trichas,Common Yellowthroat,0.1174,D:\AcousticMonitoringData\ELDON4_Data\Week26\ELDON4_20250714_050000.wav,20250714
1272,1275,Geothlypis trichas,Common Yellowthroat,0.3306,D:\AcousticMonitoringData\ELDON4_Data\Week26\ELDON4_20250714_050000.wav,20250714
1275,1278,Geothlypis trichas,Common Yellowthroat,0.5799,D:\AcousticMonitoringData\ELDON4_Data\Week26\ELDON4_20250714_050000.wav,20250714
1278,1281,Geothlypis trichas,Common Yellowthroat,0.3095,D:\AcousticMonitoringData\ELDON4_Data\Week26\ELDON4_20250714_050000.wav,20250714
1281,1284,Geothlypis trichas,Common Yellowthroat,0.3924,D:\AcousticMonitoringData\ELDON4_Data\Week26\ELDON4_20250714_050000.wav,20250714
1287,1290,Geothlypis trichas,Common Yellowthroat,0.1269,D:\AcousticMonitoringData\ELDON4_Data\Week26\ELDON4_20250714_050000.wav,20250714
1290,1293,Geothlypis trichas,Common Yellowthroat,0.1027,D:\AcousticMonitoringData\ELDON4_Data\Week26\ELDON4_20250714_050000.wav,20250714
1293,1296,Geothlypis trichas,Common Yellowthroat,0.4029,D:\AcousticMonitoringData\ELDON4_Data\Week26\ELDON4_20250714_050000.wav,20250714
1296,1299,Geothlypis trichas,Common Yellowthroat,0.4521,D:\AcousticMonitoringData\ELDON4_Data\Week26\ELDON4_20250714_050000.wav,20250714
1299,1302,Geothlypis trichas,Common Yellowthroat,0.4259,D:\AcousticMonitoringData\ELDON4_Data\Week26\ELDON4_20250714_050000.wav,20250714
1299,1302,Passerina caerulea,Blue Grosbeak,0.0617,D:\AcousticMonitoringData\ELDON4_Data\Week26\ELDON4_20250714_050000.wav,20250714
1302,1305,Geothlypis trichas,Common Yellowthroat,0.0691,D:\AcousticMonitoringData\ELDON4_Data\Week26\ELDON4_20250714_050000.wav,20250714
1305,1308,Geothlypis trichas,Common Yellowthroat,0.1029,D:\AcousticMonitoringData\ELDON4_Data\Week26\ELDON4_20250714_050000.wav,20250714
1308,1311,Passerina caerulea,Blue Grosbeak,0.2404,D:\AcousticMonitoringData\ELDON4_Data\Week26\ELDON4_20250714_050000.wav,20250714
1308,1311,Spizella pusilla,Field Sparrow,0.0522,D:\AcousticMonitoringData\ELDON4_Data\Week26\ELDON4_20250714_050000.wav,20250714
1311,1314,Geothlypis trichas,Common Yellowthroat,0.4508,D:\AcousticMonitoringData\ELDON4_Data\Week26\ELDON4_20250714_050000.wav,20250714
1311,1314,Passerina caerulea,Blue Grosbeak,0.1046,D:\AcousticMonitoringData\ELDON4_Data\Week26\ELDON4_20250714_050000.wav,20250714
1314,1317,Geothlypis trichas,Common Yellowthroat,0.3075,D:\AcousticMonitoringData\ELDON4_Data\Week26\ELDON4_20250714_050000.wav,20250714
1314,1317,Passerina caerulea,Blue Grosbeak,0.1836,D:\AcousticMonitoringData\ELDON4_Data\Week26\ELDON4_20250714_050000.wav,20250714
1317,1320,Passerina caerulea,Blue Grosbeak,0.1057,D:\AcousticMonitoringData\ELDON4_Data\Week26\ELDON4_20250714_050000.wav,20250714
1317,1320,Geothlypis trichas,Common Yellowthroat,0.0695,D:\AcousticMonitoringData\ELDON4_Data\Week26\ELDON4_20250714_050000.wav,20250714
1320,1323,Geothlypis trichas,Common Yellowthroat,0.3892,D:\AcousticMonitoringData\ELDON4_Data\Week26\ELDON4_20250714_050000.wav,20250714
1323,1326,Geothlypis trichas,Common Yellowthroat,0.1242,D:\AcousticMonitoringData\ELDON4_Data\Week26\ELDON4_20250714_050000.wav,20250714
1323,1326,Passerina caerulea,Blue Grosbeak,0.0595,D:\AcousticMonitoringData\ELDON4_Data\Week26\ELDON4_20250714_050000.wav,20250714
1326,1329,Geothlypis trichas,Common Yellowthroat,0.2047,D:\AcousticMonitoringData\ELDON4_Data\Week26\ELDON4_20250714_050000.wav,20250714
1326,1329,Passerina caerulea,Blue Grosbeak,0.0756,D:\AcousticMonitoringData\ELDON4_Data\Week26\ELDON4_20250714_050000.wav,20250714
1329,1332,Geothlypis trichas,Common Yellowthroat,0.5471,D:\AcousticMonitoringData\ELDON4_Data\Week26\ELDON4_20250714_050000.wav,20250714
1332,1335,Geothlypis trichas,Common Yellowthroat,0.0897,D:\AcousticMonitoringData\ELDON4_Data\Week26\ELDON4_20250714_050000.wav,20250714
1335,1338,Geothlypis trichas,Common Yellowthroat,0.0718,D:\AcousticMonitoringData\ELDON4_Data\Week26\ELDON4_20250714_050000.wav,20250714
1335,1338,Passerina caerulea,Blue Grosbeak,0.0577,D:\AcousticMonitoringData\ELDON4_Data\Week26\ELDON4_20250714_050000.wav,20250714
1338,1341,Geothlypis trichas,Common Yellowthroat,0.0558,D:\AcousticMonitoringData\ELDON4_Data\Week26\ELDON4_20250714_050000.wav,20250714
1341,1344,Passerina caerulea,Blue Grosbeak,0.1003,D:\AcousticMonitoringData\ELDON4_Data\Week26\ELDON4_20250714_050000.wav,20250714
1341,1344,Geothlypis trichas,Common Yellowthroat,0.099,D:\AcousticMonitoringData\ELDON4_Data\Week26\ELDON4_20250714_050000.wav,20250714
1344,1347,Geothlypis trichas,Common Yellowthroat,0.473,D:\AcousticMonitoringData\ELDON4_Data\Week26\ELDON4_20250714_050000.wav,20250714
1347,1350,Geothlypis trichas,Common Yellowthroat,0.0774,D:\AcousticMonitoringData\ELDON4_Data\Week26\ELDON4_20250714_050000.wav,20250714
1350,1353,Passerina caerulea,Blue Grosbeak,0.0618,D:\AcousticMonitoringData\ELDON4_Data\Week26\ELDON4_20250714_050000.wav,20250714
1353,1356,Geothlypis trichas,Common Yellowthroat,0.2938,D:\AcousticMonitoringData\ELDON4_Data\Week26\ELDON4_20250714_050000.wav,20250714
1356,1359,Geothlypis trichas,Common Yellowthroat,0.3742,D:\AcousticMonitoringData\ELDON4_Data\Week26\ELDON4_20250714_050000.wav,20250714
1359,1362,Geothlypis trichas,Common Yellowthroat,0.1289,D:\AcousticMonitoringData\ELDON4_Data\Week26\ELDON4_20250714_050000.wav,20250714
1362,1365,Passerina caerulea,Blue Grosbeak,0.0644,D:\AcousticMonitoringData\ELDON4_Data\Week26\ELDON4_20250714_050000.wav,20250714
1362,1365,Geothlypis trichas,Common Yellowthroat,0.062,D:\AcousticMonitoringData\ELDON4_Data\Week26\ELDON4_20250714_050000.wav,20250714
1365,1368,Geothlypis trichas,Common Yellowthroat,0.4935,D:\AcousticMonitoringData\ELDON4_Data\Week26\ELDON4_20250714_050000.wav,20250714
1365,1368,Passerina caerulea,Blue Grosbeak,0.0543,D:\AcousticMonitoringData\ELDON4_Data\Week26\ELDON4_20250714_050000.wav,20250714
1368,1371,Geothlypis trichas,Common Yellowthroat,0.3726,D:\AcousticMonitoringData\ELDON4_Data\Week26\ELDON4_20250714_050000.wav,20250714
1371,1374,Passerina caerulea,Blue Grosbeak,0.0796,D:\AcousticMonitoringData\ELDON4_Data\Week26\ELDON4_20250714_050000.wav,20250714
1371,1374,Spizella pusilla,Field Sparrow,0.0669,D:\AcousticMonitoringData\ELDON4_Data\Week26\ELDON4_20250714_050000.wav,20250714
1374,1377,Geothlypis trichas,Common Yellowthroat,0.5177,D:\AcousticMonitoringData\ELDON4_Data\Week26\ELDON4_20250714_050000.wav,20250714
1377,1380,Geothlypis trichas,Common Yellowthroat,0.2804,D:\AcousticMonitoringData\ELDON4_Data\Week26\ELDON4_20250714_050000.wav,20250714
1377,1380,Passerina caerulea,Blue Grosbeak,0.102,D:\AcousticMonitoringData\ELDON4_Data\Week26\ELDON4_20250714_050000.wav,20250714
1380,1383,Geothlypis trichas,Common Yellowthroat,0.1037,D:\AcousticMonitoringData\ELDON4_Data\Week26\ELDON4_20250714_050000.wav,20250714
1380,1383,Passerina caerulea,Blue Grosbeak,0.0568,D:\AcousticMonitoringData\ELDON4_Data\Week26\ELDON4_20250714_050000.wav,20250714
1383,1386,Geothlypis trichas,Common Yellowthroat,0.0606,D:\AcousticMonitoringData\ELDON4_Data\Week26\ELDON4_20250714_050000.wav,20250714
1386,1389,Geothlypis trichas,Common Yellowthroat,0.1662,D:\AcousticMonitoringData\ELDON4_Data\Week26\ELDON4_20250714_050000.wav,20250714
1389,1392,Geothlypis trichas,Common Yellowthroat,0.0864,D:\AcousticMonitoringData\ELDON4_Data\Week26\ELDON4_20250714_050000.wav,20250714
1392,1395,Geothlypis trichas,Common Yellowthroat,0.2395,D:\AcousticMonitoringData\ELDON4_Data\Week26\ELDON4_20250714_050000.wav,20250714
1395,1398,Geothlypis trichas,Common Yellowthroat,0.546,D:\AcousticMonitoringData\ELDON4_Data\Week26\ELDON4_20250714_050000.wav,20250714
1395,1398,Spizella pusilla,Field Sparrow,0.0609,D:\AcousticMonitoringData\ELDON4_Data\Week26\ELDON4_20250714_050000.wav,20250714
1398,1401,Geothlypis trichas,Common Yellowthroat,0.2589,D:\AcousticMonitoringData\ELDON4_Data\Week26\ELDON4_20250714_050000.wav,20250714
1401,1404,Geothlypis trichas,Common Yellowthroat,0.5137,D:\AcousticMonitoringData\ELDON4_Data\Week26\ELDON4_20250714_050000.wav,20250714
1401,1404,Passerina caerulea,Blue Grosbeak,0.0696,D:\AcousticMonitoringData\ELDON4_Data\Week26\ELDON4_20250714_050000.wav,20250714
1404,1407,Passerina caerulea,Blue Grosbeak,0.1763,D:\AcousticMonitoringData\ELDON4_Data\Week26\ELDON4_20250714_050000.wav,20250714
1404,1407,Geothlypis trichas,Common Yellowthroat,0.1571,D:\AcousticMonitoringData\ELDON4_Data\Week26\ELDON4_20250714_050000.wav,20250714
1407,1410,Geothlypis trichas,Common Yellowthroat,0.3031,D:\AcousticMonitoringData\ELDON4_Data\Week26\ELDON4_20250714_050000.wav,20250714
1410,1413,Geothlypis trichas,Common Yellowthroat,0.3346,D:\AcousticMonitoringData\ELDON4_Data\Week26\ELDON4_20250714_050000.wav,20250714
1413,1416,Geothlypis trichas,Common Yellowthroat,0.2963,D:\AcousticMonitoringData\ELDON4_Data\Week26\ELDON4_20250714_050000.wav,20250714
1413,1416,Passerina caerulea,Blue Grosbeak,0.0868,D:\AcousticMonitoringData\ELDON4_Data\Week26\ELDON4_20250714_050000.wav,20250714
1416,1419,Geothlypis trichas,Common Yellowthroat,0.1341,D:\AcousticMonitoringData\ELDON4_Data\Week26\ELDON4_20250714_050000.wav,20250714
1416,1419,Passerina caerulea,Blue Grosbeak,0.0585,D:\AcousticMonitoringData\ELDON4_Data\Week26\ELDON4_20250714_050000.wav,20250714
1419,1422,Geothlypis trichas,Common Yellowthroat,0.291,D:\AcousticMonitoringData\ELDON4_Data\Week26\ELDON4_20250714_050000.wav,20250714
1419,1422,Spizella pusilla,Field Sparrow,0.0609,D:\AcousticMonitoringData\ELDON4_Data\Week26\ELDON4_20250714_050000.wav,20250714
1422,1425,Geothlypis trichas,Common Yellowthroat,0.2195,D:\AcousticMonitoringData\ELDON4_Data\Week26\ELDON4_20250714_050000.wav,20250714
1425,1428,Geothlypis trichas,Common Yellowthroat,0.1212,D:\AcousticMonitoringData\ELDON4_Data\Week26\ELDON4_20250714_050000.wav,20250714
1425,1428,Passerina caerulea,Blue Grosbeak,0.0628,D:\AcousticMonitoringData\ELDON4_Data\Week26\ELDON4_20250714_050000.wav,20250714
1428,1431,Geothlypis trichas,Common Yellowthroat,0.182,D:\AcousticMonitoringData\ELDON4_Data\Week26\ELDON4_20250714_050000.wav,20250714
1431,1434,Geothlypis trichas,Common Yellowthroat,0.284,D:\AcousticMonitoringData\ELDON4_Data\Week26\ELDON4_20250714_050000.wav,20250714
1434,1437,Geothlypis trichas,Common Yellowthroat,0.0836,D:\AcousticMonitoringData\ELDON4_Data\Week26\ELDON4_20250714_050000.wav,20250714
1437,1440,Geothlypis trichas,Common Yellowthroat,0.0983,D:\AcousticMonitoringData\ELDON4_Data\Week26\ELDON4_20250714_050000.wav,20250714
1440,1443,Geothlypis trichas,Common Yellowthroat,0.4031,D:\AcousticMonitoringData\ELDON4_Data\Week26\ELDON4_20250714_050000.wav,20250714
1440,1443,Spizella pusilla,Field Sparrow,0.0571,D:\AcousticMonitoringData\ELDON4_Data\Week26\ELDON4_20250714_050000.wav,20250714
1443,1446,Geothlypis trichas,Common Yellowthroat,0.4016,D:\AcousticMonitoringData\ELDON4_Data\Week26\ELDON4_20250714_050000.wav,20250714
1443,1446,Passerina caerulea,Blue Grosbeak,0.0628,D:\AcousticMonitoringData\ELDON4_Data\Week26\ELDON4_20250714_050000.wav,20250714
1446,1449,Geothlypis trichas,Common Yellowthroat,0.164,D:\AcousticMonitoringData\ELDON4_Data\Week26\ELDON4_20250714_050000.wav,20250714
1446,1449,Passerina caerulea,Blue Grosbeak,0.0697,D:\AcousticMonitoringData\ELDON4_Data\Week26\ELDON4_20250714_050000.wav,20250714
1446,1449,Sturnella magna,Eastern Meadowlark,0.0696,D:\AcousticMonitoringData\ELDON4_Data\Week26\ELDON4_20250714_050000.wav,20250714
1449,1452,Geothlypis trichas,Common Yellowthroat,0.1311,D:\AcousticMonitoringData\ELDON4_Data\Week26\ELDON4_20250714_050000.wav,20250714
1452,1455,Passerina caerulea,Blue Grosbeak,0.0661,D:\AcousticMonitoringData\ELDON4_Data\Week26\ELDON4_20250714_050000.wav,20250714
1452,1455,Geothlypis trichas,Common Yellowthroat,0.0592,D:\AcousticMonitoringData\ELDON4_Data\Week26\ELDON4_20250714_050000.wav,20250714
1455,1458,Passerina caerulea,Blue Grosbeak,0.134,D:\AcousticMonitoringData\ELDON4_Data\Week26\ELDON4_20250714_050000.wav,20250714
1458,1461,Geothlypis trichas,Common Yellowthroat,0.2883,D:\AcousticMonitoringData\ELDON4_Data\Week26\ELDON4_20250714_050000.wav,20250714
1458,1461,Passerina caerulea,Blue Grosbeak,0.0584,D:\AcousticMonitoringData\ELDON4_Data\Week26\ELDON4_20250714_050000.wav,20250714
1461,1464,Geothlypis trichas,Common Yellowthroat,0.12,D:\AcousticMonitoringData\ELDON4_Data\Week26\ELDON4_20250714_050000.wav,20250714
1464,1467,Geothlypis trichas,Common Yellowthroat,0.2468,D:\AcousticMonitoringData\ELDON4_Data\Week26\ELDON4_20250714_050000.wav,20250714
1464,1467,Passerina caerulea,Blue Grosbeak,0.0575,D:\AcousticMonitoringData\ELDON4_Data\Week26\ELDON4_20250714_050000.wav,20250714
1467,1470,Geothlypis trichas,Common Yellowthroat,0.1167,D:\AcousticMonitoringData\ELDON4_Data\Week26\ELDON4_20250714_050000.wav,20250714
1470,1473,Geothlypis trichas,Common Yellowthroat,0.1028,D:\AcousticMonitoringData\ELDON4_Data\Week26\ELDON4_20250714_050000.wav,20250714
1470,1473,Bartramia longicauda,Upland Sandpiper,0.0747,D:\AcousticMonitoringData\ELDON4_Data\Week26\ELDON4_20250714_050000.wav,20250714
1470,1473,Sturnella magna,Eastern Meadowlark,0.0677,D:\AcousticMonitoringData\ELDON4_Data\Week26\ELDON4_20250714_050000.wav,20250714
1473,1476,Geothlypis trichas,Common Yellowthroat,0.2767,D:\AcousticMonitoringData\ELDON4_Data\Week26\ELDON4_20250714_050000.wav,20250714
1476,1479,Geothlypis trichas,Common Yellowthroat,0.2846,D:\AcousticMonitoringData\ELDON4_Data\Week26\ELDON4_20250714_050000.wav,20250714
1479,1482,Geothlypis trichas,Common Yellowthroat,0.1579,D:\AcousticMonitoringData\ELDON4_Data\Week26\ELDON4_20250714_050000.wav,20250714
1482,1485,Geothlypis trichas,Common Yellowthroat,0.1664,D:\AcousticMonitoringData\ELDON4_Data\Week26\ELDON4_20250714_050000.wav,20250714
1482,1485,Passerina caerulea,Blue Grosbeak,0.1062,D:\AcousticMonitoringData\ELDON4_Data\Week26\ELDON4_20250714_050000.wav,20250714
1485,1488,Geothlypis trichas,Common Yellowthroat,0.1469,D:\AcousticMonitoringData\ELDON4_Data\Week26\ELDON4_20250714_050000.wav,20250714
1488,1491,Geothlypis trichas,Common Yellowthroat,0.4059,D:\AcousticMonitoringData\ELDON4_Data\Week26\ELDON4_20250714_050000.wav,20250714
1488,1491,Passerina caerulea,Blue Grosbeak,0.0847,D:\AcousticMonitoringData\ELDON4_Data\Week26\ELDON4_20250714_050000.wav,20250714
1491,1494,Geothlypis trichas,Common Yellowthroat,0.1607,D:\AcousticMonitoringData\ELDON4_Data\Week26\ELDON4_20250714_050000.wav,20250714
1494,1497,Geothlypis trichas,Common Yellowthroat,0.113,D:\AcousticMonitoringData\ELDON4_Data\Week26\ELDON4_20250714_050000.wav,20250714
1497,1500,Geothlypis trichas,Common Yellowthroat,0.5123,D:\AcousticMonitoringData\ELDON4_Data\Week26\ELDON4_20250714_050000.wav,20250714
1497,1500,Spizella pusilla,Field Sparrow,0.0739,D:\AcousticMonitoringData\ELDON4_Data\Week26\ELDON4_20250714_050000.wav,20250714
1500,1503,Geothlypis trichas,Common Yellowthroat,0.3188,D:\AcousticMonitoringData\ELDON4_Data\Week26\ELDON4_20250714_050000.wav,20250714
1503,1506,Geothlypis trichas,Common Yellowthroat,0.2457,D:\AcousticMonitoringData\ELDON4_Data\Week26\ELDON4_20250714_050000.wav,20250714
1503,1506,Passerina caerulea,Blue Grosbeak,0.0547,D:\AcousticMonitoringData\ELDON4_Data\Week26\ELDON4_20250714_050000.wav,20250714
1506,1509,Geothlypis trichas,Common Yellowthroat,0.0661,D:\AcousticMonitoringData\ELDON4_Data\Week26\ELDON4_20250714_050000.wav,20250714
1506,1509,Passerina caerulea,Blue Grosbeak,0.0574,D:\AcousticMonitoringData\ELDON4_Data\Week26\ELDON4_20250714_050000.wav,20250714
1509,1512,Geothlypis trichas,Common Yellowthroat,0.338,D:\AcousticMonitoringData\ELDON4_Data\Week26\ELDON4_20250714_050000.wav,20250714
1512,1515,Geothlypis trichas,Common Yellowthroat,0.4245,D:\AcousticMonitoringData\ELDON4_Data\Week26\ELDON4_20250714_050000.wav,20250714
1515,1518,Geothlypis trichas,Common Yellowthroat,0.2882,D:\AcousticMonitoringData\ELDON4_Data\Week26\ELDON4_20250714_050000.wav,20250714
1518,1521,Passerina caerulea,Blue Grosbeak,0.0824,D:\AcousticMonitoringData\ELDON4_Data\Week26\ELDON4_20250714_050000.wav,20250714
1518,1521,Geothlypis trichas,Common Yellowthroat,0.0593,D:\AcousticMonitoringData\ELDON4_Data\Week26\ELDON4_20250714_050000.wav,20250714
1521,1524,Geothlypis trichas,Common Yellowthroat,0.0746,D:\AcousticMonitoringData\ELDON4_Data\Week26\ELDON4_20250714_050000.wav,20250714
1524,1527,Geothlypis trichas,Common Yellowthroat,0.3166,D:\AcousticMonitoringData\ELDON4_Data\Week26\ELDON4_20250714_050000.wav,20250714
1527,1530,Geothlypis trichas,Common Yellowthroat,0.0853,D:\AcousticMonitoringData\ELDON4_Data\Week26\ELDON4_20250714_050000.wav,20250714
1530,1533,Geothlypis trichas,Common Yellowthroat,0.1831,D:\AcousticMonitoringData\ELDON4_Data\Week26\ELDON4_20250714_050000.wav,20250714
1533,1536,Geothlypis trichas,Common Yellowthroat,0.2285,D:\AcousticMonitoringData\ELDON4_Data\Week26\ELDON4_20250714_050000.wav,20250714
1536,1539,Geothlypis trichas,Common Yellowthroat,0.2916,D:\AcousticMonitoringData\ELDON4_Data\Week26\ELDON4_20250714_050000.wav,20250714
1539,1542,Geothlypis trichas,Common Yellowthroat,0.2344,D:\AcousticMonitoringData\ELDON4_Data\Week26\ELDON4_20250714_050000.wav,20250714
1542,1545,Geothlypis trichas,Common Yellowthroat,0.1742,D:\AcousticMonitoringData\ELDON4_Data\Week26\ELDON4_20250714_050000.wav,20250714
1542,1545,Passerina caerulea,Blue Grosbeak,0.0559,D:\AcousticMonitoringData\ELDON4_Data\Week26\ELDON4_20250714_050000.wav,20250714
1545,1548,Geothlypis trichas,Common Yellowthroat,0.2616,D:\AcousticMonitoringData\ELDON4_Data\Week26\ELDON4_20250714_050000.wav,20250714
1548,1551,Geothlypis trichas,Common Yellowthroat,0.4563,D:\AcousticMonitoringData\ELDON4_Data\Week26\ELDON4_20250714_050000.wav,20250714
1551,1554,Geothlypis trichas,Common Yellowthroat,0.1386,D:\AcousticMonitoringData\ELDON4_Data\Week26\ELDON4_20250714_050000.wav,20250714
1551,1554,Passerina caerulea,Blue Grosbeak,0.0739,D:\AcousticMonitoringData\ELDON4_Data\Week26\ELDON4_20250714_050000.wav,20250714
1554,1557,Geothlypis trichas,Common Yellowthroat,0.1239,D:\AcousticMonitoringData\ELDON4_Data\Week26\ELDON4_20250714_050000.wav,20250714
1557,1560,Geothlypis trichas,Common Yellowthroat,0.1204,D:\AcousticMonitoringData\ELDON4_Data\Week26\ELDON4_20250714_050000.wav,20250714
1560,1563,Geothlypis trichas,Common Yellowthroat,0.1075,D:\AcousticMonitoringData\ELDON4_Data\Week26\ELDON4_20250714_050000.wav,20250714
1560,1563,Passerina caerulea,Blue Grosbeak,0.0539,D:\AcousticMonitoringData\ELDON4_Data\Week26\ELDON4_20250714_050000.wav,20250714
1563,1566,Geothlypis trichas,Common Yellowthroat,0.0819,D:\AcousticMonitoringData\ELDON4_Data\Week26\ELDON4_20250714_050000.wav,20250714
1566,1569,Geothlypis trichas,Common Yellowthroat,0.2477,D:\AcousticMonitoringData\ELDON4_Data\Week26\ELDON4_20250714_050000.wav,20250714
1569,1572,Geothlypis trichas,Common Yellowthroat,0.2155,D:\AcousticMonitoringData\ELDON4_Data\Week26\ELDON4_20250714_050000.wav,20250714
1572,1575,Geothlypis trichas,Common Yellowthroat,0.4919,D:\AcousticMonitoringData\ELDON4_Data\Week26\ELDON4_20250714_050000.wav,20250714
1575,1578,Geothlypis trichas,Common Yellowthroat,0.1272,D:\AcousticMonitoringData\ELDON4_Data\Week26\ELDON4_20250714_050000.wav,20250714
1575,1578,Passerina caerulea,Blue Grosbeak,0.061,D:\AcousticMonitoringData\ELDON4_Data\Week26\ELDON4_20250714_050000.wav,20250714
1578,1581,Geothlypis trichas,Common Yellowthroat,0.1937,D:\AcousticMonitoringData\ELDON4_Data\Week26\ELDON4_20250714_050000.wav,20250714
1581,1584,Geothlypis trichas,Common Yellowthroat,0.3866,D:\AcousticMonitoringData\ELDON4_Data\Week26\ELDON4_20250714_050000.wav,20250714
1584,1587,Geothlypis trichas,Common Yellowthroat,0.2266,D:\AcousticMonitoringData\ELDON4_Data\Week26\ELDON4_20250714_050000.wav,20250714
1587,1590,Geothlypis trichas,Common Yellowthroat,0.1914,D:\AcousticMonitoringData\ELDON4_Data\Week26\ELDON4_20250714_050000.wav,20250714
1587,1590,Passerina caerulea,Blue Grosbeak,0.0503,D:\AcousticMonitoringData\ELDON4_Data\Week26\ELDON4_20250714_050000.wav,20250714
1590,1593,Geothlypis trichas,Common Yellowthroat,0.3643,D:\AcousticMonitoringData\ELDON4_Data\Week26\ELDON4_20250714_050000.wav,20250714
1593,1596,Passerina caerulea,Blue Grosbeak,0.0722,D:\AcousticMonitoringData\ELDON4_Data\Week26\ELDON4_20250714_050000.wav,20250714
1593,1596,Geothlypis trichas,Common Yellowthroat,0.0609,D:\AcousticMonitoringData\ELDON4_Data\Week26\ELDON4_20250714_050000.wav,20250714
1596,1599,Passerina caerulea,Blue Grosbeak,0.2813,D:\AcousticMonitoringData\ELDON4_Data\Week26\ELDON4_20250714_050000.wav,20250714
1599,1602,Geothlypis trichas,Common Yellowthroat,0.1175,D:\AcousticMonitoringData\ELDON4_Data\Week26\ELDON4_20250714_050000.wav,20250714
1599,1602,Passerina caerulea,Blue Grosbeak,0.0584,D:\AcousticMonitoringData\ELDON4_Data\Week26\ELDON4_20250714_050000.wav,20250714
1602,1605,Geothlypis trichas,Common Yellowthroat,0.1627,D:\AcousticMonitoringData\ELDON4_Data\Week26\ELDON4_20250714_050000.wav,20250714
1602,1605,Passerina caerulea,Blue Grosbeak,0.0527,D:\AcousticMonitoringData\ELDON4_Data\Week26\ELDON4_20250714_050000.wav,20250714
1605,1608,Geothlypis trichas,Common Yellowthroat,0.2144,D:\AcousticMonitoringData\ELDON4_Data\Week26\ELDON4_20250714_050000.wav,20250714
1605,1608,Spizella pusilla,Field Sparrow,0.0697,D:\AcousticMonitoringData\ELDON4_Data\Week26\ELDON4_20250714_050000.wav,20250714
1608,1611,Geothlypis trichas,Common Yellowthroat,0.1413,D:\AcousticMonitoringData\ELDON4_Data\Week26\ELDON4_20250714_050000.wav,20250714
1608,1611,Passerina caerulea,Blue Grosbeak,0.0811,D:\AcousticMonitoringData\ELDON4_Data\Week26\ELDON4_20250714_050000.wav,20250714
1611,1614,Geothlypis trichas,Common Yellowthroat,0.0994,D:\AcousticMonitoringData\ELDON4_Data\Week26\ELDON4_20250714_050000.wav,20250714
1611,1614,Passerina caerulea,Blue Grosbeak,0.0741,D:\AcousticMonitoringData\ELDON4_Data\Week26\ELDON4_20250714_050000.wav,20250714
1617,1620,Geothlypis trichas,Common Yellowthroat,0.2017,D:\AcousticMonitoringData\ELDON4_Data\Week26\ELDON4_20250714_050000.wav,20250714
1620,1623,Geothlypis trichas,Common Yellowthroat,0.1654,D:\AcousticMonitoringData\ELDON4_Data\Week26\ELDON4_20250714_050000.wav,20250714
1620,1623,Passerina caerulea,Blue Grosbeak,0.1012,D:\AcousticMonitoringData\ELDON4_Data\Week26\ELDON4_20250714_050000.wav,20250714
1623,1626,Geothlypis trichas,Common Yellowthroat,0.1188,D:\AcousticMonitoringData\ELDON4_Data\Week26\ELDON4_20250714_050000.wav,20250714
1626,1629,Passerina caerulea,Blue Grosbeak,0.1063,D:\AcousticMonitoringData\ELDON4_Data\Week26\ELDON4_20250714_050000.wav,20250714
1626,1629,Geothlypis trichas,Common Yellowthroat,0.0739,D:\AcousticMonitoringData\ELDON4_Data\Week26\ELDON4_20250714_050000.wav,20250714
1629,1632,Geothlypis trichas,Common Yellowthroat,0.1084,D:\AcousticMonitoringData\ELDON4_Data\Week26\ELDON4_20250714_050000.wav,20250714
1632,1635,Geothlypis trichas,Common Yellowthroat,0.1367,D:\AcousticMonitoringData\ELDON4_Data\Week26\ELDON4_20250714_050000.wav,20250714
1635,1638,Geothlypis trichas,Common Yellowthroat,0.1363,D:\AcousticMonitoringData\ELDON4_Data\Week26\ELDON4_20250714_050000.wav,20250714
1638,1641,Geothlypis trichas,Common Yellowthroat,0.1633,D:\AcousticMonitoringData\ELDON4_Data\Week26\ELDON4_20250714_050000.wav,20250714
1641,1644,Geothlypis trichas,Common Yellowthroat,0.117,D:\AcousticMonitoringData\ELDON4_Data\Week26\ELDON4_20250714_050000.wav,20250714
1644,1647,Geothlypis trichas,Common Yellowthroat,0.0713,D:\AcousticMonitoringData\ELDON4_Data\Week26\ELDON4_20250714_050000.wav,20250714
1647,1650,Geothlypis trichas,Common Yellowthroat,0.0957,D:\AcousticMonitoringData\ELDON4_Data\Week26\ELDON4_20250714_050000.wav,20250714
1650,1653,Geothlypis trichas,Common Yellowthroat,0.1782,D:\AcousticMonitoringData\ELDON4_Data\Week26\ELDON4_20250714_050000.wav,20250714
1653,1656,Geothlypis trichas,Common Yellowthroat,0.3336,D:\AcousticMonitoringData\ELDON4_Data\Week26\ELDON4_20250714_050000.wav,20250714
1653,1656,Passerina caerulea,Blue Grosbeak,0.05,D:\AcousticMonitoringData\ELDON4_Data\Week26\ELDON4_20250714_050000.wav,20250714
1656,1659,Passerina caerulea,Blue Grosbeak,0.0515,D:\AcousticMonitoringData\ELDON4_Data\Week26\ELDON4_20250714_050000.wav,20250714
1659,1662,Geothlypis trichas,Common Yellowthroat,0.1534,D:\AcousticMonitoringData\ELDON4_Data\Week26\ELDON4_20250714_050000.wav,20250714
1659,1662,Passerina caerulea,Blue Grosbeak,0.064,D:\AcousticMonitoringData\ELDON4_Data\Week26\ELDON4_20250714_050000.wav,20250714
1662,1665,Geothlypis trichas,Common Yellowthroat,0.1552,D:\AcousticMonitoringData\ELDON4_Data\Week26\ELDON4_20250714_050000.wav,20250714
1665,1668,Geothlypis trichas,Common Yellowthroat,0.0598,D:\AcousticMonitoringData\ELDON4_Data\Week26\ELDON4_20250714_050000.wav,20250714
1668,1671,Passerina caerulea,Blue Grosbeak,0.1184,D:\AcousticMonitoringData\ELDON4_Data\Week26\ELDON4_20250714_050000.wav,20250714
1671,1674,Geothlypis trichas,Common Yellowthroat,0.2694,D:\AcousticMonitoringData\ELDON4_Data\Week26\ELDON4_20250714_050000.wav,20250714
1674,1677,Geothlypis trichas,Common Yellowthroat,0.1231,D:\AcousticMonitoringData\ELDON4_Data\Week26\ELDON4_20250714_050000.wav,20250714
1677,1680,Passerina caerulea,Blue Grosbeak,0.07,D:\AcousticMonitoringData\ELDON4_Data\Week26\ELDON4_20250714_050000.wav,20250714
1680,1683,Geothlypis trichas,Common Yellowthroat,0.0887,D:\AcousticMonitoringData\ELDON4_Data\Week26\ELDON4_20250714_050000.wav,20250714
1680,1683,Passerina caerulea,Blue Grosbeak,0.058,D:\AcousticMonitoringData\ELDON4_Data\Week26\ELDON4_20250714_050000.wav,20250714
1683,1686,Geothlypis trichas,Common Yellowthroat,0.1394,D:\AcousticMonitoringData\ELDON4_Data\Week26\ELDON4_20250714_050000.wav,20250714
1686,1689,Geothlypis trichas,Common Yellowthroat,0.1358,D:\AcousticMonitoringData\ELDON4_Data\Week26\ELDON4_20250714_050000.wav,20250714
1689,1692,Geothlypis trichas,Common Yellowthroat,0.103,D:\AcousticMonitoringData\ELDON4_Data\Week26\ELDON4_20250714_050000.wav,20250714
1692,1695,Geothlypis trichas,Common Yellowthroat,0.0597,D:\AcousticMonitoringData\ELDON4_Data\Week26\ELDON4_20250714_050000.wav,20250714
1695,1698,Geothlypis trichas,Common Yellowthroat,0.0931,D:\AcousticMonitoringData\ELDON4_Data\Week26\ELDON4_20250714_050000.wav,20250714
1698,1701,Passerina caerulea,Blue Grosbeak,0.0915,D:\AcousticMonitoringData\ELDON4_Data\Week26\ELDON4_20250714_050000.wav,20250714
1704,1707,Geothlypis trichas,Common Yellowthroat,0.0724,D:\AcousticMonitoringData\ELDON4_Data\Week26\ELDON4_20250714_050000.wav,20250714
1707,1710,Geothlypis trichas,Common Yellowthroat,0.0614,D:\AcousticMonitoringData\ELDON4_Data\Week26\ELDON4_20250714_050000.wav,20250714
1710,1713,Geothlypis trichas,Common Yellowthroat,0.053,D:\AcousticMonitoringData\ELDON4_Data\Week26\ELDON4_20250714_050000.wav,20250714
1716,1719,Geothlypis trichas,Common Yellowthroat,0.0964,D:\AcousticMonitoringData\ELDON4_Data\Week26\ELDON4_20250714_050000.wav,20250714
1719,1722,Passerina caerulea,Blue Grosbeak,0.0702,D:\AcousticMonitoringData\ELDON4_Data\Week26\ELDON4_20250714_050000.wav,20250714
1722,1725,Geothlypis trichas,Common Yellowthroat,0.0655,D:\AcousticMonitoringData\ELDON4_Data\Week26\ELDON4_20250714_050000.wav,20250714
1725,1728,Geothlypis trichas,Common Yellowthroat,0.2458,D:\AcousticMonitoringData\ELDON4_Data\Week26\ELDON4_20250714_050000.wav,20250714
1728,1731,Passerina caerulea,Blue Grosbeak,0.0684,D:\AcousticMonitoringData\ELDON4_Data\Week26\ELDON4_20250714_050000.wav,20250714
1731,1734,Passerina caerulea,Blue Grosbeak,0.0562,D:\AcousticMonitoringData\ELDON4_Data\Week26\ELDON4_20250714_050000.wav,20250714
1734,1737,Passerina caerulea,Blue Grosbeak,0.0663,D:\AcousticMonitoringData\ELDON4_Data\Week26\ELDON4_20250714_050000.wav,20250714
1737,1740,Geothlypis trichas,Common Yellowthroat,0.1138,D:\AcousticMonitoringData\ELDON4_Data\Week26\ELDON4_20250714_050000.wav,20250714
1740,1743,Geothlypis trichas,Common Yellowthroat,0.0598,D:\AcousticMonitoringData\ELDON4_Data\Week26\ELDON4_20250714_050000.wav,20250714
1743,1746,Passerina caerulea,Blue Grosbeak,0.0654,D:\AcousticMonitoringData\ELDON4_Data\Week26\ELDON4_20250714_050000.wav,20250714
1746,1749,Geothlypis trichas,Common Yellowthroat,0.135,D:\AcousticMonitoringData\ELDON4_Data\Week26\ELDON4_20250714_050000.wav,20250714
1749,1752,Geothlypis trichas,Common Yellowthroat,0.1503,D:\AcousticMonitoringData\ELDON4_Data\Week26\ELDON4_20250714_050000.wav,20250714
1749,1752,Passerina caerulea,Blue Grosbeak,0.058,D:\AcousticMonitoringData\ELDON4_Data\Week26\ELDON4_20250714_050000.wav,20250714
1752,1755,Passerina caerulea,Blue Grosbeak,0.0724,D:\AcousticMonitoringData\ELDON4_Data\Week26\ELDON4_20250714_050000.wav,20250714
1755,1758,Passerina caerulea,Blue Grosbeak,0.093,D:\AcousticMonitoringData\ELDON4_Data\Week26\ELDON4_20250714_050000.wav,20250714
1758,1761,Passerina caerulea,Blue Grosbeak,0.0725,D:\AcousticMonitoringData\ELDON4_Data\Week26\ELDON4_20250714_050000.wav,20250714
1758,1761,Geothlypis trichas,Common Yellowthroat,0.0559,D:\AcousticMonitoringData\ELDON4_Data\Week26\ELDON4_20250714_050000.wav,20250714
1761,1764,Geothlypis trichas,Common Yellowthroat,0.0565,D:\AcousticMonitoringData\ELDON4_Data\Week26\ELDON4_20250714_050000.wav,20250714
1761,1764,Passerina caerulea,Blue Grosbeak,0.0539,D:\AcousticMonitoringData\ELDON4_Data\Week26\ELDON4_20250714_050000.wav,20250714
1764,1767,Passerina caerulea,Blue Grosbeak,0.0619,D:\AcousticMonitoringData\ELDON4_Data\Week26\ELDON4_20250714_050000.wav,20250714
1767,1770,Geothlypis trichas,Common Yellowthroat,0.074,D:\AcousticMonitoringData\ELDON4_Data\Week26\ELDON4_20250714_050000.wav,20250714
1770,1773,Geothlypis trichas,Common Yellowthroat,0.063,D:\AcousticMonitoringData\ELDON4_Data\Week26\ELDON4_20250714_050000.wav,20250714
1776,1779,Geothlypis trichas,Common Yellowthroat,0.061,D:\AcousticMonitoringData\ELDON4_Data\Week26\ELDON4_20250714_050000.wav,20250714
1782,1785,Passerina caerulea,Blue Grosbeak,0.0734,D:\AcousticMonitoringData\ELDON4_Data\Week26\ELDON4_20250714_050000.wav,20250714
1785,1788,Passerina caerulea,Blue Grosbeak,0.0638,D:\AcousticMonitoringData\ELDON4_Data\Week26\ELDON4_20250714_050000.wav,20250714
1788,1791,Geothlypis trichas,Common Yellowthroat,0.1059,D:\AcousticMonitoringData\ELDON4_Data\Week26\ELDON4_20250714_050000.wav,20250714
1791,1794,Passerina caerulea,Blue Grosbeak,0.0805,D:\AcousticMonitoringData\ELDON4_Data\Week26\ELDON4_20250714_050000.wav,20250714
1794,1797,Passerina caerulea,Blue Grosbeak,0.0975,D:\AcousticMonitoringData\ELDON4_Data\Week26\ELDON4_20250714_050000.wav,20250714
1797,1800,Passerina caerulea,Blue Grosbeak,0.0515,D:\AcousticMonitoringData\ELDON4_Data\Week26\ELDON4_20250714_050000.wav,20250714
1800,1803,Geothlypis trichas,Common Yellowthroat,0.0567,D:\AcousticMonitoringData\ELDON4_Data\Week26\ELDON4_20250714_050000.wav,20250714
1803,1806,Passerina caerulea,Blue Grosbeak,0.0745,D:\AcousticMonitoringData\ELDON4_Data\Week26\ELDON4_20250714_050000.wav,20250714
1806,1809,Geothlypis trichas,Common Yellowthroat,0.0539,D:\AcousticMonitoringData\ELDON4_Data\Week26\ELDON4_20250714_050000.wav,20250714
1809,1812,Geothlypis trichas,Common Yellowthroat,0.0688,D:\AcousticMonitoringData\ELDON4_Data\Week26\ELDON4_20250714_050000.wav,20250714
1812,1815,Passerina caerulea,Blue Grosbeak,0.0812,D:\AcousticMonitoringData\ELDON4_Data\Week26\ELDON4_20250714_050000.wav,20250714
1815,1818,Geothlypis trichas,Common Yellowthroat,0.114,D:\AcousticMonitoringData\ELDON4_Data\Week26\ELDON4_20250714_050000.wav,20250714
1818,1821,Geothlypis trichas,Common Yellowthroat,0.0665,D:\AcousticMonitoringData\ELDON4_Data\Week26\ELDON4_20250714_050000.wav,20250714
1821,1824,Passerina caerulea,Blue Grosbeak,0.069,D:\AcousticMonitoringData\ELDON4_Data\Week26\ELDON4_20250714_050000.wav,20250714
1824,1827,Passerina caerulea,Blue Grosbeak,0.0726,D:\AcousticMonitoringData\ELDON4_Data\Week26\ELDON4_20250714_050000.wav,20250714
1830,1833,Passerina caerulea,Blue Grosbeak,0.0803,D:\AcousticMonitoringData\ELDON4_Data\Week26\ELDON4_20250714_050000.wav,20250714
1833,1836,Passerina caerulea,Blue Grosbeak,0.0878,D:\AcousticMonitoringData\ELDON4_Data\Week26\ELDON4_20250714_050000.wav,20250714
1836,1839,Passerina caerulea,Blue Grosbeak,0.0734,D:\AcousticMonitoringData\ELDON4_Data\Week26\ELDON4_20250714_050000.wav,20250714
1842,1845,Passerina caerulea,Blue Grosbeak,0.0561,D:\AcousticMonitoringData\ELDON4_Data\Week26\ELDON4_20250714_050000.wav,20250714
1845,1848,Sturnella magna,Eastern Meadowlark,0.0999,D:\AcousticMonitoringData\ELDON4_Data\Week26\ELDON4_20250714_050000.wav,20250714
1845,1848,Passerina caerulea,Blue Grosbeak,0.0708,D:\AcousticMonitoringData\ELDON4_Data\Week26\ELDON4_20250714_050000.wav,20250714
1845,1848,Geothlypis trichas,Common Yellowthroat,0.0505,D:\AcousticMonitoringData\ELDON4_Data\Week26\ELDON4_20250714_050000.wav,20250714
1848,1851,Passerina caerulea,Blue Grosbeak,0.0509,D:\AcousticMonitoringData\ELDON4_Data\Week26\ELDON4_20250714_050000.wav,20250714
1851,1854,Geothlypis trichas,Common Yellowthroat,0.0933,D:\AcousticMonitoringData\ELDON4_Data\Week26\ELDON4_20250714_050000.wav,20250714
1851,1854,Passerina caerulea,Blue Grosbeak,0.0567,D:\AcousticMonitoringData\ELDON4_Data\Week26\ELDON4_20250714_050000.wav,20250714
1854,1857,Geothlypis trichas,Common Yellowthroat,0.1386,D:\AcousticMonitoringData\ELDON4_Data\Week26\ELDON4_20250714_050000.wav,20250714
1857,1860,Passerina caerulea,Blue Grosbeak,0.0749,D:\AcousticMonitoringData\ELDON4_Data\Week26\ELDON4_20250714_050000.wav,20250714
1863,1866,Passerina caerulea,Blue Grosbeak,0.1021,D:\AcousticMonitoringData\ELDON4_Data\Week26\ELDON4_20250714_050000.wav,20250714
1866,1869,Passerina caerulea,Blue Grosbeak,0.0614,D:\AcousticMonitoringData\ELDON4_Data\Week26\ELDON4_20250714_050000.wav,20250714
1872,1875,Geothlypis trichas,Common Yellowthroat,0.0932,D:\AcousticMonitoringData\ELDON4_Data\Week26\ELDON4_20250714_050000.wav,20250714
1872,1875,Passerina caerulea,Blue Grosbeak,0.0595,D:\AcousticMonitoringData\ELDON4_Data\Week26\ELDON4_20250714_050000.wav,20250714
1875,1878,Passerina caerulea,Blue Grosbeak,0.0605,D:\AcousticMonitoringData\ELDON4_Data\Week26\ELDON4_20250714_050000.wav,20250714
1884,1887,Geothlypis trichas,Common Yellowthroat,0.0554,D:\AcousticMonitoringData\ELDON4_Data\Week26\ELDON4_20250714_050000.wav,20250714
1890,1893,Passerina caerulea,Blue Grosbeak,0.0589,D:\AcousticMonitoringData\ELDON4_Data\Week26\ELDON4_20250714_050000.wav,20250714
1908,1911,Passerina caerulea,Blue Grosbeak,0.0634,D:\AcousticMonitoringData\ELDON4_Data\Week26\ELDON4_20250714_050000.wav,20250714
1911,1914,Passerina caerulea,Blue Grosbeak,0.0615,D:\AcousticMonitoringData\ELDON4_Data\Week26\ELDON4_20250714_050000.wav,20250714
1914,1917,Passerina caerulea,Blue Grosbeak,0.059,D:\AcousticMonitoringData\ELDON4_Data\Week26\ELDON4_20250714_050000.wav,20250714
1917,1920,Geothlypis trichas,Common Yellowthroat,0.0719,D:\AcousticMonitoringData\ELDON4_Data\Week26\ELDON4_20250714_050000.wav,20250714
1923,1926,Geothlypis trichas,Common Yellowthroat,0.0534,D:\AcousticMonitoringData\ELDON4_Data\Week26\ELDON4_20250714_050000.wav,20250714
1923,1926,Passerina caerulea,Blue Grosbeak,0.0533,D:\AcousticMonitoringData\ELDON4_Data\Week26\ELDON4_20250714_050000.wav,20250714
1926,1929,Passerina caerulea,Blue Grosbeak,0.051,D:\AcousticMonitoringData\ELDON4_Data\Week26\ELDON4_20250714_050000.wav,20250714
1935,1938,Passerina caerulea,Blue Grosbeak,0.0578,D:\AcousticMonitoringData\ELDON4_Data\Week26\ELDON4_20250714_050000.wav,20250714
1938,1941,Geothlypis trichas,Common Yellowthroat,0.109,D:\AcousticMonitoringData\ELDON4_Data\Week26\ELDON4_20250714_050000.wav,20250714
1947,1950,Geothlypis trichas,Common Yellowthroat,0.1115,D:\AcousticMonitoringData\ELDON4_Data\Week26\ELDON4_20250714_050000.wav,20250714
1953,1956,Passerina caerulea,Blue Grosbeak,0.0629,D:\AcousticMonitoringData\ELDON4_Data\Week26\ELDON4_20250714_050000.wav,20250714
1959,1962,Passerina caerulea,Blue Grosbeak,0.0501,D:\AcousticMonitoringData\ELDON4_Data\Week26\ELDON4_20250714_050000.wav,20250714
1962,1965,Geothlypis trichas,Common Yellowthroat,0.0673,D:\AcousticMonitoringData\ELDON4_Data\Week26\ELDON4_20250714_050000.wav,20250714
1974,1977,Geothlypis trichas,Common Yellowthroat,0.087,D:\AcousticMonitoringData\ELDON4_Data\Week26\ELDON4_20250714_050000.wav,20250714
1980,1983,Passerina caerulea,Blue Grosbeak,0.1032,D:\AcousticMonitoringData\ELDON4_Data\Week26\ELDON4_20250714_050000.wav,20250714
2004,2007,Passerina caerulea,Blue Grosbeak,0.0529,D:\AcousticMonitoringData\ELDON4_Data\Week26\ELDON4_20250714_050000.wav,20250714
2007,2010,Passerina caerulea,Blue Grosbeak,0.0729,D:\AcousticMonitoringData\ELDON4_Data\Week26\ELDON4_20250714_050000.wav,20250714
2025,2028,Passerina caerulea,Blue Grosbeak,0.0513,D:\AcousticMonitoringData\ELDON4_Data\Week26\ELDON4_20250714_050000.wav,20250714
2061,2064,Geothlypis trichas,Common Yellowthroat,0.1,D:\AcousticMonitoringData\ELDON4_Data\Week26\ELDON4_20250714_050000.wav,20250714
2064,2067,Geothlypis trichas,Common Yellowthroat,0.0673,D:\AcousticMonitoringData\ELDON4_Data\Week26\ELDON4_20250714_050000.wav,20250714
2064,2067,Spizella pusilla,Field Sparrow,0.0545,D:\AcousticMonitoringData\ELDON4_Data\Week26\ELDON4_20250714_050000.wav,20250714
2064,2067,Passerina caerulea,Blue Grosbeak,0.0531,D:\AcousticMonitoringData\ELDON4_Data\Week26\ELDON4_20250714_050000.wav,20250714
2067,2070,Passerina caerulea,Blue Grosbeak,0.07,D:\AcousticMonitoringData\ELDON4_Data\Week26\ELDON4_20250714_050000.wav,20250714
2079,2082,Geothlypis trichas,Common Yellowthroat,0.1798,D:\AcousticMonitoringData\ELDON4_Data\Week26\ELDON4_20250714_050000.wav,20250714
2082,2085,Passerina caerulea,Blue Grosbeak,0.0539,D:\AcousticMonitoringData\ELDON4_Data\Week26\ELDON4_20250714_050000.wav,20250714
2106,2109,Geothlypis trichas,Common Yellowthroat,0.1726,D:\AcousticMonitoringData\ELDON4_Data\Week26\ELDON4_20250714_050000.wav,20250714
2106,2109,Sturnella magna,Eastern Meadowlark,0.0511,D:\AcousticMonitoringData\ELDON4_Data\Week26\ELDON4_20250714_050000.wav,20250714
2115,2118,Geothlypis trichas,Common Yellowthroat,0.1011,D:\AcousticMonitoringData\ELDON4_Data\Week26\ELDON4_20250714_050000.wav,20250714
2115,2118,Passerina caerulea,Blue Grosbeak,0.0666,D:\AcousticMonitoringData\ELDON4_Data\Week26\ELDON4_20250714_050000.wav,20250714
2121,2124,Passerina caerulea,Blue Grosbeak,0.0873,D:\AcousticMonitoringData\ELDON4_Data\Week26\ELDON4_20250714_050000.wav,20250714
2124,2127,Geothlypis trichas,Common Yellowthroat,0.0934,D:\AcousticMonitoringData\ELDON4_Data\Week26\ELDON4_20250714_050000.wav,20250714
2124,2127,Sturnella magna,Eastern Meadowlark,0.0587,D:\AcousticMonitoringData\ELDON4_Data\Week26\ELDON4_20250714_050000.wav,20250714
2127,2130,Geothlypis trichas,Common Yellowthroat,0.1299,D:\AcousticMonitoringData\ELDON4_Data\Week26\ELDON4_20250714_050000.wav,20250714
2127,2130,Sturnella magna,Eastern Meadowlark,0.0763,D:\AcousticMonitoringData\ELDON4_Data\Week26\ELDON4_20250714_050000.wav,20250714
2130,2133,Geothlypis trichas,Common Yellowthroat,0.2276,D:\AcousticMonitoringData\ELDON4_Data\Week26\ELDON4_20250714_050000.wav,20250714
2133,2136,Geothlypis trichas,Common Yellowthroat,0.1848,D:\AcousticMonitoringData\ELDON4_Data\Week26\ELDON4_20250714_050000.wav,20250714
2139,2142,Geothlypis trichas,Common Yellowthroat,0.1482,D:\AcousticMonitoringData\ELDON4_Data\Week26\ELDON4_20250714_050000.wav,20250714
2148,2151,Passerina caerulea,Blue Grosbeak,0.0824,D:\AcousticMonitoringData\ELDON4_Data\Week26\ELDON4_20250714_050000.wav,20250714
2157,2160,Passerina caerulea,Blue Grosbeak,0.0582,D:\AcousticMonitoringData\ELDON4_Data\Week26\ELDON4_20250714_050000.wav,20250714
2205,2208,Passerina caerulea,Blue Grosbeak,0.0679,D:\AcousticMonitoringData\ELDON4_Data\Week26\ELDON4_20250714_050000.wav,20250714
2208,2211,Passerina caerulea,Blue Grosbeak,0.061,D:\AcousticMonitoringData\ELDON4_Data\Week26\ELDON4_20250714_050000.wav,20250714
2214,2217,Geothlypis trichas,Common Yellowthroat,0.0708,D:\AcousticMonitoringData\ELDON4_Data\Week26\ELDON4_20250714_050000.wav,20250714
2214,2217,Passerina caerulea,Blue Grosbeak,0.0659,D:\AcousticMonitoringData\ELDON4_Data\Week26\ELDON4_20250714_050000.wav,20250714
2217,2220,Passerina caerulea,Blue Grosbeak,0.0577,D:\AcousticMonitoringData\ELDON4_Data\Week26\ELDON4_20250714_050000.wav,20250714
2223,2226,Geothlypis trichas,Common Yellowthroat,0.1057,D:\AcousticMonitoringData\ELDON4_Data\Week26\ELDON4_20250714_050000.wav,20250714
2223,2226,Passerina caerulea,Blue Grosbeak,0.0532,D:\AcousticMonitoringData\ELDON4_Data\Week26\ELDON4_20250714_050000.wav,20250714
2226,2229,Passerina caerulea,Blue Grosbeak,0.1355,D:\AcousticMonitoringData\ELDON4_Data\Week26\ELDON4_20250714_050000.wav,20250714
2232,2235,Passerina caerulea,Blue Grosbeak,0.0613,D:\AcousticMonitoringData\ELDON4_Data\Week26\ELDON4_20250714_050000.wav,20250714
2235,2238,Passerina caerulea,Blue Grosbeak,0.0781,D:\AcousticMonitoringData\ELDON4_Data\Week26\ELDON4_20250714_050000.wav,20250714
2256,2259,Sturnella magna,Eastern Meadowlark,0.0609,D:\AcousticMonitoringData\ELDON4_Data\Week26\ELDON4_20250714_050000.wav,20250714
2271,2274,Passerina caerulea,Blue Grosbeak,0.0641,D:\AcousticMonitoringData\ELDON4_Data\Week26\ELDON4_20250714_050000.wav,20250714
2283,2286,Passerina caerulea,Blue Grosbeak,0.0878,D:\AcousticMonitoringData\ELDON4_Data\Week26\ELDON4_20250714_050000.wav,20250714
2289,2292,Passerina caerulea,Blue Grosbeak,0.0606,D:\AcousticMonitoringData\ELDON4_Data\Week26\ELDON4_20250714_050000.wav,20250714
2295,2298,Geothlypis trichas,Common Yellowthroat,0.0853,D:\AcousticMonitoringData\ELDON4_Data\Week26\ELDON4_20250714_050000.wav,20250714
2298,2301,Passerina caerulea,Blue Grosbeak,0.0882,D:\AcousticMonitoringData\ELDON4_Data\Week26\ELDON4_20250714_050000.wav,20250714
2301,2304,Passerina caerulea,Blue Grosbeak,0.0525,D:\AcousticMonitoringData\ELDON4_Data\Week26\ELDON4_20250714_050000.wav,20250714
2304,2307,Spizella pusilla,Field Sparrow,0.1347,D:\AcousticMonitoringData\ELDON4_Data\Week26\ELDON4_20250714_050000.wav,20250714
2310,2313,Passerina caerulea,Blue Grosbeak,0.0613,D:\AcousticMonitoringData\ELDON4_Data\Week26\ELDON4_20250714_050000.wav,20250714
2310,2313,Geothlypis trichas,Common Yellowthroat,0.0566,D:\AcousticMonitoringData\ELDON4_Data\Week26\ELDON4_20250714_050000.wav,20250714
2319,2322,Geothlypis trichas,Common Yellowthroat,0.1188,D:\AcousticMonitoringData\ELDON4_Data\Week26\ELDON4_20250714_050000.wav,20250714
2319,2322,Passerina caerulea,Blue Grosbeak,0.0734,D:\AcousticMonitoringData\ELDON4_Data\Week26\ELDON4_20250714_050000.wav,20250714
2337,2340,Geothlypis trichas,Common Yellowthroat,0.2088,D:\AcousticMonitoringData\ELDON4_Data\Week26\ELDON4_20250714_050000.wav,20250714
2343,2346,Geothlypis trichas,Common Yellowthroat,0.074,D:\AcousticMonitoringData\ELDON4_Data\Week26\ELDON4_20250714_050000.wav,20250714
2355,2358,Geothlypis trichas,Common Yellowthroat,0.1213,D:\AcousticMonitoringData\ELDON4_Data\Week26\ELDON4_20250714_050000.wav,20250714
2361,2364,Geothlypis trichas,Common Yellowthroat,0.1801,D:\AcousticMonitoringData\ELDON4_Data\Week26\ELDON4_20250714_050000.wav,20250714
2382,2385,Geothlypis trichas,Common Yellowthroat,0.1036,D:\AcousticMonitoringData\ELDON4_Data\Week26\ELDON4_20250714_050000.wav,20250714
2385,2388,Geothlypis trichas,Common Yellowthroat,0.0727,D:\AcousticMonitoringData\ELDON4_Data\Week26\ELDON4_20250714_050000.wav,20250714
2394,2397,Geothlypis trichas,Common Yellowthroat,0.0518,D:\AcousticMonitoringData\ELDON4_Data\Week26\ELDON4_20250714_050000.wav,20250714
2400,2403,Geothlypis trichas,Common Yellowthroat,0.0868,D:\AcousticMonitoringData\ELDON4_Data\Week26\ELDON4_20250714_050000.wav,20250714
2400,2403,Passerina caerulea,Blue Grosbeak,0.0605,D:\AcousticMonitoringData\ELDON4_Data\Week26\ELDON4_20250714_050000.wav,20250714
2406,2409,Spizella pusilla,Field Sparrow,0.0523,D:\AcousticMonitoringData\ELDON4_Data\Week26\ELDON4_20250714_050000.wav,20250714
2406,2409,Passerina caerulea,Blue Grosbeak,0.0513,D:\AcousticMonitoringData\ELDON4_Data\Week26\ELDON4_20250714_050000.wav,20250714
2412,2415,Geothlypis trichas,Common Yellowthroat,0.0978,D:\AcousticMonitoringData\ELDON4_Data\Week26\ELDON4_20250714_050000.wav,20250714
2415,2418,Geothlypis trichas,Common Yellowthroat,0.0618,D:\AcousticMonitoringData\ELDON4_Data\Week26\ELDON4_20250714_050000.wav,20250714
2424,2427,Geothlypis trichas,Common Yellowthroat,0.0573,D:\AcousticMonitoringData\ELDON4_Data\Week26\ELDON4_20250714_050000.wav,20250714
2430,2433,Geothlypis trichas,Common Yellowthroat,0.0871,D:\AcousticMonitoringData\ELDON4_Data\Week26\ELDON4_20250714_050000.wav,20250714
2436,2439,Geothlypis trichas,Common Yellowthroat,0.1135,D:\AcousticMonitoringData\ELDON4_Data\Week26\ELDON4_20250714_050000.wav,20250714
2436,2439,Passerina caerulea,Blue Grosbeak,0.051,D:\AcousticMonitoringData\ELDON4_Data\Week26\ELDON4_20250714_050000.wav,20250714
2445,2448,Passerina caerulea,Blue Grosbeak,0.0718,D:\AcousticMonitoringData\ELDON4_Data\Week26\ELDON4_20250714_050000.wav,20250714
2448,2451,Geothlypis trichas,Common Yellowthroat,0.085,D:\AcousticMonitoringData\ELDON4_Data\Week26\ELDON4_20250714_050000.wav,20250714
2454,2457,Geothlypis trichas,Common Yellowthroat,0.0959,D:\AcousticMonitoringData\ELDON4_Data\Week26\ELDON4_20250714_050000.wav,20250714
2463,2466,Geothlypis trichas,Common Yellowthroat,0.0623,D:\AcousticMonitoringData\ELDON4_Data\Week26\ELDON4_20250714_050000.wav,20250714
2472,2475,Geothlypis trichas,Common Yellowthroat,0.0828,D:\AcousticMonitoringData\ELDON4_Data\Week26\ELDON4_20250714_050000.wav,20250714
2478,2481,Geothlypis trichas,Common Yellowthroat,0.0602,D:\AcousticMonitoringData\ELDON4_Data\Week26\ELDON4_20250714_050000.wav,20250714
2481,2484,Geothlypis trichas,Common Yellowthroat,0.068,D:\AcousticMonitoringData\ELDON4_Data\Week26\ELDON4_20250714_050000.wav,20250714
2490,2493,Geothlypis trichas,Common Yellowthroat,0.1255,D:\AcousticMonitoringData\ELDON4_Data\Week26\ELDON4_20250714_050000.wav,20250714
2505,2508,Geothlypis trichas,Common Yellowthroat,0.1263,D:\AcousticMonitoringData\ELDON4_Data\Week26\ELDON4_20250714_050000.wav,20250714
2511,2514,Geothlypis trichas,Common Yellowthroat,0.1211,D:\AcousticMonitoringData\ELDON4_Data\Week26\ELDON4_20250714_050000.wav,20250714
2514,2517,Geothlypis trichas,Common Yellowthroat,0.0776,D:\AcousticMonitoringData\ELDON4_Data\Week26\ELDON4_20250714_050000.wav,20250714
2520,2523,Geothlypis trichas,Common Yellowthroat,0.0588,D:\AcousticMonitoringData\ELDON4_Data\Week26\ELDON4_20250714_050000.wav,20250714
2523,2526,Geothlypis trichas,Common Yellowthroat,0.1263,D:\AcousticMonitoringData\ELDON4_Data\Week26\ELDON4_20250714_050000.wav,20250714
2529,2532,Geothlypis trichas,Common Yellowthroat,0.0692,D:\AcousticMonitoringData\ELDON4_Data\Week26\ELDON4_20250714_050000.wav,20250714
2532,2535,Geothlypis trichas,Common Yellowthroat,0.0742,D:\AcousticMonitoringData\ELDON4_Data\Week26\ELDON4_20250714_050000.wav,20250714
2535,2538,Passerina caerulea,Blue Grosbeak,0.0884,D:\AcousticMonitoringData\ELDON4_Data\Week26\ELDON4_20250714_050000.wav,20250714
2538,2541,Geothlypis trichas,Common Yellowthroat,0.1508,D:\AcousticMonitoringData\ELDON4_Data\Week26\ELDON4_20250714_050000.wav,20250714
2541,2544,Geothlypis trichas,Common Yellowthroat,0.1032,D:\AcousticMonitoringData\ELDON4_Data\Week26\ELDON4_20250714_050000.wav,20250714
2544,2547,Passerina caerulea,Blue Grosbeak,0.054,D:\AcousticMonitoringData\ELDON4_Data\Week26\ELDON4_20250714_050000.wav,20250714
2547,2550,Geothlypis trichas,Common Yellowthroat,0.1593,D:\AcousticMonitoringData\ELDON4_Data\Week26\ELDON4_20250714_050000.wav,20250714
2550,2553,Geothlypis trichas,Common Yellowthroat,0.1435,D:\AcousticMonitoringData\ELDON4_Data\Week26\ELDON4_20250714_050000.wav,20250714
2556,2559,Geothlypis trichas,Common Yellowthroat,0.0695,D:\AcousticMonitoringData\ELDON4_Data\Week26\ELDON4_20250714_050000.wav,20250714
2562,2565,Geothlypis trichas,Common Yellowthroat,0.1036,D:\AcousticMonitoringData\ELDON4_Data\Week26\ELDON4_20250714_050000.wav,20250714
2565,2568,Geothlypis trichas,Common Yellowthroat,0.1255,D:\AcousticMonitoringData\ELDON4_Data\Week26\ELDON4_20250714_050000.wav,20250714
2568,2571,Geothlypis trichas,Common Yellowthroat,0.1462,D:\AcousticMonitoringData\ELDON4_Data\Week26\ELDON4_20250714_050000.wav,20250714
2574,2577,Geothlypis trichas,Common Yellowthroat,0.0755,D:\AcousticMonitoringData\ELDON4_Data\Week26\ELDON4_20250714_050000.wav,20250714
2583,2586,Geothlypis trichas,Common Yellowthroat,0.2892,D:\AcousticMonitoringData\ELDON4_Data\Week26\ELDON4_20250714_050000.wav,20250714
2589,2592,Geothlypis trichas,Common Yellowthroat,0.0906,D:\AcousticMonitoringData\ELDON4_Data\Week26\ELDON4_20250714_050000.wav,20250714
2592,2595,Geothlypis trichas,Common Yellowthroat,0.1903,D:\AcousticMonitoringData\ELDON4_Data\Week26\ELDON4_20250714_050000.wav,20250714
2598,2601,Geothlypis trichas,Common Yellowthroat,0.1104,D:\AcousticMonitoringData\ELDON4_Data\Week26\ELDON4_20250714_050000.wav,20250714
2607,2610,Geothlypis trichas,Common Yellowthroat,0.2257,D:\AcousticMonitoringData\ELDON4_Data\Week26\ELDON4_20250714_050000.wav,20250714
2610,2613,Geothlypis trichas,Common Yellowthroat,0.0674,D:\AcousticMonitoringData\ELDON4_Data\Week26\ELDON4_20250714_050000.wav,20250714
2613,2616,Geothlypis trichas,Common Yellowthroat,0.1053,D:\AcousticMonitoringData\ELDON4_Data\Week26\ELDON4_20250714_050000.wav,20250714
2616,2619,Geothlypis trichas,Common Yellowthroat,0.1968,D:\AcousticMonitoringData\ELDON4_Data\Week26\ELDON4_20250714_050000.wav,20250714
2619,2622,Passerina caerulea,Blue Grosbeak,0.0663,D:\AcousticMonitoringData\ELDON4_Data\Week26\ELDON4_20250714_050000.wav,20250714
2622,2625,Geothlypis trichas,Common Yellowthroat,0.1384,D:\AcousticMonitoringData\ELDON4_Data\Week26\ELDON4_20250714_050000.wav,20250714
2634,2637,Geothlypis trichas,Common Yellowthroat,0.2576,D:\AcousticMonitoringData\ELDON4_Data\Week26\ELDON4_20250714_050000.wav,20250714
2637,2640,Passerina caerulea,Blue Grosbeak,0.0583,D:\AcousticMonitoringData\ELDON4_Data\Week26\ELDON4_20250714_050000.wav,20250714
2640,2643,Geothlypis trichas,Common Yellowthroat,0.0775,D:\AcousticMonitoringData\ELDON4_Data\Week26\ELDON4_20250714_050000.wav,20250714
2643,2646,Geothlypis trichas,Common Yellowthroat,0.0921,D:\AcousticMonitoringData\ELDON4_Data\Week26\ELDON4_20250714_050000.wav,20250714
2646,2649,Geothlypis trichas,Common Yellowthroat,0.0524,D:\AcousticMonitoringData\ELDON4_Data\Week26\ELDON4_20250714_050000.wav,20250714
2661,2664,Geothlypis trichas,Common Yellowthroat,0.1157,D:\AcousticMonitoringData\ELDON4_Data\Week26\ELDON4_20250714_050000.wav,20250714
2664,2667,Geothlypis trichas,Common Yellowthroat,0.0662,D:\AcousticMonitoringData\ELDON4_Data\Week26\ELDON4_20250714_050000.wav,20250714
2676,2679,Geothlypis trichas,Common Yellowthroat,0.0878,D:\AcousticMonitoringData\ELDON4_Data\Week26\ELDON4_20250714_050000.wav,20250714
2676,2679,Passerina caerulea,Blue Grosbeak,0.063,D:\AcousticMonitoringData\ELDON4_Data\Week26\ELDON4_20250714_050000.wav,20250714
2688,2691,Geothlypis trichas,Common Yellowthroat,0.0712,D:\AcousticMonitoringData\ELDON4_Data\Week26\ELDON4_20250714_050000.wav,20250714
2691,2694,Geothlypis trichas,Common Yellowthroat,0.096,D:\AcousticMonitoringData\ELDON4_Data\Week26\ELDON4_20250714_050000.wav,20250714
2694,2697,Spizella pusilla,Field Sparrow,0.0683,D:\AcousticMonitoringData\ELDON4_Data\Week26\ELDON4_20250714_050000.wav,20250714
2694,2697,Passerina caerulea,Blue Grosbeak,0.0507,D:\AcousticMonitoringData\ELDON4_Data\Week26\ELDON4_20250714_050000.wav,20250714
2700,2703,Geothlypis trichas,Common Yellowthroat,0.0949,D:\AcousticMonitoringData\ELDON4_Data\Week26\ELDON4_20250714_050000.wav,20250714
2709,2712,Passerina caerulea,Blue Grosbeak,0.1025,D:\AcousticMonitoringData\ELDON4_Data\Week26\ELDON4_20250714_050000.wav,20250714
2712,2715,Passerina caerulea,Blue Grosbeak,0.0636,D:\AcousticMonitoringData\ELDON4_Data\Week26\ELDON4_20250714_050000.wav,20250714
2718,2721,Geothlypis trichas,Common Yellowthroat,0.0557,D:\AcousticMonitoringData\ELDON4_Data\Week26\ELDON4_20250714_050000.wav,20250714
2721,2724,Geothlypis trichas,Common Yellowthroat,0.1271,D:\AcousticMonitoringData\ELDON4_Data\Week26\ELDON4_20250714_050000.wav,20250714
2730,2733,Geothlypis trichas,Common Yellowthroat,0.0683,D:\AcousticMonitoringData\ELDON4_Data\Week26\ELDON4_20250714_050000.wav,20250714
2730,2733,Passerina caerulea,Blue Grosbeak,0.0579,D:\AcousticMonitoringData\ELDON4_Data\Week26\ELDON4_20250714_050000.wav,20250714
2733,2736,Geothlypis trichas,Common Yellowthroat,0.1194,D:\AcousticMonitoringData\ELDON4_Data\Week26\ELDON4_20250714_050000.wav,20250714
2739,2742,Geothlypis trichas,Common Yellowthroat,0.0523,D:\AcousticMonitoringData\ELDON4_Data\Week26\ELDON4_20250714_050000.wav,20250714
2742,2745,Geothlypis trichas,Common Yellowthroat,0.1703,D:\AcousticMonitoringData\ELDON4_Data\Week26\ELDON4_20250714_050000.wav,20250714
2745,2748,Geothlypis trichas,Common Yellowthroat,0.0562,D:\AcousticMonitoringData\ELDON4_Data\Week26\ELDON4_20250714_050000.wav,20250714
2748,2751,Geothlypis trichas,Common Yellowthroat,0.0579,D:\AcousticMonitoringData\ELDON4_Data\Week26\ELDON4_20250714_050000.wav,20250714
2754,2757,Geothlypis trichas,Common Yellowthroat,0.0721,D:\AcousticMonitoringData\ELDON4_Data\Week26\ELDON4_20250714_050000.wav,20250714
2757,2760,Geothlypis trichas,Common Yellowthroat,0.1256,D:\AcousticMonitoringData\ELDON4_Data\Week26\ELDON4_20250714_050000.wav,20250714
2766,2769,Passerina caerulea,Blue Grosbeak,0.0822,D:\AcousticMonitoringData\ELDON4_Data\Week26\ELDON4_20250714_050000.wav,20250714
2766,2769,Spizella pusilla,Field Sparrow,0.0626,D:\AcousticMonitoringData\ELDON4_Data\Week26\ELDON4_20250714_050000.wav,20250714
2769,2772,Geothlypis trichas,Common Yellowthroat,0.0531,D:\AcousticMonitoringData\ELDON4_Data\Week26\ELDON4_20250714_050000.wav,20250714
2772,2775,Geothlypis trichas,Common Yellowthroat,0.1184,D:\AcousticMonitoringData\ELDON4_Data\Week26\ELDON4_20250714_050000.wav,20250714
2781,2784,Geothlypis trichas,Common Yellowthroat,0.1102,D:\AcousticMonitoringData\ELDON4_Data\Week26\ELDON4_20250714_050000.wav,20250714
2784,2787,Geothlypis trichas,Common Yellowthroat,0.0703,D:\AcousticMonitoringData\ELDON4_Data\Week26\ELDON4_20250714_050000.wav,20250714
2787,2790,Passerina caerulea,Blue Grosbeak,0.0888,D:\AcousticMonitoringData\ELDON4_Data\Week26\ELDON4_20250714_050000.wav,20250714
2790,2793,Geothlypis trichas,Common Yellowthroat,0.1564,D:\AcousticMonitoringData\ELDON4_Data\Week26\ELDON4_20250714_050000.wav,20250714
2799,2802,Passerina caerulea,Blue Grosbeak,0.0774,D:\AcousticMonitoringData\ELDON4_Data\Week26\ELDON4_20250714_050000.wav,20250714
2811,2814,Sturnella magna,Eastern Meadowlark,0.0647,D:\AcousticMonitoringData\ELDON4_Data\Week26\ELDON4_20250714_050000.wav,20250714
2829,2832,Geothlypis trichas,Common Yellowthroat,0.0597,D:\AcousticMonitoringData\ELDON4_Data\Week26\ELDON4_20250714_050000.wav,20250714
2832,2835,Geothlypis trichas,Common Yellowthroat,0.5363,D:\AcousticMonitoringData\ELDON4_Data\Week26\ELDON4_20250714_050000.wav,20250714
2841,2844,Geothlypis trichas,Common Yellowthroat,0.0645,D:\AcousticMonitoringData\ELDON4_Data\Week26\ELDON4_20250714_050000.wav,20250714
2847,2850,Spizella pusilla,Field Sparrow,0.06,D:\AcousticMonitoringData\ELDON4_Data\Week26\ELDON4_20250714_050000.wav,20250714
2847,2850,Passerina caerulea,Blue Grosbeak,0.0518,D:\AcousticMonitoringData\ELDON4_Data\Week26\ELDON4_20250714_050000.wav,20250714
2853,2856,Geothlypis trichas,Common Yellowthroat,0.2084,D:\AcousticMonitoringData\ELDON4_Data\Week26\ELDON4_20250714_050000.wav,20250714
2856,2859,Geothlypis trichas,Common Yellowthroat,0.0717,D:\AcousticMonitoringData\ELDON4_Data\Week26\ELDON4_20250714_050000.wav,20250714
2865,2868,Geothlypis trichas,Common Yellowthroat,0.1948,D:\AcousticMonitoringData\ELDON4_Data\Week26\ELDON4_20250714_050000.wav,20250714
2868,2871,Geothlypis trichas,Common Yellowthroat,0.0776,D:\AcousticMonitoringData\ELDON4_Data\Week26\ELDON4_20250714_050000.wav,20250714
2871,2874,Geothlypis trichas,Common Yellowthroat,0.0684,D:\AcousticMonitoringData\ELDON4_Data\Week26\ELDON4_20250714_050000.wav,20250714
2877,2880,Geothlypis trichas,Common Yellowthroat,0.0718,D:\AcousticMonitoringData\ELDON4_Data\Week26\ELDON4_20250714_050000.wav,20250714
2883,2886,Passerina caerulea,Blue Grosbeak,0.0585,D:\AcousticMonitoringData\ELDON4_Data\Week26\ELDON4_20250714_050000.wav,20250714
2883,2886,Geothlypis trichas,Common Yellowthroat,0.0521,D:\AcousticMonitoringData\ELDON4_Data\Week26\ELDON4_20250714_050000.wav,20250714
2886,2889,Geothlypis trichas,Common Yellowthroat,0.1172,D:\AcousticMonitoringData\ELDON4_Data\Week26\ELDON4_20250714_050000.wav,20250714
2892,2895,Passerina caerulea,Blue Grosbeak,0.1377,D:\AcousticMonitoringData\ELDON4_Data\Week26\ELDON4_20250714_050000.wav,20250714
2892,2895,Sturnella magna,Eastern Meadowlark,0.0815,D:\AcousticMonitoringData\ELDON4_Data\Week26\ELDON4_20250714_050000.wav,20250714
2895,2898,Geothlypis trichas,Common Yellowthroat,0.1274,D:\AcousticMonitoringData\ELDON4_Data\Week26\ELDON4_20250714_050000.wav,20250714
2904,2907,Geothlypis trichas,Common Yellowthroat,0.1452,D:\AcousticMonitoringData\ELDON4_Data\Week26\ELDON4_20250714_050000.wav,20250714
2916,2919,Geothlypis trichas,Common Yellowthroat,0.2095,D:\AcousticMonitoringData\ELDON4_Data\Week26\ELDON4_20250714_050000.wav,20250714
2925,2928,Geothlypis trichas,Common Yellowthroat,0.086,D:\AcousticMonitoringData\ELDON4_Data\Week26\ELDON4_20250714_050000.wav,20250714
2937,2940,Geothlypis trichas,Common Yellowthroat,0.125,D:\AcousticMonitoringData\ELDON4_Data\Week26\ELDON4_20250714_050000.wav,20250714
2940,2943,Geothlypis trichas,Common Yellowthroat,0.1011,D:\AcousticMonitoringData\ELDON4_Data\Week26\ELDON4_20250714_050000.wav,20250714
2946,2949,Geothlypis trichas,Common Yellowthroat,0.0932,D:\AcousticMonitoringData\ELDON4_Data\Week26\ELDON4_20250714_050000.wav,20250714
2949,2952,Geothlypis trichas,Common Yellowthroat,0.1906,D:\AcousticMonitoringData\ELDON4_Data\Week26\ELDON4_20250714_050000.wav,20250714
2952,2955,Geothlypis trichas,Common Yellowthroat,0.1932,D:\AcousticMonitoringData\ELDON4_Data\Week26\ELDON4_20250714_050000.wav,20250714
2955,2958,Passerina caerulea,Blue Grosbeak,0.0857,D:\AcousticMonitoringData\ELDON4_Data\Week26\ELDON4_20250714_050000.wav,20250714
2955,2958,Geothlypis trichas,Common Yellowthroat,0.0506,D:\AcousticMonitoringData\ELDON4_Data\Week26\ELDON4_20250714_050000.wav,20250714
2958,2961,Geothlypis trichas,Common Yellowthroat,0.2251,D:\AcousticMonitoringData\ELDON4_Data\Week26\ELDON4_20250714_050000.wav,20250714
2961,2964,Geothlypis trichas,Common Yellowthroat,0.0603,D:\AcousticMonitoringData\ELDON4_Data\Week26\ELDON4_20250714_050000.wav,20250714
2964,2967,Sturnella magna,Eastern Meadowlark,0.0593,D:\AcousticMonitoringData\ELDON4_Data\Week26\ELDON4_20250714_050000.wav,20250714
2967,2970,Geothlypis trichas,Common Yellowthroat,0.1023,D:\AcousticMonitoringData\ELDON4_Data\Week26\ELDON4_20250714_050000.wav,20250714
2970,2973,Geothlypis trichas,Common Yellowthroat,0.0509,D:\AcousticMonitoringData\ELDON4_Data\Week26\ELDON4_20250714_050000.wav,20250714
2973,2976,Passerina caerulea,Blue Grosbeak,0.0551,D:\AcousticMonitoringData\ELDON4_Data\Week26\ELDON4_20250714_050000.wav,20250714
2976,2979,Geothlypis trichas,Common Yellowthroat,0.137,D:\AcousticMonitoringData\ELDON4_Data\Week26\ELDON4_20250714_050000.wav,20250714
2979,2982,Geothlypis trichas,Common Yellowthroat,0.0575,D:\AcousticMonitoringData\ELDON4_Data\Week26\ELDON4_20250714_050000.wav,20250714
2982,2985,Passerina caerulea,Blue Grosbeak,0.068,D:\AcousticMonitoringData\ELDON4_Data\Week26\ELDON4_20250714_050000.wav,20250714
2988,2991,Geothlypis trichas,Common Yellowthroat,0.0602,D:\AcousticMonitoringData\ELDON4_Data\Week26\ELDON4_20250714_050000.wav,20250714
2994,2997,Geothlypis trichas,Common Yellowthroat,0.0829,D:\AcousticMonitoringData\ELDON4_Data\Week26\ELDON4_20250714_050000.wav,20250714
2997,3000,Geothlypis trichas,Common Yellowthroat,0.1084,D:\AcousticMonitoringData\ELDON4_Data\Week26\ELDON4_20250714_050000.wav,20250714
2997,3000,Spizella pusilla,Field Sparrow,0.0611,D:\AcousticMonitoringData\ELDON4_Data\Week26\ELDON4_20250714_050000.wav,20250714
3003,3006,Geothlypis trichas,Common Yellowthroat,0.0908,D:\AcousticMonitoringData\ELDON4_Data\Week26\ELDON4_20250714_050000.wav,20250714
3009,3012,Geothlypis trichas,Common Yellowthroat,0.1188,D:\AcousticMonitoringData\ELDON4_Data\Week26\ELDON4_20250714_050000.wav,20250714
3012,3015,Geothlypis trichas,Common Yellowthroat,0.0949,D:\AcousticMonitoringData\ELDON4_Data\Week26\ELDON4_20250714_050000.wav,20250714
3015,3018,Passerina caerulea,Blue Grosbeak,0.0599,D:\AcousticMonitoringData\ELDON4_Data\Week26\ELDON4_20250714_050000.wav,20250714
3018,3021,Geothlypis trichas,Common Yellowthroat,0.2211,D:\AcousticMonitoringData\ELDON4_Data\Week26\ELDON4_20250714_050000.wav,20250714
3021,3024,Passerina caerulea,Blue Grosbeak,0.0738,D:\AcousticMonitoringData\ELDON4_Data\Week26\ELDON4_20250714_050000.wav,20250714
3027,3030,Geothlypis trichas,Common Yellowthroat,0.0986,D:\AcousticMonitoringData\ELDON4_Data\Week26\ELDON4_20250714_050000.wav,20250714
3027,3030,Passerina caerulea,Blue Grosbeak,0.0679,D:\AcousticMonitoringData\ELDON4_Data\Week26\ELDON4_20250714_050000.wav,20250714
3030,3033,Geothlypis trichas,Common Yellowthroat,0.2125,D:\AcousticMonitoringData\ELDON4_Data\Week26\ELDON4_20250714_050000.wav,20250714
3033,3036,Geothlypis trichas,Common Yellowthroat,0.1331,D:\AcousticMonitoringData\ELDON4_Data\Week26\ELDON4_20250714_050000.wav,20250714
3033,3036,Passerina caerulea,Blue Grosbeak,0.0505,D:\AcousticMonitoringData\ELDON4_Data\Week26\ELDON4_20250714_050000.wav,20250714
3036,3039,Geothlypis trichas,Common Yellowthroat,0.0503,D:\AcousticMonitoringData\ELDON4_Data\Week26\ELDON4_20250714_050000.wav,20250714
3039,3042,Geothlypis trichas,Common Yellowthroat,0.0935,D:\AcousticMonitoringData\ELDON4_Data\Week26\ELDON4_20250714_050000.wav,20250714
3051,3054,Geothlypis trichas,Common Yellowthroat,0.1136,D:\AcousticMonitoringData\ELDON4_Data\Week26\ELDON4_20250714_050000.wav,20250714
3051,3054,Spizella pusilla,Field Sparrow,0.0506,D:\AcousticMonitoringData\ELDON4_Data\Week26\ELDON4_20250714_050000.wav,20250714
3060,3063,Geothlypis trichas,Common Yellowthroat,0.0809,D:\AcousticMonitoringData\ELDON4_Data\Week26\ELDON4_20250714_050000.wav,20250714
3066,3069,Passerina caerulea,Blue Grosbeak,0.0784,D:\AcousticMonitoringData\ELDON4_Data\Week26\ELDON4_20250714_050000.wav,20250714
3069,3072,Geothlypis trichas,Common Yellowthroat,0.0747,D:\AcousticMonitoringData\ELDON4_Data\Week26\ELDON4_20250714_050000.wav,20250714
3069,3072,Passerina caerulea,Blue Grosbeak,0.0543,D:\AcousticMonitoringData\ELDON4_Data\Week26\ELDON4_20250714_050000.wav,20250714
3072,3075,Geothlypis trichas,Common Yellowthroat,0.0563,D:\AcousticMonitoringData\ELDON4_Data\Week26\ELDON4_20250714_050000.wav,20250714
3075,3078,Geothlypis trichas,Common Yellowthroat,0.1375,D:\AcousticMonitoringData\ELDON4_Data\Week26\ELDON4_20250714_050000.wav,20250714
3081,3084,Sturnella magna,Eastern Meadowlark,0.0591,D:\AcousticMonitoringData\ELDON4_Data\Week26\ELDON4_20250714_050000.wav,20250714
3084,3087,Geothlypis trichas,Common Yellowthroat,0.1115,D:\AcousticMonitoringData\ELDON4_Data\Week26\ELDON4_20250714_050000.wav,20250714
3087,3090,Geothlypis trichas,Common Yellowthroat,0.1018,D:\AcousticMonitoringData\ELDON4_Data\Week26\ELDON4_20250714_050000.wav,20250714
3090,3093,Passerina caerulea,Blue Grosbeak,0.0588,D:\AcousticMonitoringData\ELDON4_Data\Week26\ELDON4_20250714_050000.wav,20250714
3093,3096,Passerina caerulea,Blue Grosbeak,0.1112,D:\AcousticMonitoringData\ELDON4_Data\Week26\ELDON4_20250714_050000.wav,20250714
3096,3099,Geothlypis trichas,Common Yellowthroat,0.1643,D:\AcousticMonitoringData\ELDON4_Data\Week26\ELDON4_20250714_050000.wav,20250714
3099,3102,Geothlypis trichas,Common Yellowthroat,0.0821,D:\AcousticMonitoringData\ELDON4_Data\Week26\ELDON4_20250714_050000.wav,20250714
3105,3108,Geothlypis trichas,Common Yellowthroat,0.0728,D:\AcousticMonitoringData\ELDON4_Data\Week26\ELDON4_20250714_050000.wav,20250714
3108,3111,Geothlypis trichas,Common Yellowthroat,0.117,D:\AcousticMonitoringData\ELDON4_Data\Week26\ELDON4_20250714_050000.wav,20250714
3117,3120,Passerina caerulea,Blue Grosbeak,0.058,D:\AcousticMonitoringData\ELDON4_Data\Week26\ELDON4_20250714_050000.wav,20250714
3120,3123,Geothlypis trichas,Common Yellowthroat,0.1829,D:\AcousticMonitoringData\ELDON4_Data\Week26\ELDON4_20250714_050000.wav,20250714
3123,3126,Passerina caerulea,Blue Grosbeak,0.0578,D:\AcousticMonitoringData\ELDON4_Data\Week26\ELDON4_20250714_050000.wav,20250714
3126,3129,Geothlypis trichas,Common Yellowthroat,0.2427,D:\AcousticMonitoringData\ELDON4_Data\Week26\ELDON4_20250714_050000.wav,20250714
3129,3132,Spizella pusilla,Field Sparrow,0.0635,D:\AcousticMonitoringData\ELDON4_Data\Week26\ELDON4_20250714_050000.wav,20250714
3129,3132,Geothlypis trichas,Common Yellowthroat,0.0537,D:\AcousticMonitoringData\ELDON4_Data\Week26\ELDON4_20250714_050000.wav,20250714
3132,3135,Passerina caerulea,Blue Grosbeak,0.0542,D:\AcousticMonitoringData\ELDON4_Data\Week26\ELDON4_20250714_050000.wav,20250714
3138,3141,Geothlypis trichas,Common Yellowthroat,0.0992,D:\AcousticMonitoringData\ELDON4_Data\Week26\ELDON4_20250714_050000.wav,20250714
3141,3144,Geothlypis trichas,Common Yellowthroat,0.0813,D:\AcousticMonitoringData\ELDON4_Data\Week26\ELDON4_20250714_050000.wav,20250714
3150,3153,Passerina caerulea,Blue Grosbeak,0.0556,D:\AcousticMonitoringData\ELDON4_Data\Week26\ELDON4_20250714_050000.wav,20250714
3153,3156,Geothlypis trichas,Common Yellowthroat,0.2049,D:\AcousticMonitoringData\ELDON4_Data\Week26\ELDON4_20250714_050000.wav,20250714
3168,3171,Geothlypis trichas,Common Yellowthroat,0.064,D:\AcousticMonitoringData\ELDON4_Data\Week26\ELDON4_20250714_050000.wav,20250714
3174,3177,Geothlypis trichas,Common Yellowthroat,0.0815,D:\AcousticMonitoringData\ELDON4_Data\Week26\ELDON4_20250714_050000.wav,20250714
3180,3183,Geothlypis trichas,Common Yellowthroat,0.071,D:\AcousticMonitoringData\ELDON4_Data\Week26\ELDON4_20250714_050000.wav,20250714
3183,3186,Spizella pusilla,Field Sparrow,0.0524,D:\AcousticMonitoringData\ELDON4_Data\Week26\ELDON4_20250714_050000.wav,20250714
3186,3189,Passerina caerulea,Blue Grosbeak,0.0804,D:\AcousticMonitoringData\ELDON4_Data\Week26\ELDON4_20250714_050000.wav,20250714
3189,3192,Geothlypis trichas,Common Yellowthroat,0.2826,D:\AcousticMonitoringData\ELDON4_Data\Week26\ELDON4_20250714_050000.wav,20250714
3192,3195,Geothlypis trichas,Common Yellowthroat,0.0852,D:\AcousticMonitoringData\ELDON4_Data\Week26\ELDON4_20250714_050000.wav,20250714
3204,3207,Geothlypis trichas,Common Yellowthroat,0.0947,D:\AcousticMonitoringData\ELDON4_Data\Week26\ELDON4_20250714_050000.wav,20250714
3213,3216,Passerina caerulea,Blue Grosbeak,0.0553,D:\AcousticMonitoringData\ELDON4_Data\Week26\ELDON4_20250714_050000.wav,20250714
3216,3219,Geothlypis trichas,Common Yellowthroat,0.2936,D:\AcousticMonitoringData\ELDON4_Data\Week26\ELDON4_20250714_050000.wav,20250714
3222,3225,Passerina caerulea,Blue Grosbeak,0.0603,D:\AcousticMonitoringData\ELDON4_Data\Week26\ELDON4_20250714_050000.wav,20250714
3225,3228,Geothlypis trichas,Common Yellowthroat,0.1236,D:\AcousticMonitoringData\ELDON4_Data\Week26\ELDON4_20250714_050000.wav,20250714
3228,3231,Geothlypis trichas,Common Yellowthroat,0.097,D:\AcousticMonitoringData\ELDON4_Data\Week26\ELDON4_20250714_050000.wav,20250714
3228,3231,Spizella pusilla,Field Sparrow,0.0711,D:\AcousticMonitoringData\ELDON4_Data\Week26\ELDON4_20250714_050000.wav,20250714
3237,3240,Geothlypis trichas,Common Yellowthroat,0.1454,D:\AcousticMonitoringData\ELDON4_Data\Week26\ELDON4_20250714_050000.wav,20250714
3240,3243,Spizella pusilla,Field Sparrow,0.0642,D:\AcousticMonitoringData\ELDON4_Data\Week26\ELDON4_20250714_050000.wav,20250714
3246,3249,Sturnella magna,Eastern Meadowlark,0.0619,D:\AcousticMonitoringData\ELDON4_Data\Week26\ELDON4_20250714_050000.wav,20250714
3246,3249,Passerina caerulea,Blue Grosbeak,0.0608,D:\AcousticMonitoringData\ELDON4_Data\Week26\ELDON4_20250714_050000.wav,20250714
3246,3249,Spizella pusilla,Field Sparrow,0.0566,D:\AcousticMonitoringData\ELDON4_Data\Week26\ELDON4_20250714_050000.wav,20250714
3246,3249,Geothlypis trichas,Common Yellowthroat,0.052,D:\AcousticMonitoringData\ELDON4_Data\Week26\ELDON4_20250714_050000.wav,20250714
3249,3252,Geothlypis trichas,Common Yellowthroat,0.0947,D:\AcousticMonitoringData\ELDON4_Data\Week26\ELDON4_20250714_050000.wav,20250714
3252,3255,Geothlypis trichas,Common Yellowthroat,0.0886,D:\AcousticMonitoringData\ELDON4_Data\Week26\ELDON4_20250714_050000.wav,20250714
3258,3261,Passerina caerulea,Blue Grosbeak,0.0501,D:\AcousticMonitoringData\ELDON4_Data\Week26\ELDON4_20250714_050000.wav,20250714
3261,3264,Geothlypis trichas,Common Yellowthroat,0.0894,D:\AcousticMonitoringData\ELDON4_Data\Week26\ELDON4_20250714_050000.wav,20250714
3264,3267,Passerina caerulea,Blue Grosbeak,0.066,D:\AcousticMonitoringData\ELDON4_Data\Week26\ELDON4_20250714_050000.wav,20250714
3264,3267,Spizella pusilla,Field Sparrow,0.0639,D:\AcousticMonitoringData\ELDON4_Data\Week26\ELDON4_20250714_050000.wav,20250714
3264,3267,Sturnella magna,Eastern Meadowlark,0.0505,D:\AcousticMonitoringData\ELDON4_Data\Week26\ELDON4_20250714_050000.wav,20250714
3267,3270,Geothlypis trichas,Common Yellowthroat,0.1109,D:\AcousticMonitoringData\ELDON4_Data\Week26\ELDON4_20250714_050000.wav,20250714
3267,3270,Passerina caerulea,Blue Grosbeak,0.0565,D:\AcousticMonitoringData\ELDON4_Data\Week26\ELDON4_20250714_050000.wav,20250714
3270,3273,Sturnella magna,Eastern Meadowlark,0.0932,D:\AcousticMonitoringData\ELDON4_Data\Week26\ELDON4_20250714_050000.wav,20250714
3270,3273,Geothlypis trichas,Common Yellowthroat,0.0635,D:\AcousticMonitoringData\ELDON4_Data\Week26\ELDON4_20250714_050000.wav,20250714
3270,3273,Spizella pusilla,Field Sparrow,0.0629,D:\AcousticMonitoringData\ELDON4_Data\Week26\ELDON4_20250714_050000.wav,20250714
3276,3279,Passerina caerulea,Blue Grosbeak,0.0676,D:\AcousticMonitoringData\ELDON4_Data\Week26\ELDON4_20250714_050000.wav,20250714
3279,3282,Spizella pusilla,Field Sparrow,0.1281,D:\AcousticMonitoringData\ELDON4_Data\Week26\ELDON4_20250714_050000.wav,20250714
3279,3282,Geothlypis trichas,Common Yellowthroat,0.0527,D:\AcousticMonitoringData\ELDON4_Data\Week26\ELDON4_20250714_050000.wav,20250714
3282,3285,Geothlypis trichas,Common Yellowthroat,0.0879,D:\AcousticMonitoringData\ELDON4_Data\Week26\ELDON4_20250714_050000.wav,20250714
3303,3306,Spizella pusilla,Field Sparrow,0.0561,D:\AcousticMonitoringData\ELDON4_Data\Week26\ELDON4_20250714_050000.wav,20250714
3312,3315,Geothlypis trichas,Common Yellowthroat,0.1048,D:\AcousticMonitoringData\ELDON4_Data\Week26\ELDON4_20250714_050000.wav,20250714
3333,3336,Sturnella magna,Eastern Meadowlark,0.0525,D:\AcousticMonitoringData\ELDON4_Data\Week26\ELDON4_20250714_050000.wav,20250714
3345,3348,Geothlypis trichas,Common Yellowthroat,0.1321,D:\AcousticMonitoringData\ELDON4_Data\Week26\ELDON4_20250714_050000.wav,20250714
3348,3351,Passerina caerulea,Blue Grosbeak,0.0535,D:\AcousticMonitoringData\ELDON4_Data\Week26\ELDON4_20250714_050000.wav,20250714
3375,3378,Spizella pusilla,Field Sparrow,0.0563,D:\AcousticMonitoringData\ELDON4_Data\Week26\ELDON4_20250714_050000.wav,20250714
3375,3378,Passerina caerulea,Blue Grosbeak,0.0521,D:\AcousticMonitoringData\ELDON4_Data\Week26\ELDON4_20250714_050000.wav,20250714
3378,3381,Passerina caerulea,Blue Grosbeak,0.0691,D:\AcousticMonitoringData\ELDON4_Data\Week26\ELDON4_20250714_050000.wav,20250714
3381,3384,Geothlypis trichas,Common Yellowthroat,0.2249,D:\AcousticMonitoringData\ELDON4_Data\Week26\ELDON4_20250714_050000.wav,20250714
3393,3396,Sturnella magna,Eastern Meadowlark,0.0561,D:\AcousticMonitoringData\ELDON4_Data\Week26\ELDON4_20250714_050000.wav,20250714
3393,3396,Geothlypis trichas,Common Yellowthroat,0.0556,D:\AcousticMonitoringData\ELDON4_Data\Week26\ELDON4_20250714_050000.wav,20250714
3399,3402,Geothlypis trichas,Common Yellowthroat,0.0648,D:\AcousticMonitoringData\ELDON4_Data\Week26\ELDON4_20250714_050000.wav,20250714
3405,3408,Passerina caerulea,Blue Grosbeak,0.1093,D:\AcousticMonitoringData\ELDON4_Data\Week26\ELDON4_20250714_050000.wav,20250714
3405,3408,Spizella pusilla,Field Sparrow,0.0572,D:\AcousticMonitoringData\ELDON4_Data\Week26\ELDON4_20250714_050000.wav,20250714
3408,3411,Geothlypis trichas,Common Yellowthroat,0.089,D:\AcousticMonitoringData\ELDON4_Data\Week26\ELDON4_20250714_050000.wav,20250714
3426,3429,Passerina caerulea,Blue Grosbeak,0.0632,D:\AcousticMonitoringData\ELDON4_Data\Week26\ELDON4_20250714_050000.wav,20250714
3429,3432,Passerina caerulea,Blue Grosbeak,0.0568,D:\AcousticMonitoringData\ELDON4_Data\Week26\ELDON4_20250714_050000.wav,20250714
3447,3450,Geothlypis trichas,Common Yellowthroat,0.0673,D:\AcousticMonitoringData\ELDON4_Data\Week26\ELDON4_20250714_050000.wav,20250714
3450,3453,Geothlypis trichas,Common Yellowthroat,0.0563,D:\AcousticMonitoringData\ELDON4_Data\Week26\ELDON4_20250714_050000.wav,20250714
3456,3459,Passerina caerulea,Blue Grosbeak,0.0504,D:\AcousticMonitoringData\ELDON4_Data\Week26\ELDON4_20250714_050000.wav,20250714
3459,3462,Geothlypis trichas,Common Yellowthroat,0.119,D:\AcousticMonitoringData\ELDON4_Data\Week26\ELDON4_20250714_050000.wav,20250714
3471,3474,Geothlypis trichas,Common Yellowthroat,0.2608,D:\AcousticMonitoringData\ELDON4_Data\Week26\ELDON4_20250714_050000.wav,20250714
3474,3477,Geothlypis trichas,Common Yellowthroat,0.2155,D:\AcousticMonitoringData\ELDON4_Data\Week26\ELDON4_20250714_050000.wav,20250714
3483,3486,Geothlypis trichas,Common Yellowthroat,0.1351,D:\AcousticMonitoringData\ELDON4_Data\Week26\ELDON4_20250714_050000.wav,20250714
3486,3489,Passerina caerulea,Blue Grosbeak,0.0504,D:\AcousticMonitoringData\ELDON4_Data\Week26\ELDON4_20250714_050000.wav,20250714
3489,3492,Geothlypis trichas,Common Yellowthroat,0.0653,D:\AcousticMonitoringData\ELDON4_Data\Week26\ELDON4_20250714_050000.wav,20250714
3501,3504,Passerina caerulea,Blue Grosbeak,0.0682,D:\AcousticMonitoringData\ELDON4_Data\Week26\ELDON4_20250714_050000.wav,20250714
3507,3510,Geothlypis trichas,Common Yellowthroat,0.13,D:\AcousticMonitoringData\ELDON4_Data\Week26\ELDON4_20250714_050000.wav,20250714
3513,3516,Passerina caerulea,Blue Grosbeak,0.0658,D:\AcousticMonitoringData\ELDON4_Data\Week26\ELDON4_20250714_050000.wav,20250714
3516,3519,Geothlypis trichas,Common Yellowthroat,0.2129,D:\AcousticMonitoringData\ELDON4_Data\Week26\ELDON4_20250714_050000.wav,20250714
3519,3522,Geothlypis trichas,Common Yellowthroat,0.0557,D:\AcousticMonitoringData\ELDON4_Data\Week26\ELDON4_20250714_050000.wav,20250714
3522,3525,Passerina caerulea,Blue Grosbeak,0.0657,D:\AcousticMonitoringData\ELDON4_Data\Week26\ELDON4_20250714_050000.wav,20250714
3528,3531,Geothlypis trichas,Common Yellowthroat,0.1451,D:\AcousticMonitoringData\ELDON4_Data\Week26\ELDON4_20250714_050000.wav,20250714
3540,3543,Passerina caerulea,Blue Grosbeak,0.068,D:\AcousticMonitoringData\ELDON4_Data\Week26\ELDON4_20250714_050000.wav,20250714
3543,3546,Geothlypis trichas,Common Yellowthroat,0.0513,D:\AcousticMonitoringData\ELDON4_Data\Week26\ELDON4_20250714_050000.wav,20250714
3546,3549,Sturnella magna,Eastern Meadowlark,0.0523,D:\AcousticMonitoringData\ELDON4_Data\Week26\ELDON4_20250714_050000.wav,20250714
3549,3552,Passerina caerulea,Blue Grosbeak,0.0766,D:\AcousticMonitoringData\ELDON4_Data\Week26\ELDON4_20250714_050000.wav,20250714
3555,3558,Geothlypis trichas,Common Yellowthroat,0.0502,D:\AcousticMonitoringData\ELDON4_Data\Week26\ELDON4_20250714_050000.wav,20250714
3564,3567,Geothlypis trichas,Common Yellowthroat,0.0727,D:\AcousticMonitoringData\ELDON4_Data\Week26\ELDON4_20250714_050000.wav,20250714
3567,3570,Passerina caerulea,Blue Grosbeak,0.0881,D:\AcousticMonitoringData\ELDON4_Data\Week26\ELDON4_20250714_050000.wav,20250714
3570,3573,Passerina caerulea,Blue Grosbeak,0.1056,D:\AcousticMonitoringData\ELDON4_Data\Week26\ELDON4_20250714_050000.wav,20250714
3573,3576,Geothlypis trichas,Common Yellowthroat,0.1298,D:\AcousticMonitoringData\ELDON4_Data\Week26\ELDON4_20250714_050000.wav,20250714
3576,3579,Passerina caerulea,Blue Grosbeak,0.0611,D:\AcousticMonitoringData\ELDON4_Data\Week26\ELDON4_20250714_050000.wav,20250714
3579,3582,Geothlypis trichas,Common Yellowthroat,0.0554,D:\AcousticMonitoringData\ELDON4_Data\Week26\ELDON4_20250714_050000.wav,20250714
3582,3585,Geothlypis trichas,Common Yellowthroat,0.0509,D:\AcousticMonitoringData\ELDON4_Data\Week26\ELDON4_20250714_050000.wav,20250714
