Start (s),End (s),Scientific name,Common name,Confidence,File,Date
6,9,Sturnella magna,Eastern Meadowlark,0.0136,D:/AcousticMonitoringData/ELDON2_Data/Week16\ELDON2_20250426_052100.wav,20250426
9,12,Sturnella magna,Eastern Meadowlark,0.0366,D:/AcousticMonitoringData/ELDON2_Data/Week16\ELDON2_20250426_052100.wav,20250426
21,24,Eremophila alpestris,Horned Lark,0.0118,D:/AcousticMonitoringData/ELDON2_Data/Week16\ELDON2_20250426_052100.wav,20250426
27,30,Eremophila alpestris,Horned Lark,0.0174,D:/AcousticMonitoringData/ELDON2_Data/Week16\ELDON2_20250426_052100.wav,20250426
33,36,Eremophila alpestris,Horned Lark,0.0119,D:/AcousticMonitoringData/ELDON2_Data/Week16\ELDON2_20250426_052100.wav,20250426
33,36,Sturnella magna,Eastern Meadowlark,0.011,D:/AcousticMonitoringData/ELDON2_Data/Week16\ELDON2_20250426_052100.wav,20250426
45,48,Sturnella magna,Eastern Meadowlark,0.0126,D:/AcousticMonitoringData/ELDON2_Data/Week16\ELDON2_20250426_052100.wav,20250426
57,60,Eremophila alpestris,Horned Lark,0.0258,D:/AcousticMonitoringData/ELDON2_Data/Week16\ELDON2_20250426_052100.wav,20250426
78,81,Eremophila alpestris,Horned Lark,0.0334,D:/AcousticMonitoringData/ELDON2_Data/Week16\ELDON2_20250426_052100.wav,20250426
87,90,Eremophila alpestris,Horned Lark,0.0132,D:/AcousticMonitoringData/ELDON2_Data/Week16\ELDON2_20250426_052100.wav,20250426
102,105,Eremophila alpestris,Horned Lark,0.0101,D:/AcousticMonitoringData/ELDON2_Data/Week16\ELDON2_20250426_052100.wav,20250426
105,108,Eremophila alpestris,Horned Lark,0.0248,D:/AcousticMonitoringData/ELDON2_Data/Week16\ELDON2_20250426_052100.wav,20250426
132,135,Eremophila alpestris,Horned Lark,0.0159,D:/AcousticMonitoringData/ELDON2_Data/Week16\ELDON2_20250426_052100.wav,20250426
135,138,Eremophila alpestris,Horned Lark,0.0188,D:/AcousticMonitoringData/ELDON2_Data/Week16\ELDON2_20250426_052100.wav,20250426
147,150,Eremophila alpestris,Horned Lark,0.0142,D:/AcousticMonitoringData/ELDON2_Data/Week16\ELDON2_20250426_052100.wav,20250426
150,153,Eremophila alpestris,Horned Lark,0.0371,D:/AcousticMonitoringData/ELDON2_Data/Week16\ELDON2_20250426_052100.wav,20250426
168,171,Eremophila alpestris,Horned Lark,0.02,D:/AcousticMonitoringData/ELDON2_Data/Week16\ELDON2_20250426_052100.wav,20250426
174,177,Eremophila alpestris,Horned Lark,0.0345,D:/AcousticMonitoringData/ELDON2_Data/Week16\ELDON2_20250426_052100.wav,20250426
186,189,Sturnella magna,Eastern Meadowlark,0.011,D:/AcousticMonitoringData/ELDON2_Data/Week16\ELDON2_20250426_052100.wav,20250426
207,210,Eremophila alpestris,Horned Lark,0.0368,D:/AcousticMonitoringData/ELDON2_Data/Week16\ELDON2_20250426_052100.wav,20250426
207,210,Sturnella magna,Eastern Meadowlark,0.0114,D:/AcousticMonitoringData/ELDON2_Data/Week16\ELDON2_20250426_052100.wav,20250426
210,213,Eremophila alpestris,Horned Lark,0.0167,D:/AcousticMonitoringData/ELDON2_Data/Week16\ELDON2_20250426_052100.wav,20250426
216,219,Eremophila alpestris,Horned Lark,0.0185,D:/AcousticMonitoringData/ELDON2_Data/Week16\ELDON2_20250426_052100.wav,20250426
228,231,Eremophila alpestris,Horned Lark,0.0129,D:/AcousticMonitoringData/ELDON2_Data/Week16\ELDON2_20250426_052100.wav,20250426
231,234,Eremophila alpestris,Horned Lark,0.014,D:/AcousticMonitoringData/ELDON2_Data/Week16\ELDON2_20250426_052100.wav,20250426
234,237,Eremophila alpestris,Horned Lark,0.0381,D:/AcousticMonitoringData/ELDON2_Data/Week16\ELDON2_20250426_052100.wav,20250426
237,240,Eremophila alpestris,Horned Lark,0.0188,D:/AcousticMonitoringData/ELDON2_Data/Week16\ELDON2_20250426_052100.wav,20250426
261,264,Eremophila alpestris,Horned Lark,0.0159,D:/AcousticMonitoringData/ELDON2_Data/Week16\ELDON2_20250426_052100.wav,20250426
267,270,Eremophila alpestris,Horned Lark,0.0189,D:/AcousticMonitoringData/ELDON2_Data/Week16\ELDON2_20250426_052100.wav,20250426
273,276,Eremophila alpestris,Horned Lark,0.0208,D:/AcousticMonitoringData/ELDON2_Data/Week16\ELDON2_20250426_052100.wav,20250426
276,279,Eremophila alpestris,Horned Lark,0.0276,D:/AcousticMonitoringData/ELDON2_Data/Week16\ELDON2_20250426_052100.wav,20250426
279,282,Eremophila alpestris,Horned Lark,0.022,D:/AcousticMonitoringData/ELDON2_Data/Week16\ELDON2_20250426_052100.wav,20250426
282,285,Eremophila alpestris,Horned Lark,0.0303,D:/AcousticMonitoringData/ELDON2_Data/Week16\ELDON2_20250426_052100.wav,20250426
309,312,Eremophila alpestris,Horned Lark,0.0236,D:/AcousticMonitoringData/ELDON2_Data/Week16\ELDON2_20250426_052100.wav,20250426
315,318,Eremophila alpestris,Horned Lark,0.0331,D:/AcousticMonitoringData/ELDON2_Data/Week16\ELDON2_20250426_052100.wav,20250426
318,321,Eremophila alpestris,Horned Lark,0.0282,D:/AcousticMonitoringData/ELDON2_Data/Week16\ELDON2_20250426_052100.wav,20250426
327,330,Eremophila alpestris,Horned Lark,0.0265,D:/AcousticMonitoringData/ELDON2_Data/Week16\ELDON2_20250426_052100.wav,20250426
339,342,Eremophila alpestris,Horned Lark,0.0113,D:/AcousticMonitoringData/ELDON2_Data/Week16\ELDON2_20250426_052100.wav,20250426
348,351,Eremophila alpestris,Horned Lark,0.012,D:/AcousticMonitoringData/ELDON2_Data/Week16\ELDON2_20250426_052100.wav,20250426
357,360,Eremophila alpestris,Horned Lark,0.033,D:/AcousticMonitoringData/ELDON2_Data/Week16\ELDON2_20250426_052100.wav,20250426
357,360,Bartramia longicauda,Upland Sandpiper,0.0117,D:/AcousticMonitoringData/ELDON2_Data/Week16\ELDON2_20250426_052100.wav,20250426
357,360,Sturnella magna,Eastern Meadowlark,0.0101,D:/AcousticMonitoringData/ELDON2_Data/Week16\ELDON2_20250426_052100.wav,20250426
378,381,Eremophila alpestris,Horned Lark,0.0186,D:/AcousticMonitoringData/ELDON2_Data/Week16\ELDON2_20250426_052100.wav,20250426
399,402,Eremophila alpestris,Horned Lark,0.0122,D:/AcousticMonitoringData/ELDON2_Data/Week16\ELDON2_20250426_052100.wav,20250426
405,408,Eremophila alpestris,Horned Lark,0.029,D:/AcousticMonitoringData/ELDON2_Data/Week16\ELDON2_20250426_052100.wav,20250426
411,414,Eremophila alpestris,Horned Lark,0.0149,D:/AcousticMonitoringData/ELDON2_Data/Week16\ELDON2_20250426_052100.wav,20250426
426,429,Eremophila alpestris,Horned Lark,0.0155,D:/AcousticMonitoringData/ELDON2_Data/Week16\ELDON2_20250426_052100.wav,20250426
432,435,Eremophila alpestris,Horned Lark,0.0177,D:/AcousticMonitoringData/ELDON2_Data/Week16\ELDON2_20250426_052100.wav,20250426
441,444,Eremophila alpestris,Horned Lark,0.0268,D:/AcousticMonitoringData/ELDON2_Data/Week16\ELDON2_20250426_052100.wav,20250426
450,453,Eremophila alpestris,Horned Lark,0.014,D:/AcousticMonitoringData/ELDON2_Data/Week16\ELDON2_20250426_052100.wav,20250426
468,471,Eremophila alpestris,Horned Lark,0.0104,D:/AcousticMonitoringData/ELDON2_Data/Week16\ELDON2_20250426_052100.wav,20250426
480,483,Eremophila alpestris,Horned Lark,0.0181,D:/AcousticMonitoringData/ELDON2_Data/Week16\ELDON2_20250426_052100.wav,20250426
489,492,Eremophila alpestris,Horned Lark,0.0317,D:/AcousticMonitoringData/ELDON2_Data/Week16\ELDON2_20250426_052100.wav,20250426
492,495,Eremophila alpestris,Horned Lark,0.0175,D:/AcousticMonitoringData/ELDON2_Data/Week16\ELDON2_20250426_052100.wav,20250426
495,498,Eremophila alpestris,Horned Lark,0.0137,D:/AcousticMonitoringData/ELDON2_Data/Week16\ELDON2_20250426_052100.wav,20250426
498,501,Eremophila alpestris,Horned Lark,0.0213,D:/AcousticMonitoringData/ELDON2_Data/Week16\ELDON2_20250426_052100.wav,20250426
501,504,Eremophila alpestris,Horned Lark,0.0146,D:/AcousticMonitoringData/ELDON2_Data/Week16\ELDON2_20250426_052100.wav,20250426
522,525,Eremophila alpestris,Horned Lark,0.0112,D:/AcousticMonitoringData/ELDON2_Data/Week16\ELDON2_20250426_052100.wav,20250426
531,534,Eremophila alpestris,Horned Lark,0.0111,D:/AcousticMonitoringData/ELDON2_Data/Week16\ELDON2_20250426_052100.wav,20250426
540,543,Eremophila alpestris,Horned Lark,0.0235,D:/AcousticMonitoringData/ELDON2_Data/Week16\ELDON2_20250426_052100.wav,20250426
543,546,Eremophila alpestris,Horned Lark,0.0286,D:/AcousticMonitoringData/ELDON2_Data/Week16\ELDON2_20250426_052100.wav,20250426
543,546,Sturnella magna,Eastern Meadowlark,0.011,D:/AcousticMonitoringData/ELDON2_Data/Week16\ELDON2_20250426_052100.wav,20250426
546,549,Eremophila alpestris,Horned Lark,0.0304,D:/AcousticMonitoringData/ELDON2_Data/Week16\ELDON2_20250426_052100.wav,20250426
564,567,Eremophila alpestris,Horned Lark,0.0188,D:/AcousticMonitoringData/ELDON2_Data/Week16\ELDON2_20250426_052100.wav,20250426
567,570,Eremophila alpestris,Horned Lark,0.0247,D:/AcousticMonitoringData/ELDON2_Data/Week16\ELDON2_20250426_052100.wav,20250426
570,573,Eremophila alpestris,Horned Lark,0.0205,D:/AcousticMonitoringData/ELDON2_Data/Week16\ELDON2_20250426_052100.wav,20250426
576,579,Eremophila alpestris,Horned Lark,0.0189,D:/AcousticMonitoringData/ELDON2_Data/Week16\ELDON2_20250426_052100.wav,20250426
576,579,Sturnella magna,Eastern Meadowlark,0.0115,D:/AcousticMonitoringData/ELDON2_Data/Week16\ELDON2_20250426_052100.wav,20250426
579,582,Eremophila alpestris,Horned Lark,0.0139,D:/AcousticMonitoringData/ELDON2_Data/Week16\ELDON2_20250426_052100.wav,20250426
579,582,Sturnella magna,Eastern Meadowlark,0.0117,D:/AcousticMonitoringData/ELDON2_Data/Week16\ELDON2_20250426_052100.wav,20250426
582,585,Eremophila alpestris,Horned Lark,0.0114,D:/AcousticMonitoringData/ELDON2_Data/Week16\ELDON2_20250426_052100.wav,20250426
588,591,Bartramia longicauda,Upland Sandpiper,0.0189,D:/AcousticMonitoringData/ELDON2_Data/Week16\ELDON2_20250426_052100.wav,20250426
591,594,Eremophila alpestris,Horned Lark,0.0109,D:/AcousticMonitoringData/ELDON2_Data/Week16\ELDON2_20250426_052100.wav,20250426
594,597,Eremophila alpestris,Horned Lark,0.0249,D:/AcousticMonitoringData/ELDON2_Data/Week16\ELDON2_20250426_052100.wav,20250426
597,600,Eremophila alpestris,Horned Lark,0.0208,D:/AcousticMonitoringData/ELDON2_Data/Week16\ELDON2_20250426_052100.wav,20250426
600,603,Eremophila alpestris,Horned Lark,0.0296,D:/AcousticMonitoringData/ELDON2_Data/Week16\ELDON2_20250426_052100.wav,20250426
603,606,Eremophila alpestris,Horned Lark,0.0472,D:/AcousticMonitoringData/ELDON2_Data/Week16\ELDON2_20250426_052100.wav,20250426
609,612,Eremophila alpestris,Horned Lark,0.0106,D:/AcousticMonitoringData/ELDON2_Data/Week16\ELDON2_20250426_052100.wav,20250426
612,615,Eremophila alpestris,Horned Lark,0.0234,D:/AcousticMonitoringData/ELDON2_Data/Week16\ELDON2_20250426_052100.wav,20250426
615,618,Eremophila alpestris,Horned Lark,0.0139,D:/AcousticMonitoringData/ELDON2_Data/Week16\ELDON2_20250426_052100.wav,20250426
618,621,Eremophila alpestris,Horned Lark,0.0366,D:/AcousticMonitoringData/ELDON2_Data/Week16\ELDON2_20250426_052100.wav,20250426
618,621,Sturnella magna,Eastern Meadowlark,0.0149,D:/AcousticMonitoringData/ELDON2_Data/Week16\ELDON2_20250426_052100.wav,20250426
621,624,Eremophila alpestris,Horned Lark,0.0181,D:/AcousticMonitoringData/ELDON2_Data/Week16\ELDON2_20250426_052100.wav,20250426
624,627,Eremophila alpestris,Horned Lark,0.0152,D:/AcousticMonitoringData/ELDON2_Data/Week16\ELDON2_20250426_052100.wav,20250426
627,630,Eremophila alpestris,Horned Lark,0.0125,D:/AcousticMonitoringData/ELDON2_Data/Week16\ELDON2_20250426_052100.wav,20250426
636,639,Eremophila alpestris,Horned Lark,0.014,D:/AcousticMonitoringData/ELDON2_Data/Week16\ELDON2_20250426_052100.wav,20250426
642,645,Eremophila alpestris,Horned Lark,0.0227,D:/AcousticMonitoringData/ELDON2_Data/Week16\ELDON2_20250426_052100.wav,20250426
642,645,Sturnella magna,Eastern Meadowlark,0.0106,D:/AcousticMonitoringData/ELDON2_Data/Week16\ELDON2_20250426_052100.wav,20250426
660,663,Eremophila alpestris,Horned Lark,0.0117,D:/AcousticMonitoringData/ELDON2_Data/Week16\ELDON2_20250426_052100.wav,20250426
663,666,Eremophila alpestris,Horned Lark,0.0207,D:/AcousticMonitoringData/ELDON2_Data/Week16\ELDON2_20250426_052100.wav,20250426
678,681,Eremophila alpestris,Horned Lark,0.0189,D:/AcousticMonitoringData/ELDON2_Data/Week16\ELDON2_20250426_052100.wav,20250426
684,687,Eremophila alpestris,Horned Lark,0.011,D:/AcousticMonitoringData/ELDON2_Data/Week16\ELDON2_20250426_052100.wav,20250426
687,690,Eremophila alpestris,Horned Lark,0.0291,D:/AcousticMonitoringData/ELDON2_Data/Week16\ELDON2_20250426_052100.wav,20250426
702,705,Eremophila alpestris,Horned Lark,0.0134,D:/AcousticMonitoringData/ELDON2_Data/Week16\ELDON2_20250426_052100.wav,20250426
702,705,Sturnella magna,Eastern Meadowlark,0.012,D:/AcousticMonitoringData/ELDON2_Data/Week16\ELDON2_20250426_052100.wav,20250426
705,708,Eremophila alpestris,Horned Lark,0.0297,D:/AcousticMonitoringData/ELDON2_Data/Week16\ELDON2_20250426_052100.wav,20250426
729,732,Eremophila alpestris,Horned Lark,0.0206,D:/AcousticMonitoringData/ELDON2_Data/Week16\ELDON2_20250426_052100.wav,20250426
741,744,Sturnella magna,Eastern Meadowlark,0.0239,D:/AcousticMonitoringData/ELDON2_Data/Week16\ELDON2_20250426_052100.wav,20250426
747,750,Eremophila alpestris,Horned Lark,0.013,D:/AcousticMonitoringData/ELDON2_Data/Week16\ELDON2_20250426_052100.wav,20250426
747,750,Sturnella magna,Eastern Meadowlark,0.0105,D:/AcousticMonitoringData/ELDON2_Data/Week16\ELDON2_20250426_052100.wav,20250426
774,777,Eremophila alpestris,Horned Lark,0.0134,D:/AcousticMonitoringData/ELDON2_Data/Week16\ELDON2_20250426_052100.wav,20250426
777,780,Eremophila alpestris,Horned Lark,0.0152,D:/AcousticMonitoringData/ELDON2_Data/Week16\ELDON2_20250426_052100.wav,20250426
780,783,Eremophila alpestris,Horned Lark,0.0137,D:/AcousticMonitoringData/ELDON2_Data/Week16\ELDON2_20250426_052100.wav,20250426
801,804,Eremophila alpestris,Horned Lark,0.0133,D:/AcousticMonitoringData/ELDON2_Data/Week16\ELDON2_20250426_052100.wav,20250426
807,810,Eremophila alpestris,Horned Lark,0.0113,D:/AcousticMonitoringData/ELDON2_Data/Week16\ELDON2_20250426_052100.wav,20250426
810,813,Eremophila alpestris,Horned Lark,0.016,D:/AcousticMonitoringData/ELDON2_Data/Week16\ELDON2_20250426_052100.wav,20250426
822,825,Eremophila alpestris,Horned Lark,0.0123,D:/AcousticMonitoringData/ELDON2_Data/Week16\ELDON2_20250426_052100.wav,20250426
834,837,Eremophila alpestris,Horned Lark,0.0128,D:/AcousticMonitoringData/ELDON2_Data/Week16\ELDON2_20250426_052100.wav,20250426
906,909,Eremophila alpestris,Horned Lark,0.0203,D:/AcousticMonitoringData/ELDON2_Data/Week16\ELDON2_20250426_052100.wav,20250426
915,918,Sturnella magna,Eastern Meadowlark,0.0114,D:/AcousticMonitoringData/ELDON2_Data/Week16\ELDON2_20250426_052100.wav,20250426
924,927,Eremophila alpestris,Horned Lark,0.0173,D:/AcousticMonitoringData/ELDON2_Data/Week16\ELDON2_20250426_052100.wav,20250426
930,933,Eremophila alpestris,Horned Lark,0.0119,D:/AcousticMonitoringData/ELDON2_Data/Week16\ELDON2_20250426_052100.wav,20250426
936,939,Eremophila alpestris,Horned Lark,0.0144,D:/AcousticMonitoringData/ELDON2_Data/Week16\ELDON2_20250426_052100.wav,20250426
939,942,Bartramia longicauda,Upland Sandpiper,0.0546,D:/AcousticMonitoringData/ELDON2_Data/Week16\ELDON2_20250426_052100.wav,20250426
942,945,Eremophila alpestris,Horned Lark,0.0249,D:/AcousticMonitoringData/ELDON2_Data/Week16\ELDON2_20250426_052100.wav,20250426
945,948,Eremophila alpestris,Horned Lark,0.0131,D:/AcousticMonitoringData/ELDON2_Data/Week16\ELDON2_20250426_052100.wav,20250426
948,951,Eremophila alpestris,Horned Lark,0.0556,D:/AcousticMonitoringData/ELDON2_Data/Week16\ELDON2_20250426_052100.wav,20250426
951,954,Eremophila alpestris,Horned Lark,0.0474,D:/AcousticMonitoringData/ELDON2_Data/Week16\ELDON2_20250426_052100.wav,20250426
957,960,Eremophila alpestris,Horned Lark,0.0198,D:/AcousticMonitoringData/ELDON2_Data/Week16\ELDON2_20250426_052100.wav,20250426
960,963,Eremophila alpestris,Horned Lark,0.0151,D:/AcousticMonitoringData/ELDON2_Data/Week16\ELDON2_20250426_052100.wav,20250426
963,966,Eremophila alpestris,Horned Lark,0.0742,D:/AcousticMonitoringData/ELDON2_Data/Week16\ELDON2_20250426_052100.wav,20250426
966,969,Eremophila alpestris,Horned Lark,0.0209,D:/AcousticMonitoringData/ELDON2_Data/Week16\ELDON2_20250426_052100.wav,20250426
969,972,Eremophila alpestris,Horned Lark,0.0488,D:/AcousticMonitoringData/ELDON2_Data/Week16\ELDON2_20250426_052100.wav,20250426
978,981,Eremophila alpestris,Horned Lark,0.0153,D:/AcousticMonitoringData/ELDON2_Data/Week16\ELDON2_20250426_052100.wav,20250426
987,990,Passerina caerulea,Blue Grosbeak,0.0138,D:/AcousticMonitoringData/ELDON2_Data/Week16\ELDON2_20250426_052100.wav,20250426
996,999,Eremophila alpestris,Horned Lark,0.0869,D:/AcousticMonitoringData/ELDON2_Data/Week16\ELDON2_20250426_052100.wav,20250426
996,999,Bartramia longicauda,Upland Sandpiper,0.0102,D:/AcousticMonitoringData/ELDON2_Data/Week16\ELDON2_20250426_052100.wav,20250426
1005,1008,Eremophila alpestris,Horned Lark,0.0254,D:/AcousticMonitoringData/ELDON2_Data/Week16\ELDON2_20250426_052100.wav,20250426
1005,1008,Sturnella magna,Eastern Meadowlark,0.0109,D:/AcousticMonitoringData/ELDON2_Data/Week16\ELDON2_20250426_052100.wav,20250426
1008,1011,Eremophila alpestris,Horned Lark,0.0992,D:/AcousticMonitoringData/ELDON2_Data/Week16\ELDON2_20250426_052100.wav,20250426
1020,1023,Eremophila alpestris,Horned Lark,0.0121,D:/AcousticMonitoringData/ELDON2_Data/Week16\ELDON2_20250426_052100.wav,20250426
1023,1026,Sturnella magna,Eastern Meadowlark,0.0166,D:/AcousticMonitoringData/ELDON2_Data/Week16\ELDON2_20250426_052100.wav,20250426
1026,1029,Eremophila alpestris,Horned Lark,0.0118,D:/AcousticMonitoringData/ELDON2_Data/Week16\ELDON2_20250426_052100.wav,20250426
1029,1032,Eremophila alpestris,Horned Lark,0.0155,D:/AcousticMonitoringData/ELDON2_Data/Week16\ELDON2_20250426_052100.wav,20250426
1032,1035,Eremophila alpestris,Horned Lark,0.045,D:/AcousticMonitoringData/ELDON2_Data/Week16\ELDON2_20250426_052100.wav,20250426
1032,1035,Sturnella magna,Eastern Meadowlark,0.0126,D:/AcousticMonitoringData/ELDON2_Data/Week16\ELDON2_20250426_052100.wav,20250426
1035,1038,Eremophila alpestris,Horned Lark,0.0168,D:/AcousticMonitoringData/ELDON2_Data/Week16\ELDON2_20250426_052100.wav,20250426
1035,1038,Sturnella magna,Eastern Meadowlark,0.0102,D:/AcousticMonitoringData/ELDON2_Data/Week16\ELDON2_20250426_052100.wav,20250426
1038,1041,Eremophila alpestris,Horned Lark,0.0194,D:/AcousticMonitoringData/ELDON2_Data/Week16\ELDON2_20250426_052100.wav,20250426
1041,1044,Sturnella magna,Eastern Meadowlark,0.0116,D:/AcousticMonitoringData/ELDON2_Data/Week16\ELDON2_20250426_052100.wav,20250426
1047,1050,Eremophila alpestris,Horned Lark,0.0167,D:/AcousticMonitoringData/ELDON2_Data/Week16\ELDON2_20250426_052100.wav,20250426
1047,1050,Sturnella magna,Eastern Meadowlark,0.0116,D:/AcousticMonitoringData/ELDON2_Data/Week16\ELDON2_20250426_052100.wav,20250426
1053,1056,Sturnella magna,Eastern Meadowlark,0.0105,D:/AcousticMonitoringData/ELDON2_Data/Week16\ELDON2_20250426_052100.wav,20250426
1065,1068,Bartramia longicauda,Upland Sandpiper,0.0416,D:/AcousticMonitoringData/ELDON2_Data/Week16\ELDON2_20250426_052100.wav,20250426
1065,1068,Sturnella magna,Eastern Meadowlark,0.0197,D:/AcousticMonitoringData/ELDON2_Data/Week16\ELDON2_20250426_052100.wav,20250426
1065,1068,Eremophila alpestris,Horned Lark,0.0158,D:/AcousticMonitoringData/ELDON2_Data/Week16\ELDON2_20250426_052100.wav,20250426
1071,1074,Sturnella magna,Eastern Meadowlark,0.018,D:/AcousticMonitoringData/ELDON2_Data/Week16\ELDON2_20250426_052100.wav,20250426
1080,1083,Sturnella magna,Eastern Meadowlark,0.0183,D:/AcousticMonitoringData/ELDON2_Data/Week16\ELDON2_20250426_052100.wav,20250426
1080,1083,Eremophila alpestris,Horned Lark,0.0111,D:/AcousticMonitoringData/ELDON2_Data/Week16\ELDON2_20250426_052100.wav,20250426
1080,1083,Bartramia longicauda,Upland Sandpiper,0.0103,D:/AcousticMonitoringData/ELDON2_Data/Week16\ELDON2_20250426_052100.wav,20250426
1083,1086,Eremophila alpestris,Horned Lark,0.018,D:/AcousticMonitoringData/ELDON2_Data/Week16\ELDON2_20250426_052100.wav,20250426
1086,1089,Eremophila alpestris,Horned Lark,0.0198,D:/AcousticMonitoringData/ELDON2_Data/Week16\ELDON2_20250426_052100.wav,20250426
1089,1092,Sturnella magna,Eastern Meadowlark,0.0109,D:/AcousticMonitoringData/ELDON2_Data/Week16\ELDON2_20250426_052100.wav,20250426
1098,1101,Eremophila alpestris,Horned Lark,0.0546,D:/AcousticMonitoringData/ELDON2_Data/Week16\ELDON2_20250426_052100.wav,20250426
1101,1104,Eremophila alpestris,Horned Lark,0.0852,D:/AcousticMonitoringData/ELDON2_Data/Week16\ELDON2_20250426_052100.wav,20250426
1104,1107,Eremophila alpestris,Horned Lark,0.0587,D:/AcousticMonitoringData/ELDON2_Data/Week16\ELDON2_20250426_052100.wav,20250426
1107,1110,Eremophila alpestris,Horned Lark,0.0832,D:/AcousticMonitoringData/ELDON2_Data/Week16\ELDON2_20250426_052100.wav,20250426
1122,1125,Eremophila alpestris,Horned Lark,0.0317,D:/AcousticMonitoringData/ELDON2_Data/Week16\ELDON2_20250426_052100.wav,20250426
1122,1125,Sturnella magna,Eastern Meadowlark,0.0188,D:/AcousticMonitoringData/ELDON2_Data/Week16\ELDON2_20250426_052100.wav,20250426
1125,1128,Eremophila alpestris,Horned Lark,0.0116,D:/AcousticMonitoringData/ELDON2_Data/Week16\ELDON2_20250426_052100.wav,20250426
1128,1131,Sturnella magna,Eastern Meadowlark,0.01,D:/AcousticMonitoringData/ELDON2_Data/Week16\ELDON2_20250426_052100.wav,20250426
1134,1137,Sturnella magna,Eastern Meadowlark,0.0131,D:/AcousticMonitoringData/ELDON2_Data/Week16\ELDON2_20250426_052100.wav,20250426
1143,1146,Sturnella magna,Eastern Meadowlark,0.0106,D:/AcousticMonitoringData/ELDON2_Data/Week16\ELDON2_20250426_052100.wav,20250426
1149,1152,Eremophila alpestris,Horned Lark,0.0137,D:/AcousticMonitoringData/ELDON2_Data/Week16\ELDON2_20250426_052100.wav,20250426
1152,1155,Sturnella magna,Eastern Meadowlark,0.01,D:/AcousticMonitoringData/ELDON2_Data/Week16\ELDON2_20250426_052100.wav,20250426
1155,1158,Eremophila alpestris,Horned Lark,0.0218,D:/AcousticMonitoringData/ELDON2_Data/Week16\ELDON2_20250426_052100.wav,20250426
1158,1161,Eremophila alpestris,Horned Lark,0.0179,D:/AcousticMonitoringData/ELDON2_Data/Week16\ELDON2_20250426_052100.wav,20250426
1161,1164,Eremophila alpestris,Horned Lark,0.0157,D:/AcousticMonitoringData/ELDON2_Data/Week16\ELDON2_20250426_052100.wav,20250426
1176,1179,Sturnella magna,Eastern Meadowlark,0.013,D:/AcousticMonitoringData/ELDON2_Data/Week16\ELDON2_20250426_052100.wav,20250426
1200,1203,Eremophila alpestris,Horned Lark,0.0456,D:/AcousticMonitoringData/ELDON2_Data/Week16\ELDON2_20250426_052100.wav,20250426
1203,1206,Bartramia longicauda,Upland Sandpiper,0.0121,D:/AcousticMonitoringData/ELDON2_Data/Week16\ELDON2_20250426_052100.wav,20250426
1206,1209,Bartramia longicauda,Upland Sandpiper,0.0162,D:/AcousticMonitoringData/ELDON2_Data/Week16\ELDON2_20250426_052100.wav,20250426
1206,1209,Sturnella magna,Eastern Meadowlark,0.0156,D:/AcousticMonitoringData/ELDON2_Data/Week16\ELDON2_20250426_052100.wav,20250426
1215,1218,Sturnella magna,Eastern Meadowlark,0.0322,D:/AcousticMonitoringData/ELDON2_Data/Week16\ELDON2_20250426_052100.wav,20250426
1215,1218,Eremophila alpestris,Horned Lark,0.0244,D:/AcousticMonitoringData/ELDON2_Data/Week16\ELDON2_20250426_052100.wav,20250426
1218,1221,Sturnella magna,Eastern Meadowlark,0.0133,D:/AcousticMonitoringData/ELDON2_Data/Week16\ELDON2_20250426_052100.wav,20250426
1221,1224,Sturnella magna,Eastern Meadowlark,0.0192,D:/AcousticMonitoringData/ELDON2_Data/Week16\ELDON2_20250426_052100.wav,20250426
1236,1239,Sturnella magna,Eastern Meadowlark,0.0154,D:/AcousticMonitoringData/ELDON2_Data/Week16\ELDON2_20250426_052100.wav,20250426
1236,1239,Bartramia longicauda,Upland Sandpiper,0.0106,D:/AcousticMonitoringData/ELDON2_Data/Week16\ELDON2_20250426_052100.wav,20250426
1236,1239,Passerina caerulea,Blue Grosbeak,0.0104,D:/AcousticMonitoringData/ELDON2_Data/Week16\ELDON2_20250426_052100.wav,20250426
1248,1251,Eremophila alpestris,Horned Lark,0.0171,D:/AcousticMonitoringData/ELDON2_Data/Week16\ELDON2_20250426_052100.wav,20250426
1251,1254,Eremophila alpestris,Horned Lark,0.0114,D:/AcousticMonitoringData/ELDON2_Data/Week16\ELDON2_20250426_052100.wav,20250426
1254,1257,Eremophila alpestris,Horned Lark,0.08,D:/AcousticMonitoringData/ELDON2_Data/Week16\ELDON2_20250426_052100.wav,20250426
1257,1260,Eremophila alpestris,Horned Lark,0.025,D:/AcousticMonitoringData/ELDON2_Data/Week16\ELDON2_20250426_052100.wav,20250426
1260,1263,Eremophila alpestris,Horned Lark,0.0275,D:/AcousticMonitoringData/ELDON2_Data/Week16\ELDON2_20250426_052100.wav,20250426
1272,1275,Passerina caerulea,Blue Grosbeak,0.0111,D:/AcousticMonitoringData/ELDON2_Data/Week16\ELDON2_20250426_052100.wav,20250426
1284,1287,Sturnella magna,Eastern Meadowlark,0.0103,D:/AcousticMonitoringData/ELDON2_Data/Week16\ELDON2_20250426_052100.wav,20250426
1311,1314,Bartramia longicauda,Upland Sandpiper,0.0311,D:/AcousticMonitoringData/ELDON2_Data/Week16\ELDON2_20250426_052100.wav,20250426
1320,1323,Sturnella magna,Eastern Meadowlark,0.0107,D:/AcousticMonitoringData/ELDON2_Data/Week16\ELDON2_20250426_052100.wav,20250426
1344,1347,Eremophila alpestris,Horned Lark,0.0627,D:/AcousticMonitoringData/ELDON2_Data/Week16\ELDON2_20250426_052100.wav,20250426
1356,1359,Sturnella magna,Eastern Meadowlark,0.0316,D:/AcousticMonitoringData/ELDON2_Data/Week16\ELDON2_20250426_052100.wav,20250426
1356,1359,Bartramia longicauda,Upland Sandpiper,0.0171,D:/AcousticMonitoringData/ELDON2_Data/Week16\ELDON2_20250426_052100.wav,20250426
1365,1368,Eremophila alpestris,Horned Lark,0.022,D:/AcousticMonitoringData/ELDON2_Data/Week16\ELDON2_20250426_052100.wav,20250426
1365,1368,Bartramia longicauda,Upland Sandpiper,0.0117,D:/AcousticMonitoringData/ELDON2_Data/Week16\ELDON2_20250426_052100.wav,20250426
1368,1371,Sturnella magna,Eastern Meadowlark,0.1229,D:/AcousticMonitoringData/ELDON2_Data/Week16\ELDON2_20250426_052100.wav,20250426
1368,1371,Bartramia longicauda,Upland Sandpiper,0.0103,D:/AcousticMonitoringData/ELDON2_Data/Week16\ELDON2_20250426_052100.wav,20250426
1395,1398,Eremophila alpestris,Horned Lark,0.0154,D:/AcousticMonitoringData/ELDON2_Data/Week16\ELDON2_20250426_052100.wav,20250426
1398,1401,Eremophila alpestris,Horned Lark,0.0159,D:/AcousticMonitoringData/ELDON2_Data/Week16\ELDON2_20250426_052100.wav,20250426
1410,1413,Sturnella magna,Eastern Meadowlark,0.0122,D:/AcousticMonitoringData/ELDON2_Data/Week16\ELDON2_20250426_052100.wav,20250426
1416,1419,Eremophila alpestris,Horned Lark,0.0126,D:/AcousticMonitoringData/ELDON2_Data/Week16\ELDON2_20250426_052100.wav,20250426
1419,1422,Sturnella magna,Eastern Meadowlark,0.0149,D:/AcousticMonitoringData/ELDON2_Data/Week16\ELDON2_20250426_052100.wav,20250426
1425,1428,Sturnella magna,Eastern Meadowlark,0.0161,D:/AcousticMonitoringData/ELDON2_Data/Week16\ELDON2_20250426_052100.wav,20250426
1431,1434,Sturnella magna,Eastern Meadowlark,0.0121,D:/AcousticMonitoringData/ELDON2_Data/Week16\ELDON2_20250426_052100.wav,20250426
1440,1443,Sturnella magna,Eastern Meadowlark,0.0122,D:/AcousticMonitoringData/ELDON2_Data/Week16\ELDON2_20250426_052100.wav,20250426
1458,1461,Sturnella magna,Eastern Meadowlark,0.0185,D:/AcousticMonitoringData/ELDON2_Data/Week16\ELDON2_20250426_052100.wav,20250426
1461,1464,Sturnella magna,Eastern Meadowlark,0.0195,D:/AcousticMonitoringData/ELDON2_Data/Week16\ELDON2_20250426_052100.wav,20250426
1464,1467,Sturnella magna,Eastern Meadowlark,0.0169,D:/AcousticMonitoringData/ELDON2_Data/Week16\ELDON2_20250426_052100.wav,20250426
1470,1473,Passerina caerulea,Blue Grosbeak,0.0183,D:/AcousticMonitoringData/ELDON2_Data/Week16\ELDON2_20250426_052100.wav,20250426
1470,1473,Sturnella magna,Eastern Meadowlark,0.012,D:/AcousticMonitoringData/ELDON2_Data/Week16\ELDON2_20250426_052100.wav,20250426
1479,1482,Sturnella magna,Eastern Meadowlark,0.0128,D:/AcousticMonitoringData/ELDON2_Data/Week16\ELDON2_20250426_052100.wav,20250426
1506,1509,Sturnella magna,Eastern Meadowlark,0.0118,D:/AcousticMonitoringData/ELDON2_Data/Week16\ELDON2_20250426_052100.wav,20250426
1527,1530,Sturnella magna,Eastern Meadowlark,0.0121,D:/AcousticMonitoringData/ELDON2_Data/Week16\ELDON2_20250426_052100.wav,20250426
1530,1533,Sturnella magna,Eastern Meadowlark,0.0105,D:/AcousticMonitoringData/ELDON2_Data/Week16\ELDON2_20250426_052100.wav,20250426
1533,1536,Eremophila alpestris,Horned Lark,0.0242,D:/AcousticMonitoringData/ELDON2_Data/Week16\ELDON2_20250426_052100.wav,20250426
1539,1542,Sturnella magna,Eastern Meadowlark,0.0112,D:/AcousticMonitoringData/ELDON2_Data/Week16\ELDON2_20250426_052100.wav,20250426
1557,1560,Eremophila alpestris,Horned Lark,0.032,D:/AcousticMonitoringData/ELDON2_Data/Week16\ELDON2_20250426_052100.wav,20250426
1563,1566,Sturnella magna,Eastern Meadowlark,0.011,D:/AcousticMonitoringData/ELDON2_Data/Week16\ELDON2_20250426_052100.wav,20250426
1575,1578,Sturnella magna,Eastern Meadowlark,0.0159,D:/AcousticMonitoringData/ELDON2_Data/Week16\ELDON2_20250426_052100.wav,20250426
1575,1578,Eremophila alpestris,Horned Lark,0.0154,D:/AcousticMonitoringData/ELDON2_Data/Week16\ELDON2_20250426_052100.wav,20250426
1575,1578,Passerina caerulea,Blue Grosbeak,0.0105,D:/AcousticMonitoringData/ELDON2_Data/Week16\ELDON2_20250426_052100.wav,20250426
1590,1593,Sturnella magna,Eastern Meadowlark,0.02,D:/AcousticMonitoringData/ELDON2_Data/Week16\ELDON2_20250426_052100.wav,20250426
1590,1593,Passerina caerulea,Blue Grosbeak,0.0142,D:/AcousticMonitoringData/ELDON2_Data/Week16\ELDON2_20250426_052100.wav,20250426
1599,1602,Sturnella magna,Eastern Meadowlark,0.9427,D:/AcousticMonitoringData/ELDON2_Data/Week16\ELDON2_20250426_052100.wav,20250426
1608,1611,Sturnella magna,Eastern Meadowlark,0.0328,D:/AcousticMonitoringData/ELDON2_Data/Week16\ELDON2_20250426_052100.wav,20250426
1611,1614,Sturnella magna,Eastern Meadowlark,0.0125,D:/AcousticMonitoringData/ELDON2_Data/Week16\ELDON2_20250426_052100.wav,20250426
1614,1617,Sturnella magna,Eastern Meadowlark,0.0139,D:/AcousticMonitoringData/ELDON2_Data/Week16\ELDON2_20250426_052100.wav,20250426
1617,1620,Sturnella magna,Eastern Meadowlark,0.0145,D:/AcousticMonitoringData/ELDON2_Data/Week16\ELDON2_20250426_052100.wav,20250426
1617,1620,Passerina caerulea,Blue Grosbeak,0.0138,D:/AcousticMonitoringData/ELDON2_Data/Week16\ELDON2_20250426_052100.wav,20250426
1620,1623,Sturnella magna,Eastern Meadowlark,0.017,D:/AcousticMonitoringData/ELDON2_Data/Week16\ELDON2_20250426_052100.wav,20250426
1623,1626,Sturnella magna,Eastern Meadowlark,0.0146,D:/AcousticMonitoringData/ELDON2_Data/Week16\ELDON2_20250426_052100.wav,20250426
1623,1626,Eremophila alpestris,Horned Lark,0.0131,D:/AcousticMonitoringData/ELDON2_Data/Week16\ELDON2_20250426_052100.wav,20250426
1626,1629,Sturnella magna,Eastern Meadowlark,0.5317,D:/AcousticMonitoringData/ELDON2_Data/Week16\ELDON2_20250426_052100.wav,20250426
1626,1629,Bartramia longicauda,Upland Sandpiper,0.0176,D:/AcousticMonitoringData/ELDON2_Data/Week16\ELDON2_20250426_052100.wav,20250426
1629,1632,Sturnella magna,Eastern Meadowlark,0.0897,D:/AcousticMonitoringData/ELDON2_Data/Week16\ELDON2_20250426_052100.wav,20250426
1629,1632,Passerina caerulea,Blue Grosbeak,0.0168,D:/AcousticMonitoringData/ELDON2_Data/Week16\ELDON2_20250426_052100.wav,20250426
1629,1632,Eremophila alpestris,Horned Lark,0.0143,D:/AcousticMonitoringData/ELDON2_Data/Week16\ELDON2_20250426_052100.wav,20250426
1632,1635,Sturnella magna,Eastern Meadowlark,0.1304,D:/AcousticMonitoringData/ELDON2_Data/Week16\ELDON2_20250426_052100.wav,20250426
1635,1638,Sturnella magna,Eastern Meadowlark,0.4226,D:/AcousticMonitoringData/ELDON2_Data/Week16\ELDON2_20250426_052100.wav,20250426
1635,1638,Spizella pusilla,Field Sparrow,0.0289,D:/AcousticMonitoringData/ELDON2_Data/Week16\ELDON2_20250426_052100.wav,20250426
1638,1641,Sturnella magna,Eastern Meadowlark,0.0818,D:/AcousticMonitoringData/ELDON2_Data/Week16\ELDON2_20250426_052100.wav,20250426
1641,1644,Sturnella magna,Eastern Meadowlark,0.0369,D:/AcousticMonitoringData/ELDON2_Data/Week16\ELDON2_20250426_052100.wav,20250426
1644,1647,Sturnella magna,Eastern Meadowlark,0.2428,D:/AcousticMonitoringData/ELDON2_Data/Week16\ELDON2_20250426_052100.wav,20250426
1647,1650,Sturnella magna,Eastern Meadowlark,0.0798,D:/AcousticMonitoringData/ELDON2_Data/Week16\ELDON2_20250426_052100.wav,20250426
1650,1653,Sturnella magna,Eastern Meadowlark,0.0227,D:/AcousticMonitoringData/ELDON2_Data/Week16\ELDON2_20250426_052100.wav,20250426
1653,1656,Passerina caerulea,Blue Grosbeak,0.0182,D:/AcousticMonitoringData/ELDON2_Data/Week16\ELDON2_20250426_052100.wav,20250426
1653,1656,Sturnella magna,Eastern Meadowlark,0.0148,D:/AcousticMonitoringData/ELDON2_Data/Week16\ELDON2_20250426_052100.wav,20250426
1656,1659,Sturnella magna,Eastern Meadowlark,0.0117,D:/AcousticMonitoringData/ELDON2_Data/Week16\ELDON2_20250426_052100.wav,20250426
1662,1665,Sturnella magna,Eastern Meadowlark,0.0576,D:/AcousticMonitoringData/ELDON2_Data/Week16\ELDON2_20250426_052100.wav,20250426
1665,1668,Sturnella magna,Eastern Meadowlark,0.098,D:/AcousticMonitoringData/ELDON2_Data/Week16\ELDON2_20250426_052100.wav,20250426
1674,1677,Sturnella magna,Eastern Meadowlark,0.0639,D:/AcousticMonitoringData/ELDON2_Data/Week16\ELDON2_20250426_052100.wav,20250426
1677,1680,Sturnella magna,Eastern Meadowlark,0.0204,D:/AcousticMonitoringData/ELDON2_Data/Week16\ELDON2_20250426_052100.wav,20250426
1677,1680,Spizella pusilla,Field Sparrow,0.0132,D:/AcousticMonitoringData/ELDON2_Data/Week16\ELDON2_20250426_052100.wav,20250426
1680,1683,Sturnella magna,Eastern Meadowlark,0.0107,D:/AcousticMonitoringData/ELDON2_Data/Week16\ELDON2_20250426_052100.wav,20250426
1683,1686,Sturnella magna,Eastern Meadowlark,0.0248,D:/AcousticMonitoringData/ELDON2_Data/Week16\ELDON2_20250426_052100.wav,20250426
1686,1689,Bartramia longicauda,Upland Sandpiper,0.0242,D:/AcousticMonitoringData/ELDON2_Data/Week16\ELDON2_20250426_052100.wav,20250426
1692,1695,Sturnella magna,Eastern Meadowlark,0.1652,D:/AcousticMonitoringData/ELDON2_Data/Week16\ELDON2_20250426_052100.wav,20250426
1692,1695,Spizella pusilla,Field Sparrow,0.0308,D:/AcousticMonitoringData/ELDON2_Data/Week16\ELDON2_20250426_052100.wav,20250426
1692,1695,Eremophila alpestris,Horned Lark,0.0171,D:/AcousticMonitoringData/ELDON2_Data/Week16\ELDON2_20250426_052100.wav,20250426
1695,1698,Sturnella magna,Eastern Meadowlark,0.4253,D:/AcousticMonitoringData/ELDON2_Data/Week16\ELDON2_20250426_052100.wav,20250426
1701,1704,Sturnella magna,Eastern Meadowlark,0.0357,D:/AcousticMonitoringData/ELDON2_Data/Week16\ELDON2_20250426_052100.wav,20250426
1701,1704,Spizella pusilla,Field Sparrow,0.0185,D:/AcousticMonitoringData/ELDON2_Data/Week16\ELDON2_20250426_052100.wav,20250426
1704,1707,Sturnella magna,Eastern Meadowlark,0.0119,D:/AcousticMonitoringData/ELDON2_Data/Week16\ELDON2_20250426_052100.wav,20250426
1707,1710,Sturnella magna,Eastern Meadowlark,0.0657,D:/AcousticMonitoringData/ELDON2_Data/Week16\ELDON2_20250426_052100.wav,20250426
1713,1716,Sturnella magna,Eastern Meadowlark,0.0136,D:/AcousticMonitoringData/ELDON2_Data/Week16\ELDON2_20250426_052100.wav,20250426
1713,1716,Bartramia longicauda,Upland Sandpiper,0.0124,D:/AcousticMonitoringData/ELDON2_Data/Week16\ELDON2_20250426_052100.wav,20250426
1719,1722,Eremophila alpestris,Horned Lark,0.0126,D:/AcousticMonitoringData/ELDON2_Data/Week16\ELDON2_20250426_052100.wav,20250426
1725,1728,Sturnella magna,Eastern Meadowlark,0.028,D:/AcousticMonitoringData/ELDON2_Data/Week16\ELDON2_20250426_052100.wav,20250426
1725,1728,Eremophila alpestris,Horned Lark,0.0123,D:/AcousticMonitoringData/ELDON2_Data/Week16\ELDON2_20250426_052100.wav,20250426
1728,1731,Eremophila alpestris,Horned Lark,0.0111,D:/AcousticMonitoringData/ELDON2_Data/Week16\ELDON2_20250426_052100.wav,20250426
1731,1734,Sturnella magna,Eastern Meadowlark,0.0242,D:/AcousticMonitoringData/ELDON2_Data/Week16\ELDON2_20250426_052100.wav,20250426
1737,1740,Sturnella magna,Eastern Meadowlark,0.0624,D:/AcousticMonitoringData/ELDON2_Data/Week16\ELDON2_20250426_052100.wav,20250426
1737,1740,Eremophila alpestris,Horned Lark,0.018,D:/AcousticMonitoringData/ELDON2_Data/Week16\ELDON2_20250426_052100.wav,20250426
1737,1740,Spizella pusilla,Field Sparrow,0.0134,D:/AcousticMonitoringData/ELDON2_Data/Week16\ELDON2_20250426_052100.wav,20250426
1740,1743,Sturnella magna,Eastern Meadowlark,0.0116,D:/AcousticMonitoringData/ELDON2_Data/Week16\ELDON2_20250426_052100.wav,20250426
1743,1746,Sturnella magna,Eastern Meadowlark,0.0289,D:/AcousticMonitoringData/ELDON2_Data/Week16\ELDON2_20250426_052100.wav,20250426
1749,1752,Sturnella magna,Eastern Meadowlark,0.0283,D:/AcousticMonitoringData/ELDON2_Data/Week16\ELDON2_20250426_052100.wav,20250426
1749,1752,Spizella pusilla,Field Sparrow,0.0126,D:/AcousticMonitoringData/ELDON2_Data/Week16\ELDON2_20250426_052100.wav,20250426
1749,1752,Passerina caerulea,Blue Grosbeak,0.0106,D:/AcousticMonitoringData/ELDON2_Data/Week16\ELDON2_20250426_052100.wav,20250426
1752,1755,Sturnella magna,Eastern Meadowlark,0.0259,D:/AcousticMonitoringData/ELDON2_Data/Week16\ELDON2_20250426_052100.wav,20250426
1752,1755,Spizella pusilla,Field Sparrow,0.0239,D:/AcousticMonitoringData/ELDON2_Data/Week16\ELDON2_20250426_052100.wav,20250426
1758,1761,Sturnella magna,Eastern Meadowlark,0.0105,D:/AcousticMonitoringData/ELDON2_Data/Week16\ELDON2_20250426_052100.wav,20250426
1761,1764,Eremophila alpestris,Horned Lark,0.0163,D:/AcousticMonitoringData/ELDON2_Data/Week16\ELDON2_20250426_052100.wav,20250426
1761,1764,Sturnella magna,Eastern Meadowlark,0.0103,D:/AcousticMonitoringData/ELDON2_Data/Week16\ELDON2_20250426_052100.wav,20250426
1764,1767,Sturnella magna,Eastern Meadowlark,0.0171,D:/AcousticMonitoringData/ELDON2_Data/Week16\ELDON2_20250426_052100.wav,20250426
1764,1767,Passerina caerulea,Blue Grosbeak,0.0156,D:/AcousticMonitoringData/ELDON2_Data/Week16\ELDON2_20250426_052100.wav,20250426
1767,1770,Sturnella magna,Eastern Meadowlark,0.0138,D:/AcousticMonitoringData/ELDON2_Data/Week16\ELDON2_20250426_052100.wav,20250426
1770,1773,Sturnella magna,Eastern Meadowlark,0.0409,D:/AcousticMonitoringData/ELDON2_Data/Week16\ELDON2_20250426_052100.wav,20250426
1770,1773,Passerina caerulea,Blue Grosbeak,0.0269,D:/AcousticMonitoringData/ELDON2_Data/Week16\ELDON2_20250426_052100.wav,20250426
1770,1773,Spizella pusilla,Field Sparrow,0.0143,D:/AcousticMonitoringData/ELDON2_Data/Week16\ELDON2_20250426_052100.wav,20250426
1770,1773,Eremophila alpestris,Horned Lark,0.0115,D:/AcousticMonitoringData/ELDON2_Data/Week16\ELDON2_20250426_052100.wav,20250426
1776,1779,Sturnella magna,Eastern Meadowlark,0.012,D:/AcousticMonitoringData/ELDON2_Data/Week16\ELDON2_20250426_052100.wav,20250426
1785,1788,Spizella pusilla,Field Sparrow,0.019,D:/AcousticMonitoringData/ELDON2_Data/Week16\ELDON2_20250426_052100.wav,20250426
1785,1788,Sturnella magna,Eastern Meadowlark,0.0179,D:/AcousticMonitoringData/ELDON2_Data/Week16\ELDON2_20250426_052100.wav,20250426
1785,1788,Bartramia longicauda,Upland Sandpiper,0.0114,D:/AcousticMonitoringData/ELDON2_Data/Week16\ELDON2_20250426_052100.wav,20250426
1785,1788,Eremophila alpestris,Horned Lark,0.011,D:/AcousticMonitoringData/ELDON2_Data/Week16\ELDON2_20250426_052100.wav,20250426
1791,1794,Sturnella magna,Eastern Meadowlark,0.0139,D:/AcousticMonitoringData/ELDON2_Data/Week16\ELDON2_20250426_052100.wav,20250426
1794,1797,Sturnella magna,Eastern Meadowlark,0.0106,D:/AcousticMonitoringData/ELDON2_Data/Week16\ELDON2_20250426_052100.wav,20250426
1797,1800,Sturnella magna,Eastern Meadowlark,0.0157,D:/AcousticMonitoringData/ELDON2_Data/Week16\ELDON2_20250426_052100.wav,20250426
1806,1809,Sturnella magna,Eastern Meadowlark,0.0144,D:/AcousticMonitoringData/ELDON2_Data/Week16\ELDON2_20250426_052100.wav,20250426
1809,1812,Sturnella magna,Eastern Meadowlark,0.0136,D:/AcousticMonitoringData/ELDON2_Data/Week16\ELDON2_20250426_052100.wav,20250426
1812,1815,Sturnella magna,Eastern Meadowlark,0.0121,D:/AcousticMonitoringData/ELDON2_Data/Week16\ELDON2_20250426_052100.wav,20250426
1815,1818,Sturnella magna,Eastern Meadowlark,0.015,D:/AcousticMonitoringData/ELDON2_Data/Week16\ELDON2_20250426_052100.wav,20250426
1818,1821,Eremophila alpestris,Horned Lark,0.0125,D:/AcousticMonitoringData/ELDON2_Data/Week16\ELDON2_20250426_052100.wav,20250426
1824,1827,Eremophila alpestris,Horned Lark,0.0167,D:/AcousticMonitoringData/ELDON2_Data/Week16\ELDON2_20250426_052100.wav,20250426
1827,1830,Sturnella magna,Eastern Meadowlark,0.0138,D:/AcousticMonitoringData/ELDON2_Data/Week16\ELDON2_20250426_052100.wav,20250426
1833,1836,Sturnella magna,Eastern Meadowlark,0.0104,D:/AcousticMonitoringData/ELDON2_Data/Week16\ELDON2_20250426_052100.wav,20250426
1839,1842,Sturnella magna,Eastern Meadowlark,0.0103,D:/AcousticMonitoringData/ELDON2_Data/Week16\ELDON2_20250426_052100.wav,20250426
1842,1845,Sturnella magna,Eastern Meadowlark,0.0106,D:/AcousticMonitoringData/ELDON2_Data/Week16\ELDON2_20250426_052100.wav,20250426
1848,1851,Eremophila alpestris,Horned Lark,0.0108,D:/AcousticMonitoringData/ELDON2_Data/Week16\ELDON2_20250426_052100.wav,20250426
1854,1857,Sturnella magna,Eastern Meadowlark,0.0107,D:/AcousticMonitoringData/ELDON2_Data/Week16\ELDON2_20250426_052100.wav,20250426
1860,1863,Spizella pusilla,Field Sparrow,0.0731,D:/AcousticMonitoringData/ELDON2_Data/Week16\ELDON2_20250426_052100.wav,20250426
1860,1863,Sturnella magna,Eastern Meadowlark,0.0107,D:/AcousticMonitoringData/ELDON2_Data/Week16\ELDON2_20250426_052100.wav,20250426
1866,1869,Sturnella magna,Eastern Meadowlark,0.0156,D:/AcousticMonitoringData/ELDON2_Data/Week16\ELDON2_20250426_052100.wav,20250426
1869,1872,Sturnella magna,Eastern Meadowlark,0.0126,D:/AcousticMonitoringData/ELDON2_Data/Week16\ELDON2_20250426_052100.wav,20250426
1869,1872,Eremophila alpestris,Horned Lark,0.0122,D:/AcousticMonitoringData/ELDON2_Data/Week16\ELDON2_20250426_052100.wav,20250426
1872,1875,Sturnella magna,Eastern Meadowlark,0.0178,D:/AcousticMonitoringData/ELDON2_Data/Week16\ELDON2_20250426_052100.wav,20250426
1872,1875,Bartramia longicauda,Upland Sandpiper,0.0157,D:/AcousticMonitoringData/ELDON2_Data/Week16\ELDON2_20250426_052100.wav,20250426
1875,1878,Bartramia longicauda,Upland Sandpiper,0.0104,D:/AcousticMonitoringData/ELDON2_Data/Week16\ELDON2_20250426_052100.wav,20250426
1893,1896,Eremophila alpestris,Horned Lark,0.0332,D:/AcousticMonitoringData/ELDON2_Data/Week16\ELDON2_20250426_052100.wav,20250426
1899,1902,Eremophila alpestris,Horned Lark,0.0141,D:/AcousticMonitoringData/ELDON2_Data/Week16\ELDON2_20250426_052100.wav,20250426
1908,1911,Sturnella magna,Eastern Meadowlark,0.0157,D:/AcousticMonitoringData/ELDON2_Data/Week16\ELDON2_20250426_052100.wav,20250426
1911,1914,Sturnella magna,Eastern Meadowlark,0.0115,D:/AcousticMonitoringData/ELDON2_Data/Week16\ELDON2_20250426_052100.wav,20250426
1914,1917,Sturnella magna,Eastern Meadowlark,0.0134,D:/AcousticMonitoringData/ELDON2_Data/Week16\ELDON2_20250426_052100.wav,20250426
1914,1917,Passerina caerulea,Blue Grosbeak,0.0124,D:/AcousticMonitoringData/ELDON2_Data/Week16\ELDON2_20250426_052100.wav,20250426
1914,1917,Spizella pusilla,Field Sparrow,0.0111,D:/AcousticMonitoringData/ELDON2_Data/Week16\ELDON2_20250426_052100.wav,20250426
1917,1920,Sturnella magna,Eastern Meadowlark,0.0176,D:/AcousticMonitoringData/ELDON2_Data/Week16\ELDON2_20250426_052100.wav,20250426
1917,1920,Bartramia longicauda,Upland Sandpiper,0.0105,D:/AcousticMonitoringData/ELDON2_Data/Week16\ELDON2_20250426_052100.wav,20250426
1920,1923,Sturnella magna,Eastern Meadowlark,0.0175,D:/AcousticMonitoringData/ELDON2_Data/Week16\ELDON2_20250426_052100.wav,20250426
1923,1926,Sturnella magna,Eastern Meadowlark,0.046,D:/AcousticMonitoringData/ELDON2_Data/Week16\ELDON2_20250426_052100.wav,20250426
1923,1926,Eremophila alpestris,Horned Lark,0.0172,D:/AcousticMonitoringData/ELDON2_Data/Week16\ELDON2_20250426_052100.wav,20250426
1926,1929,Sturnella magna,Eastern Meadowlark,0.0121,D:/AcousticMonitoringData/ELDON2_Data/Week16\ELDON2_20250426_052100.wav,20250426
1932,1935,Sturnella magna,Eastern Meadowlark,0.0752,D:/AcousticMonitoringData/ELDON2_Data/Week16\ELDON2_20250426_052100.wav,20250426
1932,1935,Eremophila alpestris,Horned Lark,0.0318,D:/AcousticMonitoringData/ELDON2_Data/Week16\ELDON2_20250426_052100.wav,20250426
1935,1938,Sturnella magna,Eastern Meadowlark,0.1495,D:/AcousticMonitoringData/ELDON2_Data/Week16\ELDON2_20250426_052100.wav,20250426
1935,1938,Spizella pusilla,Field Sparrow,0.0136,D:/AcousticMonitoringData/ELDON2_Data/Week16\ELDON2_20250426_052100.wav,20250426
1935,1938,Bartramia longicauda,Upland Sandpiper,0.0133,D:/AcousticMonitoringData/ELDON2_Data/Week16\ELDON2_20250426_052100.wav,20250426
1938,1941,Sturnella magna,Eastern Meadowlark,0.0152,D:/AcousticMonitoringData/ELDON2_Data/Week16\ELDON2_20250426_052100.wav,20250426
1944,1947,Sturnella magna,Eastern Meadowlark,0.02,D:/AcousticMonitoringData/ELDON2_Data/Week16\ELDON2_20250426_052100.wav,20250426
1944,1947,Spizella pusilla,Field Sparrow,0.0188,D:/AcousticMonitoringData/ELDON2_Data/Week16\ELDON2_20250426_052100.wav,20250426
1944,1947,Passerina caerulea,Blue Grosbeak,0.0146,D:/AcousticMonitoringData/ELDON2_Data/Week16\ELDON2_20250426_052100.wav,20250426
1947,1950,Sturnella magna,Eastern Meadowlark,0.7692,D:/AcousticMonitoringData/ELDON2_Data/Week16\ELDON2_20250426_052100.wav,20250426
1947,1950,Bartramia longicauda,Upland Sandpiper,0.0128,D:/AcousticMonitoringData/ELDON2_Data/Week16\ELDON2_20250426_052100.wav,20250426
1950,1953,Sturnella magna,Eastern Meadowlark,0.0217,D:/AcousticMonitoringData/ELDON2_Data/Week16\ELDON2_20250426_052100.wav,20250426
1950,1953,Eremophila alpestris,Horned Lark,0.0105,D:/AcousticMonitoringData/ELDON2_Data/Week16\ELDON2_20250426_052100.wav,20250426
1953,1956,Sturnella magna,Eastern Meadowlark,0.1246,D:/AcousticMonitoringData/ELDON2_Data/Week16\ELDON2_20250426_052100.wav,20250426
1953,1956,Passerina caerulea,Blue Grosbeak,0.0134,D:/AcousticMonitoringData/ELDON2_Data/Week16\ELDON2_20250426_052100.wav,20250426
1956,1959,Sturnella magna,Eastern Meadowlark,0.0341,D:/AcousticMonitoringData/ELDON2_Data/Week16\ELDON2_20250426_052100.wav,20250426
1956,1959,Spizella pusilla,Field Sparrow,0.0232,D:/AcousticMonitoringData/ELDON2_Data/Week16\ELDON2_20250426_052100.wav,20250426
1956,1959,Passerina caerulea,Blue Grosbeak,0.0125,D:/AcousticMonitoringData/ELDON2_Data/Week16\ELDON2_20250426_052100.wav,20250426
1959,1962,Sturnella magna,Eastern Meadowlark,0.1435,D:/AcousticMonitoringData/ELDON2_Data/Week16\ELDON2_20250426_052100.wav,20250426
1959,1962,Spizella pusilla,Field Sparrow,0.0277,D:/AcousticMonitoringData/ELDON2_Data/Week16\ELDON2_20250426_052100.wav,20250426
1959,1962,Eremophila alpestris,Horned Lark,0.0104,D:/AcousticMonitoringData/ELDON2_Data/Week16\ELDON2_20250426_052100.wav,20250426
1959,1962,Passerina caerulea,Blue Grosbeak,0.01,D:/AcousticMonitoringData/ELDON2_Data/Week16\ELDON2_20250426_052100.wav,20250426
1962,1965,Sturnella magna,Eastern Meadowlark,0.6152,D:/AcousticMonitoringData/ELDON2_Data/Week16\ELDON2_20250426_052100.wav,20250426
1962,1965,Bartramia longicauda,Upland Sandpiper,0.0311,D:/AcousticMonitoringData/ELDON2_Data/Week16\ELDON2_20250426_052100.wav,20250426
1962,1965,Spizella pusilla,Field Sparrow,0.0241,D:/AcousticMonitoringData/ELDON2_Data/Week16\ELDON2_20250426_052100.wav,20250426
1965,1968,Sturnella magna,Eastern Meadowlark,0.0358,D:/AcousticMonitoringData/ELDON2_Data/Week16\ELDON2_20250426_052100.wav,20250426
1968,1971,Sturnella magna,Eastern Meadowlark,0.0258,D:/AcousticMonitoringData/ELDON2_Data/Week16\ELDON2_20250426_052100.wav,20250426
1968,1971,Passerina caerulea,Blue Grosbeak,0.0142,D:/AcousticMonitoringData/ELDON2_Data/Week16\ELDON2_20250426_052100.wav,20250426
1971,1974,Sturnella magna,Eastern Meadowlark,0.299,D:/AcousticMonitoringData/ELDON2_Data/Week16\ELDON2_20250426_052100.wav,20250426
1971,1974,Bartramia longicauda,Upland Sandpiper,0.0359,D:/AcousticMonitoringData/ELDON2_Data/Week16\ELDON2_20250426_052100.wav,20250426
1974,1977,Spizella pusilla,Field Sparrow,0.0273,D:/AcousticMonitoringData/ELDON2_Data/Week16\ELDON2_20250426_052100.wav,20250426
1974,1977,Sturnella magna,Eastern Meadowlark,0.0268,D:/AcousticMonitoringData/ELDON2_Data/Week16\ELDON2_20250426_052100.wav,20250426
1974,1977,Passerina caerulea,Blue Grosbeak,0.0172,D:/AcousticMonitoringData/ELDON2_Data/Week16\ELDON2_20250426_052100.wav,20250426
1977,1980,Spizella pusilla,Field Sparrow,0.016,D:/AcousticMonitoringData/ELDON2_Data/Week16\ELDON2_20250426_052100.wav,20250426
1977,1980,Sturnella magna,Eastern Meadowlark,0.0148,D:/AcousticMonitoringData/ELDON2_Data/Week16\ELDON2_20250426_052100.wav,20250426
1980,1983,Sturnella magna,Eastern Meadowlark,0.4116,D:/AcousticMonitoringData/ELDON2_Data/Week16\ELDON2_20250426_052100.wav,20250426
1980,1983,Spizella pusilla,Field Sparrow,0.0159,D:/AcousticMonitoringData/ELDON2_Data/Week16\ELDON2_20250426_052100.wav,20250426
1980,1983,Bartramia longicauda,Upland Sandpiper,0.0115,D:/AcousticMonitoringData/ELDON2_Data/Week16\ELDON2_20250426_052100.wav,20250426
1983,1986,Spizella pusilla,Field Sparrow,0.0254,D:/AcousticMonitoringData/ELDON2_Data/Week16\ELDON2_20250426_052100.wav,20250426
1983,1986,Sturnella magna,Eastern Meadowlark,0.0219,D:/AcousticMonitoringData/ELDON2_Data/Week16\ELDON2_20250426_052100.wav,20250426
1983,1986,Passerina caerulea,Blue Grosbeak,0.0207,D:/AcousticMonitoringData/ELDON2_Data/Week16\ELDON2_20250426_052100.wav,20250426
1989,1992,Sturnella magna,Eastern Meadowlark,0.0201,D:/AcousticMonitoringData/ELDON2_Data/Week16\ELDON2_20250426_052100.wav,20250426
1992,1995,Sturnella magna,Eastern Meadowlark,0.0142,D:/AcousticMonitoringData/ELDON2_Data/Week16\ELDON2_20250426_052100.wav,20250426
1998,2001,Sturnella magna,Eastern Meadowlark,0.0268,D:/AcousticMonitoringData/ELDON2_Data/Week16\ELDON2_20250426_052100.wav,20250426
2001,2004,Sturnella magna,Eastern Meadowlark,0.015,D:/AcousticMonitoringData/ELDON2_Data/Week16\ELDON2_20250426_052100.wav,20250426
2004,2007,Sturnella magna,Eastern Meadowlark,0.0178,D:/AcousticMonitoringData/ELDON2_Data/Week16\ELDON2_20250426_052100.wav,20250426
2007,2010,Sturnella magna,Eastern Meadowlark,0.0468,D:/AcousticMonitoringData/ELDON2_Data/Week16\ELDON2_20250426_052100.wav,20250426
2007,2010,Spizella pusilla,Field Sparrow,0.0331,D:/AcousticMonitoringData/ELDON2_Data/Week16\ELDON2_20250426_052100.wav,20250426
2007,2010,Passerina caerulea,Blue Grosbeak,0.0116,D:/AcousticMonitoringData/ELDON2_Data/Week16\ELDON2_20250426_052100.wav,20250426
2010,2013,Sturnella magna,Eastern Meadowlark,0.2087,D:/AcousticMonitoringData/ELDON2_Data/Week16\ELDON2_20250426_052100.wav,20250426
2010,2013,Bartramia longicauda,Upland Sandpiper,0.0213,D:/AcousticMonitoringData/ELDON2_Data/Week16\ELDON2_20250426_052100.wav,20250426
2010,2013,Spizella pusilla,Field Sparrow,0.0198,D:/AcousticMonitoringData/ELDON2_Data/Week16\ELDON2_20250426_052100.wav,20250426
2013,2016,Sturnella magna,Eastern Meadowlark,0.01,D:/AcousticMonitoringData/ELDON2_Data/Week16\ELDON2_20250426_052100.wav,20250426
2019,2022,Sturnella magna,Eastern Meadowlark,0.0137,D:/AcousticMonitoringData/ELDON2_Data/Week16\ELDON2_20250426_052100.wav,20250426
2022,2025,Spizella pusilla,Field Sparrow,0.0288,D:/AcousticMonitoringData/ELDON2_Data/Week16\ELDON2_20250426_052100.wav,20250426
2022,2025,Sturnella magna,Eastern Meadowlark,0.022,D:/AcousticMonitoringData/ELDON2_Data/Week16\ELDON2_20250426_052100.wav,20250426
2022,2025,Passerina caerulea,Blue Grosbeak,0.014,D:/AcousticMonitoringData/ELDON2_Data/Week16\ELDON2_20250426_052100.wav,20250426
2028,2031,Sturnella magna,Eastern Meadowlark,0.2288,D:/AcousticMonitoringData/ELDON2_Data/Week16\ELDON2_20250426_052100.wav,20250426
2028,2031,Bartramia longicauda,Upland Sandpiper,0.0369,D:/AcousticMonitoringData/ELDON2_Data/Week16\ELDON2_20250426_052100.wav,20250426
2031,2034,Sturnella magna,Eastern Meadowlark,0.0418,D:/AcousticMonitoringData/ELDON2_Data/Week16\ELDON2_20250426_052100.wav,20250426
2031,2034,Bartramia longicauda,Upland Sandpiper,0.0174,D:/AcousticMonitoringData/ELDON2_Data/Week16\ELDON2_20250426_052100.wav,20250426
2034,2037,Sturnella magna,Eastern Meadowlark,0.0135,D:/AcousticMonitoringData/ELDON2_Data/Week16\ELDON2_20250426_052100.wav,20250426
2037,2040,Sturnella magna,Eastern Meadowlark,0.0176,D:/AcousticMonitoringData/ELDON2_Data/Week16\ELDON2_20250426_052100.wav,20250426
2037,2040,Eremophila alpestris,Horned Lark,0.0164,D:/AcousticMonitoringData/ELDON2_Data/Week16\ELDON2_20250426_052100.wav,20250426
2040,2043,Sturnella magna,Eastern Meadowlark,0.0114,D:/AcousticMonitoringData/ELDON2_Data/Week16\ELDON2_20250426_052100.wav,20250426
2043,2046,Sturnella magna,Eastern Meadowlark,0.0242,D:/AcousticMonitoringData/ELDON2_Data/Week16\ELDON2_20250426_052100.wav,20250426
2043,2046,Bartramia longicauda,Upland Sandpiper,0.0127,D:/AcousticMonitoringData/ELDON2_Data/Week16\ELDON2_20250426_052100.wav,20250426
2046,2049,Sturnella magna,Eastern Meadowlark,0.5699,D:/AcousticMonitoringData/ELDON2_Data/Week16\ELDON2_20250426_052100.wav,20250426
2046,2049,Bartramia longicauda,Upland Sandpiper,0.0669,D:/AcousticMonitoringData/ELDON2_Data/Week16\ELDON2_20250426_052100.wav,20250426
2046,2049,Spizella pusilla,Field Sparrow,0.0165,D:/AcousticMonitoringData/ELDON2_Data/Week16\ELDON2_20250426_052100.wav,20250426
2046,2049,Passerina caerulea,Blue Grosbeak,0.0122,D:/AcousticMonitoringData/ELDON2_Data/Week16\ELDON2_20250426_052100.wav,20250426
2049,2052,Eremophila alpestris,Horned Lark,0.016,D:/AcousticMonitoringData/ELDON2_Data/Week16\ELDON2_20250426_052100.wav,20250426
2049,2052,Sturnella magna,Eastern Meadowlark,0.0115,D:/AcousticMonitoringData/ELDON2_Data/Week16\ELDON2_20250426_052100.wav,20250426
2055,2058,Sturnella magna,Eastern Meadowlark,0.0547,D:/AcousticMonitoringData/ELDON2_Data/Week16\ELDON2_20250426_052100.wav,20250426
2058,2061,Sturnella magna,Eastern Meadowlark,0.0346,D:/AcousticMonitoringData/ELDON2_Data/Week16\ELDON2_20250426_052100.wav,20250426
2058,2061,Bartramia longicauda,Upland Sandpiper,0.0121,D:/AcousticMonitoringData/ELDON2_Data/Week16\ELDON2_20250426_052100.wav,20250426
2061,2064,Sturnella magna,Eastern Meadowlark,0.1694,D:/AcousticMonitoringData/ELDON2_Data/Week16\ELDON2_20250426_052100.wav,20250426
2061,2064,Passerina caerulea,Blue Grosbeak,0.0191,D:/AcousticMonitoringData/ELDON2_Data/Week16\ELDON2_20250426_052100.wav,20250426
2064,2067,Sturnella magna,Eastern Meadowlark,0.0206,D:/AcousticMonitoringData/ELDON2_Data/Week16\ELDON2_20250426_052100.wav,20250426
2067,2070,Sturnella magna,Eastern Meadowlark,0.0184,D:/AcousticMonitoringData/ELDON2_Data/Week16\ELDON2_20250426_052100.wav,20250426
2070,2073,Sturnella magna,Eastern Meadowlark,0.0206,D:/AcousticMonitoringData/ELDON2_Data/Week16\ELDON2_20250426_052100.wav,20250426
2076,2079,Sturnella magna,Eastern Meadowlark,0.1556,D:/AcousticMonitoringData/ELDON2_Data/Week16\ELDON2_20250426_052100.wav,20250426
2076,2079,Bartramia longicauda,Upland Sandpiper,0.0117,D:/AcousticMonitoringData/ELDON2_Data/Week16\ELDON2_20250426_052100.wav,20250426
2079,2082,Sturnella magna,Eastern Meadowlark,0.0545,D:/AcousticMonitoringData/ELDON2_Data/Week16\ELDON2_20250426_052100.wav,20250426
2079,2082,Passerina caerulea,Blue Grosbeak,0.0127,D:/AcousticMonitoringData/ELDON2_Data/Week16\ELDON2_20250426_052100.wav,20250426
2085,2088,Bartramia longicauda,Upland Sandpiper,0.0347,D:/AcousticMonitoringData/ELDON2_Data/Week16\ELDON2_20250426_052100.wav,20250426
2088,2091,Sturnella magna,Eastern Meadowlark,0.0122,D:/AcousticMonitoringData/ELDON2_Data/Week16\ELDON2_20250426_052100.wav,20250426
2097,2100,Spizella pusilla,Field Sparrow,0.0273,D:/AcousticMonitoringData/ELDON2_Data/Week16\ELDON2_20250426_052100.wav,20250426
2097,2100,Sturnella magna,Eastern Meadowlark,0.0204,D:/AcousticMonitoringData/ELDON2_Data/Week16\ELDON2_20250426_052100.wav,20250426
2097,2100,Passerina caerulea,Blue Grosbeak,0.0113,D:/AcousticMonitoringData/ELDON2_Data/Week16\ELDON2_20250426_052100.wav,20250426
2100,2103,Sturnella magna,Eastern Meadowlark,0.1265,D:/AcousticMonitoringData/ELDON2_Data/Week16\ELDON2_20250426_052100.wav,20250426
2100,2103,Bartramia longicauda,Upland Sandpiper,0.0135,D:/AcousticMonitoringData/ELDON2_Data/Week16\ELDON2_20250426_052100.wav,20250426
2103,2106,Sturnella magna,Eastern Meadowlark,0.2917,D:/AcousticMonitoringData/ELDON2_Data/Week16\ELDON2_20250426_052100.wav,20250426
2103,2106,Bartramia longicauda,Upland Sandpiper,0.019,D:/AcousticMonitoringData/ELDON2_Data/Week16\ELDON2_20250426_052100.wav,20250426
2103,2106,Spizella pusilla,Field Sparrow,0.0136,D:/AcousticMonitoringData/ELDON2_Data/Week16\ELDON2_20250426_052100.wav,20250426
2103,2106,Eremophila alpestris,Horned Lark,0.0112,D:/AcousticMonitoringData/ELDON2_Data/Week16\ELDON2_20250426_052100.wav,20250426
2109,2112,Sturnella magna,Eastern Meadowlark,0.0185,D:/AcousticMonitoringData/ELDON2_Data/Week16\ELDON2_20250426_052100.wav,20250426
2112,2115,Sturnella magna,Eastern Meadowlark,0.0102,D:/AcousticMonitoringData/ELDON2_Data/Week16\ELDON2_20250426_052100.wav,20250426
2115,2118,Sturnella magna,Eastern Meadowlark,0.0179,D:/AcousticMonitoringData/ELDON2_Data/Week16\ELDON2_20250426_052100.wav,20250426
2118,2121,Sturnella magna,Eastern Meadowlark,0.0143,D:/AcousticMonitoringData/ELDON2_Data/Week16\ELDON2_20250426_052100.wav,20250426
2121,2124,Sturnella magna,Eastern Meadowlark,0.0249,D:/AcousticMonitoringData/ELDON2_Data/Week16\ELDON2_20250426_052100.wav,20250426
2121,2124,Bartramia longicauda,Upland Sandpiper,0.0105,D:/AcousticMonitoringData/ELDON2_Data/Week16\ELDON2_20250426_052100.wav,20250426
2124,2127,Sturnella magna,Eastern Meadowlark,0.0187,D:/AcousticMonitoringData/ELDON2_Data/Week16\ELDON2_20250426_052100.wav,20250426
2130,2133,Sturnella magna,Eastern Meadowlark,0.1108,D:/AcousticMonitoringData/ELDON2_Data/Week16\ELDON2_20250426_052100.wav,20250426
2130,2133,Spizella pusilla,Field Sparrow,0.0192,D:/AcousticMonitoringData/ELDON2_Data/Week16\ELDON2_20250426_052100.wav,20250426
2130,2133,Passerina caerulea,Blue Grosbeak,0.0174,D:/AcousticMonitoringData/ELDON2_Data/Week16\ELDON2_20250426_052100.wav,20250426
2133,2136,Bartramia longicauda,Upland Sandpiper,0.0122,D:/AcousticMonitoringData/ELDON2_Data/Week16\ELDON2_20250426_052100.wav,20250426
2133,2136,Sturnella magna,Eastern Meadowlark,0.0114,D:/AcousticMonitoringData/ELDON2_Data/Week16\ELDON2_20250426_052100.wav,20250426
2139,2142,Sturnella magna,Eastern Meadowlark,0.2969,D:/AcousticMonitoringData/ELDON2_Data/Week16\ELDON2_20250426_052100.wav,20250426
2139,2142,Bartramia longicauda,Upland Sandpiper,0.0232,D:/AcousticMonitoringData/ELDON2_Data/Week16\ELDON2_20250426_052100.wav,20250426
2142,2145,Sturnella magna,Eastern Meadowlark,0.1166,D:/AcousticMonitoringData/ELDON2_Data/Week16\ELDON2_20250426_052100.wav,20250426
2148,2151,Sturnella magna,Eastern Meadowlark,0.6339,D:/AcousticMonitoringData/ELDON2_Data/Week16\ELDON2_20250426_052100.wav,20250426
2148,2151,Bartramia longicauda,Upland Sandpiper,0.0153,D:/AcousticMonitoringData/ELDON2_Data/Week16\ELDON2_20250426_052100.wav,20250426
2151,2154,Sturnella magna,Eastern Meadowlark,0.0852,D:/AcousticMonitoringData/ELDON2_Data/Week16\ELDON2_20250426_052100.wav,20250426
2154,2157,Sturnella magna,Eastern Meadowlark,0.031,D:/AcousticMonitoringData/ELDON2_Data/Week16\ELDON2_20250426_052100.wav,20250426
2157,2160,Sturnella magna,Eastern Meadowlark,0.0355,D:/AcousticMonitoringData/ELDON2_Data/Week16\ELDON2_20250426_052100.wav,20250426
2160,2163,Sturnella magna,Eastern Meadowlark,0.3785,D:/AcousticMonitoringData/ELDON2_Data/Week16\ELDON2_20250426_052100.wav,20250426
2160,2163,Bartramia longicauda,Upland Sandpiper,0.0262,D:/AcousticMonitoringData/ELDON2_Data/Week16\ELDON2_20250426_052100.wav,20250426
2166,2169,Sturnella magna,Eastern Meadowlark,0.0105,D:/AcousticMonitoringData/ELDON2_Data/Week16\ELDON2_20250426_052100.wav,20250426
2169,2172,Sturnella magna,Eastern Meadowlark,0.0323,D:/AcousticMonitoringData/ELDON2_Data/Week16\ELDON2_20250426_052100.wav,20250426
2172,2175,Sturnella magna,Eastern Meadowlark,0.0407,D:/AcousticMonitoringData/ELDON2_Data/Week16\ELDON2_20250426_052100.wav,20250426
2178,2181,Sturnella magna,Eastern Meadowlark,0.0308,D:/AcousticMonitoringData/ELDON2_Data/Week16\ELDON2_20250426_052100.wav,20250426
2184,2187,Sturnella magna,Eastern Meadowlark,0.0561,D:/AcousticMonitoringData/ELDON2_Data/Week16\ELDON2_20250426_052100.wav,20250426
2190,2193,Sturnella magna,Eastern Meadowlark,0.091,D:/AcousticMonitoringData/ELDON2_Data/Week16\ELDON2_20250426_052100.wav,20250426
2193,2196,Sturnella magna,Eastern Meadowlark,0.0999,D:/AcousticMonitoringData/ELDON2_Data/Week16\ELDON2_20250426_052100.wav,20250426
2196,2199,Sturnella magna,Eastern Meadowlark,0.2932,D:/AcousticMonitoringData/ELDON2_Data/Week16\ELDON2_20250426_052100.wav,20250426
2199,2202,Sturnella magna,Eastern Meadowlark,0.0882,D:/AcousticMonitoringData/ELDON2_Data/Week16\ELDON2_20250426_052100.wav,20250426
2202,2205,Sturnella magna,Eastern Meadowlark,0.212,D:/AcousticMonitoringData/ELDON2_Data/Week16\ELDON2_20250426_052100.wav,20250426
2208,2211,Sturnella magna,Eastern Meadowlark,0.048,D:/AcousticMonitoringData/ELDON2_Data/Week16\ELDON2_20250426_052100.wav,20250426
2214,2217,Sturnella magna,Eastern Meadowlark,0.2226,D:/AcousticMonitoringData/ELDON2_Data/Week16\ELDON2_20250426_052100.wav,20250426
2214,2217,Bartramia longicauda,Upland Sandpiper,0.0186,D:/AcousticMonitoringData/ELDON2_Data/Week16\ELDON2_20250426_052100.wav,20250426
2217,2220,Sturnella magna,Eastern Meadowlark,0.092,D:/AcousticMonitoringData/ELDON2_Data/Week16\ELDON2_20250426_052100.wav,20250426
2220,2223,Sturnella magna,Eastern Meadowlark,0.0485,D:/AcousticMonitoringData/ELDON2_Data/Week16\ELDON2_20250426_052100.wav,20250426
2223,2226,Sturnella magna,Eastern Meadowlark,0.5614,D:/AcousticMonitoringData/ELDON2_Data/Week16\ELDON2_20250426_052100.wav,20250426
2226,2229,Sturnella magna,Eastern Meadowlark,0.2094,D:/AcousticMonitoringData/ELDON2_Data/Week16\ELDON2_20250426_052100.wav,20250426
2229,2232,Sturnella magna,Eastern Meadowlark,0.012,D:/AcousticMonitoringData/ELDON2_Data/Week16\ELDON2_20250426_052100.wav,20250426
2232,2235,Sturnella magna,Eastern Meadowlark,0.6832,D:/AcousticMonitoringData/ELDON2_Data/Week16\ELDON2_20250426_052100.wav,20250426
2232,2235,Bartramia longicauda,Upland Sandpiper,0.0125,D:/AcousticMonitoringData/ELDON2_Data/Week16\ELDON2_20250426_052100.wav,20250426
2235,2238,Sturnella magna,Eastern Meadowlark,0.7509,D:/AcousticMonitoringData/ELDON2_Data/Week16\ELDON2_20250426_052100.wav,20250426
2241,2244,Sturnella magna,Eastern Meadowlark,0.2129,D:/AcousticMonitoringData/ELDON2_Data/Week16\ELDON2_20250426_052100.wav,20250426
2244,2247,Sturnella magna,Eastern Meadowlark,0.0364,D:/AcousticMonitoringData/ELDON2_Data/Week16\ELDON2_20250426_052100.wav,20250426
2247,2250,Sturnella magna,Eastern Meadowlark,0.0465,D:/AcousticMonitoringData/ELDON2_Data/Week16\ELDON2_20250426_052100.wav,20250426
2250,2253,Sturnella magna,Eastern Meadowlark,0.0164,D:/AcousticMonitoringData/ELDON2_Data/Week16\ELDON2_20250426_052100.wav,20250426
2253,2256,Sturnella magna,Eastern Meadowlark,0.1534,D:/AcousticMonitoringData/ELDON2_Data/Week16\ELDON2_20250426_052100.wav,20250426
2256,2259,Sturnella magna,Eastern Meadowlark,0.1719,D:/AcousticMonitoringData/ELDON2_Data/Week16\ELDON2_20250426_052100.wav,20250426
2259,2262,Sturnella magna,Eastern Meadowlark,0.0698,D:/AcousticMonitoringData/ELDON2_Data/Week16\ELDON2_20250426_052100.wav,20250426
2262,2265,Sturnella magna,Eastern Meadowlark,0.0166,D:/AcousticMonitoringData/ELDON2_Data/Week16\ELDON2_20250426_052100.wav,20250426
2265,2268,Sturnella magna,Eastern Meadowlark,0.125,D:/AcousticMonitoringData/ELDON2_Data/Week16\ELDON2_20250426_052100.wav,20250426
2265,2268,Eremophila alpestris,Horned Lark,0.0107,D:/AcousticMonitoringData/ELDON2_Data/Week16\ELDON2_20250426_052100.wav,20250426
2268,2271,Sturnella magna,Eastern Meadowlark,0.0706,D:/AcousticMonitoringData/ELDON2_Data/Week16\ELDON2_20250426_052100.wav,20250426
2271,2274,Sturnella magna,Eastern Meadowlark,0.0583,D:/AcousticMonitoringData/ELDON2_Data/Week16\ELDON2_20250426_052100.wav,20250426
2274,2277,Sturnella magna,Eastern Meadowlark,0.1091,D:/AcousticMonitoringData/ELDON2_Data/Week16\ELDON2_20250426_052100.wav,20250426
2277,2280,Sturnella magna,Eastern Meadowlark,0.016,D:/AcousticMonitoringData/ELDON2_Data/Week16\ELDON2_20250426_052100.wav,20250426
2280,2283,Sturnella magna,Eastern Meadowlark,0.0124,D:/AcousticMonitoringData/ELDON2_Data/Week16\ELDON2_20250426_052100.wav,20250426
2283,2286,Sturnella magna,Eastern Meadowlark,0.5737,D:/AcousticMonitoringData/ELDON2_Data/Week16\ELDON2_20250426_052100.wav,20250426
2283,2286,Bartramia longicauda,Upland Sandpiper,0.0188,D:/AcousticMonitoringData/ELDON2_Data/Week16\ELDON2_20250426_052100.wav,20250426
2286,2289,Sturnella magna,Eastern Meadowlark,0.0103,D:/AcousticMonitoringData/ELDON2_Data/Week16\ELDON2_20250426_052100.wav,20250426
2289,2292,Sturnella magna,Eastern Meadowlark,0.1344,D:/AcousticMonitoringData/ELDON2_Data/Week16\ELDON2_20250426_052100.wav,20250426
2289,2292,Bartramia longicauda,Upland Sandpiper,0.0206,D:/AcousticMonitoringData/ELDON2_Data/Week16\ELDON2_20250426_052100.wav,20250426
2295,2298,Sturnella magna,Eastern Meadowlark,0.7732,D:/AcousticMonitoringData/ELDON2_Data/Week16\ELDON2_20250426_052100.wav,20250426
2295,2298,Bartramia longicauda,Upland Sandpiper,0.0134,D:/AcousticMonitoringData/ELDON2_Data/Week16\ELDON2_20250426_052100.wav,20250426
2298,2301,Sturnella magna,Eastern Meadowlark,0.133,D:/AcousticMonitoringData/ELDON2_Data/Week16\ELDON2_20250426_052100.wav,20250426
2301,2304,Sturnella magna,Eastern Meadowlark,0.0896,D:/AcousticMonitoringData/ELDON2_Data/Week16\ELDON2_20250426_052100.wav,20250426
2304,2307,Sturnella magna,Eastern Meadowlark,0.083,D:/AcousticMonitoringData/ELDON2_Data/Week16\ELDON2_20250426_052100.wav,20250426
2304,2307,Bartramia longicauda,Upland Sandpiper,0.0171,D:/AcousticMonitoringData/ELDON2_Data/Week16\ELDON2_20250426_052100.wav,20250426
2307,2310,Sturnella magna,Eastern Meadowlark,0.0882,D:/AcousticMonitoringData/ELDON2_Data/Week16\ELDON2_20250426_052100.wav,20250426
2310,2313,Sturnella magna,Eastern Meadowlark,0.1032,D:/AcousticMonitoringData/ELDON2_Data/Week16\ELDON2_20250426_052100.wav,20250426
2313,2316,Sturnella magna,Eastern Meadowlark,0.1845,D:/AcousticMonitoringData/ELDON2_Data/Week16\ELDON2_20250426_052100.wav,20250426
2316,2319,Sturnella magna,Eastern Meadowlark,0.0746,D:/AcousticMonitoringData/ELDON2_Data/Week16\ELDON2_20250426_052100.wav,20250426
2319,2322,Sturnella magna,Eastern Meadowlark,0.2723,D:/AcousticMonitoringData/ELDON2_Data/Week16\ELDON2_20250426_052100.wav,20250426
2322,2325,Sturnella magna,Eastern Meadowlark,0.692,D:/AcousticMonitoringData/ELDON2_Data/Week16\ELDON2_20250426_052100.wav,20250426
2325,2328,Sturnella magna,Eastern Meadowlark,0.3369,D:/AcousticMonitoringData/ELDON2_Data/Week16\ELDON2_20250426_052100.wav,20250426
2328,2331,Sturnella magna,Eastern Meadowlark,0.3276,D:/AcousticMonitoringData/ELDON2_Data/Week16\ELDON2_20250426_052100.wav,20250426
2331,2334,Sturnella magna,Eastern Meadowlark,0.2933,D:/AcousticMonitoringData/ELDON2_Data/Week16\ELDON2_20250426_052100.wav,20250426
2334,2337,Sturnella magna,Eastern Meadowlark,0.2828,D:/AcousticMonitoringData/ELDON2_Data/Week16\ELDON2_20250426_052100.wav,20250426
2337,2340,Sturnella magna,Eastern Meadowlark,0.7582,D:/AcousticMonitoringData/ELDON2_Data/Week16\ELDON2_20250426_052100.wav,20250426
2340,2343,Sturnella magna,Eastern Meadowlark,0.1973,D:/AcousticMonitoringData/ELDON2_Data/Week16\ELDON2_20250426_052100.wav,20250426
2343,2346,Sturnella magna,Eastern Meadowlark,0.0312,D:/AcousticMonitoringData/ELDON2_Data/Week16\ELDON2_20250426_052100.wav,20250426
2346,2349,Sturnella magna,Eastern Meadowlark,0.1249,D:/AcousticMonitoringData/ELDON2_Data/Week16\ELDON2_20250426_052100.wav,20250426
2349,2352,Sturnella magna,Eastern Meadowlark,0.4043,D:/AcousticMonitoringData/ELDON2_Data/Week16\ELDON2_20250426_052100.wav,20250426
2355,2358,Sturnella magna,Eastern Meadowlark,0.5307,D:/AcousticMonitoringData/ELDON2_Data/Week16\ELDON2_20250426_052100.wav,20250426
2358,2361,Sturnella magna,Eastern Meadowlark,0.2766,D:/AcousticMonitoringData/ELDON2_Data/Week16\ELDON2_20250426_052100.wav,20250426
2358,2361,Bartramia longicauda,Upland Sandpiper,0.0161,D:/AcousticMonitoringData/ELDON2_Data/Week16\ELDON2_20250426_052100.wav,20250426
2361,2364,Sturnella magna,Eastern Meadowlark,0.0986,D:/AcousticMonitoringData/ELDON2_Data/Week16\ELDON2_20250426_052100.wav,20250426
2361,2364,Bartramia longicauda,Upland Sandpiper,0.0122,D:/AcousticMonitoringData/ELDON2_Data/Week16\ELDON2_20250426_052100.wav,20250426
2364,2367,Sturnella magna,Eastern Meadowlark,0.2113,D:/AcousticMonitoringData/ELDON2_Data/Week16\ELDON2_20250426_052100.wav,20250426
2367,2370,Sturnella magna,Eastern Meadowlark,0.5586,D:/AcousticMonitoringData/ELDON2_Data/Week16\ELDON2_20250426_052100.wav,20250426
2367,2370,Bartramia longicauda,Upland Sandpiper,0.0285,D:/AcousticMonitoringData/ELDON2_Data/Week16\ELDON2_20250426_052100.wav,20250426
2370,2373,Sturnella magna,Eastern Meadowlark,0.6508,D:/AcousticMonitoringData/ELDON2_Data/Week16\ELDON2_20250426_052100.wav,20250426
2370,2373,Bartramia longicauda,Upland Sandpiper,0.0167,D:/AcousticMonitoringData/ELDON2_Data/Week16\ELDON2_20250426_052100.wav,20250426
2373,2376,Sturnella magna,Eastern Meadowlark,0.1657,D:/AcousticMonitoringData/ELDON2_Data/Week16\ELDON2_20250426_052100.wav,20250426
2376,2379,Sturnella magna,Eastern Meadowlark,0.2334,D:/AcousticMonitoringData/ELDON2_Data/Week16\ELDON2_20250426_052100.wav,20250426
2379,2382,Sturnella magna,Eastern Meadowlark,0.1209,D:/AcousticMonitoringData/ELDON2_Data/Week16\ELDON2_20250426_052100.wav,20250426
2382,2385,Sturnella magna,Eastern Meadowlark,0.2176,D:/AcousticMonitoringData/ELDON2_Data/Week16\ELDON2_20250426_052100.wav,20250426
2385,2388,Sturnella magna,Eastern Meadowlark,0.2091,D:/AcousticMonitoringData/ELDON2_Data/Week16\ELDON2_20250426_052100.wav,20250426
2385,2388,Bartramia longicauda,Upland Sandpiper,0.0275,D:/AcousticMonitoringData/ELDON2_Data/Week16\ELDON2_20250426_052100.wav,20250426
2388,2391,Sturnella magna,Eastern Meadowlark,0.3225,D:/AcousticMonitoringData/ELDON2_Data/Week16\ELDON2_20250426_052100.wav,20250426
2388,2391,Bartramia longicauda,Upland Sandpiper,0.0165,D:/AcousticMonitoringData/ELDON2_Data/Week16\ELDON2_20250426_052100.wav,20250426
2391,2394,Sturnella magna,Eastern Meadowlark,0.2257,D:/AcousticMonitoringData/ELDON2_Data/Week16\ELDON2_20250426_052100.wav,20250426
2394,2397,Sturnella magna,Eastern Meadowlark,0.0683,D:/AcousticMonitoringData/ELDON2_Data/Week16\ELDON2_20250426_052100.wav,20250426
2397,2400,Sturnella magna,Eastern Meadowlark,0.7469,D:/AcousticMonitoringData/ELDON2_Data/Week16\ELDON2_20250426_052100.wav,20250426
2397,2400,Bartramia longicauda,Upland Sandpiper,0.0143,D:/AcousticMonitoringData/ELDON2_Data/Week16\ELDON2_20250426_052100.wav,20250426
2400,2403,Sturnella magna,Eastern Meadowlark,0.2458,D:/AcousticMonitoringData/ELDON2_Data/Week16\ELDON2_20250426_052100.wav,20250426
2400,2403,Bartramia longicauda,Upland Sandpiper,0.0112,D:/AcousticMonitoringData/ELDON2_Data/Week16\ELDON2_20250426_052100.wav,20250426
2403,2406,Sturnella magna,Eastern Meadowlark,0.1607,D:/AcousticMonitoringData/ELDON2_Data/Week16\ELDON2_20250426_052100.wav,20250426
2406,2409,Sturnella magna,Eastern Meadowlark,0.1652,D:/AcousticMonitoringData/ELDON2_Data/Week16\ELDON2_20250426_052100.wav,20250426
2409,2412,Sturnella magna,Eastern Meadowlark,0.5699,D:/AcousticMonitoringData/ELDON2_Data/Week16\ELDON2_20250426_052100.wav,20250426
2409,2412,Spizella pusilla,Field Sparrow,0.0124,D:/AcousticMonitoringData/ELDON2_Data/Week16\ELDON2_20250426_052100.wav,20250426
2412,2415,Sturnella magna,Eastern Meadowlark,0.1345,D:/AcousticMonitoringData/ELDON2_Data/Week16\ELDON2_20250426_052100.wav,20250426
2415,2418,Sturnella magna,Eastern Meadowlark,0.1531,D:/AcousticMonitoringData/ELDON2_Data/Week16\ELDON2_20250426_052100.wav,20250426
2418,2421,Sturnella magna,Eastern Meadowlark,0.0216,D:/AcousticMonitoringData/ELDON2_Data/Week16\ELDON2_20250426_052100.wav,20250426
2421,2424,Sturnella magna,Eastern Meadowlark,0.0503,D:/AcousticMonitoringData/ELDON2_Data/Week16\ELDON2_20250426_052100.wav,20250426
2424,2427,Sturnella magna,Eastern Meadowlark,0.1205,D:/AcousticMonitoringData/ELDON2_Data/Week16\ELDON2_20250426_052100.wav,20250426
2427,2430,Sturnella magna,Eastern Meadowlark,0.4759,D:/AcousticMonitoringData/ELDON2_Data/Week16\ELDON2_20250426_052100.wav,20250426
2430,2433,Sturnella magna,Eastern Meadowlark,0.0864,D:/AcousticMonitoringData/ELDON2_Data/Week16\ELDON2_20250426_052100.wav,20250426
2430,2433,Bartramia longicauda,Upland Sandpiper,0.0136,D:/AcousticMonitoringData/ELDON2_Data/Week16\ELDON2_20250426_052100.wav,20250426
2433,2436,Sturnella magna,Eastern Meadowlark,0.4068,D:/AcousticMonitoringData/ELDON2_Data/Week16\ELDON2_20250426_052100.wav,20250426
2436,2439,Sturnella magna,Eastern Meadowlark,0.916,D:/AcousticMonitoringData/ELDON2_Data/Week16\ELDON2_20250426_052100.wav,20250426
2439,2442,Sturnella magna,Eastern Meadowlark,0.9275,D:/AcousticMonitoringData/ELDON2_Data/Week16\ELDON2_20250426_052100.wav,20250426
2439,2442,Bartramia longicauda,Upland Sandpiper,0.0443,D:/AcousticMonitoringData/ELDON2_Data/Week16\ELDON2_20250426_052100.wav,20250426
2442,2445,Sturnella magna,Eastern Meadowlark,0.7453,D:/AcousticMonitoringData/ELDON2_Data/Week16\ELDON2_20250426_052100.wav,20250426
2442,2445,Bartramia longicauda,Upland Sandpiper,0.0187,D:/AcousticMonitoringData/ELDON2_Data/Week16\ELDON2_20250426_052100.wav,20250426
2445,2448,Sturnella magna,Eastern Meadowlark,0.0503,D:/AcousticMonitoringData/ELDON2_Data/Week16\ELDON2_20250426_052100.wav,20250426
2448,2451,Sturnella magna,Eastern Meadowlark,0.6443,D:/AcousticMonitoringData/ELDON2_Data/Week16\ELDON2_20250426_052100.wav,20250426
2451,2454,Sturnella magna,Eastern Meadowlark,0.5357,D:/AcousticMonitoringData/ELDON2_Data/Week16\ELDON2_20250426_052100.wav,20250426
2454,2457,Sturnella magna,Eastern Meadowlark,0.7489,D:/AcousticMonitoringData/ELDON2_Data/Week16\ELDON2_20250426_052100.wav,20250426
2454,2457,Bartramia longicauda,Upland Sandpiper,0.0146,D:/AcousticMonitoringData/ELDON2_Data/Week16\ELDON2_20250426_052100.wav,20250426
2454,2457,Eremophila alpestris,Horned Lark,0.0111,D:/AcousticMonitoringData/ELDON2_Data/Week16\ELDON2_20250426_052100.wav,20250426
2457,2460,Sturnella magna,Eastern Meadowlark,0.9768,D:/AcousticMonitoringData/ELDON2_Data/Week16\ELDON2_20250426_052100.wav,20250426
2460,2463,Sturnella magna,Eastern Meadowlark,0.0789,D:/AcousticMonitoringData/ELDON2_Data/Week16\ELDON2_20250426_052100.wav,20250426
2463,2466,Sturnella magna,Eastern Meadowlark,0.1493,D:/AcousticMonitoringData/ELDON2_Data/Week16\ELDON2_20250426_052100.wav,20250426
2466,2469,Sturnella magna,Eastern Meadowlark,0.0647,D:/AcousticMonitoringData/ELDON2_Data/Week16\ELDON2_20250426_052100.wav,20250426
2466,2469,Eremophila alpestris,Horned Lark,0.0281,D:/AcousticMonitoringData/ELDON2_Data/Week16\ELDON2_20250426_052100.wav,20250426
2466,2469,Bartramia longicauda,Upland Sandpiper,0.0168,D:/AcousticMonitoringData/ELDON2_Data/Week16\ELDON2_20250426_052100.wav,20250426
2469,2472,Sturnella magna,Eastern Meadowlark,0.0253,D:/AcousticMonitoringData/ELDON2_Data/Week16\ELDON2_20250426_052100.wav,20250426
2472,2475,Sturnella magna,Eastern Meadowlark,0.0692,D:/AcousticMonitoringData/ELDON2_Data/Week16\ELDON2_20250426_052100.wav,20250426
2475,2478,Sturnella magna,Eastern Meadowlark,0.1267,D:/AcousticMonitoringData/ELDON2_Data/Week16\ELDON2_20250426_052100.wav,20250426
2478,2481,Sturnella magna,Eastern Meadowlark,0.0766,D:/AcousticMonitoringData/ELDON2_Data/Week16\ELDON2_20250426_052100.wav,20250426
2478,2481,Bartramia longicauda,Upland Sandpiper,0.0164,D:/AcousticMonitoringData/ELDON2_Data/Week16\ELDON2_20250426_052100.wav,20250426
2481,2484,Sturnella magna,Eastern Meadowlark,0.2769,D:/AcousticMonitoringData/ELDON2_Data/Week16\ELDON2_20250426_052100.wav,20250426
2487,2490,Sturnella magna,Eastern Meadowlark,0.6762,D:/AcousticMonitoringData/ELDON2_Data/Week16\ELDON2_20250426_052100.wav,20250426
2487,2490,Bartramia longicauda,Upland Sandpiper,0.0116,D:/AcousticMonitoringData/ELDON2_Data/Week16\ELDON2_20250426_052100.wav,20250426
2490,2493,Sturnella magna,Eastern Meadowlark,0.0236,D:/AcousticMonitoringData/ELDON2_Data/Week16\ELDON2_20250426_052100.wav,20250426
2493,2496,Sturnella magna,Eastern Meadowlark,0.0968,D:/AcousticMonitoringData/ELDON2_Data/Week16\ELDON2_20250426_052100.wav,20250426
2496,2499,Sturnella magna,Eastern Meadowlark,0.9142,D:/AcousticMonitoringData/ELDON2_Data/Week16\ELDON2_20250426_052100.wav,20250426
2496,2499,Bartramia longicauda,Upland Sandpiper,0.0251,D:/AcousticMonitoringData/ELDON2_Data/Week16\ELDON2_20250426_052100.wav,20250426
2499,2502,Sturnella magna,Eastern Meadowlark,0.0789,D:/AcousticMonitoringData/ELDON2_Data/Week16\ELDON2_20250426_052100.wav,20250426
2502,2505,Sturnella magna,Eastern Meadowlark,0.4452,D:/AcousticMonitoringData/ELDON2_Data/Week16\ELDON2_20250426_052100.wav,20250426
2505,2508,Sturnella magna,Eastern Meadowlark,0.4355,D:/AcousticMonitoringData/ELDON2_Data/Week16\ELDON2_20250426_052100.wav,20250426
2508,2511,Sturnella magna,Eastern Meadowlark,0.5999,D:/AcousticMonitoringData/ELDON2_Data/Week16\ELDON2_20250426_052100.wav,20250426
2508,2511,Bartramia longicauda,Upland Sandpiper,0.013,D:/AcousticMonitoringData/ELDON2_Data/Week16\ELDON2_20250426_052100.wav,20250426
2511,2514,Sturnella magna,Eastern Meadowlark,0.1835,D:/AcousticMonitoringData/ELDON2_Data/Week16\ELDON2_20250426_052100.wav,20250426
2514,2517,Sturnella magna,Eastern Meadowlark,0.958,D:/AcousticMonitoringData/ELDON2_Data/Week16\ELDON2_20250426_052100.wav,20250426
2517,2520,Sturnella magna,Eastern Meadowlark,0.0725,D:/AcousticMonitoringData/ELDON2_Data/Week16\ELDON2_20250426_052100.wav,20250426
2520,2523,Sturnella magna,Eastern Meadowlark,0.3095,D:/AcousticMonitoringData/ELDON2_Data/Week16\ELDON2_20250426_052100.wav,20250426
2520,2523,Bartramia longicauda,Upland Sandpiper,0.0121,D:/AcousticMonitoringData/ELDON2_Data/Week16\ELDON2_20250426_052100.wav,20250426
2523,2526,Sturnella magna,Eastern Meadowlark,0.4558,D:/AcousticMonitoringData/ELDON2_Data/Week16\ELDON2_20250426_052100.wav,20250426
2526,2529,Sturnella magna,Eastern Meadowlark,0.7918,D:/AcousticMonitoringData/ELDON2_Data/Week16\ELDON2_20250426_052100.wav,20250426
2529,2532,Sturnella magna,Eastern Meadowlark,0.1189,D:/AcousticMonitoringData/ELDON2_Data/Week16\ELDON2_20250426_052100.wav,20250426
2529,2532,Bartramia longicauda,Upland Sandpiper,0.0235,D:/AcousticMonitoringData/ELDON2_Data/Week16\ELDON2_20250426_052100.wav,20250426
2532,2535,Sturnella magna,Eastern Meadowlark,0.9592,D:/AcousticMonitoringData/ELDON2_Data/Week16\ELDON2_20250426_052100.wav,20250426
2535,2538,Sturnella magna,Eastern Meadowlark,0.4043,D:/AcousticMonitoringData/ELDON2_Data/Week16\ELDON2_20250426_052100.wav,20250426
2538,2541,Sturnella magna,Eastern Meadowlark,0.9518,D:/AcousticMonitoringData/ELDON2_Data/Week16\ELDON2_20250426_052100.wav,20250426
2541,2544,Sturnella magna,Eastern Meadowlark,0.7866,D:/AcousticMonitoringData/ELDON2_Data/Week16\ELDON2_20250426_052100.wav,20250426
2541,2544,Bartramia longicauda,Upland Sandpiper,0.0249,D:/AcousticMonitoringData/ELDON2_Data/Week16\ELDON2_20250426_052100.wav,20250426
2544,2547,Sturnella magna,Eastern Meadowlark,0.3155,D:/AcousticMonitoringData/ELDON2_Data/Week16\ELDON2_20250426_052100.wav,20250426
2544,2547,Bartramia longicauda,Upland Sandpiper,0.0292,D:/AcousticMonitoringData/ELDON2_Data/Week16\ELDON2_20250426_052100.wav,20250426
2547,2550,Sturnella magna,Eastern Meadowlark,0.2013,D:/AcousticMonitoringData/ELDON2_Data/Week16\ELDON2_20250426_052100.wav,20250426
2550,2553,Sturnella magna,Eastern Meadowlark,0.0618,D:/AcousticMonitoringData/ELDON2_Data/Week16\ELDON2_20250426_052100.wav,20250426
2553,2556,Sturnella magna,Eastern Meadowlark,0.938,D:/AcousticMonitoringData/ELDON2_Data/Week16\ELDON2_20250426_052100.wav,20250426
2556,2559,Sturnella magna,Eastern Meadowlark,0.6742,D:/AcousticMonitoringData/ELDON2_Data/Week16\ELDON2_20250426_052100.wav,20250426
2556,2559,Bartramia longicauda,Upland Sandpiper,0.0104,D:/AcousticMonitoringData/ELDON2_Data/Week16\ELDON2_20250426_052100.wav,20250426
2559,2562,Sturnella magna,Eastern Meadowlark,0.0181,D:/AcousticMonitoringData/ELDON2_Data/Week16\ELDON2_20250426_052100.wav,20250426
2562,2565,Sturnella magna,Eastern Meadowlark,0.5605,D:/AcousticMonitoringData/ELDON2_Data/Week16\ELDON2_20250426_052100.wav,20250426
2562,2565,Bartramia longicauda,Upland Sandpiper,0.0225,D:/AcousticMonitoringData/ELDON2_Data/Week16\ELDON2_20250426_052100.wav,20250426
2565,2568,Sturnella magna,Eastern Meadowlark,0.2993,D:/AcousticMonitoringData/ELDON2_Data/Week16\ELDON2_20250426_052100.wav,20250426
2568,2571,Sturnella magna,Eastern Meadowlark,0.3899,D:/AcousticMonitoringData/ELDON2_Data/Week16\ELDON2_20250426_052100.wav,20250426
2568,2571,Bartramia longicauda,Upland Sandpiper,0.0164,D:/AcousticMonitoringData/ELDON2_Data/Week16\ELDON2_20250426_052100.wav,20250426
2571,2574,Sturnella magna,Eastern Meadowlark,0.0384,D:/AcousticMonitoringData/ELDON2_Data/Week16\ELDON2_20250426_052100.wav,20250426
2574,2577,Sturnella magna,Eastern Meadowlark,0.8533,D:/AcousticMonitoringData/ELDON2_Data/Week16\ELDON2_20250426_052100.wav,20250426
2574,2577,Bartramia longicauda,Upland Sandpiper,0.0127,D:/AcousticMonitoringData/ELDON2_Data/Week16\ELDON2_20250426_052100.wav,20250426
2577,2580,Sturnella magna,Eastern Meadowlark,0.5102,D:/AcousticMonitoringData/ELDON2_Data/Week16\ELDON2_20250426_052100.wav,20250426
2577,2580,Bartramia longicauda,Upland Sandpiper,0.0499,D:/AcousticMonitoringData/ELDON2_Data/Week16\ELDON2_20250426_052100.wav,20250426
2580,2583,Sturnella magna,Eastern Meadowlark,0.8531,D:/AcousticMonitoringData/ELDON2_Data/Week16\ELDON2_20250426_052100.wav,20250426
2583,2586,Sturnella magna,Eastern Meadowlark,0.4953,D:/AcousticMonitoringData/ELDON2_Data/Week16\ELDON2_20250426_052100.wav,20250426
2586,2589,Sturnella magna,Eastern Meadowlark,0.3314,D:/AcousticMonitoringData/ELDON2_Data/Week16\ELDON2_20250426_052100.wav,20250426
2586,2589,Bartramia longicauda,Upland Sandpiper,0.0341,D:/AcousticMonitoringData/ELDON2_Data/Week16\ELDON2_20250426_052100.wav,20250426
2589,2592,Sturnella magna,Eastern Meadowlark,0.8323,D:/AcousticMonitoringData/ELDON2_Data/Week16\ELDON2_20250426_052100.wav,20250426
2592,2595,Sturnella magna,Eastern Meadowlark,0.1094,D:/AcousticMonitoringData/ELDON2_Data/Week16\ELDON2_20250426_052100.wav,20250426
2595,2598,Sturnella magna,Eastern Meadowlark,0.7981,D:/AcousticMonitoringData/ELDON2_Data/Week16\ELDON2_20250426_052100.wav,20250426
2598,2601,Sturnella magna,Eastern Meadowlark,0.9287,D:/AcousticMonitoringData/ELDON2_Data/Week16\ELDON2_20250426_052100.wav,20250426
2601,2604,Sturnella magna,Eastern Meadowlark,0.4004,D:/AcousticMonitoringData/ELDON2_Data/Week16\ELDON2_20250426_052100.wav,20250426
2601,2604,Bartramia longicauda,Upland Sandpiper,0.0124,D:/AcousticMonitoringData/ELDON2_Data/Week16\ELDON2_20250426_052100.wav,20250426
2604,2607,Sturnella magna,Eastern Meadowlark,0.4673,D:/AcousticMonitoringData/ELDON2_Data/Week16\ELDON2_20250426_052100.wav,20250426
2607,2610,Sturnella magna,Eastern Meadowlark,0.7734,D:/AcousticMonitoringData/ELDON2_Data/Week16\ELDON2_20250426_052100.wav,20250426
2610,2613,Sturnella magna,Eastern Meadowlark,0.988,D:/AcousticMonitoringData/ELDON2_Data/Week16\ELDON2_20250426_052100.wav,20250426
2613,2616,Sturnella magna,Eastern Meadowlark,0.9391,D:/AcousticMonitoringData/ELDON2_Data/Week16\ELDON2_20250426_052100.wav,20250426
2616,2619,Sturnella magna,Eastern Meadowlark,0.6379,D:/AcousticMonitoringData/ELDON2_Data/Week16\ELDON2_20250426_052100.wav,20250426
2619,2622,Sturnella magna,Eastern Meadowlark,0.9907,D:/AcousticMonitoringData/ELDON2_Data/Week16\ELDON2_20250426_052100.wav,20250426
2619,2622,Bartramia longicauda,Upland Sandpiper,0.0155,D:/AcousticMonitoringData/ELDON2_Data/Week16\ELDON2_20250426_052100.wav,20250426
2622,2625,Sturnella magna,Eastern Meadowlark,0.889,D:/AcousticMonitoringData/ELDON2_Data/Week16\ELDON2_20250426_052100.wav,20250426
2622,2625,Bartramia longicauda,Upland Sandpiper,0.0408,D:/AcousticMonitoringData/ELDON2_Data/Week16\ELDON2_20250426_052100.wav,20250426
2625,2628,Sturnella magna,Eastern Meadowlark,0.8277,D:/AcousticMonitoringData/ELDON2_Data/Week16\ELDON2_20250426_052100.wav,20250426
2628,2631,Sturnella magna,Eastern Meadowlark,0.5679,D:/AcousticMonitoringData/ELDON2_Data/Week16\ELDON2_20250426_052100.wav,20250426
2631,2634,Sturnella magna,Eastern Meadowlark,0.9438,D:/AcousticMonitoringData/ELDON2_Data/Week16\ELDON2_20250426_052100.wav,20250426
2631,2634,Eremophila alpestris,Horned Lark,0.0102,D:/AcousticMonitoringData/ELDON2_Data/Week16\ELDON2_20250426_052100.wav,20250426
2634,2637,Sturnella magna,Eastern Meadowlark,0.7693,D:/AcousticMonitoringData/ELDON2_Data/Week16\ELDON2_20250426_052100.wav,20250426
2637,2640,Sturnella magna,Eastern Meadowlark,0.3647,D:/AcousticMonitoringData/ELDON2_Data/Week16\ELDON2_20250426_052100.wav,20250426
2640,2643,Sturnella magna,Eastern Meadowlark,0.9597,D:/AcousticMonitoringData/ELDON2_Data/Week16\ELDON2_20250426_052100.wav,20250426
2643,2646,Sturnella magna,Eastern Meadowlark,0.2826,D:/AcousticMonitoringData/ELDON2_Data/Week16\ELDON2_20250426_052100.wav,20250426
2643,2646,Eremophila alpestris,Horned Lark,0.0184,D:/AcousticMonitoringData/ELDON2_Data/Week16\ELDON2_20250426_052100.wav,20250426
2646,2649,Sturnella magna,Eastern Meadowlark,0.8918,D:/AcousticMonitoringData/ELDON2_Data/Week16\ELDON2_20250426_052100.wav,20250426
2646,2649,Bartramia longicauda,Upland Sandpiper,0.0123,D:/AcousticMonitoringData/ELDON2_Data/Week16\ELDON2_20250426_052100.wav,20250426
2649,2652,Sturnella magna,Eastern Meadowlark,0.3049,D:/AcousticMonitoringData/ELDON2_Data/Week16\ELDON2_20250426_052100.wav,20250426
2649,2652,Eremophila alpestris,Horned Lark,0.0114,D:/AcousticMonitoringData/ELDON2_Data/Week16\ELDON2_20250426_052100.wav,20250426
2652,2655,Sturnella magna,Eastern Meadowlark,0.8972,D:/AcousticMonitoringData/ELDON2_Data/Week16\ELDON2_20250426_052100.wav,20250426
2652,2655,Bartramia longicauda,Upland Sandpiper,0.0161,D:/AcousticMonitoringData/ELDON2_Data/Week16\ELDON2_20250426_052100.wav,20250426
2655,2658,Sturnella magna,Eastern Meadowlark,0.5195,D:/AcousticMonitoringData/ELDON2_Data/Week16\ELDON2_20250426_052100.wav,20250426
2661,2664,Sturnella magna,Eastern Meadowlark,0.3071,D:/AcousticMonitoringData/ELDON2_Data/Week16\ELDON2_20250426_052100.wav,20250426
2667,2670,Sturnella magna,Eastern Meadowlark,0.9151,D:/AcousticMonitoringData/ELDON2_Data/Week16\ELDON2_20250426_052100.wav,20250426
2670,2673,Sturnella magna,Eastern Meadowlark,0.8671,D:/AcousticMonitoringData/ELDON2_Data/Week16\ELDON2_20250426_052100.wav,20250426
2673,2676,Sturnella magna,Eastern Meadowlark,0.833,D:/AcousticMonitoringData/ELDON2_Data/Week16\ELDON2_20250426_052100.wav,20250426
2676,2679,Sturnella magna,Eastern Meadowlark,0.0293,D:/AcousticMonitoringData/ELDON2_Data/Week16\ELDON2_20250426_052100.wav,20250426
2676,2679,Eremophila alpestris,Horned Lark,0.0145,D:/AcousticMonitoringData/ELDON2_Data/Week16\ELDON2_20250426_052100.wav,20250426
2679,2682,Sturnella magna,Eastern Meadowlark,0.9547,D:/AcousticMonitoringData/ELDON2_Data/Week16\ELDON2_20250426_052100.wav,20250426
2682,2685,Sturnella magna,Eastern Meadowlark,0.7592,D:/AcousticMonitoringData/ELDON2_Data/Week16\ELDON2_20250426_052100.wav,20250426
2685,2688,Sturnella magna,Eastern Meadowlark,0.7994,D:/AcousticMonitoringData/ELDON2_Data/Week16\ELDON2_20250426_052100.wav,20250426
2688,2691,Sturnella magna,Eastern Meadowlark,0.9245,D:/AcousticMonitoringData/ELDON2_Data/Week16\ELDON2_20250426_052100.wav,20250426
2691,2694,Sturnella magna,Eastern Meadowlark,0.5612,D:/AcousticMonitoringData/ELDON2_Data/Week16\ELDON2_20250426_052100.wav,20250426
2694,2697,Sturnella magna,Eastern Meadowlark,0.9262,D:/AcousticMonitoringData/ELDON2_Data/Week16\ELDON2_20250426_052100.wav,20250426
2697,2700,Sturnella magna,Eastern Meadowlark,0.3662,D:/AcousticMonitoringData/ELDON2_Data/Week16\ELDON2_20250426_052100.wav,20250426
2700,2703,Sturnella magna,Eastern Meadowlark,0.7614,D:/AcousticMonitoringData/ELDON2_Data/Week16\ELDON2_20250426_052100.wav,20250426
2703,2706,Sturnella magna,Eastern Meadowlark,0.7766,D:/AcousticMonitoringData/ELDON2_Data/Week16\ELDON2_20250426_052100.wav,20250426
2706,2709,Sturnella magna,Eastern Meadowlark,0.4518,D:/AcousticMonitoringData/ELDON2_Data/Week16\ELDON2_20250426_052100.wav,20250426
2709,2712,Sturnella magna,Eastern Meadowlark,0.9356,D:/AcousticMonitoringData/ELDON2_Data/Week16\ELDON2_20250426_052100.wav,20250426
2712,2715,Sturnella magna,Eastern Meadowlark,0.1079,D:/AcousticMonitoringData/ELDON2_Data/Week16\ELDON2_20250426_052100.wav,20250426
2715,2718,Sturnella magna,Eastern Meadowlark,0.9468,D:/AcousticMonitoringData/ELDON2_Data/Week16\ELDON2_20250426_052100.wav,20250426
2718,2721,Sturnella magna,Eastern Meadowlark,0.5738,D:/AcousticMonitoringData/ELDON2_Data/Week16\ELDON2_20250426_052100.wav,20250426
2721,2724,Sturnella magna,Eastern Meadowlark,0.9078,D:/AcousticMonitoringData/ELDON2_Data/Week16\ELDON2_20250426_052100.wav,20250426
2721,2724,Spizella pusilla,Field Sparrow,0.0285,D:/AcousticMonitoringData/ELDON2_Data/Week16\ELDON2_20250426_052100.wav,20250426
2724,2727,Sturnella magna,Eastern Meadowlark,0.5689,D:/AcousticMonitoringData/ELDON2_Data/Week16\ELDON2_20250426_052100.wav,20250426
2727,2730,Sturnella magna,Eastern Meadowlark,0.165,D:/AcousticMonitoringData/ELDON2_Data/Week16\ELDON2_20250426_052100.wav,20250426
2730,2733,Sturnella magna,Eastern Meadowlark,0.8991,D:/AcousticMonitoringData/ELDON2_Data/Week16\ELDON2_20250426_052100.wav,20250426
2730,2733,Bartramia longicauda,Upland Sandpiper,0.0147,D:/AcousticMonitoringData/ELDON2_Data/Week16\ELDON2_20250426_052100.wav,20250426
2733,2736,Sturnella magna,Eastern Meadowlark,0.4464,D:/AcousticMonitoringData/ELDON2_Data/Week16\ELDON2_20250426_052100.wav,20250426
2736,2739,Sturnella magna,Eastern Meadowlark,0.9711,D:/AcousticMonitoringData/ELDON2_Data/Week16\ELDON2_20250426_052100.wav,20250426
2739,2742,Sturnella magna,Eastern Meadowlark,0.1679,D:/AcousticMonitoringData/ELDON2_Data/Week16\ELDON2_20250426_052100.wav,20250426
2742,2745,Sturnella magna,Eastern Meadowlark,0.8493,D:/AcousticMonitoringData/ELDON2_Data/Week16\ELDON2_20250426_052100.wav,20250426
2742,2745,Bartramia longicauda,Upland Sandpiper,0.0122,D:/AcousticMonitoringData/ELDON2_Data/Week16\ELDON2_20250426_052100.wav,20250426
2745,2748,Sturnella magna,Eastern Meadowlark,0.943,D:/AcousticMonitoringData/ELDON2_Data/Week16\ELDON2_20250426_052100.wav,20250426
2748,2751,Sturnella magna,Eastern Meadowlark,0.2507,D:/AcousticMonitoringData/ELDON2_Data/Week16\ELDON2_20250426_052100.wav,20250426
2751,2754,Sturnella magna,Eastern Meadowlark,0.7412,D:/AcousticMonitoringData/ELDON2_Data/Week16\ELDON2_20250426_052100.wav,20250426
2754,2757,Sturnella magna,Eastern Meadowlark,0.8397,D:/AcousticMonitoringData/ELDON2_Data/Week16\ELDON2_20250426_052100.wav,20250426
2754,2757,Bartramia longicauda,Upland Sandpiper,0.0128,D:/AcousticMonitoringData/ELDON2_Data/Week16\ELDON2_20250426_052100.wav,20250426
2757,2760,Sturnella magna,Eastern Meadowlark,0.8545,D:/AcousticMonitoringData/ELDON2_Data/Week16\ELDON2_20250426_052100.wav,20250426
2760,2763,Sturnella magna,Eastern Meadowlark,0.5326,D:/AcousticMonitoringData/ELDON2_Data/Week16\ELDON2_20250426_052100.wav,20250426
2763,2766,Sturnella magna,Eastern Meadowlark,0.5868,D:/AcousticMonitoringData/ELDON2_Data/Week16\ELDON2_20250426_052100.wav,20250426
2766,2769,Sturnella magna,Eastern Meadowlark,0.878,D:/AcousticMonitoringData/ELDON2_Data/Week16\ELDON2_20250426_052100.wav,20250426
2769,2772,Sturnella magna,Eastern Meadowlark,0.8007,D:/AcousticMonitoringData/ELDON2_Data/Week16\ELDON2_20250426_052100.wav,20250426
2769,2772,Bartramia longicauda,Upland Sandpiper,0.0107,D:/AcousticMonitoringData/ELDON2_Data/Week16\ELDON2_20250426_052100.wav,20250426
2772,2775,Sturnella magna,Eastern Meadowlark,0.8592,D:/AcousticMonitoringData/ELDON2_Data/Week16\ELDON2_20250426_052100.wav,20250426
2775,2778,Sturnella magna,Eastern Meadowlark,0.9891,D:/AcousticMonitoringData/ELDON2_Data/Week16\ELDON2_20250426_052100.wav,20250426
2778,2781,Sturnella magna,Eastern Meadowlark,0.3047,D:/AcousticMonitoringData/ELDON2_Data/Week16\ELDON2_20250426_052100.wav,20250426
2781,2784,Sturnella magna,Eastern Meadowlark,0.406,D:/AcousticMonitoringData/ELDON2_Data/Week16\ELDON2_20250426_052100.wav,20250426
2781,2784,Eremophila alpestris,Horned Lark,0.0229,D:/AcousticMonitoringData/ELDON2_Data/Week16\ELDON2_20250426_052100.wav,20250426
2784,2787,Sturnella magna,Eastern Meadowlark,0.9201,D:/AcousticMonitoringData/ELDON2_Data/Week16\ELDON2_20250426_052100.wav,20250426
2787,2790,Sturnella magna,Eastern Meadowlark,0.0731,D:/AcousticMonitoringData/ELDON2_Data/Week16\ELDON2_20250426_052100.wav,20250426
2790,2793,Sturnella magna,Eastern Meadowlark,0.7173,D:/AcousticMonitoringData/ELDON2_Data/Week16\ELDON2_20250426_052100.wav,20250426
2793,2796,Sturnella magna,Eastern Meadowlark,0.4815,D:/AcousticMonitoringData/ELDON2_Data/Week16\ELDON2_20250426_052100.wav,20250426
2796,2799,Sturnella magna,Eastern Meadowlark,0.782,D:/AcousticMonitoringData/ELDON2_Data/Week16\ELDON2_20250426_052100.wav,20250426
2796,2799,Bartramia longicauda,Upland Sandpiper,0.0122,D:/AcousticMonitoringData/ELDON2_Data/Week16\ELDON2_20250426_052100.wav,20250426
2799,2802,Sturnella magna,Eastern Meadowlark,0.4904,D:/AcousticMonitoringData/ELDON2_Data/Week16\ELDON2_20250426_052100.wav,20250426
2802,2805,Sturnella magna,Eastern Meadowlark,0.9468,D:/AcousticMonitoringData/ELDON2_Data/Week16\ELDON2_20250426_052100.wav,20250426
2802,2805,Bartramia longicauda,Upland Sandpiper,0.0245,D:/AcousticMonitoringData/ELDON2_Data/Week16\ELDON2_20250426_052100.wav,20250426
2808,2811,Sturnella magna,Eastern Meadowlark,0.7412,D:/AcousticMonitoringData/ELDON2_Data/Week16\ELDON2_20250426_052100.wav,20250426
2811,2814,Sturnella magna,Eastern Meadowlark,0.682,D:/AcousticMonitoringData/ELDON2_Data/Week16\ELDON2_20250426_052100.wav,20250426
2814,2817,Sturnella magna,Eastern Meadowlark,0.3351,D:/AcousticMonitoringData/ELDON2_Data/Week16\ELDON2_20250426_052100.wav,20250426
2817,2820,Sturnella magna,Eastern Meadowlark,0.5228,D:/AcousticMonitoringData/ELDON2_Data/Week16\ELDON2_20250426_052100.wav,20250426
2820,2823,Sturnella magna,Eastern Meadowlark,0.2687,D:/AcousticMonitoringData/ELDON2_Data/Week16\ELDON2_20250426_052100.wav,20250426
2823,2826,Sturnella magna,Eastern Meadowlark,0.0297,D:/AcousticMonitoringData/ELDON2_Data/Week16\ELDON2_20250426_052100.wav,20250426
2826,2829,Sturnella magna,Eastern Meadowlark,0.1883,D:/AcousticMonitoringData/ELDON2_Data/Week16\ELDON2_20250426_052100.wav,20250426
2829,2832,Sturnella magna,Eastern Meadowlark,0.0272,D:/AcousticMonitoringData/ELDON2_Data/Week16\ELDON2_20250426_052100.wav,20250426
2832,2835,Sturnella magna,Eastern Meadowlark,0.5857,D:/AcousticMonitoringData/ELDON2_Data/Week16\ELDON2_20250426_052100.wav,20250426
2835,2838,Sturnella magna,Eastern Meadowlark,0.05,D:/AcousticMonitoringData/ELDON2_Data/Week16\ELDON2_20250426_052100.wav,20250426
2838,2841,Sturnella magna,Eastern Meadowlark,0.0288,D:/AcousticMonitoringData/ELDON2_Data/Week16\ELDON2_20250426_052100.wav,20250426
2841,2844,Sturnella magna,Eastern Meadowlark,0.0153,D:/AcousticMonitoringData/ELDON2_Data/Week16\ELDON2_20250426_052100.wav,20250426
2844,2847,Sturnella magna,Eastern Meadowlark,0.0877,D:/AcousticMonitoringData/ELDON2_Data/Week16\ELDON2_20250426_052100.wav,20250426
2850,2853,Sturnella magna,Eastern Meadowlark,0.0175,D:/AcousticMonitoringData/ELDON2_Data/Week16\ELDON2_20250426_052100.wav,20250426
2853,2856,Sturnella magna,Eastern Meadowlark,0.2176,D:/AcousticMonitoringData/ELDON2_Data/Week16\ELDON2_20250426_052100.wav,20250426
2856,2859,Sturnella magna,Eastern Meadowlark,0.0268,D:/AcousticMonitoringData/ELDON2_Data/Week16\ELDON2_20250426_052100.wav,20250426
2859,2862,Sturnella magna,Eastern Meadowlark,0.0617,D:/AcousticMonitoringData/ELDON2_Data/Week16\ELDON2_20250426_052100.wav,20250426
2862,2865,Sturnella magna,Eastern Meadowlark,0.26,D:/AcousticMonitoringData/ELDON2_Data/Week16\ELDON2_20250426_052100.wav,20250426
2865,2868,Sturnella magna,Eastern Meadowlark,0.0291,D:/AcousticMonitoringData/ELDON2_Data/Week16\ELDON2_20250426_052100.wav,20250426
2868,2871,Sturnella magna,Eastern Meadowlark,0.0707,D:/AcousticMonitoringData/ELDON2_Data/Week16\ELDON2_20250426_052100.wav,20250426
2874,2877,Sturnella magna,Eastern Meadowlark,0.2682,D:/AcousticMonitoringData/ELDON2_Data/Week16\ELDON2_20250426_052100.wav,20250426
2877,2880,Sturnella magna,Eastern Meadowlark,0.04,D:/AcousticMonitoringData/ELDON2_Data/Week16\ELDON2_20250426_052100.wav,20250426
2880,2883,Sturnella magna,Eastern Meadowlark,0.7056,D:/AcousticMonitoringData/ELDON2_Data/Week16\ELDON2_20250426_052100.wav,20250426
2880,2883,Passerina caerulea,Blue Grosbeak,0.0326,D:/AcousticMonitoringData/ELDON2_Data/Week16\ELDON2_20250426_052100.wav,20250426
2880,2883,Spizella pusilla,Field Sparrow,0.0113,D:/AcousticMonitoringData/ELDON2_Data/Week16\ELDON2_20250426_052100.wav,20250426
2883,2886,Sturnella magna,Eastern Meadowlark,0.0268,D:/AcousticMonitoringData/ELDON2_Data/Week16\ELDON2_20250426_052100.wav,20250426
2886,2889,Sturnella magna,Eastern Meadowlark,0.0551,D:/AcousticMonitoringData/ELDON2_Data/Week16\ELDON2_20250426_052100.wav,20250426
2889,2892,Sturnella magna,Eastern Meadowlark,0.1142,D:/AcousticMonitoringData/ELDON2_Data/Week16\ELDON2_20250426_052100.wav,20250426
2892,2895,Sturnella magna,Eastern Meadowlark,0.0279,D:/AcousticMonitoringData/ELDON2_Data/Week16\ELDON2_20250426_052100.wav,20250426
2895,2898,Sturnella magna,Eastern Meadowlark,0.443,D:/AcousticMonitoringData/ELDON2_Data/Week16\ELDON2_20250426_052100.wav,20250426
2895,2898,Bartramia longicauda,Upland Sandpiper,0.0171,D:/AcousticMonitoringData/ELDON2_Data/Week16\ELDON2_20250426_052100.wav,20250426
2898,2901,Sturnella magna,Eastern Meadowlark,0.1962,D:/AcousticMonitoringData/ELDON2_Data/Week16\ELDON2_20250426_052100.wav,20250426
2898,2901,Bartramia longicauda,Upland Sandpiper,0.0129,D:/AcousticMonitoringData/ELDON2_Data/Week16\ELDON2_20250426_052100.wav,20250426
2904,2907,Sturnella magna,Eastern Meadowlark,0.3163,D:/AcousticMonitoringData/ELDON2_Data/Week16\ELDON2_20250426_052100.wav,20250426
2907,2910,Sturnella magna,Eastern Meadowlark,0.0356,D:/AcousticMonitoringData/ELDON2_Data/Week16\ELDON2_20250426_052100.wav,20250426
2910,2913,Sturnella magna,Eastern Meadowlark,0.2148,D:/AcousticMonitoringData/ELDON2_Data/Week16\ELDON2_20250426_052100.wav,20250426
2913,2916,Sturnella magna,Eastern Meadowlark,0.0864,D:/AcousticMonitoringData/ELDON2_Data/Week16\ELDON2_20250426_052100.wav,20250426
2916,2919,Sturnella magna,Eastern Meadowlark,0.1131,D:/AcousticMonitoringData/ELDON2_Data/Week16\ELDON2_20250426_052100.wav,20250426
2916,2919,Bartramia longicauda,Upland Sandpiper,0.0152,D:/AcousticMonitoringData/ELDON2_Data/Week16\ELDON2_20250426_052100.wav,20250426
2919,2922,Sturnella magna,Eastern Meadowlark,0.0133,D:/AcousticMonitoringData/ELDON2_Data/Week16\ELDON2_20250426_052100.wav,20250426
2922,2925,Sturnella magna,Eastern Meadowlark,0.7636,D:/AcousticMonitoringData/ELDON2_Data/Week16\ELDON2_20250426_052100.wav,20250426
2922,2925,Bartramia longicauda,Upland Sandpiper,0.0926,D:/AcousticMonitoringData/ELDON2_Data/Week16\ELDON2_20250426_052100.wav,20250426
2928,2931,Sturnella magna,Eastern Meadowlark,0.0616,D:/AcousticMonitoringData/ELDON2_Data/Week16\ELDON2_20250426_052100.wav,20250426
2931,2934,Sturnella magna,Eastern Meadowlark,0.0404,D:/AcousticMonitoringData/ELDON2_Data/Week16\ELDON2_20250426_052100.wav,20250426
2934,2937,Sturnella magna,Eastern Meadowlark,0.9574,D:/AcousticMonitoringData/ELDON2_Data/Week16\ELDON2_20250426_052100.wav,20250426
2937,2940,Sturnella magna,Eastern Meadowlark,0.963,D:/AcousticMonitoringData/ELDON2_Data/Week16\ELDON2_20250426_052100.wav,20250426
2940,2943,Sturnella magna,Eastern Meadowlark,0.4511,D:/AcousticMonitoringData/ELDON2_Data/Week16\ELDON2_20250426_052100.wav,20250426
2943,2946,Sturnella magna,Eastern Meadowlark,0.823,D:/AcousticMonitoringData/ELDON2_Data/Week16\ELDON2_20250426_052100.wav,20250426
2946,2949,Sturnella magna,Eastern Meadowlark,0.0965,D:/AcousticMonitoringData/ELDON2_Data/Week16\ELDON2_20250426_052100.wav,20250426
2949,2952,Sturnella magna,Eastern Meadowlark,0.855,D:/AcousticMonitoringData/ELDON2_Data/Week16\ELDON2_20250426_052100.wav,20250426
2952,2955,Spizella pusilla,Field Sparrow,0.0218,D:/AcousticMonitoringData/ELDON2_Data/Week16\ELDON2_20250426_052100.wav,20250426
2952,2955,Sturnella magna,Eastern Meadowlark,0.021,D:/AcousticMonitoringData/ELDON2_Data/Week16\ELDON2_20250426_052100.wav,20250426
2955,2958,Sturnella magna,Eastern Meadowlark,0.9546,D:/AcousticMonitoringData/ELDON2_Data/Week16\ELDON2_20250426_052100.wav,20250426
2955,2958,Passerina caerulea,Blue Grosbeak,0.091,D:/AcousticMonitoringData/ELDON2_Data/Week16\ELDON2_20250426_052100.wav,20250426
2955,2958,Bartramia longicauda,Upland Sandpiper,0.0272,D:/AcousticMonitoringData/ELDON2_Data/Week16\ELDON2_20250426_052100.wav,20250426
2958,2961,Sturnella magna,Eastern Meadowlark,0.6127,D:/AcousticMonitoringData/ELDON2_Data/Week16\ELDON2_20250426_052100.wav,20250426
2961,2964,Sturnella magna,Eastern Meadowlark,0.0205,D:/AcousticMonitoringData/ELDON2_Data/Week16\ELDON2_20250426_052100.wav,20250426
2964,2967,Sturnella magna,Eastern Meadowlark,0.9588,D:/AcousticMonitoringData/ELDON2_Data/Week16\ELDON2_20250426_052100.wav,20250426
2967,2970,Sturnella magna,Eastern Meadowlark,0.0432,D:/AcousticMonitoringData/ELDON2_Data/Week16\ELDON2_20250426_052100.wav,20250426
2970,2973,Sturnella magna,Eastern Meadowlark,0.9224,D:/AcousticMonitoringData/ELDON2_Data/Week16\ELDON2_20250426_052100.wav,20250426
2970,2973,Bartramia longicauda,Upland Sandpiper,0.0196,D:/AcousticMonitoringData/ELDON2_Data/Week16\ELDON2_20250426_052100.wav,20250426
2973,2976,Sturnella magna,Eastern Meadowlark,0.9024,D:/AcousticMonitoringData/ELDON2_Data/Week16\ELDON2_20250426_052100.wav,20250426
2976,2979,Sturnella magna,Eastern Meadowlark,0.7182,D:/AcousticMonitoringData/ELDON2_Data/Week16\ELDON2_20250426_052100.wav,20250426
2979,2982,Sturnella magna,Eastern Meadowlark,0.9312,D:/AcousticMonitoringData/ELDON2_Data/Week16\ELDON2_20250426_052100.wav,20250426
2982,2985,Sturnella magna,Eastern Meadowlark,0.9275,D:/AcousticMonitoringData/ELDON2_Data/Week16\ELDON2_20250426_052100.wav,20250426
2985,2988,Sturnella magna,Eastern Meadowlark,0.0673,D:/AcousticMonitoringData/ELDON2_Data/Week16\ELDON2_20250426_052100.wav,20250426
2988,2991,Sturnella magna,Eastern Meadowlark,0.4798,D:/AcousticMonitoringData/ELDON2_Data/Week16\ELDON2_20250426_052100.wav,20250426
2991,2994,Sturnella magna,Eastern Meadowlark,0.9936,D:/AcousticMonitoringData/ELDON2_Data/Week16\ELDON2_20250426_052100.wav,20250426
2994,2997,Sturnella magna,Eastern Meadowlark,0.9301,D:/AcousticMonitoringData/ELDON2_Data/Week16\ELDON2_20250426_052100.wav,20250426
2997,3000,Sturnella magna,Eastern Meadowlark,0.3168,D:/AcousticMonitoringData/ELDON2_Data/Week16\ELDON2_20250426_052100.wav,20250426
3000,3003,Sturnella magna,Eastern Meadowlark,0.8917,D:/AcousticMonitoringData/ELDON2_Data/Week16\ELDON2_20250426_052100.wav,20250426
3003,3006,Sturnella magna,Eastern Meadowlark,0.5123,D:/AcousticMonitoringData/ELDON2_Data/Week16\ELDON2_20250426_052100.wav,20250426
3006,3009,Sturnella magna,Eastern Meadowlark,0.9891,D:/AcousticMonitoringData/ELDON2_Data/Week16\ELDON2_20250426_052100.wav,20250426
3009,3012,Sturnella magna,Eastern Meadowlark,0.2,D:/AcousticMonitoringData/ELDON2_Data/Week16\ELDON2_20250426_052100.wav,20250426
3012,3015,Sturnella magna,Eastern Meadowlark,0.8157,D:/AcousticMonitoringData/ELDON2_Data/Week16\ELDON2_20250426_052100.wav,20250426
3015,3018,Sturnella magna,Eastern Meadowlark,0.7268,D:/AcousticMonitoringData/ELDON2_Data/Week16\ELDON2_20250426_052100.wav,20250426
3018,3021,Sturnella magna,Eastern Meadowlark,0.787,D:/AcousticMonitoringData/ELDON2_Data/Week16\ELDON2_20250426_052100.wav,20250426
3024,3027,Sturnella magna,Eastern Meadowlark,0.6582,D:/AcousticMonitoringData/ELDON2_Data/Week16\ELDON2_20250426_052100.wav,20250426
3027,3030,Sturnella magna,Eastern Meadowlark,0.4352,D:/AcousticMonitoringData/ELDON2_Data/Week16\ELDON2_20250426_052100.wav,20250426
3030,3033,Sturnella magna,Eastern Meadowlark,0.562,D:/AcousticMonitoringData/ELDON2_Data/Week16\ELDON2_20250426_052100.wav,20250426
3033,3036,Sturnella magna,Eastern Meadowlark,0.2252,D:/AcousticMonitoringData/ELDON2_Data/Week16\ELDON2_20250426_052100.wav,20250426
3036,3039,Sturnella magna,Eastern Meadowlark,0.8833,D:/AcousticMonitoringData/ELDON2_Data/Week16\ELDON2_20250426_052100.wav,20250426
3039,3042,Sturnella magna,Eastern Meadowlark,0.2797,D:/AcousticMonitoringData/ELDON2_Data/Week16\ELDON2_20250426_052100.wav,20250426
3042,3045,Sturnella magna,Eastern Meadowlark,0.8984,D:/AcousticMonitoringData/ELDON2_Data/Week16\ELDON2_20250426_052100.wav,20250426
3045,3048,Sturnella magna,Eastern Meadowlark,0.6236,D:/AcousticMonitoringData/ELDON2_Data/Week16\ELDON2_20250426_052100.wav,20250426
3048,3051,Sturnella magna,Eastern Meadowlark,0.6082,D:/AcousticMonitoringData/ELDON2_Data/Week16\ELDON2_20250426_052100.wav,20250426
3051,3054,Sturnella magna,Eastern Meadowlark,0.54,D:/AcousticMonitoringData/ELDON2_Data/Week16\ELDON2_20250426_052100.wav,20250426
3054,3057,Sturnella magna,Eastern Meadowlark,0.1535,D:/AcousticMonitoringData/ELDON2_Data/Week16\ELDON2_20250426_052100.wav,20250426
3057,3060,Sturnella magna,Eastern Meadowlark,0.4175,D:/AcousticMonitoringData/ELDON2_Data/Week16\ELDON2_20250426_052100.wav,20250426
3060,3063,Sturnella magna,Eastern Meadowlark,0.9593,D:/AcousticMonitoringData/ELDON2_Data/Week16\ELDON2_20250426_052100.wav,20250426
3063,3066,Sturnella magna,Eastern Meadowlark,0.1286,D:/AcousticMonitoringData/ELDON2_Data/Week16\ELDON2_20250426_052100.wav,20250426
3063,3066,Bartramia longicauda,Upland Sandpiper,0.0154,D:/AcousticMonitoringData/ELDON2_Data/Week16\ELDON2_20250426_052100.wav,20250426
3066,3069,Sturnella magna,Eastern Meadowlark,0.094,D:/AcousticMonitoringData/ELDON2_Data/Week16\ELDON2_20250426_052100.wav,20250426
3069,3072,Sturnella magna,Eastern Meadowlark,0.1845,D:/AcousticMonitoringData/ELDON2_Data/Week16\ELDON2_20250426_052100.wav,20250426
3072,3075,Sturnella magna,Eastern Meadowlark,0.7057,D:/AcousticMonitoringData/ELDON2_Data/Week16\ELDON2_20250426_052100.wav,20250426
3072,3075,Bartramia longicauda,Upland Sandpiper,0.0204,D:/AcousticMonitoringData/ELDON2_Data/Week16\ELDON2_20250426_052100.wav,20250426
3075,3078,Sturnella magna,Eastern Meadowlark,0.8301,D:/AcousticMonitoringData/ELDON2_Data/Week16\ELDON2_20250426_052100.wav,20250426
3075,3078,Bartramia longicauda,Upland Sandpiper,0.0133,D:/AcousticMonitoringData/ELDON2_Data/Week16\ELDON2_20250426_052100.wav,20250426
3078,3081,Sturnella magna,Eastern Meadowlark,0.4734,D:/AcousticMonitoringData/ELDON2_Data/Week16\ELDON2_20250426_052100.wav,20250426
3081,3084,Sturnella magna,Eastern Meadowlark,0.1513,D:/AcousticMonitoringData/ELDON2_Data/Week16\ELDON2_20250426_052100.wav,20250426
3084,3087,Sturnella magna,Eastern Meadowlark,0.5464,D:/AcousticMonitoringData/ELDON2_Data/Week16\ELDON2_20250426_052100.wav,20250426
3084,3087,Bartramia longicauda,Upland Sandpiper,0.0229,D:/AcousticMonitoringData/ELDON2_Data/Week16\ELDON2_20250426_052100.wav,20250426
3087,3090,Sturnella magna,Eastern Meadowlark,0.3317,D:/AcousticMonitoringData/ELDON2_Data/Week16\ELDON2_20250426_052100.wav,20250426
3087,3090,Bartramia longicauda,Upland Sandpiper,0.0198,D:/AcousticMonitoringData/ELDON2_Data/Week16\ELDON2_20250426_052100.wav,20250426
3090,3093,Sturnella magna,Eastern Meadowlark,0.1556,D:/AcousticMonitoringData/ELDON2_Data/Week16\ELDON2_20250426_052100.wav,20250426
3093,3096,Sturnella magna,Eastern Meadowlark,0.6168,D:/AcousticMonitoringData/ELDON2_Data/Week16\ELDON2_20250426_052100.wav,20250426
3096,3099,Sturnella magna,Eastern Meadowlark,0.2119,D:/AcousticMonitoringData/ELDON2_Data/Week16\ELDON2_20250426_052100.wav,20250426
3099,3102,Sturnella magna,Eastern Meadowlark,0.1032,D:/AcousticMonitoringData/ELDON2_Data/Week16\ELDON2_20250426_052100.wav,20250426
3102,3105,Sturnella magna,Eastern Meadowlark,0.4766,D:/AcousticMonitoringData/ELDON2_Data/Week16\ELDON2_20250426_052100.wav,20250426
3102,3105,Bartramia longicauda,Upland Sandpiper,0.0147,D:/AcousticMonitoringData/ELDON2_Data/Week16\ELDON2_20250426_052100.wav,20250426
3105,3108,Sturnella magna,Eastern Meadowlark,0.0567,D:/AcousticMonitoringData/ELDON2_Data/Week16\ELDON2_20250426_052100.wav,20250426
3108,3111,Sturnella magna,Eastern Meadowlark,0.5186,D:/AcousticMonitoringData/ELDON2_Data/Week16\ELDON2_20250426_052100.wav,20250426
3111,3114,Sturnella magna,Eastern Meadowlark,0.248,D:/AcousticMonitoringData/ELDON2_Data/Week16\ELDON2_20250426_052100.wav,20250426
3114,3117,Sturnella magna,Eastern Meadowlark,0.5535,D:/AcousticMonitoringData/ELDON2_Data/Week16\ELDON2_20250426_052100.wav,20250426
3117,3120,Sturnella magna,Eastern Meadowlark,0.4236,D:/AcousticMonitoringData/ELDON2_Data/Week16\ELDON2_20250426_052100.wav,20250426
3120,3123,Sturnella magna,Eastern Meadowlark,0.1683,D:/AcousticMonitoringData/ELDON2_Data/Week16\ELDON2_20250426_052100.wav,20250426
3123,3126,Sturnella magna,Eastern Meadowlark,0.6663,D:/AcousticMonitoringData/ELDON2_Data/Week16\ELDON2_20250426_052100.wav,20250426
3123,3126,Bartramia longicauda,Upland Sandpiper,0.025,D:/AcousticMonitoringData/ELDON2_Data/Week16\ELDON2_20250426_052100.wav,20250426
3126,3129,Sturnella magna,Eastern Meadowlark,0.6462,D:/AcousticMonitoringData/ELDON2_Data/Week16\ELDON2_20250426_052100.wav,20250426
3129,3132,Sturnella magna,Eastern Meadowlark,0.0683,D:/AcousticMonitoringData/ELDON2_Data/Week16\ELDON2_20250426_052100.wav,20250426
3132,3135,Sturnella magna,Eastern Meadowlark,0.1099,D:/AcousticMonitoringData/ELDON2_Data/Week16\ELDON2_20250426_052100.wav,20250426
3135,3138,Sturnella magna,Eastern Meadowlark,0.5883,D:/AcousticMonitoringData/ELDON2_Data/Week16\ELDON2_20250426_052100.wav,20250426
3138,3141,Sturnella magna,Eastern Meadowlark,0.8321,D:/AcousticMonitoringData/ELDON2_Data/Week16\ELDON2_20250426_052100.wav,20250426
3144,3147,Sturnella magna,Eastern Meadowlark,0.3138,D:/AcousticMonitoringData/ELDON2_Data/Week16\ELDON2_20250426_052100.wav,20250426
3144,3147,Bartramia longicauda,Upland Sandpiper,0.0178,D:/AcousticMonitoringData/ELDON2_Data/Week16\ELDON2_20250426_052100.wav,20250426
3147,3150,Sturnella magna,Eastern Meadowlark,0.5087,D:/AcousticMonitoringData/ELDON2_Data/Week16\ELDON2_20250426_052100.wav,20250426
3150,3153,Sturnella magna,Eastern Meadowlark,0.1418,D:/AcousticMonitoringData/ELDON2_Data/Week16\ELDON2_20250426_052100.wav,20250426
3150,3153,Bartramia longicauda,Upland Sandpiper,0.0179,D:/AcousticMonitoringData/ELDON2_Data/Week16\ELDON2_20250426_052100.wav,20250426
3150,3153,Spizella pusilla,Field Sparrow,0.0148,D:/AcousticMonitoringData/ELDON2_Data/Week16\ELDON2_20250426_052100.wav,20250426
3153,3156,Sturnella magna,Eastern Meadowlark,0.5541,D:/AcousticMonitoringData/ELDON2_Data/Week16\ELDON2_20250426_052100.wav,20250426
3156,3159,Sturnella magna,Eastern Meadowlark,0.1458,D:/AcousticMonitoringData/ELDON2_Data/Week16\ELDON2_20250426_052100.wav,20250426
3159,3162,Sturnella magna,Eastern Meadowlark,0.8879,D:/AcousticMonitoringData/ELDON2_Data/Week16\ELDON2_20250426_052100.wav,20250426
3162,3165,Sturnella magna,Eastern Meadowlark,0.3414,D:/AcousticMonitoringData/ELDON2_Data/Week16\ELDON2_20250426_052100.wav,20250426
3165,3168,Sturnella magna,Eastern Meadowlark,0.4607,D:/AcousticMonitoringData/ELDON2_Data/Week16\ELDON2_20250426_052100.wav,20250426
3165,3168,Spizella pusilla,Field Sparrow,0.0103,D:/AcousticMonitoringData/ELDON2_Data/Week16\ELDON2_20250426_052100.wav,20250426
3168,3171,Sturnella magna,Eastern Meadowlark,0.0832,D:/AcousticMonitoringData/ELDON2_Data/Week16\ELDON2_20250426_052100.wav,20250426
3171,3174,Sturnella magna,Eastern Meadowlark,0.0243,D:/AcousticMonitoringData/ELDON2_Data/Week16\ELDON2_20250426_052100.wav,20250426
3174,3177,Sturnella magna,Eastern Meadowlark,0.3568,D:/AcousticMonitoringData/ELDON2_Data/Week16\ELDON2_20250426_052100.wav,20250426
3177,3180,Sturnella magna,Eastern Meadowlark,0.0312,D:/AcousticMonitoringData/ELDON2_Data/Week16\ELDON2_20250426_052100.wav,20250426
3180,3183,Sturnella magna,Eastern Meadowlark,0.3136,D:/AcousticMonitoringData/ELDON2_Data/Week16\ELDON2_20250426_052100.wav,20250426
3180,3183,Bartramia longicauda,Upland Sandpiper,0.0109,D:/AcousticMonitoringData/ELDON2_Data/Week16\ELDON2_20250426_052100.wav,20250426
3183,3186,Sturnella magna,Eastern Meadowlark,0.1105,D:/AcousticMonitoringData/ELDON2_Data/Week16\ELDON2_20250426_052100.wav,20250426
3186,3189,Sturnella magna,Eastern Meadowlark,0.8163,D:/AcousticMonitoringData/ELDON2_Data/Week16\ELDON2_20250426_052100.wav,20250426
3189,3192,Sturnella magna,Eastern Meadowlark,0.8503,D:/AcousticMonitoringData/ELDON2_Data/Week16\ELDON2_20250426_052100.wav,20250426
3189,3192,Bartramia longicauda,Upland Sandpiper,0.0304,D:/AcousticMonitoringData/ELDON2_Data/Week16\ELDON2_20250426_052100.wav,20250426
3192,3195,Sturnella magna,Eastern Meadowlark,0.1048,D:/AcousticMonitoringData/ELDON2_Data/Week16\ELDON2_20250426_052100.wav,20250426
3195,3198,Sturnella magna,Eastern Meadowlark,0.8299,D:/AcousticMonitoringData/ELDON2_Data/Week16\ELDON2_20250426_052100.wav,20250426
3198,3201,Sturnella magna,Eastern Meadowlark,0.0663,D:/AcousticMonitoringData/ELDON2_Data/Week16\ELDON2_20250426_052100.wav,20250426
3201,3204,Sturnella magna,Eastern Meadowlark,0.2996,D:/AcousticMonitoringData/ELDON2_Data/Week16\ELDON2_20250426_052100.wav,20250426
3201,3204,Bartramia longicauda,Upland Sandpiper,0.0125,D:/AcousticMonitoringData/ELDON2_Data/Week16\ELDON2_20250426_052100.wav,20250426
3204,3207,Sturnella magna,Eastern Meadowlark,0.3993,D:/AcousticMonitoringData/ELDON2_Data/Week16\ELDON2_20250426_052100.wav,20250426
3204,3207,Bartramia longicauda,Upland Sandpiper,0.0209,D:/AcousticMonitoringData/ELDON2_Data/Week16\ELDON2_20250426_052100.wav,20250426
3207,3210,Sturnella magna,Eastern Meadowlark,0.9162,D:/AcousticMonitoringData/ELDON2_Data/Week16\ELDON2_20250426_052100.wav,20250426
3207,3210,Bartramia longicauda,Upland Sandpiper,0.0249,D:/AcousticMonitoringData/ELDON2_Data/Week16\ELDON2_20250426_052100.wav,20250426
3210,3213,Sturnella magna,Eastern Meadowlark,0.0344,D:/AcousticMonitoringData/ELDON2_Data/Week16\ELDON2_20250426_052100.wav,20250426
3213,3216,Sturnella magna,Eastern Meadowlark,0.1211,D:/AcousticMonitoringData/ELDON2_Data/Week16\ELDON2_20250426_052100.wav,20250426
3216,3219,Sturnella magna,Eastern Meadowlark,0.8279,D:/AcousticMonitoringData/ELDON2_Data/Week16\ELDON2_20250426_052100.wav,20250426
3219,3222,Sturnella magna,Eastern Meadowlark,0.7673,D:/AcousticMonitoringData/ELDON2_Data/Week16\ELDON2_20250426_052100.wav,20250426
3222,3225,Sturnella magna,Eastern Meadowlark,0.1956,D:/AcousticMonitoringData/ELDON2_Data/Week16\ELDON2_20250426_052100.wav,20250426
3225,3228,Sturnella magna,Eastern Meadowlark,0.1937,D:/AcousticMonitoringData/ELDON2_Data/Week16\ELDON2_20250426_052100.wav,20250426
3228,3231,Sturnella magna,Eastern Meadowlark,0.6746,D:/AcousticMonitoringData/ELDON2_Data/Week16\ELDON2_20250426_052100.wav,20250426
3231,3234,Sturnella magna,Eastern Meadowlark,0.8053,D:/AcousticMonitoringData/ELDON2_Data/Week16\ELDON2_20250426_052100.wav,20250426
3234,3237,Sturnella magna,Eastern Meadowlark,0.8049,D:/AcousticMonitoringData/ELDON2_Data/Week16\ELDON2_20250426_052100.wav,20250426
3237,3240,Sturnella magna,Eastern Meadowlark,0.2443,D:/AcousticMonitoringData/ELDON2_Data/Week16\ELDON2_20250426_052100.wav,20250426
3240,3243,Sturnella magna,Eastern Meadowlark,0.0866,D:/AcousticMonitoringData/ELDON2_Data/Week16\ELDON2_20250426_052100.wav,20250426
3240,3243,Bartramia longicauda,Upland Sandpiper,0.0103,D:/AcousticMonitoringData/ELDON2_Data/Week16\ELDON2_20250426_052100.wav,20250426
3243,3246,Sturnella magna,Eastern Meadowlark,0.6439,D:/AcousticMonitoringData/ELDON2_Data/Week16\ELDON2_20250426_052100.wav,20250426
3246,3249,Sturnella magna,Eastern Meadowlark,0.4063,D:/AcousticMonitoringData/ELDON2_Data/Week16\ELDON2_20250426_052100.wav,20250426
3249,3252,Sturnella magna,Eastern Meadowlark,0.1444,D:/AcousticMonitoringData/ELDON2_Data/Week16\ELDON2_20250426_052100.wav,20250426
3252,3255,Sturnella magna,Eastern Meadowlark,0.064,D:/AcousticMonitoringData/ELDON2_Data/Week16\ELDON2_20250426_052100.wav,20250426
3255,3258,Sturnella magna,Eastern Meadowlark,0.8858,D:/AcousticMonitoringData/ELDON2_Data/Week16\ELDON2_20250426_052100.wav,20250426
3255,3258,Bartramia longicauda,Upland Sandpiper,0.0149,D:/AcousticMonitoringData/ELDON2_Data/Week16\ELDON2_20250426_052100.wav,20250426
3258,3261,Sturnella magna,Eastern Meadowlark,0.0281,D:/AcousticMonitoringData/ELDON2_Data/Week16\ELDON2_20250426_052100.wav,20250426
3258,3261,Passerina caerulea,Blue Grosbeak,0.0105,D:/AcousticMonitoringData/ELDON2_Data/Week16\ELDON2_20250426_052100.wav,20250426
3261,3264,Sturnella magna,Eastern Meadowlark,0.2737,D:/AcousticMonitoringData/ELDON2_Data/Week16\ELDON2_20250426_052100.wav,20250426
3261,3264,Bartramia longicauda,Upland Sandpiper,0.0105,D:/AcousticMonitoringData/ELDON2_Data/Week16\ELDON2_20250426_052100.wav,20250426
3264,3267,Sturnella magna,Eastern Meadowlark,0.2783,D:/AcousticMonitoringData/ELDON2_Data/Week16\ELDON2_20250426_052100.wav,20250426
3267,3270,Sturnella magna,Eastern Meadowlark,0.7737,D:/AcousticMonitoringData/ELDON2_Data/Week16\ELDON2_20250426_052100.wav,20250426
3267,3270,Bartramia longicauda,Upland Sandpiper,0.0157,D:/AcousticMonitoringData/ELDON2_Data/Week16\ELDON2_20250426_052100.wav,20250426
3270,3273,Sturnella magna,Eastern Meadowlark,0.1482,D:/AcousticMonitoringData/ELDON2_Data/Week16\ELDON2_20250426_052100.wav,20250426
3273,3276,Sturnella magna,Eastern Meadowlark,0.439,D:/AcousticMonitoringData/ELDON2_Data/Week16\ELDON2_20250426_052100.wav,20250426
3276,3279,Sturnella magna,Eastern Meadowlark,0.0528,D:/AcousticMonitoringData/ELDON2_Data/Week16\ELDON2_20250426_052100.wav,20250426
3279,3282,Sturnella magna,Eastern Meadowlark,0.2815,D:/AcousticMonitoringData/ELDON2_Data/Week16\ELDON2_20250426_052100.wav,20250426
3279,3282,Spizella pusilla,Field Sparrow,0.0406,D:/AcousticMonitoringData/ELDON2_Data/Week16\ELDON2_20250426_052100.wav,20250426
3279,3282,Bartramia longicauda,Upland Sandpiper,0.0122,D:/AcousticMonitoringData/ELDON2_Data/Week16\ELDON2_20250426_052100.wav,20250426
3279,3282,Eremophila alpestris,Horned Lark,0.0118,D:/AcousticMonitoringData/ELDON2_Data/Week16\ELDON2_20250426_052100.wav,20250426
3282,3285,Sturnella magna,Eastern Meadowlark,0.3548,D:/AcousticMonitoringData/ELDON2_Data/Week16\ELDON2_20250426_052100.wav,20250426
3282,3285,Bartramia longicauda,Upland Sandpiper,0.02,D:/AcousticMonitoringData/ELDON2_Data/Week16\ELDON2_20250426_052100.wav,20250426
3285,3288,Sturnella magna,Eastern Meadowlark,0.6325,D:/AcousticMonitoringData/ELDON2_Data/Week16\ELDON2_20250426_052100.wav,20250426
3288,3291,Sturnella magna,Eastern Meadowlark,0.0351,D:/AcousticMonitoringData/ELDON2_Data/Week16\ELDON2_20250426_052100.wav,20250426
3291,3294,Sturnella magna,Eastern Meadowlark,0.1376,D:/AcousticMonitoringData/ELDON2_Data/Week16\ELDON2_20250426_052100.wav,20250426
3294,3297,Sturnella magna,Eastern Meadowlark,0.5888,D:/AcousticMonitoringData/ELDON2_Data/Week16\ELDON2_20250426_052100.wav,20250426
3294,3297,Spizella pusilla,Field Sparrow,0.0193,D:/AcousticMonitoringData/ELDON2_Data/Week16\ELDON2_20250426_052100.wav,20250426
3294,3297,Bartramia longicauda,Upland Sandpiper,0.0108,D:/AcousticMonitoringData/ELDON2_Data/Week16\ELDON2_20250426_052100.wav,20250426
3294,3297,Eremophila alpestris,Horned Lark,0.0101,D:/AcousticMonitoringData/ELDON2_Data/Week16\ELDON2_20250426_052100.wav,20250426
3297,3300,Sturnella magna,Eastern Meadowlark,0.2085,D:/AcousticMonitoringData/ELDON2_Data/Week16\ELDON2_20250426_052100.wav,20250426
3300,3303,Sturnella magna,Eastern Meadowlark,0.2448,D:/AcousticMonitoringData/ELDON2_Data/Week16\ELDON2_20250426_052100.wav,20250426
3303,3306,Sturnella magna,Eastern Meadowlark,0.0827,D:/AcousticMonitoringData/ELDON2_Data/Week16\ELDON2_20250426_052100.wav,20250426
3303,3306,Bartramia longicauda,Upland Sandpiper,0.0106,D:/AcousticMonitoringData/ELDON2_Data/Week16\ELDON2_20250426_052100.wav,20250426
3306,3309,Sturnella magna,Eastern Meadowlark,0.5357,D:/AcousticMonitoringData/ELDON2_Data/Week16\ELDON2_20250426_052100.wav,20250426
3306,3309,Spizella pusilla,Field Sparrow,0.0525,D:/AcousticMonitoringData/ELDON2_Data/Week16\ELDON2_20250426_052100.wav,20250426
3306,3309,Passerina caerulea,Blue Grosbeak,0.0196,D:/AcousticMonitoringData/ELDON2_Data/Week16\ELDON2_20250426_052100.wav,20250426
3306,3309,Geothlypis trichas,Common Yellowthroat,0.0107,D:/AcousticMonitoringData/ELDON2_Data/Week16\ELDON2_20250426_052100.wav,20250426
3306,3309,Bartramia longicauda,Upland Sandpiper,0.0101,D:/AcousticMonitoringData/ELDON2_Data/Week16\ELDON2_20250426_052100.wav,20250426
3309,3312,Sturnella magna,Eastern Meadowlark,0.0474,D:/AcousticMonitoringData/ELDON2_Data/Week16\ELDON2_20250426_052100.wav,20250426
3312,3315,Sturnella magna,Eastern Meadowlark,0.0257,D:/AcousticMonitoringData/ELDON2_Data/Week16\ELDON2_20250426_052100.wav,20250426
3315,3318,Sturnella magna,Eastern Meadowlark,0.1763,D:/AcousticMonitoringData/ELDON2_Data/Week16\ELDON2_20250426_052100.wav,20250426
3315,3318,Bartramia longicauda,Upland Sandpiper,0.0106,D:/AcousticMonitoringData/ELDON2_Data/Week16\ELDON2_20250426_052100.wav,20250426
3318,3321,Sturnella magna,Eastern Meadowlark,0.2355,D:/AcousticMonitoringData/ELDON2_Data/Week16\ELDON2_20250426_052100.wav,20250426
3321,3324,Sturnella magna,Eastern Meadowlark,0.0286,D:/AcousticMonitoringData/ELDON2_Data/Week16\ELDON2_20250426_052100.wav,20250426
3324,3327,Sturnella magna,Eastern Meadowlark,0.0656,D:/AcousticMonitoringData/ELDON2_Data/Week16\ELDON2_20250426_052100.wav,20250426
3327,3330,Sturnella magna,Eastern Meadowlark,0.4207,D:/AcousticMonitoringData/ELDON2_Data/Week16\ELDON2_20250426_052100.wav,20250426
3327,3330,Bartramia longicauda,Upland Sandpiper,0.0215,D:/AcousticMonitoringData/ELDON2_Data/Week16\ELDON2_20250426_052100.wav,20250426
3330,3333,Sturnella magna,Eastern Meadowlark,0.2368,D:/AcousticMonitoringData/ELDON2_Data/Week16\ELDON2_20250426_052100.wav,20250426
3330,3333,Bartramia longicauda,Upland Sandpiper,0.0221,D:/AcousticMonitoringData/ELDON2_Data/Week16\ELDON2_20250426_052100.wav,20250426
3333,3336,Sturnella magna,Eastern Meadowlark,0.1279,D:/AcousticMonitoringData/ELDON2_Data/Week16\ELDON2_20250426_052100.wav,20250426
3333,3336,Bartramia longicauda,Upland Sandpiper,0.0243,D:/AcousticMonitoringData/ELDON2_Data/Week16\ELDON2_20250426_052100.wav,20250426
3333,3336,Passerina caerulea,Blue Grosbeak,0.0107,D:/AcousticMonitoringData/ELDON2_Data/Week16\ELDON2_20250426_052100.wav,20250426
3336,3339,Sturnella magna,Eastern Meadowlark,0.4242,D:/AcousticMonitoringData/ELDON2_Data/Week16\ELDON2_20250426_052100.wav,20250426
3336,3339,Passerina caerulea,Blue Grosbeak,0.0131,D:/AcousticMonitoringData/ELDON2_Data/Week16\ELDON2_20250426_052100.wav,20250426
3336,3339,Bartramia longicauda,Upland Sandpiper,0.013,D:/AcousticMonitoringData/ELDON2_Data/Week16\ELDON2_20250426_052100.wav,20250426
3339,3342,Sturnella magna,Eastern Meadowlark,0.611,D:/AcousticMonitoringData/ELDON2_Data/Week16\ELDON2_20250426_052100.wav,20250426
3339,3342,Spizella pusilla,Field Sparrow,0.0174,D:/AcousticMonitoringData/ELDON2_Data/Week16\ELDON2_20250426_052100.wav,20250426
3339,3342,Bartramia longicauda,Upland Sandpiper,0.0169,D:/AcousticMonitoringData/ELDON2_Data/Week16\ELDON2_20250426_052100.wav,20250426
3339,3342,Passerina caerulea,Blue Grosbeak,0.0103,D:/AcousticMonitoringData/ELDON2_Data/Week16\ELDON2_20250426_052100.wav,20250426
3342,3345,Sturnella magna,Eastern Meadowlark,0.0172,D:/AcousticMonitoringData/ELDON2_Data/Week16\ELDON2_20250426_052100.wav,20250426
3345,3348,Sturnella magna,Eastern Meadowlark,0.0769,D:/AcousticMonitoringData/ELDON2_Data/Week16\ELDON2_20250426_052100.wav,20250426
3348,3351,Sturnella magna,Eastern Meadowlark,0.012,D:/AcousticMonitoringData/ELDON2_Data/Week16\ELDON2_20250426_052100.wav,20250426
3351,3354,Sturnella magna,Eastern Meadowlark,0.2268,D:/AcousticMonitoringData/ELDON2_Data/Week16\ELDON2_20250426_052100.wav,20250426
3351,3354,Bartramia longicauda,Upland Sandpiper,0.0109,D:/AcousticMonitoringData/ELDON2_Data/Week16\ELDON2_20250426_052100.wav,20250426
3354,3357,Sturnella magna,Eastern Meadowlark,0.0482,D:/AcousticMonitoringData/ELDON2_Data/Week16\ELDON2_20250426_052100.wav,20250426
3357,3360,Sturnella magna,Eastern Meadowlark,0.1148,D:/AcousticMonitoringData/ELDON2_Data/Week16\ELDON2_20250426_052100.wav,20250426
3357,3360,Bartramia longicauda,Upland Sandpiper,0.0128,D:/AcousticMonitoringData/ELDON2_Data/Week16\ELDON2_20250426_052100.wav,20250426
3363,3366,Sturnella magna,Eastern Meadowlark,0.067,D:/AcousticMonitoringData/ELDON2_Data/Week16\ELDON2_20250426_052100.wav,20250426
3363,3366,Bartramia longicauda,Upland Sandpiper,0.0159,D:/AcousticMonitoringData/ELDON2_Data/Week16\ELDON2_20250426_052100.wav,20250426
3366,3369,Sturnella magna,Eastern Meadowlark,0.3358,D:/AcousticMonitoringData/ELDON2_Data/Week16\ELDON2_20250426_052100.wav,20250426
3366,3369,Bartramia longicauda,Upland Sandpiper,0.0127,D:/AcousticMonitoringData/ELDON2_Data/Week16\ELDON2_20250426_052100.wav,20250426
3372,3375,Sturnella magna,Eastern Meadowlark,0.056,D:/AcousticMonitoringData/ELDON2_Data/Week16\ELDON2_20250426_052100.wav,20250426
3372,3375,Bartramia longicauda,Upland Sandpiper,0.0119,D:/AcousticMonitoringData/ELDON2_Data/Week16\ELDON2_20250426_052100.wav,20250426
3375,3378,Sturnella magna,Eastern Meadowlark,0.8256,D:/AcousticMonitoringData/ELDON2_Data/Week16\ELDON2_20250426_052100.wav,20250426
3375,3378,Spizella pusilla,Field Sparrow,0.0139,D:/AcousticMonitoringData/ELDON2_Data/Week16\ELDON2_20250426_052100.wav,20250426
3381,3384,Sturnella magna,Eastern Meadowlark,0.0273,D:/AcousticMonitoringData/ELDON2_Data/Week16\ELDON2_20250426_052100.wav,20250426
3384,3387,Sturnella magna,Eastern Meadowlark,0.2372,D:/AcousticMonitoringData/ELDON2_Data/Week16\ELDON2_20250426_052100.wav,20250426
3390,3393,Sturnella magna,Eastern Meadowlark,0.0571,D:/AcousticMonitoringData/ELDON2_Data/Week16\ELDON2_20250426_052100.wav,20250426
3390,3393,Spizella pusilla,Field Sparrow,0.0144,D:/AcousticMonitoringData/ELDON2_Data/Week16\ELDON2_20250426_052100.wav,20250426
3393,3396,Sturnella magna,Eastern Meadowlark,0.0526,D:/AcousticMonitoringData/ELDON2_Data/Week16\ELDON2_20250426_052100.wav,20250426
3396,3399,Sturnella magna,Eastern Meadowlark,0.1254,D:/AcousticMonitoringData/ELDON2_Data/Week16\ELDON2_20250426_052100.wav,20250426
3402,3405,Sturnella magna,Eastern Meadowlark,0.806,D:/AcousticMonitoringData/ELDON2_Data/Week16\ELDON2_20250426_052100.wav,20250426
3402,3405,Spizella pusilla,Field Sparrow,0.0119,D:/AcousticMonitoringData/ELDON2_Data/Week16\ELDON2_20250426_052100.wav,20250426
3405,3408,Sturnella magna,Eastern Meadowlark,0.0423,D:/AcousticMonitoringData/ELDON2_Data/Week16\ELDON2_20250426_052100.wav,20250426
3408,3411,Sturnella magna,Eastern Meadowlark,0.4631,D:/AcousticMonitoringData/ELDON2_Data/Week16\ELDON2_20250426_052100.wav,20250426
3408,3411,Bartramia longicauda,Upland Sandpiper,0.014,D:/AcousticMonitoringData/ELDON2_Data/Week16\ELDON2_20250426_052100.wav,20250426
3411,3414,Sturnella magna,Eastern Meadowlark,0.1044,D:/AcousticMonitoringData/ELDON2_Data/Week16\ELDON2_20250426_052100.wav,20250426
3411,3414,Spizella pusilla,Field Sparrow,0.0117,D:/AcousticMonitoringData/ELDON2_Data/Week16\ELDON2_20250426_052100.wav,20250426
3414,3417,Sturnella magna,Eastern Meadowlark,0.8611,D:/AcousticMonitoringData/ELDON2_Data/Week16\ELDON2_20250426_052100.wav,20250426
3414,3417,Bartramia longicauda,Upland Sandpiper,0.0161,D:/AcousticMonitoringData/ELDON2_Data/Week16\ELDON2_20250426_052100.wav,20250426
3414,3417,Spizella pusilla,Field Sparrow,0.012,D:/AcousticMonitoringData/ELDON2_Data/Week16\ELDON2_20250426_052100.wav,20250426
3417,3420,Sturnella magna,Eastern Meadowlark,0.1267,D:/AcousticMonitoringData/ELDON2_Data/Week16\ELDON2_20250426_052100.wav,20250426
3420,3423,Sturnella magna,Eastern Meadowlark,0.1011,D:/AcousticMonitoringData/ELDON2_Data/Week16\ELDON2_20250426_052100.wav,20250426
3423,3426,Sturnella magna,Eastern Meadowlark,0.0973,D:/AcousticMonitoringData/ELDON2_Data/Week16\ELDON2_20250426_052100.wav,20250426
3423,3426,Bartramia longicauda,Upland Sandpiper,0.0184,D:/AcousticMonitoringData/ELDON2_Data/Week16\ELDON2_20250426_052100.wav,20250426
3426,3429,Sturnella magna,Eastern Meadowlark,0.0148,D:/AcousticMonitoringData/ELDON2_Data/Week16\ELDON2_20250426_052100.wav,20250426
3429,3432,Sturnella magna,Eastern Meadowlark,0.032,D:/AcousticMonitoringData/ELDON2_Data/Week16\ELDON2_20250426_052100.wav,20250426
3432,3435,Sturnella magna,Eastern Meadowlark,0.2152,D:/AcousticMonitoringData/ELDON2_Data/Week16\ELDON2_20250426_052100.wav,20250426
3432,3435,Bartramia longicauda,Upland Sandpiper,0.0336,D:/AcousticMonitoringData/ELDON2_Data/Week16\ELDON2_20250426_052100.wav,20250426
3435,3438,Sturnella magna,Eastern Meadowlark,0.0109,D:/AcousticMonitoringData/ELDON2_Data/Week16\ELDON2_20250426_052100.wav,20250426
3438,3441,Sturnella magna,Eastern Meadowlark,0.0377,D:/AcousticMonitoringData/ELDON2_Data/Week16\ELDON2_20250426_052100.wav,20250426
3441,3444,Sturnella magna,Eastern Meadowlark,0.0223,D:/AcousticMonitoringData/ELDON2_Data/Week16\ELDON2_20250426_052100.wav,20250426
3444,3447,Sturnella magna,Eastern Meadowlark,0.6261,D:/AcousticMonitoringData/ELDON2_Data/Week16\ELDON2_20250426_052100.wav,20250426
3450,3453,Sturnella magna,Eastern Meadowlark,0.0143,D:/AcousticMonitoringData/ELDON2_Data/Week16\ELDON2_20250426_052100.wav,20250426
3453,3456,Sturnella magna,Eastern Meadowlark,0.0559,D:/AcousticMonitoringData/ELDON2_Data/Week16\ELDON2_20250426_052100.wav,20250426
3456,3459,Sturnella magna,Eastern Meadowlark,0.1059,D:/AcousticMonitoringData/ELDON2_Data/Week16\ELDON2_20250426_052100.wav,20250426
3459,3462,Sturnella magna,Eastern Meadowlark,0.1913,D:/AcousticMonitoringData/ELDON2_Data/Week16\ELDON2_20250426_052100.wav,20250426
3459,3462,Spizella pusilla,Field Sparrow,0.0371,D:/AcousticMonitoringData/ELDON2_Data/Week16\ELDON2_20250426_052100.wav,20250426
3459,3462,Passerina caerulea,Blue Grosbeak,0.0277,D:/AcousticMonitoringData/ELDON2_Data/Week16\ELDON2_20250426_052100.wav,20250426
3462,3465,Sturnella magna,Eastern Meadowlark,0.0191,D:/AcousticMonitoringData/ELDON2_Data/Week16\ELDON2_20250426_052100.wav,20250426
3468,3471,Sturnella magna,Eastern Meadowlark,0.0442,D:/AcousticMonitoringData/ELDON2_Data/Week16\ELDON2_20250426_052100.wav,20250426
3471,3474,Sturnella magna,Eastern Meadowlark,0.1169,D:/AcousticMonitoringData/ELDON2_Data/Week16\ELDON2_20250426_052100.wav,20250426
3474,3477,Sturnella magna,Eastern Meadowlark,0.1647,D:/AcousticMonitoringData/ELDON2_Data/Week16\ELDON2_20250426_052100.wav,20250426
3477,3480,Sturnella magna,Eastern Meadowlark,0.0984,D:/AcousticMonitoringData/ELDON2_Data/Week16\ELDON2_20250426_052100.wav,20250426
3480,3483,Sturnella magna,Eastern Meadowlark,0.5384,D:/AcousticMonitoringData/ELDON2_Data/Week16\ELDON2_20250426_052100.wav,20250426
3483,3486,Sturnella magna,Eastern Meadowlark,0.1873,D:/AcousticMonitoringData/ELDON2_Data/Week16\ELDON2_20250426_052100.wav,20250426
3486,3489,Sturnella magna,Eastern Meadowlark,0.5218,D:/AcousticMonitoringData/ELDON2_Data/Week16\ELDON2_20250426_052100.wav,20250426
3492,3495,Sturnella magna,Eastern Meadowlark,0.3307,D:/AcousticMonitoringData/ELDON2_Data/Week16\ELDON2_20250426_052100.wav,20250426
3492,3495,Bartramia longicauda,Upland Sandpiper,0.0169,D:/AcousticMonitoringData/ELDON2_Data/Week16\ELDON2_20250426_052100.wav,20250426
3495,3498,Sturnella magna,Eastern Meadowlark,0.0341,D:/AcousticMonitoringData/ELDON2_Data/Week16\ELDON2_20250426_052100.wav,20250426
3498,3501,Sturnella magna,Eastern Meadowlark,0.0219,D:/AcousticMonitoringData/ELDON2_Data/Week16\ELDON2_20250426_052100.wav,20250426
3501,3504,Sturnella magna,Eastern Meadowlark,0.0561,D:/AcousticMonitoringData/ELDON2_Data/Week16\ELDON2_20250426_052100.wav,20250426
3504,3507,Sturnella magna,Eastern Meadowlark,0.1135,D:/AcousticMonitoringData/ELDON2_Data/Week16\ELDON2_20250426_052100.wav,20250426
3507,3510,Sturnella magna,Eastern Meadowlark,0.0895,D:/AcousticMonitoringData/ELDON2_Data/Week16\ELDON2_20250426_052100.wav,20250426
3510,3513,Bartramia longicauda,Upland Sandpiper,0.019,D:/AcousticMonitoringData/ELDON2_Data/Week16\ELDON2_20250426_052100.wav,20250426
3513,3516,Sturnella magna,Eastern Meadowlark,0.0272,D:/AcousticMonitoringData/ELDON2_Data/Week16\ELDON2_20250426_052100.wav,20250426
3516,3519,Sturnella magna,Eastern Meadowlark,0.0249,D:/AcousticMonitoringData/ELDON2_Data/Week16\ELDON2_20250426_052100.wav,20250426
3519,3522,Sturnella magna,Eastern Meadowlark,0.0714,D:/AcousticMonitoringData/ELDON2_Data/Week16\ELDON2_20250426_052100.wav,20250426
3522,3525,Sturnella magna,Eastern Meadowlark,0.0205,D:/AcousticMonitoringData/ELDON2_Data/Week16\ELDON2_20250426_052100.wav,20250426
3525,3528,Sturnella magna,Eastern Meadowlark,0.0494,D:/AcousticMonitoringData/ELDON2_Data/Week16\ELDON2_20250426_052100.wav,20250426
3528,3531,Sturnella magna,Eastern Meadowlark,0.0256,D:/AcousticMonitoringData/ELDON2_Data/Week16\ELDON2_20250426_052100.wav,20250426
3531,3534,Sturnella magna,Eastern Meadowlark,0.0136,D:/AcousticMonitoringData/ELDON2_Data/Week16\ELDON2_20250426_052100.wav,20250426
3534,3537,Sturnella magna,Eastern Meadowlark,0.0361,D:/AcousticMonitoringData/ELDON2_Data/Week16\ELDON2_20250426_052100.wav,20250426
3540,3543,Sturnella magna,Eastern Meadowlark,0.1101,D:/AcousticMonitoringData/ELDON2_Data/Week16\ELDON2_20250426_052100.wav,20250426
3543,3546,Sturnella magna,Eastern Meadowlark,0.0579,D:/AcousticMonitoringData/ELDON2_Data/Week16\ELDON2_20250426_052100.wav,20250426
3546,3549,Sturnella magna,Eastern Meadowlark,0.2087,D:/AcousticMonitoringData/ELDON2_Data/Week16\ELDON2_20250426_052100.wav,20250426
3549,3552,Sturnella magna,Eastern Meadowlark,0.1949,D:/AcousticMonitoringData/ELDON2_Data/Week16\ELDON2_20250426_052100.wav,20250426
3552,3555,Sturnella magna,Eastern Meadowlark,0.0189,D:/AcousticMonitoringData/ELDON2_Data/Week16\ELDON2_20250426_052100.wav,20250426
3552,3555,Spizella pusilla,Field Sparrow,0.0177,D:/AcousticMonitoringData/ELDON2_Data/Week16\ELDON2_20250426_052100.wav,20250426
3552,3555,Passerina caerulea,Blue Grosbeak,0.0148,D:/AcousticMonitoringData/ELDON2_Data/Week16\ELDON2_20250426_052100.wav,20250426
3555,3558,Sturnella magna,Eastern Meadowlark,0.5544,D:/AcousticMonitoringData/ELDON2_Data/Week16\ELDON2_20250426_052100.wav,20250426
3555,3558,Passerina caerulea,Blue Grosbeak,0.043,D:/AcousticMonitoringData/ELDON2_Data/Week16\ELDON2_20250426_052100.wav,20250426
3555,3558,Spizella pusilla,Field Sparrow,0.0156,D:/AcousticMonitoringData/ELDON2_Data/Week16\ELDON2_20250426_052100.wav,20250426
3561,3564,Sturnella magna,Eastern Meadowlark,0.0704,D:/AcousticMonitoringData/ELDON2_Data/Week16\ELDON2_20250426_052100.wav,20250426
3561,3564,Passerina caerulea,Blue Grosbeak,0.0154,D:/AcousticMonitoringData/ELDON2_Data/Week16\ELDON2_20250426_052100.wav,20250426
3564,3567,Sturnella magna,Eastern Meadowlark,0.9503,D:/AcousticMonitoringData/ELDON2_Data/Week16\ELDON2_20250426_052100.wav,20250426
3567,3570,Sturnella magna,Eastern Meadowlark,0.0293,D:/AcousticMonitoringData/ELDON2_Data/Week16\ELDON2_20250426_052100.wav,20250426
3570,3573,Sturnella magna,Eastern Meadowlark,0.05,D:/AcousticMonitoringData/ELDON2_Data/Week16\ELDON2_20250426_052100.wav,20250426
3573,3576,Sturnella magna,Eastern Meadowlark,0.1056,D:/AcousticMonitoringData/ELDON2_Data/Week16\ELDON2_20250426_052100.wav,20250426
3576,3579,Sturnella magna,Eastern Meadowlark,0.3276,D:/AcousticMonitoringData/ELDON2_Data/Week16\ELDON2_20250426_052100.wav,20250426
3579,3582,Sturnella magna,Eastern Meadowlark,0.3201,D:/AcousticMonitoringData/ELDON2_Data/Week16\ELDON2_20250426_052100.wav,20250426
3582,3585,Sturnella magna,Eastern Meadowlark,0.0633,D:/AcousticMonitoringData/ELDON2_Data/Week16\ELDON2_20250426_052100.wav,20250426
3585,3588,Sturnella magna,Eastern Meadowlark,0.0403,D:/AcousticMonitoringData/ELDON2_Data/Week16\ELDON2_20250426_052100.wav,20250426
3588,3591,Sturnella magna,Eastern Meadowlark,0.0564,D:/AcousticMonitoringData/ELDON2_Data/Week16\ELDON2_20250426_052100.wav,20250426
3591,3594,Sturnella magna,Eastern Meadowlark,0.0796,D:/AcousticMonitoringData/ELDON2_Data/Week16\ELDON2_20250426_052100.wav,20250426
3594,3597,Sturnella magna,Eastern Meadowlark,0.0205,D:/AcousticMonitoringData/ELDON2_Data/Week16\ELDON2_20250426_052100.wav,20250426
3597,3600,Sturnella magna,Eastern Meadowlark,0.087,D:/AcousticMonitoringData/ELDON2_Data/Week16\ELDON2_20250426_052100.wav,20250426
3600,3603,Sturnella magna,Eastern Meadowlark,0.0257,D:/AcousticMonitoringData/ELDON2_Data/Week16\ELDON2_20250426_052100.wav,20250426
3603,3606,Sturnella magna,Eastern Meadowlark,0.1397,D:/AcousticMonitoringData/ELDON2_Data/Week16\ELDON2_20250426_052100.wav,20250426
