Start (s),End (s),Scientific name,Common name,Confidence,File
0,3.0,Sturnella magna,Eastern Meadowlark,0.7341,D:/AcousticMonitoringData/ELDON2_Data/Week19\ELDON2_20250515_191800.wav
0,3.0,Passerina caerulea,Blue Grosbeak,0.0158,D:/AcousticMonitoringData/ELDON2_Data/Week19\ELDON2_20250515_191800.wav
3.0,6.0,Sturnella magna,Eastern Meadowlark,0.3795,D:/AcousticMonitoringData/ELDON2_Data/Week19\ELDON2_20250515_191800.wav
3.0,6.0,Bartramia longicauda,Upland Sandpiper,0.0623,D:/AcousticMonitoringData/ELDON2_Data/Week19\ELDON2_20250515_191800.wav
6.0,9.0,Sturnella magna,Eastern Meadowlark,0.0595,D:/AcousticMonitoringData/ELDON2_Data/Week19\ELDON2_20250515_191800.wav
6.0,9.0,Eremophila alpestris,Horned Lark,0.0107,D:/AcousticMonitoringData/ELDON2_Data/Week19\ELDON2_20250515_191800.wav
9.0,12.0,Sturnella magna,Eastern Meadowlark,0.7905,D:/AcousticMonitoringData/ELDON2_Data/Week19\ELDON2_20250515_191800.wav
15.0,18.0,Sturnella magna,Eastern Meadowlark,0.1290,D:/AcousticMonitoringData/ELDON2_Data/Week19\ELDON2_20250515_191800.wav
18.0,21.0,Sturnella magna,Eastern Meadowlark,0.8637,D:/AcousticMonitoringData/ELDON2_Data/Week19\ELDON2_20250515_191800.wav
21.0,24.0,Sturnella magna,Eastern Meadowlark,0.0378,D:/AcousticMonitoringData/ELDON2_Data/Week19\ELDON2_20250515_191800.wav
21.0,24.0,Bartramia longicauda,Upland Sandpiper,0.0270,D:/AcousticMonitoringData/ELDON2_Data/Week19\ELDON2_20250515_191800.wav
21.0,24.0,Spizella pusilla,Field Sparrow,0.0239,D:/AcousticMonitoringData/ELDON2_Data/Week19\ELDON2_20250515_191800.wav
24.0,27.0,Sturnella magna,Eastern Meadowlark,0.2048,D:/AcousticMonitoringData/ELDON2_Data/Week19\ELDON2_20250515_191800.wav
27.0,30.0,Sturnella magna,Eastern Meadowlark,0.7610,D:/AcousticMonitoringData/ELDON2_Data/Week19\ELDON2_20250515_191800.wav
27.0,30.0,Bartramia longicauda,Upland Sandpiper,0.0444,D:/AcousticMonitoringData/ELDON2_Data/Week19\ELDON2_20250515_191800.wav
27.0,30.0,Passerina caerulea,Blue Grosbeak,0.0136,D:/AcousticMonitoringData/ELDON2_Data/Week19\ELDON2_20250515_191800.wav
30.0,33.0,Bartramia longicauda,Upland Sandpiper,0.2653,D:/AcousticMonitoringData/ELDON2_Data/Week19\ELDON2_20250515_191800.wav
30.0,33.0,Sturnella magna,Eastern Meadowlark,0.1085,D:/AcousticMonitoringData/ELDON2_Data/Week19\ELDON2_20250515_191800.wav
30.0,33.0,Spizella pusilla,Field Sparrow,0.0139,D:/AcousticMonitoringData/ELDON2_Data/Week19\ELDON2_20250515_191800.wav
33.0,36.0,Sturnella magna,Eastern Meadowlark,0.0451,D:/AcousticMonitoringData/ELDON2_Data/Week19\ELDON2_20250515_191800.wav
33.0,36.0,Spizella pusilla,Field Sparrow,0.0183,D:/AcousticMonitoringData/ELDON2_Data/Week19\ELDON2_20250515_191800.wav
36.0,39.0,Sturnella magna,Eastern Meadowlark,0.9950,D:/AcousticMonitoringData/ELDON2_Data/Week19\ELDON2_20250515_191800.wav
36.0,39.0,Passerina caerulea,Blue Grosbeak,0.0167,D:/AcousticMonitoringData/ELDON2_Data/Week19\ELDON2_20250515_191800.wav
36.0,39.0,Bartramia longicauda,Upland Sandpiper,0.0160,D:/AcousticMonitoringData/ELDON2_Data/Week19\ELDON2_20250515_191800.wav
39.0,42.0,Sturnella magna,Eastern Meadowlark,0.0111,D:/AcousticMonitoringData/ELDON2_Data/Week19\ELDON2_20250515_191800.wav
42.0,45.0,Sturnella magna,Eastern Meadowlark,0.1094,D:/AcousticMonitoringData/ELDON2_Data/Week19\ELDON2_20250515_191800.wav
42.0,45.0,Spizella pusilla,Field Sparrow,0.0366,D:/AcousticMonitoringData/ELDON2_Data/Week19\ELDON2_20250515_191800.wav
42.0,45.0,Passerina caerulea,Blue Grosbeak,0.0138,D:/AcousticMonitoringData/ELDON2_Data/Week19\ELDON2_20250515_191800.wav
42.0,45.0,Eremophila alpestris,Horned Lark,0.0115,D:/AcousticMonitoringData/ELDON2_Data/Week19\ELDON2_20250515_191800.wav
45.0,48.0,Sturnella magna,Eastern Meadowlark,0.2833,D:/AcousticMonitoringData/ELDON2_Data/Week19\ELDON2_20250515_191800.wav
48.0,51.0,Sturnella magna,Eastern Meadowlark,0.0299,D:/AcousticMonitoringData/ELDON2_Data/Week19\ELDON2_20250515_191800.wav
48.0,51.0,Eremophila alpestris,Horned Lark,0.0275,D:/AcousticMonitoringData/ELDON2_Data/Week19\ELDON2_20250515_191800.wav
51.0,54.0,Sturnella magna,Eastern Meadowlark,0.0778,D:/AcousticMonitoringData/ELDON2_Data/Week19\ELDON2_20250515_191800.wav
54.0,57.0,Eremophila alpestris,Horned Lark,0.0108,D:/AcousticMonitoringData/ELDON2_Data/Week19\ELDON2_20250515_191800.wav
54.0,57.0,Sturnella magna,Eastern Meadowlark,0.0102,D:/AcousticMonitoringData/ELDON2_Data/Week19\ELDON2_20250515_191800.wav
57.0,60.0,Sturnella magna,Eastern Meadowlark,0.0219,D:/AcousticMonitoringData/ELDON2_Data/Week19\ELDON2_20250515_191800.wav
60.0,63.0,Sturnella magna,Eastern Meadowlark,0.6802,D:/AcousticMonitoringData/ELDON2_Data/Week19\ELDON2_20250515_191800.wav
63.0,66.0,Sturnella magna,Eastern Meadowlark,0.0713,D:/AcousticMonitoringData/ELDON2_Data/Week19\ELDON2_20250515_191800.wav
66.0,69.0,Sturnella magna,Eastern Meadowlark,0.3168,D:/AcousticMonitoringData/ELDON2_Data/Week19\ELDON2_20250515_191800.wav
69.0,72.0,Sturnella magna,Eastern Meadowlark,0.1097,D:/AcousticMonitoringData/ELDON2_Data/Week19\ELDON2_20250515_191800.wav
72.0,75.0,Sturnella magna,Eastern Meadowlark,0.9861,D:/AcousticMonitoringData/ELDON2_Data/Week19\ELDON2_20250515_191800.wav
72.0,75.0,Passerina caerulea,Blue Grosbeak,0.0412,D:/AcousticMonitoringData/ELDON2_Data/Week19\ELDON2_20250515_191800.wav
75.0,78.0,Sturnella magna,Eastern Meadowlark,0.1929,D:/AcousticMonitoringData/ELDON2_Data/Week19\ELDON2_20250515_191800.wav
75.0,78.0,Eremophila alpestris,Horned Lark,0.0198,D:/AcousticMonitoringData/ELDON2_Data/Week19\ELDON2_20250515_191800.wav
75.0,78.0,Bartramia longicauda,Upland Sandpiper,0.0114,D:/AcousticMonitoringData/ELDON2_Data/Week19\ELDON2_20250515_191800.wav
78.0,81.0,Bartramia longicauda,Upland Sandpiper,0.0210,D:/AcousticMonitoringData/ELDON2_Data/Week19\ELDON2_20250515_191800.wav
81.0,84.0,Sturnella magna,Eastern Meadowlark,0.8800,D:/AcousticMonitoringData/ELDON2_Data/Week19\ELDON2_20250515_191800.wav
84.0,87.0,Sturnella magna,Eastern Meadowlark,0.9305,D:/AcousticMonitoringData/ELDON2_Data/Week19\ELDON2_20250515_191800.wav
84.0,87.0,Passerina caerulea,Blue Grosbeak,0.0214,D:/AcousticMonitoringData/ELDON2_Data/Week19\ELDON2_20250515_191800.wav
87.0,90.0,Sturnella magna,Eastern Meadowlark,0.4367,D:/AcousticMonitoringData/ELDON2_Data/Week19\ELDON2_20250515_191800.wav
87.0,90.0,Passerina caerulea,Blue Grosbeak,0.0447,D:/AcousticMonitoringData/ELDON2_Data/Week19\ELDON2_20250515_191800.wav
90.0,93.0,Sturnella magna,Eastern Meadowlark,0.9268,D:/AcousticMonitoringData/ELDON2_Data/Week19\ELDON2_20250515_191800.wav
90.0,93.0,Bartramia longicauda,Upland Sandpiper,0.0175,D:/AcousticMonitoringData/ELDON2_Data/Week19\ELDON2_20250515_191800.wav
90.0,93.0,Passerina caerulea,Blue Grosbeak,0.0128,D:/AcousticMonitoringData/ELDON2_Data/Week19\ELDON2_20250515_191800.wav
93.0,96.0,Sturnella magna,Eastern Meadowlark,0.0874,D:/AcousticMonitoringData/ELDON2_Data/Week19\ELDON2_20250515_191800.wav
93.0,96.0,Bartramia longicauda,Upland Sandpiper,0.0107,D:/AcousticMonitoringData/ELDON2_Data/Week19\ELDON2_20250515_191800.wav
93.0,96.0,Spizella pusilla,Field Sparrow,0.0101,D:/AcousticMonitoringData/ELDON2_Data/Week19\ELDON2_20250515_191800.wav
96.0,99.0,Sturnella magna,Eastern Meadowlark,0.9976,D:/AcousticMonitoringData/ELDON2_Data/Week19\ELDON2_20250515_191800.wav
96.0,99.0,Passerina caerulea,Blue Grosbeak,0.0381,D:/AcousticMonitoringData/ELDON2_Data/Week19\ELDON2_20250515_191800.wav
96.0,99.0,Bartramia longicauda,Upland Sandpiper,0.0127,D:/AcousticMonitoringData/ELDON2_Data/Week19\ELDON2_20250515_191800.wav
99.0,102.0,Sturnella magna,Eastern Meadowlark,0.0180,D:/AcousticMonitoringData/ELDON2_Data/Week19\ELDON2_20250515_191800.wav
102.0,105.0,Sturnella magna,Eastern Meadowlark,0.7181,D:/AcousticMonitoringData/ELDON2_Data/Week19\ELDON2_20250515_191800.wav
105.0,108.0,Sturnella magna,Eastern Meadowlark,0.9858,D:/AcousticMonitoringData/ELDON2_Data/Week19\ELDON2_20250515_191800.wav
105.0,108.0,Passerina caerulea,Blue Grosbeak,0.0110,D:/AcousticMonitoringData/ELDON2_Data/Week19\ELDON2_20250515_191800.wav
108.0,111.0,Sturnella magna,Eastern Meadowlark,0.2484,D:/AcousticMonitoringData/ELDON2_Data/Week19\ELDON2_20250515_191800.wav
108.0,111.0,Spizella pusilla,Field Sparrow,0.0238,D:/AcousticMonitoringData/ELDON2_Data/Week19\ELDON2_20250515_191800.wav
108.0,111.0,Passerina caerulea,Blue Grosbeak,0.0159,D:/AcousticMonitoringData/ELDON2_Data/Week19\ELDON2_20250515_191800.wav
108.0,111.0,Bartramia longicauda,Upland Sandpiper,0.0147,D:/AcousticMonitoringData/ELDON2_Data/Week19\ELDON2_20250515_191800.wav
111.0,114.0,Sturnella magna,Eastern Meadowlark,0.9080,D:/AcousticMonitoringData/ELDON2_Data/Week19\ELDON2_20250515_191800.wav
111.0,114.0,Passerina caerulea,Blue Grosbeak,0.0324,D:/AcousticMonitoringData/ELDON2_Data/Week19\ELDON2_20250515_191800.wav
114.0,117.0,Sturnella magna,Eastern Meadowlark,0.9747,D:/AcousticMonitoringData/ELDON2_Data/Week19\ELDON2_20250515_191800.wav
120.0,123.0,Sturnella magna,Eastern Meadowlark,0.2721,D:/AcousticMonitoringData/ELDON2_Data/Week19\ELDON2_20250515_191800.wav
120.0,123.0,Spizella pusilla,Field Sparrow,0.0133,D:/AcousticMonitoringData/ELDON2_Data/Week19\ELDON2_20250515_191800.wav
123.0,126.0,Sturnella magna,Eastern Meadowlark,0.5596,D:/AcousticMonitoringData/ELDON2_Data/Week19\ELDON2_20250515_191800.wav
126.0,129.0,Sturnella magna,Eastern Meadowlark,0.0882,D:/AcousticMonitoringData/ELDON2_Data/Week19\ELDON2_20250515_191800.wav
129.0,132.0,Sturnella magna,Eastern Meadowlark,0.9340,D:/AcousticMonitoringData/ELDON2_Data/Week19\ELDON2_20250515_191800.wav
129.0,132.0,Bartramia longicauda,Upland Sandpiper,0.0623,D:/AcousticMonitoringData/ELDON2_Data/Week19\ELDON2_20250515_191800.wav
129.0,132.0,Passerina caerulea,Blue Grosbeak,0.0435,D:/AcousticMonitoringData/ELDON2_Data/Week19\ELDON2_20250515_191800.wav
132.0,135.0,Sturnella magna,Eastern Meadowlark,0.9470,D:/AcousticMonitoringData/ELDON2_Data/Week19\ELDON2_20250515_191800.wav
132.0,135.0,Passerina caerulea,Blue Grosbeak,0.0195,D:/AcousticMonitoringData/ELDON2_Data/Week19\ELDON2_20250515_191800.wav
135.0,138.0,Sturnella magna,Eastern Meadowlark,0.9269,D:/AcousticMonitoringData/ELDON2_Data/Week19\ELDON2_20250515_191800.wav
135.0,138.0,Passerina caerulea,Blue Grosbeak,0.0224,D:/AcousticMonitoringData/ELDON2_Data/Week19\ELDON2_20250515_191800.wav
138.0,141.0,Sturnella magna,Eastern Meadowlark,0.3062,D:/AcousticMonitoringData/ELDON2_Data/Week19\ELDON2_20250515_191800.wav
141.0,144.0,Sturnella magna,Eastern Meadowlark,0.9857,D:/AcousticMonitoringData/ELDON2_Data/Week19\ELDON2_20250515_191800.wav
141.0,144.0,Bartramia longicauda,Upland Sandpiper,0.0243,D:/AcousticMonitoringData/ELDON2_Data/Week19\ELDON2_20250515_191800.wav
141.0,144.0,Passerina caerulea,Blue Grosbeak,0.0234,D:/AcousticMonitoringData/ELDON2_Data/Week19\ELDON2_20250515_191800.wav
144.0,147.0,Sturnella magna,Eastern Meadowlark,0.3265,D:/AcousticMonitoringData/ELDON2_Data/Week19\ELDON2_20250515_191800.wav
144.0,147.0,Bartramia longicauda,Upland Sandpiper,0.0167,D:/AcousticMonitoringData/ELDON2_Data/Week19\ELDON2_20250515_191800.wav
147.0,150.0,Sturnella magna,Eastern Meadowlark,0.9523,D:/AcousticMonitoringData/ELDON2_Data/Week19\ELDON2_20250515_191800.wav
147.0,150.0,Passerina caerulea,Blue Grosbeak,0.0263,D:/AcousticMonitoringData/ELDON2_Data/Week19\ELDON2_20250515_191800.wav
150.0,153.0,Sturnella magna,Eastern Meadowlark,0.6464,D:/AcousticMonitoringData/ELDON2_Data/Week19\ELDON2_20250515_191800.wav
153.0,156.0,Sturnella magna,Eastern Meadowlark,0.9659,D:/AcousticMonitoringData/ELDON2_Data/Week19\ELDON2_20250515_191800.wav
153.0,156.0,Bartramia longicauda,Upland Sandpiper,0.0161,D:/AcousticMonitoringData/ELDON2_Data/Week19\ELDON2_20250515_191800.wav
153.0,156.0,Passerina caerulea,Blue Grosbeak,0.0150,D:/AcousticMonitoringData/ELDON2_Data/Week19\ELDON2_20250515_191800.wav
156.0,159.0,Sturnella magna,Eastern Meadowlark,0.0229,D:/AcousticMonitoringData/ELDON2_Data/Week19\ELDON2_20250515_191800.wav
159.0,162.0,Sturnella magna,Eastern Meadowlark,0.9700,D:/AcousticMonitoringData/ELDON2_Data/Week19\ELDON2_20250515_191800.wav
159.0,162.0,Bartramia longicauda,Upland Sandpiper,0.0154,D:/AcousticMonitoringData/ELDON2_Data/Week19\ELDON2_20250515_191800.wav
162.0,165.0,Sturnella magna,Eastern Meadowlark,0.1604,D:/AcousticMonitoringData/ELDON2_Data/Week19\ELDON2_20250515_191800.wav
162.0,165.0,Bartramia longicauda,Upland Sandpiper,0.0216,D:/AcousticMonitoringData/ELDON2_Data/Week19\ELDON2_20250515_191800.wav
165.0,168.0,Sturnella magna,Eastern Meadowlark,0.9601,D:/AcousticMonitoringData/ELDON2_Data/Week19\ELDON2_20250515_191800.wav
165.0,168.0,Passerina caerulea,Blue Grosbeak,0.1633,D:/AcousticMonitoringData/ELDON2_Data/Week19\ELDON2_20250515_191800.wav
165.0,168.0,Bartramia longicauda,Upland Sandpiper,0.0110,D:/AcousticMonitoringData/ELDON2_Data/Week19\ELDON2_20250515_191800.wav
168.0,171.0,Sturnella magna,Eastern Meadowlark,0.5657,D:/AcousticMonitoringData/ELDON2_Data/Week19\ELDON2_20250515_191800.wav
168.0,171.0,Spizella pusilla,Field Sparrow,0.0298,D:/AcousticMonitoringData/ELDON2_Data/Week19\ELDON2_20250515_191800.wav
171.0,174.0,Passerina caerulea,Blue Grosbeak,0.0115,D:/AcousticMonitoringData/ELDON2_Data/Week19\ELDON2_20250515_191800.wav
171.0,174.0,Sturnella magna,Eastern Meadowlark,0.0108,D:/AcousticMonitoringData/ELDON2_Data/Week19\ELDON2_20250515_191800.wav
174.0,177.0,Sturnella magna,Eastern Meadowlark,0.9917,D:/AcousticMonitoringData/ELDON2_Data/Week19\ELDON2_20250515_191800.wav
174.0,177.0,Passerina caerulea,Blue Grosbeak,0.0168,D:/AcousticMonitoringData/ELDON2_Data/Week19\ELDON2_20250515_191800.wav
174.0,177.0,Bartramia longicauda,Upland Sandpiper,0.0167,D:/AcousticMonitoringData/ELDON2_Data/Week19\ELDON2_20250515_191800.wav
177.0,180.0,Sturnella magna,Eastern Meadowlark,0.2765,D:/AcousticMonitoringData/ELDON2_Data/Week19\ELDON2_20250515_191800.wav
183.0,186.0,Sturnella magna,Eastern Meadowlark,0.0866,D:/AcousticMonitoringData/ELDON2_Data/Week19\ELDON2_20250515_191800.wav
183.0,186.0,Eremophila alpestris,Horned Lark,0.0204,D:/AcousticMonitoringData/ELDON2_Data/Week19\ELDON2_20250515_191800.wav
186.0,189.0,Geothlypis trichas,Common Yellowthroat,0.0165,D:/AcousticMonitoringData/ELDON2_Data/Week19\ELDON2_20250515_191800.wav
186.0,189.0,Melospiza melodia,Song Sparrow,0.0135,D:/AcousticMonitoringData/ELDON2_Data/Week19\ELDON2_20250515_191800.wav
192.0,195.0,Sturnella magna,Eastern Meadowlark,0.0115,D:/AcousticMonitoringData/ELDON2_Data/Week19\ELDON2_20250515_191800.wav
192.0,195.0,Spizella pusilla,Field Sparrow,0.0111,D:/AcousticMonitoringData/ELDON2_Data/Week19\ELDON2_20250515_191800.wav
195.0,198.0,Sturnella magna,Eastern Meadowlark,0.3530,D:/AcousticMonitoringData/ELDON2_Data/Week19\ELDON2_20250515_191800.wav
195.0,198.0,Spizella pusilla,Field Sparrow,0.0195,D:/AcousticMonitoringData/ELDON2_Data/Week19\ELDON2_20250515_191800.wav
195.0,198.0,Bartramia longicauda,Upland Sandpiper,0.0192,D:/AcousticMonitoringData/ELDON2_Data/Week19\ELDON2_20250515_191800.wav
195.0,198.0,Passerina caerulea,Blue Grosbeak,0.0129,D:/AcousticMonitoringData/ELDON2_Data/Week19\ELDON2_20250515_191800.wav
198.0,201.0,Sturnella magna,Eastern Meadowlark,0.0945,D:/AcousticMonitoringData/ELDON2_Data/Week19\ELDON2_20250515_191800.wav
204.0,207.0,Sturnella magna,Eastern Meadowlark,0.0249,D:/AcousticMonitoringData/ELDON2_Data/Week19\ELDON2_20250515_191800.wav
207.0,210.0,Sturnella magna,Eastern Meadowlark,0.0111,D:/AcousticMonitoringData/ELDON2_Data/Week19\ELDON2_20250515_191800.wav
210.0,213.0,Sturnella magna,Eastern Meadowlark,0.4556,D:/AcousticMonitoringData/ELDON2_Data/Week19\ELDON2_20250515_191800.wav
210.0,213.0,Bartramia longicauda,Upland Sandpiper,0.1497,D:/AcousticMonitoringData/ELDON2_Data/Week19\ELDON2_20250515_191800.wav
210.0,213.0,Spizella pusilla,Field Sparrow,0.0163,D:/AcousticMonitoringData/ELDON2_Data/Week19\ELDON2_20250515_191800.wav
213.0,216.0,Sturnella magna,Eastern Meadowlark,0.0189,D:/AcousticMonitoringData/ELDON2_Data/Week19\ELDON2_20250515_191800.wav
213.0,216.0,Passerina caerulea,Blue Grosbeak,0.0180,D:/AcousticMonitoringData/ELDON2_Data/Week19\ELDON2_20250515_191800.wav
213.0,216.0,Spizella pusilla,Field Sparrow,0.0132,D:/AcousticMonitoringData/ELDON2_Data/Week19\ELDON2_20250515_191800.wav
219.0,222.0,Sturnella magna,Eastern Meadowlark,0.4737,D:/AcousticMonitoringData/ELDON2_Data/Week19\ELDON2_20250515_191800.wav
222.0,225.0,Sturnella magna,Eastern Meadowlark,0.0139,D:/AcousticMonitoringData/ELDON2_Data/Week19\ELDON2_20250515_191800.wav
231.0,234.0,Bartramia longicauda,Upland Sandpiper,0.0138,D:/AcousticMonitoringData/ELDON2_Data/Week19\ELDON2_20250515_191800.wav
231.0,234.0,Passerina caerulea,Blue Grosbeak,0.0119,D:/AcousticMonitoringData/ELDON2_Data/Week19\ELDON2_20250515_191800.wav
243.0,246.0,Passerina caerulea,Blue Grosbeak,0.0121,D:/AcousticMonitoringData/ELDON2_Data/Week19\ELDON2_20250515_191800.wav
258.0,261.0,Sturnella magna,Eastern Meadowlark,0.0326,D:/AcousticMonitoringData/ELDON2_Data/Week19\ELDON2_20250515_191800.wav
258.0,261.0,Bartramia longicauda,Upland Sandpiper,0.0250,D:/AcousticMonitoringData/ELDON2_Data/Week19\ELDON2_20250515_191800.wav
273.0,276.0,Bartramia longicauda,Upland Sandpiper,0.1243,D:/AcousticMonitoringData/ELDON2_Data/Week19\ELDON2_20250515_191800.wav
273.0,276.0,Eremophila alpestris,Horned Lark,0.0123,D:/AcousticMonitoringData/ELDON2_Data/Week19\ELDON2_20250515_191800.wav
279.0,282.0,Bartramia longicauda,Upland Sandpiper,0.1964,D:/AcousticMonitoringData/ELDON2_Data/Week19\ELDON2_20250515_191800.wav
279.0,282.0,Sturnella magna,Eastern Meadowlark,0.0751,D:/AcousticMonitoringData/ELDON2_Data/Week19\ELDON2_20250515_191800.wav
279.0,282.0,Eremophila alpestris,Horned Lark,0.0133,D:/AcousticMonitoringData/ELDON2_Data/Week19\ELDON2_20250515_191800.wav
282.0,285.0,Bartramia longicauda,Upland Sandpiper,0.1692,D:/AcousticMonitoringData/ELDON2_Data/Week19\ELDON2_20250515_191800.wav
291.0,294.0,Bartramia longicauda,Upland Sandpiper,0.0152,D:/AcousticMonitoringData/ELDON2_Data/Week19\ELDON2_20250515_191800.wav
294.0,297.0,Bartramia longicauda,Upland Sandpiper,0.0145,D:/AcousticMonitoringData/ELDON2_Data/Week19\ELDON2_20250515_191800.wav
297.0,300.0,Bartramia longicauda,Upland Sandpiper,0.0335,D:/AcousticMonitoringData/ELDON2_Data/Week19\ELDON2_20250515_191800.wav
303.0,306.0,Bartramia longicauda,Upland Sandpiper,0.0441,D:/AcousticMonitoringData/ELDON2_Data/Week19\ELDON2_20250515_191800.wav
303.0,306.0,Sturnella magna,Eastern Meadowlark,0.0297,D:/AcousticMonitoringData/ELDON2_Data/Week19\ELDON2_20250515_191800.wav
306.0,309.0,Sturnella magna,Eastern Meadowlark,0.0236,D:/AcousticMonitoringData/ELDON2_Data/Week19\ELDON2_20250515_191800.wav
306.0,309.0,Bartramia longicauda,Upland Sandpiper,0.0100,D:/AcousticMonitoringData/ELDON2_Data/Week19\ELDON2_20250515_191800.wav
309.0,312.0,Sturnella magna,Eastern Meadowlark,0.0234,D:/AcousticMonitoringData/ELDON2_Data/Week19\ELDON2_20250515_191800.wav
315.0,318.0,Passerina caerulea,Blue Grosbeak,0.0236,D:/AcousticMonitoringData/ELDON2_Data/Week19\ELDON2_20250515_191800.wav
315.0,318.0,Sturnella magna,Eastern Meadowlark,0.0192,D:/AcousticMonitoringData/ELDON2_Data/Week19\ELDON2_20250515_191800.wav
321.0,324.0,Passerina caerulea,Blue Grosbeak,0.0222,D:/AcousticMonitoringData/ELDON2_Data/Week19\ELDON2_20250515_191800.wav
321.0,324.0,Sturnella magna,Eastern Meadowlark,0.0142,D:/AcousticMonitoringData/ELDON2_Data/Week19\ELDON2_20250515_191800.wav
321.0,324.0,Spizella pusilla,Field Sparrow,0.0107,D:/AcousticMonitoringData/ELDON2_Data/Week19\ELDON2_20250515_191800.wav
324.0,327.0,Bartramia longicauda,Upland Sandpiper,0.0380,D:/AcousticMonitoringData/ELDON2_Data/Week19\ELDON2_20250515_191800.wav
324.0,327.0,Sturnella magna,Eastern Meadowlark,0.0150,D:/AcousticMonitoringData/ELDON2_Data/Week19\ELDON2_20250515_191800.wav
333.0,336.0,Sturnella magna,Eastern Meadowlark,0.1190,D:/AcousticMonitoringData/ELDON2_Data/Week19\ELDON2_20250515_191800.wav
333.0,336.0,Bartramia longicauda,Upland Sandpiper,0.0239,D:/AcousticMonitoringData/ELDON2_Data/Week19\ELDON2_20250515_191800.wav
339.0,342.0,Bartramia longicauda,Upland Sandpiper,0.0368,D:/AcousticMonitoringData/ELDON2_Data/Week19\ELDON2_20250515_191800.wav
345.0,348.0,Sturnella magna,Eastern Meadowlark,0.0147,D:/AcousticMonitoringData/ELDON2_Data/Week19\ELDON2_20250515_191800.wav
348.0,351.0,Geothlypis trichas,Common Yellowthroat,0.1368,D:/AcousticMonitoringData/ELDON2_Data/Week19\ELDON2_20250515_191800.wav
348.0,351.0,Spizella pusilla,Field Sparrow,0.0115,D:/AcousticMonitoringData/ELDON2_Data/Week19\ELDON2_20250515_191800.wav
351.0,354.0,Sturnella magna,Eastern Meadowlark,0.9598,D:/AcousticMonitoringData/ELDON2_Data/Week19\ELDON2_20250515_191800.wav
351.0,354.0,Bartramia longicauda,Upland Sandpiper,0.0389,D:/AcousticMonitoringData/ELDON2_Data/Week19\ELDON2_20250515_191800.wav
354.0,357.0,Sturnella magna,Eastern Meadowlark,0.8384,D:/AcousticMonitoringData/ELDON2_Data/Week19\ELDON2_20250515_191800.wav
354.0,357.0,Passerina caerulea,Blue Grosbeak,0.0102,D:/AcousticMonitoringData/ELDON2_Data/Week19\ELDON2_20250515_191800.wav
357.0,360.0,Sturnella magna,Eastern Meadowlark,0.1267,D:/AcousticMonitoringData/ELDON2_Data/Week19\ELDON2_20250515_191800.wav
357.0,360.0,Bartramia longicauda,Upland Sandpiper,0.0273,D:/AcousticMonitoringData/ELDON2_Data/Week19\ELDON2_20250515_191800.wav
366.0,369.0,Sturnella magna,Eastern Meadowlark,0.3045,D:/AcousticMonitoringData/ELDON2_Data/Week19\ELDON2_20250515_191800.wav
366.0,369.0,Bartramia longicauda,Upland Sandpiper,0.0102,D:/AcousticMonitoringData/ELDON2_Data/Week19\ELDON2_20250515_191800.wav
378.0,381.0,Bartramia longicauda,Upland Sandpiper,0.0138,D:/AcousticMonitoringData/ELDON2_Data/Week19\ELDON2_20250515_191800.wav
384.0,387.0,Bartramia longicauda,Upland Sandpiper,0.0322,D:/AcousticMonitoringData/ELDON2_Data/Week19\ELDON2_20250515_191800.wav
384.0,387.0,Sturnella magna,Eastern Meadowlark,0.0132,D:/AcousticMonitoringData/ELDON2_Data/Week19\ELDON2_20250515_191800.wav
387.0,390.0,Sturnella magna,Eastern Meadowlark,0.2066,D:/AcousticMonitoringData/ELDON2_Data/Week19\ELDON2_20250515_191800.wav
387.0,390.0,Passerina caerulea,Blue Grosbeak,0.0496,D:/AcousticMonitoringData/ELDON2_Data/Week19\ELDON2_20250515_191800.wav
390.0,393.0,Passerina caerulea,Blue Grosbeak,0.0302,D:/AcousticMonitoringData/ELDON2_Data/Week19\ELDON2_20250515_191800.wav
393.0,396.0,Bartramia longicauda,Upland Sandpiper,0.0542,D:/AcousticMonitoringData/ELDON2_Data/Week19\ELDON2_20250515_191800.wav
393.0,396.0,Geothlypis trichas,Common Yellowthroat,0.0124,D:/AcousticMonitoringData/ELDON2_Data/Week19\ELDON2_20250515_191800.wav
399.0,402.0,Sturnella magna,Eastern Meadowlark,0.0270,D:/AcousticMonitoringData/ELDON2_Data/Week19\ELDON2_20250515_191800.wav
408.0,411.0,Sturnella magna,Eastern Meadowlark,0.2308,D:/AcousticMonitoringData/ELDON2_Data/Week19\ELDON2_20250515_191800.wav
414.0,417.0,Sturnella magna,Eastern Meadowlark,0.1147,D:/AcousticMonitoringData/ELDON2_Data/Week19\ELDON2_20250515_191800.wav
417.0,420.0,Sturnella magna,Eastern Meadowlark,0.1395,D:/AcousticMonitoringData/ELDON2_Data/Week19\ELDON2_20250515_191800.wav
420.0,423.0,Sturnella magna,Eastern Meadowlark,0.0112,D:/AcousticMonitoringData/ELDON2_Data/Week19\ELDON2_20250515_191800.wav
423.0,426.0,Sturnella magna,Eastern Meadowlark,0.0415,D:/AcousticMonitoringData/ELDON2_Data/Week19\ELDON2_20250515_191800.wav
426.0,429.0,Sturnella magna,Eastern Meadowlark,0.1656,D:/AcousticMonitoringData/ELDON2_Data/Week19\ELDON2_20250515_191800.wav
435.0,438.0,Sturnella magna,Eastern Meadowlark,0.0485,D:/AcousticMonitoringData/ELDON2_Data/Week19\ELDON2_20250515_191800.wav
444.0,447.0,Sturnella magna,Eastern Meadowlark,0.1403,D:/AcousticMonitoringData/ELDON2_Data/Week19\ELDON2_20250515_191800.wav
456.0,459.0,Sturnella magna,Eastern Meadowlark,0.7920,D:/AcousticMonitoringData/ELDON2_Data/Week19\ELDON2_20250515_191800.wav
456.0,459.0,Bartramia longicauda,Upland Sandpiper,0.0123,D:/AcousticMonitoringData/ELDON2_Data/Week19\ELDON2_20250515_191800.wav
462.0,465.0,Sturnella magna,Eastern Meadowlark,0.0800,D:/AcousticMonitoringData/ELDON2_Data/Week19\ELDON2_20250515_191800.wav
465.0,468.0,Sturnella magna,Eastern Meadowlark,0.7205,D:/AcousticMonitoringData/ELDON2_Data/Week19\ELDON2_20250515_191800.wav
465.0,468.0,Passerina caerulea,Blue Grosbeak,0.0102,D:/AcousticMonitoringData/ELDON2_Data/Week19\ELDON2_20250515_191800.wav
468.0,471.0,Sturnella magna,Eastern Meadowlark,0.7576,D:/AcousticMonitoringData/ELDON2_Data/Week19\ELDON2_20250515_191800.wav
471.0,474.0,Sturnella magna,Eastern Meadowlark,0.9620,D:/AcousticMonitoringData/ELDON2_Data/Week19\ELDON2_20250515_191800.wav
477.0,480.0,Sturnella magna,Eastern Meadowlark,0.9515,D:/AcousticMonitoringData/ELDON2_Data/Week19\ELDON2_20250515_191800.wav
480.0,483.0,Sturnella magna,Eastern Meadowlark,0.1308,D:/AcousticMonitoringData/ELDON2_Data/Week19\ELDON2_20250515_191800.wav
480.0,483.0,Eremophila alpestris,Horned Lark,0.0129,D:/AcousticMonitoringData/ELDON2_Data/Week19\ELDON2_20250515_191800.wav
480.0,483.0,Passerina caerulea,Blue Grosbeak,0.0103,D:/AcousticMonitoringData/ELDON2_Data/Week19\ELDON2_20250515_191800.wav
483.0,486.0,Sturnella magna,Eastern Meadowlark,0.9475,D:/AcousticMonitoringData/ELDON2_Data/Week19\ELDON2_20250515_191800.wav
486.0,489.0,Sturnella magna,Eastern Meadowlark,0.7334,D:/AcousticMonitoringData/ELDON2_Data/Week19\ELDON2_20250515_191800.wav
489.0,492.0,Geothlypis trichas,Common Yellowthroat,0.0152,D:/AcousticMonitoringData/ELDON2_Data/Week19\ELDON2_20250515_191800.wav
492.0,495.0,Sturnella magna,Eastern Meadowlark,0.8872,D:/AcousticMonitoringData/ELDON2_Data/Week19\ELDON2_20250515_191800.wav
492.0,495.0,Passerina caerulea,Blue Grosbeak,0.0186,D:/AcousticMonitoringData/ELDON2_Data/Week19\ELDON2_20250515_191800.wav
498.0,501.0,Passerina caerulea,Blue Grosbeak,0.1162,D:/AcousticMonitoringData/ELDON2_Data/Week19\ELDON2_20250515_191800.wav
498.0,501.0,Sturnella magna,Eastern Meadowlark,0.0139,D:/AcousticMonitoringData/ELDON2_Data/Week19\ELDON2_20250515_191800.wav
501.0,504.0,Sturnella magna,Eastern Meadowlark,0.5162,D:/AcousticMonitoringData/ELDON2_Data/Week19\ELDON2_20250515_191800.wav
501.0,504.0,Passerina caerulea,Blue Grosbeak,0.0113,D:/AcousticMonitoringData/ELDON2_Data/Week19\ELDON2_20250515_191800.wav
507.0,510.0,Sturnella magna,Eastern Meadowlark,0.9843,D:/AcousticMonitoringData/ELDON2_Data/Week19\ELDON2_20250515_191800.wav
507.0,510.0,Passerina caerulea,Blue Grosbeak,0.0125,D:/AcousticMonitoringData/ELDON2_Data/Week19\ELDON2_20250515_191800.wav
513.0,516.0,Sturnella magna,Eastern Meadowlark,0.6292,D:/AcousticMonitoringData/ELDON2_Data/Week19\ELDON2_20250515_191800.wav
513.0,516.0,Passerina caerulea,Blue Grosbeak,0.0262,D:/AcousticMonitoringData/ELDON2_Data/Week19\ELDON2_20250515_191800.wav
516.0,519.0,Sturnella magna,Eastern Meadowlark,0.4347,D:/AcousticMonitoringData/ELDON2_Data/Week19\ELDON2_20250515_191800.wav
516.0,519.0,Bartramia longicauda,Upland Sandpiper,0.0529,D:/AcousticMonitoringData/ELDON2_Data/Week19\ELDON2_20250515_191800.wav
519.0,522.0,Sturnella magna,Eastern Meadowlark,0.2394,D:/AcousticMonitoringData/ELDON2_Data/Week19\ELDON2_20250515_191800.wav
519.0,522.0,Bartramia longicauda,Upland Sandpiper,0.0315,D:/AcousticMonitoringData/ELDON2_Data/Week19\ELDON2_20250515_191800.wav
522.0,525.0,Sturnella magna,Eastern Meadowlark,0.5813,D:/AcousticMonitoringData/ELDON2_Data/Week19\ELDON2_20250515_191800.wav
525.0,528.0,Sturnella magna,Eastern Meadowlark,0.2641,D:/AcousticMonitoringData/ELDON2_Data/Week19\ELDON2_20250515_191800.wav
525.0,528.0,Eremophila alpestris,Horned Lark,0.0156,D:/AcousticMonitoringData/ELDON2_Data/Week19\ELDON2_20250515_191800.wav
528.0,531.0,Eremophila alpestris,Horned Lark,0.0995,D:/AcousticMonitoringData/ELDON2_Data/Week19\ELDON2_20250515_191800.wav
528.0,531.0,Sturnella magna,Eastern Meadowlark,0.0686,D:/AcousticMonitoringData/ELDON2_Data/Week19\ELDON2_20250515_191800.wav
531.0,534.0,Sturnella magna,Eastern Meadowlark,0.6905,D:/AcousticMonitoringData/ELDON2_Data/Week19\ELDON2_20250515_191800.wav
531.0,534.0,Bartramia longicauda,Upland Sandpiper,0.0131,D:/AcousticMonitoringData/ELDON2_Data/Week19\ELDON2_20250515_191800.wav
534.0,537.0,Sturnella magna,Eastern Meadowlark,0.3041,D:/AcousticMonitoringData/ELDON2_Data/Week19\ELDON2_20250515_191800.wav
537.0,540.0,Sturnella magna,Eastern Meadowlark,0.0156,D:/AcousticMonitoringData/ELDON2_Data/Week19\ELDON2_20250515_191800.wav
540.0,543.0,Sturnella magna,Eastern Meadowlark,0.1965,D:/AcousticMonitoringData/ELDON2_Data/Week19\ELDON2_20250515_191800.wav
543.0,546.0,Sturnella magna,Eastern Meadowlark,0.0155,D:/AcousticMonitoringData/ELDON2_Data/Week19\ELDON2_20250515_191800.wav
552.0,555.0,Sturnella magna,Eastern Meadowlark,0.0221,D:/AcousticMonitoringData/ELDON2_Data/Week19\ELDON2_20250515_191800.wav
555.0,558.0,Sturnella magna,Eastern Meadowlark,0.0125,D:/AcousticMonitoringData/ELDON2_Data/Week19\ELDON2_20250515_191800.wav
558.0,561.0,Sturnella magna,Eastern Meadowlark,0.0991,D:/AcousticMonitoringData/ELDON2_Data/Week19\ELDON2_20250515_191800.wav
561.0,564.0,Sturnella magna,Eastern Meadowlark,0.1074,D:/AcousticMonitoringData/ELDON2_Data/Week19\ELDON2_20250515_191800.wav
564.0,567.0,Sturnella magna,Eastern Meadowlark,0.0342,D:/AcousticMonitoringData/ELDON2_Data/Week19\ELDON2_20250515_191800.wav
567.0,570.0,Sturnella magna,Eastern Meadowlark,0.0200,D:/AcousticMonitoringData/ELDON2_Data/Week19\ELDON2_20250515_191800.wav
570.0,573.0,Bartramia longicauda,Upland Sandpiper,0.0121,D:/AcousticMonitoringData/ELDON2_Data/Week19\ELDON2_20250515_191800.wav
576.0,579.0,Spizella pusilla,Field Sparrow,0.0298,D:/AcousticMonitoringData/ELDON2_Data/Week19\ELDON2_20250515_191800.wav
576.0,579.0,Sturnella magna,Eastern Meadowlark,0.0115,D:/AcousticMonitoringData/ELDON2_Data/Week19\ELDON2_20250515_191800.wav
579.0,582.0,Sturnella magna,Eastern Meadowlark,0.0494,D:/AcousticMonitoringData/ELDON2_Data/Week19\ELDON2_20250515_191800.wav
582.0,585.0,Sturnella magna,Eastern Meadowlark,0.0956,D:/AcousticMonitoringData/ELDON2_Data/Week19\ELDON2_20250515_191800.wav
585.0,588.0,Sturnella magna,Eastern Meadowlark,0.0200,D:/AcousticMonitoringData/ELDON2_Data/Week19\ELDON2_20250515_191800.wav
588.0,591.0,Sturnella magna,Eastern Meadowlark,0.5257,D:/AcousticMonitoringData/ELDON2_Data/Week19\ELDON2_20250515_191800.wav
591.0,594.0,Sturnella magna,Eastern Meadowlark,0.0688,D:/AcousticMonitoringData/ELDON2_Data/Week19\ELDON2_20250515_191800.wav
594.0,597.0,Sturnella magna,Eastern Meadowlark,0.0834,D:/AcousticMonitoringData/ELDON2_Data/Week19\ELDON2_20250515_191800.wav
597.0,600.0,Sturnella magna,Eastern Meadowlark,0.4844,D:/AcousticMonitoringData/ELDON2_Data/Week19\ELDON2_20250515_191800.wav
597.0,600.0,Passerina caerulea,Blue Grosbeak,0.0859,D:/AcousticMonitoringData/ELDON2_Data/Week19\ELDON2_20250515_191800.wav
597.0,600.0,Bartramia longicauda,Upland Sandpiper,0.0157,D:/AcousticMonitoringData/ELDON2_Data/Week19\ELDON2_20250515_191800.wav
603.0,606.0,Sturnella magna,Eastern Meadowlark,0.0137,D:/AcousticMonitoringData/ELDON2_Data/Week19\ELDON2_20250515_191800.wav
609.0,612.0,Sturnella magna,Eastern Meadowlark,0.9943,D:/AcousticMonitoringData/ELDON2_Data/Week19\ELDON2_20250515_191800.wav
609.0,612.0,Passerina caerulea,Blue Grosbeak,0.0243,D:/AcousticMonitoringData/ELDON2_Data/Week19\ELDON2_20250515_191800.wav
612.0,615.0,Passerina caerulea,Blue Grosbeak,0.2321,D:/AcousticMonitoringData/ELDON2_Data/Week19\ELDON2_20250515_191800.wav
612.0,615.0,Sturnella magna,Eastern Meadowlark,0.2151,D:/AcousticMonitoringData/ELDON2_Data/Week19\ELDON2_20250515_191800.wav
615.0,618.0,Sturnella magna,Eastern Meadowlark,0.0565,D:/AcousticMonitoringData/ELDON2_Data/Week19\ELDON2_20250515_191800.wav
618.0,621.0,Sturnella magna,Eastern Meadowlark,0.1763,D:/AcousticMonitoringData/ELDON2_Data/Week19\ELDON2_20250515_191800.wav
621.0,624.0,Sturnella magna,Eastern Meadowlark,0.3383,D:/AcousticMonitoringData/ELDON2_Data/Week19\ELDON2_20250515_191800.wav
624.0,627.0,Sturnella magna,Eastern Meadowlark,0.9635,D:/AcousticMonitoringData/ELDON2_Data/Week19\ELDON2_20250515_191800.wav
627.0,630.0,Geothlypis trichas,Common Yellowthroat,0.0162,D:/AcousticMonitoringData/ELDON2_Data/Week19\ELDON2_20250515_191800.wav
630.0,633.0,Geothlypis trichas,Common Yellowthroat,0.1099,D:/AcousticMonitoringData/ELDON2_Data/Week19\ELDON2_20250515_191800.wav
630.0,633.0,Melospiza melodia,Song Sparrow,0.0238,D:/AcousticMonitoringData/ELDON2_Data/Week19\ELDON2_20250515_191800.wav
636.0,639.0,Sturnella magna,Eastern Meadowlark,0.9338,D:/AcousticMonitoringData/ELDON2_Data/Week19\ELDON2_20250515_191800.wav
639.0,642.0,Sturnella magna,Eastern Meadowlark,0.0257,D:/AcousticMonitoringData/ELDON2_Data/Week19\ELDON2_20250515_191800.wav
639.0,642.0,Passerina caerulea,Blue Grosbeak,0.0171,D:/AcousticMonitoringData/ELDON2_Data/Week19\ELDON2_20250515_191800.wav
642.0,645.0,Sturnella magna,Eastern Meadowlark,0.8650,D:/AcousticMonitoringData/ELDON2_Data/Week19\ELDON2_20250515_191800.wav
645.0,648.0,Sturnella magna,Eastern Meadowlark,0.8751,D:/AcousticMonitoringData/ELDON2_Data/Week19\ELDON2_20250515_191800.wav
648.0,651.0,Sturnella magna,Eastern Meadowlark,0.8576,D:/AcousticMonitoringData/ELDON2_Data/Week19\ELDON2_20250515_191800.wav
648.0,651.0,Passerina caerulea,Blue Grosbeak,0.0140,D:/AcousticMonitoringData/ELDON2_Data/Week19\ELDON2_20250515_191800.wav
651.0,654.0,Sturnella magna,Eastern Meadowlark,0.9238,D:/AcousticMonitoringData/ELDON2_Data/Week19\ELDON2_20250515_191800.wav
651.0,654.0,Passerina caerulea,Blue Grosbeak,0.0242,D:/AcousticMonitoringData/ELDON2_Data/Week19\ELDON2_20250515_191800.wav
654.0,657.0,Sturnella magna,Eastern Meadowlark,0.9875,D:/AcousticMonitoringData/ELDON2_Data/Week19\ELDON2_20250515_191800.wav
657.0,660.0,Sturnella magna,Eastern Meadowlark,0.9754,D:/AcousticMonitoringData/ELDON2_Data/Week19\ELDON2_20250515_191800.wav
657.0,660.0,Passerina caerulea,Blue Grosbeak,0.0113,D:/AcousticMonitoringData/ELDON2_Data/Week19\ELDON2_20250515_191800.wav
660.0,663.0,Sturnella magna,Eastern Meadowlark,0.0171,D:/AcousticMonitoringData/ELDON2_Data/Week19\ELDON2_20250515_191800.wav
663.0,666.0,Sturnella magna,Eastern Meadowlark,0.9336,D:/AcousticMonitoringData/ELDON2_Data/Week19\ELDON2_20250515_191800.wav
666.0,669.0,Sturnella magna,Eastern Meadowlark,0.8563,D:/AcousticMonitoringData/ELDON2_Data/Week19\ELDON2_20250515_191800.wav
669.0,672.0,Sturnella magna,Eastern Meadowlark,0.7802,D:/AcousticMonitoringData/ELDON2_Data/Week19\ELDON2_20250515_191800.wav
669.0,672.0,Bartramia longicauda,Upland Sandpiper,0.0193,D:/AcousticMonitoringData/ELDON2_Data/Week19\ELDON2_20250515_191800.wav
669.0,672.0,Passerina caerulea,Blue Grosbeak,0.0187,D:/AcousticMonitoringData/ELDON2_Data/Week19\ELDON2_20250515_191800.wav
672.0,675.0,Sturnella magna,Eastern Meadowlark,0.0478,D:/AcousticMonitoringData/ELDON2_Data/Week19\ELDON2_20250515_191800.wav
675.0,678.0,Sturnella magna,Eastern Meadowlark,0.7345,D:/AcousticMonitoringData/ELDON2_Data/Week19\ELDON2_20250515_191800.wav
675.0,678.0,Passerina caerulea,Blue Grosbeak,0.0390,D:/AcousticMonitoringData/ELDON2_Data/Week19\ELDON2_20250515_191800.wav
678.0,681.0,Sturnella magna,Eastern Meadowlark,0.9805,D:/AcousticMonitoringData/ELDON2_Data/Week19\ELDON2_20250515_191800.wav
681.0,684.0,Sturnella magna,Eastern Meadowlark,0.1213,D:/AcousticMonitoringData/ELDON2_Data/Week19\ELDON2_20250515_191800.wav
681.0,684.0,Eremophila alpestris,Horned Lark,0.0172,D:/AcousticMonitoringData/ELDON2_Data/Week19\ELDON2_20250515_191800.wav
684.0,687.0,Sturnella magna,Eastern Meadowlark,0.9902,D:/AcousticMonitoringData/ELDON2_Data/Week19\ELDON2_20250515_191800.wav
687.0,690.0,Sturnella magna,Eastern Meadowlark,0.0187,D:/AcousticMonitoringData/ELDON2_Data/Week19\ELDON2_20250515_191800.wav
690.0,693.0,Sturnella magna,Eastern Meadowlark,0.2285,D:/AcousticMonitoringData/ELDON2_Data/Week19\ELDON2_20250515_191800.wav
690.0,693.0,Passerina caerulea,Blue Grosbeak,0.0159,D:/AcousticMonitoringData/ELDON2_Data/Week19\ELDON2_20250515_191800.wav
693.0,696.0,Sturnella magna,Eastern Meadowlark,0.9808,D:/AcousticMonitoringData/ELDON2_Data/Week19\ELDON2_20250515_191800.wav
693.0,696.0,Passerina caerulea,Blue Grosbeak,0.0186,D:/AcousticMonitoringData/ELDON2_Data/Week19\ELDON2_20250515_191800.wav
696.0,699.0,Sturnella magna,Eastern Meadowlark,0.0345,D:/AcousticMonitoringData/ELDON2_Data/Week19\ELDON2_20250515_191800.wav
696.0,699.0,Bartramia longicauda,Upland Sandpiper,0.0164,D:/AcousticMonitoringData/ELDON2_Data/Week19\ELDON2_20250515_191800.wav
699.0,702.0,Sturnella magna,Eastern Meadowlark,0.9443,D:/AcousticMonitoringData/ELDON2_Data/Week19\ELDON2_20250515_191800.wav
702.0,705.0,Sturnella magna,Eastern Meadowlark,0.9883,D:/AcousticMonitoringData/ELDON2_Data/Week19\ELDON2_20250515_191800.wav
708.0,711.0,Sturnella magna,Eastern Meadowlark,0.9927,D:/AcousticMonitoringData/ELDON2_Data/Week19\ELDON2_20250515_191800.wav
714.0,717.0,Sturnella magna,Eastern Meadowlark,0.1144,D:/AcousticMonitoringData/ELDON2_Data/Week19\ELDON2_20250515_191800.wav
717.0,720.0,Sturnella magna,Eastern Meadowlark,0.7088,D:/AcousticMonitoringData/ELDON2_Data/Week19\ELDON2_20250515_191800.wav
720.0,723.0,Sturnella magna,Eastern Meadowlark,0.2442,D:/AcousticMonitoringData/ELDON2_Data/Week19\ELDON2_20250515_191800.wav
723.0,726.0,Sturnella magna,Eastern Meadowlark,0.3367,D:/AcousticMonitoringData/ELDON2_Data/Week19\ELDON2_20250515_191800.wav
726.0,729.0,Sturnella magna,Eastern Meadowlark,0.9114,D:/AcousticMonitoringData/ELDON2_Data/Week19\ELDON2_20250515_191800.wav
732.0,735.0,Sturnella magna,Eastern Meadowlark,0.0985,D:/AcousticMonitoringData/ELDON2_Data/Week19\ELDON2_20250515_191800.wav
735.0,738.0,Sturnella magna,Eastern Meadowlark,0.0771,D:/AcousticMonitoringData/ELDON2_Data/Week19\ELDON2_20250515_191800.wav
738.0,741.0,Sturnella magna,Eastern Meadowlark,0.0229,D:/AcousticMonitoringData/ELDON2_Data/Week19\ELDON2_20250515_191800.wav
741.0,744.0,Sturnella magna,Eastern Meadowlark,0.0491,D:/AcousticMonitoringData/ELDON2_Data/Week19\ELDON2_20250515_191800.wav
744.0,747.0,Sturnella magna,Eastern Meadowlark,0.0527,D:/AcousticMonitoringData/ELDON2_Data/Week19\ELDON2_20250515_191800.wav
747.0,750.0,Sturnella magna,Eastern Meadowlark,0.9504,D:/AcousticMonitoringData/ELDON2_Data/Week19\ELDON2_20250515_191800.wav
747.0,750.0,Passerina caerulea,Blue Grosbeak,0.0317,D:/AcousticMonitoringData/ELDON2_Data/Week19\ELDON2_20250515_191800.wav
753.0,756.0,Sturnella magna,Eastern Meadowlark,0.9764,D:/AcousticMonitoringData/ELDON2_Data/Week19\ELDON2_20250515_191800.wav
756.0,759.0,Sturnella magna,Eastern Meadowlark,0.2352,D:/AcousticMonitoringData/ELDON2_Data/Week19\ELDON2_20250515_191800.wav
756.0,759.0,Passerina caerulea,Blue Grosbeak,0.0381,D:/AcousticMonitoringData/ELDON2_Data/Week19\ELDON2_20250515_191800.wav
759.0,762.0,Sturnella magna,Eastern Meadowlark,0.4128,D:/AcousticMonitoringData/ELDON2_Data/Week19\ELDON2_20250515_191800.wav
762.0,765.0,Sturnella magna,Eastern Meadowlark,0.9434,D:/AcousticMonitoringData/ELDON2_Data/Week19\ELDON2_20250515_191800.wav
762.0,765.0,Bartramia longicauda,Upland Sandpiper,0.0346,D:/AcousticMonitoringData/ELDON2_Data/Week19\ELDON2_20250515_191800.wav
765.0,768.0,Sturnella magna,Eastern Meadowlark,0.9708,D:/AcousticMonitoringData/ELDON2_Data/Week19\ELDON2_20250515_191800.wav
765.0,768.0,Passerina caerulea,Blue Grosbeak,0.0205,D:/AcousticMonitoringData/ELDON2_Data/Week19\ELDON2_20250515_191800.wav
768.0,771.0,Sturnella magna,Eastern Meadowlark,0.0216,D:/AcousticMonitoringData/ELDON2_Data/Week19\ELDON2_20250515_191800.wav
768.0,771.0,Passerina caerulea,Blue Grosbeak,0.0117,D:/AcousticMonitoringData/ELDON2_Data/Week19\ELDON2_20250515_191800.wav
771.0,774.0,Sturnella magna,Eastern Meadowlark,0.9855,D:/AcousticMonitoringData/ELDON2_Data/Week19\ELDON2_20250515_191800.wav
774.0,777.0,Sturnella magna,Eastern Meadowlark,0.0822,D:/AcousticMonitoringData/ELDON2_Data/Week19\ELDON2_20250515_191800.wav
774.0,777.0,Spizella pusilla,Field Sparrow,0.0294,D:/AcousticMonitoringData/ELDON2_Data/Week19\ELDON2_20250515_191800.wav
774.0,777.0,Bartramia longicauda,Upland Sandpiper,0.0159,D:/AcousticMonitoringData/ELDON2_Data/Week19\ELDON2_20250515_191800.wav
777.0,780.0,Sturnella magna,Eastern Meadowlark,0.9556,D:/AcousticMonitoringData/ELDON2_Data/Week19\ELDON2_20250515_191800.wav
780.0,783.0,Sturnella magna,Eastern Meadowlark,0.6746,D:/AcousticMonitoringData/ELDON2_Data/Week19\ELDON2_20250515_191800.wav
780.0,783.0,Passerina caerulea,Blue Grosbeak,0.0150,D:/AcousticMonitoringData/ELDON2_Data/Week19\ELDON2_20250515_191800.wav
783.0,786.0,Sturnella magna,Eastern Meadowlark,0.9268,D:/AcousticMonitoringData/ELDON2_Data/Week19\ELDON2_20250515_191800.wav
783.0,786.0,Passerina caerulea,Blue Grosbeak,0.0149,D:/AcousticMonitoringData/ELDON2_Data/Week19\ELDON2_20250515_191800.wav
786.0,789.0,Sturnella magna,Eastern Meadowlark,0.4205,D:/AcousticMonitoringData/ELDON2_Data/Week19\ELDON2_20250515_191800.wav
786.0,789.0,Bartramia longicauda,Upland Sandpiper,0.0143,D:/AcousticMonitoringData/ELDON2_Data/Week19\ELDON2_20250515_191800.wav
786.0,789.0,Passerina caerulea,Blue Grosbeak,0.0123,D:/AcousticMonitoringData/ELDON2_Data/Week19\ELDON2_20250515_191800.wav
789.0,792.0,Sturnella magna,Eastern Meadowlark,0.8925,D:/AcousticMonitoringData/ELDON2_Data/Week19\ELDON2_20250515_191800.wav
789.0,792.0,Passerina caerulea,Blue Grosbeak,0.0129,D:/AcousticMonitoringData/ELDON2_Data/Week19\ELDON2_20250515_191800.wav
792.0,795.0,Sturnella magna,Eastern Meadowlark,0.0646,D:/AcousticMonitoringData/ELDON2_Data/Week19\ELDON2_20250515_191800.wav
792.0,795.0,Spizella pusilla,Field Sparrow,0.0523,D:/AcousticMonitoringData/ELDON2_Data/Week19\ELDON2_20250515_191800.wav
792.0,795.0,Passerina caerulea,Blue Grosbeak,0.0198,D:/AcousticMonitoringData/ELDON2_Data/Week19\ELDON2_20250515_191800.wav
792.0,795.0,Bartramia longicauda,Upland Sandpiper,0.0116,D:/AcousticMonitoringData/ELDON2_Data/Week19\ELDON2_20250515_191800.wav
795.0,798.0,Sturnella magna,Eastern Meadowlark,0.9830,D:/AcousticMonitoringData/ELDON2_Data/Week19\ELDON2_20250515_191800.wav
795.0,798.0,Passerina caerulea,Blue Grosbeak,0.0314,D:/AcousticMonitoringData/ELDON2_Data/Week19\ELDON2_20250515_191800.wav
795.0,798.0,Bartramia longicauda,Upland Sandpiper,0.0247,D:/AcousticMonitoringData/ELDON2_Data/Week19\ELDON2_20250515_191800.wav
798.0,801.0,Sturnella magna,Eastern Meadowlark,0.0114,D:/AcousticMonitoringData/ELDON2_Data/Week19\ELDON2_20250515_191800.wav
801.0,804.0,Sturnella magna,Eastern Meadowlark,0.8773,D:/AcousticMonitoringData/ELDON2_Data/Week19\ELDON2_20250515_191800.wav
801.0,804.0,Passerina caerulea,Blue Grosbeak,0.0138,D:/AcousticMonitoringData/ELDON2_Data/Week19\ELDON2_20250515_191800.wav
804.0,807.0,Sturnella magna,Eastern Meadowlark,0.7528,D:/AcousticMonitoringData/ELDON2_Data/Week19\ELDON2_20250515_191800.wav
804.0,807.0,Bartramia longicauda,Upland Sandpiper,0.0246,D:/AcousticMonitoringData/ELDON2_Data/Week19\ELDON2_20250515_191800.wav
807.0,810.0,Sturnella magna,Eastern Meadowlark,0.1982,D:/AcousticMonitoringData/ELDON2_Data/Week19\ELDON2_20250515_191800.wav
810.0,813.0,Sturnella magna,Eastern Meadowlark,0.8191,D:/AcousticMonitoringData/ELDON2_Data/Week19\ELDON2_20250515_191800.wav
813.0,816.0,Sturnella magna,Eastern Meadowlark,0.6960,D:/AcousticMonitoringData/ELDON2_Data/Week19\ELDON2_20250515_191800.wav
813.0,816.0,Bartramia longicauda,Upland Sandpiper,0.0280,D:/AcousticMonitoringData/ELDON2_Data/Week19\ELDON2_20250515_191800.wav
813.0,816.0,Passerina caerulea,Blue Grosbeak,0.0212,D:/AcousticMonitoringData/ELDON2_Data/Week19\ELDON2_20250515_191800.wav
813.0,816.0,Spizella pusilla,Field Sparrow,0.0195,D:/AcousticMonitoringData/ELDON2_Data/Week19\ELDON2_20250515_191800.wav
816.0,819.0,Sturnella magna,Eastern Meadowlark,0.8012,D:/AcousticMonitoringData/ELDON2_Data/Week19\ELDON2_20250515_191800.wav
816.0,819.0,Passerina caerulea,Blue Grosbeak,0.0305,D:/AcousticMonitoringData/ELDON2_Data/Week19\ELDON2_20250515_191800.wav
819.0,822.0,Sturnella magna,Eastern Meadowlark,0.5283,D:/AcousticMonitoringData/ELDON2_Data/Week19\ELDON2_20250515_191800.wav
822.0,825.0,Sturnella magna,Eastern Meadowlark,0.7831,D:/AcousticMonitoringData/ELDON2_Data/Week19\ELDON2_20250515_191800.wav
822.0,825.0,Passerina caerulea,Blue Grosbeak,0.1574,D:/AcousticMonitoringData/ELDON2_Data/Week19\ELDON2_20250515_191800.wav
825.0,828.0,Sturnella magna,Eastern Meadowlark,0.2600,D:/AcousticMonitoringData/ELDON2_Data/Week19\ELDON2_20250515_191800.wav
825.0,828.0,Bartramia longicauda,Upland Sandpiper,0.0166,D:/AcousticMonitoringData/ELDON2_Data/Week19\ELDON2_20250515_191800.wav
828.0,831.0,Sturnella magna,Eastern Meadowlark,0.8333,D:/AcousticMonitoringData/ELDON2_Data/Week19\ELDON2_20250515_191800.wav
828.0,831.0,Passerina caerulea,Blue Grosbeak,0.0765,D:/AcousticMonitoringData/ELDON2_Data/Week19\ELDON2_20250515_191800.wav
831.0,834.0,Passerina caerulea,Blue Grosbeak,0.0283,D:/AcousticMonitoringData/ELDON2_Data/Week19\ELDON2_20250515_191800.wav
831.0,834.0,Spizella pusilla,Field Sparrow,0.0185,D:/AcousticMonitoringData/ELDON2_Data/Week19\ELDON2_20250515_191800.wav
834.0,837.0,Sturnella magna,Eastern Meadowlark,0.0435,D:/AcousticMonitoringData/ELDON2_Data/Week19\ELDON2_20250515_191800.wav
837.0,840.0,Sturnella magna,Eastern Meadowlark,0.8579,D:/AcousticMonitoringData/ELDON2_Data/Week19\ELDON2_20250515_191800.wav
837.0,840.0,Passerina caerulea,Blue Grosbeak,0.0140,D:/AcousticMonitoringData/ELDON2_Data/Week19\ELDON2_20250515_191800.wav
840.0,843.0,Passerina caerulea,Blue Grosbeak,0.0380,D:/AcousticMonitoringData/ELDON2_Data/Week19\ELDON2_20250515_191800.wav
843.0,846.0,Sturnella magna,Eastern Meadowlark,0.9776,D:/AcousticMonitoringData/ELDON2_Data/Week19\ELDON2_20250515_191800.wav
846.0,849.0,Sturnella magna,Eastern Meadowlark,0.0769,D:/AcousticMonitoringData/ELDON2_Data/Week19\ELDON2_20250515_191800.wav
849.0,852.0,Sturnella magna,Eastern Meadowlark,0.9400,D:/AcousticMonitoringData/ELDON2_Data/Week19\ELDON2_20250515_191800.wav
852.0,855.0,Sturnella magna,Eastern Meadowlark,0.9959,D:/AcousticMonitoringData/ELDON2_Data/Week19\ELDON2_20250515_191800.wav
852.0,855.0,Passerina caerulea,Blue Grosbeak,0.0110,D:/AcousticMonitoringData/ELDON2_Data/Week19\ELDON2_20250515_191800.wav
855.0,858.0,Passerina caerulea,Blue Grosbeak,0.0264,D:/AcousticMonitoringData/ELDON2_Data/Week19\ELDON2_20250515_191800.wav
855.0,858.0,Sturnella magna,Eastern Meadowlark,0.0134,D:/AcousticMonitoringData/ELDON2_Data/Week19\ELDON2_20250515_191800.wav
858.0,861.0,Sturnella magna,Eastern Meadowlark,0.9749,D:/AcousticMonitoringData/ELDON2_Data/Week19\ELDON2_20250515_191800.wav
861.0,864.0,Sturnella magna,Eastern Meadowlark,0.0575,D:/AcousticMonitoringData/ELDON2_Data/Week19\ELDON2_20250515_191800.wav
861.0,864.0,Spizella pusilla,Field Sparrow,0.0233,D:/AcousticMonitoringData/ELDON2_Data/Week19\ELDON2_20250515_191800.wav
861.0,864.0,Passerina caerulea,Blue Grosbeak,0.0220,D:/AcousticMonitoringData/ELDON2_Data/Week19\ELDON2_20250515_191800.wav
861.0,864.0,Bartramia longicauda,Upland Sandpiper,0.0196,D:/AcousticMonitoringData/ELDON2_Data/Week19\ELDON2_20250515_191800.wav
864.0,867.0,Sturnella magna,Eastern Meadowlark,0.8426,D:/AcousticMonitoringData/ELDON2_Data/Week19\ELDON2_20250515_191800.wav
864.0,867.0,Passerina caerulea,Blue Grosbeak,0.1045,D:/AcousticMonitoringData/ELDON2_Data/Week19\ELDON2_20250515_191800.wav
867.0,870.0,Sturnella magna,Eastern Meadowlark,0.8368,D:/AcousticMonitoringData/ELDON2_Data/Week19\ELDON2_20250515_191800.wav
870.0,873.0,Sturnella magna,Eastern Meadowlark,0.5747,D:/AcousticMonitoringData/ELDON2_Data/Week19\ELDON2_20250515_191800.wav
873.0,876.0,Sturnella magna,Eastern Meadowlark,0.1499,D:/AcousticMonitoringData/ELDON2_Data/Week19\ELDON2_20250515_191800.wav
876.0,879.0,Spizella pusilla,Field Sparrow,0.0293,D:/AcousticMonitoringData/ELDON2_Data/Week19\ELDON2_20250515_191800.wav
876.0,879.0,Passerina caerulea,Blue Grosbeak,0.0265,D:/AcousticMonitoringData/ELDON2_Data/Week19\ELDON2_20250515_191800.wav
876.0,879.0,Sturnella magna,Eastern Meadowlark,0.0215,D:/AcousticMonitoringData/ELDON2_Data/Week19\ELDON2_20250515_191800.wav
879.0,882.0,Sturnella magna,Eastern Meadowlark,0.9541,D:/AcousticMonitoringData/ELDON2_Data/Week19\ELDON2_20250515_191800.wav
879.0,882.0,Passerina caerulea,Blue Grosbeak,0.0230,D:/AcousticMonitoringData/ELDON2_Data/Week19\ELDON2_20250515_191800.wav
882.0,885.0,Spizella pusilla,Field Sparrow,0.0332,D:/AcousticMonitoringData/ELDON2_Data/Week19\ELDON2_20250515_191800.wav
882.0,885.0,Sturnella magna,Eastern Meadowlark,0.0191,D:/AcousticMonitoringData/ELDON2_Data/Week19\ELDON2_20250515_191800.wav
882.0,885.0,Geothlypis trichas,Common Yellowthroat,0.0171,D:/AcousticMonitoringData/ELDON2_Data/Week19\ELDON2_20250515_191800.wav
885.0,888.0,Passerina caerulea,Blue Grosbeak,0.0105,D:/AcousticMonitoringData/ELDON2_Data/Week19\ELDON2_20250515_191800.wav
888.0,891.0,Sturnella magna,Eastern Meadowlark,0.5340,D:/AcousticMonitoringData/ELDON2_Data/Week19\ELDON2_20250515_191800.wav
888.0,891.0,Passerina caerulea,Blue Grosbeak,0.0546,D:/AcousticMonitoringData/ELDON2_Data/Week19\ELDON2_20250515_191800.wav
891.0,894.0,Sturnella magna,Eastern Meadowlark,0.1891,D:/AcousticMonitoringData/ELDON2_Data/Week19\ELDON2_20250515_191800.wav
894.0,897.0,Sturnella magna,Eastern Meadowlark,0.9466,D:/AcousticMonitoringData/ELDON2_Data/Week19\ELDON2_20250515_191800.wav
894.0,897.0,Passerina caerulea,Blue Grosbeak,0.0276,D:/AcousticMonitoringData/ELDON2_Data/Week19\ELDON2_20250515_191800.wav
897.0,900.0,Sturnella magna,Eastern Meadowlark,0.6989,D:/AcousticMonitoringData/ELDON2_Data/Week19\ELDON2_20250515_191800.wav
897.0,900.0,Passerina caerulea,Blue Grosbeak,0.1445,D:/AcousticMonitoringData/ELDON2_Data/Week19\ELDON2_20250515_191800.wav
900.0,903.0,Sturnella magna,Eastern Meadowlark,0.9343,D:/AcousticMonitoringData/ELDON2_Data/Week19\ELDON2_20250515_191800.wav
903.0,906.0,Sturnella magna,Eastern Meadowlark,0.7579,D:/AcousticMonitoringData/ELDON2_Data/Week19\ELDON2_20250515_191800.wav
903.0,906.0,Passerina caerulea,Blue Grosbeak,0.0930,D:/AcousticMonitoringData/ELDON2_Data/Week19\ELDON2_20250515_191800.wav
906.0,909.0,Sturnella magna,Eastern Meadowlark,0.9154,D:/AcousticMonitoringData/ELDON2_Data/Week19\ELDON2_20250515_191800.wav
906.0,909.0,Passerina caerulea,Blue Grosbeak,0.0181,D:/AcousticMonitoringData/ELDON2_Data/Week19\ELDON2_20250515_191800.wav
915.0,918.0,Passerina caerulea,Blue Grosbeak,0.0187,D:/AcousticMonitoringData/ELDON2_Data/Week19\ELDON2_20250515_191800.wav
918.0,921.0,Sturnella magna,Eastern Meadowlark,0.0648,D:/AcousticMonitoringData/ELDON2_Data/Week19\ELDON2_20250515_191800.wav
918.0,921.0,Passerina caerulea,Blue Grosbeak,0.0177,D:/AcousticMonitoringData/ELDON2_Data/Week19\ELDON2_20250515_191800.wav
921.0,924.0,Sturnella magna,Eastern Meadowlark,0.8008,D:/AcousticMonitoringData/ELDON2_Data/Week19\ELDON2_20250515_191800.wav
921.0,924.0,Passerina caerulea,Blue Grosbeak,0.0190,D:/AcousticMonitoringData/ELDON2_Data/Week19\ELDON2_20250515_191800.wav
924.0,927.0,Passerina caerulea,Blue Grosbeak,0.0642,D:/AcousticMonitoringData/ELDON2_Data/Week19\ELDON2_20250515_191800.wav
924.0,927.0,Sturnella magna,Eastern Meadowlark,0.0226,D:/AcousticMonitoringData/ELDON2_Data/Week19\ELDON2_20250515_191800.wav
927.0,930.0,Sturnella magna,Eastern Meadowlark,0.7715,D:/AcousticMonitoringData/ELDON2_Data/Week19\ELDON2_20250515_191800.wav
927.0,930.0,Passerina caerulea,Blue Grosbeak,0.0165,D:/AcousticMonitoringData/ELDON2_Data/Week19\ELDON2_20250515_191800.wav
930.0,933.0,Spizella pusilla,Field Sparrow,0.0270,D:/AcousticMonitoringData/ELDON2_Data/Week19\ELDON2_20250515_191800.wav
930.0,933.0,Passerina caerulea,Blue Grosbeak,0.0256,D:/AcousticMonitoringData/ELDON2_Data/Week19\ELDON2_20250515_191800.wav
930.0,933.0,Sturnella magna,Eastern Meadowlark,0.0199,D:/AcousticMonitoringData/ELDON2_Data/Week19\ELDON2_20250515_191800.wav
930.0,933.0,Geothlypis trichas,Common Yellowthroat,0.0132,D:/AcousticMonitoringData/ELDON2_Data/Week19\ELDON2_20250515_191800.wav
933.0,936.0,Sturnella magna,Eastern Meadowlark,0.9810,D:/AcousticMonitoringData/ELDON2_Data/Week19\ELDON2_20250515_191800.wav
933.0,936.0,Passerina caerulea,Blue Grosbeak,0.0122,D:/AcousticMonitoringData/ELDON2_Data/Week19\ELDON2_20250515_191800.wav
939.0,942.0,Sturnella magna,Eastern Meadowlark,0.9380,D:/AcousticMonitoringData/ELDON2_Data/Week19\ELDON2_20250515_191800.wav
942.0,945.0,Geothlypis trichas,Common Yellowthroat,0.1394,D:/AcousticMonitoringData/ELDON2_Data/Week19\ELDON2_20250515_191800.wav
942.0,945.0,Melospiza melodia,Song Sparrow,0.0151,D:/AcousticMonitoringData/ELDON2_Data/Week19\ELDON2_20250515_191800.wav
945.0,948.0,Sturnella magna,Eastern Meadowlark,0.9597,D:/AcousticMonitoringData/ELDON2_Data/Week19\ELDON2_20250515_191800.wav
948.0,951.0,Geothlypis trichas,Common Yellowthroat,0.0106,D:/AcousticMonitoringData/ELDON2_Data/Week19\ELDON2_20250515_191800.wav
951.0,954.0,Geothlypis trichas,Common Yellowthroat,0.0110,D:/AcousticMonitoringData/ELDON2_Data/Week19\ELDON2_20250515_191800.wav
954.0,957.0,Sturnella magna,Eastern Meadowlark,0.8966,D:/AcousticMonitoringData/ELDON2_Data/Week19\ELDON2_20250515_191800.wav
954.0,957.0,Passerina caerulea,Blue Grosbeak,0.0261,D:/AcousticMonitoringData/ELDON2_Data/Week19\ELDON2_20250515_191800.wav
957.0,960.0,Geothlypis trichas,Common Yellowthroat,0.0180,D:/AcousticMonitoringData/ELDON2_Data/Week19\ELDON2_20250515_191800.wav
960.0,963.0,Sturnella magna,Eastern Meadowlark,0.9175,D:/AcousticMonitoringData/ELDON2_Data/Week19\ELDON2_20250515_191800.wav
960.0,963.0,Passerina caerulea,Blue Grosbeak,0.0112,D:/AcousticMonitoringData/ELDON2_Data/Week19\ELDON2_20250515_191800.wav
963.0,966.0,Spizella pusilla,Field Sparrow,0.0135,D:/AcousticMonitoringData/ELDON2_Data/Week19\ELDON2_20250515_191800.wav
963.0,966.0,Geothlypis trichas,Common Yellowthroat,0.0113,D:/AcousticMonitoringData/ELDON2_Data/Week19\ELDON2_20250515_191800.wav
966.0,969.0,Sturnella magna,Eastern Meadowlark,0.9155,D:/AcousticMonitoringData/ELDON2_Data/Week19\ELDON2_20250515_191800.wav
966.0,969.0,Passerina caerulea,Blue Grosbeak,0.0910,D:/AcousticMonitoringData/ELDON2_Data/Week19\ELDON2_20250515_191800.wav
966.0,969.0,Bartramia longicauda,Upland Sandpiper,0.0239,D:/AcousticMonitoringData/ELDON2_Data/Week19\ELDON2_20250515_191800.wav
972.0,975.0,Sturnella magna,Eastern Meadowlark,0.9433,D:/AcousticMonitoringData/ELDON2_Data/Week19\ELDON2_20250515_191800.wav
972.0,975.0,Passerina caerulea,Blue Grosbeak,0.0138,D:/AcousticMonitoringData/ELDON2_Data/Week19\ELDON2_20250515_191800.wav
972.0,975.0,Bartramia longicauda,Upland Sandpiper,0.0126,D:/AcousticMonitoringData/ELDON2_Data/Week19\ELDON2_20250515_191800.wav
975.0,978.0,Geothlypis trichas,Common Yellowthroat,0.0388,D:/AcousticMonitoringData/ELDON2_Data/Week19\ELDON2_20250515_191800.wav
975.0,978.0,Melospiza melodia,Song Sparrow,0.0171,D:/AcousticMonitoringData/ELDON2_Data/Week19\ELDON2_20250515_191800.wav
978.0,981.0,Sturnella magna,Eastern Meadowlark,0.8926,D:/AcousticMonitoringData/ELDON2_Data/Week19\ELDON2_20250515_191800.wav
978.0,981.0,Passerina caerulea,Blue Grosbeak,0.0295,D:/AcousticMonitoringData/ELDON2_Data/Week19\ELDON2_20250515_191800.wav
984.0,987.0,Sturnella magna,Eastern Meadowlark,0.0340,D:/AcousticMonitoringData/ELDON2_Data/Week19\ELDON2_20250515_191800.wav
987.0,990.0,Sturnella magna,Eastern Meadowlark,0.6586,D:/AcousticMonitoringData/ELDON2_Data/Week19\ELDON2_20250515_191800.wav
990.0,993.0,Sturnella magna,Eastern Meadowlark,0.8532,D:/AcousticMonitoringData/ELDON2_Data/Week19\ELDON2_20250515_191800.wav
990.0,993.0,Passerina caerulea,Blue Grosbeak,0.0536,D:/AcousticMonitoringData/ELDON2_Data/Week19\ELDON2_20250515_191800.wav
996.0,999.0,Sturnella magna,Eastern Meadowlark,0.0297,D:/AcousticMonitoringData/ELDON2_Data/Week19\ELDON2_20250515_191800.wav
996.0,999.0,Passerina caerulea,Blue Grosbeak,0.0128,D:/AcousticMonitoringData/ELDON2_Data/Week19\ELDON2_20250515_191800.wav
999.0,1002.0,Sturnella magna,Eastern Meadowlark,0.8739,D:/AcousticMonitoringData/ELDON2_Data/Week19\ELDON2_20250515_191800.wav
999.0,1002.0,Passerina caerulea,Blue Grosbeak,0.0145,D:/AcousticMonitoringData/ELDON2_Data/Week19\ELDON2_20250515_191800.wav
1002.0,1005.0,Spizella pusilla,Field Sparrow,0.0352,D:/AcousticMonitoringData/ELDON2_Data/Week19\ELDON2_20250515_191800.wav
1002.0,1005.0,Sturnella magna,Eastern Meadowlark,0.0135,D:/AcousticMonitoringData/ELDON2_Data/Week19\ELDON2_20250515_191800.wav
1002.0,1005.0,Passerina caerulea,Blue Grosbeak,0.0125,D:/AcousticMonitoringData/ELDON2_Data/Week19\ELDON2_20250515_191800.wav
1005.0,1008.0,Sturnella magna,Eastern Meadowlark,0.8743,D:/AcousticMonitoringData/ELDON2_Data/Week19\ELDON2_20250515_191800.wav
1005.0,1008.0,Passerina caerulea,Blue Grosbeak,0.0144,D:/AcousticMonitoringData/ELDON2_Data/Week19\ELDON2_20250515_191800.wav
1008.0,1011.0,Sturnella magna,Eastern Meadowlark,0.2848,D:/AcousticMonitoringData/ELDON2_Data/Week19\ELDON2_20250515_191800.wav
1008.0,1011.0,Passerina caerulea,Blue Grosbeak,0.0112,D:/AcousticMonitoringData/ELDON2_Data/Week19\ELDON2_20250515_191800.wav
1011.0,1014.0,Sturnella magna,Eastern Meadowlark,0.8667,D:/AcousticMonitoringData/ELDON2_Data/Week19\ELDON2_20250515_191800.wav
1011.0,1014.0,Passerina caerulea,Blue Grosbeak,0.0116,D:/AcousticMonitoringData/ELDON2_Data/Week19\ELDON2_20250515_191800.wav
1014.0,1017.0,Passerina caerulea,Blue Grosbeak,0.6032,D:/AcousticMonitoringData/ELDON2_Data/Week19\ELDON2_20250515_191800.wav
1014.0,1017.0,Sturnella magna,Eastern Meadowlark,0.0281,D:/AcousticMonitoringData/ELDON2_Data/Week19\ELDON2_20250515_191800.wav
1017.0,1020.0,Sturnella magna,Eastern Meadowlark,0.7633,D:/AcousticMonitoringData/ELDON2_Data/Week19\ELDON2_20250515_191800.wav
1020.0,1023.0,Sturnella magna,Eastern Meadowlark,0.5677,D:/AcousticMonitoringData/ELDON2_Data/Week19\ELDON2_20250515_191800.wav
1023.0,1026.0,Geothlypis trichas,Common Yellowthroat,0.0588,D:/AcousticMonitoringData/ELDON2_Data/Week19\ELDON2_20250515_191800.wav
1023.0,1026.0,Spizella pusilla,Field Sparrow,0.0310,D:/AcousticMonitoringData/ELDON2_Data/Week19\ELDON2_20250515_191800.wav
1023.0,1026.0,Passerina caerulea,Blue Grosbeak,0.0153,D:/AcousticMonitoringData/ELDON2_Data/Week19\ELDON2_20250515_191800.wav
1023.0,1026.0,Sturnella magna,Eastern Meadowlark,0.0122,D:/AcousticMonitoringData/ELDON2_Data/Week19\ELDON2_20250515_191800.wav
1026.0,1029.0,Sturnella magna,Eastern Meadowlark,0.5911,D:/AcousticMonitoringData/ELDON2_Data/Week19\ELDON2_20250515_191800.wav
1026.0,1029.0,Passerina caerulea,Blue Grosbeak,0.0374,D:/AcousticMonitoringData/ELDON2_Data/Week19\ELDON2_20250515_191800.wav
1029.0,1032.0,Geothlypis trichas,Common Yellowthroat,0.0299,D:/AcousticMonitoringData/ELDON2_Data/Week19\ELDON2_20250515_191800.wav
1032.0,1035.0,Sturnella magna,Eastern Meadowlark,0.8215,D:/AcousticMonitoringData/ELDON2_Data/Week19\ELDON2_20250515_191800.wav
1035.0,1038.0,Geothlypis trichas,Common Yellowthroat,0.0220,D:/AcousticMonitoringData/ELDON2_Data/Week19\ELDON2_20250515_191800.wav
1041.0,1044.0,Sturnella magna,Eastern Meadowlark,0.1973,D:/AcousticMonitoringData/ELDON2_Data/Week19\ELDON2_20250515_191800.wav
1044.0,1047.0,Sturnella magna,Eastern Meadowlark,0.8101,D:/AcousticMonitoringData/ELDON2_Data/Week19\ELDON2_20250515_191800.wav
1044.0,1047.0,Passerina caerulea,Blue Grosbeak,0.0159,D:/AcousticMonitoringData/ELDON2_Data/Week19\ELDON2_20250515_191800.wav
1047.0,1050.0,Sturnella magna,Eastern Meadowlark,0.0346,D:/AcousticMonitoringData/ELDON2_Data/Week19\ELDON2_20250515_191800.wav
1047.0,1050.0,Geothlypis trichas,Common Yellowthroat,0.0167,D:/AcousticMonitoringData/ELDON2_Data/Week19\ELDON2_20250515_191800.wav
1050.0,1053.0,Sturnella magna,Eastern Meadowlark,0.2020,D:/AcousticMonitoringData/ELDON2_Data/Week19\ELDON2_20250515_191800.wav
1053.0,1056.0,Sturnella magna,Eastern Meadowlark,0.0664,D:/AcousticMonitoringData/ELDON2_Data/Week19\ELDON2_20250515_191800.wav
1056.0,1059.0,Bartramia longicauda,Upland Sandpiper,0.0145,D:/AcousticMonitoringData/ELDON2_Data/Week19\ELDON2_20250515_191800.wav
1056.0,1059.0,Sturnella magna,Eastern Meadowlark,0.0119,D:/AcousticMonitoringData/ELDON2_Data/Week19\ELDON2_20250515_191800.wav
1062.0,1065.0,Geothlypis trichas,Common Yellowthroat,0.0168,D:/AcousticMonitoringData/ELDON2_Data/Week19\ELDON2_20250515_191800.wav
1062.0,1065.0,Spizella pusilla,Field Sparrow,0.0147,D:/AcousticMonitoringData/ELDON2_Data/Week19\ELDON2_20250515_191800.wav
1065.0,1068.0,Spizella pusilla,Field Sparrow,0.0200,D:/AcousticMonitoringData/ELDON2_Data/Week19\ELDON2_20250515_191800.wav
1065.0,1068.0,Geothlypis trichas,Common Yellowthroat,0.0177,D:/AcousticMonitoringData/ELDON2_Data/Week19\ELDON2_20250515_191800.wav
1065.0,1068.0,Sturnella magna,Eastern Meadowlark,0.0169,D:/AcousticMonitoringData/ELDON2_Data/Week19\ELDON2_20250515_191800.wav
1065.0,1068.0,Passerina caerulea,Blue Grosbeak,0.0105,D:/AcousticMonitoringData/ELDON2_Data/Week19\ELDON2_20250515_191800.wav
1068.0,1071.0,Sturnella magna,Eastern Meadowlark,0.0655,D:/AcousticMonitoringData/ELDON2_Data/Week19\ELDON2_20250515_191800.wav
1068.0,1071.0,Geothlypis trichas,Common Yellowthroat,0.0322,D:/AcousticMonitoringData/ELDON2_Data/Week19\ELDON2_20250515_191800.wav
1068.0,1071.0,Spizella pusilla,Field Sparrow,0.0246,D:/AcousticMonitoringData/ELDON2_Data/Week19\ELDON2_20250515_191800.wav
1068.0,1071.0,Passerina caerulea,Blue Grosbeak,0.0159,D:/AcousticMonitoringData/ELDON2_Data/Week19\ELDON2_20250515_191800.wav
1068.0,1071.0,Melospiza melodia,Song Sparrow,0.0129,D:/AcousticMonitoringData/ELDON2_Data/Week19\ELDON2_20250515_191800.wav
1071.0,1074.0,Geothlypis trichas,Common Yellowthroat,0.0195,D:/AcousticMonitoringData/ELDON2_Data/Week19\ELDON2_20250515_191800.wav
1071.0,1074.0,Sturnella magna,Eastern Meadowlark,0.0162,D:/AcousticMonitoringData/ELDON2_Data/Week19\ELDON2_20250515_191800.wav
1074.0,1077.0,Sturnella magna,Eastern Meadowlark,0.0137,D:/AcousticMonitoringData/ELDON2_Data/Week19\ELDON2_20250515_191800.wav
1077.0,1080.0,Spizella pusilla,Field Sparrow,0.0368,D:/AcousticMonitoringData/ELDON2_Data/Week19\ELDON2_20250515_191800.wav
1077.0,1080.0,Sturnella magna,Eastern Meadowlark,0.0125,D:/AcousticMonitoringData/ELDON2_Data/Week19\ELDON2_20250515_191800.wav
1080.0,1083.0,Geothlypis trichas,Common Yellowthroat,0.0381,D:/AcousticMonitoringData/ELDON2_Data/Week19\ELDON2_20250515_191800.wav
1080.0,1083.0,Passerina caerulea,Blue Grosbeak,0.0261,D:/AcousticMonitoringData/ELDON2_Data/Week19\ELDON2_20250515_191800.wav
1080.0,1083.0,Spizella pusilla,Field Sparrow,0.0214,D:/AcousticMonitoringData/ELDON2_Data/Week19\ELDON2_20250515_191800.wav
1080.0,1083.0,Sturnella magna,Eastern Meadowlark,0.0159,D:/AcousticMonitoringData/ELDON2_Data/Week19\ELDON2_20250515_191800.wav
1083.0,1086.0,Geothlypis trichas,Common Yellowthroat,0.0460,D:/AcousticMonitoringData/ELDON2_Data/Week19\ELDON2_20250515_191800.wav
1083.0,1086.0,Sturnella magna,Eastern Meadowlark,0.0131,D:/AcousticMonitoringData/ELDON2_Data/Week19\ELDON2_20250515_191800.wav
1083.0,1086.0,Spizella pusilla,Field Sparrow,0.0108,D:/AcousticMonitoringData/ELDON2_Data/Week19\ELDON2_20250515_191800.wav
1086.0,1089.0,Sturnella magna,Eastern Meadowlark,0.0327,D:/AcousticMonitoringData/ELDON2_Data/Week19\ELDON2_20250515_191800.wav
1086.0,1089.0,Bartramia longicauda,Upland Sandpiper,0.0307,D:/AcousticMonitoringData/ELDON2_Data/Week19\ELDON2_20250515_191800.wav
1086.0,1089.0,Geothlypis trichas,Common Yellowthroat,0.0224,D:/AcousticMonitoringData/ELDON2_Data/Week19\ELDON2_20250515_191800.wav
1086.0,1089.0,Spizella pusilla,Field Sparrow,0.0184,D:/AcousticMonitoringData/ELDON2_Data/Week19\ELDON2_20250515_191800.wav
1089.0,1092.0,Sturnella magna,Eastern Meadowlark,0.0214,D:/AcousticMonitoringData/ELDON2_Data/Week19\ELDON2_20250515_191800.wav
1092.0,1095.0,Sturnella magna,Eastern Meadowlark,0.0924,D:/AcousticMonitoringData/ELDON2_Data/Week19\ELDON2_20250515_191800.wav
1095.0,1098.0,Geothlypis trichas,Common Yellowthroat,0.0265,D:/AcousticMonitoringData/ELDON2_Data/Week19\ELDON2_20250515_191800.wav
1095.0,1098.0,Spizella pusilla,Field Sparrow,0.0152,D:/AcousticMonitoringData/ELDON2_Data/Week19\ELDON2_20250515_191800.wav
1098.0,1101.0,Sturnella magna,Eastern Meadowlark,0.0743,D:/AcousticMonitoringData/ELDON2_Data/Week19\ELDON2_20250515_191800.wav
1098.0,1101.0,Passerina caerulea,Blue Grosbeak,0.0120,D:/AcousticMonitoringData/ELDON2_Data/Week19\ELDON2_20250515_191800.wav
1098.0,1101.0,Spizella pusilla,Field Sparrow,0.0119,D:/AcousticMonitoringData/ELDON2_Data/Week19\ELDON2_20250515_191800.wav
1101.0,1104.0,Sturnella magna,Eastern Meadowlark,0.1155,D:/AcousticMonitoringData/ELDON2_Data/Week19\ELDON2_20250515_191800.wav
1104.0,1107.0,Spizella pusilla,Field Sparrow,0.0637,D:/AcousticMonitoringData/ELDON2_Data/Week19\ELDON2_20250515_191800.wav
1104.0,1107.0,Passerina caerulea,Blue Grosbeak,0.0225,D:/AcousticMonitoringData/ELDON2_Data/Week19\ELDON2_20250515_191800.wav
1104.0,1107.0,Sturnella magna,Eastern Meadowlark,0.0123,D:/AcousticMonitoringData/ELDON2_Data/Week19\ELDON2_20250515_191800.wav
1107.0,1110.0,Sturnella magna,Eastern Meadowlark,0.0324,D:/AcousticMonitoringData/ELDON2_Data/Week19\ELDON2_20250515_191800.wav
1116.0,1119.0,Sturnella magna,Eastern Meadowlark,0.0141,D:/AcousticMonitoringData/ELDON2_Data/Week19\ELDON2_20250515_191800.wav
1119.0,1122.0,Sturnella magna,Eastern Meadowlark,0.0261,D:/AcousticMonitoringData/ELDON2_Data/Week19\ELDON2_20250515_191800.wav
1119.0,1122.0,Spizella pusilla,Field Sparrow,0.0133,D:/AcousticMonitoringData/ELDON2_Data/Week19\ELDON2_20250515_191800.wav
1122.0,1125.0,Sturnella magna,Eastern Meadowlark,0.0250,D:/AcousticMonitoringData/ELDON2_Data/Week19\ELDON2_20250515_191800.wav
1122.0,1125.0,Spizella pusilla,Field Sparrow,0.0238,D:/AcousticMonitoringData/ELDON2_Data/Week19\ELDON2_20250515_191800.wav
1122.0,1125.0,Passerina caerulea,Blue Grosbeak,0.0169,D:/AcousticMonitoringData/ELDON2_Data/Week19\ELDON2_20250515_191800.wav
1122.0,1125.0,Geothlypis trichas,Common Yellowthroat,0.0133,D:/AcousticMonitoringData/ELDON2_Data/Week19\ELDON2_20250515_191800.wav
1125.0,1128.0,Sturnella magna,Eastern Meadowlark,0.1035,D:/AcousticMonitoringData/ELDON2_Data/Week19\ELDON2_20250515_191800.wav
1125.0,1128.0,Geothlypis trichas,Common Yellowthroat,0.0151,D:/AcousticMonitoringData/ELDON2_Data/Week19\ELDON2_20250515_191800.wav
1128.0,1131.0,Sturnella magna,Eastern Meadowlark,0.2000,D:/AcousticMonitoringData/ELDON2_Data/Week19\ELDON2_20250515_191800.wav
1131.0,1134.0,Passerina caerulea,Blue Grosbeak,0.0469,D:/AcousticMonitoringData/ELDON2_Data/Week19\ELDON2_20250515_191800.wav
1131.0,1134.0,Spizella pusilla,Field Sparrow,0.0220,D:/AcousticMonitoringData/ELDON2_Data/Week19\ELDON2_20250515_191800.wav
1131.0,1134.0,Sturnella magna,Eastern Meadowlark,0.0120,D:/AcousticMonitoringData/ELDON2_Data/Week19\ELDON2_20250515_191800.wav
1134.0,1137.0,Sturnella magna,Eastern Meadowlark,0.1033,D:/AcousticMonitoringData/ELDON2_Data/Week19\ELDON2_20250515_191800.wav
1134.0,1137.0,Spizella pusilla,Field Sparrow,0.0115,D:/AcousticMonitoringData/ELDON2_Data/Week19\ELDON2_20250515_191800.wav
1134.0,1137.0,Bartramia longicauda,Upland Sandpiper,0.0110,D:/AcousticMonitoringData/ELDON2_Data/Week19\ELDON2_20250515_191800.wav
1137.0,1140.0,Sturnella magna,Eastern Meadowlark,0.1428,D:/AcousticMonitoringData/ELDON2_Data/Week19\ELDON2_20250515_191800.wav
1140.0,1143.0,Sturnella magna,Eastern Meadowlark,0.1452,D:/AcousticMonitoringData/ELDON2_Data/Week19\ELDON2_20250515_191800.wav
1140.0,1143.0,Spizella pusilla,Field Sparrow,0.0224,D:/AcousticMonitoringData/ELDON2_Data/Week19\ELDON2_20250515_191800.wav
1140.0,1143.0,Passerina caerulea,Blue Grosbeak,0.0149,D:/AcousticMonitoringData/ELDON2_Data/Week19\ELDON2_20250515_191800.wav
1146.0,1149.0,Sturnella magna,Eastern Meadowlark,0.0163,D:/AcousticMonitoringData/ELDON2_Data/Week19\ELDON2_20250515_191800.wav
1149.0,1152.0,Sturnella magna,Eastern Meadowlark,0.0386,D:/AcousticMonitoringData/ELDON2_Data/Week19\ELDON2_20250515_191800.wav
1152.0,1155.0,Spizella pusilla,Field Sparrow,0.0175,D:/AcousticMonitoringData/ELDON2_Data/Week19\ELDON2_20250515_191800.wav
1152.0,1155.0,Sturnella magna,Eastern Meadowlark,0.0100,D:/AcousticMonitoringData/ELDON2_Data/Week19\ELDON2_20250515_191800.wav
1155.0,1158.0,Sturnella magna,Eastern Meadowlark,0.0399,D:/AcousticMonitoringData/ELDON2_Data/Week19\ELDON2_20250515_191800.wav
1155.0,1158.0,Passerina caerulea,Blue Grosbeak,0.0238,D:/AcousticMonitoringData/ELDON2_Data/Week19\ELDON2_20250515_191800.wav
1158.0,1161.0,Sturnella magna,Eastern Meadowlark,0.0267,D:/AcousticMonitoringData/ELDON2_Data/Week19\ELDON2_20250515_191800.wav
1161.0,1164.0,Passerina caerulea,Blue Grosbeak,0.0109,D:/AcousticMonitoringData/ELDON2_Data/Week19\ELDON2_20250515_191800.wav
1167.0,1170.0,Passerina caerulea,Blue Grosbeak,0.0447,D:/AcousticMonitoringData/ELDON2_Data/Week19\ELDON2_20250515_191800.wav
1167.0,1170.0,Sturnella magna,Eastern Meadowlark,0.0217,D:/AcousticMonitoringData/ELDON2_Data/Week19\ELDON2_20250515_191800.wav
1167.0,1170.0,Spizella pusilla,Field Sparrow,0.0195,D:/AcousticMonitoringData/ELDON2_Data/Week19\ELDON2_20250515_191800.wav
1170.0,1173.0,Passerina caerulea,Blue Grosbeak,0.0106,D:/AcousticMonitoringData/ELDON2_Data/Week19\ELDON2_20250515_191800.wav
1173.0,1176.0,Sturnella magna,Eastern Meadowlark,0.3219,D:/AcousticMonitoringData/ELDON2_Data/Week19\ELDON2_20250515_191800.wav
1173.0,1176.0,Spizella pusilla,Field Sparrow,0.0712,D:/AcousticMonitoringData/ELDON2_Data/Week19\ELDON2_20250515_191800.wav
1173.0,1176.0,Passerina caerulea,Blue Grosbeak,0.0288,D:/AcousticMonitoringData/ELDON2_Data/Week19\ELDON2_20250515_191800.wav
1176.0,1179.0,Sturnella magna,Eastern Meadowlark,0.2580,D:/AcousticMonitoringData/ELDON2_Data/Week19\ELDON2_20250515_191800.wav
1176.0,1179.0,Spizella pusilla,Field Sparrow,0.0300,D:/AcousticMonitoringData/ELDON2_Data/Week19\ELDON2_20250515_191800.wav
1176.0,1179.0,Bartramia longicauda,Upland Sandpiper,0.0159,D:/AcousticMonitoringData/ELDON2_Data/Week19\ELDON2_20250515_191800.wav
1179.0,1182.0,Passerina caerulea,Blue Grosbeak,0.0235,D:/AcousticMonitoringData/ELDON2_Data/Week19\ELDON2_20250515_191800.wav
1179.0,1182.0,Sturnella magna,Eastern Meadowlark,0.0164,D:/AcousticMonitoringData/ELDON2_Data/Week19\ELDON2_20250515_191800.wav
1179.0,1182.0,Spizella pusilla,Field Sparrow,0.0160,D:/AcousticMonitoringData/ELDON2_Data/Week19\ELDON2_20250515_191800.wav
1182.0,1185.0,Sturnella magna,Eastern Meadowlark,0.0414,D:/AcousticMonitoringData/ELDON2_Data/Week19\ELDON2_20250515_191800.wav
1182.0,1185.0,Spizella pusilla,Field Sparrow,0.0271,D:/AcousticMonitoringData/ELDON2_Data/Week19\ELDON2_20250515_191800.wav
1182.0,1185.0,Passerina caerulea,Blue Grosbeak,0.0110,D:/AcousticMonitoringData/ELDON2_Data/Week19\ELDON2_20250515_191800.wav
1185.0,1188.0,Sturnella magna,Eastern Meadowlark,0.1910,D:/AcousticMonitoringData/ELDON2_Data/Week19\ELDON2_20250515_191800.wav
1188.0,1191.0,Sturnella magna,Eastern Meadowlark,0.3385,D:/AcousticMonitoringData/ELDON2_Data/Week19\ELDON2_20250515_191800.wav
1188.0,1191.0,Spizella pusilla,Field Sparrow,0.0221,D:/AcousticMonitoringData/ELDON2_Data/Week19\ELDON2_20250515_191800.wav
1188.0,1191.0,Passerina caerulea,Blue Grosbeak,0.0106,D:/AcousticMonitoringData/ELDON2_Data/Week19\ELDON2_20250515_191800.wav
1191.0,1194.0,Spizella pusilla,Field Sparrow,0.0175,D:/AcousticMonitoringData/ELDON2_Data/Week19\ELDON2_20250515_191800.wav
1197.0,1200.0,Sturnella magna,Eastern Meadowlark,0.1179,D:/AcousticMonitoringData/ELDON2_Data/Week19\ELDON2_20250515_191800.wav
1200.0,1203.0,Sturnella magna,Eastern Meadowlark,0.1006,D:/AcousticMonitoringData/ELDON2_Data/Week19\ELDON2_20250515_191800.wav
1200.0,1203.0,Spizella pusilla,Field Sparrow,0.0371,D:/AcousticMonitoringData/ELDON2_Data/Week19\ELDON2_20250515_191800.wav
1200.0,1203.0,Passerina caerulea,Blue Grosbeak,0.0144,D:/AcousticMonitoringData/ELDON2_Data/Week19\ELDON2_20250515_191800.wav
1206.0,1209.0,Sturnella magna,Eastern Meadowlark,0.1570,D:/AcousticMonitoringData/ELDON2_Data/Week19\ELDON2_20250515_191800.wav
1209.0,1212.0,Sturnella magna,Eastern Meadowlark,0.0464,D:/AcousticMonitoringData/ELDON2_Data/Week19\ELDON2_20250515_191800.wav
1209.0,1212.0,Spizella pusilla,Field Sparrow,0.0328,D:/AcousticMonitoringData/ELDON2_Data/Week19\ELDON2_20250515_191800.wav
1212.0,1215.0,Geothlypis trichas,Common Yellowthroat,0.0223,D:/AcousticMonitoringData/ELDON2_Data/Week19\ELDON2_20250515_191800.wav
1212.0,1215.0,Spizella pusilla,Field Sparrow,0.0149,D:/AcousticMonitoringData/ELDON2_Data/Week19\ELDON2_20250515_191800.wav
1212.0,1215.0,Sturnella magna,Eastern Meadowlark,0.0104,D:/AcousticMonitoringData/ELDON2_Data/Week19\ELDON2_20250515_191800.wav
1215.0,1218.0,Geothlypis trichas,Common Yellowthroat,0.0201,D:/AcousticMonitoringData/ELDON2_Data/Week19\ELDON2_20250515_191800.wav
1218.0,1221.0,Spizella pusilla,Field Sparrow,0.0782,D:/AcousticMonitoringData/ELDON2_Data/Week19\ELDON2_20250515_191800.wav
1218.0,1221.0,Passerina caerulea,Blue Grosbeak,0.0157,D:/AcousticMonitoringData/ELDON2_Data/Week19\ELDON2_20250515_191800.wav
1218.0,1221.0,Sturnella magna,Eastern Meadowlark,0.0125,D:/AcousticMonitoringData/ELDON2_Data/Week19\ELDON2_20250515_191800.wav
1221.0,1224.0,Sturnella magna,Eastern Meadowlark,0.0567,D:/AcousticMonitoringData/ELDON2_Data/Week19\ELDON2_20250515_191800.wav
1221.0,1224.0,Melospiza melodia,Song Sparrow,0.0107,D:/AcousticMonitoringData/ELDON2_Data/Week19\ELDON2_20250515_191800.wav
1224.0,1227.0,Sturnella magna,Eastern Meadowlark,0.8832,D:/AcousticMonitoringData/ELDON2_Data/Week19\ELDON2_20250515_191800.wav
1227.0,1230.0,Sturnella magna,Eastern Meadowlark,0.0610,D:/AcousticMonitoringData/ELDON2_Data/Week19\ELDON2_20250515_191800.wav
1227.0,1230.0,Spizella pusilla,Field Sparrow,0.0261,D:/AcousticMonitoringData/ELDON2_Data/Week19\ELDON2_20250515_191800.wav
1227.0,1230.0,Passerina caerulea,Blue Grosbeak,0.0128,D:/AcousticMonitoringData/ELDON2_Data/Week19\ELDON2_20250515_191800.wav
1230.0,1233.0,Sturnella magna,Eastern Meadowlark,0.4643,D:/AcousticMonitoringData/ELDON2_Data/Week19\ELDON2_20250515_191800.wav
1230.0,1233.0,Spizella pusilla,Field Sparrow,0.0144,D:/AcousticMonitoringData/ELDON2_Data/Week19\ELDON2_20250515_191800.wav
1233.0,1236.0,Sturnella magna,Eastern Meadowlark,0.5709,D:/AcousticMonitoringData/ELDON2_Data/Week19\ELDON2_20250515_191800.wav
1236.0,1239.0,Sturnella magna,Eastern Meadowlark,0.0825,D:/AcousticMonitoringData/ELDON2_Data/Week19\ELDON2_20250515_191800.wav
1236.0,1239.0,Spizella pusilla,Field Sparrow,0.0503,D:/AcousticMonitoringData/ELDON2_Data/Week19\ELDON2_20250515_191800.wav
1239.0,1242.0,Sturnella magna,Eastern Meadowlark,0.0370,D:/AcousticMonitoringData/ELDON2_Data/Week19\ELDON2_20250515_191800.wav
1239.0,1242.0,Spizella pusilla,Field Sparrow,0.0127,D:/AcousticMonitoringData/ELDON2_Data/Week19\ELDON2_20250515_191800.wav
1239.0,1242.0,Passerina caerulea,Blue Grosbeak,0.0105,D:/AcousticMonitoringData/ELDON2_Data/Week19\ELDON2_20250515_191800.wav
1242.0,1245.0,Sturnella magna,Eastern Meadowlark,0.6955,D:/AcousticMonitoringData/ELDON2_Data/Week19\ELDON2_20250515_191800.wav
1242.0,1245.0,Passerina caerulea,Blue Grosbeak,0.0145,D:/AcousticMonitoringData/ELDON2_Data/Week19\ELDON2_20250515_191800.wav
1242.0,1245.0,Spizella pusilla,Field Sparrow,0.0140,D:/AcousticMonitoringData/ELDON2_Data/Week19\ELDON2_20250515_191800.wav
1245.0,1248.0,Sturnella magna,Eastern Meadowlark,0.3889,D:/AcousticMonitoringData/ELDON2_Data/Week19\ELDON2_20250515_191800.wav
1245.0,1248.0,Spizella pusilla,Field Sparrow,0.0750,D:/AcousticMonitoringData/ELDON2_Data/Week19\ELDON2_20250515_191800.wav
1245.0,1248.0,Geothlypis trichas,Common Yellowthroat,0.0124,D:/AcousticMonitoringData/ELDON2_Data/Week19\ELDON2_20250515_191800.wav
1248.0,1251.0,Sturnella magna,Eastern Meadowlark,0.1962,D:/AcousticMonitoringData/ELDON2_Data/Week19\ELDON2_20250515_191800.wav
1248.0,1251.0,Bartramia longicauda,Upland Sandpiper,0.0267,D:/AcousticMonitoringData/ELDON2_Data/Week19\ELDON2_20250515_191800.wav
1251.0,1254.0,Sturnella magna,Eastern Meadowlark,0.1969,D:/AcousticMonitoringData/ELDON2_Data/Week19\ELDON2_20250515_191800.wav
1251.0,1254.0,Passerina caerulea,Blue Grosbeak,0.0122,D:/AcousticMonitoringData/ELDON2_Data/Week19\ELDON2_20250515_191800.wav
1254.0,1257.0,Sturnella magna,Eastern Meadowlark,0.5608,D:/AcousticMonitoringData/ELDON2_Data/Week19\ELDON2_20250515_191800.wav
1254.0,1257.0,Bartramia longicauda,Upland Sandpiper,0.0242,D:/AcousticMonitoringData/ELDON2_Data/Week19\ELDON2_20250515_191800.wav
1254.0,1257.0,Spizella pusilla,Field Sparrow,0.0145,D:/AcousticMonitoringData/ELDON2_Data/Week19\ELDON2_20250515_191800.wav
1257.0,1260.0,Sturnella magna,Eastern Meadowlark,0.0164,D:/AcousticMonitoringData/ELDON2_Data/Week19\ELDON2_20250515_191800.wav
1257.0,1260.0,Spizella pusilla,Field Sparrow,0.0124,D:/AcousticMonitoringData/ELDON2_Data/Week19\ELDON2_20250515_191800.wav
1257.0,1260.0,Passerina caerulea,Blue Grosbeak,0.0113,D:/AcousticMonitoringData/ELDON2_Data/Week19\ELDON2_20250515_191800.wav
1260.0,1263.0,Sturnella magna,Eastern Meadowlark,0.0129,D:/AcousticMonitoringData/ELDON2_Data/Week19\ELDON2_20250515_191800.wav
1263.0,1266.0,Sturnella magna,Eastern Meadowlark,0.6739,D:/AcousticMonitoringData/ELDON2_Data/Week19\ELDON2_20250515_191800.wav
1263.0,1266.0,Bartramia longicauda,Upland Sandpiper,0.0380,D:/AcousticMonitoringData/ELDON2_Data/Week19\ELDON2_20250515_191800.wav
1266.0,1269.0,Sturnella magna,Eastern Meadowlark,0.3987,D:/AcousticMonitoringData/ELDON2_Data/Week19\ELDON2_20250515_191800.wav
1266.0,1269.0,Bartramia longicauda,Upland Sandpiper,0.0116,D:/AcousticMonitoringData/ELDON2_Data/Week19\ELDON2_20250515_191800.wav
1269.0,1272.0,Sturnella magna,Eastern Meadowlark,0.4502,D:/AcousticMonitoringData/ELDON2_Data/Week19\ELDON2_20250515_191800.wav
1269.0,1272.0,Bartramia longicauda,Upland Sandpiper,0.0105,D:/AcousticMonitoringData/ELDON2_Data/Week19\ELDON2_20250515_191800.wav
1272.0,1275.0,Sturnella magna,Eastern Meadowlark,0.4594,D:/AcousticMonitoringData/ELDON2_Data/Week19\ELDON2_20250515_191800.wav
1272.0,1275.0,Bartramia longicauda,Upland Sandpiper,0.0349,D:/AcousticMonitoringData/ELDON2_Data/Week19\ELDON2_20250515_191800.wav
1275.0,1278.0,Sturnella magna,Eastern Meadowlark,0.6939,D:/AcousticMonitoringData/ELDON2_Data/Week19\ELDON2_20250515_191800.wav
1278.0,1281.0,Sturnella magna,Eastern Meadowlark,0.2305,D:/AcousticMonitoringData/ELDON2_Data/Week19\ELDON2_20250515_191800.wav
1281.0,1284.0,Sturnella magna,Eastern Meadowlark,0.9165,D:/AcousticMonitoringData/ELDON2_Data/Week19\ELDON2_20250515_191800.wav
1284.0,1287.0,Sturnella magna,Eastern Meadowlark,0.1663,D:/AcousticMonitoringData/ELDON2_Data/Week19\ELDON2_20250515_191800.wav
1284.0,1287.0,Spizella pusilla,Field Sparrow,0.0412,D:/AcousticMonitoringData/ELDON2_Data/Week19\ELDON2_20250515_191800.wav
1287.0,1290.0,Sturnella magna,Eastern Meadowlark,0.0166,D:/AcousticMonitoringData/ELDON2_Data/Week19\ELDON2_20250515_191800.wav
1290.0,1293.0,Sturnella magna,Eastern Meadowlark,0.9379,D:/AcousticMonitoringData/ELDON2_Data/Week19\ELDON2_20250515_191800.wav
1293.0,1296.0,Sturnella magna,Eastern Meadowlark,0.0200,D:/AcousticMonitoringData/ELDON2_Data/Week19\ELDON2_20250515_191800.wav
1296.0,1299.0,Sturnella magna,Eastern Meadowlark,0.0961,D:/AcousticMonitoringData/ELDON2_Data/Week19\ELDON2_20250515_191800.wav
1299.0,1302.0,Sturnella magna,Eastern Meadowlark,0.4165,D:/AcousticMonitoringData/ELDON2_Data/Week19\ELDON2_20250515_191800.wav
1302.0,1305.0,Spizella pusilla,Field Sparrow,0.0126,D:/AcousticMonitoringData/ELDON2_Data/Week19\ELDON2_20250515_191800.wav
1305.0,1308.0,Sturnella magna,Eastern Meadowlark,0.0938,D:/AcousticMonitoringData/ELDON2_Data/Week19\ELDON2_20250515_191800.wav
1308.0,1311.0,Passerina caerulea,Blue Grosbeak,0.0133,D:/AcousticMonitoringData/ELDON2_Data/Week19\ELDON2_20250515_191800.wav
1311.0,1314.0,Sturnella magna,Eastern Meadowlark,0.7509,D:/AcousticMonitoringData/ELDON2_Data/Week19\ELDON2_20250515_191800.wav
1314.0,1317.0,Sturnella magna,Eastern Meadowlark,0.2070,D:/AcousticMonitoringData/ELDON2_Data/Week19\ELDON2_20250515_191800.wav
1317.0,1320.0,Sturnella magna,Eastern Meadowlark,0.0662,D:/AcousticMonitoringData/ELDON2_Data/Week19\ELDON2_20250515_191800.wav
1317.0,1320.0,Spizella pusilla,Field Sparrow,0.0315,D:/AcousticMonitoringData/ELDON2_Data/Week19\ELDON2_20250515_191800.wav
1317.0,1320.0,Passerina caerulea,Blue Grosbeak,0.0137,D:/AcousticMonitoringData/ELDON2_Data/Week19\ELDON2_20250515_191800.wav
1317.0,1320.0,Eremophila alpestris,Horned Lark,0.0126,D:/AcousticMonitoringData/ELDON2_Data/Week19\ELDON2_20250515_191800.wav
1320.0,1323.0,Sturnella magna,Eastern Meadowlark,0.5021,D:/AcousticMonitoringData/ELDON2_Data/Week19\ELDON2_20250515_191800.wav
1320.0,1323.0,Bartramia longicauda,Upland Sandpiper,0.0102,D:/AcousticMonitoringData/ELDON2_Data/Week19\ELDON2_20250515_191800.wav
1323.0,1326.0,Sturnella magna,Eastern Meadowlark,0.0445,D:/AcousticMonitoringData/ELDON2_Data/Week19\ELDON2_20250515_191800.wav
1323.0,1326.0,Bartramia longicauda,Upland Sandpiper,0.0128,D:/AcousticMonitoringData/ELDON2_Data/Week19\ELDON2_20250515_191800.wav
1326.0,1329.0,Geothlypis trichas,Common Yellowthroat,0.1330,D:/AcousticMonitoringData/ELDON2_Data/Week19\ELDON2_20250515_191800.wav
1326.0,1329.0,Passerina caerulea,Blue Grosbeak,0.0105,D:/AcousticMonitoringData/ELDON2_Data/Week19\ELDON2_20250515_191800.wav
1329.0,1332.0,Geothlypis trichas,Common Yellowthroat,0.0367,D:/AcousticMonitoringData/ELDON2_Data/Week19\ELDON2_20250515_191800.wav
1329.0,1332.0,Spizella pusilla,Field Sparrow,0.0225,D:/AcousticMonitoringData/ELDON2_Data/Week19\ELDON2_20250515_191800.wav
1329.0,1332.0,Sturnella magna,Eastern Meadowlark,0.0106,D:/AcousticMonitoringData/ELDON2_Data/Week19\ELDON2_20250515_191800.wav
1332.0,1335.0,Sturnella magna,Eastern Meadowlark,0.3749,D:/AcousticMonitoringData/ELDON2_Data/Week19\ELDON2_20250515_191800.wav
1332.0,1335.0,Bartramia longicauda,Upland Sandpiper,0.0102,D:/AcousticMonitoringData/ELDON2_Data/Week19\ELDON2_20250515_191800.wav
1338.0,1341.0,Sturnella magna,Eastern Meadowlark,0.0798,D:/AcousticMonitoringData/ELDON2_Data/Week19\ELDON2_20250515_191800.wav
1338.0,1341.0,Bartramia longicauda,Upland Sandpiper,0.0196,D:/AcousticMonitoringData/ELDON2_Data/Week19\ELDON2_20250515_191800.wav
1341.0,1344.0,Sturnella magna,Eastern Meadowlark,0.0527,D:/AcousticMonitoringData/ELDON2_Data/Week19\ELDON2_20250515_191800.wav
1341.0,1344.0,Geothlypis trichas,Common Yellowthroat,0.0101,D:/AcousticMonitoringData/ELDON2_Data/Week19\ELDON2_20250515_191800.wav
1344.0,1347.0,Sturnella magna,Eastern Meadowlark,0.0260,D:/AcousticMonitoringData/ELDON2_Data/Week19\ELDON2_20250515_191800.wav
1347.0,1350.0,Geothlypis trichas,Common Yellowthroat,0.0363,D:/AcousticMonitoringData/ELDON2_Data/Week19\ELDON2_20250515_191800.wav
1347.0,1350.0,Sturnella magna,Eastern Meadowlark,0.0300,D:/AcousticMonitoringData/ELDON2_Data/Week19\ELDON2_20250515_191800.wav
1347.0,1350.0,Passerina caerulea,Blue Grosbeak,0.0121,D:/AcousticMonitoringData/ELDON2_Data/Week19\ELDON2_20250515_191800.wav
1350.0,1353.0,Sturnella magna,Eastern Meadowlark,0.0150,D:/AcousticMonitoringData/ELDON2_Data/Week19\ELDON2_20250515_191800.wav
1353.0,1356.0,Sturnella magna,Eastern Meadowlark,0.1323,D:/AcousticMonitoringData/ELDON2_Data/Week19\ELDON2_20250515_191800.wav
1356.0,1359.0,Sturnella magna,Eastern Meadowlark,0.0453,D:/AcousticMonitoringData/ELDON2_Data/Week19\ELDON2_20250515_191800.wav
1359.0,1362.0,Sturnella magna,Eastern Meadowlark,0.0135,D:/AcousticMonitoringData/ELDON2_Data/Week19\ELDON2_20250515_191800.wav
1362.0,1365.0,Passerina caerulea,Blue Grosbeak,0.0194,D:/AcousticMonitoringData/ELDON2_Data/Week19\ELDON2_20250515_191800.wav
1365.0,1368.0,Sturnella magna,Eastern Meadowlark,0.1549,D:/AcousticMonitoringData/ELDON2_Data/Week19\ELDON2_20250515_191800.wav
1371.0,1374.0,Sturnella magna,Eastern Meadowlark,0.0140,D:/AcousticMonitoringData/ELDON2_Data/Week19\ELDON2_20250515_191800.wav
1377.0,1380.0,Sturnella magna,Eastern Meadowlark,0.2998,D:/AcousticMonitoringData/ELDON2_Data/Week19\ELDON2_20250515_191800.wav
1377.0,1380.0,Bartramia longicauda,Upland Sandpiper,0.0703,D:/AcousticMonitoringData/ELDON2_Data/Week19\ELDON2_20250515_191800.wav
1380.0,1383.0,Bartramia longicauda,Upland Sandpiper,0.0169,D:/AcousticMonitoringData/ELDON2_Data/Week19\ELDON2_20250515_191800.wav
1386.0,1389.0,Geothlypis trichas,Common Yellowthroat,0.0476,D:/AcousticMonitoringData/ELDON2_Data/Week19\ELDON2_20250515_191800.wav
1392.0,1395.0,Sturnella magna,Eastern Meadowlark,0.1862,D:/AcousticMonitoringData/ELDON2_Data/Week19\ELDON2_20250515_191800.wav
1392.0,1395.0,Geothlypis trichas,Common Yellowthroat,0.0110,D:/AcousticMonitoringData/ELDON2_Data/Week19\ELDON2_20250515_191800.wav
1395.0,1398.0,Sturnella magna,Eastern Meadowlark,0.0390,D:/AcousticMonitoringData/ELDON2_Data/Week19\ELDON2_20250515_191800.wav
1401.0,1404.0,Sturnella magna,Eastern Meadowlark,0.0223,D:/AcousticMonitoringData/ELDON2_Data/Week19\ELDON2_20250515_191800.wav
1404.0,1407.0,Sturnella magna,Eastern Meadowlark,0.0164,D:/AcousticMonitoringData/ELDON2_Data/Week19\ELDON2_20250515_191800.wav
1407.0,1410.0,Sturnella magna,Eastern Meadowlark,0.0171,D:/AcousticMonitoringData/ELDON2_Data/Week19\ELDON2_20250515_191800.wav
1407.0,1410.0,Bartramia longicauda,Upland Sandpiper,0.0122,D:/AcousticMonitoringData/ELDON2_Data/Week19\ELDON2_20250515_191800.wav
1410.0,1413.0,Sturnella magna,Eastern Meadowlark,0.0450,D:/AcousticMonitoringData/ELDON2_Data/Week19\ELDON2_20250515_191800.wav
1422.0,1425.0,Sturnella magna,Eastern Meadowlark,0.0173,D:/AcousticMonitoringData/ELDON2_Data/Week19\ELDON2_20250515_191800.wav
1425.0,1428.0,Sturnella magna,Eastern Meadowlark,0.0619,D:/AcousticMonitoringData/ELDON2_Data/Week19\ELDON2_20250515_191800.wav
1425.0,1428.0,Bartramia longicauda,Upland Sandpiper,0.0516,D:/AcousticMonitoringData/ELDON2_Data/Week19\ELDON2_20250515_191800.wav
1425.0,1428.0,Geothlypis trichas,Common Yellowthroat,0.0125,D:/AcousticMonitoringData/ELDON2_Data/Week19\ELDON2_20250515_191800.wav
1428.0,1431.0,Sturnella magna,Eastern Meadowlark,0.0372,D:/AcousticMonitoringData/ELDON2_Data/Week19\ELDON2_20250515_191800.wav
1434.0,1437.0,Sturnella magna,Eastern Meadowlark,0.3890,D:/AcousticMonitoringData/ELDON2_Data/Week19\ELDON2_20250515_191800.wav
1437.0,1440.0,Sturnella magna,Eastern Meadowlark,0.0240,D:/AcousticMonitoringData/ELDON2_Data/Week19\ELDON2_20250515_191800.wav
1437.0,1440.0,Bartramia longicauda,Upland Sandpiper,0.0140,D:/AcousticMonitoringData/ELDON2_Data/Week19\ELDON2_20250515_191800.wav
1443.0,1446.0,Sturnella magna,Eastern Meadowlark,0.1991,D:/AcousticMonitoringData/ELDON2_Data/Week19\ELDON2_20250515_191800.wav
1449.0,1452.0,Geothlypis trichas,Common Yellowthroat,0.0760,D:/AcousticMonitoringData/ELDON2_Data/Week19\ELDON2_20250515_191800.wav
1449.0,1452.0,Spizella pusilla,Field Sparrow,0.0112,D:/AcousticMonitoringData/ELDON2_Data/Week19\ELDON2_20250515_191800.wav
1452.0,1455.0,Sturnella magna,Eastern Meadowlark,0.7388,D:/AcousticMonitoringData/ELDON2_Data/Week19\ELDON2_20250515_191800.wav
1452.0,1455.0,Bartramia longicauda,Upland Sandpiper,0.0147,D:/AcousticMonitoringData/ELDON2_Data/Week19\ELDON2_20250515_191800.wav
1452.0,1455.0,Eremophila alpestris,Horned Lark,0.0117,D:/AcousticMonitoringData/ELDON2_Data/Week19\ELDON2_20250515_191800.wav
1455.0,1458.0,Sturnella magna,Eastern Meadowlark,0.2607,D:/AcousticMonitoringData/ELDON2_Data/Week19\ELDON2_20250515_191800.wav
1458.0,1461.0,Sturnella magna,Eastern Meadowlark,0.0170,D:/AcousticMonitoringData/ELDON2_Data/Week19\ELDON2_20250515_191800.wav
1461.0,1464.0,Bartramia longicauda,Upland Sandpiper,0.0210,D:/AcousticMonitoringData/ELDON2_Data/Week19\ELDON2_20250515_191800.wav
1461.0,1464.0,Sturnella magna,Eastern Meadowlark,0.0121,D:/AcousticMonitoringData/ELDON2_Data/Week19\ELDON2_20250515_191800.wav
1464.0,1467.0,Sturnella magna,Eastern Meadowlark,0.3377,D:/AcousticMonitoringData/ELDON2_Data/Week19\ELDON2_20250515_191800.wav
1467.0,1470.0,Sturnella magna,Eastern Meadowlark,0.1451,D:/AcousticMonitoringData/ELDON2_Data/Week19\ELDON2_20250515_191800.wav
1467.0,1470.0,Bartramia longicauda,Upland Sandpiper,0.0482,D:/AcousticMonitoringData/ELDON2_Data/Week19\ELDON2_20250515_191800.wav
1467.0,1470.0,Spizella pusilla,Field Sparrow,0.0161,D:/AcousticMonitoringData/ELDON2_Data/Week19\ELDON2_20250515_191800.wav
1467.0,1470.0,Melospiza melodia,Song Sparrow,0.0137,D:/AcousticMonitoringData/ELDON2_Data/Week19\ELDON2_20250515_191800.wav
1467.0,1470.0,Geothlypis trichas,Common Yellowthroat,0.0112,D:/AcousticMonitoringData/ELDON2_Data/Week19\ELDON2_20250515_191800.wav
1473.0,1476.0,Sturnella magna,Eastern Meadowlark,0.1029,D:/AcousticMonitoringData/ELDON2_Data/Week19\ELDON2_20250515_191800.wav
1473.0,1476.0,Bartramia longicauda,Upland Sandpiper,0.0132,D:/AcousticMonitoringData/ELDON2_Data/Week19\ELDON2_20250515_191800.wav
1476.0,1479.0,Sturnella magna,Eastern Meadowlark,0.4240,D:/AcousticMonitoringData/ELDON2_Data/Week19\ELDON2_20250515_191800.wav
1479.0,1482.0,Sturnella magna,Eastern Meadowlark,0.1252,D:/AcousticMonitoringData/ELDON2_Data/Week19\ELDON2_20250515_191800.wav
1479.0,1482.0,Bartramia longicauda,Upland Sandpiper,0.0243,D:/AcousticMonitoringData/ELDON2_Data/Week19\ELDON2_20250515_191800.wav
1479.0,1482.0,Geothlypis trichas,Common Yellowthroat,0.0137,D:/AcousticMonitoringData/ELDON2_Data/Week19\ELDON2_20250515_191800.wav
1485.0,1488.0,Sturnella magna,Eastern Meadowlark,0.8235,D:/AcousticMonitoringData/ELDON2_Data/Week19\ELDON2_20250515_191800.wav
1485.0,1488.0,Bartramia longicauda,Upland Sandpiper,0.0154,D:/AcousticMonitoringData/ELDON2_Data/Week19\ELDON2_20250515_191800.wav
1485.0,1488.0,Passerina caerulea,Blue Grosbeak,0.0151,D:/AcousticMonitoringData/ELDON2_Data/Week19\ELDON2_20250515_191800.wav
1488.0,1491.0,Bartramia longicauda,Upland Sandpiper,0.0127,D:/AcousticMonitoringData/ELDON2_Data/Week19\ELDON2_20250515_191800.wav
1491.0,1494.0,Geothlypis trichas,Common Yellowthroat,0.0160,D:/AcousticMonitoringData/ELDON2_Data/Week19\ELDON2_20250515_191800.wav
1500.0,1503.0,Sturnella magna,Eastern Meadowlark,0.0870,D:/AcousticMonitoringData/ELDON2_Data/Week19\ELDON2_20250515_191800.wav
1500.0,1503.0,Bartramia longicauda,Upland Sandpiper,0.0205,D:/AcousticMonitoringData/ELDON2_Data/Week19\ELDON2_20250515_191800.wav
1503.0,1506.0,Sturnella magna,Eastern Meadowlark,0.0465,D:/AcousticMonitoringData/ELDON2_Data/Week19\ELDON2_20250515_191800.wav
1503.0,1506.0,Passerina caerulea,Blue Grosbeak,0.0178,D:/AcousticMonitoringData/ELDON2_Data/Week19\ELDON2_20250515_191800.wav
1503.0,1506.0,Geothlypis trichas,Common Yellowthroat,0.0106,D:/AcousticMonitoringData/ELDON2_Data/Week19\ELDON2_20250515_191800.wav
1512.0,1515.0,Bartramia longicauda,Upland Sandpiper,0.0341,D:/AcousticMonitoringData/ELDON2_Data/Week19\ELDON2_20250515_191800.wav
1512.0,1515.0,Sturnella magna,Eastern Meadowlark,0.0155,D:/AcousticMonitoringData/ELDON2_Data/Week19\ELDON2_20250515_191800.wav
1515.0,1518.0,Bartramia longicauda,Upland Sandpiper,0.0161,D:/AcousticMonitoringData/ELDON2_Data/Week19\ELDON2_20250515_191800.wav
1515.0,1518.0,Sturnella magna,Eastern Meadowlark,0.0109,D:/AcousticMonitoringData/ELDON2_Data/Week19\ELDON2_20250515_191800.wav
1521.0,1524.0,Sturnella magna,Eastern Meadowlark,0.2604,D:/AcousticMonitoringData/ELDON2_Data/Week19\ELDON2_20250515_191800.wav
1521.0,1524.0,Bartramia longicauda,Upland Sandpiper,0.0202,D:/AcousticMonitoringData/ELDON2_Data/Week19\ELDON2_20250515_191800.wav
1521.0,1524.0,Passerina caerulea,Blue Grosbeak,0.0194,D:/AcousticMonitoringData/ELDON2_Data/Week19\ELDON2_20250515_191800.wav
1527.0,1530.0,Bartramia longicauda,Upland Sandpiper,0.0269,D:/AcousticMonitoringData/ELDON2_Data/Week19\ELDON2_20250515_191800.wav
1530.0,1533.0,Sturnella magna,Eastern Meadowlark,0.6792,D:/AcousticMonitoringData/ELDON2_Data/Week19\ELDON2_20250515_191800.wav
1530.0,1533.0,Bartramia longicauda,Upland Sandpiper,0.0339,D:/AcousticMonitoringData/ELDON2_Data/Week19\ELDON2_20250515_191800.wav
1536.0,1539.0,Sturnella magna,Eastern Meadowlark,0.0788,D:/AcousticMonitoringData/ELDON2_Data/Week19\ELDON2_20250515_191800.wav
1536.0,1539.0,Bartramia longicauda,Upland Sandpiper,0.0125,D:/AcousticMonitoringData/ELDON2_Data/Week19\ELDON2_20250515_191800.wav
1539.0,1542.0,Sturnella magna,Eastern Meadowlark,0.1172,D:/AcousticMonitoringData/ELDON2_Data/Week19\ELDON2_20250515_191800.wav
1542.0,1545.0,Sturnella magna,Eastern Meadowlark,0.0581,D:/AcousticMonitoringData/ELDON2_Data/Week19\ELDON2_20250515_191800.wav
1542.0,1545.0,Bartramia longicauda,Upland Sandpiper,0.0188,D:/AcousticMonitoringData/ELDON2_Data/Week19\ELDON2_20250515_191800.wav
1545.0,1548.0,Bartramia longicauda,Upland Sandpiper,0.0552,D:/AcousticMonitoringData/ELDON2_Data/Week19\ELDON2_20250515_191800.wav
1545.0,1548.0,Sturnella magna,Eastern Meadowlark,0.0325,D:/AcousticMonitoringData/ELDON2_Data/Week19\ELDON2_20250515_191800.wav
1557.0,1560.0,Sturnella magna,Eastern Meadowlark,0.3838,D:/AcousticMonitoringData/ELDON2_Data/Week19\ELDON2_20250515_191800.wav
1563.0,1566.0,Sturnella magna,Eastern Meadowlark,0.2338,D:/AcousticMonitoringData/ELDON2_Data/Week19\ELDON2_20250515_191800.wav
1563.0,1566.0,Geothlypis trichas,Common Yellowthroat,0.0266,D:/AcousticMonitoringData/ELDON2_Data/Week19\ELDON2_20250515_191800.wav
1566.0,1569.0,Sturnella magna,Eastern Meadowlark,0.3099,D:/AcousticMonitoringData/ELDON2_Data/Week19\ELDON2_20250515_191800.wav
1566.0,1569.0,Spizella pusilla,Field Sparrow,0.0198,D:/AcousticMonitoringData/ELDON2_Data/Week19\ELDON2_20250515_191800.wav
1566.0,1569.0,Geothlypis trichas,Common Yellowthroat,0.0158,D:/AcousticMonitoringData/ELDON2_Data/Week19\ELDON2_20250515_191800.wav
1572.0,1575.0,Sturnella magna,Eastern Meadowlark,0.1002,D:/AcousticMonitoringData/ELDON2_Data/Week19\ELDON2_20250515_191800.wav
1581.0,1584.0,Geothlypis trichas,Common Yellowthroat,0.0563,D:/AcousticMonitoringData/ELDON2_Data/Week19\ELDON2_20250515_191800.wav
1581.0,1584.0,Sturnella magna,Eastern Meadowlark,0.0126,D:/AcousticMonitoringData/ELDON2_Data/Week19\ELDON2_20250515_191800.wav
1581.0,1584.0,Spizella pusilla,Field Sparrow,0.0110,D:/AcousticMonitoringData/ELDON2_Data/Week19\ELDON2_20250515_191800.wav
1584.0,1587.0,Sturnella magna,Eastern Meadowlark,0.1425,D:/AcousticMonitoringData/ELDON2_Data/Week19\ELDON2_20250515_191800.wav
1587.0,1590.0,Sturnella magna,Eastern Meadowlark,0.0323,D:/AcousticMonitoringData/ELDON2_Data/Week19\ELDON2_20250515_191800.wav
1587.0,1590.0,Bartramia longicauda,Upland Sandpiper,0.0141,D:/AcousticMonitoringData/ELDON2_Data/Week19\ELDON2_20250515_191800.wav
1590.0,1593.0,Sturnella magna,Eastern Meadowlark,0.4671,D:/AcousticMonitoringData/ELDON2_Data/Week19\ELDON2_20250515_191800.wav
1590.0,1593.0,Spizella pusilla,Field Sparrow,0.0224,D:/AcousticMonitoringData/ELDON2_Data/Week19\ELDON2_20250515_191800.wav
1590.0,1593.0,Passerina caerulea,Blue Grosbeak,0.0172,D:/AcousticMonitoringData/ELDON2_Data/Week19\ELDON2_20250515_191800.wav
1590.0,1593.0,Geothlypis trichas,Common Yellowthroat,0.0148,D:/AcousticMonitoringData/ELDON2_Data/Week19\ELDON2_20250515_191800.wav
1596.0,1599.0,Sturnella magna,Eastern Meadowlark,0.0104,D:/AcousticMonitoringData/ELDON2_Data/Week19\ELDON2_20250515_191800.wav
1599.0,1602.0,Sturnella magna,Eastern Meadowlark,0.0612,D:/AcousticMonitoringData/ELDON2_Data/Week19\ELDON2_20250515_191800.wav
1599.0,1602.0,Geothlypis trichas,Common Yellowthroat,0.0278,D:/AcousticMonitoringData/ELDON2_Data/Week19\ELDON2_20250515_191800.wav
1599.0,1602.0,Bartramia longicauda,Upland Sandpiper,0.0219,D:/AcousticMonitoringData/ELDON2_Data/Week19\ELDON2_20250515_191800.wav
1599.0,1602.0,Melospiza melodia,Song Sparrow,0.0128,D:/AcousticMonitoringData/ELDON2_Data/Week19\ELDON2_20250515_191800.wav
1599.0,1602.0,Spizella pusilla,Field Sparrow,0.0112,D:/AcousticMonitoringData/ELDON2_Data/Week19\ELDON2_20250515_191800.wav
1602.0,1605.0,Geothlypis trichas,Common Yellowthroat,0.0471,D:/AcousticMonitoringData/ELDON2_Data/Week19\ELDON2_20250515_191800.wav
1605.0,1608.0,Sturnella magna,Eastern Meadowlark,0.6908,D:/AcousticMonitoringData/ELDON2_Data/Week19\ELDON2_20250515_191800.wav
1605.0,1608.0,Geothlypis trichas,Common Yellowthroat,0.0151,D:/AcousticMonitoringData/ELDON2_Data/Week19\ELDON2_20250515_191800.wav
1605.0,1608.0,Bartramia longicauda,Upland Sandpiper,0.0132,D:/AcousticMonitoringData/ELDON2_Data/Week19\ELDON2_20250515_191800.wav
1605.0,1608.0,Melospiza melodia,Song Sparrow,0.0103,D:/AcousticMonitoringData/ELDON2_Data/Week19\ELDON2_20250515_191800.wav
1608.0,1611.0,Sturnella magna,Eastern Meadowlark,0.0262,D:/AcousticMonitoringData/ELDON2_Data/Week19\ELDON2_20250515_191800.wav
1611.0,1614.0,Sturnella magna,Eastern Meadowlark,0.0101,D:/AcousticMonitoringData/ELDON2_Data/Week19\ELDON2_20250515_191800.wav
1614.0,1617.0,Bartramia longicauda,Upland Sandpiper,0.0841,D:/AcousticMonitoringData/ELDON2_Data/Week19\ELDON2_20250515_191800.wav
1614.0,1617.0,Sturnella magna,Eastern Meadowlark,0.0455,D:/AcousticMonitoringData/ELDON2_Data/Week19\ELDON2_20250515_191800.wav
1617.0,1620.0,Sturnella magna,Eastern Meadowlark,0.0845,D:/AcousticMonitoringData/ELDON2_Data/Week19\ELDON2_20250515_191800.wav
1617.0,1620.0,Bartramia longicauda,Upland Sandpiper,0.0484,D:/AcousticMonitoringData/ELDON2_Data/Week19\ELDON2_20250515_191800.wav
1617.0,1620.0,Geothlypis trichas,Common Yellowthroat,0.0240,D:/AcousticMonitoringData/ELDON2_Data/Week19\ELDON2_20250515_191800.wav
1617.0,1620.0,Spizella pusilla,Field Sparrow,0.0163,D:/AcousticMonitoringData/ELDON2_Data/Week19\ELDON2_20250515_191800.wav
1626.0,1629.0,Geothlypis trichas,Common Yellowthroat,0.0634,D:/AcousticMonitoringData/ELDON2_Data/Week19\ELDON2_20250515_191800.wav
1626.0,1629.0,Spizella pusilla,Field Sparrow,0.0153,D:/AcousticMonitoringData/ELDON2_Data/Week19\ELDON2_20250515_191800.wav
1626.0,1629.0,Sturnella magna,Eastern Meadowlark,0.0146,D:/AcousticMonitoringData/ELDON2_Data/Week19\ELDON2_20250515_191800.wav
1629.0,1632.0,Sturnella magna,Eastern Meadowlark,0.6051,D:/AcousticMonitoringData/ELDON2_Data/Week19\ELDON2_20250515_191800.wav
1629.0,1632.0,Bartramia longicauda,Upland Sandpiper,0.0334,D:/AcousticMonitoringData/ELDON2_Data/Week19\ELDON2_20250515_191800.wav
1629.0,1632.0,Geothlypis trichas,Common Yellowthroat,0.0168,D:/AcousticMonitoringData/ELDON2_Data/Week19\ELDON2_20250515_191800.wav
1632.0,1635.0,Sturnella magna,Eastern Meadowlark,0.0435,D:/AcousticMonitoringData/ELDON2_Data/Week19\ELDON2_20250515_191800.wav
1632.0,1635.0,Spizella pusilla,Field Sparrow,0.0144,D:/AcousticMonitoringData/ELDON2_Data/Week19\ELDON2_20250515_191800.wav
1635.0,1638.0,Sturnella magna,Eastern Meadowlark,0.4405,D:/AcousticMonitoringData/ELDON2_Data/Week19\ELDON2_20250515_191800.wav
1635.0,1638.0,Bartramia longicauda,Upland Sandpiper,0.0550,D:/AcousticMonitoringData/ELDON2_Data/Week19\ELDON2_20250515_191800.wav
1638.0,1641.0,Sturnella magna,Eastern Meadowlark,0.0991,D:/AcousticMonitoringData/ELDON2_Data/Week19\ELDON2_20250515_191800.wav
1641.0,1644.0,Sturnella magna,Eastern Meadowlark,0.1543,D:/AcousticMonitoringData/ELDON2_Data/Week19\ELDON2_20250515_191800.wav
1641.0,1644.0,Bartramia longicauda,Upland Sandpiper,0.0459,D:/AcousticMonitoringData/ELDON2_Data/Week19\ELDON2_20250515_191800.wav
1641.0,1644.0,Spizella pusilla,Field Sparrow,0.0203,D:/AcousticMonitoringData/ELDON2_Data/Week19\ELDON2_20250515_191800.wav
1641.0,1644.0,Geothlypis trichas,Common Yellowthroat,0.0107,D:/AcousticMonitoringData/ELDON2_Data/Week19\ELDON2_20250515_191800.wav
1644.0,1647.0,Sturnella magna,Eastern Meadowlark,0.9125,D:/AcousticMonitoringData/ELDON2_Data/Week19\ELDON2_20250515_191800.wav
1644.0,1647.0,Geothlypis trichas,Common Yellowthroat,0.0117,D:/AcousticMonitoringData/ELDON2_Data/Week19\ELDON2_20250515_191800.wav
1647.0,1650.0,Sturnella magna,Eastern Meadowlark,0.0404,D:/AcousticMonitoringData/ELDON2_Data/Week19\ELDON2_20250515_191800.wav
1650.0,1653.0,Sturnella magna,Eastern Meadowlark,0.1753,D:/AcousticMonitoringData/ELDON2_Data/Week19\ELDON2_20250515_191800.wav
1650.0,1653.0,Bartramia longicauda,Upland Sandpiper,0.0173,D:/AcousticMonitoringData/ELDON2_Data/Week19\ELDON2_20250515_191800.wav
1650.0,1653.0,Geothlypis trichas,Common Yellowthroat,0.0164,D:/AcousticMonitoringData/ELDON2_Data/Week19\ELDON2_20250515_191800.wav
1653.0,1656.0,Sturnella magna,Eastern Meadowlark,0.1871,D:/AcousticMonitoringData/ELDON2_Data/Week19\ELDON2_20250515_191800.wav
1653.0,1656.0,Geothlypis trichas,Common Yellowthroat,0.0213,D:/AcousticMonitoringData/ELDON2_Data/Week19\ELDON2_20250515_191800.wav
1653.0,1656.0,Passerina caerulea,Blue Grosbeak,0.0195,D:/AcousticMonitoringData/ELDON2_Data/Week19\ELDON2_20250515_191800.wav
1653.0,1656.0,Bartramia longicauda,Upland Sandpiper,0.0144,D:/AcousticMonitoringData/ELDON2_Data/Week19\ELDON2_20250515_191800.wav
1653.0,1656.0,Spizella pusilla,Field Sparrow,0.0128,D:/AcousticMonitoringData/ELDON2_Data/Week19\ELDON2_20250515_191800.wav
1656.0,1659.0,Sturnella magna,Eastern Meadowlark,0.0363,D:/AcousticMonitoringData/ELDON2_Data/Week19\ELDON2_20250515_191800.wav
1656.0,1659.0,Melospiza melodia,Song Sparrow,0.0154,D:/AcousticMonitoringData/ELDON2_Data/Week19\ELDON2_20250515_191800.wav
1662.0,1665.0,Sturnella magna,Eastern Meadowlark,0.1267,D:/AcousticMonitoringData/ELDON2_Data/Week19\ELDON2_20250515_191800.wav
1662.0,1665.0,Bartramia longicauda,Upland Sandpiper,0.0117,D:/AcousticMonitoringData/ELDON2_Data/Week19\ELDON2_20250515_191800.wav
1662.0,1665.0,Passerina caerulea,Blue Grosbeak,0.0111,D:/AcousticMonitoringData/ELDON2_Data/Week19\ELDON2_20250515_191800.wav
1665.0,1668.0,Geothlypis trichas,Common Yellowthroat,0.0637,D:/AcousticMonitoringData/ELDON2_Data/Week19\ELDON2_20250515_191800.wav
1665.0,1668.0,Sturnella magna,Eastern Meadowlark,0.0527,D:/AcousticMonitoringData/ELDON2_Data/Week19\ELDON2_20250515_191800.wav
1665.0,1668.0,Spizella pusilla,Field Sparrow,0.0511,D:/AcousticMonitoringData/ELDON2_Data/Week19\ELDON2_20250515_191800.wav
1668.0,1671.0,Sturnella magna,Eastern Meadowlark,0.8039,D:/AcousticMonitoringData/ELDON2_Data/Week19\ELDON2_20250515_191800.wav
1671.0,1674.0,Sturnella magna,Eastern Meadowlark,0.1131,D:/AcousticMonitoringData/ELDON2_Data/Week19\ELDON2_20250515_191800.wav
1671.0,1674.0,Spizella pusilla,Field Sparrow,0.0545,D:/AcousticMonitoringData/ELDON2_Data/Week19\ELDON2_20250515_191800.wav
1671.0,1674.0,Geothlypis trichas,Common Yellowthroat,0.0212,D:/AcousticMonitoringData/ELDON2_Data/Week19\ELDON2_20250515_191800.wav
1671.0,1674.0,Passerina caerulea,Blue Grosbeak,0.0120,D:/AcousticMonitoringData/ELDON2_Data/Week19\ELDON2_20250515_191800.wav
1677.0,1680.0,Sturnella magna,Eastern Meadowlark,0.5048,D:/AcousticMonitoringData/ELDON2_Data/Week19\ELDON2_20250515_191800.wav
1677.0,1680.0,Bartramia longicauda,Upland Sandpiper,0.0125,D:/AcousticMonitoringData/ELDON2_Data/Week19\ELDON2_20250515_191800.wav
1680.0,1683.0,Sturnella magna,Eastern Meadowlark,0.1655,D:/AcousticMonitoringData/ELDON2_Data/Week19\ELDON2_20250515_191800.wav
1683.0,1686.0,Geothlypis trichas,Common Yellowthroat,0.0137,D:/AcousticMonitoringData/ELDON2_Data/Week19\ELDON2_20250515_191800.wav
1686.0,1689.0,Sturnella magna,Eastern Meadowlark,0.0358,D:/AcousticMonitoringData/ELDON2_Data/Week19\ELDON2_20250515_191800.wav
1692.0,1695.0,Sturnella magna,Eastern Meadowlark,0.6223,D:/AcousticMonitoringData/ELDON2_Data/Week19\ELDON2_20250515_191800.wav
1692.0,1695.0,Bartramia longicauda,Upland Sandpiper,0.0412,D:/AcousticMonitoringData/ELDON2_Data/Week19\ELDON2_20250515_191800.wav
1692.0,1695.0,Spizella pusilla,Field Sparrow,0.0139,D:/AcousticMonitoringData/ELDON2_Data/Week19\ELDON2_20250515_191800.wav
1692.0,1695.0,Eremophila alpestris,Horned Lark,0.0106,D:/AcousticMonitoringData/ELDON2_Data/Week19\ELDON2_20250515_191800.wav
1695.0,1698.0,Sturnella magna,Eastern Meadowlark,0.1863,D:/AcousticMonitoringData/ELDON2_Data/Week19\ELDON2_20250515_191800.wav
1698.0,1701.0,Spizella pusilla,Field Sparrow,0.0121,D:/AcousticMonitoringData/ELDON2_Data/Week19\ELDON2_20250515_191800.wav
1701.0,1704.0,Spizella pusilla,Field Sparrow,0.0444,D:/AcousticMonitoringData/ELDON2_Data/Week19\ELDON2_20250515_191800.wav
1701.0,1704.0,Geothlypis trichas,Common Yellowthroat,0.0274,D:/AcousticMonitoringData/ELDON2_Data/Week19\ELDON2_20250515_191800.wav
1704.0,1707.0,Sturnella magna,Eastern Meadowlark,0.0500,D:/AcousticMonitoringData/ELDON2_Data/Week19\ELDON2_20250515_191800.wav
1707.0,1710.0,Bartramia longicauda,Upland Sandpiper,0.0321,D:/AcousticMonitoringData/ELDON2_Data/Week19\ELDON2_20250515_191800.wav
1707.0,1710.0,Sturnella magna,Eastern Meadowlark,0.0183,D:/AcousticMonitoringData/ELDON2_Data/Week19\ELDON2_20250515_191800.wav
1710.0,1713.0,Bartramia longicauda,Upland Sandpiper,0.0440,D:/AcousticMonitoringData/ELDON2_Data/Week19\ELDON2_20250515_191800.wav
1710.0,1713.0,Sturnella magna,Eastern Meadowlark,0.0377,D:/AcousticMonitoringData/ELDON2_Data/Week19\ELDON2_20250515_191800.wav
1710.0,1713.0,Spizella pusilla,Field Sparrow,0.0133,D:/AcousticMonitoringData/ELDON2_Data/Week19\ELDON2_20250515_191800.wav
1716.0,1719.0,Sturnella magna,Eastern Meadowlark,0.0109,D:/AcousticMonitoringData/ELDON2_Data/Week19\ELDON2_20250515_191800.wav
1716.0,1719.0,Bartramia longicauda,Upland Sandpiper,0.0100,D:/AcousticMonitoringData/ELDON2_Data/Week19\ELDON2_20250515_191800.wav
1719.0,1722.0,Sturnella magna,Eastern Meadowlark,0.0134,D:/AcousticMonitoringData/ELDON2_Data/Week19\ELDON2_20250515_191800.wav
1722.0,1725.0,Sturnella magna,Eastern Meadowlark,0.0502,D:/AcousticMonitoringData/ELDON2_Data/Week19\ELDON2_20250515_191800.wav
1725.0,1728.0,Sturnella magna,Eastern Meadowlark,0.1086,D:/AcousticMonitoringData/ELDON2_Data/Week19\ELDON2_20250515_191800.wav
1725.0,1728.0,Bartramia longicauda,Upland Sandpiper,0.0154,D:/AcousticMonitoringData/ELDON2_Data/Week19\ELDON2_20250515_191800.wav
1728.0,1731.0,Sturnella magna,Eastern Meadowlark,0.0389,D:/AcousticMonitoringData/ELDON2_Data/Week19\ELDON2_20250515_191800.wav
1728.0,1731.0,Passerina caerulea,Blue Grosbeak,0.0154,D:/AcousticMonitoringData/ELDON2_Data/Week19\ELDON2_20250515_191800.wav
1728.0,1731.0,Spizella pusilla,Field Sparrow,0.0104,D:/AcousticMonitoringData/ELDON2_Data/Week19\ELDON2_20250515_191800.wav
1731.0,1734.0,Geothlypis trichas,Common Yellowthroat,0.0324,D:/AcousticMonitoringData/ELDON2_Data/Week19\ELDON2_20250515_191800.wav
1731.0,1734.0,Sturnella magna,Eastern Meadowlark,0.0173,D:/AcousticMonitoringData/ELDON2_Data/Week19\ELDON2_20250515_191800.wav
1734.0,1737.0,Sturnella magna,Eastern Meadowlark,0.1480,D:/AcousticMonitoringData/ELDON2_Data/Week19\ELDON2_20250515_191800.wav
1734.0,1737.0,Spizella pusilla,Field Sparrow,0.0149,D:/AcousticMonitoringData/ELDON2_Data/Week19\ELDON2_20250515_191800.wav
1740.0,1743.0,Sturnella magna,Eastern Meadowlark,0.1346,D:/AcousticMonitoringData/ELDON2_Data/Week19\ELDON2_20250515_191800.wav
1740.0,1743.0,Spizella pusilla,Field Sparrow,0.0379,D:/AcousticMonitoringData/ELDON2_Data/Week19\ELDON2_20250515_191800.wav
1743.0,1746.0,Sturnella magna,Eastern Meadowlark,0.0544,D:/AcousticMonitoringData/ELDON2_Data/Week19\ELDON2_20250515_191800.wav
1749.0,1752.0,Sturnella magna,Eastern Meadowlark,0.1338,D:/AcousticMonitoringData/ELDON2_Data/Week19\ELDON2_20250515_191800.wav
1749.0,1752.0,Bartramia longicauda,Upland Sandpiper,0.0101,D:/AcousticMonitoringData/ELDON2_Data/Week19\ELDON2_20250515_191800.wav
1752.0,1755.0,Sturnella magna,Eastern Meadowlark,0.2783,D:/AcousticMonitoringData/ELDON2_Data/Week19\ELDON2_20250515_191800.wav
1758.0,1761.0,Sturnella magna,Eastern Meadowlark,0.0432,D:/AcousticMonitoringData/ELDON2_Data/Week19\ELDON2_20250515_191800.wav
1758.0,1761.0,Spizella pusilla,Field Sparrow,0.0104,D:/AcousticMonitoringData/ELDON2_Data/Week19\ELDON2_20250515_191800.wav
1761.0,1764.0,Sturnella magna,Eastern Meadowlark,0.0263,D:/AcousticMonitoringData/ELDON2_Data/Week19\ELDON2_20250515_191800.wav
1764.0,1767.0,Sturnella magna,Eastern Meadowlark,0.3323,D:/AcousticMonitoringData/ELDON2_Data/Week19\ELDON2_20250515_191800.wav
1764.0,1767.0,Passerina caerulea,Blue Grosbeak,0.0155,D:/AcousticMonitoringData/ELDON2_Data/Week19\ELDON2_20250515_191800.wav
1770.0,1773.0,Sturnella magna,Eastern Meadowlark,0.0345,D:/AcousticMonitoringData/ELDON2_Data/Week19\ELDON2_20250515_191800.wav
1770.0,1773.0,Eremophila alpestris,Horned Lark,0.0112,D:/AcousticMonitoringData/ELDON2_Data/Week19\ELDON2_20250515_191800.wav
1773.0,1776.0,Passerina caerulea,Blue Grosbeak,0.0268,D:/AcousticMonitoringData/ELDON2_Data/Week19\ELDON2_20250515_191800.wav
1773.0,1776.0,Sturnella magna,Eastern Meadowlark,0.0208,D:/AcousticMonitoringData/ELDON2_Data/Week19\ELDON2_20250515_191800.wav
1773.0,1776.0,Spizella pusilla,Field Sparrow,0.0118,D:/AcousticMonitoringData/ELDON2_Data/Week19\ELDON2_20250515_191800.wav
1779.0,1782.0,Sturnella magna,Eastern Meadowlark,0.3746,D:/AcousticMonitoringData/ELDON2_Data/Week19\ELDON2_20250515_191800.wav
1779.0,1782.0,Passerina caerulea,Blue Grosbeak,0.0115,D:/AcousticMonitoringData/ELDON2_Data/Week19\ELDON2_20250515_191800.wav
1779.0,1782.0,Bartramia longicauda,Upland Sandpiper,0.0111,D:/AcousticMonitoringData/ELDON2_Data/Week19\ELDON2_20250515_191800.wav
1785.0,1788.0,Spizella pusilla,Field Sparrow,0.0131,D:/AcousticMonitoringData/ELDON2_Data/Week19\ELDON2_20250515_191800.wav
1785.0,1788.0,Sturnella magna,Eastern Meadowlark,0.0112,D:/AcousticMonitoringData/ELDON2_Data/Week19\ELDON2_20250515_191800.wav
1794.0,1797.0,Spizella pusilla,Field Sparrow,0.0138,D:/AcousticMonitoringData/ELDON2_Data/Week19\ELDON2_20250515_191800.wav
1797.0,1800.0,Sturnella magna,Eastern Meadowlark,0.0183,D:/AcousticMonitoringData/ELDON2_Data/Week19\ELDON2_20250515_191800.wav
1797.0,1800.0,Spizella pusilla,Field Sparrow,0.0108,D:/AcousticMonitoringData/ELDON2_Data/Week19\ELDON2_20250515_191800.wav
1800.0,1803.0,Bartramia longicauda,Upland Sandpiper,0.2691,D:/AcousticMonitoringData/ELDON2_Data/Week19\ELDON2_20250515_191800.wav
1800.0,1803.0,Sturnella magna,Eastern Meadowlark,0.1235,D:/AcousticMonitoringData/ELDON2_Data/Week19\ELDON2_20250515_191800.wav
1803.0,1806.0,Bartramia longicauda,Upland Sandpiper,0.1517,D:/AcousticMonitoringData/ELDON2_Data/Week19\ELDON2_20250515_191800.wav
1803.0,1806.0,Sturnella magna,Eastern Meadowlark,0.0130,D:/AcousticMonitoringData/ELDON2_Data/Week19\ELDON2_20250515_191800.wav
1809.0,1812.0,Sturnella magna,Eastern Meadowlark,0.1568,D:/AcousticMonitoringData/ELDON2_Data/Week19\ELDON2_20250515_191800.wav
1815.0,1818.0,Sturnella magna,Eastern Meadowlark,0.0928,D:/AcousticMonitoringData/ELDON2_Data/Week19\ELDON2_20250515_191800.wav
1821.0,1824.0,Bartramia longicauda,Upland Sandpiper,0.0253,D:/AcousticMonitoringData/ELDON2_Data/Week19\ELDON2_20250515_191800.wav
1824.0,1827.0,Sturnella magna,Eastern Meadowlark,0.0304,D:/AcousticMonitoringData/ELDON2_Data/Week19\ELDON2_20250515_191800.wav
1824.0,1827.0,Spizella pusilla,Field Sparrow,0.0169,D:/AcousticMonitoringData/ELDON2_Data/Week19\ELDON2_20250515_191800.wav
1827.0,1830.0,Bartramia longicauda,Upland Sandpiper,0.0328,D:/AcousticMonitoringData/ELDON2_Data/Week19\ELDON2_20250515_191800.wav
1827.0,1830.0,Spizella pusilla,Field Sparrow,0.0239,D:/AcousticMonitoringData/ELDON2_Data/Week19\ELDON2_20250515_191800.wav
1827.0,1830.0,Sturnella magna,Eastern Meadowlark,0.0117,D:/AcousticMonitoringData/ELDON2_Data/Week19\ELDON2_20250515_191800.wav
1827.0,1830.0,Geothlypis trichas,Common Yellowthroat,0.0115,D:/AcousticMonitoringData/ELDON2_Data/Week19\ELDON2_20250515_191800.wav
1830.0,1833.0,Sturnella magna,Eastern Meadowlark,0.0132,D:/AcousticMonitoringData/ELDON2_Data/Week19\ELDON2_20250515_191800.wav
1833.0,1836.0,Sturnella magna,Eastern Meadowlark,0.0628,D:/AcousticMonitoringData/ELDON2_Data/Week19\ELDON2_20250515_191800.wav
1836.0,1839.0,Sturnella magna,Eastern Meadowlark,0.1519,D:/AcousticMonitoringData/ELDON2_Data/Week19\ELDON2_20250515_191800.wav
1836.0,1839.0,Spizella pusilla,Field Sparrow,0.0210,D:/AcousticMonitoringData/ELDON2_Data/Week19\ELDON2_20250515_191800.wav
1839.0,1842.0,Sturnella magna,Eastern Meadowlark,0.0199,D:/AcousticMonitoringData/ELDON2_Data/Week19\ELDON2_20250515_191800.wav
1842.0,1845.0,Sturnella magna,Eastern Meadowlark,0.5688,D:/AcousticMonitoringData/ELDON2_Data/Week19\ELDON2_20250515_191800.wav
1842.0,1845.0,Passerina caerulea,Blue Grosbeak,0.0261,D:/AcousticMonitoringData/ELDON2_Data/Week19\ELDON2_20250515_191800.wav
1845.0,1848.0,Sturnella magna,Eastern Meadowlark,0.0492,D:/AcousticMonitoringData/ELDON2_Data/Week19\ELDON2_20250515_191800.wav
1845.0,1848.0,Bartramia longicauda,Upland Sandpiper,0.0130,D:/AcousticMonitoringData/ELDON2_Data/Week19\ELDON2_20250515_191800.wav
1848.0,1851.0,Geothlypis trichas,Common Yellowthroat,0.0117,D:/AcousticMonitoringData/ELDON2_Data/Week19\ELDON2_20250515_191800.wav
1851.0,1854.0,Bartramia longicauda,Upland Sandpiper,0.0128,D:/AcousticMonitoringData/ELDON2_Data/Week19\ELDON2_20250515_191800.wav
1854.0,1857.0,Passerina caerulea,Blue Grosbeak,0.0217,D:/AcousticMonitoringData/ELDON2_Data/Week19\ELDON2_20250515_191800.wav
1854.0,1857.0,Sturnella magna,Eastern Meadowlark,0.0196,D:/AcousticMonitoringData/ELDON2_Data/Week19\ELDON2_20250515_191800.wav
1854.0,1857.0,Spizella pusilla,Field Sparrow,0.0117,D:/AcousticMonitoringData/ELDON2_Data/Week19\ELDON2_20250515_191800.wav
1857.0,1860.0,Sturnella magna,Eastern Meadowlark,0.1070,D:/AcousticMonitoringData/ELDON2_Data/Week19\ELDON2_20250515_191800.wav
1860.0,1863.0,Geothlypis trichas,Common Yellowthroat,0.0164,D:/AcousticMonitoringData/ELDON2_Data/Week19\ELDON2_20250515_191800.wav
1866.0,1869.0,Sturnella magna,Eastern Meadowlark,0.0407,D:/AcousticMonitoringData/ELDON2_Data/Week19\ELDON2_20250515_191800.wav
1869.0,1872.0,Sturnella magna,Eastern Meadowlark,0.0271,D:/AcousticMonitoringData/ELDON2_Data/Week19\ELDON2_20250515_191800.wav
1869.0,1872.0,Passerina caerulea,Blue Grosbeak,0.0269,D:/AcousticMonitoringData/ELDON2_Data/Week19\ELDON2_20250515_191800.wav
1869.0,1872.0,Spizella pusilla,Field Sparrow,0.0118,D:/AcousticMonitoringData/ELDON2_Data/Week19\ELDON2_20250515_191800.wav
1875.0,1878.0,Sturnella magna,Eastern Meadowlark,0.2990,D:/AcousticMonitoringData/ELDON2_Data/Week19\ELDON2_20250515_191800.wav
1878.0,1881.0,Sturnella magna,Eastern Meadowlark,0.0157,D:/AcousticMonitoringData/ELDON2_Data/Week19\ELDON2_20250515_191800.wav
1878.0,1881.0,Passerina caerulea,Blue Grosbeak,0.0144,D:/AcousticMonitoringData/ELDON2_Data/Week19\ELDON2_20250515_191800.wav
1881.0,1884.0,Sturnella magna,Eastern Meadowlark,0.0283,D:/AcousticMonitoringData/ELDON2_Data/Week19\ELDON2_20250515_191800.wav
1884.0,1887.0,Passerina caerulea,Blue Grosbeak,0.0153,D:/AcousticMonitoringData/ELDON2_Data/Week19\ELDON2_20250515_191800.wav
1884.0,1887.0,Sturnella magna,Eastern Meadowlark,0.0133,D:/AcousticMonitoringData/ELDON2_Data/Week19\ELDON2_20250515_191800.wav
1887.0,1890.0,Sturnella magna,Eastern Meadowlark,0.0151,D:/AcousticMonitoringData/ELDON2_Data/Week19\ELDON2_20250515_191800.wav
1887.0,1890.0,Passerina caerulea,Blue Grosbeak,0.0139,D:/AcousticMonitoringData/ELDON2_Data/Week19\ELDON2_20250515_191800.wav
1890.0,1893.0,Passerina caerulea,Blue Grosbeak,0.0102,D:/AcousticMonitoringData/ELDON2_Data/Week19\ELDON2_20250515_191800.wav
1896.0,1899.0,Spizella pusilla,Field Sparrow,0.0108,D:/AcousticMonitoringData/ELDON2_Data/Week19\ELDON2_20250515_191800.wav
1899.0,1902.0,Sturnella magna,Eastern Meadowlark,0.0131,D:/AcousticMonitoringData/ELDON2_Data/Week19\ELDON2_20250515_191800.wav
1905.0,1908.0,Sturnella magna,Eastern Meadowlark,0.0136,D:/AcousticMonitoringData/ELDON2_Data/Week19\ELDON2_20250515_191800.wav
1917.0,1920.0,Sturnella magna,Eastern Meadowlark,0.0113,D:/AcousticMonitoringData/ELDON2_Data/Week19\ELDON2_20250515_191800.wav
1923.0,1926.0,Sturnella magna,Eastern Meadowlark,0.0226,D:/AcousticMonitoringData/ELDON2_Data/Week19\ELDON2_20250515_191800.wav
1926.0,1929.0,Sturnella magna,Eastern Meadowlark,0.1110,D:/AcousticMonitoringData/ELDON2_Data/Week19\ELDON2_20250515_191800.wav
1929.0,1932.0,Sturnella magna,Eastern Meadowlark,0.0124,D:/AcousticMonitoringData/ELDON2_Data/Week19\ELDON2_20250515_191800.wav
1935.0,1938.0,Sturnella magna,Eastern Meadowlark,0.1409,D:/AcousticMonitoringData/ELDON2_Data/Week19\ELDON2_20250515_191800.wav
1938.0,1941.0,Geothlypis trichas,Common Yellowthroat,0.0386,D:/AcousticMonitoringData/ELDON2_Data/Week19\ELDON2_20250515_191800.wav
1938.0,1941.0,Sturnella magna,Eastern Meadowlark,0.0142,D:/AcousticMonitoringData/ELDON2_Data/Week19\ELDON2_20250515_191800.wav
1941.0,1944.0,Sturnella magna,Eastern Meadowlark,0.2212,D:/AcousticMonitoringData/ELDON2_Data/Week19\ELDON2_20250515_191800.wav
1941.0,1944.0,Bartramia longicauda,Upland Sandpiper,0.0348,D:/AcousticMonitoringData/ELDON2_Data/Week19\ELDON2_20250515_191800.wav
1944.0,1947.0,Geothlypis trichas,Common Yellowthroat,0.1333,D:/AcousticMonitoringData/ELDON2_Data/Week19\ELDON2_20250515_191800.wav
1947.0,1950.0,Sturnella magna,Eastern Meadowlark,0.2450,D:/AcousticMonitoringData/ELDON2_Data/Week19\ELDON2_20250515_191800.wav
1947.0,1950.0,Bartramia longicauda,Upland Sandpiper,0.0122,D:/AcousticMonitoringData/ELDON2_Data/Week19\ELDON2_20250515_191800.wav
1950.0,1953.0,Sturnella magna,Eastern Meadowlark,0.0568,D:/AcousticMonitoringData/ELDON2_Data/Week19\ELDON2_20250515_191800.wav
1953.0,1956.0,Sturnella magna,Eastern Meadowlark,0.7790,D:/AcousticMonitoringData/ELDON2_Data/Week19\ELDON2_20250515_191800.wav
1953.0,1956.0,Bartramia longicauda,Upland Sandpiper,0.0233,D:/AcousticMonitoringData/ELDON2_Data/Week19\ELDON2_20250515_191800.wav
1956.0,1959.0,Geothlypis trichas,Common Yellowthroat,0.0101,D:/AcousticMonitoringData/ELDON2_Data/Week19\ELDON2_20250515_191800.wav
1959.0,1962.0,Sturnella magna,Eastern Meadowlark,0.0108,D:/AcousticMonitoringData/ELDON2_Data/Week19\ELDON2_20250515_191800.wav
1962.0,1965.0,Sturnella magna,Eastern Meadowlark,0.2390,D:/AcousticMonitoringData/ELDON2_Data/Week19\ELDON2_20250515_191800.wav
1962.0,1965.0,Bartramia longicauda,Upland Sandpiper,0.0227,D:/AcousticMonitoringData/ELDON2_Data/Week19\ELDON2_20250515_191800.wav
1962.0,1965.0,Spizella pusilla,Field Sparrow,0.0130,D:/AcousticMonitoringData/ELDON2_Data/Week19\ELDON2_20250515_191800.wav
1971.0,1974.0,Sturnella magna,Eastern Meadowlark,0.2157,D:/AcousticMonitoringData/ELDON2_Data/Week19\ELDON2_20250515_191800.wav
1974.0,1977.0,Geothlypis trichas,Common Yellowthroat,0.0262,D:/AcousticMonitoringData/ELDON2_Data/Week19\ELDON2_20250515_191800.wav
1974.0,1977.0,Spizella pusilla,Field Sparrow,0.0118,D:/AcousticMonitoringData/ELDON2_Data/Week19\ELDON2_20250515_191800.wav
1977.0,1980.0,Sturnella magna,Eastern Meadowlark,0.2413,D:/AcousticMonitoringData/ELDON2_Data/Week19\ELDON2_20250515_191800.wav
1977.0,1980.0,Bartramia longicauda,Upland Sandpiper,0.0192,D:/AcousticMonitoringData/ELDON2_Data/Week19\ELDON2_20250515_191800.wav
1983.0,1986.0,Sturnella magna,Eastern Meadowlark,0.1230,D:/AcousticMonitoringData/ELDON2_Data/Week19\ELDON2_20250515_191800.wav
1983.0,1986.0,Spizella pusilla,Field Sparrow,0.0766,D:/AcousticMonitoringData/ELDON2_Data/Week19\ELDON2_20250515_191800.wav
1986.0,1989.0,Sturnella magna,Eastern Meadowlark,0.0934,D:/AcousticMonitoringData/ELDON2_Data/Week19\ELDON2_20250515_191800.wav
1989.0,1992.0,Sturnella magna,Eastern Meadowlark,0.0384,D:/AcousticMonitoringData/ELDON2_Data/Week19\ELDON2_20250515_191800.wav
1989.0,1992.0,Spizella pusilla,Field Sparrow,0.0147,D:/AcousticMonitoringData/ELDON2_Data/Week19\ELDON2_20250515_191800.wav
1989.0,1992.0,Passerina caerulea,Blue Grosbeak,0.0115,D:/AcousticMonitoringData/ELDON2_Data/Week19\ELDON2_20250515_191800.wav
1995.0,1998.0,Sturnella magna,Eastern Meadowlark,0.1050,D:/AcousticMonitoringData/ELDON2_Data/Week19\ELDON2_20250515_191800.wav
1995.0,1998.0,Bartramia longicauda,Upland Sandpiper,0.0153,D:/AcousticMonitoringData/ELDON2_Data/Week19\ELDON2_20250515_191800.wav
1995.0,1998.0,Spizella pusilla,Field Sparrow,0.0149,D:/AcousticMonitoringData/ELDON2_Data/Week19\ELDON2_20250515_191800.wav
1998.0,2001.0,Passerina caerulea,Blue Grosbeak,0.0114,D:/AcousticMonitoringData/ELDON2_Data/Week19\ELDON2_20250515_191800.wav
2001.0,2004.0,Sturnella magna,Eastern Meadowlark,0.0449,D:/AcousticMonitoringData/ELDON2_Data/Week19\ELDON2_20250515_191800.wav
2001.0,2004.0,Spizella pusilla,Field Sparrow,0.0216,D:/AcousticMonitoringData/ELDON2_Data/Week19\ELDON2_20250515_191800.wav
2001.0,2004.0,Passerina caerulea,Blue Grosbeak,0.0119,D:/AcousticMonitoringData/ELDON2_Data/Week19\ELDON2_20250515_191800.wav
2004.0,2007.0,Sturnella magna,Eastern Meadowlark,0.7725,D:/AcousticMonitoringData/ELDON2_Data/Week19\ELDON2_20250515_191800.wav
2007.0,2010.0,Sturnella magna,Eastern Meadowlark,0.0785,D:/AcousticMonitoringData/ELDON2_Data/Week19\ELDON2_20250515_191800.wav
2007.0,2010.0,Passerina caerulea,Blue Grosbeak,0.0159,D:/AcousticMonitoringData/ELDON2_Data/Week19\ELDON2_20250515_191800.wav
2007.0,2010.0,Spizella pusilla,Field Sparrow,0.0140,D:/AcousticMonitoringData/ELDON2_Data/Week19\ELDON2_20250515_191800.wav
2010.0,2013.0,Sturnella magna,Eastern Meadowlark,0.0755,D:/AcousticMonitoringData/ELDON2_Data/Week19\ELDON2_20250515_191800.wav
2010.0,2013.0,Bartramia longicauda,Upland Sandpiper,0.0419,D:/AcousticMonitoringData/ELDON2_Data/Week19\ELDON2_20250515_191800.wav
2016.0,2019.0,Sturnella magna,Eastern Meadowlark,0.1208,D:/AcousticMonitoringData/ELDON2_Data/Week19\ELDON2_20250515_191800.wav
2016.0,2019.0,Spizella pusilla,Field Sparrow,0.0474,D:/AcousticMonitoringData/ELDON2_Data/Week19\ELDON2_20250515_191800.wav
2016.0,2019.0,Passerina caerulea,Blue Grosbeak,0.0112,D:/AcousticMonitoringData/ELDON2_Data/Week19\ELDON2_20250515_191800.wav
2019.0,2022.0,Sturnella magna,Eastern Meadowlark,0.3084,D:/AcousticMonitoringData/ELDON2_Data/Week19\ELDON2_20250515_191800.wav
2022.0,2025.0,Sturnella magna,Eastern Meadowlark,0.0486,D:/AcousticMonitoringData/ELDON2_Data/Week19\ELDON2_20250515_191800.wav
2022.0,2025.0,Bartramia longicauda,Upland Sandpiper,0.0106,D:/AcousticMonitoringData/ELDON2_Data/Week19\ELDON2_20250515_191800.wav
2025.0,2028.0,Sturnella magna,Eastern Meadowlark,0.0351,D:/AcousticMonitoringData/ELDON2_Data/Week19\ELDON2_20250515_191800.wav
2025.0,2028.0,Geothlypis trichas,Common Yellowthroat,0.0227,D:/AcousticMonitoringData/ELDON2_Data/Week19\ELDON2_20250515_191800.wav
2025.0,2028.0,Spizella pusilla,Field Sparrow,0.0180,D:/AcousticMonitoringData/ELDON2_Data/Week19\ELDON2_20250515_191800.wav
2028.0,2031.0,Sturnella magna,Eastern Meadowlark,0.3128,D:/AcousticMonitoringData/ELDON2_Data/Week19\ELDON2_20250515_191800.wav
2028.0,2031.0,Passerina caerulea,Blue Grosbeak,0.0113,D:/AcousticMonitoringData/ELDON2_Data/Week19\ELDON2_20250515_191800.wav
2034.0,2037.0,Sturnella magna,Eastern Meadowlark,0.1525,D:/AcousticMonitoringData/ELDON2_Data/Week19\ELDON2_20250515_191800.wav
2034.0,2037.0,Bartramia longicauda,Upland Sandpiper,0.0166,D:/AcousticMonitoringData/ELDON2_Data/Week19\ELDON2_20250515_191800.wav
2037.0,2040.0,Sturnella magna,Eastern Meadowlark,0.2178,D:/AcousticMonitoringData/ELDON2_Data/Week19\ELDON2_20250515_191800.wav
2046.0,2049.0,Sturnella magna,Eastern Meadowlark,0.7156,D:/AcousticMonitoringData/ELDON2_Data/Week19\ELDON2_20250515_191800.wav
2046.0,2049.0,Spizella pusilla,Field Sparrow,0.0239,D:/AcousticMonitoringData/ELDON2_Data/Week19\ELDON2_20250515_191800.wav
2046.0,2049.0,Bartramia longicauda,Upland Sandpiper,0.0182,D:/AcousticMonitoringData/ELDON2_Data/Week19\ELDON2_20250515_191800.wav
2046.0,2049.0,Geothlypis trichas,Common Yellowthroat,0.0165,D:/AcousticMonitoringData/ELDON2_Data/Week19\ELDON2_20250515_191800.wav
2055.0,2058.0,Sturnella magna,Eastern Meadowlark,0.0157,D:/AcousticMonitoringData/ELDON2_Data/Week19\ELDON2_20250515_191800.wav
2055.0,2058.0,Passerina caerulea,Blue Grosbeak,0.0110,D:/AcousticMonitoringData/ELDON2_Data/Week19\ELDON2_20250515_191800.wav
2061.0,2064.0,Passerina caerulea,Blue Grosbeak,0.0204,D:/AcousticMonitoringData/ELDON2_Data/Week19\ELDON2_20250515_191800.wav
2061.0,2064.0,Sturnella magna,Eastern Meadowlark,0.0164,D:/AcousticMonitoringData/ELDON2_Data/Week19\ELDON2_20250515_191800.wav
2061.0,2064.0,Spizella pusilla,Field Sparrow,0.0118,D:/AcousticMonitoringData/ELDON2_Data/Week19\ELDON2_20250515_191800.wav
2064.0,2067.0,Sturnella magna,Eastern Meadowlark,0.0216,D:/AcousticMonitoringData/ELDON2_Data/Week19\ELDON2_20250515_191800.wav
2064.0,2067.0,Spizella pusilla,Field Sparrow,0.0152,D:/AcousticMonitoringData/ELDON2_Data/Week19\ELDON2_20250515_191800.wav
2076.0,2079.0,Sturnella magna,Eastern Meadowlark,0.0850,D:/AcousticMonitoringData/ELDON2_Data/Week19\ELDON2_20250515_191800.wav
2076.0,2079.0,Spizella pusilla,Field Sparrow,0.0152,D:/AcousticMonitoringData/ELDON2_Data/Week19\ELDON2_20250515_191800.wav
2076.0,2079.0,Passerina caerulea,Blue Grosbeak,0.0114,D:/AcousticMonitoringData/ELDON2_Data/Week19\ELDON2_20250515_191800.wav
2076.0,2079.0,Bartramia longicauda,Upland Sandpiper,0.0104,D:/AcousticMonitoringData/ELDON2_Data/Week19\ELDON2_20250515_191800.wav
2079.0,2082.0,Sturnella magna,Eastern Meadowlark,0.0125,D:/AcousticMonitoringData/ELDON2_Data/Week19\ELDON2_20250515_191800.wav
2082.0,2085.0,Spizella pusilla,Field Sparrow,0.0274,D:/AcousticMonitoringData/ELDON2_Data/Week19\ELDON2_20250515_191800.wav
2082.0,2085.0,Sturnella magna,Eastern Meadowlark,0.0270,D:/AcousticMonitoringData/ELDON2_Data/Week19\ELDON2_20250515_191800.wav
2085.0,2088.0,Sturnella magna,Eastern Meadowlark,0.0544,D:/AcousticMonitoringData/ELDON2_Data/Week19\ELDON2_20250515_191800.wav
2088.0,2091.0,Sturnella magna,Eastern Meadowlark,0.0188,D:/AcousticMonitoringData/ELDON2_Data/Week19\ELDON2_20250515_191800.wav
2091.0,2094.0,Sturnella magna,Eastern Meadowlark,0.0431,D:/AcousticMonitoringData/ELDON2_Data/Week19\ELDON2_20250515_191800.wav
2091.0,2094.0,Bartramia longicauda,Upland Sandpiper,0.0208,D:/AcousticMonitoringData/ELDON2_Data/Week19\ELDON2_20250515_191800.wav
2094.0,2097.0,Sturnella magna,Eastern Meadowlark,0.0189,D:/AcousticMonitoringData/ELDON2_Data/Week19\ELDON2_20250515_191800.wav
2097.0,2100.0,Geothlypis trichas,Common Yellowthroat,0.0134,D:/AcousticMonitoringData/ELDON2_Data/Week19\ELDON2_20250515_191800.wav
2100.0,2103.0,Sturnella magna,Eastern Meadowlark,0.2206,D:/AcousticMonitoringData/ELDON2_Data/Week19\ELDON2_20250515_191800.wav
2109.0,2112.0,Sturnella magna,Eastern Meadowlark,0.0107,D:/AcousticMonitoringData/ELDON2_Data/Week19\ELDON2_20250515_191800.wav
2118.0,2121.0,Sturnella magna,Eastern Meadowlark,0.5142,D:/AcousticMonitoringData/ELDON2_Data/Week19\ELDON2_20250515_191800.wav
2121.0,2124.0,Spizella pusilla,Field Sparrow,0.0185,D:/AcousticMonitoringData/ELDON2_Data/Week19\ELDON2_20250515_191800.wav
2121.0,2124.0,Sturnella magna,Eastern Meadowlark,0.0112,D:/AcousticMonitoringData/ELDON2_Data/Week19\ELDON2_20250515_191800.wav
2124.0,2127.0,Sturnella magna,Eastern Meadowlark,0.0244,D:/AcousticMonitoringData/ELDON2_Data/Week19\ELDON2_20250515_191800.wav
2124.0,2127.0,Geothlypis trichas,Common Yellowthroat,0.0117,D:/AcousticMonitoringData/ELDON2_Data/Week19\ELDON2_20250515_191800.wav
2127.0,2130.0,Sturnella magna,Eastern Meadowlark,0.0372,D:/AcousticMonitoringData/ELDON2_Data/Week19\ELDON2_20250515_191800.wav
2130.0,2133.0,Eremophila alpestris,Horned Lark,0.0184,D:/AcousticMonitoringData/ELDON2_Data/Week19\ELDON2_20250515_191800.wav
2130.0,2133.0,Sturnella magna,Eastern Meadowlark,0.0156,D:/AcousticMonitoringData/ELDON2_Data/Week19\ELDON2_20250515_191800.wav
2133.0,2136.0,Spizella pusilla,Field Sparrow,0.0119,D:/AcousticMonitoringData/ELDON2_Data/Week19\ELDON2_20250515_191800.wav
2133.0,2136.0,Sturnella magna,Eastern Meadowlark,0.0115,D:/AcousticMonitoringData/ELDON2_Data/Week19\ELDON2_20250515_191800.wav
2133.0,2136.0,Passerina caerulea,Blue Grosbeak,0.0112,D:/AcousticMonitoringData/ELDON2_Data/Week19\ELDON2_20250515_191800.wav
2139.0,2142.0,Sturnella magna,Eastern Meadowlark,0.0322,D:/AcousticMonitoringData/ELDON2_Data/Week19\ELDON2_20250515_191800.wav
2142.0,2145.0,Geothlypis trichas,Common Yellowthroat,0.0102,D:/AcousticMonitoringData/ELDON2_Data/Week19\ELDON2_20250515_191800.wav
2145.0,2148.0,Geothlypis trichas,Common Yellowthroat,0.0245,D:/AcousticMonitoringData/ELDON2_Data/Week19\ELDON2_20250515_191800.wav
2148.0,2151.0,Geothlypis trichas,Common Yellowthroat,0.0624,D:/AcousticMonitoringData/ELDON2_Data/Week19\ELDON2_20250515_191800.wav
2148.0,2151.0,Passerina caerulea,Blue Grosbeak,0.0195,D:/AcousticMonitoringData/ELDON2_Data/Week19\ELDON2_20250515_191800.wav
2151.0,2154.0,Geothlypis trichas,Common Yellowthroat,0.0184,D:/AcousticMonitoringData/ELDON2_Data/Week19\ELDON2_20250515_191800.wav
2151.0,2154.0,Passerina caerulea,Blue Grosbeak,0.0151,D:/AcousticMonitoringData/ELDON2_Data/Week19\ELDON2_20250515_191800.wav
2151.0,2154.0,Sturnella magna,Eastern Meadowlark,0.0127,D:/AcousticMonitoringData/ELDON2_Data/Week19\ELDON2_20250515_191800.wav
2154.0,2157.0,Sturnella magna,Eastern Meadowlark,0.0144,D:/AcousticMonitoringData/ELDON2_Data/Week19\ELDON2_20250515_191800.wav
2157.0,2160.0,Sturnella magna,Eastern Meadowlark,0.2032,D:/AcousticMonitoringData/ELDON2_Data/Week19\ELDON2_20250515_191800.wav
2157.0,2160.0,Passerina caerulea,Blue Grosbeak,0.0132,D:/AcousticMonitoringData/ELDON2_Data/Week19\ELDON2_20250515_191800.wav
2166.0,2169.0,Sturnella magna,Eastern Meadowlark,0.0268,D:/AcousticMonitoringData/ELDON2_Data/Week19\ELDON2_20250515_191800.wav
2166.0,2169.0,Bartramia longicauda,Upland Sandpiper,0.0205,D:/AcousticMonitoringData/ELDON2_Data/Week19\ELDON2_20250515_191800.wav
2169.0,2172.0,Sturnella magna,Eastern Meadowlark,0.0129,D:/AcousticMonitoringData/ELDON2_Data/Week19\ELDON2_20250515_191800.wav
2172.0,2175.0,Sturnella magna,Eastern Meadowlark,0.0181,D:/AcousticMonitoringData/ELDON2_Data/Week19\ELDON2_20250515_191800.wav
2172.0,2175.0,Passerina caerulea,Blue Grosbeak,0.0105,D:/AcousticMonitoringData/ELDON2_Data/Week19\ELDON2_20250515_191800.wav
2175.0,2178.0,Sturnella magna,Eastern Meadowlark,0.0109,D:/AcousticMonitoringData/ELDON2_Data/Week19\ELDON2_20250515_191800.wav
2178.0,2181.0,Sturnella magna,Eastern Meadowlark,0.0343,D:/AcousticMonitoringData/ELDON2_Data/Week19\ELDON2_20250515_191800.wav
2178.0,2181.0,Passerina caerulea,Blue Grosbeak,0.0228,D:/AcousticMonitoringData/ELDON2_Data/Week19\ELDON2_20250515_191800.wav
2181.0,2184.0,Geothlypis trichas,Common Yellowthroat,0.0105,D:/AcousticMonitoringData/ELDON2_Data/Week19\ELDON2_20250515_191800.wav
2184.0,2187.0,Sturnella magna,Eastern Meadowlark,0.0102,D:/AcousticMonitoringData/ELDON2_Data/Week19\ELDON2_20250515_191800.wav
2190.0,2193.0,Sturnella magna,Eastern Meadowlark,0.0293,D:/AcousticMonitoringData/ELDON2_Data/Week19\ELDON2_20250515_191800.wav
2196.0,2199.0,Sturnella magna,Eastern Meadowlark,0.1162,D:/AcousticMonitoringData/ELDON2_Data/Week19\ELDON2_20250515_191800.wav
2196.0,2199.0,Bartramia longicauda,Upland Sandpiper,0.0130,D:/AcousticMonitoringData/ELDON2_Data/Week19\ELDON2_20250515_191800.wav
2196.0,2199.0,Geothlypis trichas,Common Yellowthroat,0.0108,D:/AcousticMonitoringData/ELDON2_Data/Week19\ELDON2_20250515_191800.wav
2199.0,2202.0,Sturnella magna,Eastern Meadowlark,0.0120,D:/AcousticMonitoringData/ELDON2_Data/Week19\ELDON2_20250515_191800.wav
2202.0,2205.0,Sturnella magna,Eastern Meadowlark,0.4159,D:/AcousticMonitoringData/ELDON2_Data/Week19\ELDON2_20250515_191800.wav
2202.0,2205.0,Passerina caerulea,Blue Grosbeak,0.0335,D:/AcousticMonitoringData/ELDON2_Data/Week19\ELDON2_20250515_191800.wav
2202.0,2205.0,Geothlypis trichas,Common Yellowthroat,0.0150,D:/AcousticMonitoringData/ELDON2_Data/Week19\ELDON2_20250515_191800.wav
2202.0,2205.0,Spizella pusilla,Field Sparrow,0.0140,D:/AcousticMonitoringData/ELDON2_Data/Week19\ELDON2_20250515_191800.wav
2205.0,2208.0,Sturnella magna,Eastern Meadowlark,0.0119,D:/AcousticMonitoringData/ELDON2_Data/Week19\ELDON2_20250515_191800.wav
2211.0,2214.0,Sturnella magna,Eastern Meadowlark,0.1950,D:/AcousticMonitoringData/ELDON2_Data/Week19\ELDON2_20250515_191800.wav
2211.0,2214.0,Geothlypis trichas,Common Yellowthroat,0.0108,D:/AcousticMonitoringData/ELDON2_Data/Week19\ELDON2_20250515_191800.wav
2214.0,2217.0,Sturnella magna,Eastern Meadowlark,0.0332,D:/AcousticMonitoringData/ELDON2_Data/Week19\ELDON2_20250515_191800.wav
2214.0,2217.0,Geothlypis trichas,Common Yellowthroat,0.0220,D:/AcousticMonitoringData/ELDON2_Data/Week19\ELDON2_20250515_191800.wav
2214.0,2217.0,Passerina caerulea,Blue Grosbeak,0.0134,D:/AcousticMonitoringData/ELDON2_Data/Week19\ELDON2_20250515_191800.wav
2217.0,2220.0,Sturnella magna,Eastern Meadowlark,0.6038,D:/AcousticMonitoringData/ELDON2_Data/Week19\ELDON2_20250515_191800.wav
2217.0,2220.0,Spizella pusilla,Field Sparrow,0.0709,D:/AcousticMonitoringData/ELDON2_Data/Week19\ELDON2_20250515_191800.wav
2217.0,2220.0,Bartramia longicauda,Upland Sandpiper,0.0112,D:/AcousticMonitoringData/ELDON2_Data/Week19\ELDON2_20250515_191800.wav
2223.0,2226.0,Geothlypis trichas,Common Yellowthroat,0.0283,D:/AcousticMonitoringData/ELDON2_Data/Week19\ELDON2_20250515_191800.wav
2223.0,2226.0,Sturnella magna,Eastern Meadowlark,0.0146,D:/AcousticMonitoringData/ELDON2_Data/Week19\ELDON2_20250515_191800.wav
2226.0,2229.0,Sturnella magna,Eastern Meadowlark,0.0276,D:/AcousticMonitoringData/ELDON2_Data/Week19\ELDON2_20250515_191800.wav
2232.0,2235.0,Sturnella magna,Eastern Meadowlark,0.0123,D:/AcousticMonitoringData/ELDON2_Data/Week19\ELDON2_20250515_191800.wav
2235.0,2238.0,Sturnella magna,Eastern Meadowlark,0.0407,D:/AcousticMonitoringData/ELDON2_Data/Week19\ELDON2_20250515_191800.wav
2235.0,2238.0,Geothlypis trichas,Common Yellowthroat,0.0357,D:/AcousticMonitoringData/ELDON2_Data/Week19\ELDON2_20250515_191800.wav
2238.0,2241.0,Sturnella magna,Eastern Meadowlark,0.2612,D:/AcousticMonitoringData/ELDON2_Data/Week19\ELDON2_20250515_191800.wav
2238.0,2241.0,Geothlypis trichas,Common Yellowthroat,0.0253,D:/AcousticMonitoringData/ELDON2_Data/Week19\ELDON2_20250515_191800.wav
2241.0,2244.0,Sturnella magna,Eastern Meadowlark,0.0286,D:/AcousticMonitoringData/ELDON2_Data/Week19\ELDON2_20250515_191800.wav
2247.0,2250.0,Geothlypis trichas,Common Yellowthroat,0.0160,D:/AcousticMonitoringData/ELDON2_Data/Week19\ELDON2_20250515_191800.wav
2250.0,2253.0,Sturnella magna,Eastern Meadowlark,0.0110,D:/AcousticMonitoringData/ELDON2_Data/Week19\ELDON2_20250515_191800.wav
2259.0,2262.0,Passerina caerulea,Blue Grosbeak,0.0110,D:/AcousticMonitoringData/ELDON2_Data/Week19\ELDON2_20250515_191800.wav
2262.0,2265.0,Sturnella magna,Eastern Meadowlark,0.0104,D:/AcousticMonitoringData/ELDON2_Data/Week19\ELDON2_20250515_191800.wav
2271.0,2274.0,Sturnella magna,Eastern Meadowlark,0.0118,D:/AcousticMonitoringData/ELDON2_Data/Week19\ELDON2_20250515_191800.wav
2271.0,2274.0,Passerina caerulea,Blue Grosbeak,0.0114,D:/AcousticMonitoringData/ELDON2_Data/Week19\ELDON2_20250515_191800.wav
2271.0,2274.0,Spizella pusilla,Field Sparrow,0.0103,D:/AcousticMonitoringData/ELDON2_Data/Week19\ELDON2_20250515_191800.wav
2274.0,2277.0,Sturnella magna,Eastern Meadowlark,0.0263,D:/AcousticMonitoringData/ELDON2_Data/Week19\ELDON2_20250515_191800.wav
2274.0,2277.0,Geothlypis trichas,Common Yellowthroat,0.0153,D:/AcousticMonitoringData/ELDON2_Data/Week19\ELDON2_20250515_191800.wav
2277.0,2280.0,Sturnella magna,Eastern Meadowlark,0.0264,D:/AcousticMonitoringData/ELDON2_Data/Week19\ELDON2_20250515_191800.wav
2280.0,2283.0,Passerina caerulea,Blue Grosbeak,0.0274,D:/AcousticMonitoringData/ELDON2_Data/Week19\ELDON2_20250515_191800.wav
2280.0,2283.0,Sturnella magna,Eastern Meadowlark,0.0102,D:/AcousticMonitoringData/ELDON2_Data/Week19\ELDON2_20250515_191800.wav
2283.0,2286.0,Sturnella magna,Eastern Meadowlark,0.0243,D:/AcousticMonitoringData/ELDON2_Data/Week19\ELDON2_20250515_191800.wav
2298.0,2301.0,Sturnella magna,Eastern Meadowlark,0.0106,D:/AcousticMonitoringData/ELDON2_Data/Week19\ELDON2_20250515_191800.wav
2304.0,2307.0,Bartramia longicauda,Upland Sandpiper,0.0459,D:/AcousticMonitoringData/ELDON2_Data/Week19\ELDON2_20250515_191800.wav
2304.0,2307.0,Geothlypis trichas,Common Yellowthroat,0.0230,D:/AcousticMonitoringData/ELDON2_Data/Week19\ELDON2_20250515_191800.wav
2304.0,2307.0,Sturnella magna,Eastern Meadowlark,0.0135,D:/AcousticMonitoringData/ELDON2_Data/Week19\ELDON2_20250515_191800.wav
2307.0,2310.0,Geothlypis trichas,Common Yellowthroat,0.0312,D:/AcousticMonitoringData/ELDON2_Data/Week19\ELDON2_20250515_191800.wav
2307.0,2310.0,Melospiza melodia,Song Sparrow,0.0138,D:/AcousticMonitoringData/ELDON2_Data/Week19\ELDON2_20250515_191800.wav
2313.0,2316.0,Sturnella magna,Eastern Meadowlark,0.0231,D:/AcousticMonitoringData/ELDON2_Data/Week19\ELDON2_20250515_191800.wav
2313.0,2316.0,Spizella pusilla,Field Sparrow,0.0144,D:/AcousticMonitoringData/ELDON2_Data/Week19\ELDON2_20250515_191800.wav
2316.0,2319.0,Sturnella magna,Eastern Meadowlark,0.8315,D:/AcousticMonitoringData/ELDON2_Data/Week19\ELDON2_20250515_191800.wav
2319.0,2322.0,Sturnella magna,Eastern Meadowlark,0.0121,D:/AcousticMonitoringData/ELDON2_Data/Week19\ELDON2_20250515_191800.wav
2322.0,2325.0,Sturnella magna,Eastern Meadowlark,0.3350,D:/AcousticMonitoringData/ELDON2_Data/Week19\ELDON2_20250515_191800.wav
2325.0,2328.0,Sturnella magna,Eastern Meadowlark,0.5866,D:/AcousticMonitoringData/ELDON2_Data/Week19\ELDON2_20250515_191800.wav
2328.0,2331.0,Sturnella magna,Eastern Meadowlark,0.2634,D:/AcousticMonitoringData/ELDON2_Data/Week19\ELDON2_20250515_191800.wav
2328.0,2331.0,Passerina caerulea,Blue Grosbeak,0.0118,D:/AcousticMonitoringData/ELDON2_Data/Week19\ELDON2_20250515_191800.wav
2331.0,2334.0,Sturnella magna,Eastern Meadowlark,0.1458,D:/AcousticMonitoringData/ELDON2_Data/Week19\ELDON2_20250515_191800.wav
2334.0,2337.0,Sturnella magna,Eastern Meadowlark,0.0612,D:/AcousticMonitoringData/ELDON2_Data/Week19\ELDON2_20250515_191800.wav
2337.0,2340.0,Sturnella magna,Eastern Meadowlark,0.3082,D:/AcousticMonitoringData/ELDON2_Data/Week19\ELDON2_20250515_191800.wav
2337.0,2340.0,Passerina caerulea,Blue Grosbeak,0.0118,D:/AcousticMonitoringData/ELDON2_Data/Week19\ELDON2_20250515_191800.wav
2337.0,2340.0,Spizella pusilla,Field Sparrow,0.0105,D:/AcousticMonitoringData/ELDON2_Data/Week19\ELDON2_20250515_191800.wav
2340.0,2343.0,Sturnella magna,Eastern Meadowlark,0.3774,D:/AcousticMonitoringData/ELDON2_Data/Week19\ELDON2_20250515_191800.wav
2343.0,2346.0,Sturnella magna,Eastern Meadowlark,0.1139,D:/AcousticMonitoringData/ELDON2_Data/Week19\ELDON2_20250515_191800.wav
2343.0,2346.0,Passerina caerulea,Blue Grosbeak,0.0534,D:/AcousticMonitoringData/ELDON2_Data/Week19\ELDON2_20250515_191800.wav
2346.0,2349.0,Sturnella magna,Eastern Meadowlark,0.3522,D:/AcousticMonitoringData/ELDON2_Data/Week19\ELDON2_20250515_191800.wav
2349.0,2352.0,Sturnella magna,Eastern Meadowlark,0.1702,D:/AcousticMonitoringData/ELDON2_Data/Week19\ELDON2_20250515_191800.wav
2349.0,2352.0,Bartramia longicauda,Upland Sandpiper,0.0179,D:/AcousticMonitoringData/ELDON2_Data/Week19\ELDON2_20250515_191800.wav
2352.0,2355.0,Sturnella magna,Eastern Meadowlark,0.0478,D:/AcousticMonitoringData/ELDON2_Data/Week19\ELDON2_20250515_191800.wav
2355.0,2358.0,Sturnella magna,Eastern Meadowlark,0.2921,D:/AcousticMonitoringData/ELDON2_Data/Week19\ELDON2_20250515_191800.wav
2358.0,2361.0,Sturnella magna,Eastern Meadowlark,0.3430,D:/AcousticMonitoringData/ELDON2_Data/Week19\ELDON2_20250515_191800.wav
2358.0,2361.0,Passerina caerulea,Blue Grosbeak,0.0261,D:/AcousticMonitoringData/ELDON2_Data/Week19\ELDON2_20250515_191800.wav
2358.0,2361.0,Geothlypis trichas,Common Yellowthroat,0.0169,D:/AcousticMonitoringData/ELDON2_Data/Week19\ELDON2_20250515_191800.wav
2358.0,2361.0,Spizella pusilla,Field Sparrow,0.0137,D:/AcousticMonitoringData/ELDON2_Data/Week19\ELDON2_20250515_191800.wav
2361.0,2364.0,Sturnella magna,Eastern Meadowlark,0.0613,D:/AcousticMonitoringData/ELDON2_Data/Week19\ELDON2_20250515_191800.wav
2364.0,2367.0,Sturnella magna,Eastern Meadowlark,0.2531,D:/AcousticMonitoringData/ELDON2_Data/Week19\ELDON2_20250515_191800.wav
2367.0,2370.0,Sturnella magna,Eastern Meadowlark,0.8540,D:/AcousticMonitoringData/ELDON2_Data/Week19\ELDON2_20250515_191800.wav
2367.0,2370.0,Passerina caerulea,Blue Grosbeak,0.0145,D:/AcousticMonitoringData/ELDON2_Data/Week19\ELDON2_20250515_191800.wav
2370.0,2373.0,Sturnella magna,Eastern Meadowlark,0.4066,D:/AcousticMonitoringData/ELDON2_Data/Week19\ELDON2_20250515_191800.wav
2370.0,2373.0,Spizella pusilla,Field Sparrow,0.0143,D:/AcousticMonitoringData/ELDON2_Data/Week19\ELDON2_20250515_191800.wav
2373.0,2376.0,Sturnella magna,Eastern Meadowlark,0.0371,D:/AcousticMonitoringData/ELDON2_Data/Week19\ELDON2_20250515_191800.wav
2373.0,2376.0,Spizella pusilla,Field Sparrow,0.0138,D:/AcousticMonitoringData/ELDON2_Data/Week19\ELDON2_20250515_191800.wav
2373.0,2376.0,Bartramia longicauda,Upland Sandpiper,0.0115,D:/AcousticMonitoringData/ELDON2_Data/Week19\ELDON2_20250515_191800.wav
2376.0,2379.0,Sturnella magna,Eastern Meadowlark,0.0550,D:/AcousticMonitoringData/ELDON2_Data/Week19\ELDON2_20250515_191800.wav
2379.0,2382.0,Sturnella magna,Eastern Meadowlark,0.7248,D:/AcousticMonitoringData/ELDON2_Data/Week19\ELDON2_20250515_191800.wav
2382.0,2385.0,Sturnella magna,Eastern Meadowlark,0.0285,D:/AcousticMonitoringData/ELDON2_Data/Week19\ELDON2_20250515_191800.wav
2385.0,2388.0,Sturnella magna,Eastern Meadowlark,0.0134,D:/AcousticMonitoringData/ELDON2_Data/Week19\ELDON2_20250515_191800.wav
2388.0,2391.0,Sturnella magna,Eastern Meadowlark,0.7864,D:/AcousticMonitoringData/ELDON2_Data/Week19\ELDON2_20250515_191800.wav
2388.0,2391.0,Passerina caerulea,Blue Grosbeak,0.0241,D:/AcousticMonitoringData/ELDON2_Data/Week19\ELDON2_20250515_191800.wav
2391.0,2394.0,Sturnella magna,Eastern Meadowlark,0.0221,D:/AcousticMonitoringData/ELDON2_Data/Week19\ELDON2_20250515_191800.wav
2394.0,2397.0,Sturnella magna,Eastern Meadowlark,0.8291,D:/AcousticMonitoringData/ELDON2_Data/Week19\ELDON2_20250515_191800.wav
2394.0,2397.0,Passerina caerulea,Blue Grosbeak,0.0142,D:/AcousticMonitoringData/ELDON2_Data/Week19\ELDON2_20250515_191800.wav
2397.0,2400.0,Geothlypis trichas,Common Yellowthroat,0.0101,D:/AcousticMonitoringData/ELDON2_Data/Week19\ELDON2_20250515_191800.wav
2400.0,2403.0,Sturnella magna,Eastern Meadowlark,0.7584,D:/AcousticMonitoringData/ELDON2_Data/Week19\ELDON2_20250515_191800.wav
2400.0,2403.0,Passerina caerulea,Blue Grosbeak,0.0149,D:/AcousticMonitoringData/ELDON2_Data/Week19\ELDON2_20250515_191800.wav
2403.0,2406.0,Sturnella magna,Eastern Meadowlark,0.3115,D:/AcousticMonitoringData/ELDON2_Data/Week19\ELDON2_20250515_191800.wav
2403.0,2406.0,Spizella pusilla,Field Sparrow,0.0209,D:/AcousticMonitoringData/ELDON2_Data/Week19\ELDON2_20250515_191800.wav
2403.0,2406.0,Geothlypis trichas,Common Yellowthroat,0.0119,D:/AcousticMonitoringData/ELDON2_Data/Week19\ELDON2_20250515_191800.wav
2406.0,2409.0,Passerina caerulea,Blue Grosbeak,0.0138,D:/AcousticMonitoringData/ELDON2_Data/Week19\ELDON2_20250515_191800.wav
2406.0,2409.0,Geothlypis trichas,Common Yellowthroat,0.0103,D:/AcousticMonitoringData/ELDON2_Data/Week19\ELDON2_20250515_191800.wav
2409.0,2412.0,Sturnella magna,Eastern Meadowlark,0.1296,D:/AcousticMonitoringData/ELDON2_Data/Week19\ELDON2_20250515_191800.wav
2409.0,2412.0,Spizella pusilla,Field Sparrow,0.0197,D:/AcousticMonitoringData/ELDON2_Data/Week19\ELDON2_20250515_191800.wav
2412.0,2415.0,Sturnella magna,Eastern Meadowlark,0.3842,D:/AcousticMonitoringData/ELDON2_Data/Week19\ELDON2_20250515_191800.wav
2412.0,2415.0,Passerina caerulea,Blue Grosbeak,0.0141,D:/AcousticMonitoringData/ELDON2_Data/Week19\ELDON2_20250515_191800.wav
2415.0,2418.0,Sturnella magna,Eastern Meadowlark,0.5849,D:/AcousticMonitoringData/ELDON2_Data/Week19\ELDON2_20250515_191800.wav
2415.0,2418.0,Spizella pusilla,Field Sparrow,0.0254,D:/AcousticMonitoringData/ELDON2_Data/Week19\ELDON2_20250515_191800.wav
2415.0,2418.0,Passerina caerulea,Blue Grosbeak,0.0234,D:/AcousticMonitoringData/ELDON2_Data/Week19\ELDON2_20250515_191800.wav
2418.0,2421.0,Sturnella magna,Eastern Meadowlark,0.7472,D:/AcousticMonitoringData/ELDON2_Data/Week19\ELDON2_20250515_191800.wav
2418.0,2421.0,Passerina caerulea,Blue Grosbeak,0.0195,D:/AcousticMonitoringData/ELDON2_Data/Week19\ELDON2_20250515_191800.wav
2421.0,2424.0,Sturnella magna,Eastern Meadowlark,0.0276,D:/AcousticMonitoringData/ELDON2_Data/Week19\ELDON2_20250515_191800.wav
2421.0,2424.0,Spizella pusilla,Field Sparrow,0.0101,D:/AcousticMonitoringData/ELDON2_Data/Week19\ELDON2_20250515_191800.wav
2424.0,2427.0,Sturnella magna,Eastern Meadowlark,0.7588,D:/AcousticMonitoringData/ELDON2_Data/Week19\ELDON2_20250515_191800.wav
2424.0,2427.0,Spizella pusilla,Field Sparrow,0.0105,D:/AcousticMonitoringData/ELDON2_Data/Week19\ELDON2_20250515_191800.wav
2427.0,2430.0,Sturnella magna,Eastern Meadowlark,0.1941,D:/AcousticMonitoringData/ELDON2_Data/Week19\ELDON2_20250515_191800.wav
2427.0,2430.0,Passerina caerulea,Blue Grosbeak,0.0113,D:/AcousticMonitoringData/ELDON2_Data/Week19\ELDON2_20250515_191800.wav
2430.0,2433.0,Sturnella magna,Eastern Meadowlark,0.2180,D:/AcousticMonitoringData/ELDON2_Data/Week19\ELDON2_20250515_191800.wav
2430.0,2433.0,Passerina caerulea,Blue Grosbeak,0.1148,D:/AcousticMonitoringData/ELDON2_Data/Week19\ELDON2_20250515_191800.wav
2433.0,2436.0,Sturnella magna,Eastern Meadowlark,0.4415,D:/AcousticMonitoringData/ELDON2_Data/Week19\ELDON2_20250515_191800.wav
2433.0,2436.0,Spizella pusilla,Field Sparrow,0.0148,D:/AcousticMonitoringData/ELDON2_Data/Week19\ELDON2_20250515_191800.wav
2433.0,2436.0,Geothlypis trichas,Common Yellowthroat,0.0113,D:/AcousticMonitoringData/ELDON2_Data/Week19\ELDON2_20250515_191800.wav
2436.0,2439.0,Sturnella magna,Eastern Meadowlark,0.7636,D:/AcousticMonitoringData/ELDON2_Data/Week19\ELDON2_20250515_191800.wav
2439.0,2442.0,Sturnella magna,Eastern Meadowlark,0.1160,D:/AcousticMonitoringData/ELDON2_Data/Week19\ELDON2_20250515_191800.wav
2442.0,2445.0,Sturnella magna,Eastern Meadowlark,0.8365,D:/AcousticMonitoringData/ELDON2_Data/Week19\ELDON2_20250515_191800.wav
2442.0,2445.0,Passerina caerulea,Blue Grosbeak,0.0304,D:/AcousticMonitoringData/ELDON2_Data/Week19\ELDON2_20250515_191800.wav
2442.0,2445.0,Spizella pusilla,Field Sparrow,0.0180,D:/AcousticMonitoringData/ELDON2_Data/Week19\ELDON2_20250515_191800.wav
2442.0,2445.0,Geothlypis trichas,Common Yellowthroat,0.0114,D:/AcousticMonitoringData/ELDON2_Data/Week19\ELDON2_20250515_191800.wav
2445.0,2448.0,Sturnella magna,Eastern Meadowlark,0.9146,D:/AcousticMonitoringData/ELDON2_Data/Week19\ELDON2_20250515_191800.wav
2445.0,2448.0,Passerina caerulea,Blue Grosbeak,0.0426,D:/AcousticMonitoringData/ELDON2_Data/Week19\ELDON2_20250515_191800.wav
2448.0,2451.0,Geothlypis trichas,Common Yellowthroat,0.0343,D:/AcousticMonitoringData/ELDON2_Data/Week19\ELDON2_20250515_191800.wav
2448.0,2451.0,Sturnella magna,Eastern Meadowlark,0.0319,D:/AcousticMonitoringData/ELDON2_Data/Week19\ELDON2_20250515_191800.wav
2448.0,2451.0,Spizella pusilla,Field Sparrow,0.0139,D:/AcousticMonitoringData/ELDON2_Data/Week19\ELDON2_20250515_191800.wav
2448.0,2451.0,Passerina caerulea,Blue Grosbeak,0.0117,D:/AcousticMonitoringData/ELDON2_Data/Week19\ELDON2_20250515_191800.wav
2451.0,2454.0,Sturnella magna,Eastern Meadowlark,0.8386,D:/AcousticMonitoringData/ELDON2_Data/Week19\ELDON2_20250515_191800.wav
2451.0,2454.0,Passerina caerulea,Blue Grosbeak,0.0458,D:/AcousticMonitoringData/ELDON2_Data/Week19\ELDON2_20250515_191800.wav
2451.0,2454.0,Geothlypis trichas,Common Yellowthroat,0.0256,D:/AcousticMonitoringData/ELDON2_Data/Week19\ELDON2_20250515_191800.wav
2451.0,2454.0,Melospiza melodia,Song Sparrow,0.0105,D:/AcousticMonitoringData/ELDON2_Data/Week19\ELDON2_20250515_191800.wav
2454.0,2457.0,Sturnella magna,Eastern Meadowlark,0.2015,D:/AcousticMonitoringData/ELDON2_Data/Week19\ELDON2_20250515_191800.wav
2454.0,2457.0,Spizella pusilla,Field Sparrow,0.0171,D:/AcousticMonitoringData/ELDON2_Data/Week19\ELDON2_20250515_191800.wav
2454.0,2457.0,Passerina caerulea,Blue Grosbeak,0.0163,D:/AcousticMonitoringData/ELDON2_Data/Week19\ELDON2_20250515_191800.wav
2454.0,2457.0,Geothlypis trichas,Common Yellowthroat,0.0104,D:/AcousticMonitoringData/ELDON2_Data/Week19\ELDON2_20250515_191800.wav
2457.0,2460.0,Sturnella magna,Eastern Meadowlark,0.6003,D:/AcousticMonitoringData/ELDON2_Data/Week19\ELDON2_20250515_191800.wav
2457.0,2460.0,Passerina caerulea,Blue Grosbeak,0.0422,D:/AcousticMonitoringData/ELDON2_Data/Week19\ELDON2_20250515_191800.wav
2457.0,2460.0,Spizella pusilla,Field Sparrow,0.0105,D:/AcousticMonitoringData/ELDON2_Data/Week19\ELDON2_20250515_191800.wav
2460.0,2463.0,Sturnella magna,Eastern Meadowlark,0.4093,D:/AcousticMonitoringData/ELDON2_Data/Week19\ELDON2_20250515_191800.wav
2460.0,2463.0,Passerina caerulea,Blue Grosbeak,0.0357,D:/AcousticMonitoringData/ELDON2_Data/Week19\ELDON2_20250515_191800.wav
2460.0,2463.0,Spizella pusilla,Field Sparrow,0.0218,D:/AcousticMonitoringData/ELDON2_Data/Week19\ELDON2_20250515_191800.wav
2463.0,2466.0,Sturnella magna,Eastern Meadowlark,0.6064,D:/AcousticMonitoringData/ELDON2_Data/Week19\ELDON2_20250515_191800.wav
2463.0,2466.0,Passerina caerulea,Blue Grosbeak,0.0133,D:/AcousticMonitoringData/ELDON2_Data/Week19\ELDON2_20250515_191800.wav
2466.0,2469.0,Geothlypis trichas,Common Yellowthroat,0.0262,D:/AcousticMonitoringData/ELDON2_Data/Week19\ELDON2_20250515_191800.wav
2466.0,2469.0,Spizella pusilla,Field Sparrow,0.0174,D:/AcousticMonitoringData/ELDON2_Data/Week19\ELDON2_20250515_191800.wav
2466.0,2469.0,Sturnella magna,Eastern Meadowlark,0.0168,D:/AcousticMonitoringData/ELDON2_Data/Week19\ELDON2_20250515_191800.wav
2466.0,2469.0,Passerina caerulea,Blue Grosbeak,0.0112,D:/AcousticMonitoringData/ELDON2_Data/Week19\ELDON2_20250515_191800.wav
2469.0,2472.0,Sturnella magna,Eastern Meadowlark,0.7883,D:/AcousticMonitoringData/ELDON2_Data/Week19\ELDON2_20250515_191800.wav
2469.0,2472.0,Geothlypis trichas,Common Yellowthroat,0.0190,D:/AcousticMonitoringData/ELDON2_Data/Week19\ELDON2_20250515_191800.wav
2469.0,2472.0,Passerina caerulea,Blue Grosbeak,0.0141,D:/AcousticMonitoringData/ELDON2_Data/Week19\ELDON2_20250515_191800.wav
2472.0,2475.0,Sturnella magna,Eastern Meadowlark,0.2678,D:/AcousticMonitoringData/ELDON2_Data/Week19\ELDON2_20250515_191800.wav
2472.0,2475.0,Passerina caerulea,Blue Grosbeak,0.0169,D:/AcousticMonitoringData/ELDON2_Data/Week19\ELDON2_20250515_191800.wav
2475.0,2478.0,Sturnella magna,Eastern Meadowlark,0.2694,D:/AcousticMonitoringData/ELDON2_Data/Week19\ELDON2_20250515_191800.wav
2475.0,2478.0,Melospiza melodia,Song Sparrow,0.0106,D:/AcousticMonitoringData/ELDON2_Data/Week19\ELDON2_20250515_191800.wav
2478.0,2481.0,Geothlypis trichas,Common Yellowthroat,0.0219,D:/AcousticMonitoringData/ELDON2_Data/Week19\ELDON2_20250515_191800.wav
2481.0,2484.0,Sturnella magna,Eastern Meadowlark,0.2778,D:/AcousticMonitoringData/ELDON2_Data/Week19\ELDON2_20250515_191800.wav
2481.0,2484.0,Geothlypis trichas,Common Yellowthroat,0.0267,D:/AcousticMonitoringData/ELDON2_Data/Week19\ELDON2_20250515_191800.wav
2481.0,2484.0,Passerina caerulea,Blue Grosbeak,0.0154,D:/AcousticMonitoringData/ELDON2_Data/Week19\ELDON2_20250515_191800.wav
2481.0,2484.0,Spizella pusilla,Field Sparrow,0.0106,D:/AcousticMonitoringData/ELDON2_Data/Week19\ELDON2_20250515_191800.wav
2484.0,2487.0,Passerina caerulea,Blue Grosbeak,0.0508,D:/AcousticMonitoringData/ELDON2_Data/Week19\ELDON2_20250515_191800.wav
2484.0,2487.0,Sturnella magna,Eastern Meadowlark,0.0448,D:/AcousticMonitoringData/ELDON2_Data/Week19\ELDON2_20250515_191800.wav
2487.0,2490.0,Sturnella magna,Eastern Meadowlark,0.6594,D:/AcousticMonitoringData/ELDON2_Data/Week19\ELDON2_20250515_191800.wav
2487.0,2490.0,Passerina caerulea,Blue Grosbeak,0.0254,D:/AcousticMonitoringData/ELDON2_Data/Week19\ELDON2_20250515_191800.wav
2490.0,2493.0,Sturnella magna,Eastern Meadowlark,0.6583,D:/AcousticMonitoringData/ELDON2_Data/Week19\ELDON2_20250515_191800.wav
2490.0,2493.0,Passerina caerulea,Blue Grosbeak,0.0612,D:/AcousticMonitoringData/ELDON2_Data/Week19\ELDON2_20250515_191800.wav
2490.0,2493.0,Spizella pusilla,Field Sparrow,0.0117,D:/AcousticMonitoringData/ELDON2_Data/Week19\ELDON2_20250515_191800.wav
2493.0,2496.0,Sturnella magna,Eastern Meadowlark,0.4641,D:/AcousticMonitoringData/ELDON2_Data/Week19\ELDON2_20250515_191800.wav
2493.0,2496.0,Bartramia longicauda,Upland Sandpiper,0.0299,D:/AcousticMonitoringData/ELDON2_Data/Week19\ELDON2_20250515_191800.wav
2493.0,2496.0,Passerina caerulea,Blue Grosbeak,0.0265,D:/AcousticMonitoringData/ELDON2_Data/Week19\ELDON2_20250515_191800.wav
2496.0,2499.0,Sturnella magna,Eastern Meadowlark,0.0518,D:/AcousticMonitoringData/ELDON2_Data/Week19\ELDON2_20250515_191800.wav
2496.0,2499.0,Spizella pusilla,Field Sparrow,0.0183,D:/AcousticMonitoringData/ELDON2_Data/Week19\ELDON2_20250515_191800.wav
2496.0,2499.0,Passerina caerulea,Blue Grosbeak,0.0133,D:/AcousticMonitoringData/ELDON2_Data/Week19\ELDON2_20250515_191800.wav
2499.0,2502.0,Sturnella magna,Eastern Meadowlark,0.2558,D:/AcousticMonitoringData/ELDON2_Data/Week19\ELDON2_20250515_191800.wav
2499.0,2502.0,Passerina caerulea,Blue Grosbeak,0.0769,D:/AcousticMonitoringData/ELDON2_Data/Week19\ELDON2_20250515_191800.wav
2499.0,2502.0,Spizella pusilla,Field Sparrow,0.0199,D:/AcousticMonitoringData/ELDON2_Data/Week19\ELDON2_20250515_191800.wav
2502.0,2505.0,Passerina caerulea,Blue Grosbeak,0.0330,D:/AcousticMonitoringData/ELDON2_Data/Week19\ELDON2_20250515_191800.wav
2502.0,2505.0,Sturnella magna,Eastern Meadowlark,0.0140,D:/AcousticMonitoringData/ELDON2_Data/Week19\ELDON2_20250515_191800.wav
2505.0,2508.0,Sturnella magna,Eastern Meadowlark,0.6098,D:/AcousticMonitoringData/ELDON2_Data/Week19\ELDON2_20250515_191800.wav
2505.0,2508.0,Passerina caerulea,Blue Grosbeak,0.0208,D:/AcousticMonitoringData/ELDON2_Data/Week19\ELDON2_20250515_191800.wav
2505.0,2508.0,Bartramia longicauda,Upland Sandpiper,0.0140,D:/AcousticMonitoringData/ELDON2_Data/Week19\ELDON2_20250515_191800.wav
2508.0,2511.0,Sturnella magna,Eastern Meadowlark,0.2414,D:/AcousticMonitoringData/ELDON2_Data/Week19\ELDON2_20250515_191800.wav
2508.0,2511.0,Spizella pusilla,Field Sparrow,0.0476,D:/AcousticMonitoringData/ELDON2_Data/Week19\ELDON2_20250515_191800.wav
2508.0,2511.0,Passerina caerulea,Blue Grosbeak,0.0279,D:/AcousticMonitoringData/ELDON2_Data/Week19\ELDON2_20250515_191800.wav
2508.0,2511.0,Bartramia longicauda,Upland Sandpiper,0.0111,D:/AcousticMonitoringData/ELDON2_Data/Week19\ELDON2_20250515_191800.wav
2511.0,2514.0,Geothlypis trichas,Common Yellowthroat,0.0291,D:/AcousticMonitoringData/ELDON2_Data/Week19\ELDON2_20250515_191800.wav
2514.0,2517.0,Sturnella magna,Eastern Meadowlark,0.0728,D:/AcousticMonitoringData/ELDON2_Data/Week19\ELDON2_20250515_191800.wav
2517.0,2520.0,Sturnella magna,Eastern Meadowlark,0.2921,D:/AcousticMonitoringData/ELDON2_Data/Week19\ELDON2_20250515_191800.wav
2520.0,2523.0,Geothlypis trichas,Common Yellowthroat,0.0277,D:/AcousticMonitoringData/ELDON2_Data/Week19\ELDON2_20250515_191800.wav
2520.0,2523.0,Melospiza melodia,Song Sparrow,0.0265,D:/AcousticMonitoringData/ELDON2_Data/Week19\ELDON2_20250515_191800.wav
2520.0,2523.0,Spizella pusilla,Field Sparrow,0.0123,D:/AcousticMonitoringData/ELDON2_Data/Week19\ELDON2_20250515_191800.wav
2523.0,2526.0,Sturnella magna,Eastern Meadowlark,0.6552,D:/AcousticMonitoringData/ELDON2_Data/Week19\ELDON2_20250515_191800.wav
2523.0,2526.0,Passerina caerulea,Blue Grosbeak,0.0187,D:/AcousticMonitoringData/ELDON2_Data/Week19\ELDON2_20250515_191800.wav
2523.0,2526.0,Melospiza melodia,Song Sparrow,0.0135,D:/AcousticMonitoringData/ELDON2_Data/Week19\ELDON2_20250515_191800.wav
2523.0,2526.0,Spizella pusilla,Field Sparrow,0.0116,D:/AcousticMonitoringData/ELDON2_Data/Week19\ELDON2_20250515_191800.wav
2523.0,2526.0,Geothlypis trichas,Common Yellowthroat,0.0115,D:/AcousticMonitoringData/ELDON2_Data/Week19\ELDON2_20250515_191800.wav
2526.0,2529.0,Passerina caerulea,Blue Grosbeak,0.0482,D:/AcousticMonitoringData/ELDON2_Data/Week19\ELDON2_20250515_191800.wav
2526.0,2529.0,Sturnella magna,Eastern Meadowlark,0.0128,D:/AcousticMonitoringData/ELDON2_Data/Week19\ELDON2_20250515_191800.wav
2526.0,2529.0,Geothlypis trichas,Common Yellowthroat,0.0108,D:/AcousticMonitoringData/ELDON2_Data/Week19\ELDON2_20250515_191800.wav
2529.0,2532.0,Geothlypis trichas,Common Yellowthroat,0.0287,D:/AcousticMonitoringData/ELDON2_Data/Week19\ELDON2_20250515_191800.wav
2529.0,2532.0,Melospiza melodia,Song Sparrow,0.0145,D:/AcousticMonitoringData/ELDON2_Data/Week19\ELDON2_20250515_191800.wav
2529.0,2532.0,Sturnella magna,Eastern Meadowlark,0.0103,D:/AcousticMonitoringData/ELDON2_Data/Week19\ELDON2_20250515_191800.wav
2532.0,2535.0,Sturnella magna,Eastern Meadowlark,0.6889,D:/AcousticMonitoringData/ELDON2_Data/Week19\ELDON2_20250515_191800.wav
2532.0,2535.0,Spizella pusilla,Field Sparrow,0.0388,D:/AcousticMonitoringData/ELDON2_Data/Week19\ELDON2_20250515_191800.wav
2532.0,2535.0,Passerina caerulea,Blue Grosbeak,0.0264,D:/AcousticMonitoringData/ELDON2_Data/Week19\ELDON2_20250515_191800.wav
2535.0,2538.0,Sturnella magna,Eastern Meadowlark,0.3423,D:/AcousticMonitoringData/ELDON2_Data/Week19\ELDON2_20250515_191800.wav
2535.0,2538.0,Geothlypis trichas,Common Yellowthroat,0.0695,D:/AcousticMonitoringData/ELDON2_Data/Week19\ELDON2_20250515_191800.wav
2535.0,2538.0,Passerina caerulea,Blue Grosbeak,0.0377,D:/AcousticMonitoringData/ELDON2_Data/Week19\ELDON2_20250515_191800.wav
2535.0,2538.0,Melospiza melodia,Song Sparrow,0.0108,D:/AcousticMonitoringData/ELDON2_Data/Week19\ELDON2_20250515_191800.wav
2538.0,2541.0,Geothlypis trichas,Common Yellowthroat,0.0477,D:/AcousticMonitoringData/ELDON2_Data/Week19\ELDON2_20250515_191800.wav
2538.0,2541.0,Sturnella magna,Eastern Meadowlark,0.0271,D:/AcousticMonitoringData/ELDON2_Data/Week19\ELDON2_20250515_191800.wav
2541.0,2544.0,Sturnella magna,Eastern Meadowlark,0.2373,D:/AcousticMonitoringData/ELDON2_Data/Week19\ELDON2_20250515_191800.wav
2541.0,2544.0,Geothlypis trichas,Common Yellowthroat,0.0163,D:/AcousticMonitoringData/ELDON2_Data/Week19\ELDON2_20250515_191800.wav
2541.0,2544.0,Passerina caerulea,Blue Grosbeak,0.0115,D:/AcousticMonitoringData/ELDON2_Data/Week19\ELDON2_20250515_191800.wav
2544.0,2547.0,Geothlypis trichas,Common Yellowthroat,0.0155,D:/AcousticMonitoringData/ELDON2_Data/Week19\ELDON2_20250515_191800.wav
2547.0,2550.0,Sturnella magna,Eastern Meadowlark,0.2885,D:/AcousticMonitoringData/ELDON2_Data/Week19\ELDON2_20250515_191800.wav
2547.0,2550.0,Spizella pusilla,Field Sparrow,0.0141,D:/AcousticMonitoringData/ELDON2_Data/Week19\ELDON2_20250515_191800.wav
2550.0,2553.0,Geothlypis trichas,Common Yellowthroat,0.0225,D:/AcousticMonitoringData/ELDON2_Data/Week19\ELDON2_20250515_191800.wav
2550.0,2553.0,Passerina caerulea,Blue Grosbeak,0.0215,D:/AcousticMonitoringData/ELDON2_Data/Week19\ELDON2_20250515_191800.wav
2550.0,2553.0,Sturnella magna,Eastern Meadowlark,0.0137,D:/AcousticMonitoringData/ELDON2_Data/Week19\ELDON2_20250515_191800.wav
2553.0,2556.0,Sturnella magna,Eastern Meadowlark,0.8875,D:/AcousticMonitoringData/ELDON2_Data/Week19\ELDON2_20250515_191800.wav
2553.0,2556.0,Passerina caerulea,Blue Grosbeak,0.0433,D:/AcousticMonitoringData/ELDON2_Data/Week19\ELDON2_20250515_191800.wav
2553.0,2556.0,Geothlypis trichas,Common Yellowthroat,0.0260,D:/AcousticMonitoringData/ELDON2_Data/Week19\ELDON2_20250515_191800.wav
2553.0,2556.0,Spizella pusilla,Field Sparrow,0.0165,D:/AcousticMonitoringData/ELDON2_Data/Week19\ELDON2_20250515_191800.wav
2556.0,2559.0,Sturnella magna,Eastern Meadowlark,0.1906,D:/AcousticMonitoringData/ELDON2_Data/Week19\ELDON2_20250515_191800.wav
2556.0,2559.0,Passerina caerulea,Blue Grosbeak,0.0538,D:/AcousticMonitoringData/ELDON2_Data/Week19\ELDON2_20250515_191800.wav
2559.0,2562.0,Sturnella magna,Eastern Meadowlark,0.0944,D:/AcousticMonitoringData/ELDON2_Data/Week19\ELDON2_20250515_191800.wav
2559.0,2562.0,Passerina caerulea,Blue Grosbeak,0.0344,D:/AcousticMonitoringData/ELDON2_Data/Week19\ELDON2_20250515_191800.wav
2562.0,2565.0,Sturnella magna,Eastern Meadowlark,0.2217,D:/AcousticMonitoringData/ELDON2_Data/Week19\ELDON2_20250515_191800.wav
2562.0,2565.0,Passerina caerulea,Blue Grosbeak,0.0163,D:/AcousticMonitoringData/ELDON2_Data/Week19\ELDON2_20250515_191800.wav
2562.0,2565.0,Geothlypis trichas,Common Yellowthroat,0.0133,D:/AcousticMonitoringData/ELDON2_Data/Week19\ELDON2_20250515_191800.wav
2565.0,2568.0,Sturnella magna,Eastern Meadowlark,0.0850,D:/AcousticMonitoringData/ELDON2_Data/Week19\ELDON2_20250515_191800.wav
2565.0,2568.0,Passerina caerulea,Blue Grosbeak,0.0134,D:/AcousticMonitoringData/ELDON2_Data/Week19\ELDON2_20250515_191800.wav
2568.0,2571.0,Sturnella magna,Eastern Meadowlark,0.1860,D:/AcousticMonitoringData/ELDON2_Data/Week19\ELDON2_20250515_191800.wav
2568.0,2571.0,Passerina caerulea,Blue Grosbeak,0.0196,D:/AcousticMonitoringData/ELDON2_Data/Week19\ELDON2_20250515_191800.wav
2571.0,2574.0,Passerina caerulea,Blue Grosbeak,0.0369,D:/AcousticMonitoringData/ELDON2_Data/Week19\ELDON2_20250515_191800.wav
2571.0,2574.0,Sturnella magna,Eastern Meadowlark,0.0128,D:/AcousticMonitoringData/ELDON2_Data/Week19\ELDON2_20250515_191800.wav
2574.0,2577.0,Sturnella magna,Eastern Meadowlark,0.8020,D:/AcousticMonitoringData/ELDON2_Data/Week19\ELDON2_20250515_191800.wav
2574.0,2577.0,Passerina caerulea,Blue Grosbeak,0.0114,D:/AcousticMonitoringData/ELDON2_Data/Week19\ELDON2_20250515_191800.wav
2577.0,2580.0,Geothlypis trichas,Common Yellowthroat,0.0114,D:/AcousticMonitoringData/ELDON2_Data/Week19\ELDON2_20250515_191800.wav
2580.0,2583.0,Sturnella magna,Eastern Meadowlark,0.4684,D:/AcousticMonitoringData/ELDON2_Data/Week19\ELDON2_20250515_191800.wav
2580.0,2583.0,Passerina caerulea,Blue Grosbeak,0.0133,D:/AcousticMonitoringData/ELDON2_Data/Week19\ELDON2_20250515_191800.wav
2583.0,2586.0,Sturnella magna,Eastern Meadowlark,0.0689,D:/AcousticMonitoringData/ELDON2_Data/Week19\ELDON2_20250515_191800.wav
2583.0,2586.0,Geothlypis trichas,Common Yellowthroat,0.0151,D:/AcousticMonitoringData/ELDON2_Data/Week19\ELDON2_20250515_191800.wav
2583.0,2586.0,Passerina caerulea,Blue Grosbeak,0.0103,D:/AcousticMonitoringData/ELDON2_Data/Week19\ELDON2_20250515_191800.wav
2586.0,2589.0,Sturnella magna,Eastern Meadowlark,0.0956,D:/AcousticMonitoringData/ELDON2_Data/Week19\ELDON2_20250515_191800.wav
2586.0,2589.0,Passerina caerulea,Blue Grosbeak,0.0128,D:/AcousticMonitoringData/ELDON2_Data/Week19\ELDON2_20250515_191800.wav
2589.0,2592.0,Sturnella magna,Eastern Meadowlark,0.0792,D:/AcousticMonitoringData/ELDON2_Data/Week19\ELDON2_20250515_191800.wav
2589.0,2592.0,Geothlypis trichas,Common Yellowthroat,0.0134,D:/AcousticMonitoringData/ELDON2_Data/Week19\ELDON2_20250515_191800.wav
2592.0,2595.0,Sturnella magna,Eastern Meadowlark,0.5445,D:/AcousticMonitoringData/ELDON2_Data/Week19\ELDON2_20250515_191800.wav
2595.0,2598.0,Sturnella magna,Eastern Meadowlark,0.1581,D:/AcousticMonitoringData/ELDON2_Data/Week19\ELDON2_20250515_191800.wav
2595.0,2598.0,Passerina caerulea,Blue Grosbeak,0.0407,D:/AcousticMonitoringData/ELDON2_Data/Week19\ELDON2_20250515_191800.wav
2595.0,2598.0,Geothlypis trichas,Common Yellowthroat,0.0296,D:/AcousticMonitoringData/ELDON2_Data/Week19\ELDON2_20250515_191800.wav
2598.0,2601.0,Sturnella magna,Eastern Meadowlark,0.7590,D:/AcousticMonitoringData/ELDON2_Data/Week19\ELDON2_20250515_191800.wav
2598.0,2601.0,Passerina caerulea,Blue Grosbeak,0.0111,D:/AcousticMonitoringData/ELDON2_Data/Week19\ELDON2_20250515_191800.wav
2601.0,2604.0,Sturnella magna,Eastern Meadowlark,0.1106,D:/AcousticMonitoringData/ELDON2_Data/Week19\ELDON2_20250515_191800.wav
2601.0,2604.0,Geothlypis trichas,Common Yellowthroat,0.0109,D:/AcousticMonitoringData/ELDON2_Data/Week19\ELDON2_20250515_191800.wav
2604.0,2607.0,Sturnella magna,Eastern Meadowlark,0.3107,D:/AcousticMonitoringData/ELDON2_Data/Week19\ELDON2_20250515_191800.wav
2607.0,2610.0,Sturnella magna,Eastern Meadowlark,0.1065,D:/AcousticMonitoringData/ELDON2_Data/Week19\ELDON2_20250515_191800.wav
2607.0,2610.0,Passerina caerulea,Blue Grosbeak,0.0279,D:/AcousticMonitoringData/ELDON2_Data/Week19\ELDON2_20250515_191800.wav
2610.0,2613.0,Sturnella magna,Eastern Meadowlark,0.3918,D:/AcousticMonitoringData/ELDON2_Data/Week19\ELDON2_20250515_191800.wav
2613.0,2616.0,Sturnella magna,Eastern Meadowlark,0.1353,D:/AcousticMonitoringData/ELDON2_Data/Week19\ELDON2_20250515_191800.wav
2613.0,2616.0,Bartramia longicauda,Upland Sandpiper,0.0141,D:/AcousticMonitoringData/ELDON2_Data/Week19\ELDON2_20250515_191800.wav
2616.0,2619.0,Sturnella magna,Eastern Meadowlark,0.0299,D:/AcousticMonitoringData/ELDON2_Data/Week19\ELDON2_20250515_191800.wav
2616.0,2619.0,Passerina caerulea,Blue Grosbeak,0.0153,D:/AcousticMonitoringData/ELDON2_Data/Week19\ELDON2_20250515_191800.wav
2619.0,2622.0,Sturnella magna,Eastern Meadowlark,0.2550,D:/AcousticMonitoringData/ELDON2_Data/Week19\ELDON2_20250515_191800.wav
2619.0,2622.0,Geothlypis trichas,Common Yellowthroat,0.0346,D:/AcousticMonitoringData/ELDON2_Data/Week19\ELDON2_20250515_191800.wav
2619.0,2622.0,Passerina caerulea,Blue Grosbeak,0.0152,D:/AcousticMonitoringData/ELDON2_Data/Week19\ELDON2_20250515_191800.wav
2622.0,2625.0,Geothlypis trichas,Common Yellowthroat,0.0440,D:/AcousticMonitoringData/ELDON2_Data/Week19\ELDON2_20250515_191800.wav
2622.0,2625.0,Sturnella magna,Eastern Meadowlark,0.0265,D:/AcousticMonitoringData/ELDON2_Data/Week19\ELDON2_20250515_191800.wav
2625.0,2628.0,Geothlypis trichas,Common Yellowthroat,0.0149,D:/AcousticMonitoringData/ELDON2_Data/Week19\ELDON2_20250515_191800.wav
2625.0,2628.0,Sturnella magna,Eastern Meadowlark,0.0106,D:/AcousticMonitoringData/ELDON2_Data/Week19\ELDON2_20250515_191800.wav
2628.0,2631.0,Sturnella magna,Eastern Meadowlark,0.6805,D:/AcousticMonitoringData/ELDON2_Data/Week19\ELDON2_20250515_191800.wav
2628.0,2631.0,Passerina caerulea,Blue Grosbeak,0.0241,D:/AcousticMonitoringData/ELDON2_Data/Week19\ELDON2_20250515_191800.wav
2631.0,2634.0,Sturnella magna,Eastern Meadowlark,0.0286,D:/AcousticMonitoringData/ELDON2_Data/Week19\ELDON2_20250515_191800.wav
2631.0,2634.0,Passerina caerulea,Blue Grosbeak,0.0185,D:/AcousticMonitoringData/ELDON2_Data/Week19\ELDON2_20250515_191800.wav
2634.0,2637.0,Sturnella magna,Eastern Meadowlark,0.0220,D:/AcousticMonitoringData/ELDON2_Data/Week19\ELDON2_20250515_191800.wav
2634.0,2637.0,Geothlypis trichas,Common Yellowthroat,0.0192,D:/AcousticMonitoringData/ELDON2_Data/Week19\ELDON2_20250515_191800.wav
2634.0,2637.0,Passerina caerulea,Blue Grosbeak,0.0120,D:/AcousticMonitoringData/ELDON2_Data/Week19\ELDON2_20250515_191800.wav
2637.0,2640.0,Sturnella magna,Eastern Meadowlark,0.4156,D:/AcousticMonitoringData/ELDON2_Data/Week19\ELDON2_20250515_191800.wav
2637.0,2640.0,Spizella pusilla,Field Sparrow,0.0145,D:/AcousticMonitoringData/ELDON2_Data/Week19\ELDON2_20250515_191800.wav
2637.0,2640.0,Passerina caerulea,Blue Grosbeak,0.0113,D:/AcousticMonitoringData/ELDON2_Data/Week19\ELDON2_20250515_191800.wav
2640.0,2643.0,Geothlypis trichas,Common Yellowthroat,0.0239,D:/AcousticMonitoringData/ELDON2_Data/Week19\ELDON2_20250515_191800.wav
2640.0,2643.0,Sturnella magna,Eastern Meadowlark,0.0154,D:/AcousticMonitoringData/ELDON2_Data/Week19\ELDON2_20250515_191800.wav
2643.0,2646.0,Sturnella magna,Eastern Meadowlark,0.5075,D:/AcousticMonitoringData/ELDON2_Data/Week19\ELDON2_20250515_191800.wav
2643.0,2646.0,Passerina caerulea,Blue Grosbeak,0.0373,D:/AcousticMonitoringData/ELDON2_Data/Week19\ELDON2_20250515_191800.wav
2646.0,2649.0,Sturnella magna,Eastern Meadowlark,0.0315,D:/AcousticMonitoringData/ELDON2_Data/Week19\ELDON2_20250515_191800.wav
2646.0,2649.0,Geothlypis trichas,Common Yellowthroat,0.0146,D:/AcousticMonitoringData/ELDON2_Data/Week19\ELDON2_20250515_191800.wav
2646.0,2649.0,Passerina caerulea,Blue Grosbeak,0.0119,D:/AcousticMonitoringData/ELDON2_Data/Week19\ELDON2_20250515_191800.wav
2649.0,2652.0,Sturnella magna,Eastern Meadowlark,0.0423,D:/AcousticMonitoringData/ELDON2_Data/Week19\ELDON2_20250515_191800.wav
2649.0,2652.0,Geothlypis trichas,Common Yellowthroat,0.0374,D:/AcousticMonitoringData/ELDON2_Data/Week19\ELDON2_20250515_191800.wav
2649.0,2652.0,Passerina caerulea,Blue Grosbeak,0.0239,D:/AcousticMonitoringData/ELDON2_Data/Week19\ELDON2_20250515_191800.wav
2652.0,2655.0,Sturnella magna,Eastern Meadowlark,0.0682,D:/AcousticMonitoringData/ELDON2_Data/Week19\ELDON2_20250515_191800.wav
2652.0,2655.0,Passerina caerulea,Blue Grosbeak,0.0136,D:/AcousticMonitoringData/ELDON2_Data/Week19\ELDON2_20250515_191800.wav
2655.0,2658.0,Sturnella magna,Eastern Meadowlark,0.6397,D:/AcousticMonitoringData/ELDON2_Data/Week19\ELDON2_20250515_191800.wav
2655.0,2658.0,Passerina caerulea,Blue Grosbeak,0.0182,D:/AcousticMonitoringData/ELDON2_Data/Week19\ELDON2_20250515_191800.wav
2658.0,2661.0,Sturnella magna,Eastern Meadowlark,0.7194,D:/AcousticMonitoringData/ELDON2_Data/Week19\ELDON2_20250515_191800.wav
2658.0,2661.0,Passerina caerulea,Blue Grosbeak,0.0196,D:/AcousticMonitoringData/ELDON2_Data/Week19\ELDON2_20250515_191800.wav
2661.0,2664.0,Geothlypis trichas,Common Yellowthroat,0.0141,D:/AcousticMonitoringData/ELDON2_Data/Week19\ELDON2_20250515_191800.wav
2661.0,2664.0,Sturnella magna,Eastern Meadowlark,0.0111,D:/AcousticMonitoringData/ELDON2_Data/Week19\ELDON2_20250515_191800.wav
2664.0,2667.0,Sturnella magna,Eastern Meadowlark,0.5202,D:/AcousticMonitoringData/ELDON2_Data/Week19\ELDON2_20250515_191800.wav
2664.0,2667.0,Passerina caerulea,Blue Grosbeak,0.0155,D:/AcousticMonitoringData/ELDON2_Data/Week19\ELDON2_20250515_191800.wav
2670.0,2673.0,Sturnella magna,Eastern Meadowlark,0.1190,D:/AcousticMonitoringData/ELDON2_Data/Week19\ELDON2_20250515_191800.wav
2670.0,2673.0,Passerina caerulea,Blue Grosbeak,0.0175,D:/AcousticMonitoringData/ELDON2_Data/Week19\ELDON2_20250515_191800.wav
2673.0,2676.0,Geothlypis trichas,Common Yellowthroat,0.0200,D:/AcousticMonitoringData/ELDON2_Data/Week19\ELDON2_20250515_191800.wav
2676.0,2679.0,Sturnella magna,Eastern Meadowlark,0.6608,D:/AcousticMonitoringData/ELDON2_Data/Week19\ELDON2_20250515_191800.wav
2676.0,2679.0,Passerina caerulea,Blue Grosbeak,0.0153,D:/AcousticMonitoringData/ELDON2_Data/Week19\ELDON2_20250515_191800.wav
2679.0,2682.0,Geothlypis trichas,Common Yellowthroat,0.0264,D:/AcousticMonitoringData/ELDON2_Data/Week19\ELDON2_20250515_191800.wav
2682.0,2685.0,Sturnella magna,Eastern Meadowlark,0.1765,D:/AcousticMonitoringData/ELDON2_Data/Week19\ELDON2_20250515_191800.wav
2682.0,2685.0,Geothlypis trichas,Common Yellowthroat,0.0261,D:/AcousticMonitoringData/ELDON2_Data/Week19\ELDON2_20250515_191800.wav
2685.0,2688.0,Geothlypis trichas,Common Yellowthroat,0.0340,D:/AcousticMonitoringData/ELDON2_Data/Week19\ELDON2_20250515_191800.wav
2685.0,2688.0,Sturnella magna,Eastern Meadowlark,0.0123,D:/AcousticMonitoringData/ELDON2_Data/Week19\ELDON2_20250515_191800.wav
2688.0,2691.0,Sturnella magna,Eastern Meadowlark,0.8813,D:/AcousticMonitoringData/ELDON2_Data/Week19\ELDON2_20250515_191800.wav
2688.0,2691.0,Passerina caerulea,Blue Grosbeak,0.0314,D:/AcousticMonitoringData/ELDON2_Data/Week19\ELDON2_20250515_191800.wav
2691.0,2694.0,Sturnella magna,Eastern Meadowlark,0.0556,D:/AcousticMonitoringData/ELDON2_Data/Week19\ELDON2_20250515_191800.wav
2691.0,2694.0,Passerina caerulea,Blue Grosbeak,0.0484,D:/AcousticMonitoringData/ELDON2_Data/Week19\ELDON2_20250515_191800.wav
2691.0,2694.0,Geothlypis trichas,Common Yellowthroat,0.0230,D:/AcousticMonitoringData/ELDON2_Data/Week19\ELDON2_20250515_191800.wav
2694.0,2697.0,Sturnella magna,Eastern Meadowlark,0.1782,D:/AcousticMonitoringData/ELDON2_Data/Week19\ELDON2_20250515_191800.wav
2697.0,2700.0,Sturnella magna,Eastern Meadowlark,0.5006,D:/AcousticMonitoringData/ELDON2_Data/Week19\ELDON2_20250515_191800.wav
2697.0,2700.0,Geothlypis trichas,Common Yellowthroat,0.0149,D:/AcousticMonitoringData/ELDON2_Data/Week19\ELDON2_20250515_191800.wav
2697.0,2700.0,Passerina caerulea,Blue Grosbeak,0.0145,D:/AcousticMonitoringData/ELDON2_Data/Week19\ELDON2_20250515_191800.wav
2700.0,2703.0,Eremophila alpestris,Horned Lark,0.0175,D:/AcousticMonitoringData/ELDON2_Data/Week19\ELDON2_20250515_191800.wav
2700.0,2703.0,Geothlypis trichas,Common Yellowthroat,0.0128,D:/AcousticMonitoringData/ELDON2_Data/Week19\ELDON2_20250515_191800.wav
2703.0,2706.0,Sturnella magna,Eastern Meadowlark,0.6112,D:/AcousticMonitoringData/ELDON2_Data/Week19\ELDON2_20250515_191800.wav
2703.0,2706.0,Passerina caerulea,Blue Grosbeak,0.0752,D:/AcousticMonitoringData/ELDON2_Data/Week19\ELDON2_20250515_191800.wav
2706.0,2709.0,Sturnella magna,Eastern Meadowlark,0.3518,D:/AcousticMonitoringData/ELDON2_Data/Week19\ELDON2_20250515_191800.wav
2706.0,2709.0,Passerina caerulea,Blue Grosbeak,0.0167,D:/AcousticMonitoringData/ELDON2_Data/Week19\ELDON2_20250515_191800.wav
2712.0,2715.0,Sturnella magna,Eastern Meadowlark,0.2121,D:/AcousticMonitoringData/ELDON2_Data/Week19\ELDON2_20250515_191800.wav
2712.0,2715.0,Passerina caerulea,Blue Grosbeak,0.0759,D:/AcousticMonitoringData/ELDON2_Data/Week19\ELDON2_20250515_191800.wav
2718.0,2721.0,Sturnella magna,Eastern Meadowlark,0.7889,D:/AcousticMonitoringData/ELDON2_Data/Week19\ELDON2_20250515_191800.wav
2718.0,2721.0,Passerina caerulea,Blue Grosbeak,0.0171,D:/AcousticMonitoringData/ELDON2_Data/Week19\ELDON2_20250515_191800.wav
2721.0,2724.0,Sturnella magna,Eastern Meadowlark,0.2286,D:/AcousticMonitoringData/ELDON2_Data/Week19\ELDON2_20250515_191800.wav
2721.0,2724.0,Geothlypis trichas,Common Yellowthroat,0.0102,D:/AcousticMonitoringData/ELDON2_Data/Week19\ELDON2_20250515_191800.wav
2724.0,2727.0,Sturnella magna,Eastern Meadowlark,0.7979,D:/AcousticMonitoringData/ELDON2_Data/Week19\ELDON2_20250515_191800.wav
2724.0,2727.0,Passerina caerulea,Blue Grosbeak,0.0145,D:/AcousticMonitoringData/ELDON2_Data/Week19\ELDON2_20250515_191800.wav
2727.0,2730.0,Geothlypis trichas,Common Yellowthroat,0.0441,D:/AcousticMonitoringData/ELDON2_Data/Week19\ELDON2_20250515_191800.wav
2730.0,2733.0,Sturnella magna,Eastern Meadowlark,0.0495,D:/AcousticMonitoringData/ELDON2_Data/Week19\ELDON2_20250515_191800.wav
2739.0,2742.0,Sturnella magna,Eastern Meadowlark,0.0622,D:/AcousticMonitoringData/ELDON2_Data/Week19\ELDON2_20250515_191800.wav
2739.0,2742.0,Geothlypis trichas,Common Yellowthroat,0.0123,D:/AcousticMonitoringData/ELDON2_Data/Week19\ELDON2_20250515_191800.wav
2739.0,2742.0,Passerina caerulea,Blue Grosbeak,0.0103,D:/AcousticMonitoringData/ELDON2_Data/Week19\ELDON2_20250515_191800.wav
2742.0,2745.0,Sturnella magna,Eastern Meadowlark,0.4959,D:/AcousticMonitoringData/ELDON2_Data/Week19\ELDON2_20250515_191800.wav
2742.0,2745.0,Passerina caerulea,Blue Grosbeak,0.0133,D:/AcousticMonitoringData/ELDON2_Data/Week19\ELDON2_20250515_191800.wav
2742.0,2745.0,Bartramia longicauda,Upland Sandpiper,0.0101,D:/AcousticMonitoringData/ELDON2_Data/Week19\ELDON2_20250515_191800.wav
2745.0,2748.0,Sturnella magna,Eastern Meadowlark,0.2670,D:/AcousticMonitoringData/ELDON2_Data/Week19\ELDON2_20250515_191800.wav
2745.0,2748.0,Passerina caerulea,Blue Grosbeak,0.0122,D:/AcousticMonitoringData/ELDON2_Data/Week19\ELDON2_20250515_191800.wav
2748.0,2751.0,Geothlypis trichas,Common Yellowthroat,0.0681,D:/AcousticMonitoringData/ELDON2_Data/Week19\ELDON2_20250515_191800.wav
2748.0,2751.0,Melospiza melodia,Song Sparrow,0.0164,D:/AcousticMonitoringData/ELDON2_Data/Week19\ELDON2_20250515_191800.wav
2751.0,2754.0,Geothlypis trichas,Common Yellowthroat,0.0186,D:/AcousticMonitoringData/ELDON2_Data/Week19\ELDON2_20250515_191800.wav
2751.0,2754.0,Sturnella magna,Eastern Meadowlark,0.0107,D:/AcousticMonitoringData/ELDON2_Data/Week19\ELDON2_20250515_191800.wav
2754.0,2757.0,Sturnella magna,Eastern Meadowlark,0.3927,D:/AcousticMonitoringData/ELDON2_Data/Week19\ELDON2_20250515_191800.wav
2754.0,2757.0,Geothlypis trichas,Common Yellowthroat,0.0348,D:/AcousticMonitoringData/ELDON2_Data/Week19\ELDON2_20250515_191800.wav
2757.0,2760.0,Geothlypis trichas,Common Yellowthroat,0.0108,D:/AcousticMonitoringData/ELDON2_Data/Week19\ELDON2_20250515_191800.wav
2760.0,2763.0,Sturnella magna,Eastern Meadowlark,0.6665,D:/AcousticMonitoringData/ELDON2_Data/Week19\ELDON2_20250515_191800.wav
2763.0,2766.0,Sturnella magna,Eastern Meadowlark,0.1240,D:/AcousticMonitoringData/ELDON2_Data/Week19\ELDON2_20250515_191800.wav
2763.0,2766.0,Bartramia longicauda,Upland Sandpiper,0.0151,D:/AcousticMonitoringData/ELDON2_Data/Week19\ELDON2_20250515_191800.wav
2766.0,2769.0,Sturnella magna,Eastern Meadowlark,0.6577,D:/AcousticMonitoringData/ELDON2_Data/Week19\ELDON2_20250515_191800.wav
2766.0,2769.0,Passerina caerulea,Blue Grosbeak,0.0204,D:/AcousticMonitoringData/ELDON2_Data/Week19\ELDON2_20250515_191800.wav
2769.0,2772.0,Sturnella magna,Eastern Meadowlark,0.2803,D:/AcousticMonitoringData/ELDON2_Data/Week19\ELDON2_20250515_191800.wav
2769.0,2772.0,Passerina caerulea,Blue Grosbeak,0.0286,D:/AcousticMonitoringData/ELDON2_Data/Week19\ELDON2_20250515_191800.wav
2769.0,2772.0,Geothlypis trichas,Common Yellowthroat,0.0213,D:/AcousticMonitoringData/ELDON2_Data/Week19\ELDON2_20250515_191800.wav
2769.0,2772.0,Melospiza melodia,Song Sparrow,0.0165,D:/AcousticMonitoringData/ELDON2_Data/Week19\ELDON2_20250515_191800.wav
2772.0,2775.0,Sturnella magna,Eastern Meadowlark,0.2107,D:/AcousticMonitoringData/ELDON2_Data/Week19\ELDON2_20250515_191800.wav
2772.0,2775.0,Geothlypis trichas,Common Yellowthroat,0.0800,D:/AcousticMonitoringData/ELDON2_Data/Week19\ELDON2_20250515_191800.wav
2772.0,2775.0,Passerina caerulea,Blue Grosbeak,0.0161,D:/AcousticMonitoringData/ELDON2_Data/Week19\ELDON2_20250515_191800.wav
2772.0,2775.0,Melospiza melodia,Song Sparrow,0.0137,D:/AcousticMonitoringData/ELDON2_Data/Week19\ELDON2_20250515_191800.wav
2775.0,2778.0,Geothlypis trichas,Common Yellowthroat,0.0429,D:/AcousticMonitoringData/ELDON2_Data/Week19\ELDON2_20250515_191800.wav
2778.0,2781.0,Geothlypis trichas,Common Yellowthroat,0.0148,D:/AcousticMonitoringData/ELDON2_Data/Week19\ELDON2_20250515_191800.wav
2781.0,2784.0,Sturnella magna,Eastern Meadowlark,0.9879,D:/AcousticMonitoringData/ELDON2_Data/Week19\ELDON2_20250515_191800.wav
2781.0,2784.0,Passerina caerulea,Blue Grosbeak,0.0118,D:/AcousticMonitoringData/ELDON2_Data/Week19\ELDON2_20250515_191800.wav
2784.0,2787.0,Sturnella magna,Eastern Meadowlark,0.2207,D:/AcousticMonitoringData/ELDON2_Data/Week19\ELDON2_20250515_191800.wav
2784.0,2787.0,Geothlypis trichas,Common Yellowthroat,0.0170,D:/AcousticMonitoringData/ELDON2_Data/Week19\ELDON2_20250515_191800.wav
2784.0,2787.0,Passerina caerulea,Blue Grosbeak,0.0111,D:/AcousticMonitoringData/ELDON2_Data/Week19\ELDON2_20250515_191800.wav
2787.0,2790.0,Sturnella magna,Eastern Meadowlark,0.0545,D:/AcousticMonitoringData/ELDON2_Data/Week19\ELDON2_20250515_191800.wav
2790.0,2793.0,Sturnella magna,Eastern Meadowlark,0.8778,D:/AcousticMonitoringData/ELDON2_Data/Week19\ELDON2_20250515_191800.wav
2790.0,2793.0,Passerina caerulea,Blue Grosbeak,0.0147,D:/AcousticMonitoringData/ELDON2_Data/Week19\ELDON2_20250515_191800.wav
2790.0,2793.0,Bartramia longicauda,Upland Sandpiper,0.0135,D:/AcousticMonitoringData/ELDON2_Data/Week19\ELDON2_20250515_191800.wav
2793.0,2796.0,Sturnella magna,Eastern Meadowlark,0.6241,D:/AcousticMonitoringData/ELDON2_Data/Week19\ELDON2_20250515_191800.wav
2793.0,2796.0,Passerina caerulea,Blue Grosbeak,0.0208,D:/AcousticMonitoringData/ELDON2_Data/Week19\ELDON2_20250515_191800.wav
2796.0,2799.0,Bartramia longicauda,Upland Sandpiper,0.0214,D:/AcousticMonitoringData/ELDON2_Data/Week19\ELDON2_20250515_191800.wav
2796.0,2799.0,Spizella pusilla,Field Sparrow,0.0190,D:/AcousticMonitoringData/ELDON2_Data/Week19\ELDON2_20250515_191800.wav
2796.0,2799.0,Geothlypis trichas,Common Yellowthroat,0.0138,D:/AcousticMonitoringData/ELDON2_Data/Week19\ELDON2_20250515_191800.wav
2796.0,2799.0,Sturnella magna,Eastern Meadowlark,0.0116,D:/AcousticMonitoringData/ELDON2_Data/Week19\ELDON2_20250515_191800.wav
2799.0,2802.0,Geothlypis trichas,Common Yellowthroat,0.0406,D:/AcousticMonitoringData/ELDON2_Data/Week19\ELDON2_20250515_191800.wav
2799.0,2802.0,Bartramia longicauda,Upland Sandpiper,0.0299,D:/AcousticMonitoringData/ELDON2_Data/Week19\ELDON2_20250515_191800.wav
2799.0,2802.0,Sturnella magna,Eastern Meadowlark,0.0106,D:/AcousticMonitoringData/ELDON2_Data/Week19\ELDON2_20250515_191800.wav
2802.0,2805.0,Sturnella magna,Eastern Meadowlark,0.2513,D:/AcousticMonitoringData/ELDON2_Data/Week19\ELDON2_20250515_191800.wav
2805.0,2808.0,Sturnella magna,Eastern Meadowlark,0.1811,D:/AcousticMonitoringData/ELDON2_Data/Week19\ELDON2_20250515_191800.wav
2808.0,2811.0,Sturnella magna,Eastern Meadowlark,0.7658,D:/AcousticMonitoringData/ELDON2_Data/Week19\ELDON2_20250515_191800.wav
2808.0,2811.0,Passerina caerulea,Blue Grosbeak,0.0409,D:/AcousticMonitoringData/ELDON2_Data/Week19\ELDON2_20250515_191800.wav
2808.0,2811.0,Bartramia longicauda,Upland Sandpiper,0.0256,D:/AcousticMonitoringData/ELDON2_Data/Week19\ELDON2_20250515_191800.wav
2808.0,2811.0,Spizella pusilla,Field Sparrow,0.0120,D:/AcousticMonitoringData/ELDON2_Data/Week19\ELDON2_20250515_191800.wav
2811.0,2814.0,Sturnella magna,Eastern Meadowlark,0.3593,D:/AcousticMonitoringData/ELDON2_Data/Week19\ELDON2_20250515_191800.wav
2811.0,2814.0,Bartramia longicauda,Upland Sandpiper,0.2728,D:/AcousticMonitoringData/ELDON2_Data/Week19\ELDON2_20250515_191800.wav
2811.0,2814.0,Passerina caerulea,Blue Grosbeak,0.0183,D:/AcousticMonitoringData/ELDON2_Data/Week19\ELDON2_20250515_191800.wav
2814.0,2817.0,Bartramia longicauda,Upland Sandpiper,0.0562,D:/AcousticMonitoringData/ELDON2_Data/Week19\ELDON2_20250515_191800.wav
2817.0,2820.0,Sturnella magna,Eastern Meadowlark,0.8548,D:/AcousticMonitoringData/ELDON2_Data/Week19\ELDON2_20250515_191800.wav
2817.0,2820.0,Passerina caerulea,Blue Grosbeak,0.0239,D:/AcousticMonitoringData/ELDON2_Data/Week19\ELDON2_20250515_191800.wav
2817.0,2820.0,Bartramia longicauda,Upland Sandpiper,0.0233,D:/AcousticMonitoringData/ELDON2_Data/Week19\ELDON2_20250515_191800.wav
2820.0,2823.0,Geothlypis trichas,Common Yellowthroat,0.0913,D:/AcousticMonitoringData/ELDON2_Data/Week19\ELDON2_20250515_191800.wav
2820.0,2823.0,Melospiza melodia,Song Sparrow,0.0139,D:/AcousticMonitoringData/ELDON2_Data/Week19\ELDON2_20250515_191800.wav
2823.0,2826.0,Sturnella magna,Eastern Meadowlark,0.1612,D:/AcousticMonitoringData/ELDON2_Data/Week19\ELDON2_20250515_191800.wav
2823.0,2826.0,Geothlypis trichas,Common Yellowthroat,0.0151,D:/AcousticMonitoringData/ELDON2_Data/Week19\ELDON2_20250515_191800.wav
2826.0,2829.0,Geothlypis trichas,Common Yellowthroat,0.0236,D:/AcousticMonitoringData/ELDON2_Data/Week19\ELDON2_20250515_191800.wav
2826.0,2829.0,Sturnella magna,Eastern Meadowlark,0.0135,D:/AcousticMonitoringData/ELDON2_Data/Week19\ELDON2_20250515_191800.wav
2829.0,2832.0,Sturnella magna,Eastern Meadowlark,0.0545,D:/AcousticMonitoringData/ELDON2_Data/Week19\ELDON2_20250515_191800.wav
2829.0,2832.0,Geothlypis trichas,Common Yellowthroat,0.0205,D:/AcousticMonitoringData/ELDON2_Data/Week19\ELDON2_20250515_191800.wav
2832.0,2835.0,Sturnella magna,Eastern Meadowlark,0.1034,D:/AcousticMonitoringData/ELDON2_Data/Week19\ELDON2_20250515_191800.wav
2832.0,2835.0,Spizella pusilla,Field Sparrow,0.0183,D:/AcousticMonitoringData/ELDON2_Data/Week19\ELDON2_20250515_191800.wav
2832.0,2835.0,Passerina caerulea,Blue Grosbeak,0.0140,D:/AcousticMonitoringData/ELDON2_Data/Week19\ELDON2_20250515_191800.wav
2835.0,2838.0,Bartramia longicauda,Upland Sandpiper,0.0109,D:/AcousticMonitoringData/ELDON2_Data/Week19\ELDON2_20250515_191800.wav
2838.0,2841.0,Sturnella magna,Eastern Meadowlark,0.1284,D:/AcousticMonitoringData/ELDON2_Data/Week19\ELDON2_20250515_191800.wav
2838.0,2841.0,Passerina caerulea,Blue Grosbeak,0.0340,D:/AcousticMonitoringData/ELDON2_Data/Week19\ELDON2_20250515_191800.wav
2838.0,2841.0,Bartramia longicauda,Upland Sandpiper,0.0250,D:/AcousticMonitoringData/ELDON2_Data/Week19\ELDON2_20250515_191800.wav
2838.0,2841.0,Geothlypis trichas,Common Yellowthroat,0.0102,D:/AcousticMonitoringData/ELDON2_Data/Week19\ELDON2_20250515_191800.wav
2841.0,2844.0,Sturnella magna,Eastern Meadowlark,0.0353,D:/AcousticMonitoringData/ELDON2_Data/Week19\ELDON2_20250515_191800.wav
2841.0,2844.0,Bartramia longicauda,Upland Sandpiper,0.0128,D:/AcousticMonitoringData/ELDON2_Data/Week19\ELDON2_20250515_191800.wav
2844.0,2847.0,Sturnella magna,Eastern Meadowlark,0.1865,D:/AcousticMonitoringData/ELDON2_Data/Week19\ELDON2_20250515_191800.wav
2844.0,2847.0,Passerina caerulea,Blue Grosbeak,0.0336,D:/AcousticMonitoringData/ELDON2_Data/Week19\ELDON2_20250515_191800.wav
2844.0,2847.0,Geothlypis trichas,Common Yellowthroat,0.0236,D:/AcousticMonitoringData/ELDON2_Data/Week19\ELDON2_20250515_191800.wav
2847.0,2850.0,Sturnella magna,Eastern Meadowlark,0.0401,D:/AcousticMonitoringData/ELDON2_Data/Week19\ELDON2_20250515_191800.wav
2850.0,2853.0,Sturnella magna,Eastern Meadowlark,0.3194,D:/AcousticMonitoringData/ELDON2_Data/Week19\ELDON2_20250515_191800.wav
2850.0,2853.0,Passerina caerulea,Blue Grosbeak,0.1256,D:/AcousticMonitoringData/ELDON2_Data/Week19\ELDON2_20250515_191800.wav
2850.0,2853.0,Geothlypis trichas,Common Yellowthroat,0.0103,D:/AcousticMonitoringData/ELDON2_Data/Week19\ELDON2_20250515_191800.wav
2853.0,2856.0,Sturnella magna,Eastern Meadowlark,0.0924,D:/AcousticMonitoringData/ELDON2_Data/Week19\ELDON2_20250515_191800.wav
2856.0,2859.0,Bartramia longicauda,Upland Sandpiper,0.0229,D:/AcousticMonitoringData/ELDON2_Data/Week19\ELDON2_20250515_191800.wav
2856.0,2859.0,Geothlypis trichas,Common Yellowthroat,0.0213,D:/AcousticMonitoringData/ELDON2_Data/Week19\ELDON2_20250515_191800.wav
2859.0,2862.0,Sturnella magna,Eastern Meadowlark,0.2011,D:/AcousticMonitoringData/ELDON2_Data/Week19\ELDON2_20250515_191800.wav
2862.0,2865.0,Sturnella magna,Eastern Meadowlark,0.1228,D:/AcousticMonitoringData/ELDON2_Data/Week19\ELDON2_20250515_191800.wav
2862.0,2865.0,Passerina caerulea,Blue Grosbeak,0.0294,D:/AcousticMonitoringData/ELDON2_Data/Week19\ELDON2_20250515_191800.wav
2865.0,2868.0,Sturnella magna,Eastern Meadowlark,0.0210,D:/AcousticMonitoringData/ELDON2_Data/Week19\ELDON2_20250515_191800.wav
2865.0,2868.0,Geothlypis trichas,Common Yellowthroat,0.0139,D:/AcousticMonitoringData/ELDON2_Data/Week19\ELDON2_20250515_191800.wav
2871.0,2874.0,Sturnella magna,Eastern Meadowlark,0.0195,D:/AcousticMonitoringData/ELDON2_Data/Week19\ELDON2_20250515_191800.wav
2874.0,2877.0,Sturnella magna,Eastern Meadowlark,0.6248,D:/AcousticMonitoringData/ELDON2_Data/Week19\ELDON2_20250515_191800.wav
2874.0,2877.0,Bartramia longicauda,Upland Sandpiper,0.0392,D:/AcousticMonitoringData/ELDON2_Data/Week19\ELDON2_20250515_191800.wav
2877.0,2880.0,Sturnella magna,Eastern Meadowlark,0.0162,D:/AcousticMonitoringData/ELDON2_Data/Week19\ELDON2_20250515_191800.wav
2880.0,2883.0,Sturnella magna,Eastern Meadowlark,0.0331,D:/AcousticMonitoringData/ELDON2_Data/Week19\ELDON2_20250515_191800.wav
2883.0,2886.0,Sturnella magna,Eastern Meadowlark,0.9850,D:/AcousticMonitoringData/ELDON2_Data/Week19\ELDON2_20250515_191800.wav
2889.0,2892.0,Sturnella magna,Eastern Meadowlark,0.5131,D:/AcousticMonitoringData/ELDON2_Data/Week19\ELDON2_20250515_191800.wav
2889.0,2892.0,Bartramia longicauda,Upland Sandpiper,0.0407,D:/AcousticMonitoringData/ELDON2_Data/Week19\ELDON2_20250515_191800.wav
2892.0,2895.0,Geothlypis trichas,Common Yellowthroat,0.0147,D:/AcousticMonitoringData/ELDON2_Data/Week19\ELDON2_20250515_191800.wav
2895.0,2898.0,Sturnella magna,Eastern Meadowlark,0.5106,D:/AcousticMonitoringData/ELDON2_Data/Week19\ELDON2_20250515_191800.wav
2895.0,2898.0,Passerina caerulea,Blue Grosbeak,0.0115,D:/AcousticMonitoringData/ELDON2_Data/Week19\ELDON2_20250515_191800.wav
2895.0,2898.0,Bartramia longicauda,Upland Sandpiper,0.0107,D:/AcousticMonitoringData/ELDON2_Data/Week19\ELDON2_20250515_191800.wav
2898.0,2901.0,Sturnella magna,Eastern Meadowlark,0.0638,D:/AcousticMonitoringData/ELDON2_Data/Week19\ELDON2_20250515_191800.wav
2904.0,2907.0,Geothlypis trichas,Common Yellowthroat,0.0117,D:/AcousticMonitoringData/ELDON2_Data/Week19\ELDON2_20250515_191800.wav
2907.0,2910.0,Sturnella magna,Eastern Meadowlark,0.9630,D:/AcousticMonitoringData/ELDON2_Data/Week19\ELDON2_20250515_191800.wav
2907.0,2910.0,Bartramia longicauda,Upland Sandpiper,0.0150,D:/AcousticMonitoringData/ELDON2_Data/Week19\ELDON2_20250515_191800.wav
2907.0,2910.0,Passerina caerulea,Blue Grosbeak,0.0130,D:/AcousticMonitoringData/ELDON2_Data/Week19\ELDON2_20250515_191800.wav
2913.0,2916.0,Sturnella magna,Eastern Meadowlark,0.7950,D:/AcousticMonitoringData/ELDON2_Data/Week19\ELDON2_20250515_191800.wav
2913.0,2916.0,Passerina caerulea,Blue Grosbeak,0.0504,D:/AcousticMonitoringData/ELDON2_Data/Week19\ELDON2_20250515_191800.wav
2913.0,2916.0,Bartramia longicauda,Upland Sandpiper,0.0149,D:/AcousticMonitoringData/ELDON2_Data/Week19\ELDON2_20250515_191800.wav
2916.0,2919.0,Sturnella magna,Eastern Meadowlark,0.7561,D:/AcousticMonitoringData/ELDON2_Data/Week19\ELDON2_20250515_191800.wav
2916.0,2919.0,Bartramia longicauda,Upland Sandpiper,0.0478,D:/AcousticMonitoringData/ELDON2_Data/Week19\ELDON2_20250515_191800.wav
2916.0,2919.0,Passerina caerulea,Blue Grosbeak,0.0209,D:/AcousticMonitoringData/ELDON2_Data/Week19\ELDON2_20250515_191800.wav
2919.0,2922.0,Geothlypis trichas,Common Yellowthroat,0.0220,D:/AcousticMonitoringData/ELDON2_Data/Week19\ELDON2_20250515_191800.wav
2919.0,2922.0,Sturnella magna,Eastern Meadowlark,0.0201,D:/AcousticMonitoringData/ELDON2_Data/Week19\ELDON2_20250515_191800.wav
2922.0,2925.0,Sturnella magna,Eastern Meadowlark,0.8584,D:/AcousticMonitoringData/ELDON2_Data/Week19\ELDON2_20250515_191800.wav
2922.0,2925.0,Bartramia longicauda,Upland Sandpiper,0.0469,D:/AcousticMonitoringData/ELDON2_Data/Week19\ELDON2_20250515_191800.wav
2925.0,2928.0,Sturnella magna,Eastern Meadowlark,0.8639,D:/AcousticMonitoringData/ELDON2_Data/Week19\ELDON2_20250515_191800.wav
2925.0,2928.0,Bartramia longicauda,Upland Sandpiper,0.0125,D:/AcousticMonitoringData/ELDON2_Data/Week19\ELDON2_20250515_191800.wav
2928.0,2931.0,Sturnella magna,Eastern Meadowlark,0.9670,D:/AcousticMonitoringData/ELDON2_Data/Week19\ELDON2_20250515_191800.wav
2928.0,2931.0,Bartramia longicauda,Upland Sandpiper,0.0985,D:/AcousticMonitoringData/ELDON2_Data/Week19\ELDON2_20250515_191800.wav
2928.0,2931.0,Passerina caerulea,Blue Grosbeak,0.0140,D:/AcousticMonitoringData/ELDON2_Data/Week19\ELDON2_20250515_191800.wav
2934.0,2937.0,Sturnella magna,Eastern Meadowlark,0.8886,D:/AcousticMonitoringData/ELDON2_Data/Week19\ELDON2_20250515_191800.wav
2934.0,2937.0,Passerina caerulea,Blue Grosbeak,0.0377,D:/AcousticMonitoringData/ELDON2_Data/Week19\ELDON2_20250515_191800.wav
2937.0,2940.0,Sturnella magna,Eastern Meadowlark,0.8193,D:/AcousticMonitoringData/ELDON2_Data/Week19\ELDON2_20250515_191800.wav
2937.0,2940.0,Bartramia longicauda,Upland Sandpiper,0.0195,D:/AcousticMonitoringData/ELDON2_Data/Week19\ELDON2_20250515_191800.wav
2940.0,2943.0,Sturnella magna,Eastern Meadowlark,0.0122,D:/AcousticMonitoringData/ELDON2_Data/Week19\ELDON2_20250515_191800.wav
2943.0,2946.0,Sturnella magna,Eastern Meadowlark,0.9660,D:/AcousticMonitoringData/ELDON2_Data/Week19\ELDON2_20250515_191800.wav
2943.0,2946.0,Passerina caerulea,Blue Grosbeak,0.0234,D:/AcousticMonitoringData/ELDON2_Data/Week19\ELDON2_20250515_191800.wav
2946.0,2949.0,Sturnella magna,Eastern Meadowlark,0.5153,D:/AcousticMonitoringData/ELDON2_Data/Week19\ELDON2_20250515_191800.wav
2946.0,2949.0,Passerina caerulea,Blue Grosbeak,0.0137,D:/AcousticMonitoringData/ELDON2_Data/Week19\ELDON2_20250515_191800.wav
2949.0,2952.0,Sturnella magna,Eastern Meadowlark,0.3310,D:/AcousticMonitoringData/ELDON2_Data/Week19\ELDON2_20250515_191800.wav
2949.0,2952.0,Melospiza melodia,Song Sparrow,0.0152,D:/AcousticMonitoringData/ELDON2_Data/Week19\ELDON2_20250515_191800.wav
2955.0,2958.0,Sturnella magna,Eastern Meadowlark,0.9847,D:/AcousticMonitoringData/ELDON2_Data/Week19\ELDON2_20250515_191800.wav
2955.0,2958.0,Passerina caerulea,Blue Grosbeak,0.0453,D:/AcousticMonitoringData/ELDON2_Data/Week19\ELDON2_20250515_191800.wav
2958.0,2961.0,Sturnella magna,Eastern Meadowlark,0.8145,D:/AcousticMonitoringData/ELDON2_Data/Week19\ELDON2_20250515_191800.wav
2958.0,2961.0,Passerina caerulea,Blue Grosbeak,0.0174,D:/AcousticMonitoringData/ELDON2_Data/Week19\ELDON2_20250515_191800.wav
2958.0,2961.0,Bartramia longicauda,Upland Sandpiper,0.0134,D:/AcousticMonitoringData/ELDON2_Data/Week19\ELDON2_20250515_191800.wav
2961.0,2964.0,Sturnella magna,Eastern Meadowlark,0.9453,D:/AcousticMonitoringData/ELDON2_Data/Week19\ELDON2_20250515_191800.wav
2961.0,2964.0,Passerina caerulea,Blue Grosbeak,0.0150,D:/AcousticMonitoringData/ELDON2_Data/Week19\ELDON2_20250515_191800.wav
2964.0,2967.0,Sturnella magna,Eastern Meadowlark,0.7926,D:/AcousticMonitoringData/ELDON2_Data/Week19\ELDON2_20250515_191800.wav
2964.0,2967.0,Passerina caerulea,Blue Grosbeak,0.0157,D:/AcousticMonitoringData/ELDON2_Data/Week19\ELDON2_20250515_191800.wav
2967.0,2970.0,Sturnella magna,Eastern Meadowlark,0.9962,D:/AcousticMonitoringData/ELDON2_Data/Week19\ELDON2_20250515_191800.wav
2967.0,2970.0,Passerina caerulea,Blue Grosbeak,0.0418,D:/AcousticMonitoringData/ELDON2_Data/Week19\ELDON2_20250515_191800.wav
2967.0,2970.0,Bartramia longicauda,Upland Sandpiper,0.0376,D:/AcousticMonitoringData/ELDON2_Data/Week19\ELDON2_20250515_191800.wav
2970.0,2973.0,Sturnella magna,Eastern Meadowlark,0.0145,D:/AcousticMonitoringData/ELDON2_Data/Week19\ELDON2_20250515_191800.wav
2970.0,2973.0,Geothlypis trichas,Common Yellowthroat,0.0131,D:/AcousticMonitoringData/ELDON2_Data/Week19\ELDON2_20250515_191800.wav
2973.0,2976.0,Sturnella magna,Eastern Meadowlark,0.8903,D:/AcousticMonitoringData/ELDON2_Data/Week19\ELDON2_20250515_191800.wav
2973.0,2976.0,Passerina caerulea,Blue Grosbeak,0.0141,D:/AcousticMonitoringData/ELDON2_Data/Week19\ELDON2_20250515_191800.wav
2976.0,2979.0,Sturnella magna,Eastern Meadowlark,0.9646,D:/AcousticMonitoringData/ELDON2_Data/Week19\ELDON2_20250515_191800.wav
2976.0,2979.0,Passerina caerulea,Blue Grosbeak,0.0844,D:/AcousticMonitoringData/ELDON2_Data/Week19\ELDON2_20250515_191800.wav
2976.0,2979.0,Spizella pusilla,Field Sparrow,0.0121,D:/AcousticMonitoringData/ELDON2_Data/Week19\ELDON2_20250515_191800.wav
2979.0,2982.0,Sturnella magna,Eastern Meadowlark,0.6505,D:/AcousticMonitoringData/ELDON2_Data/Week19\ELDON2_20250515_191800.wav
2979.0,2982.0,Bartramia longicauda,Upland Sandpiper,0.0228,D:/AcousticMonitoringData/ELDON2_Data/Week19\ELDON2_20250515_191800.wav
2979.0,2982.0,Passerina caerulea,Blue Grosbeak,0.0106,D:/AcousticMonitoringData/ELDON2_Data/Week19\ELDON2_20250515_191800.wav
2982.0,2985.0,Sturnella magna,Eastern Meadowlark,0.8657,D:/AcousticMonitoringData/ELDON2_Data/Week19\ELDON2_20250515_191800.wav
2982.0,2985.0,Passerina caerulea,Blue Grosbeak,0.0309,D:/AcousticMonitoringData/ELDON2_Data/Week19\ELDON2_20250515_191800.wav
2982.0,2985.0,Bartramia longicauda,Upland Sandpiper,0.0301,D:/AcousticMonitoringData/ELDON2_Data/Week19\ELDON2_20250515_191800.wav
2985.0,2988.0,Sturnella magna,Eastern Meadowlark,0.8960,D:/AcousticMonitoringData/ELDON2_Data/Week19\ELDON2_20250515_191800.wav
2985.0,2988.0,Passerina caerulea,Blue Grosbeak,0.0143,D:/AcousticMonitoringData/ELDON2_Data/Week19\ELDON2_20250515_191800.wav
2988.0,2991.0,Sturnella magna,Eastern Meadowlark,0.2517,D:/AcousticMonitoringData/ELDON2_Data/Week19\ELDON2_20250515_191800.wav
2991.0,2994.0,Sturnella magna,Eastern Meadowlark,0.9576,D:/AcousticMonitoringData/ELDON2_Data/Week19\ELDON2_20250515_191800.wav
2991.0,2994.0,Passerina caerulea,Blue Grosbeak,0.0694,D:/AcousticMonitoringData/ELDON2_Data/Week19\ELDON2_20250515_191800.wav
2991.0,2994.0,Bartramia longicauda,Upland Sandpiper,0.0346,D:/AcousticMonitoringData/ELDON2_Data/Week19\ELDON2_20250515_191800.wav
2994.0,2997.0,Sturnella magna,Eastern Meadowlark,0.9603,D:/AcousticMonitoringData/ELDON2_Data/Week19\ELDON2_20250515_191800.wav
2994.0,2997.0,Passerina caerulea,Blue Grosbeak,0.0239,D:/AcousticMonitoringData/ELDON2_Data/Week19\ELDON2_20250515_191800.wav
2997.0,3000.0,Sturnella magna,Eastern Meadowlark,0.9897,D:/AcousticMonitoringData/ELDON2_Data/Week19\ELDON2_20250515_191800.wav
2997.0,3000.0,Passerina caerulea,Blue Grosbeak,0.0580,D:/AcousticMonitoringData/ELDON2_Data/Week19\ELDON2_20250515_191800.wav
2997.0,3000.0,Bartramia longicauda,Upland Sandpiper,0.0170,D:/AcousticMonitoringData/ELDON2_Data/Week19\ELDON2_20250515_191800.wav
3000.0,3003.0,Sturnella magna,Eastern Meadowlark,0.9270,D:/AcousticMonitoringData/ELDON2_Data/Week19\ELDON2_20250515_191800.wav
3000.0,3003.0,Passerina caerulea,Blue Grosbeak,0.0386,D:/AcousticMonitoringData/ELDON2_Data/Week19\ELDON2_20250515_191800.wav
3000.0,3003.0,Bartramia longicauda,Upland Sandpiper,0.0150,D:/AcousticMonitoringData/ELDON2_Data/Week19\ELDON2_20250515_191800.wav
3003.0,3006.0,Sturnella magna,Eastern Meadowlark,0.1033,D:/AcousticMonitoringData/ELDON2_Data/Week19\ELDON2_20250515_191800.wav
3006.0,3009.0,Sturnella magna,Eastern Meadowlark,0.2517,D:/AcousticMonitoringData/ELDON2_Data/Week19\ELDON2_20250515_191800.wav
3006.0,3009.0,Bartramia longicauda,Upland Sandpiper,0.0297,D:/AcousticMonitoringData/ELDON2_Data/Week19\ELDON2_20250515_191800.wav
3006.0,3009.0,Passerina caerulea,Blue Grosbeak,0.0217,D:/AcousticMonitoringData/ELDON2_Data/Week19\ELDON2_20250515_191800.wav
3009.0,3012.0,Sturnella magna,Eastern Meadowlark,0.6337,D:/AcousticMonitoringData/ELDON2_Data/Week19\ELDON2_20250515_191800.wav
3009.0,3012.0,Bartramia longicauda,Upland Sandpiper,0.0172,D:/AcousticMonitoringData/ELDON2_Data/Week19\ELDON2_20250515_191800.wav
3012.0,3015.0,Sturnella magna,Eastern Meadowlark,0.1287,D:/AcousticMonitoringData/ELDON2_Data/Week19\ELDON2_20250515_191800.wav
3015.0,3018.0,Sturnella magna,Eastern Meadowlark,0.0438,D:/AcousticMonitoringData/ELDON2_Data/Week19\ELDON2_20250515_191800.wav
3018.0,3021.0,Sturnella magna,Eastern Meadowlark,0.8897,D:/AcousticMonitoringData/ELDON2_Data/Week19\ELDON2_20250515_191800.wav
3018.0,3021.0,Passerina caerulea,Blue Grosbeak,0.0279,D:/AcousticMonitoringData/ELDON2_Data/Week19\ELDON2_20250515_191800.wav
3018.0,3021.0,Bartramia longicauda,Upland Sandpiper,0.0176,D:/AcousticMonitoringData/ELDON2_Data/Week19\ELDON2_20250515_191800.wav
3021.0,3024.0,Spizella pusilla,Field Sparrow,0.0230,D:/AcousticMonitoringData/ELDON2_Data/Week19\ELDON2_20250515_191800.wav
3024.0,3027.0,Sturnella magna,Eastern Meadowlark,0.8621,D:/AcousticMonitoringData/ELDON2_Data/Week19\ELDON2_20250515_191800.wav
3024.0,3027.0,Bartramia longicauda,Upland Sandpiper,0.0629,D:/AcousticMonitoringData/ELDON2_Data/Week19\ELDON2_20250515_191800.wav
3024.0,3027.0,Passerina caerulea,Blue Grosbeak,0.0215,D:/AcousticMonitoringData/ELDON2_Data/Week19\ELDON2_20250515_191800.wav
3027.0,3030.0,Sturnella magna,Eastern Meadowlark,0.0756,D:/AcousticMonitoringData/ELDON2_Data/Week19\ELDON2_20250515_191800.wav
3027.0,3030.0,Bartramia longicauda,Upland Sandpiper,0.0190,D:/AcousticMonitoringData/ELDON2_Data/Week19\ELDON2_20250515_191800.wav
3030.0,3033.0,Sturnella magna,Eastern Meadowlark,0.9557,D:/AcousticMonitoringData/ELDON2_Data/Week19\ELDON2_20250515_191800.wav
3030.0,3033.0,Passerina caerulea,Blue Grosbeak,0.0380,D:/AcousticMonitoringData/ELDON2_Data/Week19\ELDON2_20250515_191800.wav
3030.0,3033.0,Bartramia longicauda,Upland Sandpiper,0.0205,D:/AcousticMonitoringData/ELDON2_Data/Week19\ELDON2_20250515_191800.wav
3033.0,3036.0,Sturnella magna,Eastern Meadowlark,0.2336,D:/AcousticMonitoringData/ELDON2_Data/Week19\ELDON2_20250515_191800.wav
3033.0,3036.0,Passerina caerulea,Blue Grosbeak,0.0149,D:/AcousticMonitoringData/ELDON2_Data/Week19\ELDON2_20250515_191800.wav
3036.0,3039.0,Sturnella magna,Eastern Meadowlark,0.9807,D:/AcousticMonitoringData/ELDON2_Data/Week19\ELDON2_20250515_191800.wav
3036.0,3039.0,Bartramia longicauda,Upland Sandpiper,0.0309,D:/AcousticMonitoringData/ELDON2_Data/Week19\ELDON2_20250515_191800.wav
3036.0,3039.0,Passerina caerulea,Blue Grosbeak,0.0157,D:/AcousticMonitoringData/ELDON2_Data/Week19\ELDON2_20250515_191800.wav
3039.0,3042.0,Sturnella magna,Eastern Meadowlark,0.0622,D:/AcousticMonitoringData/ELDON2_Data/Week19\ELDON2_20250515_191800.wav
3042.0,3045.0,Sturnella magna,Eastern Meadowlark,0.9572,D:/AcousticMonitoringData/ELDON2_Data/Week19\ELDON2_20250515_191800.wav
3042.0,3045.0,Passerina caerulea,Blue Grosbeak,0.0368,D:/AcousticMonitoringData/ELDON2_Data/Week19\ELDON2_20250515_191800.wav
3045.0,3048.0,Sturnella magna,Eastern Meadowlark,0.9511,D:/AcousticMonitoringData/ELDON2_Data/Week19\ELDON2_20250515_191800.wav
3045.0,3048.0,Passerina caerulea,Blue Grosbeak,0.0180,D:/AcousticMonitoringData/ELDON2_Data/Week19\ELDON2_20250515_191800.wav
3048.0,3051.0,Sturnella magna,Eastern Meadowlark,0.7847,D:/AcousticMonitoringData/ELDON2_Data/Week19\ELDON2_20250515_191800.wav
3048.0,3051.0,Passerina caerulea,Blue Grosbeak,0.0419,D:/AcousticMonitoringData/ELDON2_Data/Week19\ELDON2_20250515_191800.wav
3048.0,3051.0,Bartramia longicauda,Upland Sandpiper,0.0110,D:/AcousticMonitoringData/ELDON2_Data/Week19\ELDON2_20250515_191800.wav
3051.0,3054.0,Sturnella magna,Eastern Meadowlark,0.9897,D:/AcousticMonitoringData/ELDON2_Data/Week19\ELDON2_20250515_191800.wav
3054.0,3057.0,Sturnella magna,Eastern Meadowlark,0.4331,D:/AcousticMonitoringData/ELDON2_Data/Week19\ELDON2_20250515_191800.wav
3054.0,3057.0,Geothlypis trichas,Common Yellowthroat,0.0178,D:/AcousticMonitoringData/ELDON2_Data/Week19\ELDON2_20250515_191800.wav
3054.0,3057.0,Spizella pusilla,Field Sparrow,0.0133,D:/AcousticMonitoringData/ELDON2_Data/Week19\ELDON2_20250515_191800.wav
3054.0,3057.0,Passerina caerulea,Blue Grosbeak,0.0117,D:/AcousticMonitoringData/ELDON2_Data/Week19\ELDON2_20250515_191800.wav
3057.0,3060.0,Sturnella magna,Eastern Meadowlark,0.9425,D:/AcousticMonitoringData/ELDON2_Data/Week19\ELDON2_20250515_191800.wav
3057.0,3060.0,Passerina caerulea,Blue Grosbeak,0.0435,D:/AcousticMonitoringData/ELDON2_Data/Week19\ELDON2_20250515_191800.wav
3057.0,3060.0,Bartramia longicauda,Upland Sandpiper,0.0223,D:/AcousticMonitoringData/ELDON2_Data/Week19\ELDON2_20250515_191800.wav
3060.0,3063.0,Sturnella magna,Eastern Meadowlark,0.7808,D:/AcousticMonitoringData/ELDON2_Data/Week19\ELDON2_20250515_191800.wav
3060.0,3063.0,Passerina caerulea,Blue Grosbeak,0.0707,D:/AcousticMonitoringData/ELDON2_Data/Week19\ELDON2_20250515_191800.wav
3060.0,3063.0,Bartramia longicauda,Upland Sandpiper,0.0316,D:/AcousticMonitoringData/ELDON2_Data/Week19\ELDON2_20250515_191800.wav
3063.0,3066.0,Sturnella magna,Eastern Meadowlark,0.9928,D:/AcousticMonitoringData/ELDON2_Data/Week19\ELDON2_20250515_191800.wav
3063.0,3066.0,Passerina caerulea,Blue Grosbeak,0.0758,D:/AcousticMonitoringData/ELDON2_Data/Week19\ELDON2_20250515_191800.wav
3063.0,3066.0,Bartramia longicauda,Upland Sandpiper,0.0596,D:/AcousticMonitoringData/ELDON2_Data/Week19\ELDON2_20250515_191800.wav
3066.0,3069.0,Sturnella magna,Eastern Meadowlark,0.7689,D:/AcousticMonitoringData/ELDON2_Data/Week19\ELDON2_20250515_191800.wav
3066.0,3069.0,Passerina caerulea,Blue Grosbeak,0.0314,D:/AcousticMonitoringData/ELDON2_Data/Week19\ELDON2_20250515_191800.wav
3066.0,3069.0,Geothlypis trichas,Common Yellowthroat,0.0121,D:/AcousticMonitoringData/ELDON2_Data/Week19\ELDON2_20250515_191800.wav
3069.0,3072.0,Sturnella magna,Eastern Meadowlark,0.9275,D:/AcousticMonitoringData/ELDON2_Data/Week19\ELDON2_20250515_191800.wav
3069.0,3072.0,Passerina caerulea,Blue Grosbeak,0.1726,D:/AcousticMonitoringData/ELDON2_Data/Week19\ELDON2_20250515_191800.wav
3069.0,3072.0,Bartramia longicauda,Upland Sandpiper,0.0109,D:/AcousticMonitoringData/ELDON2_Data/Week19\ELDON2_20250515_191800.wav
3072.0,3075.0,Sturnella magna,Eastern Meadowlark,0.1250,D:/AcousticMonitoringData/ELDON2_Data/Week19\ELDON2_20250515_191800.wav
3072.0,3075.0,Bartramia longicauda,Upland Sandpiper,0.0161,D:/AcousticMonitoringData/ELDON2_Data/Week19\ELDON2_20250515_191800.wav
3075.0,3078.0,Geothlypis trichas,Common Yellowthroat,0.0211,D:/AcousticMonitoringData/ELDON2_Data/Week19\ELDON2_20250515_191800.wav
3075.0,3078.0,Sturnella magna,Eastern Meadowlark,0.0124,D:/AcousticMonitoringData/ELDON2_Data/Week19\ELDON2_20250515_191800.wav
3075.0,3078.0,Melospiza melodia,Song Sparrow,0.0103,D:/AcousticMonitoringData/ELDON2_Data/Week19\ELDON2_20250515_191800.wav
3078.0,3081.0,Sturnella magna,Eastern Meadowlark,0.0244,D:/AcousticMonitoringData/ELDON2_Data/Week19\ELDON2_20250515_191800.wav
3081.0,3084.0,Sturnella magna,Eastern Meadowlark,0.9827,D:/AcousticMonitoringData/ELDON2_Data/Week19\ELDON2_20250515_191800.wav
3081.0,3084.0,Passerina caerulea,Blue Grosbeak,0.0459,D:/AcousticMonitoringData/ELDON2_Data/Week19\ELDON2_20250515_191800.wav
3081.0,3084.0,Bartramia longicauda,Upland Sandpiper,0.0133,D:/AcousticMonitoringData/ELDON2_Data/Week19\ELDON2_20250515_191800.wav
3084.0,3087.0,Sturnella magna,Eastern Meadowlark,0.3498,D:/AcousticMonitoringData/ELDON2_Data/Week19\ELDON2_20250515_191800.wav
3084.0,3087.0,Melospiza melodia,Song Sparrow,0.0146,D:/AcousticMonitoringData/ELDON2_Data/Week19\ELDON2_20250515_191800.wav
3084.0,3087.0,Geothlypis trichas,Common Yellowthroat,0.0141,D:/AcousticMonitoringData/ELDON2_Data/Week19\ELDON2_20250515_191800.wav
3084.0,3087.0,Passerina caerulea,Blue Grosbeak,0.0124,D:/AcousticMonitoringData/ELDON2_Data/Week19\ELDON2_20250515_191800.wav
3087.0,3090.0,Sturnella magna,Eastern Meadowlark,0.5628,D:/AcousticMonitoringData/ELDON2_Data/Week19\ELDON2_20250515_191800.wav
3087.0,3090.0,Passerina caerulea,Blue Grosbeak,0.0399,D:/AcousticMonitoringData/ELDON2_Data/Week19\ELDON2_20250515_191800.wav
3090.0,3093.0,Sturnella magna,Eastern Meadowlark,0.6471,D:/AcousticMonitoringData/ELDON2_Data/Week19\ELDON2_20250515_191800.wav
3090.0,3093.0,Passerina caerulea,Blue Grosbeak,0.0474,D:/AcousticMonitoringData/ELDON2_Data/Week19\ELDON2_20250515_191800.wav
3090.0,3093.0,Bartramia longicauda,Upland Sandpiper,0.0230,D:/AcousticMonitoringData/ELDON2_Data/Week19\ELDON2_20250515_191800.wav
3093.0,3096.0,Sturnella magna,Eastern Meadowlark,0.9695,D:/AcousticMonitoringData/ELDON2_Data/Week19\ELDON2_20250515_191800.wav
3096.0,3099.0,Sturnella magna,Eastern Meadowlark,0.9701,D:/AcousticMonitoringData/ELDON2_Data/Week19\ELDON2_20250515_191800.wav
3096.0,3099.0,Passerina caerulea,Blue Grosbeak,0.1221,D:/AcousticMonitoringData/ELDON2_Data/Week19\ELDON2_20250515_191800.wav
3096.0,3099.0,Bartramia longicauda,Upland Sandpiper,0.0129,D:/AcousticMonitoringData/ELDON2_Data/Week19\ELDON2_20250515_191800.wav
3096.0,3099.0,Melospiza melodia,Song Sparrow,0.0105,D:/AcousticMonitoringData/ELDON2_Data/Week19\ELDON2_20250515_191800.wav
3096.0,3099.0,Geothlypis trichas,Common Yellowthroat,0.0101,D:/AcousticMonitoringData/ELDON2_Data/Week19\ELDON2_20250515_191800.wav
3099.0,3102.0,Sturnella magna,Eastern Meadowlark,0.7205,D:/AcousticMonitoringData/ELDON2_Data/Week19\ELDON2_20250515_191800.wav
3099.0,3102.0,Passerina caerulea,Blue Grosbeak,0.0483,D:/AcousticMonitoringData/ELDON2_Data/Week19\ELDON2_20250515_191800.wav
3102.0,3105.0,Sturnella magna,Eastern Meadowlark,0.9773,D:/AcousticMonitoringData/ELDON2_Data/Week19\ELDON2_20250515_191800.wav
3102.0,3105.0,Passerina caerulea,Blue Grosbeak,0.0350,D:/AcousticMonitoringData/ELDON2_Data/Week19\ELDON2_20250515_191800.wav
3105.0,3108.0,Sturnella magna,Eastern Meadowlark,0.3429,D:/AcousticMonitoringData/ELDON2_Data/Week19\ELDON2_20250515_191800.wav
3105.0,3108.0,Passerina caerulea,Blue Grosbeak,0.0300,D:/AcousticMonitoringData/ELDON2_Data/Week19\ELDON2_20250515_191800.wav
3108.0,3111.0,Sturnella magna,Eastern Meadowlark,0.9645,D:/AcousticMonitoringData/ELDON2_Data/Week19\ELDON2_20250515_191800.wav
3108.0,3111.0,Passerina caerulea,Blue Grosbeak,0.0200,D:/AcousticMonitoringData/ELDON2_Data/Week19\ELDON2_20250515_191800.wav
3111.0,3114.0,Sturnella magna,Eastern Meadowlark,0.1004,D:/AcousticMonitoringData/ELDON2_Data/Week19\ELDON2_20250515_191800.wav
3114.0,3117.0,Sturnella magna,Eastern Meadowlark,0.5910,D:/AcousticMonitoringData/ELDON2_Data/Week19\ELDON2_20250515_191800.wav
3114.0,3117.0,Passerina caerulea,Blue Grosbeak,0.0341,D:/AcousticMonitoringData/ELDON2_Data/Week19\ELDON2_20250515_191800.wav
3114.0,3117.0,Bartramia longicauda,Upland Sandpiper,0.0167,D:/AcousticMonitoringData/ELDON2_Data/Week19\ELDON2_20250515_191800.wav
3117.0,3120.0,Sturnella magna,Eastern Meadowlark,0.7658,D:/AcousticMonitoringData/ELDON2_Data/Week19\ELDON2_20250515_191800.wav
3117.0,3120.0,Passerina caerulea,Blue Grosbeak,0.0359,D:/AcousticMonitoringData/ELDON2_Data/Week19\ELDON2_20250515_191800.wav
3120.0,3123.0,Sturnella magna,Eastern Meadowlark,0.7436,D:/AcousticMonitoringData/ELDON2_Data/Week19\ELDON2_20250515_191800.wav
3120.0,3123.0,Passerina caerulea,Blue Grosbeak,0.0363,D:/AcousticMonitoringData/ELDON2_Data/Week19\ELDON2_20250515_191800.wav
3123.0,3126.0,Sturnella magna,Eastern Meadowlark,0.8002,D:/AcousticMonitoringData/ELDON2_Data/Week19\ELDON2_20250515_191800.wav
3123.0,3126.0,Passerina caerulea,Blue Grosbeak,0.0352,D:/AcousticMonitoringData/ELDON2_Data/Week19\ELDON2_20250515_191800.wav
3123.0,3126.0,Bartramia longicauda,Upland Sandpiper,0.0103,D:/AcousticMonitoringData/ELDON2_Data/Week19\ELDON2_20250515_191800.wav
3126.0,3129.0,Sturnella magna,Eastern Meadowlark,0.6995,D:/AcousticMonitoringData/ELDON2_Data/Week19\ELDON2_20250515_191800.wav
3126.0,3129.0,Passerina caerulea,Blue Grosbeak,0.0798,D:/AcousticMonitoringData/ELDON2_Data/Week19\ELDON2_20250515_191800.wav
3129.0,3132.0,Sturnella magna,Eastern Meadowlark,0.8412,D:/AcousticMonitoringData/ELDON2_Data/Week19\ELDON2_20250515_191800.wav
3129.0,3132.0,Passerina caerulea,Blue Grosbeak,0.1354,D:/AcousticMonitoringData/ELDON2_Data/Week19\ELDON2_20250515_191800.wav
3132.0,3135.0,Sturnella magna,Eastern Meadowlark,0.4345,D:/AcousticMonitoringData/ELDON2_Data/Week19\ELDON2_20250515_191800.wav
3132.0,3135.0,Passerina caerulea,Blue Grosbeak,0.0181,D:/AcousticMonitoringData/ELDON2_Data/Week19\ELDON2_20250515_191800.wav
3132.0,3135.0,Bartramia longicauda,Upland Sandpiper,0.0140,D:/AcousticMonitoringData/ELDON2_Data/Week19\ELDON2_20250515_191800.wav
3135.0,3138.0,Sturnella magna,Eastern Meadowlark,0.2266,D:/AcousticMonitoringData/ELDON2_Data/Week19\ELDON2_20250515_191800.wav
3135.0,3138.0,Passerina caerulea,Blue Grosbeak,0.0260,D:/AcousticMonitoringData/ELDON2_Data/Week19\ELDON2_20250515_191800.wav
3138.0,3141.0,Sturnella magna,Eastern Meadowlark,0.8940,D:/AcousticMonitoringData/ELDON2_Data/Week19\ELDON2_20250515_191800.wav
3138.0,3141.0,Passerina caerulea,Blue Grosbeak,0.0313,D:/AcousticMonitoringData/ELDON2_Data/Week19\ELDON2_20250515_191800.wav
3141.0,3144.0,Sturnella magna,Eastern Meadowlark,0.7248,D:/AcousticMonitoringData/ELDON2_Data/Week19\ELDON2_20250515_191800.wav
3144.0,3147.0,Sturnella magna,Eastern Meadowlark,0.4683,D:/AcousticMonitoringData/ELDON2_Data/Week19\ELDON2_20250515_191800.wav
3144.0,3147.0,Passerina caerulea,Blue Grosbeak,0.1164,D:/AcousticMonitoringData/ELDON2_Data/Week19\ELDON2_20250515_191800.wav
3147.0,3150.0,Sturnella magna,Eastern Meadowlark,0.6236,D:/AcousticMonitoringData/ELDON2_Data/Week19\ELDON2_20250515_191800.wav
3147.0,3150.0,Passerina caerulea,Blue Grosbeak,0.0123,D:/AcousticMonitoringData/ELDON2_Data/Week19\ELDON2_20250515_191800.wav
3150.0,3153.0,Sturnella magna,Eastern Meadowlark,0.6090,D:/AcousticMonitoringData/ELDON2_Data/Week19\ELDON2_20250515_191800.wav
3150.0,3153.0,Passerina caerulea,Blue Grosbeak,0.0935,D:/AcousticMonitoringData/ELDON2_Data/Week19\ELDON2_20250515_191800.wav
3150.0,3153.0,Bartramia longicauda,Upland Sandpiper,0.0234,D:/AcousticMonitoringData/ELDON2_Data/Week19\ELDON2_20250515_191800.wav
3153.0,3156.0,Sturnella magna,Eastern Meadowlark,0.9322,D:/AcousticMonitoringData/ELDON2_Data/Week19\ELDON2_20250515_191800.wav
3153.0,3156.0,Passerina caerulea,Blue Grosbeak,0.1555,D:/AcousticMonitoringData/ELDON2_Data/Week19\ELDON2_20250515_191800.wav
3156.0,3159.0,Sturnella magna,Eastern Meadowlark,0.9615,D:/AcousticMonitoringData/ELDON2_Data/Week19\ELDON2_20250515_191800.wav
3156.0,3159.0,Passerina caerulea,Blue Grosbeak,0.2769,D:/AcousticMonitoringData/ELDON2_Data/Week19\ELDON2_20250515_191800.wav
3159.0,3162.0,Sturnella magna,Eastern Meadowlark,0.9939,D:/AcousticMonitoringData/ELDON2_Data/Week19\ELDON2_20250515_191800.wav
3159.0,3162.0,Passerina caerulea,Blue Grosbeak,0.0655,D:/AcousticMonitoringData/ELDON2_Data/Week19\ELDON2_20250515_191800.wav
3162.0,3165.0,Sturnella magna,Eastern Meadowlark,0.7695,D:/AcousticMonitoringData/ELDON2_Data/Week19\ELDON2_20250515_191800.wav
3162.0,3165.0,Passerina caerulea,Blue Grosbeak,0.1192,D:/AcousticMonitoringData/ELDON2_Data/Week19\ELDON2_20250515_191800.wav
3165.0,3168.0,Sturnella magna,Eastern Meadowlark,0.0115,D:/AcousticMonitoringData/ELDON2_Data/Week19\ELDON2_20250515_191800.wav
3168.0,3171.0,Sturnella magna,Eastern Meadowlark,0.7755,D:/AcousticMonitoringData/ELDON2_Data/Week19\ELDON2_20250515_191800.wav
3168.0,3171.0,Passerina caerulea,Blue Grosbeak,0.0406,D:/AcousticMonitoringData/ELDON2_Data/Week19\ELDON2_20250515_191800.wav
3171.0,3174.0,Sturnella magna,Eastern Meadowlark,0.9293,D:/AcousticMonitoringData/ELDON2_Data/Week19\ELDON2_20250515_191800.wav
3171.0,3174.0,Passerina caerulea,Blue Grosbeak,0.0836,D:/AcousticMonitoringData/ELDON2_Data/Week19\ELDON2_20250515_191800.wav
3174.0,3177.0,Sturnella magna,Eastern Meadowlark,0.9477,D:/AcousticMonitoringData/ELDON2_Data/Week19\ELDON2_20250515_191800.wav
3174.0,3177.0,Passerina caerulea,Blue Grosbeak,0.0242,D:/AcousticMonitoringData/ELDON2_Data/Week19\ELDON2_20250515_191800.wav
3177.0,3180.0,Sturnella magna,Eastern Meadowlark,0.0356,D:/AcousticMonitoringData/ELDON2_Data/Week19\ELDON2_20250515_191800.wav
3177.0,3180.0,Passerina caerulea,Blue Grosbeak,0.0219,D:/AcousticMonitoringData/ELDON2_Data/Week19\ELDON2_20250515_191800.wav
3177.0,3180.0,Geothlypis trichas,Common Yellowthroat,0.0149,D:/AcousticMonitoringData/ELDON2_Data/Week19\ELDON2_20250515_191800.wav
3177.0,3180.0,Spizella pusilla,Field Sparrow,0.0114,D:/AcousticMonitoringData/ELDON2_Data/Week19\ELDON2_20250515_191800.wav
3180.0,3183.0,Sturnella magna,Eastern Meadowlark,0.7947,D:/AcousticMonitoringData/ELDON2_Data/Week19\ELDON2_20250515_191800.wav
3180.0,3183.0,Passerina caerulea,Blue Grosbeak,0.1561,D:/AcousticMonitoringData/ELDON2_Data/Week19\ELDON2_20250515_191800.wav
3180.0,3183.0,Bartramia longicauda,Upland Sandpiper,0.0115,D:/AcousticMonitoringData/ELDON2_Data/Week19\ELDON2_20250515_191800.wav
3183.0,3186.0,Sturnella magna,Eastern Meadowlark,0.0100,D:/AcousticMonitoringData/ELDON2_Data/Week19\ELDON2_20250515_191800.wav
3186.0,3189.0,Sturnella magna,Eastern Meadowlark,0.8327,D:/AcousticMonitoringData/ELDON2_Data/Week19\ELDON2_20250515_191800.wav
3186.0,3189.0,Passerina caerulea,Blue Grosbeak,0.0511,D:/AcousticMonitoringData/ELDON2_Data/Week19\ELDON2_20250515_191800.wav
3189.0,3192.0,Sturnella magna,Eastern Meadowlark,0.0396,D:/AcousticMonitoringData/ELDON2_Data/Week19\ELDON2_20250515_191800.wav
3189.0,3192.0,Geothlypis trichas,Common Yellowthroat,0.0138,D:/AcousticMonitoringData/ELDON2_Data/Week19\ELDON2_20250515_191800.wav
3192.0,3195.0,Sturnella magna,Eastern Meadowlark,0.8512,D:/AcousticMonitoringData/ELDON2_Data/Week19\ELDON2_20250515_191800.wav
3192.0,3195.0,Passerina caerulea,Blue Grosbeak,0.0561,D:/AcousticMonitoringData/ELDON2_Data/Week19\ELDON2_20250515_191800.wav
3195.0,3198.0,Sturnella magna,Eastern Meadowlark,0.8436,D:/AcousticMonitoringData/ELDON2_Data/Week19\ELDON2_20250515_191800.wav
3195.0,3198.0,Passerina caerulea,Blue Grosbeak,0.0473,D:/AcousticMonitoringData/ELDON2_Data/Week19\ELDON2_20250515_191800.wav
3198.0,3201.0,Sturnella magna,Eastern Meadowlark,0.7499,D:/AcousticMonitoringData/ELDON2_Data/Week19\ELDON2_20250515_191800.wav
3198.0,3201.0,Passerina caerulea,Blue Grosbeak,0.1152,D:/AcousticMonitoringData/ELDON2_Data/Week19\ELDON2_20250515_191800.wav
3201.0,3204.0,Sturnella magna,Eastern Meadowlark,0.9144,D:/AcousticMonitoringData/ELDON2_Data/Week19\ELDON2_20250515_191800.wav
3201.0,3204.0,Passerina caerulea,Blue Grosbeak,0.0617,D:/AcousticMonitoringData/ELDON2_Data/Week19\ELDON2_20250515_191800.wav
3204.0,3207.0,Sturnella magna,Eastern Meadowlark,0.9791,D:/AcousticMonitoringData/ELDON2_Data/Week19\ELDON2_20250515_191800.wav
3204.0,3207.0,Passerina caerulea,Blue Grosbeak,0.0719,D:/AcousticMonitoringData/ELDON2_Data/Week19\ELDON2_20250515_191800.wav
3207.0,3210.0,Sturnella magna,Eastern Meadowlark,0.8210,D:/AcousticMonitoringData/ELDON2_Data/Week19\ELDON2_20250515_191800.wav
3207.0,3210.0,Passerina caerulea,Blue Grosbeak,0.0225,D:/AcousticMonitoringData/ELDON2_Data/Week19\ELDON2_20250515_191800.wav
3210.0,3213.0,Sturnella magna,Eastern Meadowlark,0.8580,D:/AcousticMonitoringData/ELDON2_Data/Week19\ELDON2_20250515_191800.wav
3210.0,3213.0,Passerina caerulea,Blue Grosbeak,0.0614,D:/AcousticMonitoringData/ELDON2_Data/Week19\ELDON2_20250515_191800.wav
3213.0,3216.0,Sturnella magna,Eastern Meadowlark,0.0955,D:/AcousticMonitoringData/ELDON2_Data/Week19\ELDON2_20250515_191800.wav
3213.0,3216.0,Passerina caerulea,Blue Grosbeak,0.0129,D:/AcousticMonitoringData/ELDON2_Data/Week19\ELDON2_20250515_191800.wav
3216.0,3219.0,Sturnella magna,Eastern Meadowlark,0.8896,D:/AcousticMonitoringData/ELDON2_Data/Week19\ELDON2_20250515_191800.wav
3216.0,3219.0,Passerina caerulea,Blue Grosbeak,0.0450,D:/AcousticMonitoringData/ELDON2_Data/Week19\ELDON2_20250515_191800.wav
3219.0,3222.0,Sturnella magna,Eastern Meadowlark,0.8860,D:/AcousticMonitoringData/ELDON2_Data/Week19\ELDON2_20250515_191800.wav
3219.0,3222.0,Passerina caerulea,Blue Grosbeak,0.1572,D:/AcousticMonitoringData/ELDON2_Data/Week19\ELDON2_20250515_191800.wav
3222.0,3225.0,Sturnella magna,Eastern Meadowlark,0.9638,D:/AcousticMonitoringData/ELDON2_Data/Week19\ELDON2_20250515_191800.wav
3222.0,3225.0,Passerina caerulea,Blue Grosbeak,0.1688,D:/AcousticMonitoringData/ELDON2_Data/Week19\ELDON2_20250515_191800.wav
3225.0,3228.0,Sturnella magna,Eastern Meadowlark,0.4492,D:/AcousticMonitoringData/ELDON2_Data/Week19\ELDON2_20250515_191800.wav
3225.0,3228.0,Passerina caerulea,Blue Grosbeak,0.0618,D:/AcousticMonitoringData/ELDON2_Data/Week19\ELDON2_20250515_191800.wav
3228.0,3231.0,Sturnella magna,Eastern Meadowlark,0.9195,D:/AcousticMonitoringData/ELDON2_Data/Week19\ELDON2_20250515_191800.wav
3228.0,3231.0,Passerina caerulea,Blue Grosbeak,0.0217,D:/AcousticMonitoringData/ELDON2_Data/Week19\ELDON2_20250515_191800.wav
3231.0,3234.0,Sturnella magna,Eastern Meadowlark,0.3277,D:/AcousticMonitoringData/ELDON2_Data/Week19\ELDON2_20250515_191800.wav
3231.0,3234.0,Passerina caerulea,Blue Grosbeak,0.0494,D:/AcousticMonitoringData/ELDON2_Data/Week19\ELDON2_20250515_191800.wav
3234.0,3237.0,Sturnella magna,Eastern Meadowlark,0.6458,D:/AcousticMonitoringData/ELDON2_Data/Week19\ELDON2_20250515_191800.wav
3234.0,3237.0,Passerina caerulea,Blue Grosbeak,0.0188,D:/AcousticMonitoringData/ELDON2_Data/Week19\ELDON2_20250515_191800.wav
3237.0,3240.0,Sturnella magna,Eastern Meadowlark,0.9591,D:/AcousticMonitoringData/ELDON2_Data/Week19\ELDON2_20250515_191800.wav
3237.0,3240.0,Passerina caerulea,Blue Grosbeak,0.0434,D:/AcousticMonitoringData/ELDON2_Data/Week19\ELDON2_20250515_191800.wav
3240.0,3243.0,Sturnella magna,Eastern Meadowlark,0.7620,D:/AcousticMonitoringData/ELDON2_Data/Week19\ELDON2_20250515_191800.wav
3240.0,3243.0,Passerina caerulea,Blue Grosbeak,0.0108,D:/AcousticMonitoringData/ELDON2_Data/Week19\ELDON2_20250515_191800.wav
3243.0,3246.0,Sturnella magna,Eastern Meadowlark,0.9599,D:/AcousticMonitoringData/ELDON2_Data/Week19\ELDON2_20250515_191800.wav
3243.0,3246.0,Passerina caerulea,Blue Grosbeak,0.1769,D:/AcousticMonitoringData/ELDON2_Data/Week19\ELDON2_20250515_191800.wav
3246.0,3249.0,Sturnella magna,Eastern Meadowlark,0.2747,D:/AcousticMonitoringData/ELDON2_Data/Week19\ELDON2_20250515_191800.wav
3246.0,3249.0,Passerina caerulea,Blue Grosbeak,0.0330,D:/AcousticMonitoringData/ELDON2_Data/Week19\ELDON2_20250515_191800.wav
3246.0,3249.0,Spizella pusilla,Field Sparrow,0.0311,D:/AcousticMonitoringData/ELDON2_Data/Week19\ELDON2_20250515_191800.wav
3249.0,3252.0,Sturnella magna,Eastern Meadowlark,0.7980,D:/AcousticMonitoringData/ELDON2_Data/Week19\ELDON2_20250515_191800.wav
3249.0,3252.0,Passerina caerulea,Blue Grosbeak,0.0432,D:/AcousticMonitoringData/ELDON2_Data/Week19\ELDON2_20250515_191800.wav
3252.0,3255.0,Sturnella magna,Eastern Meadowlark,0.0472,D:/AcousticMonitoringData/ELDON2_Data/Week19\ELDON2_20250515_191800.wav
3255.0,3258.0,Sturnella magna,Eastern Meadowlark,0.5999,D:/AcousticMonitoringData/ELDON2_Data/Week19\ELDON2_20250515_191800.wav
3258.0,3261.0,Sturnella magna,Eastern Meadowlark,0.7627,D:/AcousticMonitoringData/ELDON2_Data/Week19\ELDON2_20250515_191800.wav
3258.0,3261.0,Passerina caerulea,Blue Grosbeak,0.1779,D:/AcousticMonitoringData/ELDON2_Data/Week19\ELDON2_20250515_191800.wav
3261.0,3264.0,Sturnella magna,Eastern Meadowlark,0.9508,D:/AcousticMonitoringData/ELDON2_Data/Week19\ELDON2_20250515_191800.wav
3261.0,3264.0,Passerina caerulea,Blue Grosbeak,0.1194,D:/AcousticMonitoringData/ELDON2_Data/Week19\ELDON2_20250515_191800.wav
3264.0,3267.0,Sturnella magna,Eastern Meadowlark,0.6478,D:/AcousticMonitoringData/ELDON2_Data/Week19\ELDON2_20250515_191800.wav
3264.0,3267.0,Passerina caerulea,Blue Grosbeak,0.0628,D:/AcousticMonitoringData/ELDON2_Data/Week19\ELDON2_20250515_191800.wav
3267.0,3270.0,Geothlypis trichas,Common Yellowthroat,0.0211,D:/AcousticMonitoringData/ELDON2_Data/Week19\ELDON2_20250515_191800.wav
3267.0,3270.0,Passerina caerulea,Blue Grosbeak,0.0197,D:/AcousticMonitoringData/ELDON2_Data/Week19\ELDON2_20250515_191800.wav
3267.0,3270.0,Spizella pusilla,Field Sparrow,0.0104,D:/AcousticMonitoringData/ELDON2_Data/Week19\ELDON2_20250515_191800.wav
3270.0,3273.0,Sturnella magna,Eastern Meadowlark,0.6821,D:/AcousticMonitoringData/ELDON2_Data/Week19\ELDON2_20250515_191800.wav
3270.0,3273.0,Passerina caerulea,Blue Grosbeak,0.0290,D:/AcousticMonitoringData/ELDON2_Data/Week19\ELDON2_20250515_191800.wav
3273.0,3276.0,Sturnella magna,Eastern Meadowlark,0.9111,D:/AcousticMonitoringData/ELDON2_Data/Week19\ELDON2_20250515_191800.wav
3273.0,3276.0,Passerina caerulea,Blue Grosbeak,0.1854,D:/AcousticMonitoringData/ELDON2_Data/Week19\ELDON2_20250515_191800.wav
3276.0,3279.0,Sturnella magna,Eastern Meadowlark,0.6570,D:/AcousticMonitoringData/ELDON2_Data/Week19\ELDON2_20250515_191800.wav
3276.0,3279.0,Passerina caerulea,Blue Grosbeak,0.0475,D:/AcousticMonitoringData/ELDON2_Data/Week19\ELDON2_20250515_191800.wav
3276.0,3279.0,Bartramia longicauda,Upland Sandpiper,0.0119,D:/AcousticMonitoringData/ELDON2_Data/Week19\ELDON2_20250515_191800.wav
3279.0,3282.0,Sturnella magna,Eastern Meadowlark,0.6428,D:/AcousticMonitoringData/ELDON2_Data/Week19\ELDON2_20250515_191800.wav
3279.0,3282.0,Passerina caerulea,Blue Grosbeak,0.1139,D:/AcousticMonitoringData/ELDON2_Data/Week19\ELDON2_20250515_191800.wav
3282.0,3285.0,Sturnella magna,Eastern Meadowlark,0.3733,D:/AcousticMonitoringData/ELDON2_Data/Week19\ELDON2_20250515_191800.wav
3285.0,3288.0,Sturnella magna,Eastern Meadowlark,0.8014,D:/AcousticMonitoringData/ELDON2_Data/Week19\ELDON2_20250515_191800.wav
3285.0,3288.0,Passerina caerulea,Blue Grosbeak,0.0255,D:/AcousticMonitoringData/ELDON2_Data/Week19\ELDON2_20250515_191800.wav
3288.0,3291.0,Sturnella magna,Eastern Meadowlark,0.8975,D:/AcousticMonitoringData/ELDON2_Data/Week19\ELDON2_20250515_191800.wav
3288.0,3291.0,Passerina caerulea,Blue Grosbeak,0.1019,D:/AcousticMonitoringData/ELDON2_Data/Week19\ELDON2_20250515_191800.wav
3291.0,3294.0,Sturnella magna,Eastern Meadowlark,0.9191,D:/AcousticMonitoringData/ELDON2_Data/Week19\ELDON2_20250515_191800.wav
3291.0,3294.0,Passerina caerulea,Blue Grosbeak,0.1313,D:/AcousticMonitoringData/ELDON2_Data/Week19\ELDON2_20250515_191800.wav
3294.0,3297.0,Sturnella magna,Eastern Meadowlark,0.2085,D:/AcousticMonitoringData/ELDON2_Data/Week19\ELDON2_20250515_191800.wav
3297.0,3300.0,Sturnella magna,Eastern Meadowlark,0.1198,D:/AcousticMonitoringData/ELDON2_Data/Week19\ELDON2_20250515_191800.wav
3297.0,3300.0,Passerina caerulea,Blue Grosbeak,0.0111,D:/AcousticMonitoringData/ELDON2_Data/Week19\ELDON2_20250515_191800.wav
3300.0,3303.0,Sturnella magna,Eastern Meadowlark,0.8446,D:/AcousticMonitoringData/ELDON2_Data/Week19\ELDON2_20250515_191800.wav
3300.0,3303.0,Passerina caerulea,Blue Grosbeak,0.0183,D:/AcousticMonitoringData/ELDON2_Data/Week19\ELDON2_20250515_191800.wav
3303.0,3306.0,Sturnella magna,Eastern Meadowlark,0.9824,D:/AcousticMonitoringData/ELDON2_Data/Week19\ELDON2_20250515_191800.wav
3303.0,3306.0,Passerina caerulea,Blue Grosbeak,0.0238,D:/AcousticMonitoringData/ELDON2_Data/Week19\ELDON2_20250515_191800.wav
3306.0,3309.0,Sturnella magna,Eastern Meadowlark,0.9514,D:/AcousticMonitoringData/ELDON2_Data/Week19\ELDON2_20250515_191800.wav
3306.0,3309.0,Passerina caerulea,Blue Grosbeak,0.1141,D:/AcousticMonitoringData/ELDON2_Data/Week19\ELDON2_20250515_191800.wav
3309.0,3312.0,Sturnella magna,Eastern Meadowlark,0.1973,D:/AcousticMonitoringData/ELDON2_Data/Week19\ELDON2_20250515_191800.wav
3312.0,3315.0,Sturnella magna,Eastern Meadowlark,0.9396,D:/AcousticMonitoringData/ELDON2_Data/Week19\ELDON2_20250515_191800.wav
3312.0,3315.0,Passerina caerulea,Blue Grosbeak,0.0558,D:/AcousticMonitoringData/ELDON2_Data/Week19\ELDON2_20250515_191800.wav
3315.0,3318.0,Sturnella magna,Eastern Meadowlark,0.9301,D:/AcousticMonitoringData/ELDON2_Data/Week19\ELDON2_20250515_191800.wav
3315.0,3318.0,Passerina caerulea,Blue Grosbeak,0.0331,D:/AcousticMonitoringData/ELDON2_Data/Week19\ELDON2_20250515_191800.wav
3318.0,3321.0,Sturnella magna,Eastern Meadowlark,0.7121,D:/AcousticMonitoringData/ELDON2_Data/Week19\ELDON2_20250515_191800.wav
3318.0,3321.0,Passerina caerulea,Blue Grosbeak,0.0254,D:/AcousticMonitoringData/ELDON2_Data/Week19\ELDON2_20250515_191800.wav
3321.0,3324.0,Sturnella magna,Eastern Meadowlark,0.9253,D:/AcousticMonitoringData/ELDON2_Data/Week19\ELDON2_20250515_191800.wav
3321.0,3324.0,Passerina caerulea,Blue Grosbeak,0.0252,D:/AcousticMonitoringData/ELDON2_Data/Week19\ELDON2_20250515_191800.wav
3324.0,3327.0,Sturnella magna,Eastern Meadowlark,0.7155,D:/AcousticMonitoringData/ELDON2_Data/Week19\ELDON2_20250515_191800.wav
3324.0,3327.0,Passerina caerulea,Blue Grosbeak,0.0398,D:/AcousticMonitoringData/ELDON2_Data/Week19\ELDON2_20250515_191800.wav
3327.0,3330.0,Sturnella magna,Eastern Meadowlark,0.9323,D:/AcousticMonitoringData/ELDON2_Data/Week19\ELDON2_20250515_191800.wav
3327.0,3330.0,Passerina caerulea,Blue Grosbeak,0.0725,D:/AcousticMonitoringData/ELDON2_Data/Week19\ELDON2_20250515_191800.wav
3327.0,3330.0,Bartramia longicauda,Upland Sandpiper,0.0119,D:/AcousticMonitoringData/ELDON2_Data/Week19\ELDON2_20250515_191800.wav
3330.0,3333.0,Sturnella magna,Eastern Meadowlark,0.9207,D:/AcousticMonitoringData/ELDON2_Data/Week19\ELDON2_20250515_191800.wav
3330.0,3333.0,Passerina caerulea,Blue Grosbeak,0.0757,D:/AcousticMonitoringData/ELDON2_Data/Week19\ELDON2_20250515_191800.wav
3333.0,3336.0,Sturnella magna,Eastern Meadowlark,0.8200,D:/AcousticMonitoringData/ELDON2_Data/Week19\ELDON2_20250515_191800.wav
3333.0,3336.0,Passerina caerulea,Blue Grosbeak,0.0501,D:/AcousticMonitoringData/ELDON2_Data/Week19\ELDON2_20250515_191800.wav
3336.0,3339.0,Sturnella magna,Eastern Meadowlark,0.5976,D:/AcousticMonitoringData/ELDON2_Data/Week19\ELDON2_20250515_191800.wav
3336.0,3339.0,Passerina caerulea,Blue Grosbeak,0.0284,D:/AcousticMonitoringData/ELDON2_Data/Week19\ELDON2_20250515_191800.wav
3339.0,3342.0,Sturnella magna,Eastern Meadowlark,0.3056,D:/AcousticMonitoringData/ELDON2_Data/Week19\ELDON2_20250515_191800.wav
3342.0,3345.0,Sturnella magna,Eastern Meadowlark,0.8373,D:/AcousticMonitoringData/ELDON2_Data/Week19\ELDON2_20250515_191800.wav
3342.0,3345.0,Passerina caerulea,Blue Grosbeak,0.0928,D:/AcousticMonitoringData/ELDON2_Data/Week19\ELDON2_20250515_191800.wav
3345.0,3348.0,Sturnella magna,Eastern Meadowlark,0.6305,D:/AcousticMonitoringData/ELDON2_Data/Week19\ELDON2_20250515_191800.wav
3345.0,3348.0,Passerina caerulea,Blue Grosbeak,0.0363,D:/AcousticMonitoringData/ELDON2_Data/Week19\ELDON2_20250515_191800.wav
3348.0,3351.0,Sturnella magna,Eastern Meadowlark,0.8340,D:/AcousticMonitoringData/ELDON2_Data/Week19\ELDON2_20250515_191800.wav
3351.0,3354.0,Sturnella magna,Eastern Meadowlark,0.8390,D:/AcousticMonitoringData/ELDON2_Data/Week19\ELDON2_20250515_191800.wav
3351.0,3354.0,Passerina caerulea,Blue Grosbeak,0.0305,D:/AcousticMonitoringData/ELDON2_Data/Week19\ELDON2_20250515_191800.wav
3354.0,3357.0,Sturnella magna,Eastern Meadowlark,0.9479,D:/AcousticMonitoringData/ELDON2_Data/Week19\ELDON2_20250515_191800.wav
3354.0,3357.0,Passerina caerulea,Blue Grosbeak,0.0158,D:/AcousticMonitoringData/ELDON2_Data/Week19\ELDON2_20250515_191800.wav
3357.0,3360.0,Sturnella magna,Eastern Meadowlark,0.8193,D:/AcousticMonitoringData/ELDON2_Data/Week19\ELDON2_20250515_191800.wav
3357.0,3360.0,Passerina caerulea,Blue Grosbeak,0.0159,D:/AcousticMonitoringData/ELDON2_Data/Week19\ELDON2_20250515_191800.wav
3360.0,3363.0,Sturnella magna,Eastern Meadowlark,0.8777,D:/AcousticMonitoringData/ELDON2_Data/Week19\ELDON2_20250515_191800.wav
3360.0,3363.0,Passerina caerulea,Blue Grosbeak,0.0595,D:/AcousticMonitoringData/ELDON2_Data/Week19\ELDON2_20250515_191800.wav
3360.0,3363.0,Spizella pusilla,Field Sparrow,0.0120,D:/AcousticMonitoringData/ELDON2_Data/Week19\ELDON2_20250515_191800.wav
3363.0,3366.0,Sturnella magna,Eastern Meadowlark,0.1034,D:/AcousticMonitoringData/ELDON2_Data/Week19\ELDON2_20250515_191800.wav
3363.0,3366.0,Geothlypis trichas,Common Yellowthroat,0.0102,D:/AcousticMonitoringData/ELDON2_Data/Week19\ELDON2_20250515_191800.wav
3366.0,3369.0,Sturnella magna,Eastern Meadowlark,0.9248,D:/AcousticMonitoringData/ELDON2_Data/Week19\ELDON2_20250515_191800.wav
3366.0,3369.0,Passerina caerulea,Blue Grosbeak,0.0215,D:/AcousticMonitoringData/ELDON2_Data/Week19\ELDON2_20250515_191800.wav
3369.0,3372.0,Sturnella magna,Eastern Meadowlark,0.0704,D:/AcousticMonitoringData/ELDON2_Data/Week19\ELDON2_20250515_191800.wav
3369.0,3372.0,Passerina caerulea,Blue Grosbeak,0.0336,D:/AcousticMonitoringData/ELDON2_Data/Week19\ELDON2_20250515_191800.wav
3372.0,3375.0,Sturnella magna,Eastern Meadowlark,0.5571,D:/AcousticMonitoringData/ELDON2_Data/Week19\ELDON2_20250515_191800.wav
3372.0,3375.0,Passerina caerulea,Blue Grosbeak,0.0277,D:/AcousticMonitoringData/ELDON2_Data/Week19\ELDON2_20250515_191800.wav
3375.0,3378.0,Sturnella magna,Eastern Meadowlark,0.9884,D:/AcousticMonitoringData/ELDON2_Data/Week19\ELDON2_20250515_191800.wav
3375.0,3378.0,Passerina caerulea,Blue Grosbeak,0.0379,D:/AcousticMonitoringData/ELDON2_Data/Week19\ELDON2_20250515_191800.wav
3378.0,3381.0,Sturnella magna,Eastern Meadowlark,0.7223,D:/AcousticMonitoringData/ELDON2_Data/Week19\ELDON2_20250515_191800.wav
3378.0,3381.0,Passerina caerulea,Blue Grosbeak,0.0752,D:/AcousticMonitoringData/ELDON2_Data/Week19\ELDON2_20250515_191800.wav
3381.0,3384.0,Sturnella magna,Eastern Meadowlark,0.9038,D:/AcousticMonitoringData/ELDON2_Data/Week19\ELDON2_20250515_191800.wav
3381.0,3384.0,Passerina caerulea,Blue Grosbeak,0.0301,D:/AcousticMonitoringData/ELDON2_Data/Week19\ELDON2_20250515_191800.wav
3384.0,3387.0,Sturnella magna,Eastern Meadowlark,0.9878,D:/AcousticMonitoringData/ELDON2_Data/Week19\ELDON2_20250515_191800.wav
3384.0,3387.0,Passerina caerulea,Blue Grosbeak,0.0559,D:/AcousticMonitoringData/ELDON2_Data/Week19\ELDON2_20250515_191800.wav
3387.0,3390.0,Sturnella magna,Eastern Meadowlark,0.0592,D:/AcousticMonitoringData/ELDON2_Data/Week19\ELDON2_20250515_191800.wav
3387.0,3390.0,Geothlypis trichas,Common Yellowthroat,0.0328,D:/AcousticMonitoringData/ELDON2_Data/Week19\ELDON2_20250515_191800.wav
3387.0,3390.0,Melospiza melodia,Song Sparrow,0.0206,D:/AcousticMonitoringData/ELDON2_Data/Week19\ELDON2_20250515_191800.wav
3390.0,3393.0,Sturnella magna,Eastern Meadowlark,0.7964,D:/AcousticMonitoringData/ELDON2_Data/Week19\ELDON2_20250515_191800.wav
3390.0,3393.0,Bartramia longicauda,Upland Sandpiper,0.0209,D:/AcousticMonitoringData/ELDON2_Data/Week19\ELDON2_20250515_191800.wav
3390.0,3393.0,Passerina caerulea,Blue Grosbeak,0.0160,D:/AcousticMonitoringData/ELDON2_Data/Week19\ELDON2_20250515_191800.wav
3393.0,3396.0,Sturnella magna,Eastern Meadowlark,0.9364,D:/AcousticMonitoringData/ELDON2_Data/Week19\ELDON2_20250515_191800.wav
3396.0,3399.0,Sturnella magna,Eastern Meadowlark,0.9622,D:/AcousticMonitoringData/ELDON2_Data/Week19\ELDON2_20250515_191800.wav
3396.0,3399.0,Passerina caerulea,Blue Grosbeak,0.1129,D:/AcousticMonitoringData/ELDON2_Data/Week19\ELDON2_20250515_191800.wav
3399.0,3402.0,Sturnella magna,Eastern Meadowlark,0.4079,D:/AcousticMonitoringData/ELDON2_Data/Week19\ELDON2_20250515_191800.wav
3402.0,3405.0,Sturnella magna,Eastern Meadowlark,0.7663,D:/AcousticMonitoringData/ELDON2_Data/Week19\ELDON2_20250515_191800.wav
3402.0,3405.0,Passerina caerulea,Blue Grosbeak,0.0223,D:/AcousticMonitoringData/ELDON2_Data/Week19\ELDON2_20250515_191800.wav
3405.0,3408.0,Sturnella magna,Eastern Meadowlark,0.9427,D:/AcousticMonitoringData/ELDON2_Data/Week19\ELDON2_20250515_191800.wav
3405.0,3408.0,Passerina caerulea,Blue Grosbeak,0.1083,D:/AcousticMonitoringData/ELDON2_Data/Week19\ELDON2_20250515_191800.wav
3408.0,3411.0,Sturnella magna,Eastern Meadowlark,0.2748,D:/AcousticMonitoringData/ELDON2_Data/Week19\ELDON2_20250515_191800.wav
3408.0,3411.0,Passerina caerulea,Blue Grosbeak,0.0145,D:/AcousticMonitoringData/ELDON2_Data/Week19\ELDON2_20250515_191800.wav
3411.0,3414.0,Sturnella magna,Eastern Meadowlark,0.6142,D:/AcousticMonitoringData/ELDON2_Data/Week19\ELDON2_20250515_191800.wav
3414.0,3417.0,Sturnella magna,Eastern Meadowlark,0.9050,D:/AcousticMonitoringData/ELDON2_Data/Week19\ELDON2_20250515_191800.wav
3414.0,3417.0,Passerina caerulea,Blue Grosbeak,0.0191,D:/AcousticMonitoringData/ELDON2_Data/Week19\ELDON2_20250515_191800.wav
3417.0,3420.0,Sturnella magna,Eastern Meadowlark,0.3108,D:/AcousticMonitoringData/ELDON2_Data/Week19\ELDON2_20250515_191800.wav
3420.0,3423.0,Sturnella magna,Eastern Meadowlark,0.9244,D:/AcousticMonitoringData/ELDON2_Data/Week19\ELDON2_20250515_191800.wav
3420.0,3423.0,Passerina caerulea,Blue Grosbeak,0.1732,D:/AcousticMonitoringData/ELDON2_Data/Week19\ELDON2_20250515_191800.wav
3423.0,3426.0,Sturnella magna,Eastern Meadowlark,0.0135,D:/AcousticMonitoringData/ELDON2_Data/Week19\ELDON2_20250515_191800.wav
3426.0,3429.0,Sturnella magna,Eastern Meadowlark,0.8201,D:/AcousticMonitoringData/ELDON2_Data/Week19\ELDON2_20250515_191800.wav
3426.0,3429.0,Passerina caerulea,Blue Grosbeak,0.0570,D:/AcousticMonitoringData/ELDON2_Data/Week19\ELDON2_20250515_191800.wav
3429.0,3432.0,Sturnella magna,Eastern Meadowlark,0.0336,D:/AcousticMonitoringData/ELDON2_Data/Week19\ELDON2_20250515_191800.wav
3432.0,3435.0,Sturnella magna,Eastern Meadowlark,0.8552,D:/AcousticMonitoringData/ELDON2_Data/Week19\ELDON2_20250515_191800.wav
3432.0,3435.0,Passerina caerulea,Blue Grosbeak,0.0263,D:/AcousticMonitoringData/ELDON2_Data/Week19\ELDON2_20250515_191800.wav
3435.0,3438.0,Sturnella magna,Eastern Meadowlark,0.2900,D:/AcousticMonitoringData/ELDON2_Data/Week19\ELDON2_20250515_191800.wav
3438.0,3441.0,Sturnella magna,Eastern Meadowlark,0.8270,D:/AcousticMonitoringData/ELDON2_Data/Week19\ELDON2_20250515_191800.wav
3441.0,3444.0,Sturnella magna,Eastern Meadowlark,0.6766,D:/AcousticMonitoringData/ELDON2_Data/Week19\ELDON2_20250515_191800.wav
3441.0,3444.0,Passerina caerulea,Blue Grosbeak,0.0113,D:/AcousticMonitoringData/ELDON2_Data/Week19\ELDON2_20250515_191800.wav
3444.0,3447.0,Sturnella magna,Eastern Meadowlark,0.9453,D:/AcousticMonitoringData/ELDON2_Data/Week19\ELDON2_20250515_191800.wav
3444.0,3447.0,Passerina caerulea,Blue Grosbeak,0.1208,D:/AcousticMonitoringData/ELDON2_Data/Week19\ELDON2_20250515_191800.wav
3447.0,3450.0,Sturnella magna,Eastern Meadowlark,0.0241,D:/AcousticMonitoringData/ELDON2_Data/Week19\ELDON2_20250515_191800.wav
3450.0,3453.0,Sturnella magna,Eastern Meadowlark,0.9311,D:/AcousticMonitoringData/ELDON2_Data/Week19\ELDON2_20250515_191800.wav
3450.0,3453.0,Passerina caerulea,Blue Grosbeak,0.0117,D:/AcousticMonitoringData/ELDON2_Data/Week19\ELDON2_20250515_191800.wav
3453.0,3456.0,Sturnella magna,Eastern Meadowlark,0.7196,D:/AcousticMonitoringData/ELDON2_Data/Week19\ELDON2_20250515_191800.wav
3453.0,3456.0,Passerina caerulea,Blue Grosbeak,0.0391,D:/AcousticMonitoringData/ELDON2_Data/Week19\ELDON2_20250515_191800.wav
3456.0,3459.0,Sturnella magna,Eastern Meadowlark,0.1571,D:/AcousticMonitoringData/ELDON2_Data/Week19\ELDON2_20250515_191800.wav
3459.0,3462.0,Sturnella magna,Eastern Meadowlark,0.1973,D:/AcousticMonitoringData/ELDON2_Data/Week19\ELDON2_20250515_191800.wav
3459.0,3462.0,Passerina caerulea,Blue Grosbeak,0.0299,D:/AcousticMonitoringData/ELDON2_Data/Week19\ELDON2_20250515_191800.wav
3462.0,3465.0,Sturnella magna,Eastern Meadowlark,0.7398,D:/AcousticMonitoringData/ELDON2_Data/Week19\ELDON2_20250515_191800.wav
3462.0,3465.0,Passerina caerulea,Blue Grosbeak,0.0528,D:/AcousticMonitoringData/ELDON2_Data/Week19\ELDON2_20250515_191800.wav
3465.0,3468.0,Sturnella magna,Eastern Meadowlark,0.0401,D:/AcousticMonitoringData/ELDON2_Data/Week19\ELDON2_20250515_191800.wav
3468.0,3471.0,Sturnella magna,Eastern Meadowlark,0.0351,D:/AcousticMonitoringData/ELDON2_Data/Week19\ELDON2_20250515_191800.wav
3474.0,3477.0,Sturnella magna,Eastern Meadowlark,0.6479,D:/AcousticMonitoringData/ELDON2_Data/Week19\ELDON2_20250515_191800.wav
3474.0,3477.0,Passerina caerulea,Blue Grosbeak,0.0591,D:/AcousticMonitoringData/ELDON2_Data/Week19\ELDON2_20250515_191800.wav
3474.0,3477.0,Bartramia longicauda,Upland Sandpiper,0.0160,D:/AcousticMonitoringData/ELDON2_Data/Week19\ELDON2_20250515_191800.wav
3477.0,3480.0,Sturnella magna,Eastern Meadowlark,0.9211,D:/AcousticMonitoringData/ELDON2_Data/Week19\ELDON2_20250515_191800.wav
3477.0,3480.0,Passerina caerulea,Blue Grosbeak,0.0123,D:/AcousticMonitoringData/ELDON2_Data/Week19\ELDON2_20250515_191800.wav
3480.0,3483.0,Sturnella magna,Eastern Meadowlark,0.9132,D:/AcousticMonitoringData/ELDON2_Data/Week19\ELDON2_20250515_191800.wav
3480.0,3483.0,Spizella pusilla,Field Sparrow,0.0167,D:/AcousticMonitoringData/ELDON2_Data/Week19\ELDON2_20250515_191800.wav
3480.0,3483.0,Passerina caerulea,Blue Grosbeak,0.0123,D:/AcousticMonitoringData/ELDON2_Data/Week19\ELDON2_20250515_191800.wav
3483.0,3486.0,Sturnella magna,Eastern Meadowlark,0.2210,D:/AcousticMonitoringData/ELDON2_Data/Week19\ELDON2_20250515_191800.wav
3486.0,3489.0,Sturnella magna,Eastern Meadowlark,0.1813,D:/AcousticMonitoringData/ELDON2_Data/Week19\ELDON2_20250515_191800.wav
3486.0,3489.0,Passerina caerulea,Blue Grosbeak,0.0154,D:/AcousticMonitoringData/ELDON2_Data/Week19\ELDON2_20250515_191800.wav
3489.0,3492.0,Sturnella magna,Eastern Meadowlark,0.2318,D:/AcousticMonitoringData/ELDON2_Data/Week19\ELDON2_20250515_191800.wav
3489.0,3492.0,Passerina caerulea,Blue Grosbeak,0.0300,D:/AcousticMonitoringData/ELDON2_Data/Week19\ELDON2_20250515_191800.wav
3492.0,3495.0,Sturnella magna,Eastern Meadowlark,0.8358,D:/AcousticMonitoringData/ELDON2_Data/Week19\ELDON2_20250515_191800.wav
3492.0,3495.0,Passerina caerulea,Blue Grosbeak,0.0241,D:/AcousticMonitoringData/ELDON2_Data/Week19\ELDON2_20250515_191800.wav
3495.0,3498.0,Sturnella magna,Eastern Meadowlark,0.2734,D:/AcousticMonitoringData/ELDON2_Data/Week19\ELDON2_20250515_191800.wav
3498.0,3501.0,Sturnella magna,Eastern Meadowlark,0.8821,D:/AcousticMonitoringData/ELDON2_Data/Week19\ELDON2_20250515_191800.wav
3498.0,3501.0,Passerina caerulea,Blue Grosbeak,0.0325,D:/AcousticMonitoringData/ELDON2_Data/Week19\ELDON2_20250515_191800.wav
3501.0,3504.0,Sturnella magna,Eastern Meadowlark,0.8737,D:/AcousticMonitoringData/ELDON2_Data/Week19\ELDON2_20250515_191800.wav
3501.0,3504.0,Passerina caerulea,Blue Grosbeak,0.0457,D:/AcousticMonitoringData/ELDON2_Data/Week19\ELDON2_20250515_191800.wav
3504.0,3507.0,Sturnella magna,Eastern Meadowlark,0.9769,D:/AcousticMonitoringData/ELDON2_Data/Week19\ELDON2_20250515_191800.wav
3504.0,3507.0,Passerina caerulea,Blue Grosbeak,0.0334,D:/AcousticMonitoringData/ELDON2_Data/Week19\ELDON2_20250515_191800.wav
3507.0,3510.0,Sturnella magna,Eastern Meadowlark,0.9385,D:/AcousticMonitoringData/ELDON2_Data/Week19\ELDON2_20250515_191800.wav
3507.0,3510.0,Passerina caerulea,Blue Grosbeak,0.0666,D:/AcousticMonitoringData/ELDON2_Data/Week19\ELDON2_20250515_191800.wav
3510.0,3513.0,Sturnella magna,Eastern Meadowlark,0.8695,D:/AcousticMonitoringData/ELDON2_Data/Week19\ELDON2_20250515_191800.wav
3510.0,3513.0,Passerina caerulea,Blue Grosbeak,0.0194,D:/AcousticMonitoringData/ELDON2_Data/Week19\ELDON2_20250515_191800.wav
3513.0,3516.0,Sturnella magna,Eastern Meadowlark,0.7881,D:/AcousticMonitoringData/ELDON2_Data/Week19\ELDON2_20250515_191800.wav
3513.0,3516.0,Passerina caerulea,Blue Grosbeak,0.0159,D:/AcousticMonitoringData/ELDON2_Data/Week19\ELDON2_20250515_191800.wav
3516.0,3519.0,Sturnella magna,Eastern Meadowlark,0.9758,D:/AcousticMonitoringData/ELDON2_Data/Week19\ELDON2_20250515_191800.wav
3516.0,3519.0,Passerina caerulea,Blue Grosbeak,0.0744,D:/AcousticMonitoringData/ELDON2_Data/Week19\ELDON2_20250515_191800.wav
3519.0,3522.0,Sturnella magna,Eastern Meadowlark,0.2200,D:/AcousticMonitoringData/ELDON2_Data/Week19\ELDON2_20250515_191800.wav
3519.0,3522.0,Passerina caerulea,Blue Grosbeak,0.0223,D:/AcousticMonitoringData/ELDON2_Data/Week19\ELDON2_20250515_191800.wav
3522.0,3525.0,Sturnella magna,Eastern Meadowlark,0.8982,D:/AcousticMonitoringData/ELDON2_Data/Week19\ELDON2_20250515_191800.wav
3522.0,3525.0,Passerina caerulea,Blue Grosbeak,0.0677,D:/AcousticMonitoringData/ELDON2_Data/Week19\ELDON2_20250515_191800.wav
3525.0,3528.0,Sturnella magna,Eastern Meadowlark,0.9007,D:/AcousticMonitoringData/ELDON2_Data/Week19\ELDON2_20250515_191800.wav
3528.0,3531.0,Sturnella magna,Eastern Meadowlark,0.9920,D:/AcousticMonitoringData/ELDON2_Data/Week19\ELDON2_20250515_191800.wav
3528.0,3531.0,Passerina caerulea,Blue Grosbeak,0.0393,D:/AcousticMonitoringData/ELDON2_Data/Week19\ELDON2_20250515_191800.wav
3531.0,3534.0,Sturnella magna,Eastern Meadowlark,0.8660,D:/AcousticMonitoringData/ELDON2_Data/Week19\ELDON2_20250515_191800.wav
3531.0,3534.0,Passerina caerulea,Blue Grosbeak,0.0400,D:/AcousticMonitoringData/ELDON2_Data/Week19\ELDON2_20250515_191800.wav
3534.0,3537.0,Sturnella magna,Eastern Meadowlark,0.9816,D:/AcousticMonitoringData/ELDON2_Data/Week19\ELDON2_20250515_191800.wav
3534.0,3537.0,Passerina caerulea,Blue Grosbeak,0.0710,D:/AcousticMonitoringData/ELDON2_Data/Week19\ELDON2_20250515_191800.wav
3537.0,3540.0,Sturnella magna,Eastern Meadowlark,0.9707,D:/AcousticMonitoringData/ELDON2_Data/Week19\ELDON2_20250515_191800.wav
3537.0,3540.0,Passerina caerulea,Blue Grosbeak,0.0696,D:/AcousticMonitoringData/ELDON2_Data/Week19\ELDON2_20250515_191800.wav
3540.0,3543.0,Sturnella magna,Eastern Meadowlark,0.9771,D:/AcousticMonitoringData/ELDON2_Data/Week19\ELDON2_20250515_191800.wav
3540.0,3543.0,Passerina caerulea,Blue Grosbeak,0.0380,D:/AcousticMonitoringData/ELDON2_Data/Week19\ELDON2_20250515_191800.wav
3546.0,3549.0,Sturnella magna,Eastern Meadowlark,0.9583,D:/AcousticMonitoringData/ELDON2_Data/Week19\ELDON2_20250515_191800.wav
3546.0,3549.0,Passerina caerulea,Blue Grosbeak,0.0482,D:/AcousticMonitoringData/ELDON2_Data/Week19\ELDON2_20250515_191800.wav
3549.0,3552.0,Sturnella magna,Eastern Meadowlark,0.7489,D:/AcousticMonitoringData/ELDON2_Data/Week19\ELDON2_20250515_191800.wav
3549.0,3552.0,Passerina caerulea,Blue Grosbeak,0.0290,D:/AcousticMonitoringData/ELDON2_Data/Week19\ELDON2_20250515_191800.wav
3552.0,3555.0,Sturnella magna,Eastern Meadowlark,0.4756,D:/AcousticMonitoringData/ELDON2_Data/Week19\ELDON2_20250515_191800.wav
3552.0,3555.0,Passerina caerulea,Blue Grosbeak,0.0317,D:/AcousticMonitoringData/ELDON2_Data/Week19\ELDON2_20250515_191800.wav
3555.0,3558.0,Sturnella magna,Eastern Meadowlark,0.5638,D:/AcousticMonitoringData/ELDON2_Data/Week19\ELDON2_20250515_191800.wav
3555.0,3558.0,Passerina caerulea,Blue Grosbeak,0.0376,D:/AcousticMonitoringData/ELDON2_Data/Week19\ELDON2_20250515_191800.wav
3558.0,3561.0,Sturnella magna,Eastern Meadowlark,0.0264,D:/AcousticMonitoringData/ELDON2_Data/Week19\ELDON2_20250515_191800.wav
3561.0,3564.0,Sturnella magna,Eastern Meadowlark,0.8840,D:/AcousticMonitoringData/ELDON2_Data/Week19\ELDON2_20250515_191800.wav
3561.0,3564.0,Passerina caerulea,Blue Grosbeak,0.0560,D:/AcousticMonitoringData/ELDON2_Data/Week19\ELDON2_20250515_191800.wav
3561.0,3564.0,Spizella pusilla,Field Sparrow,0.0121,D:/AcousticMonitoringData/ELDON2_Data/Week19\ELDON2_20250515_191800.wav
3561.0,3564.0,Bartramia longicauda,Upland Sandpiper,0.0119,D:/AcousticMonitoringData/ELDON2_Data/Week19\ELDON2_20250515_191800.wav
3564.0,3567.0,Sturnella magna,Eastern Meadowlark,0.5775,D:/AcousticMonitoringData/ELDON2_Data/Week19\ELDON2_20250515_191800.wav
3564.0,3567.0,Passerina caerulea,Blue Grosbeak,0.0307,D:/AcousticMonitoringData/ELDON2_Data/Week19\ELDON2_20250515_191800.wav
3567.0,3570.0,Sturnella magna,Eastern Meadowlark,0.4753,D:/AcousticMonitoringData/ELDON2_Data/Week19\ELDON2_20250515_191800.wav
3567.0,3570.0,Passerina caerulea,Blue Grosbeak,0.1581,D:/AcousticMonitoringData/ELDON2_Data/Week19\ELDON2_20250515_191800.wav
3570.0,3573.0,Sturnella magna,Eastern Meadowlark,0.4179,D:/AcousticMonitoringData/ELDON2_Data/Week19\ELDON2_20250515_191800.wav
3570.0,3573.0,Passerina caerulea,Blue Grosbeak,0.0268,D:/AcousticMonitoringData/ELDON2_Data/Week19\ELDON2_20250515_191800.wav
3570.0,3573.0,Bartramia longicauda,Upland Sandpiper,0.0206,D:/AcousticMonitoringData/ELDON2_Data/Week19\ELDON2_20250515_191800.wav
3570.0,3573.0,Spizella pusilla,Field Sparrow,0.0101,D:/AcousticMonitoringData/ELDON2_Data/Week19\ELDON2_20250515_191800.wav
3576.0,3579.0,Sturnella magna,Eastern Meadowlark,0.0639,D:/AcousticMonitoringData/ELDON2_Data/Week19\ELDON2_20250515_191800.wav
3576.0,3579.0,Passerina caerulea,Blue Grosbeak,0.0171,D:/AcousticMonitoringData/ELDON2_Data/Week19\ELDON2_20250515_191800.wav
3582.0,3585.0,Spizella pusilla,Field Sparrow,0.0718,D:/AcousticMonitoringData/ELDON2_Data/Week19\ELDON2_20250515_191800.wav
3582.0,3585.0,Sturnella magna,Eastern Meadowlark,0.0133,D:/AcousticMonitoringData/ELDON2_Data/Week19\ELDON2_20250515_191800.wav
3588.0,3591.0,Geothlypis trichas,Common Yellowthroat,0.0267,D:/AcousticMonitoringData/ELDON2_Data/Week19\ELDON2_20250515_191800.wav
3588.0,3591.0,Spizella pusilla,Field Sparrow,0.0210,D:/AcousticMonitoringData/ELDON2_Data/Week19\ELDON2_20250515_191800.wav
3591.0,3594.0,Geothlypis trichas,Common Yellowthroat,0.0744,D:/AcousticMonitoringData/ELDON2_Data/Week19\ELDON2_20250515_191800.wav
3594.0,3597.0,Geothlypis trichas,Common Yellowthroat,0.0968,D:/AcousticMonitoringData/ELDON2_Data/Week19\ELDON2_20250515_191800.wav
3597.0,3600.0,Geothlypis trichas,Common Yellowthroat,0.0475,D:/AcousticMonitoringData/ELDON2_Data/Week19\ELDON2_20250515_191800.wav
3597.0,3600.0,Spizella pusilla,Field Sparrow,0.0138,D:/AcousticMonitoringData/ELDON2_Data/Week19\ELDON2_20250515_191800.wav
3597.0,3600.0,Melospiza melodia,Song Sparrow,0.0127,D:/AcousticMonitoringData/ELDON2_Data/Week19\ELDON2_20250515_191800.wav
3603.0,3606.0,Sturnella magna,Eastern Meadowlark,0.0159,D:/AcousticMonitoringData/ELDON2_Data/Week19\ELDON2_20250515_191800.wav
