Start (s),End (s),Scientific name,Common name,Confidence,File
6.0,9.0,Sturnella magna,Eastern Meadowlark,0.0599,E:\AcousticMonitoringData\ELDON2_Data\Week26\ELDON2_20250710_193900.wav
12.0,15.0,Sturnella magna,Eastern Meadowlark,0.9669,E:\AcousticMonitoringData\ELDON2_Data\Week26\ELDON2_20250710_193900.wav
12.0,15.0,Passerina caerulea,Blue Grosbeak,0.1225,E:\AcousticMonitoringData\ELDON2_Data\Week26\ELDON2_20250710_193900.wav
15.0,18.0,Sturnella magna,Eastern Meadowlark,0.7965,E:\AcousticMonitoringData\ELDON2_Data\Week26\ELDON2_20250710_193900.wav
15.0,18.0,Passerina caerulea,Blue Grosbeak,0.1016,E:\AcousticMonitoringData\ELDON2_Data\Week26\ELDON2_20250710_193900.wav
30.0,33.0,Sturnella magna,Eastern Meadowlark,0.2126,E:\AcousticMonitoringData\ELDON2_Data\Week26\ELDON2_20250710_193900.wav
36.0,39.0,Sturnella magna,Eastern Meadowlark,0.7704,E:\AcousticMonitoringData\ELDON2_Data\Week26\ELDON2_20250710_193900.wav
36.0,39.0,Passerina caerulea,Blue Grosbeak,0.1005,E:\AcousticMonitoringData\ELDON2_Data\Week26\ELDON2_20250710_193900.wav
39.0,42.0,Sturnella magna,Eastern Meadowlark,0.2107,E:\AcousticMonitoringData\ELDON2_Data\Week26\ELDON2_20250710_193900.wav
39.0,42.0,Passerina caerulea,Blue Grosbeak,0.0623,E:\AcousticMonitoringData\ELDON2_Data\Week26\ELDON2_20250710_193900.wav
48.0,51.0,Sturnella magna,Eastern Meadowlark,0.0922,E:\AcousticMonitoringData\ELDON2_Data\Week26\ELDON2_20250710_193900.wav
57.0,60.0,Sturnella magna,Eastern Meadowlark,0.0540,E:\AcousticMonitoringData\ELDON2_Data\Week26\ELDON2_20250710_193900.wav
60.0,63.0,Sturnella magna,Eastern Meadowlark,0.1239,E:\AcousticMonitoringData\ELDON2_Data\Week26\ELDON2_20250710_193900.wav
63.0,66.0,Sturnella magna,Eastern Meadowlark,0.0759,E:\AcousticMonitoringData\ELDON2_Data\Week26\ELDON2_20250710_193900.wav
69.0,72.0,Sturnella magna,Eastern Meadowlark,0.8294,E:\AcousticMonitoringData\ELDON2_Data\Week26\ELDON2_20250710_193900.wav
72.0,75.0,Sturnella magna,Eastern Meadowlark,0.1120,E:\AcousticMonitoringData\ELDON2_Data\Week26\ELDON2_20250710_193900.wav
72.0,75.0,Passerina caerulea,Blue Grosbeak,0.0577,E:\AcousticMonitoringData\ELDON2_Data\Week26\ELDON2_20250710_193900.wav
75.0,78.0,Sturnella magna,Eastern Meadowlark,0.0509,E:\AcousticMonitoringData\ELDON2_Data\Week26\ELDON2_20250710_193900.wav
90.0,93.0,Sturnella magna,Eastern Meadowlark,0.1395,E:\AcousticMonitoringData\ELDON2_Data\Week26\ELDON2_20250710_193900.wav
96.0,99.0,Sturnella magna,Eastern Meadowlark,0.8935,E:\AcousticMonitoringData\ELDON2_Data\Week26\ELDON2_20250710_193900.wav
96.0,99.0,Passerina caerulea,Blue Grosbeak,0.0605,E:\AcousticMonitoringData\ELDON2_Data\Week26\ELDON2_20250710_193900.wav
108.0,111.0,Sturnella magna,Eastern Meadowlark,0.0601,E:\AcousticMonitoringData\ELDON2_Data\Week26\ELDON2_20250710_193900.wav
111.0,114.0,Sturnella magna,Eastern Meadowlark,0.0832,E:\AcousticMonitoringData\ELDON2_Data\Week26\ELDON2_20250710_193900.wav
117.0,120.0,Sturnella magna,Eastern Meadowlark,0.0681,E:\AcousticMonitoringData\ELDON2_Data\Week26\ELDON2_20250710_193900.wav
120.0,123.0,Sturnella magna,Eastern Meadowlark,0.0621,E:\AcousticMonitoringData\ELDON2_Data\Week26\ELDON2_20250710_193900.wav
126.0,129.0,Sturnella magna,Eastern Meadowlark,0.0574,E:\AcousticMonitoringData\ELDON2_Data\Week26\ELDON2_20250710_193900.wav
138.0,141.0,Sturnella magna,Eastern Meadowlark,0.0504,E:\AcousticMonitoringData\ELDON2_Data\Week26\ELDON2_20250710_193900.wav
141.0,144.0,Sturnella magna,Eastern Meadowlark,0.0597,E:\AcousticMonitoringData\ELDON2_Data\Week26\ELDON2_20250710_193900.wav
150.0,153.0,Sturnella magna,Eastern Meadowlark,0.2175,E:\AcousticMonitoringData\ELDON2_Data\Week26\ELDON2_20250710_193900.wav
153.0,156.0,Sturnella magna,Eastern Meadowlark,0.0763,E:\AcousticMonitoringData\ELDON2_Data\Week26\ELDON2_20250710_193900.wav
156.0,159.0,Sturnella magna,Eastern Meadowlark,0.9173,E:\AcousticMonitoringData\ELDON2_Data\Week26\ELDON2_20250710_193900.wav
156.0,159.0,Passerina caerulea,Blue Grosbeak,0.1743,E:\AcousticMonitoringData\ELDON2_Data\Week26\ELDON2_20250710_193900.wav
162.0,165.0,Sturnella magna,Eastern Meadowlark,0.0576,E:\AcousticMonitoringData\ELDON2_Data\Week26\ELDON2_20250710_193900.wav
165.0,168.0,Sturnella magna,Eastern Meadowlark,0.9005,E:\AcousticMonitoringData\ELDON2_Data\Week26\ELDON2_20250710_193900.wav
171.0,174.0,Sturnella magna,Eastern Meadowlark,0.0532,E:\AcousticMonitoringData\ELDON2_Data\Week26\ELDON2_20250710_193900.wav
174.0,177.0,Sturnella magna,Eastern Meadowlark,0.0613,E:\AcousticMonitoringData\ELDON2_Data\Week26\ELDON2_20250710_193900.wav
177.0,180.0,Sturnella magna,Eastern Meadowlark,0.0823,E:\AcousticMonitoringData\ELDON2_Data\Week26\ELDON2_20250710_193900.wav
180.0,183.0,Sturnella magna,Eastern Meadowlark,0.1852,E:\AcousticMonitoringData\ELDON2_Data\Week26\ELDON2_20250710_193900.wav
183.0,186.0,Sturnella magna,Eastern Meadowlark,0.9117,E:\AcousticMonitoringData\ELDON2_Data\Week26\ELDON2_20250710_193900.wav
183.0,186.0,Passerina caerulea,Blue Grosbeak,0.2044,E:\AcousticMonitoringData\ELDON2_Data\Week26\ELDON2_20250710_193900.wav
186.0,189.0,Passerina caerulea,Blue Grosbeak,0.1322,E:\AcousticMonitoringData\ELDON2_Data\Week26\ELDON2_20250710_193900.wav
192.0,195.0,Passerina caerulea,Blue Grosbeak,0.0803,E:\AcousticMonitoringData\ELDON2_Data\Week26\ELDON2_20250710_193900.wav
192.0,195.0,Sturnella magna,Eastern Meadowlark,0.0749,E:\AcousticMonitoringData\ELDON2_Data\Week26\ELDON2_20250710_193900.wav
195.0,198.0,Sturnella magna,Eastern Meadowlark,0.9427,E:\AcousticMonitoringData\ELDON2_Data\Week26\ELDON2_20250710_193900.wav
195.0,198.0,Passerina caerulea,Blue Grosbeak,0.1807,E:\AcousticMonitoringData\ELDON2_Data\Week26\ELDON2_20250710_193900.wav
207.0,210.0,Sturnella magna,Eastern Meadowlark,0.9040,E:\AcousticMonitoringData\ELDON2_Data\Week26\ELDON2_20250710_193900.wav
207.0,210.0,Passerina caerulea,Blue Grosbeak,0.2224,E:\AcousticMonitoringData\ELDON2_Data\Week26\ELDON2_20250710_193900.wav
210.0,213.0,Sturnella magna,Eastern Meadowlark,0.5759,E:\AcousticMonitoringData\ELDON2_Data\Week26\ELDON2_20250710_193900.wav
210.0,213.0,Passerina caerulea,Blue Grosbeak,0.1566,E:\AcousticMonitoringData\ELDON2_Data\Week26\ELDON2_20250710_193900.wav
213.0,216.0,Sturnella magna,Eastern Meadowlark,0.1216,E:\AcousticMonitoringData\ELDON2_Data\Week26\ELDON2_20250710_193900.wav
216.0,219.0,Sturnella magna,Eastern Meadowlark,0.1170,E:\AcousticMonitoringData\ELDON2_Data\Week26\ELDON2_20250710_193900.wav
219.0,222.0,Sturnella magna,Eastern Meadowlark,0.0740,E:\AcousticMonitoringData\ELDON2_Data\Week26\ELDON2_20250710_193900.wav
222.0,225.0,Sturnella magna,Eastern Meadowlark,0.8001,E:\AcousticMonitoringData\ELDON2_Data\Week26\ELDON2_20250710_193900.wav
222.0,225.0,Passerina caerulea,Blue Grosbeak,0.1495,E:\AcousticMonitoringData\ELDON2_Data\Week26\ELDON2_20250710_193900.wav
225.0,228.0,Sturnella magna,Eastern Meadowlark,0.0616,E:\AcousticMonitoringData\ELDON2_Data\Week26\ELDON2_20250710_193900.wav
231.0,234.0,Sturnella magna,Eastern Meadowlark,0.9019,E:\AcousticMonitoringData\ELDON2_Data\Week26\ELDON2_20250710_193900.wav
231.0,234.0,Passerina caerulea,Blue Grosbeak,0.2251,E:\AcousticMonitoringData\ELDON2_Data\Week26\ELDON2_20250710_193900.wav
234.0,237.0,Sturnella magna,Eastern Meadowlark,0.0570,E:\AcousticMonitoringData\ELDON2_Data\Week26\ELDON2_20250710_193900.wav
237.0,240.0,Passerina caerulea,Blue Grosbeak,0.0515,E:\AcousticMonitoringData\ELDON2_Data\Week26\ELDON2_20250710_193900.wav
243.0,246.0,Sturnella magna,Eastern Meadowlark,0.0500,E:\AcousticMonitoringData\ELDON2_Data\Week26\ELDON2_20250710_193900.wav
258.0,261.0,Sturnella magna,Eastern Meadowlark,0.0751,E:\AcousticMonitoringData\ELDON2_Data\Week26\ELDON2_20250710_193900.wav
261.0,264.0,Sturnella magna,Eastern Meadowlark,0.8762,E:\AcousticMonitoringData\ELDON2_Data\Week26\ELDON2_20250710_193900.wav
261.0,264.0,Passerina caerulea,Blue Grosbeak,0.0994,E:\AcousticMonitoringData\ELDON2_Data\Week26\ELDON2_20250710_193900.wav
267.0,270.0,Passerina caerulea,Blue Grosbeak,0.1304,E:\AcousticMonitoringData\ELDON2_Data\Week26\ELDON2_20250710_193900.wav
267.0,270.0,Sturnella magna,Eastern Meadowlark,0.0997,E:\AcousticMonitoringData\ELDON2_Data\Week26\ELDON2_20250710_193900.wav
270.0,273.0,Sturnella magna,Eastern Meadowlark,0.9406,E:\AcousticMonitoringData\ELDON2_Data\Week26\ELDON2_20250710_193900.wav
270.0,273.0,Passerina caerulea,Blue Grosbeak,0.3492,E:\AcousticMonitoringData\ELDON2_Data\Week26\ELDON2_20250710_193900.wav
282.0,285.0,Sturnella magna,Eastern Meadowlark,0.0856,E:\AcousticMonitoringData\ELDON2_Data\Week26\ELDON2_20250710_193900.wav
285.0,288.0,Sturnella magna,Eastern Meadowlark,0.5264,E:\AcousticMonitoringData\ELDON2_Data\Week26\ELDON2_20250710_193900.wav
288.0,291.0,Sturnella magna,Eastern Meadowlark,0.2903,E:\AcousticMonitoringData\ELDON2_Data\Week26\ELDON2_20250710_193900.wav
291.0,294.0,Sturnella magna,Eastern Meadowlark,0.6731,E:\AcousticMonitoringData\ELDON2_Data\Week26\ELDON2_20250710_193900.wav
294.0,297.0,Sturnella magna,Eastern Meadowlark,0.0529,E:\AcousticMonitoringData\ELDON2_Data\Week26\ELDON2_20250710_193900.wav
300.0,303.0,Sturnella magna,Eastern Meadowlark,0.0626,E:\AcousticMonitoringData\ELDON2_Data\Week26\ELDON2_20250710_193900.wav
303.0,306.0,Sturnella magna,Eastern Meadowlark,0.9714,E:\AcousticMonitoringData\ELDON2_Data\Week26\ELDON2_20250710_193900.wav
306.0,309.0,Sturnella magna,Eastern Meadowlark,0.3434,E:\AcousticMonitoringData\ELDON2_Data\Week26\ELDON2_20250710_193900.wav
309.0,312.0,Sturnella magna,Eastern Meadowlark,0.1376,E:\AcousticMonitoringData\ELDON2_Data\Week26\ELDON2_20250710_193900.wav
312.0,315.0,Sturnella magna,Eastern Meadowlark,0.1973,E:\AcousticMonitoringData\ELDON2_Data\Week26\ELDON2_20250710_193900.wav
315.0,318.0,Sturnella magna,Eastern Meadowlark,0.2879,E:\AcousticMonitoringData\ELDON2_Data\Week26\ELDON2_20250710_193900.wav
321.0,324.0,Sturnella magna,Eastern Meadowlark,0.1721,E:\AcousticMonitoringData\ELDON2_Data\Week26\ELDON2_20250710_193900.wav
324.0,327.0,Sturnella magna,Eastern Meadowlark,0.4322,E:\AcousticMonitoringData\ELDON2_Data\Week26\ELDON2_20250710_193900.wav
327.0,330.0,Sturnella magna,Eastern Meadowlark,0.8016,E:\AcousticMonitoringData\ELDON2_Data\Week26\ELDON2_20250710_193900.wav
327.0,330.0,Passerina caerulea,Blue Grosbeak,0.1950,E:\AcousticMonitoringData\ELDON2_Data\Week26\ELDON2_20250710_193900.wav
330.0,333.0,Sturnella magna,Eastern Meadowlark,0.1742,E:\AcousticMonitoringData\ELDON2_Data\Week26\ELDON2_20250710_193900.wav
333.0,336.0,Sturnella magna,Eastern Meadowlark,0.0803,E:\AcousticMonitoringData\ELDON2_Data\Week26\ELDON2_20250710_193900.wav
336.0,339.0,Sturnella magna,Eastern Meadowlark,0.6357,E:\AcousticMonitoringData\ELDON2_Data\Week26\ELDON2_20250710_193900.wav
339.0,342.0,Passerina caerulea,Blue Grosbeak,0.0698,E:\AcousticMonitoringData\ELDON2_Data\Week26\ELDON2_20250710_193900.wav
339.0,342.0,Sturnella magna,Eastern Meadowlark,0.0624,E:\AcousticMonitoringData\ELDON2_Data\Week26\ELDON2_20250710_193900.wav
342.0,345.0,Sturnella magna,Eastern Meadowlark,0.3032,E:\AcousticMonitoringData\ELDON2_Data\Week26\ELDON2_20250710_193900.wav
345.0,348.0,Sturnella magna,Eastern Meadowlark,0.7817,E:\AcousticMonitoringData\ELDON2_Data\Week26\ELDON2_20250710_193900.wav
345.0,348.0,Passerina caerulea,Blue Grosbeak,0.0814,E:\AcousticMonitoringData\ELDON2_Data\Week26\ELDON2_20250710_193900.wav
348.0,351.0,Passerina caerulea,Blue Grosbeak,0.0823,E:\AcousticMonitoringData\ELDON2_Data\Week26\ELDON2_20250710_193900.wav
348.0,351.0,Sturnella magna,Eastern Meadowlark,0.0803,E:\AcousticMonitoringData\ELDON2_Data\Week26\ELDON2_20250710_193900.wav
351.0,354.0,Sturnella magna,Eastern Meadowlark,0.3952,E:\AcousticMonitoringData\ELDON2_Data\Week26\ELDON2_20250710_193900.wav
354.0,357.0,Sturnella magna,Eastern Meadowlark,0.0678,E:\AcousticMonitoringData\ELDON2_Data\Week26\ELDON2_20250710_193900.wav
357.0,360.0,Sturnella magna,Eastern Meadowlark,0.0549,E:\AcousticMonitoringData\ELDON2_Data\Week26\ELDON2_20250710_193900.wav
360.0,363.0,Sturnella magna,Eastern Meadowlark,0.3994,E:\AcousticMonitoringData\ELDON2_Data\Week26\ELDON2_20250710_193900.wav
363.0,366.0,Sturnella magna,Eastern Meadowlark,0.2416,E:\AcousticMonitoringData\ELDON2_Data\Week26\ELDON2_20250710_193900.wav
363.0,366.0,Passerina caerulea,Blue Grosbeak,0.0863,E:\AcousticMonitoringData\ELDON2_Data\Week26\ELDON2_20250710_193900.wav
366.0,369.0,Sturnella magna,Eastern Meadowlark,0.0839,E:\AcousticMonitoringData\ELDON2_Data\Week26\ELDON2_20250710_193900.wav
366.0,369.0,Passerina caerulea,Blue Grosbeak,0.0569,E:\AcousticMonitoringData\ELDON2_Data\Week26\ELDON2_20250710_193900.wav
369.0,372.0,Sturnella magna,Eastern Meadowlark,0.2806,E:\AcousticMonitoringData\ELDON2_Data\Week26\ELDON2_20250710_193900.wav
372.0,375.0,Sturnella magna,Eastern Meadowlark,0.2813,E:\AcousticMonitoringData\ELDON2_Data\Week26\ELDON2_20250710_193900.wav
375.0,378.0,Sturnella magna,Eastern Meadowlark,0.3097,E:\AcousticMonitoringData\ELDON2_Data\Week26\ELDON2_20250710_193900.wav
378.0,381.0,Sturnella magna,Eastern Meadowlark,0.3499,E:\AcousticMonitoringData\ELDON2_Data\Week26\ELDON2_20250710_193900.wav
381.0,384.0,Sturnella magna,Eastern Meadowlark,0.0537,E:\AcousticMonitoringData\ELDON2_Data\Week26\ELDON2_20250710_193900.wav
384.0,387.0,Sturnella magna,Eastern Meadowlark,0.2401,E:\AcousticMonitoringData\ELDON2_Data\Week26\ELDON2_20250710_193900.wav
387.0,390.0,Sturnella magna,Eastern Meadowlark,0.4647,E:\AcousticMonitoringData\ELDON2_Data\Week26\ELDON2_20250710_193900.wav
387.0,390.0,Passerina caerulea,Blue Grosbeak,0.0655,E:\AcousticMonitoringData\ELDON2_Data\Week26\ELDON2_20250710_193900.wav
390.0,393.0,Sturnella magna,Eastern Meadowlark,0.0527,E:\AcousticMonitoringData\ELDON2_Data\Week26\ELDON2_20250710_193900.wav
399.0,402.0,Sturnella magna,Eastern Meadowlark,0.9561,E:\AcousticMonitoringData\ELDON2_Data\Week26\ELDON2_20250710_193900.wav
399.0,402.0,Passerina caerulea,Blue Grosbeak,0.1078,E:\AcousticMonitoringData\ELDON2_Data\Week26\ELDON2_20250710_193900.wav
405.0,408.0,Sturnella magna,Eastern Meadowlark,0.2966,E:\AcousticMonitoringData\ELDON2_Data\Week26\ELDON2_20250710_193900.wav
411.0,414.0,Sturnella magna,Eastern Meadowlark,0.1047,E:\AcousticMonitoringData\ELDON2_Data\Week26\ELDON2_20250710_193900.wav
411.0,414.0,Passerina caerulea,Blue Grosbeak,0.0978,E:\AcousticMonitoringData\ELDON2_Data\Week26\ELDON2_20250710_193900.wav
414.0,417.0,Sturnella magna,Eastern Meadowlark,0.1537,E:\AcousticMonitoringData\ELDON2_Data\Week26\ELDON2_20250710_193900.wav
417.0,420.0,Sturnella magna,Eastern Meadowlark,0.0647,E:\AcousticMonitoringData\ELDON2_Data\Week26\ELDON2_20250710_193900.wav
420.0,423.0,Sturnella magna,Eastern Meadowlark,0.0927,E:\AcousticMonitoringData\ELDON2_Data\Week26\ELDON2_20250710_193900.wav
423.0,426.0,Sturnella magna,Eastern Meadowlark,0.0737,E:\AcousticMonitoringData\ELDON2_Data\Week26\ELDON2_20250710_193900.wav
426.0,429.0,Sturnella magna,Eastern Meadowlark,0.1049,E:\AcousticMonitoringData\ELDON2_Data\Week26\ELDON2_20250710_193900.wav
429.0,432.0,Sturnella magna,Eastern Meadowlark,0.3056,E:\AcousticMonitoringData\ELDON2_Data\Week26\ELDON2_20250710_193900.wav
438.0,441.0,Sturnella magna,Eastern Meadowlark,0.0910,E:\AcousticMonitoringData\ELDON2_Data\Week26\ELDON2_20250710_193900.wav
438.0,441.0,Passerina caerulea,Blue Grosbeak,0.0532,E:\AcousticMonitoringData\ELDON2_Data\Week26\ELDON2_20250710_193900.wav
441.0,444.0,Sturnella magna,Eastern Meadowlark,0.0706,E:\AcousticMonitoringData\ELDON2_Data\Week26\ELDON2_20250710_193900.wav
444.0,447.0,Sturnella magna,Eastern Meadowlark,0.8420,E:\AcousticMonitoringData\ELDON2_Data\Week26\ELDON2_20250710_193900.wav
447.0,450.0,Sturnella magna,Eastern Meadowlark,0.6254,E:\AcousticMonitoringData\ELDON2_Data\Week26\ELDON2_20250710_193900.wav
450.0,453.0,Sturnella magna,Eastern Meadowlark,0.0574,E:\AcousticMonitoringData\ELDON2_Data\Week26\ELDON2_20250710_193900.wav
453.0,456.0,Sturnella magna,Eastern Meadowlark,0.0579,E:\AcousticMonitoringData\ELDON2_Data\Week26\ELDON2_20250710_193900.wav
456.0,459.0,Sturnella magna,Eastern Meadowlark,0.0670,E:\AcousticMonitoringData\ELDON2_Data\Week26\ELDON2_20250710_193900.wav
462.0,465.0,Sturnella magna,Eastern Meadowlark,0.0542,E:\AcousticMonitoringData\ELDON2_Data\Week26\ELDON2_20250710_193900.wav
465.0,468.0,Sturnella magna,Eastern Meadowlark,0.0688,E:\AcousticMonitoringData\ELDON2_Data\Week26\ELDON2_20250710_193900.wav
474.0,477.0,Passerina caerulea,Blue Grosbeak,0.0525,E:\AcousticMonitoringData\ELDON2_Data\Week26\ELDON2_20250710_193900.wav
480.0,483.0,Sturnella magna,Eastern Meadowlark,0.1784,E:\AcousticMonitoringData\ELDON2_Data\Week26\ELDON2_20250710_193900.wav
483.0,486.0,Sturnella magna,Eastern Meadowlark,0.1138,E:\AcousticMonitoringData\ELDON2_Data\Week26\ELDON2_20250710_193900.wav
486.0,489.0,Sturnella magna,Eastern Meadowlark,0.0848,E:\AcousticMonitoringData\ELDON2_Data\Week26\ELDON2_20250710_193900.wav
492.0,495.0,Sturnella magna,Eastern Meadowlark,0.0522,E:\AcousticMonitoringData\ELDON2_Data\Week26\ELDON2_20250710_193900.wav
501.0,504.0,Sturnella magna,Eastern Meadowlark,0.0519,E:\AcousticMonitoringData\ELDON2_Data\Week26\ELDON2_20250710_193900.wav
504.0,507.0,Sturnella magna,Eastern Meadowlark,0.0582,E:\AcousticMonitoringData\ELDON2_Data\Week26\ELDON2_20250710_193900.wav
507.0,510.0,Sturnella magna,Eastern Meadowlark,0.0551,E:\AcousticMonitoringData\ELDON2_Data\Week26\ELDON2_20250710_193900.wav
519.0,522.0,Sturnella magna,Eastern Meadowlark,0.0670,E:\AcousticMonitoringData\ELDON2_Data\Week26\ELDON2_20250710_193900.wav
519.0,522.0,Passerina caerulea,Blue Grosbeak,0.0564,E:\AcousticMonitoringData\ELDON2_Data\Week26\ELDON2_20250710_193900.wav
543.0,546.0,Sturnella magna,Eastern Meadowlark,0.1055,E:\AcousticMonitoringData\ELDON2_Data\Week26\ELDON2_20250710_193900.wav
546.0,549.0,Sturnella magna,Eastern Meadowlark,0.0875,E:\AcousticMonitoringData\ELDON2_Data\Week26\ELDON2_20250710_193900.wav
549.0,552.0,Sturnella magna,Eastern Meadowlark,0.0632,E:\AcousticMonitoringData\ELDON2_Data\Week26\ELDON2_20250710_193900.wav
555.0,558.0,Sturnella magna,Eastern Meadowlark,0.0813,E:\AcousticMonitoringData\ELDON2_Data\Week26\ELDON2_20250710_193900.wav
558.0,561.0,Sturnella magna,Eastern Meadowlark,0.0559,E:\AcousticMonitoringData\ELDON2_Data\Week26\ELDON2_20250710_193900.wav
570.0,573.0,Passerina caerulea,Blue Grosbeak,0.0788,E:\AcousticMonitoringData\ELDON2_Data\Week26\ELDON2_20250710_193900.wav
573.0,576.0,Sturnella magna,Eastern Meadowlark,0.0544,E:\AcousticMonitoringData\ELDON2_Data\Week26\ELDON2_20250710_193900.wav
579.0,582.0,Sturnella magna,Eastern Meadowlark,0.1469,E:\AcousticMonitoringData\ELDON2_Data\Week26\ELDON2_20250710_193900.wav
585.0,588.0,Sturnella magna,Eastern Meadowlark,0.0668,E:\AcousticMonitoringData\ELDON2_Data\Week26\ELDON2_20250710_193900.wav
591.0,594.0,Sturnella magna,Eastern Meadowlark,0.1677,E:\AcousticMonitoringData\ELDON2_Data\Week26\ELDON2_20250710_193900.wav
594.0,597.0,Sturnella magna,Eastern Meadowlark,0.0547,E:\AcousticMonitoringData\ELDON2_Data\Week26\ELDON2_20250710_193900.wav
600.0,603.0,Sturnella magna,Eastern Meadowlark,0.0618,E:\AcousticMonitoringData\ELDON2_Data\Week26\ELDON2_20250710_193900.wav
603.0,606.0,Sturnella magna,Eastern Meadowlark,0.0639,E:\AcousticMonitoringData\ELDON2_Data\Week26\ELDON2_20250710_193900.wav
606.0,609.0,Sturnella magna,Eastern Meadowlark,0.1856,E:\AcousticMonitoringData\ELDON2_Data\Week26\ELDON2_20250710_193900.wav
609.0,612.0,Sturnella magna,Eastern Meadowlark,0.0552,E:\AcousticMonitoringData\ELDON2_Data\Week26\ELDON2_20250710_193900.wav
612.0,615.0,Sturnella magna,Eastern Meadowlark,0.1490,E:\AcousticMonitoringData\ELDON2_Data\Week26\ELDON2_20250710_193900.wav
615.0,618.0,Sturnella magna,Eastern Meadowlark,0.1214,E:\AcousticMonitoringData\ELDON2_Data\Week26\ELDON2_20250710_193900.wav
615.0,618.0,Passerina caerulea,Blue Grosbeak,0.0627,E:\AcousticMonitoringData\ELDON2_Data\Week26\ELDON2_20250710_193900.wav
627.0,630.0,Sturnella magna,Eastern Meadowlark,0.0691,E:\AcousticMonitoringData\ELDON2_Data\Week26\ELDON2_20250710_193900.wav
630.0,633.0,Sturnella magna,Eastern Meadowlark,0.0770,E:\AcousticMonitoringData\ELDON2_Data\Week26\ELDON2_20250710_193900.wav
633.0,636.0,Sturnella magna,Eastern Meadowlark,0.0621,E:\AcousticMonitoringData\ELDON2_Data\Week26\ELDON2_20250710_193900.wav
636.0,639.0,Sturnella magna,Eastern Meadowlark,0.0938,E:\AcousticMonitoringData\ELDON2_Data\Week26\ELDON2_20250710_193900.wav
636.0,639.0,Passerina caerulea,Blue Grosbeak,0.0528,E:\AcousticMonitoringData\ELDON2_Data\Week26\ELDON2_20250710_193900.wav
639.0,642.0,Sturnella magna,Eastern Meadowlark,0.2879,E:\AcousticMonitoringData\ELDON2_Data\Week26\ELDON2_20250710_193900.wav
645.0,648.0,Sturnella magna,Eastern Meadowlark,0.0912,E:\AcousticMonitoringData\ELDON2_Data\Week26\ELDON2_20250710_193900.wav
648.0,651.0,Passerina caerulea,Blue Grosbeak,0.0730,E:\AcousticMonitoringData\ELDON2_Data\Week26\ELDON2_20250710_193900.wav
651.0,654.0,Sturnella magna,Eastern Meadowlark,0.0745,E:\AcousticMonitoringData\ELDON2_Data\Week26\ELDON2_20250710_193900.wav
654.0,657.0,Sturnella magna,Eastern Meadowlark,0.4793,E:\AcousticMonitoringData\ELDON2_Data\Week26\ELDON2_20250710_193900.wav
657.0,660.0,Sturnella magna,Eastern Meadowlark,0.5348,E:\AcousticMonitoringData\ELDON2_Data\Week26\ELDON2_20250710_193900.wav
666.0,669.0,Sturnella magna,Eastern Meadowlark,0.5935,E:\AcousticMonitoringData\ELDON2_Data\Week26\ELDON2_20250710_193900.wav
675.0,678.0,Sturnella magna,Eastern Meadowlark,0.7204,E:\AcousticMonitoringData\ELDON2_Data\Week26\ELDON2_20250710_193900.wav
678.0,681.0,Sturnella magna,Eastern Meadowlark,0.0862,E:\AcousticMonitoringData\ELDON2_Data\Week26\ELDON2_20250710_193900.wav
684.0,687.0,Sturnella magna,Eastern Meadowlark,0.7120,E:\AcousticMonitoringData\ELDON2_Data\Week26\ELDON2_20250710_193900.wav
690.0,693.0,Sturnella magna,Eastern Meadowlark,0.0655,E:\AcousticMonitoringData\ELDON2_Data\Week26\ELDON2_20250710_193900.wav
696.0,699.0,Passerina caerulea,Blue Grosbeak,0.0542,E:\AcousticMonitoringData\ELDON2_Data\Week26\ELDON2_20250710_193900.wav
699.0,702.0,Sturnella magna,Eastern Meadowlark,0.7926,E:\AcousticMonitoringData\ELDON2_Data\Week26\ELDON2_20250710_193900.wav
702.0,705.0,Sturnella magna,Eastern Meadowlark,0.6430,E:\AcousticMonitoringData\ELDON2_Data\Week26\ELDON2_20250710_193900.wav
708.0,711.0,Sturnella magna,Eastern Meadowlark,0.0770,E:\AcousticMonitoringData\ELDON2_Data\Week26\ELDON2_20250710_193900.wav
711.0,714.0,Sturnella magna,Eastern Meadowlark,0.0873,E:\AcousticMonitoringData\ELDON2_Data\Week26\ELDON2_20250710_193900.wav
717.0,720.0,Sturnella magna,Eastern Meadowlark,0.7550,E:\AcousticMonitoringData\ELDON2_Data\Week26\ELDON2_20250710_193900.wav
720.0,723.0,Sturnella magna,Eastern Meadowlark,0.0731,E:\AcousticMonitoringData\ELDON2_Data\Week26\ELDON2_20250710_193900.wav
720.0,723.0,Passerina caerulea,Blue Grosbeak,0.0694,E:\AcousticMonitoringData\ELDON2_Data\Week26\ELDON2_20250710_193900.wav
723.0,726.0,Sturnella magna,Eastern Meadowlark,0.0814,E:\AcousticMonitoringData\ELDON2_Data\Week26\ELDON2_20250710_193900.wav
726.0,729.0,Sturnella magna,Eastern Meadowlark,0.1324,E:\AcousticMonitoringData\ELDON2_Data\Week26\ELDON2_20250710_193900.wav
729.0,732.0,Sturnella magna,Eastern Meadowlark,0.6817,E:\AcousticMonitoringData\ELDON2_Data\Week26\ELDON2_20250710_193900.wav
738.0,741.0,Sturnella magna,Eastern Meadowlark,0.0723,E:\AcousticMonitoringData\ELDON2_Data\Week26\ELDON2_20250710_193900.wav
747.0,750.0,Sturnella magna,Eastern Meadowlark,0.0795,E:\AcousticMonitoringData\ELDON2_Data\Week26\ELDON2_20250710_193900.wav
750.0,753.0,Sturnella magna,Eastern Meadowlark,0.4417,E:\AcousticMonitoringData\ELDON2_Data\Week26\ELDON2_20250710_193900.wav
753.0,756.0,Sturnella magna,Eastern Meadowlark,0.1582,E:\AcousticMonitoringData\ELDON2_Data\Week26\ELDON2_20250710_193900.wav
753.0,756.0,Passerina caerulea,Blue Grosbeak,0.0620,E:\AcousticMonitoringData\ELDON2_Data\Week26\ELDON2_20250710_193900.wav
756.0,759.0,Sturnella magna,Eastern Meadowlark,0.0619,E:\AcousticMonitoringData\ELDON2_Data\Week26\ELDON2_20250710_193900.wav
759.0,762.0,Sturnella magna,Eastern Meadowlark,0.0751,E:\AcousticMonitoringData\ELDON2_Data\Week26\ELDON2_20250710_193900.wav
762.0,765.0,Sturnella magna,Eastern Meadowlark,0.0721,E:\AcousticMonitoringData\ELDON2_Data\Week26\ELDON2_20250710_193900.wav
765.0,768.0,Sturnella magna,Eastern Meadowlark,0.1185,E:\AcousticMonitoringData\ELDON2_Data\Week26\ELDON2_20250710_193900.wav
768.0,771.0,Sturnella magna,Eastern Meadowlark,0.8047,E:\AcousticMonitoringData\ELDON2_Data\Week26\ELDON2_20250710_193900.wav
771.0,774.0,Sturnella magna,Eastern Meadowlark,0.8532,E:\AcousticMonitoringData\ELDON2_Data\Week26\ELDON2_20250710_193900.wav
774.0,777.0,Sturnella magna,Eastern Meadowlark,0.1503,E:\AcousticMonitoringData\ELDON2_Data\Week26\ELDON2_20250710_193900.wav
774.0,777.0,Passerina caerulea,Blue Grosbeak,0.0844,E:\AcousticMonitoringData\ELDON2_Data\Week26\ELDON2_20250710_193900.wav
777.0,780.0,Sturnella magna,Eastern Meadowlark,0.2635,E:\AcousticMonitoringData\ELDON2_Data\Week26\ELDON2_20250710_193900.wav
783.0,786.0,Sturnella magna,Eastern Meadowlark,0.6374,E:\AcousticMonitoringData\ELDON2_Data\Week26\ELDON2_20250710_193900.wav
786.0,789.0,Sturnella magna,Eastern Meadowlark,0.7344,E:\AcousticMonitoringData\ELDON2_Data\Week26\ELDON2_20250710_193900.wav
789.0,792.0,Sturnella magna,Eastern Meadowlark,0.0785,E:\AcousticMonitoringData\ELDON2_Data\Week26\ELDON2_20250710_193900.wav
792.0,795.0,Sturnella magna,Eastern Meadowlark,0.0542,E:\AcousticMonitoringData\ELDON2_Data\Week26\ELDON2_20250710_193900.wav
795.0,798.0,Sturnella magna,Eastern Meadowlark,0.4956,E:\AcousticMonitoringData\ELDON2_Data\Week26\ELDON2_20250710_193900.wav
801.0,804.0,Sturnella magna,Eastern Meadowlark,0.0739,E:\AcousticMonitoringData\ELDON2_Data\Week26\ELDON2_20250710_193900.wav
804.0,807.0,Sturnella magna,Eastern Meadowlark,0.6213,E:\AcousticMonitoringData\ELDON2_Data\Week26\ELDON2_20250710_193900.wav
804.0,807.0,Passerina caerulea,Blue Grosbeak,0.0530,E:\AcousticMonitoringData\ELDON2_Data\Week26\ELDON2_20250710_193900.wav
813.0,816.0,Sturnella magna,Eastern Meadowlark,0.1063,E:\AcousticMonitoringData\ELDON2_Data\Week26\ELDON2_20250710_193900.wav
813.0,816.0,Passerina caerulea,Blue Grosbeak,0.0642,E:\AcousticMonitoringData\ELDON2_Data\Week26\ELDON2_20250710_193900.wav
816.0,819.0,Sturnella magna,Eastern Meadowlark,0.0732,E:\AcousticMonitoringData\ELDON2_Data\Week26\ELDON2_20250710_193900.wav
816.0,819.0,Passerina caerulea,Blue Grosbeak,0.0669,E:\AcousticMonitoringData\ELDON2_Data\Week26\ELDON2_20250710_193900.wav
819.0,822.0,Sturnella magna,Eastern Meadowlark,0.0952,E:\AcousticMonitoringData\ELDON2_Data\Week26\ELDON2_20250710_193900.wav
822.0,825.0,Sturnella magna,Eastern Meadowlark,0.0784,E:\AcousticMonitoringData\ELDON2_Data\Week26\ELDON2_20250710_193900.wav
822.0,825.0,Passerina caerulea,Blue Grosbeak,0.0561,E:\AcousticMonitoringData\ELDON2_Data\Week26\ELDON2_20250710_193900.wav
825.0,828.0,Sturnella magna,Eastern Meadowlark,0.0836,E:\AcousticMonitoringData\ELDON2_Data\Week26\ELDON2_20250710_193900.wav
828.0,831.0,Sturnella magna,Eastern Meadowlark,0.1019,E:\AcousticMonitoringData\ELDON2_Data\Week26\ELDON2_20250710_193900.wav
840.0,843.0,Sturnella magna,Eastern Meadowlark,0.0706,E:\AcousticMonitoringData\ELDON2_Data\Week26\ELDON2_20250710_193900.wav
840.0,843.0,Passerina caerulea,Blue Grosbeak,0.0597,E:\AcousticMonitoringData\ELDON2_Data\Week26\ELDON2_20250710_193900.wav
843.0,846.0,Sturnella magna,Eastern Meadowlark,0.2084,E:\AcousticMonitoringData\ELDON2_Data\Week26\ELDON2_20250710_193900.wav
843.0,846.0,Passerina caerulea,Blue Grosbeak,0.0937,E:\AcousticMonitoringData\ELDON2_Data\Week26\ELDON2_20250710_193900.wav
861.0,864.0,Sturnella magna,Eastern Meadowlark,0.1027,E:\AcousticMonitoringData\ELDON2_Data\Week26\ELDON2_20250710_193900.wav
864.0,867.0,Sturnella magna,Eastern Meadowlark,0.1058,E:\AcousticMonitoringData\ELDON2_Data\Week26\ELDON2_20250710_193900.wav
867.0,870.0,Sturnella magna,Eastern Meadowlark,0.0694,E:\AcousticMonitoringData\ELDON2_Data\Week26\ELDON2_20250710_193900.wav
870.0,873.0,Sturnella magna,Eastern Meadowlark,0.0579,E:\AcousticMonitoringData\ELDON2_Data\Week26\ELDON2_20250710_193900.wav
873.0,876.0,Sturnella magna,Eastern Meadowlark,0.0656,E:\AcousticMonitoringData\ELDON2_Data\Week26\ELDON2_20250710_193900.wav
888.0,891.0,Sturnella magna,Eastern Meadowlark,0.0867,E:\AcousticMonitoringData\ELDON2_Data\Week26\ELDON2_20250710_193900.wav
891.0,894.0,Sturnella magna,Eastern Meadowlark,0.1288,E:\AcousticMonitoringData\ELDON2_Data\Week26\ELDON2_20250710_193900.wav
894.0,897.0,Sturnella magna,Eastern Meadowlark,0.0848,E:\AcousticMonitoringData\ELDON2_Data\Week26\ELDON2_20250710_193900.wav
897.0,900.0,Sturnella magna,Eastern Meadowlark,0.0846,E:\AcousticMonitoringData\ELDON2_Data\Week26\ELDON2_20250710_193900.wav
900.0,903.0,Sturnella magna,Eastern Meadowlark,0.1487,E:\AcousticMonitoringData\ELDON2_Data\Week26\ELDON2_20250710_193900.wav
903.0,906.0,Sturnella magna,Eastern Meadowlark,0.0967,E:\AcousticMonitoringData\ELDON2_Data\Week26\ELDON2_20250710_193900.wav
903.0,906.0,Passerina caerulea,Blue Grosbeak,0.0553,E:\AcousticMonitoringData\ELDON2_Data\Week26\ELDON2_20250710_193900.wav
906.0,909.0,Sturnella magna,Eastern Meadowlark,0.1633,E:\AcousticMonitoringData\ELDON2_Data\Week26\ELDON2_20250710_193900.wav
909.0,912.0,Sturnella magna,Eastern Meadowlark,0.1268,E:\AcousticMonitoringData\ELDON2_Data\Week26\ELDON2_20250710_193900.wav
912.0,915.0,Sturnella magna,Eastern Meadowlark,0.2155,E:\AcousticMonitoringData\ELDON2_Data\Week26\ELDON2_20250710_193900.wav
918.0,921.0,Sturnella magna,Eastern Meadowlark,0.1784,E:\AcousticMonitoringData\ELDON2_Data\Week26\ELDON2_20250710_193900.wav
918.0,921.0,Passerina caerulea,Blue Grosbeak,0.0565,E:\AcousticMonitoringData\ELDON2_Data\Week26\ELDON2_20250710_193900.wav
921.0,924.0,Sturnella magna,Eastern Meadowlark,0.1160,E:\AcousticMonitoringData\ELDON2_Data\Week26\ELDON2_20250710_193900.wav
921.0,924.0,Passerina caerulea,Blue Grosbeak,0.0533,E:\AcousticMonitoringData\ELDON2_Data\Week26\ELDON2_20250710_193900.wav
924.0,927.0,Sturnella magna,Eastern Meadowlark,0.1951,E:\AcousticMonitoringData\ELDON2_Data\Week26\ELDON2_20250710_193900.wav
927.0,930.0,Sturnella magna,Eastern Meadowlark,0.2394,E:\AcousticMonitoringData\ELDON2_Data\Week26\ELDON2_20250710_193900.wav
930.0,933.0,Sturnella magna,Eastern Meadowlark,0.0582,E:\AcousticMonitoringData\ELDON2_Data\Week26\ELDON2_20250710_193900.wav
933.0,936.0,Sturnella magna,Eastern Meadowlark,0.1132,E:\AcousticMonitoringData\ELDON2_Data\Week26\ELDON2_20250710_193900.wav
936.0,939.0,Sturnella magna,Eastern Meadowlark,0.2354,E:\AcousticMonitoringData\ELDON2_Data\Week26\ELDON2_20250710_193900.wav
939.0,942.0,Sturnella magna,Eastern Meadowlark,0.0864,E:\AcousticMonitoringData\ELDON2_Data\Week26\ELDON2_20250710_193900.wav
942.0,945.0,Sturnella magna,Eastern Meadowlark,0.0928,E:\AcousticMonitoringData\ELDON2_Data\Week26\ELDON2_20250710_193900.wav
945.0,948.0,Sturnella magna,Eastern Meadowlark,0.0942,E:\AcousticMonitoringData\ELDON2_Data\Week26\ELDON2_20250710_193900.wav
948.0,951.0,Sturnella magna,Eastern Meadowlark,0.0719,E:\AcousticMonitoringData\ELDON2_Data\Week26\ELDON2_20250710_193900.wav
951.0,954.0,Sturnella magna,Eastern Meadowlark,0.2310,E:\AcousticMonitoringData\ELDON2_Data\Week26\ELDON2_20250710_193900.wav
954.0,957.0,Sturnella magna,Eastern Meadowlark,0.2694,E:\AcousticMonitoringData\ELDON2_Data\Week26\ELDON2_20250710_193900.wav
957.0,960.0,Sturnella magna,Eastern Meadowlark,0.0659,E:\AcousticMonitoringData\ELDON2_Data\Week26\ELDON2_20250710_193900.wav
960.0,963.0,Sturnella magna,Eastern Meadowlark,0.4727,E:\AcousticMonitoringData\ELDON2_Data\Week26\ELDON2_20250710_193900.wav
963.0,966.0,Sturnella magna,Eastern Meadowlark,0.0909,E:\AcousticMonitoringData\ELDON2_Data\Week26\ELDON2_20250710_193900.wav
966.0,969.0,Sturnella magna,Eastern Meadowlark,0.1026,E:\AcousticMonitoringData\ELDON2_Data\Week26\ELDON2_20250710_193900.wav
969.0,972.0,Sturnella magna,Eastern Meadowlark,0.0511,E:\AcousticMonitoringData\ELDON2_Data\Week26\ELDON2_20250710_193900.wav
987.0,990.0,Sturnella magna,Eastern Meadowlark,0.0686,E:\AcousticMonitoringData\ELDON2_Data\Week26\ELDON2_20250710_193900.wav
990.0,993.0,Sturnella magna,Eastern Meadowlark,0.0562,E:\AcousticMonitoringData\ELDON2_Data\Week26\ELDON2_20250710_193900.wav
993.0,996.0,Sturnella magna,Eastern Meadowlark,0.1315,E:\AcousticMonitoringData\ELDON2_Data\Week26\ELDON2_20250710_193900.wav
996.0,999.0,Sturnella magna,Eastern Meadowlark,0.0897,E:\AcousticMonitoringData\ELDON2_Data\Week26\ELDON2_20250710_193900.wav
999.0,1002.0,Sturnella magna,Eastern Meadowlark,0.0758,E:\AcousticMonitoringData\ELDON2_Data\Week26\ELDON2_20250710_193900.wav
1005.0,1008.0,Sturnella magna,Eastern Meadowlark,0.0851,E:\AcousticMonitoringData\ELDON2_Data\Week26\ELDON2_20250710_193900.wav
1008.0,1011.0,Sturnella magna,Eastern Meadowlark,0.0661,E:\AcousticMonitoringData\ELDON2_Data\Week26\ELDON2_20250710_193900.wav
1011.0,1014.0,Sturnella magna,Eastern Meadowlark,0.1253,E:\AcousticMonitoringData\ELDON2_Data\Week26\ELDON2_20250710_193900.wav
1014.0,1017.0,Sturnella magna,Eastern Meadowlark,0.0633,E:\AcousticMonitoringData\ELDON2_Data\Week26\ELDON2_20250710_193900.wav
1017.0,1020.0,Sturnella magna,Eastern Meadowlark,0.1133,E:\AcousticMonitoringData\ELDON2_Data\Week26\ELDON2_20250710_193900.wav
1020.0,1023.0,Sturnella magna,Eastern Meadowlark,0.0907,E:\AcousticMonitoringData\ELDON2_Data\Week26\ELDON2_20250710_193900.wav
1026.0,1029.0,Sturnella magna,Eastern Meadowlark,0.9141,E:\AcousticMonitoringData\ELDON2_Data\Week26\ELDON2_20250710_193900.wav
1026.0,1029.0,Passerina caerulea,Blue Grosbeak,0.0543,E:\AcousticMonitoringData\ELDON2_Data\Week26\ELDON2_20250710_193900.wav
1029.0,1032.0,Sturnella magna,Eastern Meadowlark,0.9188,E:\AcousticMonitoringData\ELDON2_Data\Week26\ELDON2_20250710_193900.wav
1029.0,1032.0,Passerina caerulea,Blue Grosbeak,0.1289,E:\AcousticMonitoringData\ELDON2_Data\Week26\ELDON2_20250710_193900.wav
1032.0,1035.0,Sturnella magna,Eastern Meadowlark,0.0763,E:\AcousticMonitoringData\ELDON2_Data\Week26\ELDON2_20250710_193900.wav
1047.0,1050.0,Sturnella magna,Eastern Meadowlark,0.0694,E:\AcousticMonitoringData\ELDON2_Data\Week26\ELDON2_20250710_193900.wav
1050.0,1053.0,Sturnella magna,Eastern Meadowlark,0.2483,E:\AcousticMonitoringData\ELDON2_Data\Week26\ELDON2_20250710_193900.wav
1053.0,1056.0,Sturnella magna,Eastern Meadowlark,0.1343,E:\AcousticMonitoringData\ELDON2_Data\Week26\ELDON2_20250710_193900.wav
1053.0,1056.0,Passerina caerulea,Blue Grosbeak,0.0612,E:\AcousticMonitoringData\ELDON2_Data\Week26\ELDON2_20250710_193900.wav
1056.0,1059.0,Sturnella magna,Eastern Meadowlark,0.4126,E:\AcousticMonitoringData\ELDON2_Data\Week26\ELDON2_20250710_193900.wav
1056.0,1059.0,Passerina caerulea,Blue Grosbeak,0.0642,E:\AcousticMonitoringData\ELDON2_Data\Week26\ELDON2_20250710_193900.wav
1059.0,1062.0,Sturnella magna,Eastern Meadowlark,0.0881,E:\AcousticMonitoringData\ELDON2_Data\Week26\ELDON2_20250710_193900.wav
1062.0,1065.0,Sturnella magna,Eastern Meadowlark,0.0507,E:\AcousticMonitoringData\ELDON2_Data\Week26\ELDON2_20250710_193900.wav
1065.0,1068.0,Sturnella magna,Eastern Meadowlark,0.1212,E:\AcousticMonitoringData\ELDON2_Data\Week26\ELDON2_20250710_193900.wav
1074.0,1077.0,Sturnella magna,Eastern Meadowlark,0.0578,E:\AcousticMonitoringData\ELDON2_Data\Week26\ELDON2_20250710_193900.wav
1077.0,1080.0,Sturnella magna,Eastern Meadowlark,0.3078,E:\AcousticMonitoringData\ELDON2_Data\Week26\ELDON2_20250710_193900.wav
1080.0,1083.0,Sturnella magna,Eastern Meadowlark,0.8182,E:\AcousticMonitoringData\ELDON2_Data\Week26\ELDON2_20250710_193900.wav
1086.0,1089.0,Sturnella magna,Eastern Meadowlark,0.4149,E:\AcousticMonitoringData\ELDON2_Data\Week26\ELDON2_20250710_193900.wav
1089.0,1092.0,Sturnella magna,Eastern Meadowlark,0.8909,E:\AcousticMonitoringData\ELDON2_Data\Week26\ELDON2_20250710_193900.wav
1092.0,1095.0,Sturnella magna,Eastern Meadowlark,0.7340,E:\AcousticMonitoringData\ELDON2_Data\Week26\ELDON2_20250710_193900.wav
1092.0,1095.0,Passerina caerulea,Blue Grosbeak,0.1775,E:\AcousticMonitoringData\ELDON2_Data\Week26\ELDON2_20250710_193900.wav
1098.0,1101.0,Sturnella magna,Eastern Meadowlark,0.0579,E:\AcousticMonitoringData\ELDON2_Data\Week26\ELDON2_20250710_193900.wav
1101.0,1104.0,Sturnella magna,Eastern Meadowlark,0.5008,E:\AcousticMonitoringData\ELDON2_Data\Week26\ELDON2_20250710_193900.wav
1104.0,1107.0,Sturnella magna,Eastern Meadowlark,0.7309,E:\AcousticMonitoringData\ELDON2_Data\Week26\ELDON2_20250710_193900.wav
1104.0,1107.0,Passerina caerulea,Blue Grosbeak,0.0952,E:\AcousticMonitoringData\ELDON2_Data\Week26\ELDON2_20250710_193900.wav
1107.0,1110.0,Sturnella magna,Eastern Meadowlark,0.0790,E:\AcousticMonitoringData\ELDON2_Data\Week26\ELDON2_20250710_193900.wav
1110.0,1113.0,Sturnella magna,Eastern Meadowlark,0.0752,E:\AcousticMonitoringData\ELDON2_Data\Week26\ELDON2_20250710_193900.wav
1116.0,1119.0,Sturnella magna,Eastern Meadowlark,0.0663,E:\AcousticMonitoringData\ELDON2_Data\Week26\ELDON2_20250710_193900.wav
1128.0,1131.0,Sturnella magna,Eastern Meadowlark,0.0706,E:\AcousticMonitoringData\ELDON2_Data\Week26\ELDON2_20250710_193900.wav
1143.0,1146.0,Sturnella magna,Eastern Meadowlark,0.1949,E:\AcousticMonitoringData\ELDON2_Data\Week26\ELDON2_20250710_193900.wav
1146.0,1149.0,Sturnella magna,Eastern Meadowlark,0.1635,E:\AcousticMonitoringData\ELDON2_Data\Week26\ELDON2_20250710_193900.wav
1149.0,1152.0,Sturnella magna,Eastern Meadowlark,0.9449,E:\AcousticMonitoringData\ELDON2_Data\Week26\ELDON2_20250710_193900.wav
1152.0,1155.0,Sturnella magna,Eastern Meadowlark,0.0755,E:\AcousticMonitoringData\ELDON2_Data\Week26\ELDON2_20250710_193900.wav
1155.0,1158.0,Sturnella magna,Eastern Meadowlark,0.3496,E:\AcousticMonitoringData\ELDON2_Data\Week26\ELDON2_20250710_193900.wav
1158.0,1161.0,Sturnella magna,Eastern Meadowlark,0.8050,E:\AcousticMonitoringData\ELDON2_Data\Week26\ELDON2_20250710_193900.wav
1161.0,1164.0,Sturnella magna,Eastern Meadowlark,0.8498,E:\AcousticMonitoringData\ELDON2_Data\Week26\ELDON2_20250710_193900.wav
1164.0,1167.0,Sturnella magna,Eastern Meadowlark,0.0943,E:\AcousticMonitoringData\ELDON2_Data\Week26\ELDON2_20250710_193900.wav
1167.0,1170.0,Sturnella magna,Eastern Meadowlark,0.9429,E:\AcousticMonitoringData\ELDON2_Data\Week26\ELDON2_20250710_193900.wav
1170.0,1173.0,Sturnella magna,Eastern Meadowlark,0.9422,E:\AcousticMonitoringData\ELDON2_Data\Week26\ELDON2_20250710_193900.wav
1173.0,1176.0,Sturnella magna,Eastern Meadowlark,0.2403,E:\AcousticMonitoringData\ELDON2_Data\Week26\ELDON2_20250710_193900.wav
1182.0,1185.0,Sturnella magna,Eastern Meadowlark,0.6198,E:\AcousticMonitoringData\ELDON2_Data\Week26\ELDON2_20250710_193900.wav
1188.0,1191.0,Sturnella magna,Eastern Meadowlark,0.0523,E:\AcousticMonitoringData\ELDON2_Data\Week26\ELDON2_20250710_193900.wav
1191.0,1194.0,Sturnella magna,Eastern Meadowlark,0.5886,E:\AcousticMonitoringData\ELDON2_Data\Week26\ELDON2_20250710_193900.wav
1200.0,1203.0,Sturnella magna,Eastern Meadowlark,0.8268,E:\AcousticMonitoringData\ELDON2_Data\Week26\ELDON2_20250710_193900.wav
1203.0,1206.0,Sturnella magna,Eastern Meadowlark,0.2534,E:\AcousticMonitoringData\ELDON2_Data\Week26\ELDON2_20250710_193900.wav
1209.0,1212.0,Sturnella magna,Eastern Meadowlark,0.8521,E:\AcousticMonitoringData\ELDON2_Data\Week26\ELDON2_20250710_193900.wav
1212.0,1215.0,Sturnella magna,Eastern Meadowlark,0.3237,E:\AcousticMonitoringData\ELDON2_Data\Week26\ELDON2_20250710_193900.wav
1215.0,1218.0,Sturnella magna,Eastern Meadowlark,0.8679,E:\AcousticMonitoringData\ELDON2_Data\Week26\ELDON2_20250710_193900.wav
1218.0,1221.0,Sturnella magna,Eastern Meadowlark,0.3147,E:\AcousticMonitoringData\ELDON2_Data\Week26\ELDON2_20250710_193900.wav
1224.0,1227.0,Sturnella magna,Eastern Meadowlark,0.6536,E:\AcousticMonitoringData\ELDON2_Data\Week26\ELDON2_20250710_193900.wav
1227.0,1230.0,Sturnella magna,Eastern Meadowlark,0.3891,E:\AcousticMonitoringData\ELDON2_Data\Week26\ELDON2_20250710_193900.wav
1230.0,1233.0,Sturnella magna,Eastern Meadowlark,0.1129,E:\AcousticMonitoringData\ELDON2_Data\Week26\ELDON2_20250710_193900.wav
1233.0,1236.0,Sturnella magna,Eastern Meadowlark,0.0803,E:\AcousticMonitoringData\ELDON2_Data\Week26\ELDON2_20250710_193900.wav
1236.0,1239.0,Sturnella magna,Eastern Meadowlark,0.5033,E:\AcousticMonitoringData\ELDON2_Data\Week26\ELDON2_20250710_193900.wav
1239.0,1242.0,Sturnella magna,Eastern Meadowlark,0.5080,E:\AcousticMonitoringData\ELDON2_Data\Week26\ELDON2_20250710_193900.wav
1242.0,1245.0,Sturnella magna,Eastern Meadowlark,0.8785,E:\AcousticMonitoringData\ELDON2_Data\Week26\ELDON2_20250710_193900.wav
1245.0,1248.0,Sturnella magna,Eastern Meadowlark,0.1841,E:\AcousticMonitoringData\ELDON2_Data\Week26\ELDON2_20250710_193900.wav
1254.0,1257.0,Sturnella magna,Eastern Meadowlark,0.7863,E:\AcousticMonitoringData\ELDON2_Data\Week26\ELDON2_20250710_193900.wav
1257.0,1260.0,Sturnella magna,Eastern Meadowlark,0.1939,E:\AcousticMonitoringData\ELDON2_Data\Week26\ELDON2_20250710_193900.wav
1260.0,1263.0,Sturnella magna,Eastern Meadowlark,0.0622,E:\AcousticMonitoringData\ELDON2_Data\Week26\ELDON2_20250710_193900.wav
1269.0,1272.0,Sturnella magna,Eastern Meadowlark,0.2092,E:\AcousticMonitoringData\ELDON2_Data\Week26\ELDON2_20250710_193900.wav
1278.0,1281.0,Sturnella magna,Eastern Meadowlark,0.5173,E:\AcousticMonitoringData\ELDON2_Data\Week26\ELDON2_20250710_193900.wav
1281.0,1284.0,Sturnella magna,Eastern Meadowlark,0.7184,E:\AcousticMonitoringData\ELDON2_Data\Week26\ELDON2_20250710_193900.wav
1284.0,1287.0,Sturnella magna,Eastern Meadowlark,0.7112,E:\AcousticMonitoringData\ELDON2_Data\Week26\ELDON2_20250710_193900.wav
1287.0,1290.0,Sturnella magna,Eastern Meadowlark,0.1066,E:\AcousticMonitoringData\ELDON2_Data\Week26\ELDON2_20250710_193900.wav
1287.0,1290.0,Passerina caerulea,Blue Grosbeak,0.0512,E:\AcousticMonitoringData\ELDON2_Data\Week26\ELDON2_20250710_193900.wav
1290.0,1293.0,Sturnella magna,Eastern Meadowlark,0.5447,E:\AcousticMonitoringData\ELDON2_Data\Week26\ELDON2_20250710_193900.wav
1293.0,1296.0,Sturnella magna,Eastern Meadowlark,0.3793,E:\AcousticMonitoringData\ELDON2_Data\Week26\ELDON2_20250710_193900.wav
1296.0,1299.0,Sturnella magna,Eastern Meadowlark,0.0689,E:\AcousticMonitoringData\ELDON2_Data\Week26\ELDON2_20250710_193900.wav
1299.0,1302.0,Sturnella magna,Eastern Meadowlark,0.0979,E:\AcousticMonitoringData\ELDON2_Data\Week26\ELDON2_20250710_193900.wav
1302.0,1305.0,Passerina caerulea,Blue Grosbeak,0.0591,E:\AcousticMonitoringData\ELDON2_Data\Week26\ELDON2_20250710_193900.wav
1302.0,1305.0,Sturnella magna,Eastern Meadowlark,0.0558,E:\AcousticMonitoringData\ELDON2_Data\Week26\ELDON2_20250710_193900.wav
1305.0,1308.0,Passerina caerulea,Blue Grosbeak,0.1179,E:\AcousticMonitoringData\ELDON2_Data\Week26\ELDON2_20250710_193900.wav
1305.0,1308.0,Sturnella magna,Eastern Meadowlark,0.0536,E:\AcousticMonitoringData\ELDON2_Data\Week26\ELDON2_20250710_193900.wav
1308.0,1311.0,Sturnella magna,Eastern Meadowlark,0.0662,E:\AcousticMonitoringData\ELDON2_Data\Week26\ELDON2_20250710_193900.wav
1317.0,1320.0,Sturnella magna,Eastern Meadowlark,0.0866,E:\AcousticMonitoringData\ELDON2_Data\Week26\ELDON2_20250710_193900.wav
1320.0,1323.0,Sturnella magna,Eastern Meadowlark,0.0738,E:\AcousticMonitoringData\ELDON2_Data\Week26\ELDON2_20250710_193900.wav
1323.0,1326.0,Sturnella magna,Eastern Meadowlark,0.0678,E:\AcousticMonitoringData\ELDON2_Data\Week26\ELDON2_20250710_193900.wav
1326.0,1329.0,Sturnella magna,Eastern Meadowlark,0.1014,E:\AcousticMonitoringData\ELDON2_Data\Week26\ELDON2_20250710_193900.wav
1329.0,1332.0,Sturnella magna,Eastern Meadowlark,0.0881,E:\AcousticMonitoringData\ELDON2_Data\Week26\ELDON2_20250710_193900.wav
1338.0,1341.0,Sturnella magna,Eastern Meadowlark,0.0704,E:\AcousticMonitoringData\ELDON2_Data\Week26\ELDON2_20250710_193900.wav
1341.0,1344.0,Sturnella magna,Eastern Meadowlark,0.0976,E:\AcousticMonitoringData\ELDON2_Data\Week26\ELDON2_20250710_193900.wav
1344.0,1347.0,Passerina caerulea,Blue Grosbeak,0.0856,E:\AcousticMonitoringData\ELDON2_Data\Week26\ELDON2_20250710_193900.wav
1350.0,1353.0,Sturnella magna,Eastern Meadowlark,0.8912,E:\AcousticMonitoringData\ELDON2_Data\Week26\ELDON2_20250710_193900.wav
1359.0,1362.0,Sturnella magna,Eastern Meadowlark,0.9150,E:\AcousticMonitoringData\ELDON2_Data\Week26\ELDON2_20250710_193900.wav
1362.0,1365.0,Sturnella magna,Eastern Meadowlark,0.1043,E:\AcousticMonitoringData\ELDON2_Data\Week26\ELDON2_20250710_193900.wav
1362.0,1365.0,Passerina caerulea,Blue Grosbeak,0.0619,E:\AcousticMonitoringData\ELDON2_Data\Week26\ELDON2_20250710_193900.wav
1371.0,1374.0,Sturnella magna,Eastern Meadowlark,0.7151,E:\AcousticMonitoringData\ELDON2_Data\Week26\ELDON2_20250710_193900.wav
1377.0,1380.0,Passerina caerulea,Blue Grosbeak,0.1292,E:\AcousticMonitoringData\ELDON2_Data\Week26\ELDON2_20250710_193900.wav
1392.0,1395.0,Sturnella magna,Eastern Meadowlark,0.8181,E:\AcousticMonitoringData\ELDON2_Data\Week26\ELDON2_20250710_193900.wav
1395.0,1398.0,Sturnella magna,Eastern Meadowlark,0.5890,E:\AcousticMonitoringData\ELDON2_Data\Week26\ELDON2_20250710_193900.wav
1401.0,1404.0,Sturnella magna,Eastern Meadowlark,0.8069,E:\AcousticMonitoringData\ELDON2_Data\Week26\ELDON2_20250710_193900.wav
1404.0,1407.0,Sturnella magna,Eastern Meadowlark,0.7954,E:\AcousticMonitoringData\ELDON2_Data\Week26\ELDON2_20250710_193900.wav
1407.0,1410.0,Passerina caerulea,Blue Grosbeak,0.0622,E:\AcousticMonitoringData\ELDON2_Data\Week26\ELDON2_20250710_193900.wav
1413.0,1416.0,Passerina caerulea,Blue Grosbeak,0.0651,E:\AcousticMonitoringData\ELDON2_Data\Week26\ELDON2_20250710_193900.wav
1425.0,1428.0,Sturnella magna,Eastern Meadowlark,0.7590,E:\AcousticMonitoringData\ELDON2_Data\Week26\ELDON2_20250710_193900.wav
1428.0,1431.0,Passerina caerulea,Blue Grosbeak,0.0970,E:\AcousticMonitoringData\ELDON2_Data\Week26\ELDON2_20250710_193900.wav
1428.0,1431.0,Sturnella magna,Eastern Meadowlark,0.0662,E:\AcousticMonitoringData\ELDON2_Data\Week26\ELDON2_20250710_193900.wav
1431.0,1434.0,Passerina caerulea,Blue Grosbeak,0.0973,E:\AcousticMonitoringData\ELDON2_Data\Week26\ELDON2_20250710_193900.wav
1431.0,1434.0,Sturnella magna,Eastern Meadowlark,0.0811,E:\AcousticMonitoringData\ELDON2_Data\Week26\ELDON2_20250710_193900.wav
1440.0,1443.0,Sturnella magna,Eastern Meadowlark,0.3704,E:\AcousticMonitoringData\ELDON2_Data\Week26\ELDON2_20250710_193900.wav
1440.0,1443.0,Passerina caerulea,Blue Grosbeak,0.0593,E:\AcousticMonitoringData\ELDON2_Data\Week26\ELDON2_20250710_193900.wav
1446.0,1449.0,Passerina caerulea,Blue Grosbeak,0.0878,E:\AcousticMonitoringData\ELDON2_Data\Week26\ELDON2_20250710_193900.wav
1446.0,1449.0,Sturnella magna,Eastern Meadowlark,0.0783,E:\AcousticMonitoringData\ELDON2_Data\Week26\ELDON2_20250710_193900.wav
1452.0,1455.0,Sturnella magna,Eastern Meadowlark,0.2954,E:\AcousticMonitoringData\ELDON2_Data\Week26\ELDON2_20250710_193900.wav
1458.0,1461.0,Sturnella magna,Eastern Meadowlark,0.0621,E:\AcousticMonitoringData\ELDON2_Data\Week26\ELDON2_20250710_193900.wav
1467.0,1470.0,Sturnella magna,Eastern Meadowlark,0.1139,E:\AcousticMonitoringData\ELDON2_Data\Week26\ELDON2_20250710_193900.wav
1470.0,1473.0,Sturnella magna,Eastern Meadowlark,0.2997,E:\AcousticMonitoringData\ELDON2_Data\Week26\ELDON2_20250710_193900.wav
1473.0,1476.0,Sturnella magna,Eastern Meadowlark,0.1996,E:\AcousticMonitoringData\ELDON2_Data\Week26\ELDON2_20250710_193900.wav
1479.0,1482.0,Sturnella magna,Eastern Meadowlark,0.4761,E:\AcousticMonitoringData\ELDON2_Data\Week26\ELDON2_20250710_193900.wav
1479.0,1482.0,Passerina caerulea,Blue Grosbeak,0.0911,E:\AcousticMonitoringData\ELDON2_Data\Week26\ELDON2_20250710_193900.wav
1482.0,1485.0,Sturnella magna,Eastern Meadowlark,0.0888,E:\AcousticMonitoringData\ELDON2_Data\Week26\ELDON2_20250710_193900.wav
1485.0,1488.0,Sturnella magna,Eastern Meadowlark,0.2128,E:\AcousticMonitoringData\ELDON2_Data\Week26\ELDON2_20250710_193900.wav
1488.0,1491.0,Sturnella magna,Eastern Meadowlark,0.0809,E:\AcousticMonitoringData\ELDON2_Data\Week26\ELDON2_20250710_193900.wav
1497.0,1500.0,Passerina caerulea,Blue Grosbeak,0.0537,E:\AcousticMonitoringData\ELDON2_Data\Week26\ELDON2_20250710_193900.wav
1497.0,1500.0,Sturnella magna,Eastern Meadowlark,0.0522,E:\AcousticMonitoringData\ELDON2_Data\Week26\ELDON2_20250710_193900.wav
1500.0,1503.0,Sturnella magna,Eastern Meadowlark,0.9100,E:\AcousticMonitoringData\ELDON2_Data\Week26\ELDON2_20250710_193900.wav
1500.0,1503.0,Passerina caerulea,Blue Grosbeak,0.0744,E:\AcousticMonitoringData\ELDON2_Data\Week26\ELDON2_20250710_193900.wav
1506.0,1509.0,Sturnella magna,Eastern Meadowlark,0.5985,E:\AcousticMonitoringData\ELDON2_Data\Week26\ELDON2_20250710_193900.wav
1509.0,1512.0,Sturnella magna,Eastern Meadowlark,0.8947,E:\AcousticMonitoringData\ELDON2_Data\Week26\ELDON2_20250710_193900.wav
1512.0,1515.0,Sturnella magna,Eastern Meadowlark,0.0803,E:\AcousticMonitoringData\ELDON2_Data\Week26\ELDON2_20250710_193900.wav
1512.0,1515.0,Passerina caerulea,Blue Grosbeak,0.0504,E:\AcousticMonitoringData\ELDON2_Data\Week26\ELDON2_20250710_193900.wav
1515.0,1518.0,Sturnella magna,Eastern Meadowlark,0.4853,E:\AcousticMonitoringData\ELDON2_Data\Week26\ELDON2_20250710_193900.wav
1518.0,1521.0,Sturnella magna,Eastern Meadowlark,0.3621,E:\AcousticMonitoringData\ELDON2_Data\Week26\ELDON2_20250710_193900.wav
1521.0,1524.0,Sturnella magna,Eastern Meadowlark,0.4827,E:\AcousticMonitoringData\ELDON2_Data\Week26\ELDON2_20250710_193900.wav
1527.0,1530.0,Sturnella magna,Eastern Meadowlark,0.2581,E:\AcousticMonitoringData\ELDON2_Data\Week26\ELDON2_20250710_193900.wav
1533.0,1536.0,Sturnella magna,Eastern Meadowlark,0.1419,E:\AcousticMonitoringData\ELDON2_Data\Week26\ELDON2_20250710_193900.wav
1542.0,1545.0,Sturnella magna,Eastern Meadowlark,0.1269,E:\AcousticMonitoringData\ELDON2_Data\Week26\ELDON2_20250710_193900.wav
1542.0,1545.0,Spizella pusilla,Field Sparrow,0.0985,E:\AcousticMonitoringData\ELDON2_Data\Week26\ELDON2_20250710_193900.wav
1548.0,1551.0,Sturnella magna,Eastern Meadowlark,0.0633,E:\AcousticMonitoringData\ELDON2_Data\Week26\ELDON2_20250710_193900.wav
1551.0,1554.0,Sturnella magna,Eastern Meadowlark,0.1478,E:\AcousticMonitoringData\ELDON2_Data\Week26\ELDON2_20250710_193900.wav
1554.0,1557.0,Sturnella magna,Eastern Meadowlark,0.1499,E:\AcousticMonitoringData\ELDON2_Data\Week26\ELDON2_20250710_193900.wav
1557.0,1560.0,Sturnella magna,Eastern Meadowlark,0.7312,E:\AcousticMonitoringData\ELDON2_Data\Week26\ELDON2_20250710_193900.wav
1557.0,1560.0,Passerina caerulea,Blue Grosbeak,0.0524,E:\AcousticMonitoringData\ELDON2_Data\Week26\ELDON2_20250710_193900.wav
1560.0,1563.0,Passerina caerulea,Blue Grosbeak,0.0957,E:\AcousticMonitoringData\ELDON2_Data\Week26\ELDON2_20250710_193900.wav
1560.0,1563.0,Sturnella magna,Eastern Meadowlark,0.0844,E:\AcousticMonitoringData\ELDON2_Data\Week26\ELDON2_20250710_193900.wav
1563.0,1566.0,Sturnella magna,Eastern Meadowlark,0.1315,E:\AcousticMonitoringData\ELDON2_Data\Week26\ELDON2_20250710_193900.wav
1566.0,1569.0,Spizella pusilla,Field Sparrow,0.1198,E:\AcousticMonitoringData\ELDON2_Data\Week26\ELDON2_20250710_193900.wav
1569.0,1572.0,Sturnella magna,Eastern Meadowlark,0.0650,E:\AcousticMonitoringData\ELDON2_Data\Week26\ELDON2_20250710_193900.wav
1572.0,1575.0,Sturnella magna,Eastern Meadowlark,0.0818,E:\AcousticMonitoringData\ELDON2_Data\Week26\ELDON2_20250710_193900.wav
1578.0,1581.0,Sturnella magna,Eastern Meadowlark,0.0526,E:\AcousticMonitoringData\ELDON2_Data\Week26\ELDON2_20250710_193900.wav
1581.0,1584.0,Sturnella magna,Eastern Meadowlark,0.2180,E:\AcousticMonitoringData\ELDON2_Data\Week26\ELDON2_20250710_193900.wav
1584.0,1587.0,Sturnella magna,Eastern Meadowlark,0.0912,E:\AcousticMonitoringData\ELDON2_Data\Week26\ELDON2_20250710_193900.wav
1584.0,1587.0,Passerina caerulea,Blue Grosbeak,0.0543,E:\AcousticMonitoringData\ELDON2_Data\Week26\ELDON2_20250710_193900.wav
1587.0,1590.0,Sturnella magna,Eastern Meadowlark,0.1086,E:\AcousticMonitoringData\ELDON2_Data\Week26\ELDON2_20250710_193900.wav
1587.0,1590.0,Passerina caerulea,Blue Grosbeak,0.0764,E:\AcousticMonitoringData\ELDON2_Data\Week26\ELDON2_20250710_193900.wav
1590.0,1593.0,Sturnella magna,Eastern Meadowlark,0.3597,E:\AcousticMonitoringData\ELDON2_Data\Week26\ELDON2_20250710_193900.wav
1590.0,1593.0,Passerina caerulea,Blue Grosbeak,0.0918,E:\AcousticMonitoringData\ELDON2_Data\Week26\ELDON2_20250710_193900.wav
1593.0,1596.0,Sturnella magna,Eastern Meadowlark,0.6073,E:\AcousticMonitoringData\ELDON2_Data\Week26\ELDON2_20250710_193900.wav
1593.0,1596.0,Passerina caerulea,Blue Grosbeak,0.0601,E:\AcousticMonitoringData\ELDON2_Data\Week26\ELDON2_20250710_193900.wav
1599.0,1602.0,Sturnella magna,Eastern Meadowlark,0.0720,E:\AcousticMonitoringData\ELDON2_Data\Week26\ELDON2_20250710_193900.wav
1599.0,1602.0,Passerina caerulea,Blue Grosbeak,0.0696,E:\AcousticMonitoringData\ELDON2_Data\Week26\ELDON2_20250710_193900.wav
1602.0,1605.0,Sturnella magna,Eastern Meadowlark,0.5730,E:\AcousticMonitoringData\ELDON2_Data\Week26\ELDON2_20250710_193900.wav
1605.0,1608.0,Sturnella magna,Eastern Meadowlark,0.7374,E:\AcousticMonitoringData\ELDON2_Data\Week26\ELDON2_20250710_193900.wav
1608.0,1611.0,Sturnella magna,Eastern Meadowlark,0.0800,E:\AcousticMonitoringData\ELDON2_Data\Week26\ELDON2_20250710_193900.wav
1608.0,1611.0,Passerina caerulea,Blue Grosbeak,0.0567,E:\AcousticMonitoringData\ELDON2_Data\Week26\ELDON2_20250710_193900.wav
1611.0,1614.0,Sturnella magna,Eastern Meadowlark,0.0751,E:\AcousticMonitoringData\ELDON2_Data\Week26\ELDON2_20250710_193900.wav
1614.0,1617.0,Sturnella magna,Eastern Meadowlark,0.0985,E:\AcousticMonitoringData\ELDON2_Data\Week26\ELDON2_20250710_193900.wav
1617.0,1620.0,Sturnella magna,Eastern Meadowlark,0.0679,E:\AcousticMonitoringData\ELDON2_Data\Week26\ELDON2_20250710_193900.wav
1620.0,1623.0,Passerina caerulea,Blue Grosbeak,0.1128,E:\AcousticMonitoringData\ELDON2_Data\Week26\ELDON2_20250710_193900.wav
1620.0,1623.0,Sturnella magna,Eastern Meadowlark,0.0795,E:\AcousticMonitoringData\ELDON2_Data\Week26\ELDON2_20250710_193900.wav
1626.0,1629.0,Sturnella magna,Eastern Meadowlark,0.0540,E:\AcousticMonitoringData\ELDON2_Data\Week26\ELDON2_20250710_193900.wav
1632.0,1635.0,Sturnella magna,Eastern Meadowlark,0.0764,E:\AcousticMonitoringData\ELDON2_Data\Week26\ELDON2_20250710_193900.wav
1635.0,1638.0,Sturnella magna,Eastern Meadowlark,0.0678,E:\AcousticMonitoringData\ELDON2_Data\Week26\ELDON2_20250710_193900.wav
1638.0,1641.0,Passerina caerulea,Blue Grosbeak,0.0510,E:\AcousticMonitoringData\ELDON2_Data\Week26\ELDON2_20250710_193900.wav
1641.0,1644.0,Sturnella magna,Eastern Meadowlark,0.0720,E:\AcousticMonitoringData\ELDON2_Data\Week26\ELDON2_20250710_193900.wav
1647.0,1650.0,Sturnella magna,Eastern Meadowlark,0.0904,E:\AcousticMonitoringData\ELDON2_Data\Week26\ELDON2_20250710_193900.wav
1647.0,1650.0,Passerina caerulea,Blue Grosbeak,0.0720,E:\AcousticMonitoringData\ELDON2_Data\Week26\ELDON2_20250710_193900.wav
1650.0,1653.0,Sturnella magna,Eastern Meadowlark,0.1550,E:\AcousticMonitoringData\ELDON2_Data\Week26\ELDON2_20250710_193900.wav
1653.0,1656.0,Sturnella magna,Eastern Meadowlark,0.0862,E:\AcousticMonitoringData\ELDON2_Data\Week26\ELDON2_20250710_193900.wav
1656.0,1659.0,Sturnella magna,Eastern Meadowlark,0.0974,E:\AcousticMonitoringData\ELDON2_Data\Week26\ELDON2_20250710_193900.wav
1656.0,1659.0,Passerina caerulea,Blue Grosbeak,0.0874,E:\AcousticMonitoringData\ELDON2_Data\Week26\ELDON2_20250710_193900.wav
1659.0,1662.0,Passerina caerulea,Blue Grosbeak,0.0537,E:\AcousticMonitoringData\ELDON2_Data\Week26\ELDON2_20250710_193900.wav
1662.0,1665.0,Sturnella magna,Eastern Meadowlark,0.0982,E:\AcousticMonitoringData\ELDON2_Data\Week26\ELDON2_20250710_193900.wav
1665.0,1668.0,Sturnella magna,Eastern Meadowlark,0.0895,E:\AcousticMonitoringData\ELDON2_Data\Week26\ELDON2_20250710_193900.wav
1668.0,1671.0,Sturnella magna,Eastern Meadowlark,0.5153,E:\AcousticMonitoringData\ELDON2_Data\Week26\ELDON2_20250710_193900.wav
1668.0,1671.0,Passerina caerulea,Blue Grosbeak,0.0618,E:\AcousticMonitoringData\ELDON2_Data\Week26\ELDON2_20250710_193900.wav
1671.0,1674.0,Sturnella magna,Eastern Meadowlark,0.0996,E:\AcousticMonitoringData\ELDON2_Data\Week26\ELDON2_20250710_193900.wav
1674.0,1677.0,Sturnella magna,Eastern Meadowlark,0.1065,E:\AcousticMonitoringData\ELDON2_Data\Week26\ELDON2_20250710_193900.wav
1674.0,1677.0,Passerina caerulea,Blue Grosbeak,0.0518,E:\AcousticMonitoringData\ELDON2_Data\Week26\ELDON2_20250710_193900.wav
1677.0,1680.0,Sturnella magna,Eastern Meadowlark,0.1080,E:\AcousticMonitoringData\ELDON2_Data\Week26\ELDON2_20250710_193900.wav
1677.0,1680.0,Passerina caerulea,Blue Grosbeak,0.0974,E:\AcousticMonitoringData\ELDON2_Data\Week26\ELDON2_20250710_193900.wav
1680.0,1683.0,Sturnella magna,Eastern Meadowlark,0.1700,E:\AcousticMonitoringData\ELDON2_Data\Week26\ELDON2_20250710_193900.wav
1680.0,1683.0,Passerina caerulea,Blue Grosbeak,0.0620,E:\AcousticMonitoringData\ELDON2_Data\Week26\ELDON2_20250710_193900.wav
1683.0,1686.0,Sturnella magna,Eastern Meadowlark,0.5301,E:\AcousticMonitoringData\ELDON2_Data\Week26\ELDON2_20250710_193900.wav
1686.0,1689.0,Sturnella magna,Eastern Meadowlark,0.1761,E:\AcousticMonitoringData\ELDON2_Data\Week26\ELDON2_20250710_193900.wav
1692.0,1695.0,Sturnella magna,Eastern Meadowlark,0.0952,E:\AcousticMonitoringData\ELDON2_Data\Week26\ELDON2_20250710_193900.wav
1695.0,1698.0,Sturnella magna,Eastern Meadowlark,0.0850,E:\AcousticMonitoringData\ELDON2_Data\Week26\ELDON2_20250710_193900.wav
1695.0,1698.0,Passerina caerulea,Blue Grosbeak,0.0663,E:\AcousticMonitoringData\ELDON2_Data\Week26\ELDON2_20250710_193900.wav
1698.0,1701.0,Passerina caerulea,Blue Grosbeak,0.0831,E:\AcousticMonitoringData\ELDON2_Data\Week26\ELDON2_20250710_193900.wav
1698.0,1701.0,Sturnella magna,Eastern Meadowlark,0.0621,E:\AcousticMonitoringData\ELDON2_Data\Week26\ELDON2_20250710_193900.wav
1701.0,1704.0,Sturnella magna,Eastern Meadowlark,0.0745,E:\AcousticMonitoringData\ELDON2_Data\Week26\ELDON2_20250710_193900.wav
1701.0,1704.0,Passerina caerulea,Blue Grosbeak,0.0558,E:\AcousticMonitoringData\ELDON2_Data\Week26\ELDON2_20250710_193900.wav
1704.0,1707.0,Sturnella magna,Eastern Meadowlark,0.1003,E:\AcousticMonitoringData\ELDON2_Data\Week26\ELDON2_20250710_193900.wav
1704.0,1707.0,Passerina caerulea,Blue Grosbeak,0.0501,E:\AcousticMonitoringData\ELDON2_Data\Week26\ELDON2_20250710_193900.wav
1707.0,1710.0,Sturnella magna,Eastern Meadowlark,0.0706,E:\AcousticMonitoringData\ELDON2_Data\Week26\ELDON2_20250710_193900.wav
1716.0,1719.0,Sturnella magna,Eastern Meadowlark,0.0995,E:\AcousticMonitoringData\ELDON2_Data\Week26\ELDON2_20250710_193900.wav
1719.0,1722.0,Sturnella magna,Eastern Meadowlark,0.0708,E:\AcousticMonitoringData\ELDON2_Data\Week26\ELDON2_20250710_193900.wav
1728.0,1731.0,Sturnella magna,Eastern Meadowlark,0.0659,E:\AcousticMonitoringData\ELDON2_Data\Week26\ELDON2_20250710_193900.wav
1737.0,1740.0,Sturnella magna,Eastern Meadowlark,0.0583,E:\AcousticMonitoringData\ELDON2_Data\Week26\ELDON2_20250710_193900.wav
1770.0,1773.0,Passerina caerulea,Blue Grosbeak,0.0516,E:\AcousticMonitoringData\ELDON2_Data\Week26\ELDON2_20250710_193900.wav
1779.0,1782.0,Sturnella magna,Eastern Meadowlark,0.0619,E:\AcousticMonitoringData\ELDON2_Data\Week26\ELDON2_20250710_193900.wav
1797.0,1800.0,Sturnella magna,Eastern Meadowlark,0.4012,E:\AcousticMonitoringData\ELDON2_Data\Week26\ELDON2_20250710_193900.wav
1800.0,1803.0,Sturnella magna,Eastern Meadowlark,0.3567,E:\AcousticMonitoringData\ELDON2_Data\Week26\ELDON2_20250710_193900.wav
1803.0,1806.0,Sturnella magna,Eastern Meadowlark,0.1852,E:\AcousticMonitoringData\ELDON2_Data\Week26\ELDON2_20250710_193900.wav
1806.0,1809.0,Sturnella magna,Eastern Meadowlark,0.4822,E:\AcousticMonitoringData\ELDON2_Data\Week26\ELDON2_20250710_193900.wav
1809.0,1812.0,Sturnella magna,Eastern Meadowlark,0.1199,E:\AcousticMonitoringData\ELDON2_Data\Week26\ELDON2_20250710_193900.wav
1812.0,1815.0,Sturnella magna,Eastern Meadowlark,0.7987,E:\AcousticMonitoringData\ELDON2_Data\Week26\ELDON2_20250710_193900.wav
1812.0,1815.0,Passerina caerulea,Blue Grosbeak,0.1157,E:\AcousticMonitoringData\ELDON2_Data\Week26\ELDON2_20250710_193900.wav
1815.0,1818.0,Sturnella magna,Eastern Meadowlark,0.0651,E:\AcousticMonitoringData\ELDON2_Data\Week26\ELDON2_20250710_193900.wav
1821.0,1824.0,Sturnella magna,Eastern Meadowlark,0.2467,E:\AcousticMonitoringData\ELDON2_Data\Week26\ELDON2_20250710_193900.wav
1827.0,1830.0,Sturnella magna,Eastern Meadowlark,0.7671,E:\AcousticMonitoringData\ELDON2_Data\Week26\ELDON2_20250710_193900.wav
1833.0,1836.0,Sturnella magna,Eastern Meadowlark,0.0645,E:\AcousticMonitoringData\ELDON2_Data\Week26\ELDON2_20250710_193900.wav
1836.0,1839.0,Sturnella magna,Eastern Meadowlark,0.0595,E:\AcousticMonitoringData\ELDON2_Data\Week26\ELDON2_20250710_193900.wav
1839.0,1842.0,Sturnella magna,Eastern Meadowlark,0.1025,E:\AcousticMonitoringData\ELDON2_Data\Week26\ELDON2_20250710_193900.wav
1848.0,1851.0,Sturnella magna,Eastern Meadowlark,0.0556,E:\AcousticMonitoringData\ELDON2_Data\Week26\ELDON2_20250710_193900.wav
1854.0,1857.0,Sturnella magna,Eastern Meadowlark,0.1313,E:\AcousticMonitoringData\ELDON2_Data\Week26\ELDON2_20250710_193900.wav
1857.0,1860.0,Sturnella magna,Eastern Meadowlark,0.5262,E:\AcousticMonitoringData\ELDON2_Data\Week26\ELDON2_20250710_193900.wav
1881.0,1884.0,Passerina caerulea,Blue Grosbeak,0.0530,E:\AcousticMonitoringData\ELDON2_Data\Week26\ELDON2_20250710_193900.wav
1893.0,1896.0,Sturnella magna,Eastern Meadowlark,0.2576,E:\AcousticMonitoringData\ELDON2_Data\Week26\ELDON2_20250710_193900.wav
1902.0,1905.0,Sturnella magna,Eastern Meadowlark,0.0508,E:\AcousticMonitoringData\ELDON2_Data\Week26\ELDON2_20250710_193900.wav
1908.0,1911.0,Sturnella magna,Eastern Meadowlark,0.0897,E:\AcousticMonitoringData\ELDON2_Data\Week26\ELDON2_20250710_193900.wav
1908.0,1911.0,Passerina caerulea,Blue Grosbeak,0.0704,E:\AcousticMonitoringData\ELDON2_Data\Week26\ELDON2_20250710_193900.wav
1911.0,1914.0,Sturnella magna,Eastern Meadowlark,0.1881,E:\AcousticMonitoringData\ELDON2_Data\Week26\ELDON2_20250710_193900.wav
1917.0,1920.0,Sturnella magna,Eastern Meadowlark,0.0718,E:\AcousticMonitoringData\ELDON2_Data\Week26\ELDON2_20250710_193900.wav
1920.0,1923.0,Sturnella magna,Eastern Meadowlark,0.5165,E:\AcousticMonitoringData\ELDON2_Data\Week26\ELDON2_20250710_193900.wav
1923.0,1926.0,Sturnella magna,Eastern Meadowlark,0.3086,E:\AcousticMonitoringData\ELDON2_Data\Week26\ELDON2_20250710_193900.wav
1926.0,1929.0,Sturnella magna,Eastern Meadowlark,0.6649,E:\AcousticMonitoringData\ELDON2_Data\Week26\ELDON2_20250710_193900.wav
1929.0,1932.0,Sturnella magna,Eastern Meadowlark,0.9824,E:\AcousticMonitoringData\ELDON2_Data\Week26\ELDON2_20250710_193900.wav
1932.0,1935.0,Sturnella magna,Eastern Meadowlark,0.2862,E:\AcousticMonitoringData\ELDON2_Data\Week26\ELDON2_20250710_193900.wav
1938.0,1941.0,Sturnella magna,Eastern Meadowlark,0.0515,E:\AcousticMonitoringData\ELDON2_Data\Week26\ELDON2_20250710_193900.wav
1941.0,1944.0,Sturnella magna,Eastern Meadowlark,0.0542,E:\AcousticMonitoringData\ELDON2_Data\Week26\ELDON2_20250710_193900.wav
1944.0,1947.0,Sturnella magna,Eastern Meadowlark,0.2017,E:\AcousticMonitoringData\ELDON2_Data\Week26\ELDON2_20250710_193900.wav
1947.0,1950.0,Sturnella magna,Eastern Meadowlark,0.0515,E:\AcousticMonitoringData\ELDON2_Data\Week26\ELDON2_20250710_193900.wav
1950.0,1953.0,Sturnella magna,Eastern Meadowlark,0.1549,E:\AcousticMonitoringData\ELDON2_Data\Week26\ELDON2_20250710_193900.wav
1950.0,1953.0,Passerina caerulea,Blue Grosbeak,0.0982,E:\AcousticMonitoringData\ELDON2_Data\Week26\ELDON2_20250710_193900.wav
1953.0,1956.0,Sturnella magna,Eastern Meadowlark,0.0601,E:\AcousticMonitoringData\ELDON2_Data\Week26\ELDON2_20250710_193900.wav
1953.0,1956.0,Passerina caerulea,Blue Grosbeak,0.0521,E:\AcousticMonitoringData\ELDON2_Data\Week26\ELDON2_20250710_193900.wav
1956.0,1959.0,Sturnella magna,Eastern Meadowlark,0.7986,E:\AcousticMonitoringData\ELDON2_Data\Week26\ELDON2_20250710_193900.wav
1959.0,1962.0,Sturnella magna,Eastern Meadowlark,0.3416,E:\AcousticMonitoringData\ELDON2_Data\Week26\ELDON2_20250710_193900.wav
1962.0,1965.0,Sturnella magna,Eastern Meadowlark,0.1146,E:\AcousticMonitoringData\ELDON2_Data\Week26\ELDON2_20250710_193900.wav
1965.0,1968.0,Passerina caerulea,Blue Grosbeak,0.1003,E:\AcousticMonitoringData\ELDON2_Data\Week26\ELDON2_20250710_193900.wav
1968.0,1971.0,Sturnella magna,Eastern Meadowlark,0.5185,E:\AcousticMonitoringData\ELDON2_Data\Week26\ELDON2_20250710_193900.wav
1971.0,1974.0,Sturnella magna,Eastern Meadowlark,0.9481,E:\AcousticMonitoringData\ELDON2_Data\Week26\ELDON2_20250710_193900.wav
1974.0,1977.0,Sturnella magna,Eastern Meadowlark,0.5503,E:\AcousticMonitoringData\ELDON2_Data\Week26\ELDON2_20250710_193900.wav
1977.0,1980.0,Sturnella magna,Eastern Meadowlark,0.5032,E:\AcousticMonitoringData\ELDON2_Data\Week26\ELDON2_20250710_193900.wav
1980.0,1983.0,Sturnella magna,Eastern Meadowlark,0.9661,E:\AcousticMonitoringData\ELDON2_Data\Week26\ELDON2_20250710_193900.wav
1983.0,1986.0,Sturnella magna,Eastern Meadowlark,0.8254,E:\AcousticMonitoringData\ELDON2_Data\Week26\ELDON2_20250710_193900.wav
1986.0,1989.0,Sturnella magna,Eastern Meadowlark,0.7398,E:\AcousticMonitoringData\ELDON2_Data\Week26\ELDON2_20250710_193900.wav
1989.0,1992.0,Sturnella magna,Eastern Meadowlark,0.8782,E:\AcousticMonitoringData\ELDON2_Data\Week26\ELDON2_20250710_193900.wav
1992.0,1995.0,Sturnella magna,Eastern Meadowlark,0.8923,E:\AcousticMonitoringData\ELDON2_Data\Week26\ELDON2_20250710_193900.wav
1995.0,1998.0,Passerina caerulea,Blue Grosbeak,0.0554,E:\AcousticMonitoringData\ELDON2_Data\Week26\ELDON2_20250710_193900.wav
1998.0,2001.0,Sturnella magna,Eastern Meadowlark,0.9411,E:\AcousticMonitoringData\ELDON2_Data\Week26\ELDON2_20250710_193900.wav
2001.0,2004.0,Sturnella magna,Eastern Meadowlark,0.4990,E:\AcousticMonitoringData\ELDON2_Data\Week26\ELDON2_20250710_193900.wav
2001.0,2004.0,Passerina caerulea,Blue Grosbeak,0.0782,E:\AcousticMonitoringData\ELDON2_Data\Week26\ELDON2_20250710_193900.wav
2004.0,2007.0,Sturnella magna,Eastern Meadowlark,0.5375,E:\AcousticMonitoringData\ELDON2_Data\Week26\ELDON2_20250710_193900.wav
2007.0,2010.0,Passerina caerulea,Blue Grosbeak,0.0991,E:\AcousticMonitoringData\ELDON2_Data\Week26\ELDON2_20250710_193900.wav
2010.0,2013.0,Sturnella magna,Eastern Meadowlark,0.6674,E:\AcousticMonitoringData\ELDON2_Data\Week26\ELDON2_20250710_193900.wav
2010.0,2013.0,Spizella pusilla,Field Sparrow,0.1375,E:\AcousticMonitoringData\ELDON2_Data\Week26\ELDON2_20250710_193900.wav
2013.0,2016.0,Sturnella magna,Eastern Meadowlark,0.9657,E:\AcousticMonitoringData\ELDON2_Data\Week26\ELDON2_20250710_193900.wav
2019.0,2022.0,Sturnella magna,Eastern Meadowlark,0.6179,E:\AcousticMonitoringData\ELDON2_Data\Week26\ELDON2_20250710_193900.wav
2022.0,2025.0,Sturnella magna,Eastern Meadowlark,0.5370,E:\AcousticMonitoringData\ELDON2_Data\Week26\ELDON2_20250710_193900.wav
2031.0,2034.0,Sturnella magna,Eastern Meadowlark,0.2141,E:\AcousticMonitoringData\ELDON2_Data\Week26\ELDON2_20250710_193900.wav
2061.0,2064.0,Sturnella magna,Eastern Meadowlark,0.0682,E:\AcousticMonitoringData\ELDON2_Data\Week26\ELDON2_20250710_193900.wav
2067.0,2070.0,Sturnella magna,Eastern Meadowlark,0.0954,E:\AcousticMonitoringData\ELDON2_Data\Week26\ELDON2_20250710_193900.wav
2073.0,2076.0,Passerina caerulea,Blue Grosbeak,0.0747,E:\AcousticMonitoringData\ELDON2_Data\Week26\ELDON2_20250710_193900.wav
2076.0,2079.0,Sturnella magna,Eastern Meadowlark,0.0757,E:\AcousticMonitoringData\ELDON2_Data\Week26\ELDON2_20250710_193900.wav
2079.0,2082.0,Sturnella magna,Eastern Meadowlark,0.0693,E:\AcousticMonitoringData\ELDON2_Data\Week26\ELDON2_20250710_193900.wav
2082.0,2085.0,Sturnella magna,Eastern Meadowlark,0.4992,E:\AcousticMonitoringData\ELDON2_Data\Week26\ELDON2_20250710_193900.wav
2082.0,2085.0,Passerina caerulea,Blue Grosbeak,0.0765,E:\AcousticMonitoringData\ELDON2_Data\Week26\ELDON2_20250710_193900.wav
2085.0,2088.0,Sturnella magna,Eastern Meadowlark,0.7446,E:\AcousticMonitoringData\ELDON2_Data\Week26\ELDON2_20250710_193900.wav
2088.0,2091.0,Sturnella magna,Eastern Meadowlark,0.1055,E:\AcousticMonitoringData\ELDON2_Data\Week26\ELDON2_20250710_193900.wav
2091.0,2094.0,Sturnella magna,Eastern Meadowlark,0.5935,E:\AcousticMonitoringData\ELDON2_Data\Week26\ELDON2_20250710_193900.wav
2094.0,2097.0,Sturnella magna,Eastern Meadowlark,0.0607,E:\AcousticMonitoringData\ELDON2_Data\Week26\ELDON2_20250710_193900.wav
2109.0,2112.0,Passerina caerulea,Blue Grosbeak,0.0561,E:\AcousticMonitoringData\ELDON2_Data\Week26\ELDON2_20250710_193900.wav
2115.0,2118.0,Passerina caerulea,Blue Grosbeak,0.0623,E:\AcousticMonitoringData\ELDON2_Data\Week26\ELDON2_20250710_193900.wav
2124.0,2127.0,Agelaius phoeniceus,Red-winged Blackbird,0.0550,E:\AcousticMonitoringData\ELDON2_Data\Week26\ELDON2_20250710_193900.wav
2133.0,2136.0,Agelaius phoeniceus,Red-winged Blackbird,0.1998,E:\AcousticMonitoringData\ELDON2_Data\Week26\ELDON2_20250710_193900.wav
2139.0,2142.0,Sturnella magna,Eastern Meadowlark,0.1769,E:\AcousticMonitoringData\ELDON2_Data\Week26\ELDON2_20250710_193900.wav
2142.0,2145.0,Sturnella magna,Eastern Meadowlark,0.4324,E:\AcousticMonitoringData\ELDON2_Data\Week26\ELDON2_20250710_193900.wav
2145.0,2148.0,Passerina caerulea,Blue Grosbeak,0.0554,E:\AcousticMonitoringData\ELDON2_Data\Week26\ELDON2_20250710_193900.wav
2151.0,2154.0,Agelaius phoeniceus,Red-winged Blackbird,0.1219,E:\AcousticMonitoringData\ELDON2_Data\Week26\ELDON2_20250710_193900.wav
2154.0,2157.0,Passerina caerulea,Blue Grosbeak,0.0685,E:\AcousticMonitoringData\ELDON2_Data\Week26\ELDON2_20250710_193900.wav
2157.0,2160.0,Agelaius phoeniceus,Red-winged Blackbird,0.1095,E:\AcousticMonitoringData\ELDON2_Data\Week26\ELDON2_20250710_193900.wav
2163.0,2166.0,Agelaius phoeniceus,Red-winged Blackbird,0.1481,E:\AcousticMonitoringData\ELDON2_Data\Week26\ELDON2_20250710_193900.wav
2166.0,2169.0,Agelaius phoeniceus,Red-winged Blackbird,0.1950,E:\AcousticMonitoringData\ELDON2_Data\Week26\ELDON2_20250710_193900.wav
2172.0,2175.0,Agelaius phoeniceus,Red-winged Blackbird,0.4660,E:\AcousticMonitoringData\ELDON2_Data\Week26\ELDON2_20250710_193900.wav
2175.0,2178.0,Agelaius phoeniceus,Red-winged Blackbird,0.5104,E:\AcousticMonitoringData\ELDON2_Data\Week26\ELDON2_20250710_193900.wav
2178.0,2181.0,Agelaius phoeniceus,Red-winged Blackbird,0.8035,E:\AcousticMonitoringData\ELDON2_Data\Week26\ELDON2_20250710_193900.wav
2181.0,2184.0,Agelaius phoeniceus,Red-winged Blackbird,0.0826,E:\AcousticMonitoringData\ELDON2_Data\Week26\ELDON2_20250710_193900.wav
2184.0,2187.0,Agelaius phoeniceus,Red-winged Blackbird,0.5918,E:\AcousticMonitoringData\ELDON2_Data\Week26\ELDON2_20250710_193900.wav
2187.0,2190.0,Agelaius phoeniceus,Red-winged Blackbird,0.3013,E:\AcousticMonitoringData\ELDON2_Data\Week26\ELDON2_20250710_193900.wav
2190.0,2193.0,Agelaius phoeniceus,Red-winged Blackbird,0.0662,E:\AcousticMonitoringData\ELDON2_Data\Week26\ELDON2_20250710_193900.wav
2196.0,2199.0,Agelaius phoeniceus,Red-winged Blackbird,0.0909,E:\AcousticMonitoringData\ELDON2_Data\Week26\ELDON2_20250710_193900.wav
2199.0,2202.0,Agelaius phoeniceus,Red-winged Blackbird,0.1464,E:\AcousticMonitoringData\ELDON2_Data\Week26\ELDON2_20250710_193900.wav
2205.0,2208.0,Passerina caerulea,Blue Grosbeak,0.0860,E:\AcousticMonitoringData\ELDON2_Data\Week26\ELDON2_20250710_193900.wav
2211.0,2214.0,Agelaius phoeniceus,Red-winged Blackbird,0.3739,E:\AcousticMonitoringData\ELDON2_Data\Week26\ELDON2_20250710_193900.wav
2214.0,2217.0,Agelaius phoeniceus,Red-winged Blackbird,0.0779,E:\AcousticMonitoringData\ELDON2_Data\Week26\ELDON2_20250710_193900.wav
2217.0,2220.0,Agelaius phoeniceus,Red-winged Blackbird,0.0965,E:\AcousticMonitoringData\ELDON2_Data\Week26\ELDON2_20250710_193900.wav
2220.0,2223.0,Agelaius phoeniceus,Red-winged Blackbird,0.2766,E:\AcousticMonitoringData\ELDON2_Data\Week26\ELDON2_20250710_193900.wav
2223.0,2226.0,Agelaius phoeniceus,Red-winged Blackbird,0.0771,E:\AcousticMonitoringData\ELDON2_Data\Week26\ELDON2_20250710_193900.wav
2226.0,2229.0,Agelaius phoeniceus,Red-winged Blackbird,0.2269,E:\AcousticMonitoringData\ELDON2_Data\Week26\ELDON2_20250710_193900.wav
2226.0,2229.0,Sturnella magna,Eastern Meadowlark,0.0583,E:\AcousticMonitoringData\ELDON2_Data\Week26\ELDON2_20250710_193900.wav
2229.0,2232.0,Agelaius phoeniceus,Red-winged Blackbird,0.1218,E:\AcousticMonitoringData\ELDON2_Data\Week26\ELDON2_20250710_193900.wav
2232.0,2235.0,Agelaius phoeniceus,Red-winged Blackbird,0.1995,E:\AcousticMonitoringData\ELDON2_Data\Week26\ELDON2_20250710_193900.wav
2235.0,2238.0,Agelaius phoeniceus,Red-winged Blackbird,0.2459,E:\AcousticMonitoringData\ELDON2_Data\Week26\ELDON2_20250710_193900.wav
2241.0,2244.0,Sturnella magna,Eastern Meadowlark,0.2608,E:\AcousticMonitoringData\ELDON2_Data\Week26\ELDON2_20250710_193900.wav
2244.0,2247.0,Agelaius phoeniceus,Red-winged Blackbird,0.1519,E:\AcousticMonitoringData\ELDON2_Data\Week26\ELDON2_20250710_193900.wav
2247.0,2250.0,Sturnella magna,Eastern Meadowlark,0.0957,E:\AcousticMonitoringData\ELDON2_Data\Week26\ELDON2_20250710_193900.wav
2271.0,2274.0,Passerina caerulea,Blue Grosbeak,0.0862,E:\AcousticMonitoringData\ELDON2_Data\Week26\ELDON2_20250710_193900.wav
2274.0,2277.0,Agelaius phoeniceus,Red-winged Blackbird,0.2157,E:\AcousticMonitoringData\ELDON2_Data\Week26\ELDON2_20250710_193900.wav
2280.0,2283.0,Passerina caerulea,Blue Grosbeak,0.0699,E:\AcousticMonitoringData\ELDON2_Data\Week26\ELDON2_20250710_193900.wav
2280.0,2283.0,Sturnella magna,Eastern Meadowlark,0.0540,E:\AcousticMonitoringData\ELDON2_Data\Week26\ELDON2_20250710_193900.wav
2289.0,2292.0,Agelaius phoeniceus,Red-winged Blackbird,0.4514,E:\AcousticMonitoringData\ELDON2_Data\Week26\ELDON2_20250710_193900.wav
2292.0,2295.0,Spizella pusilla,Field Sparrow,0.1006,E:\AcousticMonitoringData\ELDON2_Data\Week26\ELDON2_20250710_193900.wav
2295.0,2298.0,Passerina caerulea,Blue Grosbeak,0.0749,E:\AcousticMonitoringData\ELDON2_Data\Week26\ELDON2_20250710_193900.wav
2298.0,2301.0,Agelaius phoeniceus,Red-winged Blackbird,0.5042,E:\AcousticMonitoringData\ELDON2_Data\Week26\ELDON2_20250710_193900.wav
2304.0,2307.0,Sturnella magna,Eastern Meadowlark,0.0777,E:\AcousticMonitoringData\ELDON2_Data\Week26\ELDON2_20250710_193900.wav
2304.0,2307.0,Passerina caerulea,Blue Grosbeak,0.0627,E:\AcousticMonitoringData\ELDON2_Data\Week26\ELDON2_20250710_193900.wav
2307.0,2310.0,Agelaius phoeniceus,Red-winged Blackbird,0.0849,E:\AcousticMonitoringData\ELDON2_Data\Week26\ELDON2_20250710_193900.wav
2310.0,2313.0,Passerina caerulea,Blue Grosbeak,0.0551,E:\AcousticMonitoringData\ELDON2_Data\Week26\ELDON2_20250710_193900.wav
2313.0,2316.0,Agelaius phoeniceus,Red-winged Blackbird,0.3142,E:\AcousticMonitoringData\ELDON2_Data\Week26\ELDON2_20250710_193900.wav
2316.0,2319.0,Passerina caerulea,Blue Grosbeak,0.0979,E:\AcousticMonitoringData\ELDON2_Data\Week26\ELDON2_20250710_193900.wav
2316.0,2319.0,Sturnella magna,Eastern Meadowlark,0.0649,E:\AcousticMonitoringData\ELDON2_Data\Week26\ELDON2_20250710_193900.wav
2319.0,2322.0,Agelaius phoeniceus,Red-winged Blackbird,0.1284,E:\AcousticMonitoringData\ELDON2_Data\Week26\ELDON2_20250710_193900.wav
2322.0,2325.0,Sturnella magna,Eastern Meadowlark,0.7116,E:\AcousticMonitoringData\ELDON2_Data\Week26\ELDON2_20250710_193900.wav
2322.0,2325.0,Agelaius phoeniceus,Red-winged Blackbird,0.1321,E:\AcousticMonitoringData\ELDON2_Data\Week26\ELDON2_20250710_193900.wav
2325.0,2328.0,Sturnella magna,Eastern Meadowlark,0.3817,E:\AcousticMonitoringData\ELDON2_Data\Week26\ELDON2_20250710_193900.wav
2328.0,2331.0,Sturnella magna,Eastern Meadowlark,0.7380,E:\AcousticMonitoringData\ELDON2_Data\Week26\ELDON2_20250710_193900.wav
2331.0,2334.0,Sturnella magna,Eastern Meadowlark,0.1433,E:\AcousticMonitoringData\ELDON2_Data\Week26\ELDON2_20250710_193900.wav
2334.0,2337.0,Sturnella magna,Eastern Meadowlark,0.2608,E:\AcousticMonitoringData\ELDON2_Data\Week26\ELDON2_20250710_193900.wav
2340.0,2343.0,Passerina caerulea,Blue Grosbeak,0.1916,E:\AcousticMonitoringData\ELDON2_Data\Week26\ELDON2_20250710_193900.wav
2346.0,2349.0,Passerina caerulea,Blue Grosbeak,0.0608,E:\AcousticMonitoringData\ELDON2_Data\Week26\ELDON2_20250710_193900.wav
2349.0,2352.0,Sturnella magna,Eastern Meadowlark,0.3353,E:\AcousticMonitoringData\ELDON2_Data\Week26\ELDON2_20250710_193900.wav
2358.0,2361.0,Sturnella magna,Eastern Meadowlark,0.1586,E:\AcousticMonitoringData\ELDON2_Data\Week26\ELDON2_20250710_193900.wav
2361.0,2364.0,Passerina caerulea,Blue Grosbeak,0.0648,E:\AcousticMonitoringData\ELDON2_Data\Week26\ELDON2_20250710_193900.wav
2370.0,2373.0,Sturnella magna,Eastern Meadowlark,0.0930,E:\AcousticMonitoringData\ELDON2_Data\Week26\ELDON2_20250710_193900.wav
2373.0,2376.0,Sturnella magna,Eastern Meadowlark,0.0764,E:\AcousticMonitoringData\ELDON2_Data\Week26\ELDON2_20250710_193900.wav
2382.0,2385.0,Sturnella magna,Eastern Meadowlark,0.0693,E:\AcousticMonitoringData\ELDON2_Data\Week26\ELDON2_20250710_193900.wav
2397.0,2400.0,Passerina caerulea,Blue Grosbeak,0.0551,E:\AcousticMonitoringData\ELDON2_Data\Week26\ELDON2_20250710_193900.wav
2400.0,2403.0,Sturnella magna,Eastern Meadowlark,0.2468,E:\AcousticMonitoringData\ELDON2_Data\Week26\ELDON2_20250710_193900.wav
2400.0,2403.0,Passerina caerulea,Blue Grosbeak,0.1368,E:\AcousticMonitoringData\ELDON2_Data\Week26\ELDON2_20250710_193900.wav
2406.0,2409.0,Passerina caerulea,Blue Grosbeak,0.0665,E:\AcousticMonitoringData\ELDON2_Data\Week26\ELDON2_20250710_193900.wav
2415.0,2418.0,Sturnella magna,Eastern Meadowlark,0.1755,E:\AcousticMonitoringData\ELDON2_Data\Week26\ELDON2_20250710_193900.wav
2424.0,2427.0,Sturnella magna,Eastern Meadowlark,0.0652,E:\AcousticMonitoringData\ELDON2_Data\Week26\ELDON2_20250710_193900.wav
2424.0,2427.0,Passerina caerulea,Blue Grosbeak,0.0530,E:\AcousticMonitoringData\ELDON2_Data\Week26\ELDON2_20250710_193900.wav
2427.0,2430.0,Passerina caerulea,Blue Grosbeak,0.1293,E:\AcousticMonitoringData\ELDON2_Data\Week26\ELDON2_20250710_193900.wav
2427.0,2430.0,Sturnella magna,Eastern Meadowlark,0.0647,E:\AcousticMonitoringData\ELDON2_Data\Week26\ELDON2_20250710_193900.wav
2430.0,2433.0,Sturnella magna,Eastern Meadowlark,0.1292,E:\AcousticMonitoringData\ELDON2_Data\Week26\ELDON2_20250710_193900.wav
2430.0,2433.0,Passerina caerulea,Blue Grosbeak,0.1002,E:\AcousticMonitoringData\ELDON2_Data\Week26\ELDON2_20250710_193900.wav
2445.0,2448.0,Sturnella magna,Eastern Meadowlark,0.1594,E:\AcousticMonitoringData\ELDON2_Data\Week26\ELDON2_20250710_193900.wav
2445.0,2448.0,Passerina caerulea,Blue Grosbeak,0.1365,E:\AcousticMonitoringData\ELDON2_Data\Week26\ELDON2_20250710_193900.wav
2454.0,2457.0,Sturnella magna,Eastern Meadowlark,0.3848,E:\AcousticMonitoringData\ELDON2_Data\Week26\ELDON2_20250710_193900.wav
2457.0,2460.0,Passerina caerulea,Blue Grosbeak,0.0501,E:\AcousticMonitoringData\ELDON2_Data\Week26\ELDON2_20250710_193900.wav
2460.0,2463.0,Passerina caerulea,Blue Grosbeak,0.0534,E:\AcousticMonitoringData\ELDON2_Data\Week26\ELDON2_20250710_193900.wav
2466.0,2469.0,Sturnella magna,Eastern Meadowlark,0.1500,E:\AcousticMonitoringData\ELDON2_Data\Week26\ELDON2_20250710_193900.wav
2466.0,2469.0,Passerina caerulea,Blue Grosbeak,0.0566,E:\AcousticMonitoringData\ELDON2_Data\Week26\ELDON2_20250710_193900.wav
2475.0,2478.0,Sturnella magna,Eastern Meadowlark,0.0650,E:\AcousticMonitoringData\ELDON2_Data\Week26\ELDON2_20250710_193900.wav
2484.0,2487.0,Passerina caerulea,Blue Grosbeak,0.0589,E:\AcousticMonitoringData\ELDON2_Data\Week26\ELDON2_20250710_193900.wav
2517.0,2520.0,Sturnella magna,Eastern Meadowlark,0.3513,E:\AcousticMonitoringData\ELDON2_Data\Week26\ELDON2_20250710_193900.wav
2520.0,2523.0,Sturnella magna,Eastern Meadowlark,0.0877,E:\AcousticMonitoringData\ELDON2_Data\Week26\ELDON2_20250710_193900.wav
2535.0,2538.0,Sturnella magna,Eastern Meadowlark,0.3005,E:\AcousticMonitoringData\ELDON2_Data\Week26\ELDON2_20250710_193900.wav
2538.0,2541.0,Sturnella magna,Eastern Meadowlark,0.0636,E:\AcousticMonitoringData\ELDON2_Data\Week26\ELDON2_20250710_193900.wav
2556.0,2559.0,Passerina caerulea,Blue Grosbeak,0.0742,E:\AcousticMonitoringData\ELDON2_Data\Week26\ELDON2_20250710_193900.wav
2574.0,2577.0,Passerina caerulea,Blue Grosbeak,0.0562,E:\AcousticMonitoringData\ELDON2_Data\Week26\ELDON2_20250710_193900.wav
2577.0,2580.0,Passerina caerulea,Blue Grosbeak,0.0899,E:\AcousticMonitoringData\ELDON2_Data\Week26\ELDON2_20250710_193900.wav
2628.0,2631.0,Passerina caerulea,Blue Grosbeak,0.0641,E:\AcousticMonitoringData\ELDON2_Data\Week26\ELDON2_20250710_193900.wav
2628.0,2631.0,Sturnella magna,Eastern Meadowlark,0.0508,E:\AcousticMonitoringData\ELDON2_Data\Week26\ELDON2_20250710_193900.wav
2634.0,2637.0,Passerina caerulea,Blue Grosbeak,0.0725,E:\AcousticMonitoringData\ELDON2_Data\Week26\ELDON2_20250710_193900.wav
2634.0,2637.0,Sturnella magna,Eastern Meadowlark,0.0578,E:\AcousticMonitoringData\ELDON2_Data\Week26\ELDON2_20250710_193900.wav
2655.0,2658.0,Passerina caerulea,Blue Grosbeak,0.0696,E:\AcousticMonitoringData\ELDON2_Data\Week26\ELDON2_20250710_193900.wav
2655.0,2658.0,Sturnella magna,Eastern Meadowlark,0.0624,E:\AcousticMonitoringData\ELDON2_Data\Week26\ELDON2_20250710_193900.wav
2658.0,2661.0,Passerina caerulea,Blue Grosbeak,0.0732,E:\AcousticMonitoringData\ELDON2_Data\Week26\ELDON2_20250710_193900.wav
2664.0,2667.0,Sturnella magna,Eastern Meadowlark,0.0702,E:\AcousticMonitoringData\ELDON2_Data\Week26\ELDON2_20250710_193900.wav
2679.0,2682.0,Sturnella magna,Eastern Meadowlark,0.4040,E:\AcousticMonitoringData\ELDON2_Data\Week26\ELDON2_20250710_193900.wav
2694.0,2697.0,Passerina caerulea,Blue Grosbeak,0.0590,E:\AcousticMonitoringData\ELDON2_Data\Week26\ELDON2_20250710_193900.wav
2715.0,2718.0,Passerina caerulea,Blue Grosbeak,0.0667,E:\AcousticMonitoringData\ELDON2_Data\Week26\ELDON2_20250710_193900.wav
2724.0,2727.0,Sturnella magna,Eastern Meadowlark,0.3334,E:\AcousticMonitoringData\ELDON2_Data\Week26\ELDON2_20250710_193900.wav
2724.0,2727.0,Passerina caerulea,Blue Grosbeak,0.0572,E:\AcousticMonitoringData\ELDON2_Data\Week26\ELDON2_20250710_193900.wav
2733.0,2736.0,Sturnella magna,Eastern Meadowlark,0.1369,E:\AcousticMonitoringData\ELDON2_Data\Week26\ELDON2_20250710_193900.wav
2736.0,2739.0,Passerina caerulea,Blue Grosbeak,0.0730,E:\AcousticMonitoringData\ELDON2_Data\Week26\ELDON2_20250710_193900.wav
2742.0,2745.0,Passerina caerulea,Blue Grosbeak,0.0528,E:\AcousticMonitoringData\ELDON2_Data\Week26\ELDON2_20250710_193900.wav
2751.0,2754.0,Sturnella magna,Eastern Meadowlark,0.5905,E:\AcousticMonitoringData\ELDON2_Data\Week26\ELDON2_20250710_193900.wav
2757.0,2760.0,Sturnella magna,Eastern Meadowlark,0.0576,E:\AcousticMonitoringData\ELDON2_Data\Week26\ELDON2_20250710_193900.wav
2760.0,2763.0,Sturnella magna,Eastern Meadowlark,0.6472,E:\AcousticMonitoringData\ELDON2_Data\Week26\ELDON2_20250710_193900.wav
2763.0,2766.0,Passerina caerulea,Blue Grosbeak,0.0549,E:\AcousticMonitoringData\ELDON2_Data\Week26\ELDON2_20250710_193900.wav
2766.0,2769.0,Sturnella magna,Eastern Meadowlark,0.1291,E:\AcousticMonitoringData\ELDON2_Data\Week26\ELDON2_20250710_193900.wav
2772.0,2775.0,Sturnella magna,Eastern Meadowlark,0.5009,E:\AcousticMonitoringData\ELDON2_Data\Week26\ELDON2_20250710_193900.wav
2775.0,2778.0,Sturnella magna,Eastern Meadowlark,0.0678,E:\AcousticMonitoringData\ELDON2_Data\Week26\ELDON2_20250710_193900.wav
2781.0,2784.0,Passerina caerulea,Blue Grosbeak,0.0731,E:\AcousticMonitoringData\ELDON2_Data\Week26\ELDON2_20250710_193900.wav
2784.0,2787.0,Sturnella magna,Eastern Meadowlark,0.6201,E:\AcousticMonitoringData\ELDON2_Data\Week26\ELDON2_20250710_193900.wav
2787.0,2790.0,Sturnella magna,Eastern Meadowlark,0.5743,E:\AcousticMonitoringData\ELDON2_Data\Week26\ELDON2_20250710_193900.wav
2793.0,2796.0,Passerina caerulea,Blue Grosbeak,0.0542,E:\AcousticMonitoringData\ELDON2_Data\Week26\ELDON2_20250710_193900.wav
2799.0,2802.0,Sturnella magna,Eastern Meadowlark,0.0606,E:\AcousticMonitoringData\ELDON2_Data\Week26\ELDON2_20250710_193900.wav
2805.0,2808.0,Passerina caerulea,Blue Grosbeak,0.0509,E:\AcousticMonitoringData\ELDON2_Data\Week26\ELDON2_20250710_193900.wav
2817.0,2820.0,Sturnella magna,Eastern Meadowlark,0.6274,E:\AcousticMonitoringData\ELDON2_Data\Week26\ELDON2_20250710_193900.wav
2826.0,2829.0,Sturnella magna,Eastern Meadowlark,0.4798,E:\AcousticMonitoringData\ELDON2_Data\Week26\ELDON2_20250710_193900.wav
2829.0,2832.0,Passerina caerulea,Blue Grosbeak,0.0549,E:\AcousticMonitoringData\ELDON2_Data\Week26\ELDON2_20250710_193900.wav
2832.0,2835.0,Sturnella magna,Eastern Meadowlark,0.5056,E:\AcousticMonitoringData\ELDON2_Data\Week26\ELDON2_20250710_193900.wav
2841.0,2844.0,Sturnella magna,Eastern Meadowlark,0.6510,E:\AcousticMonitoringData\ELDON2_Data\Week26\ELDON2_20250710_193900.wav
2844.0,2847.0,Sturnella magna,Eastern Meadowlark,0.7742,E:\AcousticMonitoringData\ELDON2_Data\Week26\ELDON2_20250710_193900.wav
2847.0,2850.0,Sturnella magna,Eastern Meadowlark,0.6412,E:\AcousticMonitoringData\ELDON2_Data\Week26\ELDON2_20250710_193900.wav
2850.0,2853.0,Sturnella magna,Eastern Meadowlark,0.0982,E:\AcousticMonitoringData\ELDON2_Data\Week26\ELDON2_20250710_193900.wav
2850.0,2853.0,Passerina caerulea,Blue Grosbeak,0.0839,E:\AcousticMonitoringData\ELDON2_Data\Week26\ELDON2_20250710_193900.wav
2853.0,2856.0,Sturnella magna,Eastern Meadowlark,0.6180,E:\AcousticMonitoringData\ELDON2_Data\Week26\ELDON2_20250710_193900.wav
2856.0,2859.0,Sturnella magna,Eastern Meadowlark,0.5133,E:\AcousticMonitoringData\ELDON2_Data\Week26\ELDON2_20250710_193900.wav
2859.0,2862.0,Sturnella magna,Eastern Meadowlark,0.8083,E:\AcousticMonitoringData\ELDON2_Data\Week26\ELDON2_20250710_193900.wav
2862.0,2865.0,Sturnella magna,Eastern Meadowlark,0.4790,E:\AcousticMonitoringData\ELDON2_Data\Week26\ELDON2_20250710_193900.wav
2865.0,2868.0,Sturnella magna,Eastern Meadowlark,0.3582,E:\AcousticMonitoringData\ELDON2_Data\Week26\ELDON2_20250710_193900.wav
2868.0,2871.0,Passerina caerulea,Blue Grosbeak,0.0549,E:\AcousticMonitoringData\ELDON2_Data\Week26\ELDON2_20250710_193900.wav
2871.0,2874.0,Sturnella magna,Eastern Meadowlark,0.5099,E:\AcousticMonitoringData\ELDON2_Data\Week26\ELDON2_20250710_193900.wav
2874.0,2877.0,Sturnella magna,Eastern Meadowlark,0.6744,E:\AcousticMonitoringData\ELDON2_Data\Week26\ELDON2_20250710_193900.wav
2877.0,2880.0,Sturnella magna,Eastern Meadowlark,0.0789,E:\AcousticMonitoringData\ELDON2_Data\Week26\ELDON2_20250710_193900.wav
2877.0,2880.0,Spizella pusilla,Field Sparrow,0.0702,E:\AcousticMonitoringData\ELDON2_Data\Week26\ELDON2_20250710_193900.wav
2880.0,2883.0,Sturnella magna,Eastern Meadowlark,0.9458,E:\AcousticMonitoringData\ELDON2_Data\Week26\ELDON2_20250710_193900.wav
2883.0,2886.0,Sturnella magna,Eastern Meadowlark,0.6741,E:\AcousticMonitoringData\ELDON2_Data\Week26\ELDON2_20250710_193900.wav
2886.0,2889.0,Sturnella magna,Eastern Meadowlark,0.9257,E:\AcousticMonitoringData\ELDON2_Data\Week26\ELDON2_20250710_193900.wav
2904.0,2907.0,Sturnella magna,Eastern Meadowlark,0.8388,E:\AcousticMonitoringData\ELDON2_Data\Week26\ELDON2_20250710_193900.wav
2913.0,2916.0,Sturnella magna,Eastern Meadowlark,0.6520,E:\AcousticMonitoringData\ELDON2_Data\Week26\ELDON2_20250710_193900.wav
2919.0,2922.0,Sturnella magna,Eastern Meadowlark,0.3654,E:\AcousticMonitoringData\ELDON2_Data\Week26\ELDON2_20250710_193900.wav
2931.0,2934.0,Sturnella magna,Eastern Meadowlark,0.5599,E:\AcousticMonitoringData\ELDON2_Data\Week26\ELDON2_20250710_193900.wav
2943.0,2946.0,Sturnella magna,Eastern Meadowlark,0.1882,E:\AcousticMonitoringData\ELDON2_Data\Week26\ELDON2_20250710_193900.wav
2943.0,2946.0,Spizella pusilla,Field Sparrow,0.0763,E:\AcousticMonitoringData\ELDON2_Data\Week26\ELDON2_20250710_193900.wav
2946.0,2949.0,Sturnella magna,Eastern Meadowlark,0.5364,E:\AcousticMonitoringData\ELDON2_Data\Week26\ELDON2_20250710_193900.wav
2958.0,2961.0,Passerina caerulea,Blue Grosbeak,0.0640,E:\AcousticMonitoringData\ELDON2_Data\Week26\ELDON2_20250710_193900.wav
2970.0,2973.0,Sturnella magna,Eastern Meadowlark,0.0852,E:\AcousticMonitoringData\ELDON2_Data\Week26\ELDON2_20250710_193900.wav
2973.0,2976.0,Passerina caerulea,Blue Grosbeak,0.0545,E:\AcousticMonitoringData\ELDON2_Data\Week26\ELDON2_20250710_193900.wav
2985.0,2988.0,Passerina caerulea,Blue Grosbeak,0.0859,E:\AcousticMonitoringData\ELDON2_Data\Week26\ELDON2_20250710_193900.wav
2988.0,2991.0,Passerina caerulea,Blue Grosbeak,0.1014,E:\AcousticMonitoringData\ELDON2_Data\Week26\ELDON2_20250710_193900.wav
2997.0,3000.0,Passerina caerulea,Blue Grosbeak,0.0730,E:\AcousticMonitoringData\ELDON2_Data\Week26\ELDON2_20250710_193900.wav
3000.0,3003.0,Passerina caerulea,Blue Grosbeak,0.0704,E:\AcousticMonitoringData\ELDON2_Data\Week26\ELDON2_20250710_193900.wav
3003.0,3006.0,Sturnella magna,Eastern Meadowlark,0.0551,E:\AcousticMonitoringData\ELDON2_Data\Week26\ELDON2_20250710_193900.wav
3006.0,3009.0,Passerina caerulea,Blue Grosbeak,0.0723,E:\AcousticMonitoringData\ELDON2_Data\Week26\ELDON2_20250710_193900.wav
3009.0,3012.0,Passerina caerulea,Blue Grosbeak,0.0602,E:\AcousticMonitoringData\ELDON2_Data\Week26\ELDON2_20250710_193900.wav
3012.0,3015.0,Passerina caerulea,Blue Grosbeak,0.0743,E:\AcousticMonitoringData\ELDON2_Data\Week26\ELDON2_20250710_193900.wav
3018.0,3021.0,Passerina caerulea,Blue Grosbeak,0.0969,E:\AcousticMonitoringData\ELDON2_Data\Week26\ELDON2_20250710_193900.wav
3057.0,3060.0,Passerina caerulea,Blue Grosbeak,0.0504,E:\AcousticMonitoringData\ELDON2_Data\Week26\ELDON2_20250710_193900.wav
3060.0,3063.0,Passerina caerulea,Blue Grosbeak,0.0723,E:\AcousticMonitoringData\ELDON2_Data\Week26\ELDON2_20250710_193900.wav
3078.0,3081.0,Sturnella magna,Eastern Meadowlark,0.7028,E:\AcousticMonitoringData\ELDON2_Data\Week26\ELDON2_20250710_193900.wav
3087.0,3090.0,Sturnella magna,Eastern Meadowlark,0.7979,E:\AcousticMonitoringData\ELDON2_Data\Week26\ELDON2_20250710_193900.wav
3090.0,3093.0,Sturnella magna,Eastern Meadowlark,0.9918,E:\AcousticMonitoringData\ELDON2_Data\Week26\ELDON2_20250710_193900.wav
3093.0,3096.0,Passerina caerulea,Blue Grosbeak,0.0775,E:\AcousticMonitoringData\ELDON2_Data\Week26\ELDON2_20250710_193900.wav
3096.0,3099.0,Sturnella magna,Eastern Meadowlark,0.2933,E:\AcousticMonitoringData\ELDON2_Data\Week26\ELDON2_20250710_193900.wav
3099.0,3102.0,Sturnella magna,Eastern Meadowlark,0.8401,E:\AcousticMonitoringData\ELDON2_Data\Week26\ELDON2_20250710_193900.wav
3102.0,3105.0,Sturnella magna,Eastern Meadowlark,0.7187,E:\AcousticMonitoringData\ELDON2_Data\Week26\ELDON2_20250710_193900.wav
3105.0,3108.0,Sturnella magna,Eastern Meadowlark,0.3162,E:\AcousticMonitoringData\ELDON2_Data\Week26\ELDON2_20250710_193900.wav
3111.0,3114.0,Passerina caerulea,Blue Grosbeak,0.0798,E:\AcousticMonitoringData\ELDON2_Data\Week26\ELDON2_20250710_193900.wav
3111.0,3114.0,Spizella pusilla,Field Sparrow,0.0713,E:\AcousticMonitoringData\ELDON2_Data\Week26\ELDON2_20250710_193900.wav
3114.0,3117.0,Sturnella magna,Eastern Meadowlark,0.4936,E:\AcousticMonitoringData\ELDON2_Data\Week26\ELDON2_20250710_193900.wav
3123.0,3126.0,Sturnella magna,Eastern Meadowlark,0.3616,E:\AcousticMonitoringData\ELDON2_Data\Week26\ELDON2_20250710_193900.wav
3123.0,3126.0,Passerina caerulea,Blue Grosbeak,0.0926,E:\AcousticMonitoringData\ELDON2_Data\Week26\ELDON2_20250710_193900.wav
3132.0,3135.0,Passerina caerulea,Blue Grosbeak,0.0640,E:\AcousticMonitoringData\ELDON2_Data\Week26\ELDON2_20250710_193900.wav
3135.0,3138.0,Sturnella magna,Eastern Meadowlark,0.6442,E:\AcousticMonitoringData\ELDON2_Data\Week26\ELDON2_20250710_193900.wav
3138.0,3141.0,Sturnella magna,Eastern Meadowlark,0.5883,E:\AcousticMonitoringData\ELDON2_Data\Week26\ELDON2_20250710_193900.wav
3147.0,3150.0,Sturnella magna,Eastern Meadowlark,0.7505,E:\AcousticMonitoringData\ELDON2_Data\Week26\ELDON2_20250710_193900.wav
3150.0,3153.0,Sturnella magna,Eastern Meadowlark,0.7622,E:\AcousticMonitoringData\ELDON2_Data\Week26\ELDON2_20250710_193900.wav
3153.0,3156.0,Sturnella magna,Eastern Meadowlark,0.5677,E:\AcousticMonitoringData\ELDON2_Data\Week26\ELDON2_20250710_193900.wav
3156.0,3159.0,Sturnella magna,Eastern Meadowlark,0.5166,E:\AcousticMonitoringData\ELDON2_Data\Week26\ELDON2_20250710_193900.wav
3159.0,3162.0,Sturnella magna,Eastern Meadowlark,0.6099,E:\AcousticMonitoringData\ELDON2_Data\Week26\ELDON2_20250710_193900.wav
3162.0,3165.0,Spizella pusilla,Field Sparrow,0.1757,E:\AcousticMonitoringData\ELDON2_Data\Week26\ELDON2_20250710_193900.wav
3162.0,3165.0,Sturnella magna,Eastern Meadowlark,0.1511,E:\AcousticMonitoringData\ELDON2_Data\Week26\ELDON2_20250710_193900.wav
3168.0,3171.0,Sturnella magna,Eastern Meadowlark,0.7054,E:\AcousticMonitoringData\ELDON2_Data\Week26\ELDON2_20250710_193900.wav
3174.0,3177.0,Sturnella magna,Eastern Meadowlark,0.8283,E:\AcousticMonitoringData\ELDON2_Data\Week26\ELDON2_20250710_193900.wav
3177.0,3180.0,Sturnella magna,Eastern Meadowlark,0.9757,E:\AcousticMonitoringData\ELDON2_Data\Week26\ELDON2_20250710_193900.wav
3180.0,3183.0,Sturnella magna,Eastern Meadowlark,0.4825,E:\AcousticMonitoringData\ELDON2_Data\Week26\ELDON2_20250710_193900.wav
3183.0,3186.0,Sturnella magna,Eastern Meadowlark,0.0826,E:\AcousticMonitoringData\ELDON2_Data\Week26\ELDON2_20250710_193900.wav
3189.0,3192.0,Sturnella magna,Eastern Meadowlark,0.8802,E:\AcousticMonitoringData\ELDON2_Data\Week26\ELDON2_20250710_193900.wav
3192.0,3195.0,Sturnella magna,Eastern Meadowlark,0.9097,E:\AcousticMonitoringData\ELDON2_Data\Week26\ELDON2_20250710_193900.wav
3195.0,3198.0,Sturnella magna,Eastern Meadowlark,0.9441,E:\AcousticMonitoringData\ELDON2_Data\Week26\ELDON2_20250710_193900.wav
3198.0,3201.0,Sturnella magna,Eastern Meadowlark,0.1477,E:\AcousticMonitoringData\ELDON2_Data\Week26\ELDON2_20250710_193900.wav
3213.0,3216.0,Sturnella magna,Eastern Meadowlark,0.6144,E:\AcousticMonitoringData\ELDON2_Data\Week26\ELDON2_20250710_193900.wav
3216.0,3219.0,Sturnella magna,Eastern Meadowlark,0.6491,E:\AcousticMonitoringData\ELDON2_Data\Week26\ELDON2_20250710_193900.wav
3219.0,3222.0,Sturnella magna,Eastern Meadowlark,0.1327,E:\AcousticMonitoringData\ELDON2_Data\Week26\ELDON2_20250710_193900.wav
3222.0,3225.0,Sturnella magna,Eastern Meadowlark,0.9060,E:\AcousticMonitoringData\ELDON2_Data\Week26\ELDON2_20250710_193900.wav
3225.0,3228.0,Sturnella magna,Eastern Meadowlark,0.5671,E:\AcousticMonitoringData\ELDON2_Data\Week26\ELDON2_20250710_193900.wav
3228.0,3231.0,Sturnella magna,Eastern Meadowlark,0.4971,E:\AcousticMonitoringData\ELDON2_Data\Week26\ELDON2_20250710_193900.wav
3231.0,3234.0,Sturnella magna,Eastern Meadowlark,0.6783,E:\AcousticMonitoringData\ELDON2_Data\Week26\ELDON2_20250710_193900.wav
3234.0,3237.0,Sturnella magna,Eastern Meadowlark,0.5312,E:\AcousticMonitoringData\ELDON2_Data\Week26\ELDON2_20250710_193900.wav
3240.0,3243.0,Sturnella magna,Eastern Meadowlark,0.6509,E:\AcousticMonitoringData\ELDON2_Data\Week26\ELDON2_20250710_193900.wav
3243.0,3246.0,Sturnella magna,Eastern Meadowlark,0.4475,E:\AcousticMonitoringData\ELDON2_Data\Week26\ELDON2_20250710_193900.wav
3246.0,3249.0,Sturnella magna,Eastern Meadowlark,0.4585,E:\AcousticMonitoringData\ELDON2_Data\Week26\ELDON2_20250710_193900.wav
3249.0,3252.0,Sturnella magna,Eastern Meadowlark,0.7359,E:\AcousticMonitoringData\ELDON2_Data\Week26\ELDON2_20250710_193900.wav
3252.0,3255.0,Sturnella magna,Eastern Meadowlark,0.1399,E:\AcousticMonitoringData\ELDON2_Data\Week26\ELDON2_20250710_193900.wav
3255.0,3258.0,Sturnella magna,Eastern Meadowlark,0.7813,E:\AcousticMonitoringData\ELDON2_Data\Week26\ELDON2_20250710_193900.wav
3261.0,3264.0,Sturnella magna,Eastern Meadowlark,0.1071,E:\AcousticMonitoringData\ELDON2_Data\Week26\ELDON2_20250710_193900.wav
3264.0,3267.0,Sturnella magna,Eastern Meadowlark,0.2365,E:\AcousticMonitoringData\ELDON2_Data\Week26\ELDON2_20250710_193900.wav
3267.0,3270.0,Sturnella magna,Eastern Meadowlark,0.7450,E:\AcousticMonitoringData\ELDON2_Data\Week26\ELDON2_20250710_193900.wav
3276.0,3279.0,Sturnella magna,Eastern Meadowlark,0.4146,E:\AcousticMonitoringData\ELDON2_Data\Week26\ELDON2_20250710_193900.wav
3279.0,3282.0,Sturnella magna,Eastern Meadowlark,0.6603,E:\AcousticMonitoringData\ELDON2_Data\Week26\ELDON2_20250710_193900.wav
3282.0,3285.0,Passerina caerulea,Blue Grosbeak,0.1058,E:\AcousticMonitoringData\ELDON2_Data\Week26\ELDON2_20250710_193900.wav
3285.0,3288.0,Sturnella magna,Eastern Meadowlark,0.3365,E:\AcousticMonitoringData\ELDON2_Data\Week26\ELDON2_20250710_193900.wav
3288.0,3291.0,Sturnella magna,Eastern Meadowlark,0.5597,E:\AcousticMonitoringData\ELDON2_Data\Week26\ELDON2_20250710_193900.wav
3291.0,3294.0,Sturnella magna,Eastern Meadowlark,0.1250,E:\AcousticMonitoringData\ELDON2_Data\Week26\ELDON2_20250710_193900.wav
3294.0,3297.0,Sturnella magna,Eastern Meadowlark,0.2735,E:\AcousticMonitoringData\ELDON2_Data\Week26\ELDON2_20250710_193900.wav
3294.0,3297.0,Passerina caerulea,Blue Grosbeak,0.1473,E:\AcousticMonitoringData\ELDON2_Data\Week26\ELDON2_20250710_193900.wav
3297.0,3300.0,Sturnella magna,Eastern Meadowlark,0.8116,E:\AcousticMonitoringData\ELDON2_Data\Week26\ELDON2_20250710_193900.wav
3300.0,3303.0,Sturnella magna,Eastern Meadowlark,0.1257,E:\AcousticMonitoringData\ELDON2_Data\Week26\ELDON2_20250710_193900.wav
3303.0,3306.0,Passerina caerulea,Blue Grosbeak,0.0536,E:\AcousticMonitoringData\ELDON2_Data\Week26\ELDON2_20250710_193900.wav
3309.0,3312.0,Sturnella magna,Eastern Meadowlark,0.0586,E:\AcousticMonitoringData\ELDON2_Data\Week26\ELDON2_20250710_193900.wav
3309.0,3312.0,Passerina caerulea,Blue Grosbeak,0.0517,E:\AcousticMonitoringData\ELDON2_Data\Week26\ELDON2_20250710_193900.wav
3312.0,3315.0,Sturnella magna,Eastern Meadowlark,0.6897,E:\AcousticMonitoringData\ELDON2_Data\Week26\ELDON2_20250710_193900.wav
3315.0,3318.0,Sturnella magna,Eastern Meadowlark,0.2896,E:\AcousticMonitoringData\ELDON2_Data\Week26\ELDON2_20250710_193900.wav
3324.0,3327.0,Sturnella magna,Eastern Meadowlark,0.4295,E:\AcousticMonitoringData\ELDON2_Data\Week26\ELDON2_20250710_193900.wav
3327.0,3330.0,Sturnella magna,Eastern Meadowlark,0.5542,E:\AcousticMonitoringData\ELDON2_Data\Week26\ELDON2_20250710_193900.wav
3345.0,3348.0,Sturnella magna,Eastern Meadowlark,0.1867,E:\AcousticMonitoringData\ELDON2_Data\Week26\ELDON2_20250710_193900.wav
3348.0,3351.0,Sturnella magna,Eastern Meadowlark,0.6951,E:\AcousticMonitoringData\ELDON2_Data\Week26\ELDON2_20250710_193900.wav
3351.0,3354.0,Sturnella magna,Eastern Meadowlark,0.3522,E:\AcousticMonitoringData\ELDON2_Data\Week26\ELDON2_20250710_193900.wav
3354.0,3357.0,Sturnella magna,Eastern Meadowlark,0.7046,E:\AcousticMonitoringData\ELDON2_Data\Week26\ELDON2_20250710_193900.wav
3360.0,3363.0,Sturnella magna,Eastern Meadowlark,0.5302,E:\AcousticMonitoringData\ELDON2_Data\Week26\ELDON2_20250710_193900.wav
3360.0,3363.0,Spizella pusilla,Field Sparrow,0.0703,E:\AcousticMonitoringData\ELDON2_Data\Week26\ELDON2_20250710_193900.wav
3363.0,3366.0,Sturnella magna,Eastern Meadowlark,0.8910,E:\AcousticMonitoringData\ELDON2_Data\Week26\ELDON2_20250710_193900.wav
3366.0,3369.0,Sturnella magna,Eastern Meadowlark,0.0540,E:\AcousticMonitoringData\ELDON2_Data\Week26\ELDON2_20250710_193900.wav
3375.0,3378.0,Sturnella magna,Eastern Meadowlark,0.3384,E:\AcousticMonitoringData\ELDON2_Data\Week26\ELDON2_20250710_193900.wav
3378.0,3381.0,Sturnella magna,Eastern Meadowlark,0.2014,E:\AcousticMonitoringData\ELDON2_Data\Week26\ELDON2_20250710_193900.wav
3378.0,3381.0,Bartramia longicauda,Upland Sandpiper,0.0944,E:\AcousticMonitoringData\ELDON2_Data\Week26\ELDON2_20250710_193900.wav
3381.0,3384.0,Sturnella magna,Eastern Meadowlark,0.4164,E:\AcousticMonitoringData\ELDON2_Data\Week26\ELDON2_20250710_193900.wav
3381.0,3384.0,Spizella pusilla,Field Sparrow,0.0641,E:\AcousticMonitoringData\ELDON2_Data\Week26\ELDON2_20250710_193900.wav
3384.0,3387.0,Sturnella magna,Eastern Meadowlark,0.7386,E:\AcousticMonitoringData\ELDON2_Data\Week26\ELDON2_20250710_193900.wav
3387.0,3390.0,Sturnella magna,Eastern Meadowlark,0.0894,E:\AcousticMonitoringData\ELDON2_Data\Week26\ELDON2_20250710_193900.wav
3393.0,3396.0,Sturnella magna,Eastern Meadowlark,0.1220,E:\AcousticMonitoringData\ELDON2_Data\Week26\ELDON2_20250710_193900.wav
3396.0,3399.0,Passerina caerulea,Blue Grosbeak,0.0554,E:\AcousticMonitoringData\ELDON2_Data\Week26\ELDON2_20250710_193900.wav
3399.0,3402.0,Sturnella magna,Eastern Meadowlark,0.0995,E:\AcousticMonitoringData\ELDON2_Data\Week26\ELDON2_20250710_193900.wav
3402.0,3405.0,Sturnella magna,Eastern Meadowlark,0.1235,E:\AcousticMonitoringData\ELDON2_Data\Week26\ELDON2_20250710_193900.wav
3405.0,3408.0,Sturnella magna,Eastern Meadowlark,0.4044,E:\AcousticMonitoringData\ELDON2_Data\Week26\ELDON2_20250710_193900.wav
3408.0,3411.0,Passerina caerulea,Blue Grosbeak,0.0922,E:\AcousticMonitoringData\ELDON2_Data\Week26\ELDON2_20250710_193900.wav
3411.0,3414.0,Passerina caerulea,Blue Grosbeak,0.0785,E:\AcousticMonitoringData\ELDON2_Data\Week26\ELDON2_20250710_193900.wav
3420.0,3423.0,Sturnella magna,Eastern Meadowlark,0.9487,E:\AcousticMonitoringData\ELDON2_Data\Week26\ELDON2_20250710_193900.wav
3423.0,3426.0,Sturnella magna,Eastern Meadowlark,0.6693,E:\AcousticMonitoringData\ELDON2_Data\Week26\ELDON2_20250710_193900.wav
3426.0,3429.0,Sturnella magna,Eastern Meadowlark,0.3671,E:\AcousticMonitoringData\ELDON2_Data\Week26\ELDON2_20250710_193900.wav
3429.0,3432.0,Passerina caerulea,Blue Grosbeak,0.0849,E:\AcousticMonitoringData\ELDON2_Data\Week26\ELDON2_20250710_193900.wav
3432.0,3435.0,Sturnella magna,Eastern Meadowlark,0.2087,E:\AcousticMonitoringData\ELDON2_Data\Week26\ELDON2_20250710_193900.wav
3450.0,3453.0,Sturnella magna,Eastern Meadowlark,0.0551,E:\AcousticMonitoringData\ELDON2_Data\Week26\ELDON2_20250710_193900.wav
3453.0,3456.0,Sturnella magna,Eastern Meadowlark,0.1323,E:\AcousticMonitoringData\ELDON2_Data\Week26\ELDON2_20250710_193900.wav
3459.0,3462.0,Sturnella magna,Eastern Meadowlark,0.0678,E:\AcousticMonitoringData\ELDON2_Data\Week26\ELDON2_20250710_193900.wav
3462.0,3465.0,Sturnella magna,Eastern Meadowlark,0.2730,E:\AcousticMonitoringData\ELDON2_Data\Week26\ELDON2_20250710_193900.wav
3465.0,3468.0,Sturnella magna,Eastern Meadowlark,0.9379,E:\AcousticMonitoringData\ELDON2_Data\Week26\ELDON2_20250710_193900.wav
3468.0,3471.0,Sturnella magna,Eastern Meadowlark,0.4573,E:\AcousticMonitoringData\ELDON2_Data\Week26\ELDON2_20250710_193900.wav
3471.0,3474.0,Sturnella magna,Eastern Meadowlark,0.0891,E:\AcousticMonitoringData\ELDON2_Data\Week26\ELDON2_20250710_193900.wav
3474.0,3477.0,Sturnella magna,Eastern Meadowlark,0.3213,E:\AcousticMonitoringData\ELDON2_Data\Week26\ELDON2_20250710_193900.wav
3477.0,3480.0,Sturnella magna,Eastern Meadowlark,0.0664,E:\AcousticMonitoringData\ELDON2_Data\Week26\ELDON2_20250710_193900.wav
3480.0,3483.0,Sturnella magna,Eastern Meadowlark,0.0993,E:\AcousticMonitoringData\ELDON2_Data\Week26\ELDON2_20250710_193900.wav
3486.0,3489.0,Sturnella magna,Eastern Meadowlark,0.3642,E:\AcousticMonitoringData\ELDON2_Data\Week26\ELDON2_20250710_193900.wav
3489.0,3492.0,Passerina caerulea,Blue Grosbeak,0.0741,E:\AcousticMonitoringData\ELDON2_Data\Week26\ELDON2_20250710_193900.wav
3492.0,3495.0,Sturnella magna,Eastern Meadowlark,0.9489,E:\AcousticMonitoringData\ELDON2_Data\Week26\ELDON2_20250710_193900.wav
3495.0,3498.0,Sturnella magna,Eastern Meadowlark,0.0722,E:\AcousticMonitoringData\ELDON2_Data\Week26\ELDON2_20250710_193900.wav
3498.0,3501.0,Sturnella magna,Eastern Meadowlark,0.4901,E:\AcousticMonitoringData\ELDON2_Data\Week26\ELDON2_20250710_193900.wav
3501.0,3504.0,Passerina caerulea,Blue Grosbeak,0.0564,E:\AcousticMonitoringData\ELDON2_Data\Week26\ELDON2_20250710_193900.wav
3504.0,3507.0,Sturnella magna,Eastern Meadowlark,0.5730,E:\AcousticMonitoringData\ELDON2_Data\Week26\ELDON2_20250710_193900.wav
3507.0,3510.0,Sturnella magna,Eastern Meadowlark,0.8313,E:\AcousticMonitoringData\ELDON2_Data\Week26\ELDON2_20250710_193900.wav
3510.0,3513.0,Sturnella magna,Eastern Meadowlark,0.4524,E:\AcousticMonitoringData\ELDON2_Data\Week26\ELDON2_20250710_193900.wav
3513.0,3516.0,Sturnella magna,Eastern Meadowlark,0.6306,E:\AcousticMonitoringData\ELDON2_Data\Week26\ELDON2_20250710_193900.wav
3522.0,3525.0,Sturnella magna,Eastern Meadowlark,0.6136,E:\AcousticMonitoringData\ELDON2_Data\Week26\ELDON2_20250710_193900.wav
3546.0,3549.0,Sturnella magna,Eastern Meadowlark,0.1616,E:\AcousticMonitoringData\ELDON2_Data\Week26\ELDON2_20250710_193900.wav
3549.0,3552.0,Sturnella magna,Eastern Meadowlark,0.9775,E:\AcousticMonitoringData\ELDON2_Data\Week26\ELDON2_20250710_193900.wav
3555.0,3558.0,Sturnella magna,Eastern Meadowlark,0.2356,E:\AcousticMonitoringData\ELDON2_Data\Week26\ELDON2_20250710_193900.wav
3558.0,3561.0,Sturnella magna,Eastern Meadowlark,0.9555,E:\AcousticMonitoringData\ELDON2_Data\Week26\ELDON2_20250710_193900.wav
3561.0,3564.0,Passerina caerulea,Blue Grosbeak,0.1020,E:\AcousticMonitoringData\ELDON2_Data\Week26\ELDON2_20250710_193900.wav
3567.0,3570.0,Sturnella magna,Eastern Meadowlark,0.1563,E:\AcousticMonitoringData\ELDON2_Data\Week26\ELDON2_20250710_193900.wav
3570.0,3573.0,Sturnella magna,Eastern Meadowlark,0.8644,E:\AcousticMonitoringData\ELDON2_Data\Week26\ELDON2_20250710_193900.wav
3573.0,3576.0,Sturnella magna,Eastern Meadowlark,0.7668,E:\AcousticMonitoringData\ELDON2_Data\Week26\ELDON2_20250710_193900.wav
3576.0,3579.0,Sturnella magna,Eastern Meadowlark,0.4155,E:\AcousticMonitoringData\ELDON2_Data\Week26\ELDON2_20250710_193900.wav
3579.0,3582.0,Spizella pusilla,Field Sparrow,0.0559,E:\AcousticMonitoringData\ELDON2_Data\Week26\ELDON2_20250710_193900.wav
3585.0,3588.0,Sturnella magna,Eastern Meadowlark,0.4105,E:\AcousticMonitoringData\ELDON2_Data\Week26\ELDON2_20250710_193900.wav
3588.0,3591.0,Sturnella magna,Eastern Meadowlark,0.6055,E:\AcousticMonitoringData\ELDON2_Data\Week26\ELDON2_20250710_193900.wav
3591.0,3594.0,Sturnella magna,Eastern Meadowlark,0.3146,E:\AcousticMonitoringData\ELDON2_Data\Week26\ELDON2_20250710_193900.wav
3594.0,3597.0,Sturnella magna,Eastern Meadowlark,0.4096,E:\AcousticMonitoringData\ELDON2_Data\Week26\ELDON2_20250710_193900.wav
3597.0,3600.0,Sturnella magna,Eastern Meadowlark,0.3130,E:\AcousticMonitoringData\ELDON2_Data\Week26\ELDON2_20250710_193900.wav
3600.0,3603.0,Sturnella magna,Eastern Meadowlark,0.1514,E:\AcousticMonitoringData\ELDON2_Data\Week26\ELDON2_20250710_193900.wav
3603.0,3604.9,Sturnella magna,Eastern Meadowlark,0.0514,E:\AcousticMonitoringData\ELDON2_Data\Week26\ELDON2_20250710_193900.wav
