Start (s),End (s),Scientific name,Common name,Confidence,File
21.0,24.0,Melospiza melodia,Song Sparrow,0.0139,D:/AcousticMonitoringData/ELDON5_Data/Week16\ELDON5_20250428_051900.wav
24.0,27.0,Melospiza melodia,Song Sparrow,0.0581,D:/AcousticMonitoringData/ELDON5_Data/Week16\ELDON5_20250428_051900.wav
48.0,51.0,Geothlypis trichas,Common Yellowthroat,0.0170,D:/AcousticMonitoringData/ELDON5_Data/Week16\ELDON5_20250428_051900.wav
51.0,54.0,Melospiza melodia,Song Sparrow,0.0185,D:/AcousticMonitoringData/ELDON5_Data/Week16\ELDON5_20250428_051900.wav
51.0,54.0,Geothlypis trichas,Common Yellowthroat,0.0162,D:/AcousticMonitoringData/ELDON5_Data/Week16\ELDON5_20250428_051900.wav
63.0,66.0,Melospiza melodia,Song Sparrow,0.0296,D:/AcousticMonitoringData/ELDON5_Data/Week16\ELDON5_20250428_051900.wav
63.0,66.0,Geothlypis trichas,Common Yellowthroat,0.0153,D:/AcousticMonitoringData/ELDON5_Data/Week16\ELDON5_20250428_051900.wav
81.0,84.0,Geothlypis trichas,Common Yellowthroat,0.0165,D:/AcousticMonitoringData/ELDON5_Data/Week16\ELDON5_20250428_051900.wav
99.0,102.0,Melospiza melodia,Song Sparrow,0.0109,D:/AcousticMonitoringData/ELDON5_Data/Week16\ELDON5_20250428_051900.wav
102.0,105.0,Melospiza melodia,Song Sparrow,0.0158,D:/AcousticMonitoringData/ELDON5_Data/Week16\ELDON5_20250428_051900.wav
105.0,108.0,Geothlypis trichas,Common Yellowthroat,0.0197,D:/AcousticMonitoringData/ELDON5_Data/Week16\ELDON5_20250428_051900.wav
105.0,108.0,Melospiza melodia,Song Sparrow,0.0120,D:/AcousticMonitoringData/ELDON5_Data/Week16\ELDON5_20250428_051900.wav
108.0,111.0,Melospiza melodia,Song Sparrow,0.0163,D:/AcousticMonitoringData/ELDON5_Data/Week16\ELDON5_20250428_051900.wav
114.0,117.0,Melospiza melodia,Song Sparrow,0.0108,D:/AcousticMonitoringData/ELDON5_Data/Week16\ELDON5_20250428_051900.wav
126.0,129.0,Melospiza melodia,Song Sparrow,0.0493,D:/AcousticMonitoringData/ELDON5_Data/Week16\ELDON5_20250428_051900.wav
126.0,129.0,Geothlypis trichas,Common Yellowthroat,0.0103,D:/AcousticMonitoringData/ELDON5_Data/Week16\ELDON5_20250428_051900.wav
141.0,144.0,Melospiza melodia,Song Sparrow,0.0255,D:/AcousticMonitoringData/ELDON5_Data/Week16\ELDON5_20250428_051900.wav
141.0,144.0,Geothlypis trichas,Common Yellowthroat,0.0163,D:/AcousticMonitoringData/ELDON5_Data/Week16\ELDON5_20250428_051900.wav
165.0,168.0,Eremophila alpestris,Horned Lark,0.0178,D:/AcousticMonitoringData/ELDON5_Data/Week16\ELDON5_20250428_051900.wav
165.0,168.0,Melospiza melodia,Song Sparrow,0.0113,D:/AcousticMonitoringData/ELDON5_Data/Week16\ELDON5_20250428_051900.wav
168.0,171.0,Geothlypis trichas,Common Yellowthroat,0.0221,D:/AcousticMonitoringData/ELDON5_Data/Week16\ELDON5_20250428_051900.wav
168.0,171.0,Melospiza melodia,Song Sparrow,0.0140,D:/AcousticMonitoringData/ELDON5_Data/Week16\ELDON5_20250428_051900.wav
183.0,186.0,Melospiza melodia,Song Sparrow,0.0195,D:/AcousticMonitoringData/ELDON5_Data/Week16\ELDON5_20250428_051900.wav
186.0,189.0,Melospiza melodia,Song Sparrow,0.0318,D:/AcousticMonitoringData/ELDON5_Data/Week16\ELDON5_20250428_051900.wav
189.0,192.0,Melospiza melodia,Song Sparrow,0.0217,D:/AcousticMonitoringData/ELDON5_Data/Week16\ELDON5_20250428_051900.wav
192.0,195.0,Melospiza melodia,Song Sparrow,0.0358,D:/AcousticMonitoringData/ELDON5_Data/Week16\ELDON5_20250428_051900.wav
195.0,198.0,Melospiza melodia,Song Sparrow,0.0726,D:/AcousticMonitoringData/ELDON5_Data/Week16\ELDON5_20250428_051900.wav
195.0,198.0,Passerina caerulea,Blue Grosbeak,0.0167,D:/AcousticMonitoringData/ELDON5_Data/Week16\ELDON5_20250428_051900.wav
195.0,198.0,Geothlypis trichas,Common Yellowthroat,0.0115,D:/AcousticMonitoringData/ELDON5_Data/Week16\ELDON5_20250428_051900.wav
198.0,201.0,Melospiza melodia,Song Sparrow,0.0225,D:/AcousticMonitoringData/ELDON5_Data/Week16\ELDON5_20250428_051900.wav
201.0,204.0,Melospiza melodia,Song Sparrow,0.0388,D:/AcousticMonitoringData/ELDON5_Data/Week16\ELDON5_20250428_051900.wav
204.0,207.0,Melospiza melodia,Song Sparrow,0.0175,D:/AcousticMonitoringData/ELDON5_Data/Week16\ELDON5_20250428_051900.wav
207.0,210.0,Melospiza melodia,Song Sparrow,0.1924,D:/AcousticMonitoringData/ELDON5_Data/Week16\ELDON5_20250428_051900.wav
207.0,210.0,Geothlypis trichas,Common Yellowthroat,0.0196,D:/AcousticMonitoringData/ELDON5_Data/Week16\ELDON5_20250428_051900.wav
222.0,225.0,Melospiza melodia,Song Sparrow,0.0275,D:/AcousticMonitoringData/ELDON5_Data/Week16\ELDON5_20250428_051900.wav
222.0,225.0,Geothlypis trichas,Common Yellowthroat,0.0189,D:/AcousticMonitoringData/ELDON5_Data/Week16\ELDON5_20250428_051900.wav
225.0,228.0,Melospiza melodia,Song Sparrow,0.0117,D:/AcousticMonitoringData/ELDON5_Data/Week16\ELDON5_20250428_051900.wav
228.0,231.0,Geothlypis trichas,Common Yellowthroat,0.0667,D:/AcousticMonitoringData/ELDON5_Data/Week16\ELDON5_20250428_051900.wav
228.0,231.0,Melospiza melodia,Song Sparrow,0.0398,D:/AcousticMonitoringData/ELDON5_Data/Week16\ELDON5_20250428_051900.wav
231.0,234.0,Geothlypis trichas,Common Yellowthroat,0.0402,D:/AcousticMonitoringData/ELDON5_Data/Week16\ELDON5_20250428_051900.wav
231.0,234.0,Melospiza melodia,Song Sparrow,0.0285,D:/AcousticMonitoringData/ELDON5_Data/Week16\ELDON5_20250428_051900.wav
231.0,234.0,Sturnella magna,Eastern Meadowlark,0.0123,D:/AcousticMonitoringData/ELDON5_Data/Week16\ELDON5_20250428_051900.wav
234.0,237.0,Melospiza melodia,Song Sparrow,0.0571,D:/AcousticMonitoringData/ELDON5_Data/Week16\ELDON5_20250428_051900.wav
234.0,237.0,Geothlypis trichas,Common Yellowthroat,0.0178,D:/AcousticMonitoringData/ELDON5_Data/Week16\ELDON5_20250428_051900.wav
237.0,240.0,Geothlypis trichas,Common Yellowthroat,0.0311,D:/AcousticMonitoringData/ELDON5_Data/Week16\ELDON5_20250428_051900.wav
261.0,264.0,Eremophila alpestris,Horned Lark,0.1209,D:/AcousticMonitoringData/ELDON5_Data/Week16\ELDON5_20250428_051900.wav
267.0,270.0,Melospiza melodia,Song Sparrow,0.0324,D:/AcousticMonitoringData/ELDON5_Data/Week16\ELDON5_20250428_051900.wav
273.0,276.0,Eremophila alpestris,Horned Lark,0.0109,D:/AcousticMonitoringData/ELDON5_Data/Week16\ELDON5_20250428_051900.wav
297.0,300.0,Sturnella magna,Eastern Meadowlark,0.0114,D:/AcousticMonitoringData/ELDON5_Data/Week16\ELDON5_20250428_051900.wav
303.0,306.0,Sturnella magna,Eastern Meadowlark,0.0132,D:/AcousticMonitoringData/ELDON5_Data/Week16\ELDON5_20250428_051900.wav
318.0,321.0,Sturnella magna,Eastern Meadowlark,0.0105,D:/AcousticMonitoringData/ELDON5_Data/Week16\ELDON5_20250428_051900.wav
321.0,324.0,Geothlypis trichas,Common Yellowthroat,0.0150,D:/AcousticMonitoringData/ELDON5_Data/Week16\ELDON5_20250428_051900.wav
324.0,327.0,Geothlypis trichas,Common Yellowthroat,0.0174,D:/AcousticMonitoringData/ELDON5_Data/Week16\ELDON5_20250428_051900.wav
327.0,330.0,Geothlypis trichas,Common Yellowthroat,0.0128,D:/AcousticMonitoringData/ELDON5_Data/Week16\ELDON5_20250428_051900.wav
330.0,333.0,Geothlypis trichas,Common Yellowthroat,0.0238,D:/AcousticMonitoringData/ELDON5_Data/Week16\ELDON5_20250428_051900.wav
333.0,336.0,Melospiza melodia,Song Sparrow,0.0112,D:/AcousticMonitoringData/ELDON5_Data/Week16\ELDON5_20250428_051900.wav
333.0,336.0,Geothlypis trichas,Common Yellowthroat,0.0103,D:/AcousticMonitoringData/ELDON5_Data/Week16\ELDON5_20250428_051900.wav
339.0,342.0,Melospiza melodia,Song Sparrow,0.0278,D:/AcousticMonitoringData/ELDON5_Data/Week16\ELDON5_20250428_051900.wav
339.0,342.0,Spizella pusilla,Field Sparrow,0.0219,D:/AcousticMonitoringData/ELDON5_Data/Week16\ELDON5_20250428_051900.wav
339.0,342.0,Geothlypis trichas,Common Yellowthroat,0.0126,D:/AcousticMonitoringData/ELDON5_Data/Week16\ELDON5_20250428_051900.wav
345.0,348.0,Melospiza melodia,Song Sparrow,0.0136,D:/AcousticMonitoringData/ELDON5_Data/Week16\ELDON5_20250428_051900.wav
357.0,360.0,Sturnella magna,Eastern Meadowlark,0.0134,D:/AcousticMonitoringData/ELDON5_Data/Week16\ELDON5_20250428_051900.wav
360.0,363.0,Melospiza melodia,Song Sparrow,0.0102,D:/AcousticMonitoringData/ELDON5_Data/Week16\ELDON5_20250428_051900.wav
369.0,372.0,Sturnella magna,Eastern Meadowlark,0.0110,D:/AcousticMonitoringData/ELDON5_Data/Week16\ELDON5_20250428_051900.wav
378.0,381.0,Melospiza melodia,Song Sparrow,0.0253,D:/AcousticMonitoringData/ELDON5_Data/Week16\ELDON5_20250428_051900.wav
378.0,381.0,Geothlypis trichas,Common Yellowthroat,0.0116,D:/AcousticMonitoringData/ELDON5_Data/Week16\ELDON5_20250428_051900.wav
387.0,390.0,Geothlypis trichas,Common Yellowthroat,0.0143,D:/AcousticMonitoringData/ELDON5_Data/Week16\ELDON5_20250428_051900.wav
417.0,420.0,Geothlypis trichas,Common Yellowthroat,0.0170,D:/AcousticMonitoringData/ELDON5_Data/Week16\ELDON5_20250428_051900.wav
423.0,426.0,Melospiza melodia,Song Sparrow,0.0115,D:/AcousticMonitoringData/ELDON5_Data/Week16\ELDON5_20250428_051900.wav
423.0,426.0,Sturnella magna,Eastern Meadowlark,0.0102,D:/AcousticMonitoringData/ELDON5_Data/Week16\ELDON5_20250428_051900.wav
426.0,429.0,Geothlypis trichas,Common Yellowthroat,0.0137,D:/AcousticMonitoringData/ELDON5_Data/Week16\ELDON5_20250428_051900.wav
426.0,429.0,Melospiza melodia,Song Sparrow,0.0108,D:/AcousticMonitoringData/ELDON5_Data/Week16\ELDON5_20250428_051900.wav
429.0,432.0,Geothlypis trichas,Common Yellowthroat,0.0188,D:/AcousticMonitoringData/ELDON5_Data/Week16\ELDON5_20250428_051900.wav
432.0,435.0,Melospiza melodia,Song Sparrow,0.0161,D:/AcousticMonitoringData/ELDON5_Data/Week16\ELDON5_20250428_051900.wav
432.0,435.0,Geothlypis trichas,Common Yellowthroat,0.0143,D:/AcousticMonitoringData/ELDON5_Data/Week16\ELDON5_20250428_051900.wav
435.0,438.0,Geothlypis trichas,Common Yellowthroat,0.0190,D:/AcousticMonitoringData/ELDON5_Data/Week16\ELDON5_20250428_051900.wav
435.0,438.0,Melospiza melodia,Song Sparrow,0.0101,D:/AcousticMonitoringData/ELDON5_Data/Week16\ELDON5_20250428_051900.wav
438.0,441.0,Geothlypis trichas,Common Yellowthroat,0.0127,D:/AcousticMonitoringData/ELDON5_Data/Week16\ELDON5_20250428_051900.wav
441.0,444.0,Geothlypis trichas,Common Yellowthroat,0.0144,D:/AcousticMonitoringData/ELDON5_Data/Week16\ELDON5_20250428_051900.wav
444.0,447.0,Melospiza melodia,Song Sparrow,0.0336,D:/AcousticMonitoringData/ELDON5_Data/Week16\ELDON5_20250428_051900.wav
444.0,447.0,Geothlypis trichas,Common Yellowthroat,0.0210,D:/AcousticMonitoringData/ELDON5_Data/Week16\ELDON5_20250428_051900.wav
447.0,450.0,Melospiza melodia,Song Sparrow,0.0302,D:/AcousticMonitoringData/ELDON5_Data/Week16\ELDON5_20250428_051900.wav
447.0,450.0,Geothlypis trichas,Common Yellowthroat,0.0149,D:/AcousticMonitoringData/ELDON5_Data/Week16\ELDON5_20250428_051900.wav
450.0,453.0,Geothlypis trichas,Common Yellowthroat,0.0145,D:/AcousticMonitoringData/ELDON5_Data/Week16\ELDON5_20250428_051900.wav
453.0,456.0,Melospiza melodia,Song Sparrow,0.2115,D:/AcousticMonitoringData/ELDON5_Data/Week16\ELDON5_20250428_051900.wav
453.0,456.0,Geothlypis trichas,Common Yellowthroat,0.0207,D:/AcousticMonitoringData/ELDON5_Data/Week16\ELDON5_20250428_051900.wav
459.0,462.0,Geothlypis trichas,Common Yellowthroat,0.0149,D:/AcousticMonitoringData/ELDON5_Data/Week16\ELDON5_20250428_051900.wav
459.0,462.0,Melospiza melodia,Song Sparrow,0.0133,D:/AcousticMonitoringData/ELDON5_Data/Week16\ELDON5_20250428_051900.wav
462.0,465.0,Geothlypis trichas,Common Yellowthroat,0.0208,D:/AcousticMonitoringData/ELDON5_Data/Week16\ELDON5_20250428_051900.wav
468.0,471.0,Melospiza melodia,Song Sparrow,0.0241,D:/AcousticMonitoringData/ELDON5_Data/Week16\ELDON5_20250428_051900.wav
468.0,471.0,Geothlypis trichas,Common Yellowthroat,0.0111,D:/AcousticMonitoringData/ELDON5_Data/Week16\ELDON5_20250428_051900.wav
471.0,474.0,Melospiza melodia,Song Sparrow,0.0185,D:/AcousticMonitoringData/ELDON5_Data/Week16\ELDON5_20250428_051900.wav
471.0,474.0,Geothlypis trichas,Common Yellowthroat,0.0122,D:/AcousticMonitoringData/ELDON5_Data/Week16\ELDON5_20250428_051900.wav
474.0,477.0,Geothlypis trichas,Common Yellowthroat,0.0137,D:/AcousticMonitoringData/ELDON5_Data/Week16\ELDON5_20250428_051900.wav
474.0,477.0,Sturnella magna,Eastern Meadowlark,0.0110,D:/AcousticMonitoringData/ELDON5_Data/Week16\ELDON5_20250428_051900.wav
477.0,480.0,Melospiza melodia,Song Sparrow,0.0155,D:/AcousticMonitoringData/ELDON5_Data/Week16\ELDON5_20250428_051900.wav
495.0,498.0,Geothlypis trichas,Common Yellowthroat,0.0176,D:/AcousticMonitoringData/ELDON5_Data/Week16\ELDON5_20250428_051900.wav
498.0,501.0,Spizella pusilla,Field Sparrow,0.0161,D:/AcousticMonitoringData/ELDON5_Data/Week16\ELDON5_20250428_051900.wav
498.0,501.0,Passerina caerulea,Blue Grosbeak,0.0111,D:/AcousticMonitoringData/ELDON5_Data/Week16\ELDON5_20250428_051900.wav
501.0,504.0,Geothlypis trichas,Common Yellowthroat,0.0181,D:/AcousticMonitoringData/ELDON5_Data/Week16\ELDON5_20250428_051900.wav
507.0,510.0,Geothlypis trichas,Common Yellowthroat,0.0105,D:/AcousticMonitoringData/ELDON5_Data/Week16\ELDON5_20250428_051900.wav
510.0,513.0,Geothlypis trichas,Common Yellowthroat,0.0144,D:/AcousticMonitoringData/ELDON5_Data/Week16\ELDON5_20250428_051900.wav
513.0,516.0,Geothlypis trichas,Common Yellowthroat,0.0101,D:/AcousticMonitoringData/ELDON5_Data/Week16\ELDON5_20250428_051900.wav
519.0,522.0,Melospiza melodia,Song Sparrow,0.0105,D:/AcousticMonitoringData/ELDON5_Data/Week16\ELDON5_20250428_051900.wav
522.0,525.0,Geothlypis trichas,Common Yellowthroat,0.0110,D:/AcousticMonitoringData/ELDON5_Data/Week16\ELDON5_20250428_051900.wav
522.0,525.0,Melospiza melodia,Song Sparrow,0.0103,D:/AcousticMonitoringData/ELDON5_Data/Week16\ELDON5_20250428_051900.wav
525.0,528.0,Sturnella magna,Eastern Meadowlark,0.0227,D:/AcousticMonitoringData/ELDON5_Data/Week16\ELDON5_20250428_051900.wav
531.0,534.0,Geothlypis trichas,Common Yellowthroat,0.0117,D:/AcousticMonitoringData/ELDON5_Data/Week16\ELDON5_20250428_051900.wav
543.0,546.0,Geothlypis trichas,Common Yellowthroat,0.0223,D:/AcousticMonitoringData/ELDON5_Data/Week16\ELDON5_20250428_051900.wav
549.0,552.0,Melospiza melodia,Song Sparrow,0.0100,D:/AcousticMonitoringData/ELDON5_Data/Week16\ELDON5_20250428_051900.wav
552.0,555.0,Geothlypis trichas,Common Yellowthroat,0.0170,D:/AcousticMonitoringData/ELDON5_Data/Week16\ELDON5_20250428_051900.wav
555.0,558.0,Melospiza melodia,Song Sparrow,0.0533,D:/AcousticMonitoringData/ELDON5_Data/Week16\ELDON5_20250428_051900.wav
555.0,558.0,Geothlypis trichas,Common Yellowthroat,0.0215,D:/AcousticMonitoringData/ELDON5_Data/Week16\ELDON5_20250428_051900.wav
558.0,561.0,Melospiza melodia,Song Sparrow,0.0184,D:/AcousticMonitoringData/ELDON5_Data/Week16\ELDON5_20250428_051900.wav
558.0,561.0,Geothlypis trichas,Common Yellowthroat,0.0150,D:/AcousticMonitoringData/ELDON5_Data/Week16\ELDON5_20250428_051900.wav
570.0,573.0,Spizella pusilla,Field Sparrow,0.0153,D:/AcousticMonitoringData/ELDON5_Data/Week16\ELDON5_20250428_051900.wav
579.0,582.0,Geothlypis trichas,Common Yellowthroat,0.0130,D:/AcousticMonitoringData/ELDON5_Data/Week16\ELDON5_20250428_051900.wav
582.0,585.0,Sturnella magna,Eastern Meadowlark,0.0144,D:/AcousticMonitoringData/ELDON5_Data/Week16\ELDON5_20250428_051900.wav
585.0,588.0,Geothlypis trichas,Common Yellowthroat,0.0142,D:/AcousticMonitoringData/ELDON5_Data/Week16\ELDON5_20250428_051900.wav
591.0,594.0,Geothlypis trichas,Common Yellowthroat,0.0125,D:/AcousticMonitoringData/ELDON5_Data/Week16\ELDON5_20250428_051900.wav
594.0,597.0,Geothlypis trichas,Common Yellowthroat,0.0282,D:/AcousticMonitoringData/ELDON5_Data/Week16\ELDON5_20250428_051900.wav
597.0,600.0,Spizella pusilla,Field Sparrow,0.0223,D:/AcousticMonitoringData/ELDON5_Data/Week16\ELDON5_20250428_051900.wav
597.0,600.0,Geothlypis trichas,Common Yellowthroat,0.0212,D:/AcousticMonitoringData/ELDON5_Data/Week16\ELDON5_20250428_051900.wav
597.0,600.0,Sturnella magna,Eastern Meadowlark,0.0128,D:/AcousticMonitoringData/ELDON5_Data/Week16\ELDON5_20250428_051900.wav
600.0,603.0,Geothlypis trichas,Common Yellowthroat,0.0175,D:/AcousticMonitoringData/ELDON5_Data/Week16\ELDON5_20250428_051900.wav
603.0,606.0,Geothlypis trichas,Common Yellowthroat,0.0441,D:/AcousticMonitoringData/ELDON5_Data/Week16\ELDON5_20250428_051900.wav
603.0,606.0,Passerina caerulea,Blue Grosbeak,0.0120,D:/AcousticMonitoringData/ELDON5_Data/Week16\ELDON5_20250428_051900.wav
612.0,615.0,Melospiza melodia,Song Sparrow,0.0169,D:/AcousticMonitoringData/ELDON5_Data/Week16\ELDON5_20250428_051900.wav
615.0,618.0,Geothlypis trichas,Common Yellowthroat,0.0131,D:/AcousticMonitoringData/ELDON5_Data/Week16\ELDON5_20250428_051900.wav
618.0,621.0,Geothlypis trichas,Common Yellowthroat,0.0224,D:/AcousticMonitoringData/ELDON5_Data/Week16\ELDON5_20250428_051900.wav
618.0,621.0,Spizella pusilla,Field Sparrow,0.0148,D:/AcousticMonitoringData/ELDON5_Data/Week16\ELDON5_20250428_051900.wav
618.0,621.0,Sturnella magna,Eastern Meadowlark,0.0142,D:/AcousticMonitoringData/ELDON5_Data/Week16\ELDON5_20250428_051900.wav
618.0,621.0,Melospiza melodia,Song Sparrow,0.0140,D:/AcousticMonitoringData/ELDON5_Data/Week16\ELDON5_20250428_051900.wav
627.0,630.0,Geothlypis trichas,Common Yellowthroat,0.0167,D:/AcousticMonitoringData/ELDON5_Data/Week16\ELDON5_20250428_051900.wav
627.0,630.0,Sturnella magna,Eastern Meadowlark,0.0132,D:/AcousticMonitoringData/ELDON5_Data/Week16\ELDON5_20250428_051900.wav
630.0,633.0,Geothlypis trichas,Common Yellowthroat,0.0236,D:/AcousticMonitoringData/ELDON5_Data/Week16\ELDON5_20250428_051900.wav
645.0,648.0,Spizella pusilla,Field Sparrow,0.0102,D:/AcousticMonitoringData/ELDON5_Data/Week16\ELDON5_20250428_051900.wav
651.0,654.0,Melospiza melodia,Song Sparrow,0.0292,D:/AcousticMonitoringData/ELDON5_Data/Week16\ELDON5_20250428_051900.wav
651.0,654.0,Eremophila alpestris,Horned Lark,0.0172,D:/AcousticMonitoringData/ELDON5_Data/Week16\ELDON5_20250428_051900.wav
657.0,660.0,Geothlypis trichas,Common Yellowthroat,0.0135,D:/AcousticMonitoringData/ELDON5_Data/Week16\ELDON5_20250428_051900.wav
666.0,669.0,Melospiza melodia,Song Sparrow,0.0105,D:/AcousticMonitoringData/ELDON5_Data/Week16\ELDON5_20250428_051900.wav
666.0,669.0,Geothlypis trichas,Common Yellowthroat,0.0105,D:/AcousticMonitoringData/ELDON5_Data/Week16\ELDON5_20250428_051900.wav
669.0,672.0,Geothlypis trichas,Common Yellowthroat,0.0143,D:/AcousticMonitoringData/ELDON5_Data/Week16\ELDON5_20250428_051900.wav
672.0,675.0,Geothlypis trichas,Common Yellowthroat,0.0142,D:/AcousticMonitoringData/ELDON5_Data/Week16\ELDON5_20250428_051900.wav
675.0,678.0,Melospiza melodia,Song Sparrow,0.0102,D:/AcousticMonitoringData/ELDON5_Data/Week16\ELDON5_20250428_051900.wav
678.0,681.0,Melospiza melodia,Song Sparrow,0.0373,D:/AcousticMonitoringData/ELDON5_Data/Week16\ELDON5_20250428_051900.wav
681.0,684.0,Melospiza melodia,Song Sparrow,0.0135,D:/AcousticMonitoringData/ELDON5_Data/Week16\ELDON5_20250428_051900.wav
687.0,690.0,Geothlypis trichas,Common Yellowthroat,0.0131,D:/AcousticMonitoringData/ELDON5_Data/Week16\ELDON5_20250428_051900.wav
690.0,693.0,Geothlypis trichas,Common Yellowthroat,0.0157,D:/AcousticMonitoringData/ELDON5_Data/Week16\ELDON5_20250428_051900.wav
693.0,696.0,Sturnella magna,Eastern Meadowlark,0.0122,D:/AcousticMonitoringData/ELDON5_Data/Week16\ELDON5_20250428_051900.wav
708.0,711.0,Sturnella magna,Eastern Meadowlark,0.0188,D:/AcousticMonitoringData/ELDON5_Data/Week16\ELDON5_20250428_051900.wav
708.0,711.0,Melospiza melodia,Song Sparrow,0.0151,D:/AcousticMonitoringData/ELDON5_Data/Week16\ELDON5_20250428_051900.wav
708.0,711.0,Eremophila alpestris,Horned Lark,0.0130,D:/AcousticMonitoringData/ELDON5_Data/Week16\ELDON5_20250428_051900.wav
711.0,714.0,Geothlypis trichas,Common Yellowthroat,0.0204,D:/AcousticMonitoringData/ELDON5_Data/Week16\ELDON5_20250428_051900.wav
717.0,720.0,Melospiza melodia,Song Sparrow,0.0273,D:/AcousticMonitoringData/ELDON5_Data/Week16\ELDON5_20250428_051900.wav
726.0,729.0,Sturnella magna,Eastern Meadowlark,0.0220,D:/AcousticMonitoringData/ELDON5_Data/Week16\ELDON5_20250428_051900.wav
729.0,732.0,Spizella pusilla,Field Sparrow,0.0398,D:/AcousticMonitoringData/ELDON5_Data/Week16\ELDON5_20250428_051900.wav
729.0,732.0,Geothlypis trichas,Common Yellowthroat,0.0283,D:/AcousticMonitoringData/ELDON5_Data/Week16\ELDON5_20250428_051900.wav
729.0,732.0,Sturnella magna,Eastern Meadowlark,0.0225,D:/AcousticMonitoringData/ELDON5_Data/Week16\ELDON5_20250428_051900.wav
729.0,732.0,Melospiza melodia,Song Sparrow,0.0113,D:/AcousticMonitoringData/ELDON5_Data/Week16\ELDON5_20250428_051900.wav
732.0,735.0,Melospiza melodia,Song Sparrow,0.0534,D:/AcousticMonitoringData/ELDON5_Data/Week16\ELDON5_20250428_051900.wav
732.0,735.0,Geothlypis trichas,Common Yellowthroat,0.0173,D:/AcousticMonitoringData/ELDON5_Data/Week16\ELDON5_20250428_051900.wav
735.0,738.0,Sturnella magna,Eastern Meadowlark,0.0110,D:/AcousticMonitoringData/ELDON5_Data/Week16\ELDON5_20250428_051900.wav
738.0,741.0,Melospiza melodia,Song Sparrow,0.0153,D:/AcousticMonitoringData/ELDON5_Data/Week16\ELDON5_20250428_051900.wav
741.0,744.0,Sturnella magna,Eastern Meadowlark,0.0139,D:/AcousticMonitoringData/ELDON5_Data/Week16\ELDON5_20250428_051900.wav
744.0,747.0,Melospiza melodia,Song Sparrow,0.0142,D:/AcousticMonitoringData/ELDON5_Data/Week16\ELDON5_20250428_051900.wav
747.0,750.0,Sturnella magna,Eastern Meadowlark,0.0156,D:/AcousticMonitoringData/ELDON5_Data/Week16\ELDON5_20250428_051900.wav
747.0,750.0,Geothlypis trichas,Common Yellowthroat,0.0110,D:/AcousticMonitoringData/ELDON5_Data/Week16\ELDON5_20250428_051900.wav
753.0,756.0,Melospiza melodia,Song Sparrow,0.0330,D:/AcousticMonitoringData/ELDON5_Data/Week16\ELDON5_20250428_051900.wav
753.0,756.0,Spizella pusilla,Field Sparrow,0.0110,D:/AcousticMonitoringData/ELDON5_Data/Week16\ELDON5_20250428_051900.wav
753.0,756.0,Geothlypis trichas,Common Yellowthroat,0.0110,D:/AcousticMonitoringData/ELDON5_Data/Week16\ELDON5_20250428_051900.wav
756.0,759.0,Sturnella magna,Eastern Meadowlark,0.0151,D:/AcousticMonitoringData/ELDON5_Data/Week16\ELDON5_20250428_051900.wav
762.0,765.0,Sturnella magna,Eastern Meadowlark,0.0198,D:/AcousticMonitoringData/ELDON5_Data/Week16\ELDON5_20250428_051900.wav
765.0,768.0,Melospiza melodia,Song Sparrow,0.0154,D:/AcousticMonitoringData/ELDON5_Data/Week16\ELDON5_20250428_051900.wav
771.0,774.0,Geothlypis trichas,Common Yellowthroat,0.0181,D:/AcousticMonitoringData/ELDON5_Data/Week16\ELDON5_20250428_051900.wav
771.0,774.0,Spizella pusilla,Field Sparrow,0.0170,D:/AcousticMonitoringData/ELDON5_Data/Week16\ELDON5_20250428_051900.wav
771.0,774.0,Melospiza melodia,Song Sparrow,0.0145,D:/AcousticMonitoringData/ELDON5_Data/Week16\ELDON5_20250428_051900.wav
774.0,777.0,Melospiza melodia,Song Sparrow,0.0255,D:/AcousticMonitoringData/ELDON5_Data/Week16\ELDON5_20250428_051900.wav
780.0,783.0,Geothlypis trichas,Common Yellowthroat,0.0180,D:/AcousticMonitoringData/ELDON5_Data/Week16\ELDON5_20250428_051900.wav
783.0,786.0,Melospiza melodia,Song Sparrow,0.0385,D:/AcousticMonitoringData/ELDON5_Data/Week16\ELDON5_20250428_051900.wav
783.0,786.0,Spizella pusilla,Field Sparrow,0.0315,D:/AcousticMonitoringData/ELDON5_Data/Week16\ELDON5_20250428_051900.wav
783.0,786.0,Sturnella magna,Eastern Meadowlark,0.0185,D:/AcousticMonitoringData/ELDON5_Data/Week16\ELDON5_20250428_051900.wav
783.0,786.0,Geothlypis trichas,Common Yellowthroat,0.0123,D:/AcousticMonitoringData/ELDON5_Data/Week16\ELDON5_20250428_051900.wav
786.0,789.0,Melospiza melodia,Song Sparrow,0.0109,D:/AcousticMonitoringData/ELDON5_Data/Week16\ELDON5_20250428_051900.wav
792.0,795.0,Melospiza melodia,Song Sparrow,0.0163,D:/AcousticMonitoringData/ELDON5_Data/Week16\ELDON5_20250428_051900.wav
795.0,798.0,Melospiza melodia,Song Sparrow,0.0143,D:/AcousticMonitoringData/ELDON5_Data/Week16\ELDON5_20250428_051900.wav
801.0,804.0,Melospiza melodia,Song Sparrow,0.0252,D:/AcousticMonitoringData/ELDON5_Data/Week16\ELDON5_20250428_051900.wav
801.0,804.0,Geothlypis trichas,Common Yellowthroat,0.0175,D:/AcousticMonitoringData/ELDON5_Data/Week16\ELDON5_20250428_051900.wav
804.0,807.0,Sturnella magna,Eastern Meadowlark,0.0146,D:/AcousticMonitoringData/ELDON5_Data/Week16\ELDON5_20250428_051900.wav
810.0,813.0,Melospiza melodia,Song Sparrow,0.0101,D:/AcousticMonitoringData/ELDON5_Data/Week16\ELDON5_20250428_051900.wav
813.0,816.0,Melospiza melodia,Song Sparrow,0.1076,D:/AcousticMonitoringData/ELDON5_Data/Week16\ELDON5_20250428_051900.wav
813.0,816.0,Geothlypis trichas,Common Yellowthroat,0.0119,D:/AcousticMonitoringData/ELDON5_Data/Week16\ELDON5_20250428_051900.wav
819.0,822.0,Melospiza melodia,Song Sparrow,0.0274,D:/AcousticMonitoringData/ELDON5_Data/Week16\ELDON5_20250428_051900.wav
834.0,837.0,Geothlypis trichas,Common Yellowthroat,0.0138,D:/AcousticMonitoringData/ELDON5_Data/Week16\ELDON5_20250428_051900.wav
834.0,837.0,Melospiza melodia,Song Sparrow,0.0122,D:/AcousticMonitoringData/ELDON5_Data/Week16\ELDON5_20250428_051900.wav
837.0,840.0,Melospiza melodia,Song Sparrow,0.0106,D:/AcousticMonitoringData/ELDON5_Data/Week16\ELDON5_20250428_051900.wav
840.0,843.0,Melospiza melodia,Song Sparrow,0.0206,D:/AcousticMonitoringData/ELDON5_Data/Week16\ELDON5_20250428_051900.wav
843.0,846.0,Geothlypis trichas,Common Yellowthroat,0.0111,D:/AcousticMonitoringData/ELDON5_Data/Week16\ELDON5_20250428_051900.wav
846.0,849.0,Melospiza melodia,Song Sparrow,0.0170,D:/AcousticMonitoringData/ELDON5_Data/Week16\ELDON5_20250428_051900.wav
855.0,858.0,Geothlypis trichas,Common Yellowthroat,0.0158,D:/AcousticMonitoringData/ELDON5_Data/Week16\ELDON5_20250428_051900.wav
855.0,858.0,Melospiza melodia,Song Sparrow,0.0113,D:/AcousticMonitoringData/ELDON5_Data/Week16\ELDON5_20250428_051900.wav
867.0,870.0,Melospiza melodia,Song Sparrow,0.0195,D:/AcousticMonitoringData/ELDON5_Data/Week16\ELDON5_20250428_051900.wav
867.0,870.0,Sturnella magna,Eastern Meadowlark,0.0118,D:/AcousticMonitoringData/ELDON5_Data/Week16\ELDON5_20250428_051900.wav
873.0,876.0,Melospiza melodia,Song Sparrow,0.0137,D:/AcousticMonitoringData/ELDON5_Data/Week16\ELDON5_20250428_051900.wav
876.0,879.0,Melospiza melodia,Song Sparrow,0.0205,D:/AcousticMonitoringData/ELDON5_Data/Week16\ELDON5_20250428_051900.wav
879.0,882.0,Geothlypis trichas,Common Yellowthroat,0.0140,D:/AcousticMonitoringData/ELDON5_Data/Week16\ELDON5_20250428_051900.wav
885.0,888.0,Sturnella magna,Eastern Meadowlark,0.0142,D:/AcousticMonitoringData/ELDON5_Data/Week16\ELDON5_20250428_051900.wav
888.0,891.0,Geothlypis trichas,Common Yellowthroat,0.0122,D:/AcousticMonitoringData/ELDON5_Data/Week16\ELDON5_20250428_051900.wav
897.0,900.0,Melospiza melodia,Song Sparrow,0.0168,D:/AcousticMonitoringData/ELDON5_Data/Week16\ELDON5_20250428_051900.wav
900.0,903.0,Melospiza melodia,Song Sparrow,0.0382,D:/AcousticMonitoringData/ELDON5_Data/Week16\ELDON5_20250428_051900.wav
903.0,906.0,Melospiza melodia,Song Sparrow,0.0120,D:/AcousticMonitoringData/ELDON5_Data/Week16\ELDON5_20250428_051900.wav
906.0,909.0,Geothlypis trichas,Common Yellowthroat,0.0153,D:/AcousticMonitoringData/ELDON5_Data/Week16\ELDON5_20250428_051900.wav
909.0,912.0,Melospiza melodia,Song Sparrow,0.0311,D:/AcousticMonitoringData/ELDON5_Data/Week16\ELDON5_20250428_051900.wav
909.0,912.0,Geothlypis trichas,Common Yellowthroat,0.0144,D:/AcousticMonitoringData/ELDON5_Data/Week16\ELDON5_20250428_051900.wav
909.0,912.0,Sturnella magna,Eastern Meadowlark,0.0104,D:/AcousticMonitoringData/ELDON5_Data/Week16\ELDON5_20250428_051900.wav
912.0,915.0,Geothlypis trichas,Common Yellowthroat,0.0199,D:/AcousticMonitoringData/ELDON5_Data/Week16\ELDON5_20250428_051900.wav
918.0,921.0,Sturnella magna,Eastern Meadowlark,0.0158,D:/AcousticMonitoringData/ELDON5_Data/Week16\ELDON5_20250428_051900.wav
921.0,924.0,Sturnella magna,Eastern Meadowlark,0.0252,D:/AcousticMonitoringData/ELDON5_Data/Week16\ELDON5_20250428_051900.wav
921.0,924.0,Bartramia longicauda,Upland Sandpiper,0.0115,D:/AcousticMonitoringData/ELDON5_Data/Week16\ELDON5_20250428_051900.wav
939.0,942.0,Sturnella magna,Eastern Meadowlark,0.0172,D:/AcousticMonitoringData/ELDON5_Data/Week16\ELDON5_20250428_051900.wav
942.0,945.0,Sturnella magna,Eastern Meadowlark,0.0194,D:/AcousticMonitoringData/ELDON5_Data/Week16\ELDON5_20250428_051900.wav
942.0,945.0,Bartramia longicauda,Upland Sandpiper,0.0129,D:/AcousticMonitoringData/ELDON5_Data/Week16\ELDON5_20250428_051900.wav
948.0,951.0,Sturnella magna,Eastern Meadowlark,0.0219,D:/AcousticMonitoringData/ELDON5_Data/Week16\ELDON5_20250428_051900.wav
957.0,960.0,Sturnella magna,Eastern Meadowlark,0.0129,D:/AcousticMonitoringData/ELDON5_Data/Week16\ELDON5_20250428_051900.wav
963.0,966.0,Sturnella magna,Eastern Meadowlark,0.0122,D:/AcousticMonitoringData/ELDON5_Data/Week16\ELDON5_20250428_051900.wav
969.0,972.0,Spizella pusilla,Field Sparrow,0.0101,D:/AcousticMonitoringData/ELDON5_Data/Week16\ELDON5_20250428_051900.wav
984.0,987.0,Sturnella magna,Eastern Meadowlark,0.0162,D:/AcousticMonitoringData/ELDON5_Data/Week16\ELDON5_20250428_051900.wav
990.0,993.0,Sturnella magna,Eastern Meadowlark,0.0320,D:/AcousticMonitoringData/ELDON5_Data/Week16\ELDON5_20250428_051900.wav
996.0,999.0,Sturnella magna,Eastern Meadowlark,0.0112,D:/AcousticMonitoringData/ELDON5_Data/Week16\ELDON5_20250428_051900.wav
1002.0,1005.0,Sturnella magna,Eastern Meadowlark,0.0107,D:/AcousticMonitoringData/ELDON5_Data/Week16\ELDON5_20250428_051900.wav
1005.0,1008.0,Sturnella magna,Eastern Meadowlark,0.0320,D:/AcousticMonitoringData/ELDON5_Data/Week16\ELDON5_20250428_051900.wav
1005.0,1008.0,Spizella pusilla,Field Sparrow,0.0212,D:/AcousticMonitoringData/ELDON5_Data/Week16\ELDON5_20250428_051900.wav
1014.0,1017.0,Passerina caerulea,Blue Grosbeak,0.0231,D:/AcousticMonitoringData/ELDON5_Data/Week16\ELDON5_20250428_051900.wav
1023.0,1026.0,Sturnella magna,Eastern Meadowlark,0.0148,D:/AcousticMonitoringData/ELDON5_Data/Week16\ELDON5_20250428_051900.wav
1026.0,1029.0,Sturnella magna,Eastern Meadowlark,0.0131,D:/AcousticMonitoringData/ELDON5_Data/Week16\ELDON5_20250428_051900.wav
1035.0,1038.0,Sturnella magna,Eastern Meadowlark,0.0147,D:/AcousticMonitoringData/ELDON5_Data/Week16\ELDON5_20250428_051900.wav
1038.0,1041.0,Geothlypis trichas,Common Yellowthroat,0.0164,D:/AcousticMonitoringData/ELDON5_Data/Week16\ELDON5_20250428_051900.wav
1038.0,1041.0,Sturnella magna,Eastern Meadowlark,0.0153,D:/AcousticMonitoringData/ELDON5_Data/Week16\ELDON5_20250428_051900.wav
1038.0,1041.0,Spizella pusilla,Field Sparrow,0.0107,D:/AcousticMonitoringData/ELDON5_Data/Week16\ELDON5_20250428_051900.wav
1047.0,1050.0,Sturnella magna,Eastern Meadowlark,0.0176,D:/AcousticMonitoringData/ELDON5_Data/Week16\ELDON5_20250428_051900.wav
1050.0,1053.0,Sturnella magna,Eastern Meadowlark,0.0109,D:/AcousticMonitoringData/ELDON5_Data/Week16\ELDON5_20250428_051900.wav
1053.0,1056.0,Sturnella magna,Eastern Meadowlark,0.0159,D:/AcousticMonitoringData/ELDON5_Data/Week16\ELDON5_20250428_051900.wav
1056.0,1059.0,Sturnella magna,Eastern Meadowlark,0.0155,D:/AcousticMonitoringData/ELDON5_Data/Week16\ELDON5_20250428_051900.wav
1056.0,1059.0,Passerina caerulea,Blue Grosbeak,0.0101,D:/AcousticMonitoringData/ELDON5_Data/Week16\ELDON5_20250428_051900.wav
1059.0,1062.0,Sturnella magna,Eastern Meadowlark,0.0179,D:/AcousticMonitoringData/ELDON5_Data/Week16\ELDON5_20250428_051900.wav
1071.0,1074.0,Sturnella magna,Eastern Meadowlark,0.0108,D:/AcousticMonitoringData/ELDON5_Data/Week16\ELDON5_20250428_051900.wav
1074.0,1077.0,Melospiza melodia,Song Sparrow,0.0141,D:/AcousticMonitoringData/ELDON5_Data/Week16\ELDON5_20250428_051900.wav
1074.0,1077.0,Geothlypis trichas,Common Yellowthroat,0.0132,D:/AcousticMonitoringData/ELDON5_Data/Week16\ELDON5_20250428_051900.wav
1083.0,1086.0,Spizella pusilla,Field Sparrow,0.0134,D:/AcousticMonitoringData/ELDON5_Data/Week16\ELDON5_20250428_051900.wav
1083.0,1086.0,Sturnella magna,Eastern Meadowlark,0.0130,D:/AcousticMonitoringData/ELDON5_Data/Week16\ELDON5_20250428_051900.wav
1086.0,1089.0,Sturnella magna,Eastern Meadowlark,0.0103,D:/AcousticMonitoringData/ELDON5_Data/Week16\ELDON5_20250428_051900.wav
1089.0,1092.0,Sturnella magna,Eastern Meadowlark,0.0260,D:/AcousticMonitoringData/ELDON5_Data/Week16\ELDON5_20250428_051900.wav
1092.0,1095.0,Sturnella magna,Eastern Meadowlark,0.0171,D:/AcousticMonitoringData/ELDON5_Data/Week16\ELDON5_20250428_051900.wav
1098.0,1101.0,Sturnella magna,Eastern Meadowlark,0.0165,D:/AcousticMonitoringData/ELDON5_Data/Week16\ELDON5_20250428_051900.wav
1101.0,1104.0,Sturnella magna,Eastern Meadowlark,0.0271,D:/AcousticMonitoringData/ELDON5_Data/Week16\ELDON5_20250428_051900.wav
1101.0,1104.0,Spizella pusilla,Field Sparrow,0.0130,D:/AcousticMonitoringData/ELDON5_Data/Week16\ELDON5_20250428_051900.wav
1101.0,1104.0,Bartramia longicauda,Upland Sandpiper,0.0110,D:/AcousticMonitoringData/ELDON5_Data/Week16\ELDON5_20250428_051900.wav
1107.0,1110.0,Spizella pusilla,Field Sparrow,0.0155,D:/AcousticMonitoringData/ELDON5_Data/Week16\ELDON5_20250428_051900.wav
1119.0,1122.0,Sturnella magna,Eastern Meadowlark,0.0155,D:/AcousticMonitoringData/ELDON5_Data/Week16\ELDON5_20250428_051900.wav
1128.0,1131.0,Sturnella magna,Eastern Meadowlark,0.0115,D:/AcousticMonitoringData/ELDON5_Data/Week16\ELDON5_20250428_051900.wav
1131.0,1134.0,Sturnella magna,Eastern Meadowlark,0.0162,D:/AcousticMonitoringData/ELDON5_Data/Week16\ELDON5_20250428_051900.wav
1140.0,1143.0,Sturnella magna,Eastern Meadowlark,0.0111,D:/AcousticMonitoringData/ELDON5_Data/Week16\ELDON5_20250428_051900.wav
1149.0,1152.0,Geothlypis trichas,Common Yellowthroat,0.0165,D:/AcousticMonitoringData/ELDON5_Data/Week16\ELDON5_20250428_051900.wav
1149.0,1152.0,Sturnella magna,Eastern Meadowlark,0.0144,D:/AcousticMonitoringData/ELDON5_Data/Week16\ELDON5_20250428_051900.wav
1149.0,1152.0,Passerina caerulea,Blue Grosbeak,0.0140,D:/AcousticMonitoringData/ELDON5_Data/Week16\ELDON5_20250428_051900.wav
1155.0,1158.0,Sturnella magna,Eastern Meadowlark,0.0175,D:/AcousticMonitoringData/ELDON5_Data/Week16\ELDON5_20250428_051900.wav
1158.0,1161.0,Spizella pusilla,Field Sparrow,0.0121,D:/AcousticMonitoringData/ELDON5_Data/Week16\ELDON5_20250428_051900.wav
1161.0,1164.0,Spizella pusilla,Field Sparrow,0.0335,D:/AcousticMonitoringData/ELDON5_Data/Week16\ELDON5_20250428_051900.wav
1161.0,1164.0,Geothlypis trichas,Common Yellowthroat,0.0310,D:/AcousticMonitoringData/ELDON5_Data/Week16\ELDON5_20250428_051900.wav
1161.0,1164.0,Sturnella magna,Eastern Meadowlark,0.0281,D:/AcousticMonitoringData/ELDON5_Data/Week16\ELDON5_20250428_051900.wav
1170.0,1173.0,Sturnella magna,Eastern Meadowlark,0.0182,D:/AcousticMonitoringData/ELDON5_Data/Week16\ELDON5_20250428_051900.wav
1170.0,1173.0,Spizella pusilla,Field Sparrow,0.0123,D:/AcousticMonitoringData/ELDON5_Data/Week16\ELDON5_20250428_051900.wav
1182.0,1185.0,Geothlypis trichas,Common Yellowthroat,0.0309,D:/AcousticMonitoringData/ELDON5_Data/Week16\ELDON5_20250428_051900.wav
1182.0,1185.0,Melospiza melodia,Song Sparrow,0.0215,D:/AcousticMonitoringData/ELDON5_Data/Week16\ELDON5_20250428_051900.wav
1188.0,1191.0,Sturnella magna,Eastern Meadowlark,0.0137,D:/AcousticMonitoringData/ELDON5_Data/Week16\ELDON5_20250428_051900.wav
1188.0,1191.0,Passerina caerulea,Blue Grosbeak,0.0106,D:/AcousticMonitoringData/ELDON5_Data/Week16\ELDON5_20250428_051900.wav
1191.0,1194.0,Spizella pusilla,Field Sparrow,0.0103,D:/AcousticMonitoringData/ELDON5_Data/Week16\ELDON5_20250428_051900.wav
1194.0,1197.0,Sturnella magna,Eastern Meadowlark,0.0185,D:/AcousticMonitoringData/ELDON5_Data/Week16\ELDON5_20250428_051900.wav
1197.0,1200.0,Sturnella magna,Eastern Meadowlark,0.0188,D:/AcousticMonitoringData/ELDON5_Data/Week16\ELDON5_20250428_051900.wav
1200.0,1203.0,Geothlypis trichas,Common Yellowthroat,0.0218,D:/AcousticMonitoringData/ELDON5_Data/Week16\ELDON5_20250428_051900.wav
1200.0,1203.0,Spizella pusilla,Field Sparrow,0.0205,D:/AcousticMonitoringData/ELDON5_Data/Week16\ELDON5_20250428_051900.wav
1200.0,1203.0,Melospiza melodia,Song Sparrow,0.0105,D:/AcousticMonitoringData/ELDON5_Data/Week16\ELDON5_20250428_051900.wav
1203.0,1206.0,Geothlypis trichas,Common Yellowthroat,0.0145,D:/AcousticMonitoringData/ELDON5_Data/Week16\ELDON5_20250428_051900.wav
1206.0,1209.0,Geothlypis trichas,Common Yellowthroat,0.0102,D:/AcousticMonitoringData/ELDON5_Data/Week16\ELDON5_20250428_051900.wav
1215.0,1218.0,Spizella pusilla,Field Sparrow,0.0162,D:/AcousticMonitoringData/ELDON5_Data/Week16\ELDON5_20250428_051900.wav
1215.0,1218.0,Sturnella magna,Eastern Meadowlark,0.0133,D:/AcousticMonitoringData/ELDON5_Data/Week16\ELDON5_20250428_051900.wav
1215.0,1218.0,Geothlypis trichas,Common Yellowthroat,0.0120,D:/AcousticMonitoringData/ELDON5_Data/Week16\ELDON5_20250428_051900.wav
1221.0,1224.0,Sturnella magna,Eastern Meadowlark,0.0244,D:/AcousticMonitoringData/ELDON5_Data/Week16\ELDON5_20250428_051900.wav
1221.0,1224.0,Spizella pusilla,Field Sparrow,0.0216,D:/AcousticMonitoringData/ELDON5_Data/Week16\ELDON5_20250428_051900.wav
1221.0,1224.0,Melospiza melodia,Song Sparrow,0.0171,D:/AcousticMonitoringData/ELDON5_Data/Week16\ELDON5_20250428_051900.wav
1224.0,1227.0,Sturnella magna,Eastern Meadowlark,0.0120,D:/AcousticMonitoringData/ELDON5_Data/Week16\ELDON5_20250428_051900.wav
1233.0,1236.0,Sturnella magna,Eastern Meadowlark,0.0111,D:/AcousticMonitoringData/ELDON5_Data/Week16\ELDON5_20250428_051900.wav
1251.0,1254.0,Spizella pusilla,Field Sparrow,0.0317,D:/AcousticMonitoringData/ELDON5_Data/Week16\ELDON5_20250428_051900.wav
1251.0,1254.0,Sturnella magna,Eastern Meadowlark,0.0316,D:/AcousticMonitoringData/ELDON5_Data/Week16\ELDON5_20250428_051900.wav
1251.0,1254.0,Passerina caerulea,Blue Grosbeak,0.0105,D:/AcousticMonitoringData/ELDON5_Data/Week16\ELDON5_20250428_051900.wav
1260.0,1263.0,Sturnella magna,Eastern Meadowlark,0.0109,D:/AcousticMonitoringData/ELDON5_Data/Week16\ELDON5_20250428_051900.wav
1263.0,1266.0,Spizella pusilla,Field Sparrow,0.0284,D:/AcousticMonitoringData/ELDON5_Data/Week16\ELDON5_20250428_051900.wav
1263.0,1266.0,Passerina caerulea,Blue Grosbeak,0.0140,D:/AcousticMonitoringData/ELDON5_Data/Week16\ELDON5_20250428_051900.wav
1269.0,1272.0,Sturnella magna,Eastern Meadowlark,0.0269,D:/AcousticMonitoringData/ELDON5_Data/Week16\ELDON5_20250428_051900.wav
1272.0,1275.0,Sturnella magna,Eastern Meadowlark,0.0186,D:/AcousticMonitoringData/ELDON5_Data/Week16\ELDON5_20250428_051900.wav
1272.0,1275.0,Passerina caerulea,Blue Grosbeak,0.0114,D:/AcousticMonitoringData/ELDON5_Data/Week16\ELDON5_20250428_051900.wav
1278.0,1281.0,Sturnella magna,Eastern Meadowlark,0.0270,D:/AcousticMonitoringData/ELDON5_Data/Week16\ELDON5_20250428_051900.wav
1281.0,1284.0,Spizella pusilla,Field Sparrow,0.0420,D:/AcousticMonitoringData/ELDON5_Data/Week16\ELDON5_20250428_051900.wav
1281.0,1284.0,Passerina caerulea,Blue Grosbeak,0.0291,D:/AcousticMonitoringData/ELDON5_Data/Week16\ELDON5_20250428_051900.wav
1281.0,1284.0,Sturnella magna,Eastern Meadowlark,0.0254,D:/AcousticMonitoringData/ELDON5_Data/Week16\ELDON5_20250428_051900.wav
1281.0,1284.0,Geothlypis trichas,Common Yellowthroat,0.0168,D:/AcousticMonitoringData/ELDON5_Data/Week16\ELDON5_20250428_051900.wav
1284.0,1287.0,Sturnella magna,Eastern Meadowlark,0.0223,D:/AcousticMonitoringData/ELDON5_Data/Week16\ELDON5_20250428_051900.wav
1287.0,1290.0,Sturnella magna,Eastern Meadowlark,0.0263,D:/AcousticMonitoringData/ELDON5_Data/Week16\ELDON5_20250428_051900.wav
1290.0,1293.0,Sturnella magna,Eastern Meadowlark,0.0217,D:/AcousticMonitoringData/ELDON5_Data/Week16\ELDON5_20250428_051900.wav
1290.0,1293.0,Spizella pusilla,Field Sparrow,0.0108,D:/AcousticMonitoringData/ELDON5_Data/Week16\ELDON5_20250428_051900.wav
1293.0,1296.0,Sturnella magna,Eastern Meadowlark,0.0253,D:/AcousticMonitoringData/ELDON5_Data/Week16\ELDON5_20250428_051900.wav
1299.0,1302.0,Sturnella magna,Eastern Meadowlark,0.0218,D:/AcousticMonitoringData/ELDON5_Data/Week16\ELDON5_20250428_051900.wav
1308.0,1311.0,Sturnella magna,Eastern Meadowlark,0.0102,D:/AcousticMonitoringData/ELDON5_Data/Week16\ELDON5_20250428_051900.wav
1311.0,1314.0,Sturnella magna,Eastern Meadowlark,0.0268,D:/AcousticMonitoringData/ELDON5_Data/Week16\ELDON5_20250428_051900.wav
1311.0,1314.0,Passerina caerulea,Blue Grosbeak,0.0123,D:/AcousticMonitoringData/ELDON5_Data/Week16\ELDON5_20250428_051900.wav
1317.0,1320.0,Sturnella magna,Eastern Meadowlark,0.0246,D:/AcousticMonitoringData/ELDON5_Data/Week16\ELDON5_20250428_051900.wav
1320.0,1323.0,Geothlypis trichas,Common Yellowthroat,0.0214,D:/AcousticMonitoringData/ELDON5_Data/Week16\ELDON5_20250428_051900.wav
1320.0,1323.0,Sturnella magna,Eastern Meadowlark,0.0206,D:/AcousticMonitoringData/ELDON5_Data/Week16\ELDON5_20250428_051900.wav
1320.0,1323.0,Melospiza melodia,Song Sparrow,0.0194,D:/AcousticMonitoringData/ELDON5_Data/Week16\ELDON5_20250428_051900.wav
1320.0,1323.0,Spizella pusilla,Field Sparrow,0.0183,D:/AcousticMonitoringData/ELDON5_Data/Week16\ELDON5_20250428_051900.wav
1323.0,1326.0,Melospiza melodia,Song Sparrow,0.0183,D:/AcousticMonitoringData/ELDON5_Data/Week16\ELDON5_20250428_051900.wav
1323.0,1326.0,Sturnella magna,Eastern Meadowlark,0.0128,D:/AcousticMonitoringData/ELDON5_Data/Week16\ELDON5_20250428_051900.wav
1329.0,1332.0,Sturnella magna,Eastern Meadowlark,0.0101,D:/AcousticMonitoringData/ELDON5_Data/Week16\ELDON5_20250428_051900.wav
1332.0,1335.0,Sturnella magna,Eastern Meadowlark,0.0160,D:/AcousticMonitoringData/ELDON5_Data/Week16\ELDON5_20250428_051900.wav
1332.0,1335.0,Passerina caerulea,Blue Grosbeak,0.0111,D:/AcousticMonitoringData/ELDON5_Data/Week16\ELDON5_20250428_051900.wav
1341.0,1344.0,Sturnella magna,Eastern Meadowlark,0.0278,D:/AcousticMonitoringData/ELDON5_Data/Week16\ELDON5_20250428_051900.wav
1344.0,1347.0,Passerina caerulea,Blue Grosbeak,0.0217,D:/AcousticMonitoringData/ELDON5_Data/Week16\ELDON5_20250428_051900.wav
1344.0,1347.0,Sturnella magna,Eastern Meadowlark,0.0103,D:/AcousticMonitoringData/ELDON5_Data/Week16\ELDON5_20250428_051900.wav
1350.0,1353.0,Sturnella magna,Eastern Meadowlark,0.0186,D:/AcousticMonitoringData/ELDON5_Data/Week16\ELDON5_20250428_051900.wav
1353.0,1356.0,Sturnella magna,Eastern Meadowlark,0.0198,D:/AcousticMonitoringData/ELDON5_Data/Week16\ELDON5_20250428_051900.wav
1353.0,1356.0,Passerina caerulea,Blue Grosbeak,0.0172,D:/AcousticMonitoringData/ELDON5_Data/Week16\ELDON5_20250428_051900.wav
1353.0,1356.0,Spizella pusilla,Field Sparrow,0.0118,D:/AcousticMonitoringData/ELDON5_Data/Week16\ELDON5_20250428_051900.wav
1359.0,1362.0,Sturnella magna,Eastern Meadowlark,0.0217,D:/AcousticMonitoringData/ELDON5_Data/Week16\ELDON5_20250428_051900.wav
1362.0,1365.0,Sturnella magna,Eastern Meadowlark,0.0350,D:/AcousticMonitoringData/ELDON5_Data/Week16\ELDON5_20250428_051900.wav
1362.0,1365.0,Geothlypis trichas,Common Yellowthroat,0.0179,D:/AcousticMonitoringData/ELDON5_Data/Week16\ELDON5_20250428_051900.wav
1362.0,1365.0,Melospiza melodia,Song Sparrow,0.0161,D:/AcousticMonitoringData/ELDON5_Data/Week16\ELDON5_20250428_051900.wav
1371.0,1374.0,Melospiza melodia,Song Sparrow,0.0382,D:/AcousticMonitoringData/ELDON5_Data/Week16\ELDON5_20250428_051900.wav
1371.0,1374.0,Sturnella magna,Eastern Meadowlark,0.0369,D:/AcousticMonitoringData/ELDON5_Data/Week16\ELDON5_20250428_051900.wav
1371.0,1374.0,Passerina caerulea,Blue Grosbeak,0.0307,D:/AcousticMonitoringData/ELDON5_Data/Week16\ELDON5_20250428_051900.wav
1371.0,1374.0,Spizella pusilla,Field Sparrow,0.0187,D:/AcousticMonitoringData/ELDON5_Data/Week16\ELDON5_20250428_051900.wav
1371.0,1374.0,Geothlypis trichas,Common Yellowthroat,0.0110,D:/AcousticMonitoringData/ELDON5_Data/Week16\ELDON5_20250428_051900.wav
1374.0,1377.0,Sturnella magna,Eastern Meadowlark,0.0269,D:/AcousticMonitoringData/ELDON5_Data/Week16\ELDON5_20250428_051900.wav
1374.0,1377.0,Spizella pusilla,Field Sparrow,0.0149,D:/AcousticMonitoringData/ELDON5_Data/Week16\ELDON5_20250428_051900.wav
1374.0,1377.0,Passerina caerulea,Blue Grosbeak,0.0104,D:/AcousticMonitoringData/ELDON5_Data/Week16\ELDON5_20250428_051900.wav
1377.0,1380.0,Sturnella magna,Eastern Meadowlark,0.0117,D:/AcousticMonitoringData/ELDON5_Data/Week16\ELDON5_20250428_051900.wav
1380.0,1383.0,Sturnella magna,Eastern Meadowlark,0.0150,D:/AcousticMonitoringData/ELDON5_Data/Week16\ELDON5_20250428_051900.wav
1383.0,1386.0,Spizella pusilla,Field Sparrow,0.0188,D:/AcousticMonitoringData/ELDON5_Data/Week16\ELDON5_20250428_051900.wav
1383.0,1386.0,Sturnella magna,Eastern Meadowlark,0.0108,D:/AcousticMonitoringData/ELDON5_Data/Week16\ELDON5_20250428_051900.wav
1395.0,1398.0,Sturnella magna,Eastern Meadowlark,0.0169,D:/AcousticMonitoringData/ELDON5_Data/Week16\ELDON5_20250428_051900.wav
1395.0,1398.0,Spizella pusilla,Field Sparrow,0.0123,D:/AcousticMonitoringData/ELDON5_Data/Week16\ELDON5_20250428_051900.wav
1398.0,1401.0,Sturnella magna,Eastern Meadowlark,0.0107,D:/AcousticMonitoringData/ELDON5_Data/Week16\ELDON5_20250428_051900.wav
1401.0,1404.0,Sturnella magna,Eastern Meadowlark,0.0214,D:/AcousticMonitoringData/ELDON5_Data/Week16\ELDON5_20250428_051900.wav
1404.0,1407.0,Sturnella magna,Eastern Meadowlark,0.0286,D:/AcousticMonitoringData/ELDON5_Data/Week16\ELDON5_20250428_051900.wav
1410.0,1413.0,Sturnella magna,Eastern Meadowlark,0.0133,D:/AcousticMonitoringData/ELDON5_Data/Week16\ELDON5_20250428_051900.wav
1413.0,1416.0,Sturnella magna,Eastern Meadowlark,0.0265,D:/AcousticMonitoringData/ELDON5_Data/Week16\ELDON5_20250428_051900.wav
1416.0,1419.0,Sturnella magna,Eastern Meadowlark,0.0353,D:/AcousticMonitoringData/ELDON5_Data/Week16\ELDON5_20250428_051900.wav
1416.0,1419.0,Spizella pusilla,Field Sparrow,0.0101,D:/AcousticMonitoringData/ELDON5_Data/Week16\ELDON5_20250428_051900.wav
1422.0,1425.0,Sturnella magna,Eastern Meadowlark,0.0459,D:/AcousticMonitoringData/ELDON5_Data/Week16\ELDON5_20250428_051900.wav
1422.0,1425.0,Spizella pusilla,Field Sparrow,0.0283,D:/AcousticMonitoringData/ELDON5_Data/Week16\ELDON5_20250428_051900.wav
1422.0,1425.0,Passerina caerulea,Blue Grosbeak,0.0158,D:/AcousticMonitoringData/ELDON5_Data/Week16\ELDON5_20250428_051900.wav
1422.0,1425.0,Melospiza melodia,Song Sparrow,0.0127,D:/AcousticMonitoringData/ELDON5_Data/Week16\ELDON5_20250428_051900.wav
1425.0,1428.0,Spizella pusilla,Field Sparrow,0.0489,D:/AcousticMonitoringData/ELDON5_Data/Week16\ELDON5_20250428_051900.wav
1425.0,1428.0,Sturnella magna,Eastern Meadowlark,0.0487,D:/AcousticMonitoringData/ELDON5_Data/Week16\ELDON5_20250428_051900.wav
1434.0,1437.0,Spizella pusilla,Field Sparrow,0.0307,D:/AcousticMonitoringData/ELDON5_Data/Week16\ELDON5_20250428_051900.wav
1434.0,1437.0,Sturnella magna,Eastern Meadowlark,0.0156,D:/AcousticMonitoringData/ELDON5_Data/Week16\ELDON5_20250428_051900.wav
1434.0,1437.0,Passerina caerulea,Blue Grosbeak,0.0108,D:/AcousticMonitoringData/ELDON5_Data/Week16\ELDON5_20250428_051900.wav
1434.0,1437.0,Melospiza melodia,Song Sparrow,0.0100,D:/AcousticMonitoringData/ELDON5_Data/Week16\ELDON5_20250428_051900.wav
1437.0,1440.0,Sturnella magna,Eastern Meadowlark,0.0417,D:/AcousticMonitoringData/ELDON5_Data/Week16\ELDON5_20250428_051900.wav
1437.0,1440.0,Spizella pusilla,Field Sparrow,0.0116,D:/AcousticMonitoringData/ELDON5_Data/Week16\ELDON5_20250428_051900.wav
1446.0,1449.0,Passerina caerulea,Blue Grosbeak,0.0169,D:/AcousticMonitoringData/ELDON5_Data/Week16\ELDON5_20250428_051900.wav
1446.0,1449.0,Sturnella magna,Eastern Meadowlark,0.0158,D:/AcousticMonitoringData/ELDON5_Data/Week16\ELDON5_20250428_051900.wav
1446.0,1449.0,Spizella pusilla,Field Sparrow,0.0146,D:/AcousticMonitoringData/ELDON5_Data/Week16\ELDON5_20250428_051900.wav
1446.0,1449.0,Melospiza melodia,Song Sparrow,0.0131,D:/AcousticMonitoringData/ELDON5_Data/Week16\ELDON5_20250428_051900.wav
1446.0,1449.0,Geothlypis trichas,Common Yellowthroat,0.0103,D:/AcousticMonitoringData/ELDON5_Data/Week16\ELDON5_20250428_051900.wav
1449.0,1452.0,Sturnella magna,Eastern Meadowlark,0.0164,D:/AcousticMonitoringData/ELDON5_Data/Week16\ELDON5_20250428_051900.wav
1449.0,1452.0,Spizella pusilla,Field Sparrow,0.0144,D:/AcousticMonitoringData/ELDON5_Data/Week16\ELDON5_20250428_051900.wav
1452.0,1455.0,Sturnella magna,Eastern Meadowlark,0.0174,D:/AcousticMonitoringData/ELDON5_Data/Week16\ELDON5_20250428_051900.wav
1455.0,1458.0,Spizella pusilla,Field Sparrow,0.0111,D:/AcousticMonitoringData/ELDON5_Data/Week16\ELDON5_20250428_051900.wav
1464.0,1467.0,Sturnella magna,Eastern Meadowlark,0.0444,D:/AcousticMonitoringData/ELDON5_Data/Week16\ELDON5_20250428_051900.wav
1464.0,1467.0,Spizella pusilla,Field Sparrow,0.0195,D:/AcousticMonitoringData/ELDON5_Data/Week16\ELDON5_20250428_051900.wav
1467.0,1470.0,Sturnella magna,Eastern Meadowlark,0.0307,D:/AcousticMonitoringData/ELDON5_Data/Week16\ELDON5_20250428_051900.wav
1470.0,1473.0,Sturnella magna,Eastern Meadowlark,0.0160,D:/AcousticMonitoringData/ELDON5_Data/Week16\ELDON5_20250428_051900.wav
1470.0,1473.0,Passerina caerulea,Blue Grosbeak,0.0104,D:/AcousticMonitoringData/ELDON5_Data/Week16\ELDON5_20250428_051900.wav
1476.0,1479.0,Melospiza melodia,Song Sparrow,0.0616,D:/AcousticMonitoringData/ELDON5_Data/Week16\ELDON5_20250428_051900.wav
1476.0,1479.0,Geothlypis trichas,Common Yellowthroat,0.0230,D:/AcousticMonitoringData/ELDON5_Data/Week16\ELDON5_20250428_051900.wav
1476.0,1479.0,Sturnella magna,Eastern Meadowlark,0.0182,D:/AcousticMonitoringData/ELDON5_Data/Week16\ELDON5_20250428_051900.wav
1482.0,1485.0,Sturnella magna,Eastern Meadowlark,0.0203,D:/AcousticMonitoringData/ELDON5_Data/Week16\ELDON5_20250428_051900.wav
1485.0,1488.0,Melospiza melodia,Song Sparrow,0.0290,D:/AcousticMonitoringData/ELDON5_Data/Week16\ELDON5_20250428_051900.wav
1488.0,1491.0,Geothlypis trichas,Common Yellowthroat,0.0195,D:/AcousticMonitoringData/ELDON5_Data/Week16\ELDON5_20250428_051900.wav
1491.0,1494.0,Geothlypis trichas,Common Yellowthroat,0.0155,D:/AcousticMonitoringData/ELDON5_Data/Week16\ELDON5_20250428_051900.wav
1494.0,1497.0,Melospiza melodia,Song Sparrow,0.0108,D:/AcousticMonitoringData/ELDON5_Data/Week16\ELDON5_20250428_051900.wav
1497.0,1500.0,Sturnella magna,Eastern Meadowlark,0.0140,D:/AcousticMonitoringData/ELDON5_Data/Week16\ELDON5_20250428_051900.wav
1500.0,1503.0,Spizella pusilla,Field Sparrow,0.0118,D:/AcousticMonitoringData/ELDON5_Data/Week16\ELDON5_20250428_051900.wav
1500.0,1503.0,Sturnella magna,Eastern Meadowlark,0.0112,D:/AcousticMonitoringData/ELDON5_Data/Week16\ELDON5_20250428_051900.wav
1503.0,1506.0,Passerina caerulea,Blue Grosbeak,0.0127,D:/AcousticMonitoringData/ELDON5_Data/Week16\ELDON5_20250428_051900.wav
1503.0,1506.0,Spizella pusilla,Field Sparrow,0.0114,D:/AcousticMonitoringData/ELDON5_Data/Week16\ELDON5_20250428_051900.wav
1506.0,1509.0,Melospiza melodia,Song Sparrow,0.0157,D:/AcousticMonitoringData/ELDON5_Data/Week16\ELDON5_20250428_051900.wav
1506.0,1509.0,Sturnella magna,Eastern Meadowlark,0.0108,D:/AcousticMonitoringData/ELDON5_Data/Week16\ELDON5_20250428_051900.wav
1512.0,1515.0,Sturnella magna,Eastern Meadowlark,0.0184,D:/AcousticMonitoringData/ELDON5_Data/Week16\ELDON5_20250428_051900.wav
1515.0,1518.0,Geothlypis trichas,Common Yellowthroat,0.0213,D:/AcousticMonitoringData/ELDON5_Data/Week16\ELDON5_20250428_051900.wav
1515.0,1518.0,Spizella pusilla,Field Sparrow,0.0164,D:/AcousticMonitoringData/ELDON5_Data/Week16\ELDON5_20250428_051900.wav
1518.0,1521.0,Sturnella magna,Eastern Meadowlark,0.0120,D:/AcousticMonitoringData/ELDON5_Data/Week16\ELDON5_20250428_051900.wav
1521.0,1524.0,Sturnella magna,Eastern Meadowlark,0.0106,D:/AcousticMonitoringData/ELDON5_Data/Week16\ELDON5_20250428_051900.wav
1524.0,1527.0,Sturnella magna,Eastern Meadowlark,0.0189,D:/AcousticMonitoringData/ELDON5_Data/Week16\ELDON5_20250428_051900.wav
1530.0,1533.0,Sturnella magna,Eastern Meadowlark,0.0193,D:/AcousticMonitoringData/ELDON5_Data/Week16\ELDON5_20250428_051900.wav
1533.0,1536.0,Sturnella magna,Eastern Meadowlark,0.0144,D:/AcousticMonitoringData/ELDON5_Data/Week16\ELDON5_20250428_051900.wav
1536.0,1539.0,Sturnella magna,Eastern Meadowlark,0.0125,D:/AcousticMonitoringData/ELDON5_Data/Week16\ELDON5_20250428_051900.wav
1536.0,1539.0,Spizella pusilla,Field Sparrow,0.0113,D:/AcousticMonitoringData/ELDON5_Data/Week16\ELDON5_20250428_051900.wav
1539.0,1542.0,Sturnella magna,Eastern Meadowlark,0.0185,D:/AcousticMonitoringData/ELDON5_Data/Week16\ELDON5_20250428_051900.wav
1542.0,1545.0,Sturnella magna,Eastern Meadowlark,0.0276,D:/AcousticMonitoringData/ELDON5_Data/Week16\ELDON5_20250428_051900.wav
1545.0,1548.0,Sturnella magna,Eastern Meadowlark,0.0282,D:/AcousticMonitoringData/ELDON5_Data/Week16\ELDON5_20250428_051900.wav
1545.0,1548.0,Spizella pusilla,Field Sparrow,0.0121,D:/AcousticMonitoringData/ELDON5_Data/Week16\ELDON5_20250428_051900.wav
1551.0,1554.0,Sturnella magna,Eastern Meadowlark,0.0175,D:/AcousticMonitoringData/ELDON5_Data/Week16\ELDON5_20250428_051900.wav
1554.0,1557.0,Sturnella magna,Eastern Meadowlark,0.0176,D:/AcousticMonitoringData/ELDON5_Data/Week16\ELDON5_20250428_051900.wav
1557.0,1560.0,Sturnella magna,Eastern Meadowlark,0.2936,D:/AcousticMonitoringData/ELDON5_Data/Week16\ELDON5_20250428_051900.wav
1557.0,1560.0,Spizella pusilla,Field Sparrow,0.0548,D:/AcousticMonitoringData/ELDON5_Data/Week16\ELDON5_20250428_051900.wav
1557.0,1560.0,Bartramia longicauda,Upland Sandpiper,0.0263,D:/AcousticMonitoringData/ELDON5_Data/Week16\ELDON5_20250428_051900.wav
1560.0,1563.0,Sturnella magna,Eastern Meadowlark,0.0507,D:/AcousticMonitoringData/ELDON5_Data/Week16\ELDON5_20250428_051900.wav
1563.0,1566.0,Sturnella magna,Eastern Meadowlark,0.0292,D:/AcousticMonitoringData/ELDON5_Data/Week16\ELDON5_20250428_051900.wav
1563.0,1566.0,Passerina caerulea,Blue Grosbeak,0.0145,D:/AcousticMonitoringData/ELDON5_Data/Week16\ELDON5_20250428_051900.wav
1563.0,1566.0,Spizella pusilla,Field Sparrow,0.0130,D:/AcousticMonitoringData/ELDON5_Data/Week16\ELDON5_20250428_051900.wav
1566.0,1569.0,Sturnella magna,Eastern Meadowlark,0.2344,D:/AcousticMonitoringData/ELDON5_Data/Week16\ELDON5_20250428_051900.wav
1566.0,1569.0,Spizella pusilla,Field Sparrow,0.0265,D:/AcousticMonitoringData/ELDON5_Data/Week16\ELDON5_20250428_051900.wav
1566.0,1569.0,Bartramia longicauda,Upland Sandpiper,0.0152,D:/AcousticMonitoringData/ELDON5_Data/Week16\ELDON5_20250428_051900.wav
1566.0,1569.0,Passerina caerulea,Blue Grosbeak,0.0106,D:/AcousticMonitoringData/ELDON5_Data/Week16\ELDON5_20250428_051900.wav
1569.0,1572.0,Sturnella magna,Eastern Meadowlark,0.0140,D:/AcousticMonitoringData/ELDON5_Data/Week16\ELDON5_20250428_051900.wav
1572.0,1575.0,Sturnella magna,Eastern Meadowlark,0.0652,D:/AcousticMonitoringData/ELDON5_Data/Week16\ELDON5_20250428_051900.wav
1575.0,1578.0,Sturnella magna,Eastern Meadowlark,0.0417,D:/AcousticMonitoringData/ELDON5_Data/Week16\ELDON5_20250428_051900.wav
1575.0,1578.0,Spizella pusilla,Field Sparrow,0.0181,D:/AcousticMonitoringData/ELDON5_Data/Week16\ELDON5_20250428_051900.wav
1578.0,1581.0,Geothlypis trichas,Common Yellowthroat,0.0308,D:/AcousticMonitoringData/ELDON5_Data/Week16\ELDON5_20250428_051900.wav
1578.0,1581.0,Sturnella magna,Eastern Meadowlark,0.0284,D:/AcousticMonitoringData/ELDON5_Data/Week16\ELDON5_20250428_051900.wav
1578.0,1581.0,Spizella pusilla,Field Sparrow,0.0136,D:/AcousticMonitoringData/ELDON5_Data/Week16\ELDON5_20250428_051900.wav
1578.0,1581.0,Melospiza melodia,Song Sparrow,0.0120,D:/AcousticMonitoringData/ELDON5_Data/Week16\ELDON5_20250428_051900.wav
1581.0,1584.0,Melospiza melodia,Song Sparrow,0.0135,D:/AcousticMonitoringData/ELDON5_Data/Week16\ELDON5_20250428_051900.wav
1581.0,1584.0,Sturnella magna,Eastern Meadowlark,0.0104,D:/AcousticMonitoringData/ELDON5_Data/Week16\ELDON5_20250428_051900.wav
1587.0,1590.0,Sturnella magna,Eastern Meadowlark,0.0141,D:/AcousticMonitoringData/ELDON5_Data/Week16\ELDON5_20250428_051900.wav
1587.0,1590.0,Bartramia longicauda,Upland Sandpiper,0.0122,D:/AcousticMonitoringData/ELDON5_Data/Week16\ELDON5_20250428_051900.wav
1587.0,1590.0,Spizella pusilla,Field Sparrow,0.0117,D:/AcousticMonitoringData/ELDON5_Data/Week16\ELDON5_20250428_051900.wav
1590.0,1593.0,Melospiza melodia,Song Sparrow,0.0402,D:/AcousticMonitoringData/ELDON5_Data/Week16\ELDON5_20250428_051900.wav
1590.0,1593.0,Sturnella magna,Eastern Meadowlark,0.0204,D:/AcousticMonitoringData/ELDON5_Data/Week16\ELDON5_20250428_051900.wav
1593.0,1596.0,Sturnella magna,Eastern Meadowlark,0.0258,D:/AcousticMonitoringData/ELDON5_Data/Week16\ELDON5_20250428_051900.wav
1596.0,1599.0,Sturnella magna,Eastern Meadowlark,0.0283,D:/AcousticMonitoringData/ELDON5_Data/Week16\ELDON5_20250428_051900.wav
1599.0,1602.0,Sturnella magna,Eastern Meadowlark,0.0548,D:/AcousticMonitoringData/ELDON5_Data/Week16\ELDON5_20250428_051900.wav
1599.0,1602.0,Melospiza melodia,Song Sparrow,0.0132,D:/AcousticMonitoringData/ELDON5_Data/Week16\ELDON5_20250428_051900.wav
1599.0,1602.0,Spizella pusilla,Field Sparrow,0.0125,D:/AcousticMonitoringData/ELDON5_Data/Week16\ELDON5_20250428_051900.wav
1599.0,1602.0,Bartramia longicauda,Upland Sandpiper,0.0104,D:/AcousticMonitoringData/ELDON5_Data/Week16\ELDON5_20250428_051900.wav
1602.0,1605.0,Sturnella magna,Eastern Meadowlark,0.0248,D:/AcousticMonitoringData/ELDON5_Data/Week16\ELDON5_20250428_051900.wav
1605.0,1608.0,Sturnella magna,Eastern Meadowlark,0.0231,D:/AcousticMonitoringData/ELDON5_Data/Week16\ELDON5_20250428_051900.wav
1608.0,1611.0,Sturnella magna,Eastern Meadowlark,0.0509,D:/AcousticMonitoringData/ELDON5_Data/Week16\ELDON5_20250428_051900.wav
1611.0,1614.0,Sturnella magna,Eastern Meadowlark,0.0268,D:/AcousticMonitoringData/ELDON5_Data/Week16\ELDON5_20250428_051900.wav
1617.0,1620.0,Sturnella magna,Eastern Meadowlark,0.0637,D:/AcousticMonitoringData/ELDON5_Data/Week16\ELDON5_20250428_051900.wav
1617.0,1620.0,Bartramia longicauda,Upland Sandpiper,0.0142,D:/AcousticMonitoringData/ELDON5_Data/Week16\ELDON5_20250428_051900.wav
1623.0,1626.0,Sturnella magna,Eastern Meadowlark,0.2962,D:/AcousticMonitoringData/ELDON5_Data/Week16\ELDON5_20250428_051900.wav
1626.0,1629.0,Sturnella magna,Eastern Meadowlark,0.1315,D:/AcousticMonitoringData/ELDON5_Data/Week16\ELDON5_20250428_051900.wav
1629.0,1632.0,Sturnella magna,Eastern Meadowlark,0.0140,D:/AcousticMonitoringData/ELDON5_Data/Week16\ELDON5_20250428_051900.wav
1632.0,1635.0,Sturnella magna,Eastern Meadowlark,0.2027,D:/AcousticMonitoringData/ELDON5_Data/Week16\ELDON5_20250428_051900.wav
1632.0,1635.0,Bartramia longicauda,Upland Sandpiper,0.0119,D:/AcousticMonitoringData/ELDON5_Data/Week16\ELDON5_20250428_051900.wav
1635.0,1638.0,Sturnella magna,Eastern Meadowlark,0.0633,D:/AcousticMonitoringData/ELDON5_Data/Week16\ELDON5_20250428_051900.wav
1635.0,1638.0,Spizella pusilla,Field Sparrow,0.0107,D:/AcousticMonitoringData/ELDON5_Data/Week16\ELDON5_20250428_051900.wav
1635.0,1638.0,Bartramia longicauda,Upland Sandpiper,0.0100,D:/AcousticMonitoringData/ELDON5_Data/Week16\ELDON5_20250428_051900.wav
1638.0,1641.0,Sturnella magna,Eastern Meadowlark,0.0668,D:/AcousticMonitoringData/ELDON5_Data/Week16\ELDON5_20250428_051900.wav
1638.0,1641.0,Spizella pusilla,Field Sparrow,0.0172,D:/AcousticMonitoringData/ELDON5_Data/Week16\ELDON5_20250428_051900.wav
1638.0,1641.0,Bartramia longicauda,Upland Sandpiper,0.0111,D:/AcousticMonitoringData/ELDON5_Data/Week16\ELDON5_20250428_051900.wav
1641.0,1644.0,Sturnella magna,Eastern Meadowlark,0.0300,D:/AcousticMonitoringData/ELDON5_Data/Week16\ELDON5_20250428_051900.wav
1647.0,1650.0,Sturnella magna,Eastern Meadowlark,0.1111,D:/AcousticMonitoringData/ELDON5_Data/Week16\ELDON5_20250428_051900.wav
1647.0,1650.0,Spizella pusilla,Field Sparrow,0.0109,D:/AcousticMonitoringData/ELDON5_Data/Week16\ELDON5_20250428_051900.wav
1650.0,1653.0,Sturnella magna,Eastern Meadowlark,0.0191,D:/AcousticMonitoringData/ELDON5_Data/Week16\ELDON5_20250428_051900.wav
1650.0,1653.0,Spizella pusilla,Field Sparrow,0.0190,D:/AcousticMonitoringData/ELDON5_Data/Week16\ELDON5_20250428_051900.wav
1650.0,1653.0,Geothlypis trichas,Common Yellowthroat,0.0121,D:/AcousticMonitoringData/ELDON5_Data/Week16\ELDON5_20250428_051900.wav
1653.0,1656.0,Sturnella magna,Eastern Meadowlark,0.0190,D:/AcousticMonitoringData/ELDON5_Data/Week16\ELDON5_20250428_051900.wav
1656.0,1659.0,Sturnella magna,Eastern Meadowlark,0.0262,D:/AcousticMonitoringData/ELDON5_Data/Week16\ELDON5_20250428_051900.wav
1656.0,1659.0,Spizella pusilla,Field Sparrow,0.0218,D:/AcousticMonitoringData/ELDON5_Data/Week16\ELDON5_20250428_051900.wav
1659.0,1662.0,Sturnella magna,Eastern Meadowlark,0.0352,D:/AcousticMonitoringData/ELDON5_Data/Week16\ELDON5_20250428_051900.wav
1662.0,1665.0,Sturnella magna,Eastern Meadowlark,0.1015,D:/AcousticMonitoringData/ELDON5_Data/Week16\ELDON5_20250428_051900.wav
1662.0,1665.0,Bartramia longicauda,Upland Sandpiper,0.0132,D:/AcousticMonitoringData/ELDON5_Data/Week16\ELDON5_20250428_051900.wav
1665.0,1668.0,Sturnella magna,Eastern Meadowlark,0.0167,D:/AcousticMonitoringData/ELDON5_Data/Week16\ELDON5_20250428_051900.wav
1668.0,1671.0,Sturnella magna,Eastern Meadowlark,0.0415,D:/AcousticMonitoringData/ELDON5_Data/Week16\ELDON5_20250428_051900.wav
1671.0,1674.0,Sturnella magna,Eastern Meadowlark,0.0947,D:/AcousticMonitoringData/ELDON5_Data/Week16\ELDON5_20250428_051900.wav
1671.0,1674.0,Geothlypis trichas,Common Yellowthroat,0.0118,D:/AcousticMonitoringData/ELDON5_Data/Week16\ELDON5_20250428_051900.wav
1674.0,1677.0,Melospiza melodia,Song Sparrow,0.0218,D:/AcousticMonitoringData/ELDON5_Data/Week16\ELDON5_20250428_051900.wav
1674.0,1677.0,Geothlypis trichas,Common Yellowthroat,0.0217,D:/AcousticMonitoringData/ELDON5_Data/Week16\ELDON5_20250428_051900.wav
1674.0,1677.0,Spizella pusilla,Field Sparrow,0.0108,D:/AcousticMonitoringData/ELDON5_Data/Week16\ELDON5_20250428_051900.wav
1677.0,1680.0,Sturnella magna,Eastern Meadowlark,0.0841,D:/AcousticMonitoringData/ELDON5_Data/Week16\ELDON5_20250428_051900.wav
1677.0,1680.0,Spizella pusilla,Field Sparrow,0.0109,D:/AcousticMonitoringData/ELDON5_Data/Week16\ELDON5_20250428_051900.wav
1680.0,1683.0,Sturnella magna,Eastern Meadowlark,0.0147,D:/AcousticMonitoringData/ELDON5_Data/Week16\ELDON5_20250428_051900.wav
1683.0,1686.0,Sturnella magna,Eastern Meadowlark,0.0625,D:/AcousticMonitoringData/ELDON5_Data/Week16\ELDON5_20250428_051900.wav
1689.0,1692.0,Sturnella magna,Eastern Meadowlark,0.3284,D:/AcousticMonitoringData/ELDON5_Data/Week16\ELDON5_20250428_051900.wav
1689.0,1692.0,Spizella pusilla,Field Sparrow,0.0379,D:/AcousticMonitoringData/ELDON5_Data/Week16\ELDON5_20250428_051900.wav
1695.0,1698.0,Sturnella magna,Eastern Meadowlark,0.0209,D:/AcousticMonitoringData/ELDON5_Data/Week16\ELDON5_20250428_051900.wav
1698.0,1701.0,Sturnella magna,Eastern Meadowlark,0.0141,D:/AcousticMonitoringData/ELDON5_Data/Week16\ELDON5_20250428_051900.wav
1698.0,1701.0,Geothlypis trichas,Common Yellowthroat,0.0116,D:/AcousticMonitoringData/ELDON5_Data/Week16\ELDON5_20250428_051900.wav
1704.0,1707.0,Sturnella magna,Eastern Meadowlark,0.1336,D:/AcousticMonitoringData/ELDON5_Data/Week16\ELDON5_20250428_051900.wav
1704.0,1707.0,Bartramia longicauda,Upland Sandpiper,0.0115,D:/AcousticMonitoringData/ELDON5_Data/Week16\ELDON5_20250428_051900.wav
1707.0,1710.0,Sturnella magna,Eastern Meadowlark,0.0637,D:/AcousticMonitoringData/ELDON5_Data/Week16\ELDON5_20250428_051900.wav
1710.0,1713.0,Sturnella magna,Eastern Meadowlark,0.0217,D:/AcousticMonitoringData/ELDON5_Data/Week16\ELDON5_20250428_051900.wav
1716.0,1719.0,Sturnella magna,Eastern Meadowlark,0.2716,D:/AcousticMonitoringData/ELDON5_Data/Week16\ELDON5_20250428_051900.wav
1716.0,1719.0,Geothlypis trichas,Common Yellowthroat,0.0309,D:/AcousticMonitoringData/ELDON5_Data/Week16\ELDON5_20250428_051900.wav
1716.0,1719.0,Spizella pusilla,Field Sparrow,0.0220,D:/AcousticMonitoringData/ELDON5_Data/Week16\ELDON5_20250428_051900.wav
1716.0,1719.0,Melospiza melodia,Song Sparrow,0.0109,D:/AcousticMonitoringData/ELDON5_Data/Week16\ELDON5_20250428_051900.wav
1719.0,1722.0,Sturnella magna,Eastern Meadowlark,0.2735,D:/AcousticMonitoringData/ELDON5_Data/Week16\ELDON5_20250428_051900.wav
1719.0,1722.0,Spizella pusilla,Field Sparrow,0.0105,D:/AcousticMonitoringData/ELDON5_Data/Week16\ELDON5_20250428_051900.wav
1722.0,1725.0,Sturnella magna,Eastern Meadowlark,0.0169,D:/AcousticMonitoringData/ELDON5_Data/Week16\ELDON5_20250428_051900.wav
1725.0,1728.0,Sturnella magna,Eastern Meadowlark,0.0106,D:/AcousticMonitoringData/ELDON5_Data/Week16\ELDON5_20250428_051900.wav
1728.0,1731.0,Sturnella magna,Eastern Meadowlark,0.0360,D:/AcousticMonitoringData/ELDON5_Data/Week16\ELDON5_20250428_051900.wav
1728.0,1731.0,Spizella pusilla,Field Sparrow,0.0330,D:/AcousticMonitoringData/ELDON5_Data/Week16\ELDON5_20250428_051900.wav
1728.0,1731.0,Passerina caerulea,Blue Grosbeak,0.0133,D:/AcousticMonitoringData/ELDON5_Data/Week16\ELDON5_20250428_051900.wav
1728.0,1731.0,Geothlypis trichas,Common Yellowthroat,0.0101,D:/AcousticMonitoringData/ELDON5_Data/Week16\ELDON5_20250428_051900.wav
1731.0,1734.0,Sturnella magna,Eastern Meadowlark,0.2571,D:/AcousticMonitoringData/ELDON5_Data/Week16\ELDON5_20250428_051900.wav
1731.0,1734.0,Spizella pusilla,Field Sparrow,0.0368,D:/AcousticMonitoringData/ELDON5_Data/Week16\ELDON5_20250428_051900.wav
1731.0,1734.0,Melospiza melodia,Song Sparrow,0.0172,D:/AcousticMonitoringData/ELDON5_Data/Week16\ELDON5_20250428_051900.wav
1731.0,1734.0,Geothlypis trichas,Common Yellowthroat,0.0130,D:/AcousticMonitoringData/ELDON5_Data/Week16\ELDON5_20250428_051900.wav
1734.0,1737.0,Sturnella magna,Eastern Meadowlark,0.0240,D:/AcousticMonitoringData/ELDON5_Data/Week16\ELDON5_20250428_051900.wav
1737.0,1740.0,Sturnella magna,Eastern Meadowlark,0.0751,D:/AcousticMonitoringData/ELDON5_Data/Week16\ELDON5_20250428_051900.wav
1740.0,1743.0,Spizella pusilla,Field Sparrow,0.0451,D:/AcousticMonitoringData/ELDON5_Data/Week16\ELDON5_20250428_051900.wav
1740.0,1743.0,Sturnella magna,Eastern Meadowlark,0.0174,D:/AcousticMonitoringData/ELDON5_Data/Week16\ELDON5_20250428_051900.wav
1743.0,1746.0,Sturnella magna,Eastern Meadowlark,0.1162,D:/AcousticMonitoringData/ELDON5_Data/Week16\ELDON5_20250428_051900.wav
1749.0,1752.0,Sturnella magna,Eastern Meadowlark,0.0666,D:/AcousticMonitoringData/ELDON5_Data/Week16\ELDON5_20250428_051900.wav
1752.0,1755.0,Sturnella magna,Eastern Meadowlark,0.0120,D:/AcousticMonitoringData/ELDON5_Data/Week16\ELDON5_20250428_051900.wav
1752.0,1755.0,Spizella pusilla,Field Sparrow,0.0101,D:/AcousticMonitoringData/ELDON5_Data/Week16\ELDON5_20250428_051900.wav
1755.0,1758.0,Sturnella magna,Eastern Meadowlark,0.0237,D:/AcousticMonitoringData/ELDON5_Data/Week16\ELDON5_20250428_051900.wav
1761.0,1764.0,Sturnella magna,Eastern Meadowlark,0.0257,D:/AcousticMonitoringData/ELDON5_Data/Week16\ELDON5_20250428_051900.wav
1764.0,1767.0,Sturnella magna,Eastern Meadowlark,0.0108,D:/AcousticMonitoringData/ELDON5_Data/Week16\ELDON5_20250428_051900.wav
1767.0,1770.0,Sturnella magna,Eastern Meadowlark,0.2589,D:/AcousticMonitoringData/ELDON5_Data/Week16\ELDON5_20250428_051900.wav
1767.0,1770.0,Spizella pusilla,Field Sparrow,0.0104,D:/AcousticMonitoringData/ELDON5_Data/Week16\ELDON5_20250428_051900.wav
1770.0,1773.0,Sturnella magna,Eastern Meadowlark,0.0124,D:/AcousticMonitoringData/ELDON5_Data/Week16\ELDON5_20250428_051900.wav
1779.0,1782.0,Sturnella magna,Eastern Meadowlark,0.0318,D:/AcousticMonitoringData/ELDON5_Data/Week16\ELDON5_20250428_051900.wav
1782.0,1785.0,Sturnella magna,Eastern Meadowlark,0.6388,D:/AcousticMonitoringData/ELDON5_Data/Week16\ELDON5_20250428_051900.wav
1782.0,1785.0,Spizella pusilla,Field Sparrow,0.0157,D:/AcousticMonitoringData/ELDON5_Data/Week16\ELDON5_20250428_051900.wav
1785.0,1788.0,Sturnella magna,Eastern Meadowlark,0.0166,D:/AcousticMonitoringData/ELDON5_Data/Week16\ELDON5_20250428_051900.wav
1788.0,1791.0,Sturnella magna,Eastern Meadowlark,0.0353,D:/AcousticMonitoringData/ELDON5_Data/Week16\ELDON5_20250428_051900.wav
1788.0,1791.0,Spizella pusilla,Field Sparrow,0.0102,D:/AcousticMonitoringData/ELDON5_Data/Week16\ELDON5_20250428_051900.wav
1791.0,1794.0,Sturnella magna,Eastern Meadowlark,0.1005,D:/AcousticMonitoringData/ELDON5_Data/Week16\ELDON5_20250428_051900.wav
1791.0,1794.0,Spizella pusilla,Field Sparrow,0.0321,D:/AcousticMonitoringData/ELDON5_Data/Week16\ELDON5_20250428_051900.wav
1791.0,1794.0,Passerina caerulea,Blue Grosbeak,0.0139,D:/AcousticMonitoringData/ELDON5_Data/Week16\ELDON5_20250428_051900.wav
1794.0,1797.0,Sturnella magna,Eastern Meadowlark,0.0213,D:/AcousticMonitoringData/ELDON5_Data/Week16\ELDON5_20250428_051900.wav
1797.0,1800.0,Sturnella magna,Eastern Meadowlark,0.0219,D:/AcousticMonitoringData/ELDON5_Data/Week16\ELDON5_20250428_051900.wav
1800.0,1803.0,Sturnella magna,Eastern Meadowlark,0.0102,D:/AcousticMonitoringData/ELDON5_Data/Week16\ELDON5_20250428_051900.wav
1803.0,1806.0,Spizella pusilla,Field Sparrow,0.0291,D:/AcousticMonitoringData/ELDON5_Data/Week16\ELDON5_20250428_051900.wav
1803.0,1806.0,Sturnella magna,Eastern Meadowlark,0.0149,D:/AcousticMonitoringData/ELDON5_Data/Week16\ELDON5_20250428_051900.wav
1806.0,1809.0,Sturnella magna,Eastern Meadowlark,0.0304,D:/AcousticMonitoringData/ELDON5_Data/Week16\ELDON5_20250428_051900.wav
1812.0,1815.0,Sturnella magna,Eastern Meadowlark,0.0177,D:/AcousticMonitoringData/ELDON5_Data/Week16\ELDON5_20250428_051900.wav
1815.0,1818.0,Sturnella magna,Eastern Meadowlark,0.0516,D:/AcousticMonitoringData/ELDON5_Data/Week16\ELDON5_20250428_051900.wav
1815.0,1818.0,Passerina caerulea,Blue Grosbeak,0.0243,D:/AcousticMonitoringData/ELDON5_Data/Week16\ELDON5_20250428_051900.wav
1815.0,1818.0,Spizella pusilla,Field Sparrow,0.0216,D:/AcousticMonitoringData/ELDON5_Data/Week16\ELDON5_20250428_051900.wav
1821.0,1824.0,Sturnella magna,Eastern Meadowlark,0.0449,D:/AcousticMonitoringData/ELDON5_Data/Week16\ELDON5_20250428_051900.wav
1821.0,1824.0,Spizella pusilla,Field Sparrow,0.0137,D:/AcousticMonitoringData/ELDON5_Data/Week16\ELDON5_20250428_051900.wav
1827.0,1830.0,Sturnella magna,Eastern Meadowlark,0.0103,D:/AcousticMonitoringData/ELDON5_Data/Week16\ELDON5_20250428_051900.wav
1830.0,1833.0,Sturnella magna,Eastern Meadowlark,0.0370,D:/AcousticMonitoringData/ELDON5_Data/Week16\ELDON5_20250428_051900.wav
1830.0,1833.0,Spizella pusilla,Field Sparrow,0.0364,D:/AcousticMonitoringData/ELDON5_Data/Week16\ELDON5_20250428_051900.wav
1830.0,1833.0,Geothlypis trichas,Common Yellowthroat,0.0166,D:/AcousticMonitoringData/ELDON5_Data/Week16\ELDON5_20250428_051900.wav
1833.0,1836.0,Sturnella magna,Eastern Meadowlark,0.0384,D:/AcousticMonitoringData/ELDON5_Data/Week16\ELDON5_20250428_051900.wav
1836.0,1839.0,Sturnella magna,Eastern Meadowlark,0.0124,D:/AcousticMonitoringData/ELDON5_Data/Week16\ELDON5_20250428_051900.wav
1839.0,1842.0,Sturnella magna,Eastern Meadowlark,0.2846,D:/AcousticMonitoringData/ELDON5_Data/Week16\ELDON5_20250428_051900.wav
1842.0,1845.0,Sturnella magna,Eastern Meadowlark,0.2648,D:/AcousticMonitoringData/ELDON5_Data/Week16\ELDON5_20250428_051900.wav
1842.0,1845.0,Spizella pusilla,Field Sparrow,0.0111,D:/AcousticMonitoringData/ELDON5_Data/Week16\ELDON5_20250428_051900.wav
1848.0,1851.0,Sturnella magna,Eastern Meadowlark,0.2962,D:/AcousticMonitoringData/ELDON5_Data/Week16\ELDON5_20250428_051900.wav
1848.0,1851.0,Spizella pusilla,Field Sparrow,0.0224,D:/AcousticMonitoringData/ELDON5_Data/Week16\ELDON5_20250428_051900.wav
1848.0,1851.0,Geothlypis trichas,Common Yellowthroat,0.0202,D:/AcousticMonitoringData/ELDON5_Data/Week16\ELDON5_20250428_051900.wav
1851.0,1854.0,Sturnella magna,Eastern Meadowlark,0.1850,D:/AcousticMonitoringData/ELDON5_Data/Week16\ELDON5_20250428_051900.wav
1851.0,1854.0,Spizella pusilla,Field Sparrow,0.0263,D:/AcousticMonitoringData/ELDON5_Data/Week16\ELDON5_20250428_051900.wav
1857.0,1860.0,Spizella pusilla,Field Sparrow,0.0296,D:/AcousticMonitoringData/ELDON5_Data/Week16\ELDON5_20250428_051900.wav
1857.0,1860.0,Passerina caerulea,Blue Grosbeak,0.0143,D:/AcousticMonitoringData/ELDON5_Data/Week16\ELDON5_20250428_051900.wav
1860.0,1863.0,Sturnella magna,Eastern Meadowlark,0.6339,D:/AcousticMonitoringData/ELDON5_Data/Week16\ELDON5_20250428_051900.wav
1869.0,1872.0,Sturnella magna,Eastern Meadowlark,0.0693,D:/AcousticMonitoringData/ELDON5_Data/Week16\ELDON5_20250428_051900.wav
1878.0,1881.0,Sturnella magna,Eastern Meadowlark,0.0133,D:/AcousticMonitoringData/ELDON5_Data/Week16\ELDON5_20250428_051900.wav
1881.0,1884.0,Sturnella magna,Eastern Meadowlark,0.0142,D:/AcousticMonitoringData/ELDON5_Data/Week16\ELDON5_20250428_051900.wav
1884.0,1887.0,Sturnella magna,Eastern Meadowlark,0.0194,D:/AcousticMonitoringData/ELDON5_Data/Week16\ELDON5_20250428_051900.wav
1887.0,1890.0,Sturnella magna,Eastern Meadowlark,0.0298,D:/AcousticMonitoringData/ELDON5_Data/Week16\ELDON5_20250428_051900.wav
1887.0,1890.0,Spizella pusilla,Field Sparrow,0.0246,D:/AcousticMonitoringData/ELDON5_Data/Week16\ELDON5_20250428_051900.wav
1887.0,1890.0,Passerina caerulea,Blue Grosbeak,0.0168,D:/AcousticMonitoringData/ELDON5_Data/Week16\ELDON5_20250428_051900.wav
1890.0,1893.0,Sturnella magna,Eastern Meadowlark,0.4971,D:/AcousticMonitoringData/ELDON5_Data/Week16\ELDON5_20250428_051900.wav
1893.0,1896.0,Sturnella magna,Eastern Meadowlark,0.0120,D:/AcousticMonitoringData/ELDON5_Data/Week16\ELDON5_20250428_051900.wav
1896.0,1899.0,Sturnella magna,Eastern Meadowlark,0.0319,D:/AcousticMonitoringData/ELDON5_Data/Week16\ELDON5_20250428_051900.wav
1899.0,1902.0,Spizella pusilla,Field Sparrow,0.0251,D:/AcousticMonitoringData/ELDON5_Data/Week16\ELDON5_20250428_051900.wav
1899.0,1902.0,Sturnella magna,Eastern Meadowlark,0.0211,D:/AcousticMonitoringData/ELDON5_Data/Week16\ELDON5_20250428_051900.wav
1902.0,1905.0,Sturnella magna,Eastern Meadowlark,0.0105,D:/AcousticMonitoringData/ELDON5_Data/Week16\ELDON5_20250428_051900.wav
1905.0,1908.0,Sturnella magna,Eastern Meadowlark,0.0395,D:/AcousticMonitoringData/ELDON5_Data/Week16\ELDON5_20250428_051900.wav
1905.0,1908.0,Spizella pusilla,Field Sparrow,0.0274,D:/AcousticMonitoringData/ELDON5_Data/Week16\ELDON5_20250428_051900.wav
1905.0,1908.0,Passerina caerulea,Blue Grosbeak,0.0103,D:/AcousticMonitoringData/ELDON5_Data/Week16\ELDON5_20250428_051900.wav
1908.0,1911.0,Sturnella magna,Eastern Meadowlark,0.1116,D:/AcousticMonitoringData/ELDON5_Data/Week16\ELDON5_20250428_051900.wav
1911.0,1914.0,Sturnella magna,Eastern Meadowlark,0.0239,D:/AcousticMonitoringData/ELDON5_Data/Week16\ELDON5_20250428_051900.wav
1914.0,1917.0,Sturnella magna,Eastern Meadowlark,0.0246,D:/AcousticMonitoringData/ELDON5_Data/Week16\ELDON5_20250428_051900.wav
1917.0,1920.0,Spizella pusilla,Field Sparrow,0.0373,D:/AcousticMonitoringData/ELDON5_Data/Week16\ELDON5_20250428_051900.wav
1917.0,1920.0,Sturnella magna,Eastern Meadowlark,0.0276,D:/AcousticMonitoringData/ELDON5_Data/Week16\ELDON5_20250428_051900.wav
1920.0,1923.0,Sturnella magna,Eastern Meadowlark,0.0424,D:/AcousticMonitoringData/ELDON5_Data/Week16\ELDON5_20250428_051900.wav
1920.0,1923.0,Spizella pusilla,Field Sparrow,0.0314,D:/AcousticMonitoringData/ELDON5_Data/Week16\ELDON5_20250428_051900.wav
1920.0,1923.0,Passerina caerulea,Blue Grosbeak,0.0218,D:/AcousticMonitoringData/ELDON5_Data/Week16\ELDON5_20250428_051900.wav
1926.0,1929.0,Sturnella magna,Eastern Meadowlark,0.1012,D:/AcousticMonitoringData/ELDON5_Data/Week16\ELDON5_20250428_051900.wav
1926.0,1929.0,Spizella pusilla,Field Sparrow,0.0223,D:/AcousticMonitoringData/ELDON5_Data/Week16\ELDON5_20250428_051900.wav
1929.0,1932.0,Sturnella magna,Eastern Meadowlark,0.0274,D:/AcousticMonitoringData/ELDON5_Data/Week16\ELDON5_20250428_051900.wav
1929.0,1932.0,Spizella pusilla,Field Sparrow,0.0238,D:/AcousticMonitoringData/ELDON5_Data/Week16\ELDON5_20250428_051900.wav
1932.0,1935.0,Sturnella magna,Eastern Meadowlark,0.0131,D:/AcousticMonitoringData/ELDON5_Data/Week16\ELDON5_20250428_051900.wav
1935.0,1938.0,Sturnella magna,Eastern Meadowlark,0.0101,D:/AcousticMonitoringData/ELDON5_Data/Week16\ELDON5_20250428_051900.wav
1938.0,1941.0,Sturnella magna,Eastern Meadowlark,0.0366,D:/AcousticMonitoringData/ELDON5_Data/Week16\ELDON5_20250428_051900.wav
1938.0,1941.0,Spizella pusilla,Field Sparrow,0.0152,D:/AcousticMonitoringData/ELDON5_Data/Week16\ELDON5_20250428_051900.wav
1941.0,1944.0,Sturnella magna,Eastern Meadowlark,0.0111,D:/AcousticMonitoringData/ELDON5_Data/Week16\ELDON5_20250428_051900.wav
1944.0,1947.0,Sturnella magna,Eastern Meadowlark,0.0127,D:/AcousticMonitoringData/ELDON5_Data/Week16\ELDON5_20250428_051900.wav
1947.0,1950.0,Spizella pusilla,Field Sparrow,0.0502,D:/AcousticMonitoringData/ELDON5_Data/Week16\ELDON5_20250428_051900.wav
1947.0,1950.0,Sturnella magna,Eastern Meadowlark,0.0178,D:/AcousticMonitoringData/ELDON5_Data/Week16\ELDON5_20250428_051900.wav
1953.0,1956.0,Sturnella magna,Eastern Meadowlark,0.0214,D:/AcousticMonitoringData/ELDON5_Data/Week16\ELDON5_20250428_051900.wav
1956.0,1959.0,Spizella pusilla,Field Sparrow,0.0396,D:/AcousticMonitoringData/ELDON5_Data/Week16\ELDON5_20250428_051900.wav
1956.0,1959.0,Sturnella magna,Eastern Meadowlark,0.0241,D:/AcousticMonitoringData/ELDON5_Data/Week16\ELDON5_20250428_051900.wav
1959.0,1962.0,Sturnella magna,Eastern Meadowlark,0.0226,D:/AcousticMonitoringData/ELDON5_Data/Week16\ELDON5_20250428_051900.wav
1971.0,1974.0,Sturnella magna,Eastern Meadowlark,0.0468,D:/AcousticMonitoringData/ELDON5_Data/Week16\ELDON5_20250428_051900.wav
1971.0,1974.0,Spizella pusilla,Field Sparrow,0.0164,D:/AcousticMonitoringData/ELDON5_Data/Week16\ELDON5_20250428_051900.wav
1977.0,1980.0,Spizella pusilla,Field Sparrow,0.0106,D:/AcousticMonitoringData/ELDON5_Data/Week16\ELDON5_20250428_051900.wav
1980.0,1983.0,Spizella pusilla,Field Sparrow,0.0127,D:/AcousticMonitoringData/ELDON5_Data/Week16\ELDON5_20250428_051900.wav
1980.0,1983.0,Sturnella magna,Eastern Meadowlark,0.0114,D:/AcousticMonitoringData/ELDON5_Data/Week16\ELDON5_20250428_051900.wav
1980.0,1983.0,Passerina caerulea,Blue Grosbeak,0.0105,D:/AcousticMonitoringData/ELDON5_Data/Week16\ELDON5_20250428_051900.wav
1986.0,1989.0,Sturnella magna,Eastern Meadowlark,0.0112,D:/AcousticMonitoringData/ELDON5_Data/Week16\ELDON5_20250428_051900.wav
1989.0,1992.0,Sturnella magna,Eastern Meadowlark,0.0394,D:/AcousticMonitoringData/ELDON5_Data/Week16\ELDON5_20250428_051900.wav
1989.0,1992.0,Spizella pusilla,Field Sparrow,0.0164,D:/AcousticMonitoringData/ELDON5_Data/Week16\ELDON5_20250428_051900.wav
1992.0,1995.0,Sturnella magna,Eastern Meadowlark,0.0309,D:/AcousticMonitoringData/ELDON5_Data/Week16\ELDON5_20250428_051900.wav
1995.0,1998.0,Sturnella magna,Eastern Meadowlark,0.0110,D:/AcousticMonitoringData/ELDON5_Data/Week16\ELDON5_20250428_051900.wav
1998.0,2001.0,Sturnella magna,Eastern Meadowlark,0.0327,D:/AcousticMonitoringData/ELDON5_Data/Week16\ELDON5_20250428_051900.wav
1998.0,2001.0,Spizella pusilla,Field Sparrow,0.0267,D:/AcousticMonitoringData/ELDON5_Data/Week16\ELDON5_20250428_051900.wav
1998.0,2001.0,Passerina caerulea,Blue Grosbeak,0.0141,D:/AcousticMonitoringData/ELDON5_Data/Week16\ELDON5_20250428_051900.wav
1998.0,2001.0,Geothlypis trichas,Common Yellowthroat,0.0111,D:/AcousticMonitoringData/ELDON5_Data/Week16\ELDON5_20250428_051900.wav
2001.0,2004.0,Sturnella magna,Eastern Meadowlark,0.0129,D:/AcousticMonitoringData/ELDON5_Data/Week16\ELDON5_20250428_051900.wav
2013.0,2016.0,Spizella pusilla,Field Sparrow,0.0684,D:/AcousticMonitoringData/ELDON5_Data/Week16\ELDON5_20250428_051900.wav
2013.0,2016.0,Sturnella magna,Eastern Meadowlark,0.0175,D:/AcousticMonitoringData/ELDON5_Data/Week16\ELDON5_20250428_051900.wav
2019.0,2022.0,Sturnella magna,Eastern Meadowlark,0.0136,D:/AcousticMonitoringData/ELDON5_Data/Week16\ELDON5_20250428_051900.wav
2022.0,2025.0,Spizella pusilla,Field Sparrow,0.0571,D:/AcousticMonitoringData/ELDON5_Data/Week16\ELDON5_20250428_051900.wav
2034.0,2037.0,Sturnella magna,Eastern Meadowlark,0.0198,D:/AcousticMonitoringData/ELDON5_Data/Week16\ELDON5_20250428_051900.wav
2034.0,2037.0,Spizella pusilla,Field Sparrow,0.0143,D:/AcousticMonitoringData/ELDON5_Data/Week16\ELDON5_20250428_051900.wav
2037.0,2040.0,Sturnella magna,Eastern Meadowlark,0.0187,D:/AcousticMonitoringData/ELDON5_Data/Week16\ELDON5_20250428_051900.wav
2040.0,2043.0,Sturnella magna,Eastern Meadowlark,0.0153,D:/AcousticMonitoringData/ELDON5_Data/Week16\ELDON5_20250428_051900.wav
2043.0,2046.0,Spizella pusilla,Field Sparrow,0.0231,D:/AcousticMonitoringData/ELDON5_Data/Week16\ELDON5_20250428_051900.wav
2049.0,2052.0,Sturnella magna,Eastern Meadowlark,0.0136,D:/AcousticMonitoringData/ELDON5_Data/Week16\ELDON5_20250428_051900.wav
2052.0,2055.0,Sturnella magna,Eastern Meadowlark,0.0199,D:/AcousticMonitoringData/ELDON5_Data/Week16\ELDON5_20250428_051900.wav
2055.0,2058.0,Sturnella magna,Eastern Meadowlark,0.0666,D:/AcousticMonitoringData/ELDON5_Data/Week16\ELDON5_20250428_051900.wav
2055.0,2058.0,Spizella pusilla,Field Sparrow,0.0101,D:/AcousticMonitoringData/ELDON5_Data/Week16\ELDON5_20250428_051900.wav
2061.0,2064.0,Spizella pusilla,Field Sparrow,0.0216,D:/AcousticMonitoringData/ELDON5_Data/Week16\ELDON5_20250428_051900.wav
2064.0,2067.0,Sturnella magna,Eastern Meadowlark,0.0247,D:/AcousticMonitoringData/ELDON5_Data/Week16\ELDON5_20250428_051900.wav
2070.0,2073.0,Sturnella magna,Eastern Meadowlark,0.0176,D:/AcousticMonitoringData/ELDON5_Data/Week16\ELDON5_20250428_051900.wav
2073.0,2076.0,Sturnella magna,Eastern Meadowlark,0.0133,D:/AcousticMonitoringData/ELDON5_Data/Week16\ELDON5_20250428_051900.wav
2076.0,2079.0,Sturnella magna,Eastern Meadowlark,0.0393,D:/AcousticMonitoringData/ELDON5_Data/Week16\ELDON5_20250428_051900.wav
2076.0,2079.0,Spizella pusilla,Field Sparrow,0.0376,D:/AcousticMonitoringData/ELDON5_Data/Week16\ELDON5_20250428_051900.wav
2076.0,2079.0,Passerina caerulea,Blue Grosbeak,0.0108,D:/AcousticMonitoringData/ELDON5_Data/Week16\ELDON5_20250428_051900.wav
2082.0,2085.0,Sturnella magna,Eastern Meadowlark,0.0475,D:/AcousticMonitoringData/ELDON5_Data/Week16\ELDON5_20250428_051900.wav
2082.0,2085.0,Spizella pusilla,Field Sparrow,0.0108,D:/AcousticMonitoringData/ELDON5_Data/Week16\ELDON5_20250428_051900.wav
2085.0,2088.0,Spizella pusilla,Field Sparrow,0.0275,D:/AcousticMonitoringData/ELDON5_Data/Week16\ELDON5_20250428_051900.wav
2085.0,2088.0,Sturnella magna,Eastern Meadowlark,0.0257,D:/AcousticMonitoringData/ELDON5_Data/Week16\ELDON5_20250428_051900.wav
2085.0,2088.0,Passerina caerulea,Blue Grosbeak,0.0102,D:/AcousticMonitoringData/ELDON5_Data/Week16\ELDON5_20250428_051900.wav
2091.0,2094.0,Sturnella magna,Eastern Meadowlark,0.0117,D:/AcousticMonitoringData/ELDON5_Data/Week16\ELDON5_20250428_051900.wav
2097.0,2100.0,Spizella pusilla,Field Sparrow,0.0644,D:/AcousticMonitoringData/ELDON5_Data/Week16\ELDON5_20250428_051900.wav
2097.0,2100.0,Sturnella magna,Eastern Meadowlark,0.0144,D:/AcousticMonitoringData/ELDON5_Data/Week16\ELDON5_20250428_051900.wav
2100.0,2103.0,Sturnella magna,Eastern Meadowlark,0.0318,D:/AcousticMonitoringData/ELDON5_Data/Week16\ELDON5_20250428_051900.wav
2103.0,2106.0,Sturnella magna,Eastern Meadowlark,0.0493,D:/AcousticMonitoringData/ELDON5_Data/Week16\ELDON5_20250428_051900.wav
2103.0,2106.0,Spizella pusilla,Field Sparrow,0.0160,D:/AcousticMonitoringData/ELDON5_Data/Week16\ELDON5_20250428_051900.wav
2106.0,2109.0,Sturnella magna,Eastern Meadowlark,0.1286,D:/AcousticMonitoringData/ELDON5_Data/Week16\ELDON5_20250428_051900.wav
2106.0,2109.0,Spizella pusilla,Field Sparrow,0.0107,D:/AcousticMonitoringData/ELDON5_Data/Week16\ELDON5_20250428_051900.wav
2109.0,2112.0,Sturnella magna,Eastern Meadowlark,0.2326,D:/AcousticMonitoringData/ELDON5_Data/Week16\ELDON5_20250428_051900.wav
2109.0,2112.0,Spizella pusilla,Field Sparrow,0.0499,D:/AcousticMonitoringData/ELDON5_Data/Week16\ELDON5_20250428_051900.wav
2112.0,2115.0,Sturnella magna,Eastern Meadowlark,0.0212,D:/AcousticMonitoringData/ELDON5_Data/Week16\ELDON5_20250428_051900.wav
2115.0,2118.0,Sturnella magna,Eastern Meadowlark,0.0474,D:/AcousticMonitoringData/ELDON5_Data/Week16\ELDON5_20250428_051900.wav
2115.0,2118.0,Spizella pusilla,Field Sparrow,0.0210,D:/AcousticMonitoringData/ELDON5_Data/Week16\ELDON5_20250428_051900.wav
2115.0,2118.0,Passerina caerulea,Blue Grosbeak,0.0127,D:/AcousticMonitoringData/ELDON5_Data/Week16\ELDON5_20250428_051900.wav
2118.0,2121.0,Sturnella magna,Eastern Meadowlark,0.0826,D:/AcousticMonitoringData/ELDON5_Data/Week16\ELDON5_20250428_051900.wav
2118.0,2121.0,Bartramia longicauda,Upland Sandpiper,0.0171,D:/AcousticMonitoringData/ELDON5_Data/Week16\ELDON5_20250428_051900.wav
2118.0,2121.0,Spizella pusilla,Field Sparrow,0.0158,D:/AcousticMonitoringData/ELDON5_Data/Week16\ELDON5_20250428_051900.wav
2121.0,2124.0,Sturnella magna,Eastern Meadowlark,0.0106,D:/AcousticMonitoringData/ELDON5_Data/Week16\ELDON5_20250428_051900.wav
2124.0,2127.0,Sturnella magna,Eastern Meadowlark,0.0316,D:/AcousticMonitoringData/ELDON5_Data/Week16\ELDON5_20250428_051900.wav
2127.0,2130.0,Sturnella magna,Eastern Meadowlark,0.1304,D:/AcousticMonitoringData/ELDON5_Data/Week16\ELDON5_20250428_051900.wav
2127.0,2130.0,Spizella pusilla,Field Sparrow,0.0482,D:/AcousticMonitoringData/ELDON5_Data/Week16\ELDON5_20250428_051900.wav
2130.0,2133.0,Sturnella magna,Eastern Meadowlark,0.0347,D:/AcousticMonitoringData/ELDON5_Data/Week16\ELDON5_20250428_051900.wav
2133.0,2136.0,Sturnella magna,Eastern Meadowlark,0.0167,D:/AcousticMonitoringData/ELDON5_Data/Week16\ELDON5_20250428_051900.wav
2139.0,2142.0,Sturnella magna,Eastern Meadowlark,0.0767,D:/AcousticMonitoringData/ELDON5_Data/Week16\ELDON5_20250428_051900.wav
2142.0,2145.0,Spizella pusilla,Field Sparrow,0.0253,D:/AcousticMonitoringData/ELDON5_Data/Week16\ELDON5_20250428_051900.wav
2142.0,2145.0,Sturnella magna,Eastern Meadowlark,0.0189,D:/AcousticMonitoringData/ELDON5_Data/Week16\ELDON5_20250428_051900.wav
2142.0,2145.0,Passerina caerulea,Blue Grosbeak,0.0181,D:/AcousticMonitoringData/ELDON5_Data/Week16\ELDON5_20250428_051900.wav
2148.0,2151.0,Sturnella magna,Eastern Meadowlark,0.0173,D:/AcousticMonitoringData/ELDON5_Data/Week16\ELDON5_20250428_051900.wav
2151.0,2154.0,Sturnella magna,Eastern Meadowlark,0.0284,D:/AcousticMonitoringData/ELDON5_Data/Week16\ELDON5_20250428_051900.wav
2151.0,2154.0,Passerina caerulea,Blue Grosbeak,0.0230,D:/AcousticMonitoringData/ELDON5_Data/Week16\ELDON5_20250428_051900.wav
2151.0,2154.0,Geothlypis trichas,Common Yellowthroat,0.0226,D:/AcousticMonitoringData/ELDON5_Data/Week16\ELDON5_20250428_051900.wav
2157.0,2160.0,Sturnella magna,Eastern Meadowlark,0.0181,D:/AcousticMonitoringData/ELDON5_Data/Week16\ELDON5_20250428_051900.wav
2160.0,2163.0,Sturnella magna,Eastern Meadowlark,0.0149,D:/AcousticMonitoringData/ELDON5_Data/Week16\ELDON5_20250428_051900.wav
2163.0,2166.0,Spizella pusilla,Field Sparrow,0.0464,D:/AcousticMonitoringData/ELDON5_Data/Week16\ELDON5_20250428_051900.wav
2163.0,2166.0,Sturnella magna,Eastern Meadowlark,0.0290,D:/AcousticMonitoringData/ELDON5_Data/Week16\ELDON5_20250428_051900.wav
2163.0,2166.0,Passerina caerulea,Blue Grosbeak,0.0173,D:/AcousticMonitoringData/ELDON5_Data/Week16\ELDON5_20250428_051900.wav
2163.0,2166.0,Geothlypis trichas,Common Yellowthroat,0.0111,D:/AcousticMonitoringData/ELDON5_Data/Week16\ELDON5_20250428_051900.wav
2169.0,2172.0,Spizella pusilla,Field Sparrow,0.0362,D:/AcousticMonitoringData/ELDON5_Data/Week16\ELDON5_20250428_051900.wav
2172.0,2175.0,Spizella pusilla,Field Sparrow,0.0227,D:/AcousticMonitoringData/ELDON5_Data/Week16\ELDON5_20250428_051900.wav
2172.0,2175.0,Geothlypis trichas,Common Yellowthroat,0.0196,D:/AcousticMonitoringData/ELDON5_Data/Week16\ELDON5_20250428_051900.wav
2172.0,2175.0,Sturnella magna,Eastern Meadowlark,0.0105,D:/AcousticMonitoringData/ELDON5_Data/Week16\ELDON5_20250428_051900.wav
2175.0,2178.0,Sturnella magna,Eastern Meadowlark,0.0113,D:/AcousticMonitoringData/ELDON5_Data/Week16\ELDON5_20250428_051900.wav
2181.0,2184.0,Sturnella magna,Eastern Meadowlark,0.0215,D:/AcousticMonitoringData/ELDON5_Data/Week16\ELDON5_20250428_051900.wav
2181.0,2184.0,Spizella pusilla,Field Sparrow,0.0136,D:/AcousticMonitoringData/ELDON5_Data/Week16\ELDON5_20250428_051900.wav
2190.0,2193.0,Spizella pusilla,Field Sparrow,0.0141,D:/AcousticMonitoringData/ELDON5_Data/Week16\ELDON5_20250428_051900.wav
2193.0,2196.0,Spizella pusilla,Field Sparrow,0.0200,D:/AcousticMonitoringData/ELDON5_Data/Week16\ELDON5_20250428_051900.wav
2196.0,2199.0,Sturnella magna,Eastern Meadowlark,0.0132,D:/AcousticMonitoringData/ELDON5_Data/Week16\ELDON5_20250428_051900.wav
2205.0,2208.0,Bartramia longicauda,Upland Sandpiper,0.0143,D:/AcousticMonitoringData/ELDON5_Data/Week16\ELDON5_20250428_051900.wav
2208.0,2211.0,Sturnella magna,Eastern Meadowlark,0.0206,D:/AcousticMonitoringData/ELDON5_Data/Week16\ELDON5_20250428_051900.wav
2208.0,2211.0,Spizella pusilla,Field Sparrow,0.0167,D:/AcousticMonitoringData/ELDON5_Data/Week16\ELDON5_20250428_051900.wav
2208.0,2211.0,Melospiza melodia,Song Sparrow,0.0157,D:/AcousticMonitoringData/ELDON5_Data/Week16\ELDON5_20250428_051900.wav
2208.0,2211.0,Geothlypis trichas,Common Yellowthroat,0.0128,D:/AcousticMonitoringData/ELDON5_Data/Week16\ELDON5_20250428_051900.wav
2208.0,2211.0,Passerina caerulea,Blue Grosbeak,0.0113,D:/AcousticMonitoringData/ELDON5_Data/Week16\ELDON5_20250428_051900.wav
2214.0,2217.0,Sturnella magna,Eastern Meadowlark,0.0293,D:/AcousticMonitoringData/ELDON5_Data/Week16\ELDON5_20250428_051900.wav
2217.0,2220.0,Sturnella magna,Eastern Meadowlark,0.0526,D:/AcousticMonitoringData/ELDON5_Data/Week16\ELDON5_20250428_051900.wav
2217.0,2220.0,Spizella pusilla,Field Sparrow,0.0379,D:/AcousticMonitoringData/ELDON5_Data/Week16\ELDON5_20250428_051900.wav
2226.0,2229.0,Sturnella magna,Eastern Meadowlark,0.0319,D:/AcousticMonitoringData/ELDON5_Data/Week16\ELDON5_20250428_051900.wav
2229.0,2232.0,Sturnella magna,Eastern Meadowlark,0.0157,D:/AcousticMonitoringData/ELDON5_Data/Week16\ELDON5_20250428_051900.wav
2229.0,2232.0,Spizella pusilla,Field Sparrow,0.0129,D:/AcousticMonitoringData/ELDON5_Data/Week16\ELDON5_20250428_051900.wav
2235.0,2238.0,Sturnella magna,Eastern Meadowlark,0.0133,D:/AcousticMonitoringData/ELDON5_Data/Week16\ELDON5_20250428_051900.wav
2238.0,2241.0,Geothlypis trichas,Common Yellowthroat,0.0229,D:/AcousticMonitoringData/ELDON5_Data/Week16\ELDON5_20250428_051900.wav
2238.0,2241.0,Sturnella magna,Eastern Meadowlark,0.0211,D:/AcousticMonitoringData/ELDON5_Data/Week16\ELDON5_20250428_051900.wav
2238.0,2241.0,Spizella pusilla,Field Sparrow,0.0158,D:/AcousticMonitoringData/ELDON5_Data/Week16\ELDON5_20250428_051900.wav
2238.0,2241.0,Passerina caerulea,Blue Grosbeak,0.0113,D:/AcousticMonitoringData/ELDON5_Data/Week16\ELDON5_20250428_051900.wav
2244.0,2247.0,Sturnella magna,Eastern Meadowlark,0.0143,D:/AcousticMonitoringData/ELDON5_Data/Week16\ELDON5_20250428_051900.wav
2247.0,2250.0,Geothlypis trichas,Common Yellowthroat,0.0249,D:/AcousticMonitoringData/ELDON5_Data/Week16\ELDON5_20250428_051900.wav
2247.0,2250.0,Spizella pusilla,Field Sparrow,0.0124,D:/AcousticMonitoringData/ELDON5_Data/Week16\ELDON5_20250428_051900.wav
2250.0,2253.0,Spizella pusilla,Field Sparrow,0.0227,D:/AcousticMonitoringData/ELDON5_Data/Week16\ELDON5_20250428_051900.wav
2250.0,2253.0,Sturnella magna,Eastern Meadowlark,0.0117,D:/AcousticMonitoringData/ELDON5_Data/Week16\ELDON5_20250428_051900.wav
2253.0,2256.0,Sturnella magna,Eastern Meadowlark,0.0308,D:/AcousticMonitoringData/ELDON5_Data/Week16\ELDON5_20250428_051900.wav
2259.0,2262.0,Melospiza melodia,Song Sparrow,0.0166,D:/AcousticMonitoringData/ELDON5_Data/Week16\ELDON5_20250428_051900.wav
2259.0,2262.0,Geothlypis trichas,Common Yellowthroat,0.0150,D:/AcousticMonitoringData/ELDON5_Data/Week16\ELDON5_20250428_051900.wav
2259.0,2262.0,Spizella pusilla,Field Sparrow,0.0128,D:/AcousticMonitoringData/ELDON5_Data/Week16\ELDON5_20250428_051900.wav
2262.0,2265.0,Sturnella magna,Eastern Meadowlark,0.0100,D:/AcousticMonitoringData/ELDON5_Data/Week16\ELDON5_20250428_051900.wav
2271.0,2274.0,Sturnella magna,Eastern Meadowlark,0.0179,D:/AcousticMonitoringData/ELDON5_Data/Week16\ELDON5_20250428_051900.wav
2271.0,2274.0,Spizella pusilla,Field Sparrow,0.0155,D:/AcousticMonitoringData/ELDON5_Data/Week16\ELDON5_20250428_051900.wav
2274.0,2277.0,Sturnella magna,Eastern Meadowlark,0.0191,D:/AcousticMonitoringData/ELDON5_Data/Week16\ELDON5_20250428_051900.wav
2274.0,2277.0,Geothlypis trichas,Common Yellowthroat,0.0150,D:/AcousticMonitoringData/ELDON5_Data/Week16\ELDON5_20250428_051900.wav
2274.0,2277.0,Spizella pusilla,Field Sparrow,0.0135,D:/AcousticMonitoringData/ELDON5_Data/Week16\ELDON5_20250428_051900.wav
2274.0,2277.0,Passerina caerulea,Blue Grosbeak,0.0108,D:/AcousticMonitoringData/ELDON5_Data/Week16\ELDON5_20250428_051900.wav
2280.0,2283.0,Spizella pusilla,Field Sparrow,0.0160,D:/AcousticMonitoringData/ELDON5_Data/Week16\ELDON5_20250428_051900.wav
2283.0,2286.0,Sturnella magna,Eastern Meadowlark,0.0211,D:/AcousticMonitoringData/ELDON5_Data/Week16\ELDON5_20250428_051900.wav
2283.0,2286.0,Spizella pusilla,Field Sparrow,0.0117,D:/AcousticMonitoringData/ELDON5_Data/Week16\ELDON5_20250428_051900.wav
2286.0,2289.0,Sturnella magna,Eastern Meadowlark,0.0129,D:/AcousticMonitoringData/ELDON5_Data/Week16\ELDON5_20250428_051900.wav
2292.0,2295.0,Sturnella magna,Eastern Meadowlark,0.0111,D:/AcousticMonitoringData/ELDON5_Data/Week16\ELDON5_20250428_051900.wav
2295.0,2298.0,Spizella pusilla,Field Sparrow,0.0110,D:/AcousticMonitoringData/ELDON5_Data/Week16\ELDON5_20250428_051900.wav
2298.0,2301.0,Sturnella magna,Eastern Meadowlark,0.0136,D:/AcousticMonitoringData/ELDON5_Data/Week16\ELDON5_20250428_051900.wav
2307.0,2310.0,Spizella pusilla,Field Sparrow,0.0162,D:/AcousticMonitoringData/ELDON5_Data/Week16\ELDON5_20250428_051900.wav
2313.0,2316.0,Sturnella magna,Eastern Meadowlark,0.0179,D:/AcousticMonitoringData/ELDON5_Data/Week16\ELDON5_20250428_051900.wav
2316.0,2319.0,Spizella pusilla,Field Sparrow,0.0114,D:/AcousticMonitoringData/ELDON5_Data/Week16\ELDON5_20250428_051900.wav
2319.0,2322.0,Spizella pusilla,Field Sparrow,0.0221,D:/AcousticMonitoringData/ELDON5_Data/Week16\ELDON5_20250428_051900.wav
2319.0,2322.0,Sturnella magna,Eastern Meadowlark,0.0156,D:/AcousticMonitoringData/ELDON5_Data/Week16\ELDON5_20250428_051900.wav
2319.0,2322.0,Passerina caerulea,Blue Grosbeak,0.0122,D:/AcousticMonitoringData/ELDON5_Data/Week16\ELDON5_20250428_051900.wav
2331.0,2334.0,Sturnella magna,Eastern Meadowlark,0.0111,D:/AcousticMonitoringData/ELDON5_Data/Week16\ELDON5_20250428_051900.wav
2334.0,2337.0,Sturnella magna,Eastern Meadowlark,0.0117,D:/AcousticMonitoringData/ELDON5_Data/Week16\ELDON5_20250428_051900.wav
2337.0,2340.0,Sturnella magna,Eastern Meadowlark,0.0204,D:/AcousticMonitoringData/ELDON5_Data/Week16\ELDON5_20250428_051900.wav
2337.0,2340.0,Spizella pusilla,Field Sparrow,0.0182,D:/AcousticMonitoringData/ELDON5_Data/Week16\ELDON5_20250428_051900.wav
2340.0,2343.0,Spizella pusilla,Field Sparrow,0.0321,D:/AcousticMonitoringData/ELDON5_Data/Week16\ELDON5_20250428_051900.wav
2340.0,2343.0,Sturnella magna,Eastern Meadowlark,0.0212,D:/AcousticMonitoringData/ELDON5_Data/Week16\ELDON5_20250428_051900.wav
2343.0,2346.0,Sturnella magna,Eastern Meadowlark,0.0376,D:/AcousticMonitoringData/ELDON5_Data/Week16\ELDON5_20250428_051900.wav
2349.0,2352.0,Sturnella magna,Eastern Meadowlark,0.0176,D:/AcousticMonitoringData/ELDON5_Data/Week16\ELDON5_20250428_051900.wav
2349.0,2352.0,Spizella pusilla,Field Sparrow,0.0158,D:/AcousticMonitoringData/ELDON5_Data/Week16\ELDON5_20250428_051900.wav
2352.0,2355.0,Sturnella magna,Eastern Meadowlark,0.0105,D:/AcousticMonitoringData/ELDON5_Data/Week16\ELDON5_20250428_051900.wav
2355.0,2358.0,Sturnella magna,Eastern Meadowlark,0.0114,D:/AcousticMonitoringData/ELDON5_Data/Week16\ELDON5_20250428_051900.wav
2361.0,2364.0,Sturnella magna,Eastern Meadowlark,0.0135,D:/AcousticMonitoringData/ELDON5_Data/Week16\ELDON5_20250428_051900.wav
2376.0,2379.0,Sturnella magna,Eastern Meadowlark,0.0330,D:/AcousticMonitoringData/ELDON5_Data/Week16\ELDON5_20250428_051900.wav
2376.0,2379.0,Spizella pusilla,Field Sparrow,0.0156,D:/AcousticMonitoringData/ELDON5_Data/Week16\ELDON5_20250428_051900.wav
2376.0,2379.0,Passerina caerulea,Blue Grosbeak,0.0138,D:/AcousticMonitoringData/ELDON5_Data/Week16\ELDON5_20250428_051900.wav
2382.0,2385.0,Sturnella magna,Eastern Meadowlark,0.0195,D:/AcousticMonitoringData/ELDON5_Data/Week16\ELDON5_20250428_051900.wav
2385.0,2388.0,Sturnella magna,Eastern Meadowlark,0.0117,D:/AcousticMonitoringData/ELDON5_Data/Week16\ELDON5_20250428_051900.wav
2394.0,2397.0,Spizella pusilla,Field Sparrow,0.0384,D:/AcousticMonitoringData/ELDON5_Data/Week16\ELDON5_20250428_051900.wav
2394.0,2397.0,Passerina caerulea,Blue Grosbeak,0.0303,D:/AcousticMonitoringData/ELDON5_Data/Week16\ELDON5_20250428_051900.wav
2394.0,2397.0,Sturnella magna,Eastern Meadowlark,0.0129,D:/AcousticMonitoringData/ELDON5_Data/Week16\ELDON5_20250428_051900.wav
2397.0,2400.0,Sturnella magna,Eastern Meadowlark,0.0139,D:/AcousticMonitoringData/ELDON5_Data/Week16\ELDON5_20250428_051900.wav
2403.0,2406.0,Spizella pusilla,Field Sparrow,0.0308,D:/AcousticMonitoringData/ELDON5_Data/Week16\ELDON5_20250428_051900.wav
2403.0,2406.0,Sturnella magna,Eastern Meadowlark,0.0304,D:/AcousticMonitoringData/ELDON5_Data/Week16\ELDON5_20250428_051900.wav
2403.0,2406.0,Passerina caerulea,Blue Grosbeak,0.0105,D:/AcousticMonitoringData/ELDON5_Data/Week16\ELDON5_20250428_051900.wav
2409.0,2412.0,Sturnella magna,Eastern Meadowlark,0.0223,D:/AcousticMonitoringData/ELDON5_Data/Week16\ELDON5_20250428_051900.wav
2415.0,2418.0,Spizella pusilla,Field Sparrow,0.0396,D:/AcousticMonitoringData/ELDON5_Data/Week16\ELDON5_20250428_051900.wav
2415.0,2418.0,Sturnella magna,Eastern Meadowlark,0.0193,D:/AcousticMonitoringData/ELDON5_Data/Week16\ELDON5_20250428_051900.wav
2415.0,2418.0,Passerina caerulea,Blue Grosbeak,0.0132,D:/AcousticMonitoringData/ELDON5_Data/Week16\ELDON5_20250428_051900.wav
2418.0,2421.0,Spizella pusilla,Field Sparrow,0.0162,D:/AcousticMonitoringData/ELDON5_Data/Week16\ELDON5_20250428_051900.wav
2424.0,2427.0,Bartramia longicauda,Upland Sandpiper,0.0230,D:/AcousticMonitoringData/ELDON5_Data/Week16\ELDON5_20250428_051900.wav
2424.0,2427.0,Sturnella magna,Eastern Meadowlark,0.0131,D:/AcousticMonitoringData/ELDON5_Data/Week16\ELDON5_20250428_051900.wav
2430.0,2433.0,Spizella pusilla,Field Sparrow,0.0217,D:/AcousticMonitoringData/ELDON5_Data/Week16\ELDON5_20250428_051900.wav
2430.0,2433.0,Sturnella magna,Eastern Meadowlark,0.0144,D:/AcousticMonitoringData/ELDON5_Data/Week16\ELDON5_20250428_051900.wav
2433.0,2436.0,Sturnella magna,Eastern Meadowlark,0.0104,D:/AcousticMonitoringData/ELDON5_Data/Week16\ELDON5_20250428_051900.wav
2436.0,2439.0,Sturnella magna,Eastern Meadowlark,0.0267,D:/AcousticMonitoringData/ELDON5_Data/Week16\ELDON5_20250428_051900.wav
2439.0,2442.0,Spizella pusilla,Field Sparrow,0.0240,D:/AcousticMonitoringData/ELDON5_Data/Week16\ELDON5_20250428_051900.wav
2439.0,2442.0,Sturnella magna,Eastern Meadowlark,0.0124,D:/AcousticMonitoringData/ELDON5_Data/Week16\ELDON5_20250428_051900.wav
2442.0,2445.0,Sturnella magna,Eastern Meadowlark,0.0131,D:/AcousticMonitoringData/ELDON5_Data/Week16\ELDON5_20250428_051900.wav
2445.0,2448.0,Sturnella magna,Eastern Meadowlark,0.0177,D:/AcousticMonitoringData/ELDON5_Data/Week16\ELDON5_20250428_051900.wav
2448.0,2451.0,Sturnella magna,Eastern Meadowlark,0.0125,D:/AcousticMonitoringData/ELDON5_Data/Week16\ELDON5_20250428_051900.wav
2451.0,2454.0,Spizella pusilla,Field Sparrow,0.0306,D:/AcousticMonitoringData/ELDON5_Data/Week16\ELDON5_20250428_051900.wav
2451.0,2454.0,Sturnella magna,Eastern Meadowlark,0.0178,D:/AcousticMonitoringData/ELDON5_Data/Week16\ELDON5_20250428_051900.wav
2454.0,2457.0,Spizella pusilla,Field Sparrow,0.0509,D:/AcousticMonitoringData/ELDON5_Data/Week16\ELDON5_20250428_051900.wav
2454.0,2457.0,Sturnella magna,Eastern Meadowlark,0.0403,D:/AcousticMonitoringData/ELDON5_Data/Week16\ELDON5_20250428_051900.wav
2454.0,2457.0,Passerina caerulea,Blue Grosbeak,0.0156,D:/AcousticMonitoringData/ELDON5_Data/Week16\ELDON5_20250428_051900.wav
2460.0,2463.0,Spizella pusilla,Field Sparrow,0.0140,D:/AcousticMonitoringData/ELDON5_Data/Week16\ELDON5_20250428_051900.wav
2463.0,2466.0,Spizella pusilla,Field Sparrow,0.0139,D:/AcousticMonitoringData/ELDON5_Data/Week16\ELDON5_20250428_051900.wav
2469.0,2472.0,Sturnella magna,Eastern Meadowlark,0.0110,D:/AcousticMonitoringData/ELDON5_Data/Week16\ELDON5_20250428_051900.wav
2472.0,2475.0,Spizella pusilla,Field Sparrow,0.0506,D:/AcousticMonitoringData/ELDON5_Data/Week16\ELDON5_20250428_051900.wav
2475.0,2478.0,Spizella pusilla,Field Sparrow,0.0244,D:/AcousticMonitoringData/ELDON5_Data/Week16\ELDON5_20250428_051900.wav
2475.0,2478.0,Melospiza melodia,Song Sparrow,0.0124,D:/AcousticMonitoringData/ELDON5_Data/Week16\ELDON5_20250428_051900.wav
2475.0,2478.0,Sturnella magna,Eastern Meadowlark,0.0101,D:/AcousticMonitoringData/ELDON5_Data/Week16\ELDON5_20250428_051900.wav
2481.0,2484.0,Sturnella magna,Eastern Meadowlark,0.0103,D:/AcousticMonitoringData/ELDON5_Data/Week16\ELDON5_20250428_051900.wav
2487.0,2490.0,Sturnella magna,Eastern Meadowlark,0.0373,D:/AcousticMonitoringData/ELDON5_Data/Week16\ELDON5_20250428_051900.wav
2487.0,2490.0,Spizella pusilla,Field Sparrow,0.0291,D:/AcousticMonitoringData/ELDON5_Data/Week16\ELDON5_20250428_051900.wav
2490.0,2493.0,Melospiza melodia,Song Sparrow,0.0176,D:/AcousticMonitoringData/ELDON5_Data/Week16\ELDON5_20250428_051900.wav
2493.0,2496.0,Sturnella magna,Eastern Meadowlark,0.0161,D:/AcousticMonitoringData/ELDON5_Data/Week16\ELDON5_20250428_051900.wav
2496.0,2499.0,Sturnella magna,Eastern Meadowlark,0.0207,D:/AcousticMonitoringData/ELDON5_Data/Week16\ELDON5_20250428_051900.wav
2496.0,2499.0,Spizella pusilla,Field Sparrow,0.0100,D:/AcousticMonitoringData/ELDON5_Data/Week16\ELDON5_20250428_051900.wav
2499.0,2502.0,Melospiza melodia,Song Sparrow,0.0148,D:/AcousticMonitoringData/ELDON5_Data/Week16\ELDON5_20250428_051900.wav
2499.0,2502.0,Sturnella magna,Eastern Meadowlark,0.0114,D:/AcousticMonitoringData/ELDON5_Data/Week16\ELDON5_20250428_051900.wav
2502.0,2505.0,Geothlypis trichas,Common Yellowthroat,0.0136,D:/AcousticMonitoringData/ELDON5_Data/Week16\ELDON5_20250428_051900.wav
2502.0,2505.0,Spizella pusilla,Field Sparrow,0.0114,D:/AcousticMonitoringData/ELDON5_Data/Week16\ELDON5_20250428_051900.wav
2505.0,2508.0,Sturnella magna,Eastern Meadowlark,0.0682,D:/AcousticMonitoringData/ELDON5_Data/Week16\ELDON5_20250428_051900.wav
2505.0,2508.0,Spizella pusilla,Field Sparrow,0.0169,D:/AcousticMonitoringData/ELDON5_Data/Week16\ELDON5_20250428_051900.wav
2505.0,2508.0,Geothlypis trichas,Common Yellowthroat,0.0118,D:/AcousticMonitoringData/ELDON5_Data/Week16\ELDON5_20250428_051900.wav
2508.0,2511.0,Sturnella magna,Eastern Meadowlark,0.0225,D:/AcousticMonitoringData/ELDON5_Data/Week16\ELDON5_20250428_051900.wav
2508.0,2511.0,Passerina caerulea,Blue Grosbeak,0.0139,D:/AcousticMonitoringData/ELDON5_Data/Week16\ELDON5_20250428_051900.wav
2508.0,2511.0,Spizella pusilla,Field Sparrow,0.0128,D:/AcousticMonitoringData/ELDON5_Data/Week16\ELDON5_20250428_051900.wav
2511.0,2514.0,Sturnella magna,Eastern Meadowlark,0.0290,D:/AcousticMonitoringData/ELDON5_Data/Week16\ELDON5_20250428_051900.wav
2514.0,2517.0,Sturnella magna,Eastern Meadowlark,0.0247,D:/AcousticMonitoringData/ELDON5_Data/Week16\ELDON5_20250428_051900.wav
2517.0,2520.0,Sturnella magna,Eastern Meadowlark,0.0255,D:/AcousticMonitoringData/ELDON5_Data/Week16\ELDON5_20250428_051900.wav
2517.0,2520.0,Passerina caerulea,Blue Grosbeak,0.0189,D:/AcousticMonitoringData/ELDON5_Data/Week16\ELDON5_20250428_051900.wav
2517.0,2520.0,Spizella pusilla,Field Sparrow,0.0189,D:/AcousticMonitoringData/ELDON5_Data/Week16\ELDON5_20250428_051900.wav
2520.0,2523.0,Sturnella magna,Eastern Meadowlark,0.0278,D:/AcousticMonitoringData/ELDON5_Data/Week16\ELDON5_20250428_051900.wav
2520.0,2523.0,Spizella pusilla,Field Sparrow,0.0150,D:/AcousticMonitoringData/ELDON5_Data/Week16\ELDON5_20250428_051900.wav
2520.0,2523.0,Bartramia longicauda,Upland Sandpiper,0.0103,D:/AcousticMonitoringData/ELDON5_Data/Week16\ELDON5_20250428_051900.wav
2523.0,2526.0,Sturnella magna,Eastern Meadowlark,0.0220,D:/AcousticMonitoringData/ELDON5_Data/Week16\ELDON5_20250428_051900.wav
2526.0,2529.0,Sturnella magna,Eastern Meadowlark,0.0149,D:/AcousticMonitoringData/ELDON5_Data/Week16\ELDON5_20250428_051900.wav
2535.0,2538.0,Sturnella magna,Eastern Meadowlark,0.0151,D:/AcousticMonitoringData/ELDON5_Data/Week16\ELDON5_20250428_051900.wav
2538.0,2541.0,Spizella pusilla,Field Sparrow,0.0616,D:/AcousticMonitoringData/ELDON5_Data/Week16\ELDON5_20250428_051900.wav
2538.0,2541.0,Geothlypis trichas,Common Yellowthroat,0.0209,D:/AcousticMonitoringData/ELDON5_Data/Week16\ELDON5_20250428_051900.wav
2538.0,2541.0,Sturnella magna,Eastern Meadowlark,0.0100,D:/AcousticMonitoringData/ELDON5_Data/Week16\ELDON5_20250428_051900.wav
2544.0,2547.0,Geothlypis trichas,Common Yellowthroat,0.0102,D:/AcousticMonitoringData/ELDON5_Data/Week16\ELDON5_20250428_051900.wav
2547.0,2550.0,Geothlypis trichas,Common Yellowthroat,0.0540,D:/AcousticMonitoringData/ELDON5_Data/Week16\ELDON5_20250428_051900.wav
2547.0,2550.0,Spizella pusilla,Field Sparrow,0.0257,D:/AcousticMonitoringData/ELDON5_Data/Week16\ELDON5_20250428_051900.wav
2547.0,2550.0,Melospiza melodia,Song Sparrow,0.0220,D:/AcousticMonitoringData/ELDON5_Data/Week16\ELDON5_20250428_051900.wav
2550.0,2553.0,Spizella pusilla,Field Sparrow,0.0292,D:/AcousticMonitoringData/ELDON5_Data/Week16\ELDON5_20250428_051900.wav
2550.0,2553.0,Geothlypis trichas,Common Yellowthroat,0.0207,D:/AcousticMonitoringData/ELDON5_Data/Week16\ELDON5_20250428_051900.wav
2550.0,2553.0,Melospiza melodia,Song Sparrow,0.0161,D:/AcousticMonitoringData/ELDON5_Data/Week16\ELDON5_20250428_051900.wav
2550.0,2553.0,Passerina caerulea,Blue Grosbeak,0.0128,D:/AcousticMonitoringData/ELDON5_Data/Week16\ELDON5_20250428_051900.wav
2550.0,2553.0,Sturnella magna,Eastern Meadowlark,0.0101,D:/AcousticMonitoringData/ELDON5_Data/Week16\ELDON5_20250428_051900.wav
2556.0,2559.0,Geothlypis trichas,Common Yellowthroat,0.0109,D:/AcousticMonitoringData/ELDON5_Data/Week16\ELDON5_20250428_051900.wav
2556.0,2559.0,Sturnella magna,Eastern Meadowlark,0.0101,D:/AcousticMonitoringData/ELDON5_Data/Week16\ELDON5_20250428_051900.wav
2565.0,2568.0,Melospiza melodia,Song Sparrow,0.0122,D:/AcousticMonitoringData/ELDON5_Data/Week16\ELDON5_20250428_051900.wav
2568.0,2571.0,Spizella pusilla,Field Sparrow,0.0409,D:/AcousticMonitoringData/ELDON5_Data/Week16\ELDON5_20250428_051900.wav
2568.0,2571.0,Geothlypis trichas,Common Yellowthroat,0.0129,D:/AcousticMonitoringData/ELDON5_Data/Week16\ELDON5_20250428_051900.wav
2574.0,2577.0,Sturnella magna,Eastern Meadowlark,0.0105,D:/AcousticMonitoringData/ELDON5_Data/Week16\ELDON5_20250428_051900.wav
2580.0,2583.0,Sturnella magna,Eastern Meadowlark,0.0291,D:/AcousticMonitoringData/ELDON5_Data/Week16\ELDON5_20250428_051900.wav
2580.0,2583.0,Spizella pusilla,Field Sparrow,0.0235,D:/AcousticMonitoringData/ELDON5_Data/Week16\ELDON5_20250428_051900.wav
2580.0,2583.0,Passerina caerulea,Blue Grosbeak,0.0144,D:/AcousticMonitoringData/ELDON5_Data/Week16\ELDON5_20250428_051900.wav
2586.0,2589.0,Sturnella magna,Eastern Meadowlark,0.0190,D:/AcousticMonitoringData/ELDON5_Data/Week16\ELDON5_20250428_051900.wav
2586.0,2589.0,Spizella pusilla,Field Sparrow,0.0123,D:/AcousticMonitoringData/ELDON5_Data/Week16\ELDON5_20250428_051900.wav
2589.0,2592.0,Geothlypis trichas,Common Yellowthroat,0.0307,D:/AcousticMonitoringData/ELDON5_Data/Week16\ELDON5_20250428_051900.wav
2589.0,2592.0,Spizella pusilla,Field Sparrow,0.0148,D:/AcousticMonitoringData/ELDON5_Data/Week16\ELDON5_20250428_051900.wav
2592.0,2595.0,Spizella pusilla,Field Sparrow,0.0775,D:/AcousticMonitoringData/ELDON5_Data/Week16\ELDON5_20250428_051900.wav
2592.0,2595.0,Passerina caerulea,Blue Grosbeak,0.0122,D:/AcousticMonitoringData/ELDON5_Data/Week16\ELDON5_20250428_051900.wav
2595.0,2598.0,Sturnella magna,Eastern Meadowlark,0.0116,D:/AcousticMonitoringData/ELDON5_Data/Week16\ELDON5_20250428_051900.wav
2598.0,2601.0,Spizella pusilla,Field Sparrow,0.0123,D:/AcousticMonitoringData/ELDON5_Data/Week16\ELDON5_20250428_051900.wav
2601.0,2604.0,Spizella pusilla,Field Sparrow,0.0219,D:/AcousticMonitoringData/ELDON5_Data/Week16\ELDON5_20250428_051900.wav
2607.0,2610.0,Sturnella magna,Eastern Meadowlark,0.0104,D:/AcousticMonitoringData/ELDON5_Data/Week16\ELDON5_20250428_051900.wav
2610.0,2613.0,Spizella pusilla,Field Sparrow,0.0374,D:/AcousticMonitoringData/ELDON5_Data/Week16\ELDON5_20250428_051900.wav
2610.0,2613.0,Sturnella magna,Eastern Meadowlark,0.0218,D:/AcousticMonitoringData/ELDON5_Data/Week16\ELDON5_20250428_051900.wav
2610.0,2613.0,Geothlypis trichas,Common Yellowthroat,0.0182,D:/AcousticMonitoringData/ELDON5_Data/Week16\ELDON5_20250428_051900.wav
2610.0,2613.0,Passerina caerulea,Blue Grosbeak,0.0123,D:/AcousticMonitoringData/ELDON5_Data/Week16\ELDON5_20250428_051900.wav
2616.0,2619.0,Sturnella magna,Eastern Meadowlark,0.0151,D:/AcousticMonitoringData/ELDON5_Data/Week16\ELDON5_20250428_051900.wav
2616.0,2619.0,Spizella pusilla,Field Sparrow,0.0109,D:/AcousticMonitoringData/ELDON5_Data/Week16\ELDON5_20250428_051900.wav
2619.0,2622.0,Sturnella magna,Eastern Meadowlark,0.0213,D:/AcousticMonitoringData/ELDON5_Data/Week16\ELDON5_20250428_051900.wav
2622.0,2625.0,Sturnella magna,Eastern Meadowlark,0.0106,D:/AcousticMonitoringData/ELDON5_Data/Week16\ELDON5_20250428_051900.wav
2625.0,2628.0,Sturnella magna,Eastern Meadowlark,0.0104,D:/AcousticMonitoringData/ELDON5_Data/Week16\ELDON5_20250428_051900.wav
2631.0,2634.0,Spizella pusilla,Field Sparrow,0.0201,D:/AcousticMonitoringData/ELDON5_Data/Week16\ELDON5_20250428_051900.wav
2637.0,2640.0,Spizella pusilla,Field Sparrow,0.0346,D:/AcousticMonitoringData/ELDON5_Data/Week16\ELDON5_20250428_051900.wav
2637.0,2640.0,Sturnella magna,Eastern Meadowlark,0.0165,D:/AcousticMonitoringData/ELDON5_Data/Week16\ELDON5_20250428_051900.wav
2646.0,2649.0,Sturnella magna,Eastern Meadowlark,0.0256,D:/AcousticMonitoringData/ELDON5_Data/Week16\ELDON5_20250428_051900.wav
2652.0,2655.0,Spizella pusilla,Field Sparrow,0.0416,D:/AcousticMonitoringData/ELDON5_Data/Week16\ELDON5_20250428_051900.wav
2652.0,2655.0,Sturnella magna,Eastern Meadowlark,0.0256,D:/AcousticMonitoringData/ELDON5_Data/Week16\ELDON5_20250428_051900.wav
2655.0,2658.0,Sturnella magna,Eastern Meadowlark,0.0103,D:/AcousticMonitoringData/ELDON5_Data/Week16\ELDON5_20250428_051900.wav
2664.0,2667.0,Sturnella magna,Eastern Meadowlark,0.0150,D:/AcousticMonitoringData/ELDON5_Data/Week16\ELDON5_20250428_051900.wav
2664.0,2667.0,Spizella pusilla,Field Sparrow,0.0117,D:/AcousticMonitoringData/ELDON5_Data/Week16\ELDON5_20250428_051900.wav
2664.0,2667.0,Geothlypis trichas,Common Yellowthroat,0.0107,D:/AcousticMonitoringData/ELDON5_Data/Week16\ELDON5_20250428_051900.wav
2667.0,2670.0,Sturnella magna,Eastern Meadowlark,0.0138,D:/AcousticMonitoringData/ELDON5_Data/Week16\ELDON5_20250428_051900.wav
2670.0,2673.0,Sturnella magna,Eastern Meadowlark,0.0125,D:/AcousticMonitoringData/ELDON5_Data/Week16\ELDON5_20250428_051900.wav
2673.0,2676.0,Sturnella magna,Eastern Meadowlark,0.0119,D:/AcousticMonitoringData/ELDON5_Data/Week16\ELDON5_20250428_051900.wav
2676.0,2679.0,Spizella pusilla,Field Sparrow,0.0131,D:/AcousticMonitoringData/ELDON5_Data/Week16\ELDON5_20250428_051900.wav
2679.0,2682.0,Sturnella magna,Eastern Meadowlark,0.0224,D:/AcousticMonitoringData/ELDON5_Data/Week16\ELDON5_20250428_051900.wav
2685.0,2688.0,Spizella pusilla,Field Sparrow,0.0124,D:/AcousticMonitoringData/ELDON5_Data/Week16\ELDON5_20250428_051900.wav
2694.0,2697.0,Spizella pusilla,Field Sparrow,0.0315,D:/AcousticMonitoringData/ELDON5_Data/Week16\ELDON5_20250428_051900.wav
2694.0,2697.0,Sturnella magna,Eastern Meadowlark,0.0280,D:/AcousticMonitoringData/ELDON5_Data/Week16\ELDON5_20250428_051900.wav
2694.0,2697.0,Passerina caerulea,Blue Grosbeak,0.0151,D:/AcousticMonitoringData/ELDON5_Data/Week16\ELDON5_20250428_051900.wav
2697.0,2700.0,Spizella pusilla,Field Sparrow,0.0122,D:/AcousticMonitoringData/ELDON5_Data/Week16\ELDON5_20250428_051900.wav
2700.0,2703.0,Sturnella magna,Eastern Meadowlark,0.0102,D:/AcousticMonitoringData/ELDON5_Data/Week16\ELDON5_20250428_051900.wav
2709.0,2712.0,Sturnella magna,Eastern Meadowlark,0.0121,D:/AcousticMonitoringData/ELDON5_Data/Week16\ELDON5_20250428_051900.wav
2715.0,2718.0,Spizella pusilla,Field Sparrow,0.0335,D:/AcousticMonitoringData/ELDON5_Data/Week16\ELDON5_20250428_051900.wav
2724.0,2727.0,Sturnella magna,Eastern Meadowlark,0.0107,D:/AcousticMonitoringData/ELDON5_Data/Week16\ELDON5_20250428_051900.wav
2724.0,2727.0,Spizella pusilla,Field Sparrow,0.0104,D:/AcousticMonitoringData/ELDON5_Data/Week16\ELDON5_20250428_051900.wav
2733.0,2736.0,Sturnella magna,Eastern Meadowlark,0.0153,D:/AcousticMonitoringData/ELDON5_Data/Week16\ELDON5_20250428_051900.wav
2736.0,2739.0,Spizella pusilla,Field Sparrow,0.0205,D:/AcousticMonitoringData/ELDON5_Data/Week16\ELDON5_20250428_051900.wav
2742.0,2745.0,Sturnella magna,Eastern Meadowlark,0.0113,D:/AcousticMonitoringData/ELDON5_Data/Week16\ELDON5_20250428_051900.wav
2748.0,2751.0,Sturnella magna,Eastern Meadowlark,0.0282,D:/AcousticMonitoringData/ELDON5_Data/Week16\ELDON5_20250428_051900.wav
2754.0,2757.0,Sturnella magna,Eastern Meadowlark,0.0117,D:/AcousticMonitoringData/ELDON5_Data/Week16\ELDON5_20250428_051900.wav
2757.0,2760.0,Spizella pusilla,Field Sparrow,0.0335,D:/AcousticMonitoringData/ELDON5_Data/Week16\ELDON5_20250428_051900.wav
2757.0,2760.0,Sturnella magna,Eastern Meadowlark,0.0139,D:/AcousticMonitoringData/ELDON5_Data/Week16\ELDON5_20250428_051900.wav
2766.0,2769.0,Sturnella magna,Eastern Meadowlark,0.0152,D:/AcousticMonitoringData/ELDON5_Data/Week16\ELDON5_20250428_051900.wav
2769.0,2772.0,Spizella pusilla,Field Sparrow,0.0404,D:/AcousticMonitoringData/ELDON5_Data/Week16\ELDON5_20250428_051900.wav
2769.0,2772.0,Passerina caerulea,Blue Grosbeak,0.0136,D:/AcousticMonitoringData/ELDON5_Data/Week16\ELDON5_20250428_051900.wav
2775.0,2778.0,Sturnella magna,Eastern Meadowlark,0.0157,D:/AcousticMonitoringData/ELDON5_Data/Week16\ELDON5_20250428_051900.wav
2778.0,2781.0,Spizella pusilla,Field Sparrow,0.0361,D:/AcousticMonitoringData/ELDON5_Data/Week16\ELDON5_20250428_051900.wav
2778.0,2781.0,Geothlypis trichas,Common Yellowthroat,0.0127,D:/AcousticMonitoringData/ELDON5_Data/Week16\ELDON5_20250428_051900.wav
2778.0,2781.0,Passerina caerulea,Blue Grosbeak,0.0123,D:/AcousticMonitoringData/ELDON5_Data/Week16\ELDON5_20250428_051900.wav
2796.0,2799.0,Sturnella magna,Eastern Meadowlark,0.0211,D:/AcousticMonitoringData/ELDON5_Data/Week16\ELDON5_20250428_051900.wav
2799.0,2802.0,Sturnella magna,Eastern Meadowlark,0.0155,D:/AcousticMonitoringData/ELDON5_Data/Week16\ELDON5_20250428_051900.wav
2808.0,2811.0,Geothlypis trichas,Common Yellowthroat,0.0326,D:/AcousticMonitoringData/ELDON5_Data/Week16\ELDON5_20250428_051900.wav
2808.0,2811.0,Spizella pusilla,Field Sparrow,0.0182,D:/AcousticMonitoringData/ELDON5_Data/Week16\ELDON5_20250428_051900.wav
2808.0,2811.0,Passerina caerulea,Blue Grosbeak,0.0142,D:/AcousticMonitoringData/ELDON5_Data/Week16\ELDON5_20250428_051900.wav
2808.0,2811.0,Sturnella magna,Eastern Meadowlark,0.0107,D:/AcousticMonitoringData/ELDON5_Data/Week16\ELDON5_20250428_051900.wav
2817.0,2820.0,Sturnella magna,Eastern Meadowlark,0.0252,D:/AcousticMonitoringData/ELDON5_Data/Week16\ELDON5_20250428_051900.wav
2838.0,2841.0,Sturnella magna,Eastern Meadowlark,0.0130,D:/AcousticMonitoringData/ELDON5_Data/Week16\ELDON5_20250428_051900.wav
2841.0,2844.0,Spizella pusilla,Field Sparrow,0.0415,D:/AcousticMonitoringData/ELDON5_Data/Week16\ELDON5_20250428_051900.wav
2847.0,2850.0,Sturnella magna,Eastern Meadowlark,0.0241,D:/AcousticMonitoringData/ELDON5_Data/Week16\ELDON5_20250428_051900.wav
2850.0,2853.0,Spizella pusilla,Field Sparrow,0.0394,D:/AcousticMonitoringData/ELDON5_Data/Week16\ELDON5_20250428_051900.wav
2850.0,2853.0,Sturnella magna,Eastern Meadowlark,0.0209,D:/AcousticMonitoringData/ELDON5_Data/Week16\ELDON5_20250428_051900.wav
2850.0,2853.0,Passerina caerulea,Blue Grosbeak,0.0156,D:/AcousticMonitoringData/ELDON5_Data/Week16\ELDON5_20250428_051900.wav
2850.0,2853.0,Geothlypis trichas,Common Yellowthroat,0.0105,D:/AcousticMonitoringData/ELDON5_Data/Week16\ELDON5_20250428_051900.wav
2859.0,2862.0,Sturnella magna,Eastern Meadowlark,0.0119,D:/AcousticMonitoringData/ELDON5_Data/Week16\ELDON5_20250428_051900.wav
2862.0,2865.0,Spizella pusilla,Field Sparrow,0.0125,D:/AcousticMonitoringData/ELDON5_Data/Week16\ELDON5_20250428_051900.wav
2868.0,2871.0,Sturnella magna,Eastern Meadowlark,0.0106,D:/AcousticMonitoringData/ELDON5_Data/Week16\ELDON5_20250428_051900.wav
2871.0,2874.0,Spizella pusilla,Field Sparrow,0.0566,D:/AcousticMonitoringData/ELDON5_Data/Week16\ELDON5_20250428_051900.wav
2871.0,2874.0,Geothlypis trichas,Common Yellowthroat,0.0309,D:/AcousticMonitoringData/ELDON5_Data/Week16\ELDON5_20250428_051900.wav
2871.0,2874.0,Sturnella magna,Eastern Meadowlark,0.0227,D:/AcousticMonitoringData/ELDON5_Data/Week16\ELDON5_20250428_051900.wav
2871.0,2874.0,Passerina caerulea,Blue Grosbeak,0.0106,D:/AcousticMonitoringData/ELDON5_Data/Week16\ELDON5_20250428_051900.wav
2880.0,2883.0,Sturnella magna,Eastern Meadowlark,0.0126,D:/AcousticMonitoringData/ELDON5_Data/Week16\ELDON5_20250428_051900.wav
2889.0,2892.0,Sturnella magna,Eastern Meadowlark,0.0394,D:/AcousticMonitoringData/ELDON5_Data/Week16\ELDON5_20250428_051900.wav
2892.0,2895.0,Spizella pusilla,Field Sparrow,0.0133,D:/AcousticMonitoringData/ELDON5_Data/Week16\ELDON5_20250428_051900.wav
2892.0,2895.0,Sturnella magna,Eastern Meadowlark,0.0120,D:/AcousticMonitoringData/ELDON5_Data/Week16\ELDON5_20250428_051900.wav
2898.0,2901.0,Sturnella magna,Eastern Meadowlark,0.0123,D:/AcousticMonitoringData/ELDON5_Data/Week16\ELDON5_20250428_051900.wav
2901.0,2904.0,Sturnella magna,Eastern Meadowlark,0.0419,D:/AcousticMonitoringData/ELDON5_Data/Week16\ELDON5_20250428_051900.wav
2901.0,2904.0,Spizella pusilla,Field Sparrow,0.0207,D:/AcousticMonitoringData/ELDON5_Data/Week16\ELDON5_20250428_051900.wav
2904.0,2907.0,Sturnella magna,Eastern Meadowlark,0.4231,D:/AcousticMonitoringData/ELDON5_Data/Week16\ELDON5_20250428_051900.wav
2904.0,2907.0,Passerina caerulea,Blue Grosbeak,0.0128,D:/AcousticMonitoringData/ELDON5_Data/Week16\ELDON5_20250428_051900.wav
2907.0,2910.0,Sturnella magna,Eastern Meadowlark,0.0128,D:/AcousticMonitoringData/ELDON5_Data/Week16\ELDON5_20250428_051900.wav
2910.0,2913.0,Sturnella magna,Eastern Meadowlark,0.0199,D:/AcousticMonitoringData/ELDON5_Data/Week16\ELDON5_20250428_051900.wav
2913.0,2916.0,Sturnella magna,Eastern Meadowlark,0.0507,D:/AcousticMonitoringData/ELDON5_Data/Week16\ELDON5_20250428_051900.wav
2916.0,2919.0,Sturnella magna,Eastern Meadowlark,0.5023,D:/AcousticMonitoringData/ELDON5_Data/Week16\ELDON5_20250428_051900.wav
2916.0,2919.0,Spizella pusilla,Field Sparrow,0.0896,D:/AcousticMonitoringData/ELDON5_Data/Week16\ELDON5_20250428_051900.wav
2916.0,2919.0,Eremophila alpestris,Horned Lark,0.0165,D:/AcousticMonitoringData/ELDON5_Data/Week16\ELDON5_20250428_051900.wav
2919.0,2922.0,Sturnella magna,Eastern Meadowlark,0.3612,D:/AcousticMonitoringData/ELDON5_Data/Week16\ELDON5_20250428_051900.wav
2925.0,2928.0,Sturnella magna,Eastern Meadowlark,0.8125,D:/AcousticMonitoringData/ELDON5_Data/Week16\ELDON5_20250428_051900.wav
2925.0,2928.0,Spizella pusilla,Field Sparrow,0.0216,D:/AcousticMonitoringData/ELDON5_Data/Week16\ELDON5_20250428_051900.wav
2928.0,2931.0,Sturnella magna,Eastern Meadowlark,0.0185,D:/AcousticMonitoringData/ELDON5_Data/Week16\ELDON5_20250428_051900.wav
2931.0,2934.0,Sturnella magna,Eastern Meadowlark,0.0199,D:/AcousticMonitoringData/ELDON5_Data/Week16\ELDON5_20250428_051900.wav
2937.0,2940.0,Melospiza melodia,Song Sparrow,0.0386,D:/AcousticMonitoringData/ELDON5_Data/Week16\ELDON5_20250428_051900.wav
2937.0,2940.0,Spizella pusilla,Field Sparrow,0.0379,D:/AcousticMonitoringData/ELDON5_Data/Week16\ELDON5_20250428_051900.wav
2937.0,2940.0,Passerina caerulea,Blue Grosbeak,0.0155,D:/AcousticMonitoringData/ELDON5_Data/Week16\ELDON5_20250428_051900.wav
2937.0,2940.0,Sturnella magna,Eastern Meadowlark,0.0139,D:/AcousticMonitoringData/ELDON5_Data/Week16\ELDON5_20250428_051900.wav
2937.0,2940.0,Geothlypis trichas,Common Yellowthroat,0.0136,D:/AcousticMonitoringData/ELDON5_Data/Week16\ELDON5_20250428_051900.wav
2940.0,2943.0,Sturnella magna,Eastern Meadowlark,0.1343,D:/AcousticMonitoringData/ELDON5_Data/Week16\ELDON5_20250428_051900.wav
2946.0,2949.0,Spizella pusilla,Field Sparrow,0.0202,D:/AcousticMonitoringData/ELDON5_Data/Week16\ELDON5_20250428_051900.wav
2949.0,2952.0,Sturnella magna,Eastern Meadowlark,0.1014,D:/AcousticMonitoringData/ELDON5_Data/Week16\ELDON5_20250428_051900.wav
2949.0,2952.0,Spizella pusilla,Field Sparrow,0.0335,D:/AcousticMonitoringData/ELDON5_Data/Week16\ELDON5_20250428_051900.wav
2949.0,2952.0,Bartramia longicauda,Upland Sandpiper,0.0118,D:/AcousticMonitoringData/ELDON5_Data/Week16\ELDON5_20250428_051900.wav
2949.0,2952.0,Passerina caerulea,Blue Grosbeak,0.0114,D:/AcousticMonitoringData/ELDON5_Data/Week16\ELDON5_20250428_051900.wav
2952.0,2955.0,Sturnella magna,Eastern Meadowlark,0.0175,D:/AcousticMonitoringData/ELDON5_Data/Week16\ELDON5_20250428_051900.wav
2961.0,2964.0,Sturnella magna,Eastern Meadowlark,0.0108,D:/AcousticMonitoringData/ELDON5_Data/Week16\ELDON5_20250428_051900.wav
2964.0,2967.0,Spizella pusilla,Field Sparrow,0.0140,D:/AcousticMonitoringData/ELDON5_Data/Week16\ELDON5_20250428_051900.wav
2976.0,2979.0,Sturnella magna,Eastern Meadowlark,0.0145,D:/AcousticMonitoringData/ELDON5_Data/Week16\ELDON5_20250428_051900.wav
2976.0,2979.0,Spizella pusilla,Field Sparrow,0.0137,D:/AcousticMonitoringData/ELDON5_Data/Week16\ELDON5_20250428_051900.wav
2982.0,2985.0,Sturnella magna,Eastern Meadowlark,0.0105,D:/AcousticMonitoringData/ELDON5_Data/Week16\ELDON5_20250428_051900.wav
2985.0,2988.0,Sturnella magna,Eastern Meadowlark,0.4713,D:/AcousticMonitoringData/ELDON5_Data/Week16\ELDON5_20250428_051900.wav
2985.0,2988.0,Spizella pusilla,Field Sparrow,0.0301,D:/AcousticMonitoringData/ELDON5_Data/Week16\ELDON5_20250428_051900.wav
2988.0,2991.0,Spizella pusilla,Field Sparrow,0.0485,D:/AcousticMonitoringData/ELDON5_Data/Week16\ELDON5_20250428_051900.wav
2988.0,2991.0,Sturnella magna,Eastern Meadowlark,0.0158,D:/AcousticMonitoringData/ELDON5_Data/Week16\ELDON5_20250428_051900.wav
2994.0,2997.0,Sturnella magna,Eastern Meadowlark,0.0167,D:/AcousticMonitoringData/ELDON5_Data/Week16\ELDON5_20250428_051900.wav
2997.0,3000.0,Sturnella magna,Eastern Meadowlark,0.1239,D:/AcousticMonitoringData/ELDON5_Data/Week16\ELDON5_20250428_051900.wav
2997.0,3000.0,Spizella pusilla,Field Sparrow,0.0572,D:/AcousticMonitoringData/ELDON5_Data/Week16\ELDON5_20250428_051900.wav
3018.0,3021.0,Sturnella magna,Eastern Meadowlark,0.0243,D:/AcousticMonitoringData/ELDON5_Data/Week16\ELDON5_20250428_051900.wav
3018.0,3021.0,Bartramia longicauda,Upland Sandpiper,0.0145,D:/AcousticMonitoringData/ELDON5_Data/Week16\ELDON5_20250428_051900.wav
3018.0,3021.0,Spizella pusilla,Field Sparrow,0.0122,D:/AcousticMonitoringData/ELDON5_Data/Week16\ELDON5_20250428_051900.wav
3024.0,3027.0,Sturnella magna,Eastern Meadowlark,0.0245,D:/AcousticMonitoringData/ELDON5_Data/Week16\ELDON5_20250428_051900.wav
3036.0,3039.0,Sturnella magna,Eastern Meadowlark,0.0122,D:/AcousticMonitoringData/ELDON5_Data/Week16\ELDON5_20250428_051900.wav
3039.0,3042.0,Spizella pusilla,Field Sparrow,0.0234,D:/AcousticMonitoringData/ELDON5_Data/Week16\ELDON5_20250428_051900.wav
3039.0,3042.0,Melospiza melodia,Song Sparrow,0.0182,D:/AcousticMonitoringData/ELDON5_Data/Week16\ELDON5_20250428_051900.wav
3039.0,3042.0,Geothlypis trichas,Common Yellowthroat,0.0131,D:/AcousticMonitoringData/ELDON5_Data/Week16\ELDON5_20250428_051900.wav
3039.0,3042.0,Passerina caerulea,Blue Grosbeak,0.0112,D:/AcousticMonitoringData/ELDON5_Data/Week16\ELDON5_20250428_051900.wav
3060.0,3063.0,Sturnella magna,Eastern Meadowlark,0.0112,D:/AcousticMonitoringData/ELDON5_Data/Week16\ELDON5_20250428_051900.wav
3063.0,3066.0,Sturnella magna,Eastern Meadowlark,0.0125,D:/AcousticMonitoringData/ELDON5_Data/Week16\ELDON5_20250428_051900.wav
3072.0,3075.0,Sturnella magna,Eastern Meadowlark,0.0105,D:/AcousticMonitoringData/ELDON5_Data/Week16\ELDON5_20250428_051900.wav
3075.0,3078.0,Sturnella magna,Eastern Meadowlark,0.0127,D:/AcousticMonitoringData/ELDON5_Data/Week16\ELDON5_20250428_051900.wav
3096.0,3099.0,Geothlypis trichas,Common Yellowthroat,0.0109,D:/AcousticMonitoringData/ELDON5_Data/Week16\ELDON5_20250428_051900.wav
3099.0,3102.0,Sturnella magna,Eastern Meadowlark,0.0158,D:/AcousticMonitoringData/ELDON5_Data/Week16\ELDON5_20250428_051900.wav
3102.0,3105.0,Sturnella magna,Eastern Meadowlark,0.0178,D:/AcousticMonitoringData/ELDON5_Data/Week16\ELDON5_20250428_051900.wav
3105.0,3108.0,Sturnella magna,Eastern Meadowlark,0.0160,D:/AcousticMonitoringData/ELDON5_Data/Week16\ELDON5_20250428_051900.wav
3120.0,3123.0,Sturnella magna,Eastern Meadowlark,0.0112,D:/AcousticMonitoringData/ELDON5_Data/Week16\ELDON5_20250428_051900.wav
3123.0,3126.0,Sturnella magna,Eastern Meadowlark,0.0348,D:/AcousticMonitoringData/ELDON5_Data/Week16\ELDON5_20250428_051900.wav
3123.0,3126.0,Spizella pusilla,Field Sparrow,0.0334,D:/AcousticMonitoringData/ELDON5_Data/Week16\ELDON5_20250428_051900.wav
3126.0,3129.0,Sturnella magna,Eastern Meadowlark,0.0135,D:/AcousticMonitoringData/ELDON5_Data/Week16\ELDON5_20250428_051900.wav
3129.0,3132.0,Spizella pusilla,Field Sparrow,0.0266,D:/AcousticMonitoringData/ELDON5_Data/Week16\ELDON5_20250428_051900.wav
3132.0,3135.0,Sturnella magna,Eastern Meadowlark,0.0188,D:/AcousticMonitoringData/ELDON5_Data/Week16\ELDON5_20250428_051900.wav
3135.0,3138.0,Sturnella magna,Eastern Meadowlark,0.0106,D:/AcousticMonitoringData/ELDON5_Data/Week16\ELDON5_20250428_051900.wav
3138.0,3141.0,Geothlypis trichas,Common Yellowthroat,0.0240,D:/AcousticMonitoringData/ELDON5_Data/Week16\ELDON5_20250428_051900.wav
3138.0,3141.0,Spizella pusilla,Field Sparrow,0.0165,D:/AcousticMonitoringData/ELDON5_Data/Week16\ELDON5_20250428_051900.wav
3138.0,3141.0,Sturnella magna,Eastern Meadowlark,0.0123,D:/AcousticMonitoringData/ELDON5_Data/Week16\ELDON5_20250428_051900.wav
3144.0,3147.0,Sturnella magna,Eastern Meadowlark,0.0141,D:/AcousticMonitoringData/ELDON5_Data/Week16\ELDON5_20250428_051900.wav
3147.0,3150.0,Sturnella magna,Eastern Meadowlark,0.0151,D:/AcousticMonitoringData/ELDON5_Data/Week16\ELDON5_20250428_051900.wav
3147.0,3150.0,Passerina caerulea,Blue Grosbeak,0.0124,D:/AcousticMonitoringData/ELDON5_Data/Week16\ELDON5_20250428_051900.wav
3147.0,3150.0,Spizella pusilla,Field Sparrow,0.0110,D:/AcousticMonitoringData/ELDON5_Data/Week16\ELDON5_20250428_051900.wav
3150.0,3153.0,Sturnella magna,Eastern Meadowlark,0.0158,D:/AcousticMonitoringData/ELDON5_Data/Week16\ELDON5_20250428_051900.wav
3153.0,3156.0,Sturnella magna,Eastern Meadowlark,0.0319,D:/AcousticMonitoringData/ELDON5_Data/Week16\ELDON5_20250428_051900.wav
3153.0,3156.0,Spizella pusilla,Field Sparrow,0.0314,D:/AcousticMonitoringData/ELDON5_Data/Week16\ELDON5_20250428_051900.wav
3156.0,3159.0,Sturnella magna,Eastern Meadowlark,0.0313,D:/AcousticMonitoringData/ELDON5_Data/Week16\ELDON5_20250428_051900.wav
3159.0,3162.0,Sturnella magna,Eastern Meadowlark,0.0205,D:/AcousticMonitoringData/ELDON5_Data/Week16\ELDON5_20250428_051900.wav
3162.0,3165.0,Geothlypis trichas,Common Yellowthroat,0.0434,D:/AcousticMonitoringData/ELDON5_Data/Week16\ELDON5_20250428_051900.wav
3162.0,3165.0,Spizella pusilla,Field Sparrow,0.0196,D:/AcousticMonitoringData/ELDON5_Data/Week16\ELDON5_20250428_051900.wav
3162.0,3165.0,Sturnella magna,Eastern Meadowlark,0.0145,D:/AcousticMonitoringData/ELDON5_Data/Week16\ELDON5_20250428_051900.wav
3165.0,3168.0,Geothlypis trichas,Common Yellowthroat,0.0136,D:/AcousticMonitoringData/ELDON5_Data/Week16\ELDON5_20250428_051900.wav
3168.0,3171.0,Sturnella magna,Eastern Meadowlark,0.0213,D:/AcousticMonitoringData/ELDON5_Data/Week16\ELDON5_20250428_051900.wav
3168.0,3171.0,Spizella pusilla,Field Sparrow,0.0154,D:/AcousticMonitoringData/ELDON5_Data/Week16\ELDON5_20250428_051900.wav
3168.0,3171.0,Melospiza melodia,Song Sparrow,0.0145,D:/AcousticMonitoringData/ELDON5_Data/Week16\ELDON5_20250428_051900.wav
3174.0,3177.0,Geothlypis trichas,Common Yellowthroat,0.0540,D:/AcousticMonitoringData/ELDON5_Data/Week16\ELDON5_20250428_051900.wav
3174.0,3177.0,Spizella pusilla,Field Sparrow,0.0220,D:/AcousticMonitoringData/ELDON5_Data/Week16\ELDON5_20250428_051900.wav
3174.0,3177.0,Melospiza melodia,Song Sparrow,0.0140,D:/AcousticMonitoringData/ELDON5_Data/Week16\ELDON5_20250428_051900.wav
3177.0,3180.0,Sturnella magna,Eastern Meadowlark,0.0103,D:/AcousticMonitoringData/ELDON5_Data/Week16\ELDON5_20250428_051900.wav
3180.0,3183.0,Sturnella magna,Eastern Meadowlark,0.0166,D:/AcousticMonitoringData/ELDON5_Data/Week16\ELDON5_20250428_051900.wav
3180.0,3183.0,Passerina caerulea,Blue Grosbeak,0.0140,D:/AcousticMonitoringData/ELDON5_Data/Week16\ELDON5_20250428_051900.wav
3183.0,3186.0,Sturnella magna,Eastern Meadowlark,0.0156,D:/AcousticMonitoringData/ELDON5_Data/Week16\ELDON5_20250428_051900.wav
3183.0,3186.0,Melospiza melodia,Song Sparrow,0.0118,D:/AcousticMonitoringData/ELDON5_Data/Week16\ELDON5_20250428_051900.wav
3186.0,3189.0,Sturnella magna,Eastern Meadowlark,0.0110,D:/AcousticMonitoringData/ELDON5_Data/Week16\ELDON5_20250428_051900.wav
3189.0,3192.0,Geothlypis trichas,Common Yellowthroat,0.0225,D:/AcousticMonitoringData/ELDON5_Data/Week16\ELDON5_20250428_051900.wav
3192.0,3195.0,Passerina caerulea,Blue Grosbeak,0.0128,D:/AcousticMonitoringData/ELDON5_Data/Week16\ELDON5_20250428_051900.wav
3195.0,3198.0,Spizella pusilla,Field Sparrow,0.0155,D:/AcousticMonitoringData/ELDON5_Data/Week16\ELDON5_20250428_051900.wav
3198.0,3201.0,Spizella pusilla,Field Sparrow,0.0152,D:/AcousticMonitoringData/ELDON5_Data/Week16\ELDON5_20250428_051900.wav
3198.0,3201.0,Sturnella magna,Eastern Meadowlark,0.0117,D:/AcousticMonitoringData/ELDON5_Data/Week16\ELDON5_20250428_051900.wav
3201.0,3204.0,Melospiza melodia,Song Sparrow,0.0157,D:/AcousticMonitoringData/ELDON5_Data/Week16\ELDON5_20250428_051900.wav
3201.0,3204.0,Geothlypis trichas,Common Yellowthroat,0.0127,D:/AcousticMonitoringData/ELDON5_Data/Week16\ELDON5_20250428_051900.wav
3204.0,3207.0,Geothlypis trichas,Common Yellowthroat,0.1572,D:/AcousticMonitoringData/ELDON5_Data/Week16\ELDON5_20250428_051900.wav
3204.0,3207.0,Spizella pusilla,Field Sparrow,0.0137,D:/AcousticMonitoringData/ELDON5_Data/Week16\ELDON5_20250428_051900.wav
3204.0,3207.0,Passerina caerulea,Blue Grosbeak,0.0113,D:/AcousticMonitoringData/ELDON5_Data/Week16\ELDON5_20250428_051900.wav
3204.0,3207.0,Melospiza melodia,Song Sparrow,0.0109,D:/AcousticMonitoringData/ELDON5_Data/Week16\ELDON5_20250428_051900.wav
3204.0,3207.0,Sturnella magna,Eastern Meadowlark,0.0104,D:/AcousticMonitoringData/ELDON5_Data/Week16\ELDON5_20250428_051900.wav
3207.0,3210.0,Sturnella magna,Eastern Meadowlark,0.0195,D:/AcousticMonitoringData/ELDON5_Data/Week16\ELDON5_20250428_051900.wav
3207.0,3210.0,Geothlypis trichas,Common Yellowthroat,0.0123,D:/AcousticMonitoringData/ELDON5_Data/Week16\ELDON5_20250428_051900.wav
3210.0,3213.0,Geothlypis trichas,Common Yellowthroat,0.0223,D:/AcousticMonitoringData/ELDON5_Data/Week16\ELDON5_20250428_051900.wav
3210.0,3213.0,Melospiza melodia,Song Sparrow,0.0125,D:/AcousticMonitoringData/ELDON5_Data/Week16\ELDON5_20250428_051900.wav
3213.0,3216.0,Spizella pusilla,Field Sparrow,0.0141,D:/AcousticMonitoringData/ELDON5_Data/Week16\ELDON5_20250428_051900.wav
3216.0,3219.0,Sturnella magna,Eastern Meadowlark,0.0326,D:/AcousticMonitoringData/ELDON5_Data/Week16\ELDON5_20250428_051900.wav
3216.0,3219.0,Geothlypis trichas,Common Yellowthroat,0.0290,D:/AcousticMonitoringData/ELDON5_Data/Week16\ELDON5_20250428_051900.wav
3216.0,3219.0,Spizella pusilla,Field Sparrow,0.0267,D:/AcousticMonitoringData/ELDON5_Data/Week16\ELDON5_20250428_051900.wav
3222.0,3225.0,Spizella pusilla,Field Sparrow,0.0250,D:/AcousticMonitoringData/ELDON5_Data/Week16\ELDON5_20250428_051900.wav
3222.0,3225.0,Sturnella magna,Eastern Meadowlark,0.0218,D:/AcousticMonitoringData/ELDON5_Data/Week16\ELDON5_20250428_051900.wav
3222.0,3225.0,Passerina caerulea,Blue Grosbeak,0.0106,D:/AcousticMonitoringData/ELDON5_Data/Week16\ELDON5_20250428_051900.wav
3228.0,3231.0,Spizella pusilla,Field Sparrow,0.0181,D:/AcousticMonitoringData/ELDON5_Data/Week16\ELDON5_20250428_051900.wav
3228.0,3231.0,Sturnella magna,Eastern Meadowlark,0.0101,D:/AcousticMonitoringData/ELDON5_Data/Week16\ELDON5_20250428_051900.wav
3231.0,3234.0,Geothlypis trichas,Common Yellowthroat,0.0311,D:/AcousticMonitoringData/ELDON5_Data/Week16\ELDON5_20250428_051900.wav
3231.0,3234.0,Spizella pusilla,Field Sparrow,0.0221,D:/AcousticMonitoringData/ELDON5_Data/Week16\ELDON5_20250428_051900.wav
3231.0,3234.0,Passerina caerulea,Blue Grosbeak,0.0179,D:/AcousticMonitoringData/ELDON5_Data/Week16\ELDON5_20250428_051900.wav
3231.0,3234.0,Sturnella magna,Eastern Meadowlark,0.0164,D:/AcousticMonitoringData/ELDON5_Data/Week16\ELDON5_20250428_051900.wav
3234.0,3237.0,Spizella pusilla,Field Sparrow,0.0150,D:/AcousticMonitoringData/ELDON5_Data/Week16\ELDON5_20250428_051900.wav
3234.0,3237.0,Melospiza melodia,Song Sparrow,0.0137,D:/AcousticMonitoringData/ELDON5_Data/Week16\ELDON5_20250428_051900.wav
3234.0,3237.0,Geothlypis trichas,Common Yellowthroat,0.0127,D:/AcousticMonitoringData/ELDON5_Data/Week16\ELDON5_20250428_051900.wav
3237.0,3240.0,Sturnella magna,Eastern Meadowlark,0.0173,D:/AcousticMonitoringData/ELDON5_Data/Week16\ELDON5_20250428_051900.wav
3237.0,3240.0,Spizella pusilla,Field Sparrow,0.0125,D:/AcousticMonitoringData/ELDON5_Data/Week16\ELDON5_20250428_051900.wav
3237.0,3240.0,Geothlypis trichas,Common Yellowthroat,0.0100,D:/AcousticMonitoringData/ELDON5_Data/Week16\ELDON5_20250428_051900.wav
3240.0,3243.0,Sturnella magna,Eastern Meadowlark,0.0102,D:/AcousticMonitoringData/ELDON5_Data/Week16\ELDON5_20250428_051900.wav
3246.0,3249.0,Spizella pusilla,Field Sparrow,0.0232,D:/AcousticMonitoringData/ELDON5_Data/Week16\ELDON5_20250428_051900.wav
3249.0,3252.0,Sturnella magna,Eastern Meadowlark,0.0102,D:/AcousticMonitoringData/ELDON5_Data/Week16\ELDON5_20250428_051900.wav
3252.0,3255.0,Spizella pusilla,Field Sparrow,0.0141,D:/AcousticMonitoringData/ELDON5_Data/Week16\ELDON5_20250428_051900.wav
3252.0,3255.0,Sturnella magna,Eastern Meadowlark,0.0102,D:/AcousticMonitoringData/ELDON5_Data/Week16\ELDON5_20250428_051900.wav
3255.0,3258.0,Spizella pusilla,Field Sparrow,0.0164,D:/AcousticMonitoringData/ELDON5_Data/Week16\ELDON5_20250428_051900.wav
3258.0,3261.0,Geothlypis trichas,Common Yellowthroat,0.0616,D:/AcousticMonitoringData/ELDON5_Data/Week16\ELDON5_20250428_051900.wav
3258.0,3261.0,Spizella pusilla,Field Sparrow,0.0143,D:/AcousticMonitoringData/ELDON5_Data/Week16\ELDON5_20250428_051900.wav
3258.0,3261.0,Sturnella magna,Eastern Meadowlark,0.0124,D:/AcousticMonitoringData/ELDON5_Data/Week16\ELDON5_20250428_051900.wav
3261.0,3264.0,Geothlypis trichas,Common Yellowthroat,0.0340,D:/AcousticMonitoringData/ELDON5_Data/Week16\ELDON5_20250428_051900.wav
3261.0,3264.0,Melospiza melodia,Song Sparrow,0.0220,D:/AcousticMonitoringData/ELDON5_Data/Week16\ELDON5_20250428_051900.wav
3261.0,3264.0,Spizella pusilla,Field Sparrow,0.0161,D:/AcousticMonitoringData/ELDON5_Data/Week16\ELDON5_20250428_051900.wav
3264.0,3267.0,Sturnella magna,Eastern Meadowlark,0.3216,D:/AcousticMonitoringData/ELDON5_Data/Week16\ELDON5_20250428_051900.wav
3264.0,3267.0,Passerina caerulea,Blue Grosbeak,0.0195,D:/AcousticMonitoringData/ELDON5_Data/Week16\ELDON5_20250428_051900.wav
3267.0,3270.0,Spizella pusilla,Field Sparrow,0.0470,D:/AcousticMonitoringData/ELDON5_Data/Week16\ELDON5_20250428_051900.wav
3270.0,3273.0,Spizella pusilla,Field Sparrow,0.0209,D:/AcousticMonitoringData/ELDON5_Data/Week16\ELDON5_20250428_051900.wav
3273.0,3276.0,Geothlypis trichas,Common Yellowthroat,0.0212,D:/AcousticMonitoringData/ELDON5_Data/Week16\ELDON5_20250428_051900.wav
3273.0,3276.0,Melospiza melodia,Song Sparrow,0.0107,D:/AcousticMonitoringData/ELDON5_Data/Week16\ELDON5_20250428_051900.wav
3276.0,3279.0,Sturnella magna,Eastern Meadowlark,0.0290,D:/AcousticMonitoringData/ELDON5_Data/Week16\ELDON5_20250428_051900.wav
3276.0,3279.0,Passerina caerulea,Blue Grosbeak,0.0184,D:/AcousticMonitoringData/ELDON5_Data/Week16\ELDON5_20250428_051900.wav
3276.0,3279.0,Geothlypis trichas,Common Yellowthroat,0.0101,D:/AcousticMonitoringData/ELDON5_Data/Week16\ELDON5_20250428_051900.wav
3279.0,3282.0,Sturnella magna,Eastern Meadowlark,0.5437,D:/AcousticMonitoringData/ELDON5_Data/Week16\ELDON5_20250428_051900.wav
3279.0,3282.0,Spizella pusilla,Field Sparrow,0.0246,D:/AcousticMonitoringData/ELDON5_Data/Week16\ELDON5_20250428_051900.wav
3279.0,3282.0,Passerina caerulea,Blue Grosbeak,0.0118,D:/AcousticMonitoringData/ELDON5_Data/Week16\ELDON5_20250428_051900.wav
3282.0,3285.0,Passerina caerulea,Blue Grosbeak,0.0219,D:/AcousticMonitoringData/ELDON5_Data/Week16\ELDON5_20250428_051900.wav
3282.0,3285.0,Geothlypis trichas,Common Yellowthroat,0.0198,D:/AcousticMonitoringData/ELDON5_Data/Week16\ELDON5_20250428_051900.wav
3285.0,3288.0,Melospiza melodia,Song Sparrow,0.0174,D:/AcousticMonitoringData/ELDON5_Data/Week16\ELDON5_20250428_051900.wav
3285.0,3288.0,Geothlypis trichas,Common Yellowthroat,0.0165,D:/AcousticMonitoringData/ELDON5_Data/Week16\ELDON5_20250428_051900.wav
3288.0,3291.0,Sturnella magna,Eastern Meadowlark,0.0125,D:/AcousticMonitoringData/ELDON5_Data/Week16\ELDON5_20250428_051900.wav
3291.0,3294.0,Sturnella magna,Eastern Meadowlark,0.0242,D:/AcousticMonitoringData/ELDON5_Data/Week16\ELDON5_20250428_051900.wav
3291.0,3294.0,Passerina caerulea,Blue Grosbeak,0.0215,D:/AcousticMonitoringData/ELDON5_Data/Week16\ELDON5_20250428_051900.wav
3291.0,3294.0,Spizella pusilla,Field Sparrow,0.0201,D:/AcousticMonitoringData/ELDON5_Data/Week16\ELDON5_20250428_051900.wav
3291.0,3294.0,Geothlypis trichas,Common Yellowthroat,0.0106,D:/AcousticMonitoringData/ELDON5_Data/Week16\ELDON5_20250428_051900.wav
3294.0,3297.0,Geothlypis trichas,Common Yellowthroat,0.1389,D:/AcousticMonitoringData/ELDON5_Data/Week16\ELDON5_20250428_051900.wav
3294.0,3297.0,Melospiza melodia,Song Sparrow,0.0232,D:/AcousticMonitoringData/ELDON5_Data/Week16\ELDON5_20250428_051900.wav
3294.0,3297.0,Passerina caerulea,Blue Grosbeak,0.0194,D:/AcousticMonitoringData/ELDON5_Data/Week16\ELDON5_20250428_051900.wav
3294.0,3297.0,Spizella pusilla,Field Sparrow,0.0166,D:/AcousticMonitoringData/ELDON5_Data/Week16\ELDON5_20250428_051900.wav
3294.0,3297.0,Sturnella magna,Eastern Meadowlark,0.0106,D:/AcousticMonitoringData/ELDON5_Data/Week16\ELDON5_20250428_051900.wav
3297.0,3300.0,Sturnella magna,Eastern Meadowlark,0.0185,D:/AcousticMonitoringData/ELDON5_Data/Week16\ELDON5_20250428_051900.wav
3300.0,3303.0,Sturnella magna,Eastern Meadowlark,0.1067,D:/AcousticMonitoringData/ELDON5_Data/Week16\ELDON5_20250428_051900.wav
3303.0,3306.0,Sturnella magna,Eastern Meadowlark,0.0119,D:/AcousticMonitoringData/ELDON5_Data/Week16\ELDON5_20250428_051900.wav
3306.0,3309.0,Sturnella magna,Eastern Meadowlark,0.0325,D:/AcousticMonitoringData/ELDON5_Data/Week16\ELDON5_20250428_051900.wav
3306.0,3309.0,Geothlypis trichas,Common Yellowthroat,0.0240,D:/AcousticMonitoringData/ELDON5_Data/Week16\ELDON5_20250428_051900.wav
3306.0,3309.0,Passerina caerulea,Blue Grosbeak,0.0166,D:/AcousticMonitoringData/ELDON5_Data/Week16\ELDON5_20250428_051900.wav
3306.0,3309.0,Spizella pusilla,Field Sparrow,0.0109,D:/AcousticMonitoringData/ELDON5_Data/Week16\ELDON5_20250428_051900.wav
3312.0,3315.0,Passerina caerulea,Blue Grosbeak,0.0262,D:/AcousticMonitoringData/ELDON5_Data/Week16\ELDON5_20250428_051900.wav
3312.0,3315.0,Sturnella magna,Eastern Meadowlark,0.0143,D:/AcousticMonitoringData/ELDON5_Data/Week16\ELDON5_20250428_051900.wav
3315.0,3318.0,Spizella pusilla,Field Sparrow,0.0163,D:/AcousticMonitoringData/ELDON5_Data/Week16\ELDON5_20250428_051900.wav
3318.0,3321.0,Sturnella magna,Eastern Meadowlark,0.0530,D:/AcousticMonitoringData/ELDON5_Data/Week16\ELDON5_20250428_051900.wav
3318.0,3321.0,Bartramia longicauda,Upland Sandpiper,0.0130,D:/AcousticMonitoringData/ELDON5_Data/Week16\ELDON5_20250428_051900.wav
3321.0,3324.0,Sturnella magna,Eastern Meadowlark,0.0244,D:/AcousticMonitoringData/ELDON5_Data/Week16\ELDON5_20250428_051900.wav
3324.0,3327.0,Sturnella magna,Eastern Meadowlark,0.0259,D:/AcousticMonitoringData/ELDON5_Data/Week16\ELDON5_20250428_051900.wav
3324.0,3327.0,Passerina caerulea,Blue Grosbeak,0.0144,D:/AcousticMonitoringData/ELDON5_Data/Week16\ELDON5_20250428_051900.wav
3324.0,3327.0,Spizella pusilla,Field Sparrow,0.0124,D:/AcousticMonitoringData/ELDON5_Data/Week16\ELDON5_20250428_051900.wav
3327.0,3330.0,Sturnella magna,Eastern Meadowlark,0.0369,D:/AcousticMonitoringData/ELDON5_Data/Week16\ELDON5_20250428_051900.wav
3327.0,3330.0,Passerina caerulea,Blue Grosbeak,0.0191,D:/AcousticMonitoringData/ELDON5_Data/Week16\ELDON5_20250428_051900.wav
3327.0,3330.0,Spizella pusilla,Field Sparrow,0.0159,D:/AcousticMonitoringData/ELDON5_Data/Week16\ELDON5_20250428_051900.wav
3330.0,3333.0,Sturnella magna,Eastern Meadowlark,0.0245,D:/AcousticMonitoringData/ELDON5_Data/Week16\ELDON5_20250428_051900.wav
3330.0,3333.0,Eremophila alpestris,Horned Lark,0.0237,D:/AcousticMonitoringData/ELDON5_Data/Week16\ELDON5_20250428_051900.wav
3330.0,3333.0,Spizella pusilla,Field Sparrow,0.0154,D:/AcousticMonitoringData/ELDON5_Data/Week16\ELDON5_20250428_051900.wav
3333.0,3336.0,Sturnella magna,Eastern Meadowlark,0.0190,D:/AcousticMonitoringData/ELDON5_Data/Week16\ELDON5_20250428_051900.wav
3333.0,3336.0,Spizella pusilla,Field Sparrow,0.0150,D:/AcousticMonitoringData/ELDON5_Data/Week16\ELDON5_20250428_051900.wav
3333.0,3336.0,Passerina caerulea,Blue Grosbeak,0.0120,D:/AcousticMonitoringData/ELDON5_Data/Week16\ELDON5_20250428_051900.wav
3336.0,3339.0,Sturnella magna,Eastern Meadowlark,0.0140,D:/AcousticMonitoringData/ELDON5_Data/Week16\ELDON5_20250428_051900.wav
3336.0,3339.0,Passerina caerulea,Blue Grosbeak,0.0134,D:/AcousticMonitoringData/ELDON5_Data/Week16\ELDON5_20250428_051900.wav
3339.0,3342.0,Melospiza melodia,Song Sparrow,0.0378,D:/AcousticMonitoringData/ELDON5_Data/Week16\ELDON5_20250428_051900.wav
3339.0,3342.0,Geothlypis trichas,Common Yellowthroat,0.0296,D:/AcousticMonitoringData/ELDON5_Data/Week16\ELDON5_20250428_051900.wav
3339.0,3342.0,Spizella pusilla,Field Sparrow,0.0164,D:/AcousticMonitoringData/ELDON5_Data/Week16\ELDON5_20250428_051900.wav
3339.0,3342.0,Passerina caerulea,Blue Grosbeak,0.0119,D:/AcousticMonitoringData/ELDON5_Data/Week16\ELDON5_20250428_051900.wav
3342.0,3345.0,Sturnella magna,Eastern Meadowlark,0.0134,D:/AcousticMonitoringData/ELDON5_Data/Week16\ELDON5_20250428_051900.wav
3348.0,3351.0,Sturnella magna,Eastern Meadowlark,0.0414,D:/AcousticMonitoringData/ELDON5_Data/Week16\ELDON5_20250428_051900.wav
3348.0,3351.0,Spizella pusilla,Field Sparrow,0.0311,D:/AcousticMonitoringData/ELDON5_Data/Week16\ELDON5_20250428_051900.wav
3348.0,3351.0,Passerina caerulea,Blue Grosbeak,0.0168,D:/AcousticMonitoringData/ELDON5_Data/Week16\ELDON5_20250428_051900.wav
3348.0,3351.0,Geothlypis trichas,Common Yellowthroat,0.0126,D:/AcousticMonitoringData/ELDON5_Data/Week16\ELDON5_20250428_051900.wav
3351.0,3354.0,Sturnella magna,Eastern Meadowlark,0.0134,D:/AcousticMonitoringData/ELDON5_Data/Week16\ELDON5_20250428_051900.wav
3354.0,3357.0,Sturnella magna,Eastern Meadowlark,0.0134,D:/AcousticMonitoringData/ELDON5_Data/Week16\ELDON5_20250428_051900.wav
3354.0,3357.0,Passerina caerulea,Blue Grosbeak,0.0121,D:/AcousticMonitoringData/ELDON5_Data/Week16\ELDON5_20250428_051900.wav
3357.0,3360.0,Sturnella magna,Eastern Meadowlark,0.0149,D:/AcousticMonitoringData/ELDON5_Data/Week16\ELDON5_20250428_051900.wav
3360.0,3363.0,Sturnella magna,Eastern Meadowlark,0.0633,D:/AcousticMonitoringData/ELDON5_Data/Week16\ELDON5_20250428_051900.wav
3360.0,3363.0,Spizella pusilla,Field Sparrow,0.0405,D:/AcousticMonitoringData/ELDON5_Data/Week16\ELDON5_20250428_051900.wav
3360.0,3363.0,Geothlypis trichas,Common Yellowthroat,0.0263,D:/AcousticMonitoringData/ELDON5_Data/Week16\ELDON5_20250428_051900.wav
3360.0,3363.0,Passerina caerulea,Blue Grosbeak,0.0119,D:/AcousticMonitoringData/ELDON5_Data/Week16\ELDON5_20250428_051900.wav
3363.0,3366.0,Sturnella magna,Eastern Meadowlark,0.0264,D:/AcousticMonitoringData/ELDON5_Data/Week16\ELDON5_20250428_051900.wav
3363.0,3366.0,Spizella pusilla,Field Sparrow,0.0214,D:/AcousticMonitoringData/ELDON5_Data/Week16\ELDON5_20250428_051900.wav
3366.0,3369.0,Geothlypis trichas,Common Yellowthroat,0.0303,D:/AcousticMonitoringData/ELDON5_Data/Week16\ELDON5_20250428_051900.wav
3366.0,3369.0,Sturnella magna,Eastern Meadowlark,0.0176,D:/AcousticMonitoringData/ELDON5_Data/Week16\ELDON5_20250428_051900.wav
3366.0,3369.0,Melospiza melodia,Song Sparrow,0.0138,D:/AcousticMonitoringData/ELDON5_Data/Week16\ELDON5_20250428_051900.wav
3366.0,3369.0,Spizella pusilla,Field Sparrow,0.0125,D:/AcousticMonitoringData/ELDON5_Data/Week16\ELDON5_20250428_051900.wav
3369.0,3372.0,Sturnella magna,Eastern Meadowlark,0.0179,D:/AcousticMonitoringData/ELDON5_Data/Week16\ELDON5_20250428_051900.wav
3381.0,3384.0,Sturnella magna,Eastern Meadowlark,0.0166,D:/AcousticMonitoringData/ELDON5_Data/Week16\ELDON5_20250428_051900.wav
3384.0,3387.0,Sturnella magna,Eastern Meadowlark,0.0199,D:/AcousticMonitoringData/ELDON5_Data/Week16\ELDON5_20250428_051900.wav
3384.0,3387.0,Spizella pusilla,Field Sparrow,0.0116,D:/AcousticMonitoringData/ELDON5_Data/Week16\ELDON5_20250428_051900.wav
3387.0,3390.0,Geothlypis trichas,Common Yellowthroat,0.0401,D:/AcousticMonitoringData/ELDON5_Data/Week16\ELDON5_20250428_051900.wav
3387.0,3390.0,Spizella pusilla,Field Sparrow,0.0172,D:/AcousticMonitoringData/ELDON5_Data/Week16\ELDON5_20250428_051900.wav
3393.0,3396.0,Sturnella magna,Eastern Meadowlark,0.0264,D:/AcousticMonitoringData/ELDON5_Data/Week16\ELDON5_20250428_051900.wav
3393.0,3396.0,Spizella pusilla,Field Sparrow,0.0258,D:/AcousticMonitoringData/ELDON5_Data/Week16\ELDON5_20250428_051900.wav
3393.0,3396.0,Passerina caerulea,Blue Grosbeak,0.0193,D:/AcousticMonitoringData/ELDON5_Data/Week16\ELDON5_20250428_051900.wav
3402.0,3405.0,Geothlypis trichas,Common Yellowthroat,0.0510,D:/AcousticMonitoringData/ELDON5_Data/Week16\ELDON5_20250428_051900.wav
3402.0,3405.0,Melospiza melodia,Song Sparrow,0.0148,D:/AcousticMonitoringData/ELDON5_Data/Week16\ELDON5_20250428_051900.wav
3405.0,3408.0,Sturnella magna,Eastern Meadowlark,0.0223,D:/AcousticMonitoringData/ELDON5_Data/Week16\ELDON5_20250428_051900.wav
3405.0,3408.0,Bartramia longicauda,Upland Sandpiper,0.0221,D:/AcousticMonitoringData/ELDON5_Data/Week16\ELDON5_20250428_051900.wav
3411.0,3414.0,Sturnella magna,Eastern Meadowlark,0.0148,D:/AcousticMonitoringData/ELDON5_Data/Week16\ELDON5_20250428_051900.wav
3414.0,3417.0,Geothlypis trichas,Common Yellowthroat,0.1694,D:/AcousticMonitoringData/ELDON5_Data/Week16\ELDON5_20250428_051900.wav
3414.0,3417.0,Sturnella magna,Eastern Meadowlark,0.0134,D:/AcousticMonitoringData/ELDON5_Data/Week16\ELDON5_20250428_051900.wav
3414.0,3417.0,Melospiza melodia,Song Sparrow,0.0121,D:/AcousticMonitoringData/ELDON5_Data/Week16\ELDON5_20250428_051900.wav
3414.0,3417.0,Passerina caerulea,Blue Grosbeak,0.0103,D:/AcousticMonitoringData/ELDON5_Data/Week16\ELDON5_20250428_051900.wav
3417.0,3420.0,Melospiza melodia,Song Sparrow,0.0255,D:/AcousticMonitoringData/ELDON5_Data/Week16\ELDON5_20250428_051900.wav
3417.0,3420.0,Geothlypis trichas,Common Yellowthroat,0.0126,D:/AcousticMonitoringData/ELDON5_Data/Week16\ELDON5_20250428_051900.wav
3417.0,3420.0,Spizella pusilla,Field Sparrow,0.0101,D:/AcousticMonitoringData/ELDON5_Data/Week16\ELDON5_20250428_051900.wav
3420.0,3423.0,Spizella pusilla,Field Sparrow,0.0251,D:/AcousticMonitoringData/ELDON5_Data/Week16\ELDON5_20250428_051900.wav
3426.0,3429.0,Geothlypis trichas,Common Yellowthroat,0.0423,D:/AcousticMonitoringData/ELDON5_Data/Week16\ELDON5_20250428_051900.wav
3426.0,3429.0,Spizella pusilla,Field Sparrow,0.0173,D:/AcousticMonitoringData/ELDON5_Data/Week16\ELDON5_20250428_051900.wav
3426.0,3429.0,Melospiza melodia,Song Sparrow,0.0171,D:/AcousticMonitoringData/ELDON5_Data/Week16\ELDON5_20250428_051900.wav
3429.0,3432.0,Sturnella magna,Eastern Meadowlark,0.0191,D:/AcousticMonitoringData/ELDON5_Data/Week16\ELDON5_20250428_051900.wav
3435.0,3438.0,Sturnella magna,Eastern Meadowlark,0.0303,D:/AcousticMonitoringData/ELDON5_Data/Week16\ELDON5_20250428_051900.wav
3435.0,3438.0,Spizella pusilla,Field Sparrow,0.0227,D:/AcousticMonitoringData/ELDON5_Data/Week16\ELDON5_20250428_051900.wav
3435.0,3438.0,Passerina caerulea,Blue Grosbeak,0.0188,D:/AcousticMonitoringData/ELDON5_Data/Week16\ELDON5_20250428_051900.wav
3435.0,3438.0,Geothlypis trichas,Common Yellowthroat,0.0123,D:/AcousticMonitoringData/ELDON5_Data/Week16\ELDON5_20250428_051900.wav
3438.0,3441.0,Sturnella magna,Eastern Meadowlark,0.0407,D:/AcousticMonitoringData/ELDON5_Data/Week16\ELDON5_20250428_051900.wav
3441.0,3444.0,Sturnella magna,Eastern Meadowlark,0.0159,D:/AcousticMonitoringData/ELDON5_Data/Week16\ELDON5_20250428_051900.wav
3444.0,3447.0,Spizella pusilla,Field Sparrow,0.0324,D:/AcousticMonitoringData/ELDON5_Data/Week16\ELDON5_20250428_051900.wav
3444.0,3447.0,Sturnella magna,Eastern Meadowlark,0.0121,D:/AcousticMonitoringData/ELDON5_Data/Week16\ELDON5_20250428_051900.wav
3453.0,3456.0,Sturnella magna,Eastern Meadowlark,0.0226,D:/AcousticMonitoringData/ELDON5_Data/Week16\ELDON5_20250428_051900.wav
3453.0,3456.0,Geothlypis trichas,Common Yellowthroat,0.0124,D:/AcousticMonitoringData/ELDON5_Data/Week16\ELDON5_20250428_051900.wav
3462.0,3465.0,Sturnella magna,Eastern Meadowlark,0.3505,D:/AcousticMonitoringData/ELDON5_Data/Week16\ELDON5_20250428_051900.wav
3462.0,3465.0,Passerina caerulea,Blue Grosbeak,0.0112,D:/AcousticMonitoringData/ELDON5_Data/Week16\ELDON5_20250428_051900.wav
3462.0,3465.0,Melospiza melodia,Song Sparrow,0.0109,D:/AcousticMonitoringData/ELDON5_Data/Week16\ELDON5_20250428_051900.wav
3465.0,3468.0,Sturnella magna,Eastern Meadowlark,0.0198,D:/AcousticMonitoringData/ELDON5_Data/Week16\ELDON5_20250428_051900.wav
3468.0,3471.0,Spizella pusilla,Field Sparrow,0.0342,D:/AcousticMonitoringData/ELDON5_Data/Week16\ELDON5_20250428_051900.wav
3468.0,3471.0,Melospiza melodia,Song Sparrow,0.0261,D:/AcousticMonitoringData/ELDON5_Data/Week16\ELDON5_20250428_051900.wav
3468.0,3471.0,Geothlypis trichas,Common Yellowthroat,0.0233,D:/AcousticMonitoringData/ELDON5_Data/Week16\ELDON5_20250428_051900.wav
3468.0,3471.0,Sturnella magna,Eastern Meadowlark,0.0146,D:/AcousticMonitoringData/ELDON5_Data/Week16\ELDON5_20250428_051900.wav
3471.0,3474.0,Sturnella magna,Eastern Meadowlark,0.0290,D:/AcousticMonitoringData/ELDON5_Data/Week16\ELDON5_20250428_051900.wav
3471.0,3474.0,Spizella pusilla,Field Sparrow,0.0105,D:/AcousticMonitoringData/ELDON5_Data/Week16\ELDON5_20250428_051900.wav
3471.0,3474.0,Melospiza melodia,Song Sparrow,0.0100,D:/AcousticMonitoringData/ELDON5_Data/Week16\ELDON5_20250428_051900.wav
3474.0,3477.0,Sturnella magna,Eastern Meadowlark,0.0587,D:/AcousticMonitoringData/ELDON5_Data/Week16\ELDON5_20250428_051900.wav
3477.0,3480.0,Sturnella magna,Eastern Meadowlark,0.0254,D:/AcousticMonitoringData/ELDON5_Data/Week16\ELDON5_20250428_051900.wav
3480.0,3483.0,Melospiza melodia,Song Sparrow,0.0388,D:/AcousticMonitoringData/ELDON5_Data/Week16\ELDON5_20250428_051900.wav
3480.0,3483.0,Bartramia longicauda,Upland Sandpiper,0.0120,D:/AcousticMonitoringData/ELDON5_Data/Week16\ELDON5_20250428_051900.wav
3483.0,3486.0,Geothlypis trichas,Common Yellowthroat,0.0194,D:/AcousticMonitoringData/ELDON5_Data/Week16\ELDON5_20250428_051900.wav
3486.0,3489.0,Sturnella magna,Eastern Meadowlark,0.0280,D:/AcousticMonitoringData/ELDON5_Data/Week16\ELDON5_20250428_051900.wav
3489.0,3492.0,Sturnella magna,Eastern Meadowlark,0.0696,D:/AcousticMonitoringData/ELDON5_Data/Week16\ELDON5_20250428_051900.wav
3489.0,3492.0,Passerina caerulea,Blue Grosbeak,0.0101,D:/AcousticMonitoringData/ELDON5_Data/Week16\ELDON5_20250428_051900.wav
3495.0,3498.0,Melospiza melodia,Song Sparrow,0.0327,D:/AcousticMonitoringData/ELDON5_Data/Week16\ELDON5_20250428_051900.wav
3498.0,3501.0,Sturnella magna,Eastern Meadowlark,0.1048,D:/AcousticMonitoringData/ELDON5_Data/Week16\ELDON5_20250428_051900.wav
3501.0,3504.0,Geothlypis trichas,Common Yellowthroat,0.0418,D:/AcousticMonitoringData/ELDON5_Data/Week16\ELDON5_20250428_051900.wav
3501.0,3504.0,Sturnella magna,Eastern Meadowlark,0.0256,D:/AcousticMonitoringData/ELDON5_Data/Week16\ELDON5_20250428_051900.wav
3501.0,3504.0,Spizella pusilla,Field Sparrow,0.0187,D:/AcousticMonitoringData/ELDON5_Data/Week16\ELDON5_20250428_051900.wav
3501.0,3504.0,Passerina caerulea,Blue Grosbeak,0.0153,D:/AcousticMonitoringData/ELDON5_Data/Week16\ELDON5_20250428_051900.wav
3504.0,3507.0,Geothlypis trichas,Common Yellowthroat,0.0331,D:/AcousticMonitoringData/ELDON5_Data/Week16\ELDON5_20250428_051900.wav
3504.0,3507.0,Sturnella magna,Eastern Meadowlark,0.0243,D:/AcousticMonitoringData/ELDON5_Data/Week16\ELDON5_20250428_051900.wav
3504.0,3507.0,Passerina caerulea,Blue Grosbeak,0.0142,D:/AcousticMonitoringData/ELDON5_Data/Week16\ELDON5_20250428_051900.wav
3510.0,3513.0,Sturnella magna,Eastern Meadowlark,0.2201,D:/AcousticMonitoringData/ELDON5_Data/Week16\ELDON5_20250428_051900.wav
3510.0,3513.0,Passerina caerulea,Blue Grosbeak,0.0134,D:/AcousticMonitoringData/ELDON5_Data/Week16\ELDON5_20250428_051900.wav
3513.0,3516.0,Melospiza melodia,Song Sparrow,0.0200,D:/AcousticMonitoringData/ELDON5_Data/Week16\ELDON5_20250428_051900.wav
3513.0,3516.0,Sturnella magna,Eastern Meadowlark,0.0122,D:/AcousticMonitoringData/ELDON5_Data/Week16\ELDON5_20250428_051900.wav
3516.0,3519.0,Geothlypis trichas,Common Yellowthroat,0.0453,D:/AcousticMonitoringData/ELDON5_Data/Week16\ELDON5_20250428_051900.wav
3516.0,3519.0,Sturnella magna,Eastern Meadowlark,0.0255,D:/AcousticMonitoringData/ELDON5_Data/Week16\ELDON5_20250428_051900.wav
3516.0,3519.0,Passerina caerulea,Blue Grosbeak,0.0160,D:/AcousticMonitoringData/ELDON5_Data/Week16\ELDON5_20250428_051900.wav
3516.0,3519.0,Spizella pusilla,Field Sparrow,0.0134,D:/AcousticMonitoringData/ELDON5_Data/Week16\ELDON5_20250428_051900.wav
3519.0,3522.0,Sturnella magna,Eastern Meadowlark,0.1192,D:/AcousticMonitoringData/ELDON5_Data/Week16\ELDON5_20250428_051900.wav
3519.0,3522.0,Spizella pusilla,Field Sparrow,0.0145,D:/AcousticMonitoringData/ELDON5_Data/Week16\ELDON5_20250428_051900.wav
3519.0,3522.0,Melospiza melodia,Song Sparrow,0.0135,D:/AcousticMonitoringData/ELDON5_Data/Week16\ELDON5_20250428_051900.wav
3519.0,3522.0,Passerina caerulea,Blue Grosbeak,0.0115,D:/AcousticMonitoringData/ELDON5_Data/Week16\ELDON5_20250428_051900.wav
3528.0,3531.0,Sturnella magna,Eastern Meadowlark,0.0547,D:/AcousticMonitoringData/ELDON5_Data/Week16\ELDON5_20250428_051900.wav
3528.0,3531.0,Melospiza melodia,Song Sparrow,0.0128,D:/AcousticMonitoringData/ELDON5_Data/Week16\ELDON5_20250428_051900.wav
3531.0,3534.0,Sturnella magna,Eastern Meadowlark,0.3934,D:/AcousticMonitoringData/ELDON5_Data/Week16\ELDON5_20250428_051900.wav
3531.0,3534.0,Bartramia longicauda,Upland Sandpiper,0.0159,D:/AcousticMonitoringData/ELDON5_Data/Week16\ELDON5_20250428_051900.wav
3537.0,3540.0,Sturnella magna,Eastern Meadowlark,0.0758,D:/AcousticMonitoringData/ELDON5_Data/Week16\ELDON5_20250428_051900.wav
3537.0,3540.0,Passerina caerulea,Blue Grosbeak,0.0164,D:/AcousticMonitoringData/ELDON5_Data/Week16\ELDON5_20250428_051900.wav
3540.0,3543.0,Sturnella magna,Eastern Meadowlark,0.2745,D:/AcousticMonitoringData/ELDON5_Data/Week16\ELDON5_20250428_051900.wav
3540.0,3543.0,Bartramia longicauda,Upland Sandpiper,0.0246,D:/AcousticMonitoringData/ELDON5_Data/Week16\ELDON5_20250428_051900.wav
3543.0,3546.0,Geothlypis trichas,Common Yellowthroat,0.0175,D:/AcousticMonitoringData/ELDON5_Data/Week16\ELDON5_20250428_051900.wav
3543.0,3546.0,Spizella pusilla,Field Sparrow,0.0116,D:/AcousticMonitoringData/ELDON5_Data/Week16\ELDON5_20250428_051900.wav
3546.0,3549.0,Melospiza melodia,Song Sparrow,0.0275,D:/AcousticMonitoringData/ELDON5_Data/Week16\ELDON5_20250428_051900.wav
3549.0,3552.0,Geothlypis trichas,Common Yellowthroat,0.0200,D:/AcousticMonitoringData/ELDON5_Data/Week16\ELDON5_20250428_051900.wav
3552.0,3555.0,Melospiza melodia,Song Sparrow,0.0415,D:/AcousticMonitoringData/ELDON5_Data/Week16\ELDON5_20250428_051900.wav
3552.0,3555.0,Spizella pusilla,Field Sparrow,0.0370,D:/AcousticMonitoringData/ELDON5_Data/Week16\ELDON5_20250428_051900.wav
3552.0,3555.0,Geothlypis trichas,Common Yellowthroat,0.0188,D:/AcousticMonitoringData/ELDON5_Data/Week16\ELDON5_20250428_051900.wav
3555.0,3558.0,Geothlypis trichas,Common Yellowthroat,0.1868,D:/AcousticMonitoringData/ELDON5_Data/Week16\ELDON5_20250428_051900.wav
3555.0,3558.0,Melospiza melodia,Song Sparrow,0.0170,D:/AcousticMonitoringData/ELDON5_Data/Week16\ELDON5_20250428_051900.wav
3555.0,3558.0,Sturnella magna,Eastern Meadowlark,0.0115,D:/AcousticMonitoringData/ELDON5_Data/Week16\ELDON5_20250428_051900.wav
3555.0,3558.0,Spizella pusilla,Field Sparrow,0.0112,D:/AcousticMonitoringData/ELDON5_Data/Week16\ELDON5_20250428_051900.wav
3558.0,3561.0,Melospiza melodia,Song Sparrow,0.0148,D:/AcousticMonitoringData/ELDON5_Data/Week16\ELDON5_20250428_051900.wav
3561.0,3564.0,Sturnella magna,Eastern Meadowlark,0.0104,D:/AcousticMonitoringData/ELDON5_Data/Week16\ELDON5_20250428_051900.wav
3564.0,3567.0,Spizella pusilla,Field Sparrow,0.0353,D:/AcousticMonitoringData/ELDON5_Data/Week16\ELDON5_20250428_051900.wav
3564.0,3567.0,Sturnella magna,Eastern Meadowlark,0.0280,D:/AcousticMonitoringData/ELDON5_Data/Week16\ELDON5_20250428_051900.wav
3567.0,3570.0,Spizella pusilla,Field Sparrow,0.0156,D:/AcousticMonitoringData/ELDON5_Data/Week16\ELDON5_20250428_051900.wav
3567.0,3570.0,Passerina caerulea,Blue Grosbeak,0.0144,D:/AcousticMonitoringData/ELDON5_Data/Week16\ELDON5_20250428_051900.wav
3573.0,3576.0,Spizella pusilla,Field Sparrow,0.0137,D:/AcousticMonitoringData/ELDON5_Data/Week16\ELDON5_20250428_051900.wav
3576.0,3579.0,Sturnella magna,Eastern Meadowlark,0.0386,D:/AcousticMonitoringData/ELDON5_Data/Week16\ELDON5_20250428_051900.wav
3576.0,3579.0,Geothlypis trichas,Common Yellowthroat,0.0172,D:/AcousticMonitoringData/ELDON5_Data/Week16\ELDON5_20250428_051900.wav
3576.0,3579.0,Passerina caerulea,Blue Grosbeak,0.0128,D:/AcousticMonitoringData/ELDON5_Data/Week16\ELDON5_20250428_051900.wav
3579.0,3582.0,Sturnella magna,Eastern Meadowlark,0.0119,D:/AcousticMonitoringData/ELDON5_Data/Week16\ELDON5_20250428_051900.wav
3582.0,3585.0,Sturnella magna,Eastern Meadowlark,0.2192,D:/AcousticMonitoringData/ELDON5_Data/Week16\ELDON5_20250428_051900.wav
3585.0,3588.0,Geothlypis trichas,Common Yellowthroat,0.0119,D:/AcousticMonitoringData/ELDON5_Data/Week16\ELDON5_20250428_051900.wav
3585.0,3588.0,Sturnella magna,Eastern Meadowlark,0.0116,D:/AcousticMonitoringData/ELDON5_Data/Week16\ELDON5_20250428_051900.wav
3591.0,3594.0,Sturnella magna,Eastern Meadowlark,0.0282,D:/AcousticMonitoringData/ELDON5_Data/Week16\ELDON5_20250428_051900.wav
3594.0,3597.0,Geothlypis trichas,Common Yellowthroat,0.0118,D:/AcousticMonitoringData/ELDON5_Data/Week16\ELDON5_20250428_051900.wav
3594.0,3597.0,Sturnella magna,Eastern Meadowlark,0.0115,D:/AcousticMonitoringData/ELDON5_Data/Week16\ELDON5_20250428_051900.wav
3597.0,3600.0,Sturnella magna,Eastern Meadowlark,0.0628,D:/AcousticMonitoringData/ELDON5_Data/Week16\ELDON5_20250428_051900.wav
3600.0,3603.0,Melospiza melodia,Song Sparrow,0.0331,D:/AcousticMonitoringData/ELDON5_Data/Week16\ELDON5_20250428_051900.wav
3600.0,3603.0,Sturnella magna,Eastern Meadowlark,0.0191,D:/AcousticMonitoringData/ELDON5_Data/Week16\ELDON5_20250428_051900.wav
3600.0,3603.0,Geothlypis trichas,Common Yellowthroat,0.0140,D:/AcousticMonitoringData/ELDON5_Data/Week16\ELDON5_20250428_051900.wav
3603.0,3606.0,Sturnella magna,Eastern Meadowlark,0.3435,D:/AcousticMonitoringData/ELDON5_Data/Week16\ELDON5_20250428_051900.wav
