Start (s),End (s),Scientific name,Common name,Confidence,File
0,3.0,Sturnella magna,Eastern Meadowlark,0.0887,D:/AcousticMonitoringData/ELDON3_Data/Week18\ELDON3_20250509_060602.wav
0,3.0,Geothlypis trichas,Common Yellowthroat,0.0308,D:/AcousticMonitoringData/ELDON3_Data/Week18\ELDON3_20250509_060602.wav
0,3.0,Passerina caerulea,Blue Grosbeak,0.0134,D:/AcousticMonitoringData/ELDON3_Data/Week18\ELDON3_20250509_060602.wav
0,3.0,Spizella pusilla,Field Sparrow,0.0113,D:/AcousticMonitoringData/ELDON3_Data/Week18\ELDON3_20250509_060602.wav
3.0,6.0,Sturnella magna,Eastern Meadowlark,0.1129,D:/AcousticMonitoringData/ELDON3_Data/Week18\ELDON3_20250509_060602.wav
3.0,6.0,Passerina caerulea,Blue Grosbeak,0.0143,D:/AcousticMonitoringData/ELDON3_Data/Week18\ELDON3_20250509_060602.wav
6.0,9.0,Sturnella magna,Eastern Meadowlark,0.1649,D:/AcousticMonitoringData/ELDON3_Data/Week18\ELDON3_20250509_060602.wav
9.0,12.0,Sturnella magna,Eastern Meadowlark,0.0221,D:/AcousticMonitoringData/ELDON3_Data/Week18\ELDON3_20250509_060602.wav
12.0,15.0,Geothlypis trichas,Common Yellowthroat,0.0372,D:/AcousticMonitoringData/ELDON3_Data/Week18\ELDON3_20250509_060602.wav
12.0,15.0,Sturnella magna,Eastern Meadowlark,0.0241,D:/AcousticMonitoringData/ELDON3_Data/Week18\ELDON3_20250509_060602.wav
12.0,15.0,Spizella pusilla,Field Sparrow,0.0169,D:/AcousticMonitoringData/ELDON3_Data/Week18\ELDON3_20250509_060602.wav
12.0,15.0,Passerina caerulea,Blue Grosbeak,0.0131,D:/AcousticMonitoringData/ELDON3_Data/Week18\ELDON3_20250509_060602.wav
15.0,18.0,Sturnella magna,Eastern Meadowlark,0.8362,D:/AcousticMonitoringData/ELDON3_Data/Week18\ELDON3_20250509_060602.wav
15.0,18.0,Passerina caerulea,Blue Grosbeak,0.0107,D:/AcousticMonitoringData/ELDON3_Data/Week18\ELDON3_20250509_060602.wav
24.0,27.0,Sturnella magna,Eastern Meadowlark,0.0550,D:/AcousticMonitoringData/ELDON3_Data/Week18\ELDON3_20250509_060602.wav
24.0,27.0,Geothlypis trichas,Common Yellowthroat,0.0529,D:/AcousticMonitoringData/ELDON3_Data/Week18\ELDON3_20250509_060602.wav
24.0,27.0,Spizella pusilla,Field Sparrow,0.0501,D:/AcousticMonitoringData/ELDON3_Data/Week18\ELDON3_20250509_060602.wav
24.0,27.0,Passerina caerulea,Blue Grosbeak,0.0154,D:/AcousticMonitoringData/ELDON3_Data/Week18\ELDON3_20250509_060602.wav
27.0,30.0,Sturnella magna,Eastern Meadowlark,0.2262,D:/AcousticMonitoringData/ELDON3_Data/Week18\ELDON3_20250509_060602.wav
33.0,36.0,Sturnella magna,Eastern Meadowlark,0.1620,D:/AcousticMonitoringData/ELDON3_Data/Week18\ELDON3_20250509_060602.wav
33.0,36.0,Passerina caerulea,Blue Grosbeak,0.0116,D:/AcousticMonitoringData/ELDON3_Data/Week18\ELDON3_20250509_060602.wav
39.0,42.0,Sturnella magna,Eastern Meadowlark,0.9771,D:/AcousticMonitoringData/ELDON3_Data/Week18\ELDON3_20250509_060602.wav
45.0,48.0,Sturnella magna,Eastern Meadowlark,0.0435,D:/AcousticMonitoringData/ELDON3_Data/Week18\ELDON3_20250509_060602.wav
48.0,51.0,Sturnella magna,Eastern Meadowlark,0.7600,D:/AcousticMonitoringData/ELDON3_Data/Week18\ELDON3_20250509_060602.wav
51.0,54.0,Sturnella magna,Eastern Meadowlark,0.9832,D:/AcousticMonitoringData/ELDON3_Data/Week18\ELDON3_20250509_060602.wav
54.0,57.0,Sturnella magna,Eastern Meadowlark,0.0248,D:/AcousticMonitoringData/ELDON3_Data/Week18\ELDON3_20250509_060602.wav
54.0,57.0,Geothlypis trichas,Common Yellowthroat,0.0169,D:/AcousticMonitoringData/ELDON3_Data/Week18\ELDON3_20250509_060602.wav
54.0,57.0,Passerina caerulea,Blue Grosbeak,0.0146,D:/AcousticMonitoringData/ELDON3_Data/Week18\ELDON3_20250509_060602.wav
57.0,60.0,Sturnella magna,Eastern Meadowlark,0.0485,D:/AcousticMonitoringData/ELDON3_Data/Week18\ELDON3_20250509_060602.wav
57.0,60.0,Geothlypis trichas,Common Yellowthroat,0.0285,D:/AcousticMonitoringData/ELDON3_Data/Week18\ELDON3_20250509_060602.wav
60.0,63.0,Sturnella magna,Eastern Meadowlark,0.0164,D:/AcousticMonitoringData/ELDON3_Data/Week18\ELDON3_20250509_060602.wav
60.0,63.0,Geothlypis trichas,Common Yellowthroat,0.0116,D:/AcousticMonitoringData/ELDON3_Data/Week18\ELDON3_20250509_060602.wav
63.0,66.0,Sturnella magna,Eastern Meadowlark,0.2902,D:/AcousticMonitoringData/ELDON3_Data/Week18\ELDON3_20250509_060602.wav
66.0,69.0,Sturnella magna,Eastern Meadowlark,0.0162,D:/AcousticMonitoringData/ELDON3_Data/Week18\ELDON3_20250509_060602.wav
69.0,72.0,Sturnella magna,Eastern Meadowlark,0.0286,D:/AcousticMonitoringData/ELDON3_Data/Week18\ELDON3_20250509_060602.wav
69.0,72.0,Spizella pusilla,Field Sparrow,0.0169,D:/AcousticMonitoringData/ELDON3_Data/Week18\ELDON3_20250509_060602.wav
69.0,72.0,Passerina caerulea,Blue Grosbeak,0.0164,D:/AcousticMonitoringData/ELDON3_Data/Week18\ELDON3_20250509_060602.wav
69.0,72.0,Geothlypis trichas,Common Yellowthroat,0.0118,D:/AcousticMonitoringData/ELDON3_Data/Week18\ELDON3_20250509_060602.wav
72.0,75.0,Sturnella magna,Eastern Meadowlark,0.1405,D:/AcousticMonitoringData/ELDON3_Data/Week18\ELDON3_20250509_060602.wav
72.0,75.0,Spizella pusilla,Field Sparrow,0.0254,D:/AcousticMonitoringData/ELDON3_Data/Week18\ELDON3_20250509_060602.wav
75.0,78.0,Sturnella magna,Eastern Meadowlark,0.2425,D:/AcousticMonitoringData/ELDON3_Data/Week18\ELDON3_20250509_060602.wav
78.0,81.0,Bartramia longicauda,Upland Sandpiper,0.0360,D:/AcousticMonitoringData/ELDON3_Data/Week18\ELDON3_20250509_060602.wav
78.0,81.0,Geothlypis trichas,Common Yellowthroat,0.0360,D:/AcousticMonitoringData/ELDON3_Data/Week18\ELDON3_20250509_060602.wav
81.0,84.0,Sturnella magna,Eastern Meadowlark,0.0720,D:/AcousticMonitoringData/ELDON3_Data/Week18\ELDON3_20250509_060602.wav
81.0,84.0,Geothlypis trichas,Common Yellowthroat,0.0256,D:/AcousticMonitoringData/ELDON3_Data/Week18\ELDON3_20250509_060602.wav
81.0,84.0,Spizella pusilla,Field Sparrow,0.0176,D:/AcousticMonitoringData/ELDON3_Data/Week18\ELDON3_20250509_060602.wav
84.0,87.0,Sturnella magna,Eastern Meadowlark,0.4650,D:/AcousticMonitoringData/ELDON3_Data/Week18\ELDON3_20250509_060602.wav
87.0,90.0,Sturnella magna,Eastern Meadowlark,0.0113,D:/AcousticMonitoringData/ELDON3_Data/Week18\ELDON3_20250509_060602.wav
90.0,93.0,Sturnella magna,Eastern Meadowlark,0.0697,D:/AcousticMonitoringData/ELDON3_Data/Week18\ELDON3_20250509_060602.wav
90.0,93.0,Geothlypis trichas,Common Yellowthroat,0.0177,D:/AcousticMonitoringData/ELDON3_Data/Week18\ELDON3_20250509_060602.wav
90.0,93.0,Eremophila alpestris,Horned Lark,0.0113,D:/AcousticMonitoringData/ELDON3_Data/Week18\ELDON3_20250509_060602.wav
93.0,96.0,Sturnella magna,Eastern Meadowlark,0.0307,D:/AcousticMonitoringData/ELDON3_Data/Week18\ELDON3_20250509_060602.wav
96.0,99.0,Sturnella magna,Eastern Meadowlark,0.8471,D:/AcousticMonitoringData/ELDON3_Data/Week18\ELDON3_20250509_060602.wav
99.0,102.0,Sturnella magna,Eastern Meadowlark,0.0225,D:/AcousticMonitoringData/ELDON3_Data/Week18\ELDON3_20250509_060602.wav
102.0,105.0,Spizella pusilla,Field Sparrow,0.0431,D:/AcousticMonitoringData/ELDON3_Data/Week18\ELDON3_20250509_060602.wav
102.0,105.0,Sturnella magna,Eastern Meadowlark,0.0233,D:/AcousticMonitoringData/ELDON3_Data/Week18\ELDON3_20250509_060602.wav
102.0,105.0,Geothlypis trichas,Common Yellowthroat,0.0182,D:/AcousticMonitoringData/ELDON3_Data/Week18\ELDON3_20250509_060602.wav
102.0,105.0,Passerina caerulea,Blue Grosbeak,0.0147,D:/AcousticMonitoringData/ELDON3_Data/Week18\ELDON3_20250509_060602.wav
105.0,108.0,Sturnella magna,Eastern Meadowlark,0.0991,D:/AcousticMonitoringData/ELDON3_Data/Week18\ELDON3_20250509_060602.wav
105.0,108.0,Spizella pusilla,Field Sparrow,0.0130,D:/AcousticMonitoringData/ELDON3_Data/Week18\ELDON3_20250509_060602.wav
105.0,108.0,Passerina caerulea,Blue Grosbeak,0.0108,D:/AcousticMonitoringData/ELDON3_Data/Week18\ELDON3_20250509_060602.wav
108.0,111.0,Sturnella magna,Eastern Meadowlark,0.1411,D:/AcousticMonitoringData/ELDON3_Data/Week18\ELDON3_20250509_060602.wav
108.0,111.0,Spizella pusilla,Field Sparrow,0.0168,D:/AcousticMonitoringData/ELDON3_Data/Week18\ELDON3_20250509_060602.wav
108.0,111.0,Geothlypis trichas,Common Yellowthroat,0.0117,D:/AcousticMonitoringData/ELDON3_Data/Week18\ELDON3_20250509_060602.wav
114.0,117.0,Sturnella magna,Eastern Meadowlark,0.0111,D:/AcousticMonitoringData/ELDON3_Data/Week18\ELDON3_20250509_060602.wav
117.0,120.0,Spizella pusilla,Field Sparrow,0.2315,D:/AcousticMonitoringData/ELDON3_Data/Week18\ELDON3_20250509_060602.wav
117.0,120.0,Sturnella magna,Eastern Meadowlark,0.0450,D:/AcousticMonitoringData/ELDON3_Data/Week18\ELDON3_20250509_060602.wav
117.0,120.0,Passerina caerulea,Blue Grosbeak,0.0191,D:/AcousticMonitoringData/ELDON3_Data/Week18\ELDON3_20250509_060602.wav
117.0,120.0,Geothlypis trichas,Common Yellowthroat,0.0118,D:/AcousticMonitoringData/ELDON3_Data/Week18\ELDON3_20250509_060602.wav
120.0,123.0,Sturnella magna,Eastern Meadowlark,0.0260,D:/AcousticMonitoringData/ELDON3_Data/Week18\ELDON3_20250509_060602.wav
120.0,123.0,Geothlypis trichas,Common Yellowthroat,0.0128,D:/AcousticMonitoringData/ELDON3_Data/Week18\ELDON3_20250509_060602.wav
120.0,123.0,Spizella pusilla,Field Sparrow,0.0125,D:/AcousticMonitoringData/ELDON3_Data/Week18\ELDON3_20250509_060602.wav
123.0,126.0,Sturnella magna,Eastern Meadowlark,0.1408,D:/AcousticMonitoringData/ELDON3_Data/Week18\ELDON3_20250509_060602.wav
123.0,126.0,Spizella pusilla,Field Sparrow,0.0507,D:/AcousticMonitoringData/ELDON3_Data/Week18\ELDON3_20250509_060602.wav
126.0,129.0,Sturnella magna,Eastern Meadowlark,0.6447,D:/AcousticMonitoringData/ELDON3_Data/Week18\ELDON3_20250509_060602.wav
129.0,132.0,Sturnella magna,Eastern Meadowlark,0.0226,D:/AcousticMonitoringData/ELDON3_Data/Week18\ELDON3_20250509_060602.wav
132.0,135.0,Sturnella magna,Eastern Meadowlark,0.0251,D:/AcousticMonitoringData/ELDON3_Data/Week18\ELDON3_20250509_060602.wav
135.0,138.0,Geothlypis trichas,Common Yellowthroat,0.0140,D:/AcousticMonitoringData/ELDON3_Data/Week18\ELDON3_20250509_060602.wav
135.0,138.0,Sturnella magna,Eastern Meadowlark,0.0114,D:/AcousticMonitoringData/ELDON3_Data/Week18\ELDON3_20250509_060602.wav
141.0,144.0,Sturnella magna,Eastern Meadowlark,0.6817,D:/AcousticMonitoringData/ELDON3_Data/Week18\ELDON3_20250509_060602.wav
144.0,147.0,Sturnella magna,Eastern Meadowlark,0.0710,D:/AcousticMonitoringData/ELDON3_Data/Week18\ELDON3_20250509_060602.wav
147.0,150.0,Sturnella magna,Eastern Meadowlark,0.0532,D:/AcousticMonitoringData/ELDON3_Data/Week18\ELDON3_20250509_060602.wav
147.0,150.0,Passerina caerulea,Blue Grosbeak,0.0240,D:/AcousticMonitoringData/ELDON3_Data/Week18\ELDON3_20250509_060602.wav
147.0,150.0,Geothlypis trichas,Common Yellowthroat,0.0149,D:/AcousticMonitoringData/ELDON3_Data/Week18\ELDON3_20250509_060602.wav
156.0,159.0,Sturnella magna,Eastern Meadowlark,0.0312,D:/AcousticMonitoringData/ELDON3_Data/Week18\ELDON3_20250509_060602.wav
156.0,159.0,Passerina caerulea,Blue Grosbeak,0.0112,D:/AcousticMonitoringData/ELDON3_Data/Week18\ELDON3_20250509_060602.wav
156.0,159.0,Geothlypis trichas,Common Yellowthroat,0.0109,D:/AcousticMonitoringData/ELDON3_Data/Week18\ELDON3_20250509_060602.wav
159.0,162.0,Spizella pusilla,Field Sparrow,0.1300,D:/AcousticMonitoringData/ELDON3_Data/Week18\ELDON3_20250509_060602.wav
159.0,162.0,Sturnella magna,Eastern Meadowlark,0.0338,D:/AcousticMonitoringData/ELDON3_Data/Week18\ELDON3_20250509_060602.wav
159.0,162.0,Geothlypis trichas,Common Yellowthroat,0.0153,D:/AcousticMonitoringData/ELDON3_Data/Week18\ELDON3_20250509_060602.wav
165.0,168.0,Geothlypis trichas,Common Yellowthroat,0.0263,D:/AcousticMonitoringData/ELDON3_Data/Week18\ELDON3_20250509_060602.wav
165.0,168.0,Spizella pusilla,Field Sparrow,0.0123,D:/AcousticMonitoringData/ELDON3_Data/Week18\ELDON3_20250509_060602.wav
165.0,168.0,Passerina caerulea,Blue Grosbeak,0.0110,D:/AcousticMonitoringData/ELDON3_Data/Week18\ELDON3_20250509_060602.wav
168.0,171.0,Sturnella magna,Eastern Meadowlark,0.6597,D:/AcousticMonitoringData/ELDON3_Data/Week18\ELDON3_20250509_060602.wav
168.0,171.0,Passerina caerulea,Blue Grosbeak,0.0242,D:/AcousticMonitoringData/ELDON3_Data/Week18\ELDON3_20250509_060602.wav
168.0,171.0,Spizella pusilla,Field Sparrow,0.0214,D:/AcousticMonitoringData/ELDON3_Data/Week18\ELDON3_20250509_060602.wav
168.0,171.0,Geothlypis trichas,Common Yellowthroat,0.0151,D:/AcousticMonitoringData/ELDON3_Data/Week18\ELDON3_20250509_060602.wav
174.0,177.0,Sturnella magna,Eastern Meadowlark,0.0233,D:/AcousticMonitoringData/ELDON3_Data/Week18\ELDON3_20250509_060602.wav
174.0,177.0,Spizella pusilla,Field Sparrow,0.0202,D:/AcousticMonitoringData/ELDON3_Data/Week18\ELDON3_20250509_060602.wav
174.0,177.0,Geothlypis trichas,Common Yellowthroat,0.0137,D:/AcousticMonitoringData/ELDON3_Data/Week18\ELDON3_20250509_060602.wav
177.0,180.0,Sturnella magna,Eastern Meadowlark,0.0249,D:/AcousticMonitoringData/ELDON3_Data/Week18\ELDON3_20250509_060602.wav
177.0,180.0,Geothlypis trichas,Common Yellowthroat,0.0154,D:/AcousticMonitoringData/ELDON3_Data/Week18\ELDON3_20250509_060602.wav
177.0,180.0,Spizella pusilla,Field Sparrow,0.0119,D:/AcousticMonitoringData/ELDON3_Data/Week18\ELDON3_20250509_060602.wav
180.0,183.0,Sturnella magna,Eastern Meadowlark,0.0123,D:/AcousticMonitoringData/ELDON3_Data/Week18\ELDON3_20250509_060602.wav
183.0,186.0,Sturnella magna,Eastern Meadowlark,0.0202,D:/AcousticMonitoringData/ELDON3_Data/Week18\ELDON3_20250509_060602.wav
186.0,189.0,Geothlypis trichas,Common Yellowthroat,0.2229,D:/AcousticMonitoringData/ELDON3_Data/Week18\ELDON3_20250509_060602.wav
186.0,189.0,Passerina caerulea,Blue Grosbeak,0.0372,D:/AcousticMonitoringData/ELDON3_Data/Week18\ELDON3_20250509_060602.wav
186.0,189.0,Spizella pusilla,Field Sparrow,0.0234,D:/AcousticMonitoringData/ELDON3_Data/Week18\ELDON3_20250509_060602.wav
186.0,189.0,Sturnella magna,Eastern Meadowlark,0.0133,D:/AcousticMonitoringData/ELDON3_Data/Week18\ELDON3_20250509_060602.wav
189.0,192.0,Sturnella magna,Eastern Meadowlark,0.0145,D:/AcousticMonitoringData/ELDON3_Data/Week18\ELDON3_20250509_060602.wav
192.0,195.0,Sturnella magna,Eastern Meadowlark,0.0155,D:/AcousticMonitoringData/ELDON3_Data/Week18\ELDON3_20250509_060602.wav
195.0,198.0,Spizella pusilla,Field Sparrow,0.0245,D:/AcousticMonitoringData/ELDON3_Data/Week18\ELDON3_20250509_060602.wav
195.0,198.0,Sturnella magna,Eastern Meadowlark,0.0193,D:/AcousticMonitoringData/ELDON3_Data/Week18\ELDON3_20250509_060602.wav
195.0,198.0,Geothlypis trichas,Common Yellowthroat,0.0118,D:/AcousticMonitoringData/ELDON3_Data/Week18\ELDON3_20250509_060602.wav
204.0,207.0,Spizella pusilla,Field Sparrow,0.0240,D:/AcousticMonitoringData/ELDON3_Data/Week18\ELDON3_20250509_060602.wav
204.0,207.0,Sturnella magna,Eastern Meadowlark,0.0193,D:/AcousticMonitoringData/ELDON3_Data/Week18\ELDON3_20250509_060602.wav
207.0,210.0,Spizella pusilla,Field Sparrow,0.0325,D:/AcousticMonitoringData/ELDON3_Data/Week18\ELDON3_20250509_060602.wav
207.0,210.0,Sturnella magna,Eastern Meadowlark,0.0154,D:/AcousticMonitoringData/ELDON3_Data/Week18\ELDON3_20250509_060602.wav
207.0,210.0,Geothlypis trichas,Common Yellowthroat,0.0150,D:/AcousticMonitoringData/ELDON3_Data/Week18\ELDON3_20250509_060602.wav
222.0,225.0,Sturnella magna,Eastern Meadowlark,0.0126,D:/AcousticMonitoringData/ELDON3_Data/Week18\ELDON3_20250509_060602.wav
225.0,228.0,Sturnella magna,Eastern Meadowlark,0.0527,D:/AcousticMonitoringData/ELDON3_Data/Week18\ELDON3_20250509_060602.wav
225.0,228.0,Spizella pusilla,Field Sparrow,0.0155,D:/AcousticMonitoringData/ELDON3_Data/Week18\ELDON3_20250509_060602.wav
225.0,228.0,Passerina caerulea,Blue Grosbeak,0.0106,D:/AcousticMonitoringData/ELDON3_Data/Week18\ELDON3_20250509_060602.wav
228.0,231.0,Sturnella magna,Eastern Meadowlark,0.0342,D:/AcousticMonitoringData/ELDON3_Data/Week18\ELDON3_20250509_060602.wav
228.0,231.0,Spizella pusilla,Field Sparrow,0.0250,D:/AcousticMonitoringData/ELDON3_Data/Week18\ELDON3_20250509_060602.wav
231.0,234.0,Sturnella magna,Eastern Meadowlark,0.0206,D:/AcousticMonitoringData/ELDON3_Data/Week18\ELDON3_20250509_060602.wav
234.0,237.0,Sturnella magna,Eastern Meadowlark,0.0158,D:/AcousticMonitoringData/ELDON3_Data/Week18\ELDON3_20250509_060602.wav
237.0,240.0,Sturnella magna,Eastern Meadowlark,0.0238,D:/AcousticMonitoringData/ELDON3_Data/Week18\ELDON3_20250509_060602.wav
240.0,243.0,Sturnella magna,Eastern Meadowlark,0.0116,D:/AcousticMonitoringData/ELDON3_Data/Week18\ELDON3_20250509_060602.wav
246.0,249.0,Sturnella magna,Eastern Meadowlark,0.0485,D:/AcousticMonitoringData/ELDON3_Data/Week18\ELDON3_20250509_060602.wav
246.0,249.0,Passerina caerulea,Blue Grosbeak,0.0226,D:/AcousticMonitoringData/ELDON3_Data/Week18\ELDON3_20250509_060602.wav
249.0,252.0,Geothlypis trichas,Common Yellowthroat,0.0532,D:/AcousticMonitoringData/ELDON3_Data/Week18\ELDON3_20250509_060602.wav
249.0,252.0,Spizella pusilla,Field Sparrow,0.0275,D:/AcousticMonitoringData/ELDON3_Data/Week18\ELDON3_20250509_060602.wav
249.0,252.0,Sturnella magna,Eastern Meadowlark,0.0265,D:/AcousticMonitoringData/ELDON3_Data/Week18\ELDON3_20250509_060602.wav
249.0,252.0,Passerina caerulea,Blue Grosbeak,0.0146,D:/AcousticMonitoringData/ELDON3_Data/Week18\ELDON3_20250509_060602.wav
252.0,255.0,Sturnella magna,Eastern Meadowlark,0.2300,D:/AcousticMonitoringData/ELDON3_Data/Week18\ELDON3_20250509_060602.wav
252.0,255.0,Passerina caerulea,Blue Grosbeak,0.0238,D:/AcousticMonitoringData/ELDON3_Data/Week18\ELDON3_20250509_060602.wav
252.0,255.0,Spizella pusilla,Field Sparrow,0.0164,D:/AcousticMonitoringData/ELDON3_Data/Week18\ELDON3_20250509_060602.wav
255.0,258.0,Sturnella magna,Eastern Meadowlark,0.7877,D:/AcousticMonitoringData/ELDON3_Data/Week18\ELDON3_20250509_060602.wav
255.0,258.0,Spizella pusilla,Field Sparrow,0.0316,D:/AcousticMonitoringData/ELDON3_Data/Week18\ELDON3_20250509_060602.wav
255.0,258.0,Passerina caerulea,Blue Grosbeak,0.0150,D:/AcousticMonitoringData/ELDON3_Data/Week18\ELDON3_20250509_060602.wav
255.0,258.0,Bartramia longicauda,Upland Sandpiper,0.0120,D:/AcousticMonitoringData/ELDON3_Data/Week18\ELDON3_20250509_060602.wav
258.0,261.0,Sturnella magna,Eastern Meadowlark,0.0946,D:/AcousticMonitoringData/ELDON3_Data/Week18\ELDON3_20250509_060602.wav
258.0,261.0,Passerina caerulea,Blue Grosbeak,0.0157,D:/AcousticMonitoringData/ELDON3_Data/Week18\ELDON3_20250509_060602.wav
264.0,267.0,Spizella pusilla,Field Sparrow,0.0321,D:/AcousticMonitoringData/ELDON3_Data/Week18\ELDON3_20250509_060602.wav
264.0,267.0,Sturnella magna,Eastern Meadowlark,0.0101,D:/AcousticMonitoringData/ELDON3_Data/Week18\ELDON3_20250509_060602.wav
267.0,270.0,Sturnella magna,Eastern Meadowlark,0.0794,D:/AcousticMonitoringData/ELDON3_Data/Week18\ELDON3_20250509_060602.wav
267.0,270.0,Geothlypis trichas,Common Yellowthroat,0.0284,D:/AcousticMonitoringData/ELDON3_Data/Week18\ELDON3_20250509_060602.wav
267.0,270.0,Passerina caerulea,Blue Grosbeak,0.0157,D:/AcousticMonitoringData/ELDON3_Data/Week18\ELDON3_20250509_060602.wav
267.0,270.0,Spizella pusilla,Field Sparrow,0.0124,D:/AcousticMonitoringData/ELDON3_Data/Week18\ELDON3_20250509_060602.wav
273.0,276.0,Sturnella magna,Eastern Meadowlark,0.0380,D:/AcousticMonitoringData/ELDON3_Data/Week18\ELDON3_20250509_060602.wav
273.0,276.0,Spizella pusilla,Field Sparrow,0.0351,D:/AcousticMonitoringData/ELDON3_Data/Week18\ELDON3_20250509_060602.wav
273.0,276.0,Geothlypis trichas,Common Yellowthroat,0.0250,D:/AcousticMonitoringData/ELDON3_Data/Week18\ELDON3_20250509_060602.wav
273.0,276.0,Passerina caerulea,Blue Grosbeak,0.0102,D:/AcousticMonitoringData/ELDON3_Data/Week18\ELDON3_20250509_060602.wav
276.0,279.0,Passerina caerulea,Blue Grosbeak,0.0375,D:/AcousticMonitoringData/ELDON3_Data/Week18\ELDON3_20250509_060602.wav
276.0,279.0,Sturnella magna,Eastern Meadowlark,0.0263,D:/AcousticMonitoringData/ELDON3_Data/Week18\ELDON3_20250509_060602.wav
276.0,279.0,Spizella pusilla,Field Sparrow,0.0194,D:/AcousticMonitoringData/ELDON3_Data/Week18\ELDON3_20250509_060602.wav
279.0,282.0,Sturnella magna,Eastern Meadowlark,0.0110,D:/AcousticMonitoringData/ELDON3_Data/Week18\ELDON3_20250509_060602.wav
282.0,285.0,Sturnella magna,Eastern Meadowlark,0.0104,D:/AcousticMonitoringData/ELDON3_Data/Week18\ELDON3_20250509_060602.wav
285.0,288.0,Geothlypis trichas,Common Yellowthroat,0.0662,D:/AcousticMonitoringData/ELDON3_Data/Week18\ELDON3_20250509_060602.wav
285.0,288.0,Sturnella magna,Eastern Meadowlark,0.0566,D:/AcousticMonitoringData/ELDON3_Data/Week18\ELDON3_20250509_060602.wav
285.0,288.0,Passerina caerulea,Blue Grosbeak,0.0280,D:/AcousticMonitoringData/ELDON3_Data/Week18\ELDON3_20250509_060602.wav
285.0,288.0,Spizella pusilla,Field Sparrow,0.0162,D:/AcousticMonitoringData/ELDON3_Data/Week18\ELDON3_20250509_060602.wav
294.0,297.0,Geothlypis trichas,Common Yellowthroat,0.0394,D:/AcousticMonitoringData/ELDON3_Data/Week18\ELDON3_20250509_060602.wav
297.0,300.0,Sturnella magna,Eastern Meadowlark,0.0569,D:/AcousticMonitoringData/ELDON3_Data/Week18\ELDON3_20250509_060602.wav
303.0,306.0,Sturnella magna,Eastern Meadowlark,0.0263,D:/AcousticMonitoringData/ELDON3_Data/Week18\ELDON3_20250509_060602.wav
303.0,306.0,Geothlypis trichas,Common Yellowthroat,0.0154,D:/AcousticMonitoringData/ELDON3_Data/Week18\ELDON3_20250509_060602.wav
306.0,309.0,Spizella pusilla,Field Sparrow,0.0512,D:/AcousticMonitoringData/ELDON3_Data/Week18\ELDON3_20250509_060602.wav
306.0,309.0,Geothlypis trichas,Common Yellowthroat,0.0317,D:/AcousticMonitoringData/ELDON3_Data/Week18\ELDON3_20250509_060602.wav
306.0,309.0,Sturnella magna,Eastern Meadowlark,0.0251,D:/AcousticMonitoringData/ELDON3_Data/Week18\ELDON3_20250509_060602.wav
309.0,312.0,Sturnella magna,Eastern Meadowlark,0.0400,D:/AcousticMonitoringData/ELDON3_Data/Week18\ELDON3_20250509_060602.wav
312.0,315.0,Sturnella magna,Eastern Meadowlark,0.0177,D:/AcousticMonitoringData/ELDON3_Data/Week18\ELDON3_20250509_060602.wav
315.0,318.0,Sturnella magna,Eastern Meadowlark,0.0313,D:/AcousticMonitoringData/ELDON3_Data/Week18\ELDON3_20250509_060602.wav
318.0,321.0,Sturnella magna,Eastern Meadowlark,0.0250,D:/AcousticMonitoringData/ELDON3_Data/Week18\ELDON3_20250509_060602.wav
324.0,327.0,Spizella pusilla,Field Sparrow,0.0163,D:/AcousticMonitoringData/ELDON3_Data/Week18\ELDON3_20250509_060602.wav
327.0,330.0,Sturnella magna,Eastern Meadowlark,0.0154,D:/AcousticMonitoringData/ELDON3_Data/Week18\ELDON3_20250509_060602.wav
333.0,336.0,Geothlypis trichas,Common Yellowthroat,0.0575,D:/AcousticMonitoringData/ELDON3_Data/Week18\ELDON3_20250509_060602.wav
333.0,336.0,Spizella pusilla,Field Sparrow,0.0131,D:/AcousticMonitoringData/ELDON3_Data/Week18\ELDON3_20250509_060602.wav
333.0,336.0,Passerina caerulea,Blue Grosbeak,0.0121,D:/AcousticMonitoringData/ELDON3_Data/Week18\ELDON3_20250509_060602.wav
333.0,336.0,Melospiza melodia,Song Sparrow,0.0107,D:/AcousticMonitoringData/ELDON3_Data/Week18\ELDON3_20250509_060602.wav
336.0,339.0,Geothlypis trichas,Common Yellowthroat,0.1041,D:/AcousticMonitoringData/ELDON3_Data/Week18\ELDON3_20250509_060602.wav
336.0,339.0,Passerina caerulea,Blue Grosbeak,0.0329,D:/AcousticMonitoringData/ELDON3_Data/Week18\ELDON3_20250509_060602.wav
336.0,339.0,Spizella pusilla,Field Sparrow,0.0227,D:/AcousticMonitoringData/ELDON3_Data/Week18\ELDON3_20250509_060602.wav
345.0,348.0,Sturnella magna,Eastern Meadowlark,0.0109,D:/AcousticMonitoringData/ELDON3_Data/Week18\ELDON3_20250509_060602.wav
348.0,351.0,Sturnella magna,Eastern Meadowlark,0.0111,D:/AcousticMonitoringData/ELDON3_Data/Week18\ELDON3_20250509_060602.wav
351.0,354.0,Sturnella magna,Eastern Meadowlark,0.0101,D:/AcousticMonitoringData/ELDON3_Data/Week18\ELDON3_20250509_060602.wav
354.0,357.0,Spizella pusilla,Field Sparrow,0.0112,D:/AcousticMonitoringData/ELDON3_Data/Week18\ELDON3_20250509_060602.wav
357.0,360.0,Sturnella magna,Eastern Meadowlark,0.0604,D:/AcousticMonitoringData/ELDON3_Data/Week18\ELDON3_20250509_060602.wav
357.0,360.0,Geothlypis trichas,Common Yellowthroat,0.0462,D:/AcousticMonitoringData/ELDON3_Data/Week18\ELDON3_20250509_060602.wav
357.0,360.0,Spizella pusilla,Field Sparrow,0.0219,D:/AcousticMonitoringData/ELDON3_Data/Week18\ELDON3_20250509_060602.wav
357.0,360.0,Passerina caerulea,Blue Grosbeak,0.0123,D:/AcousticMonitoringData/ELDON3_Data/Week18\ELDON3_20250509_060602.wav
360.0,363.0,Sturnella magna,Eastern Meadowlark,0.0258,D:/AcousticMonitoringData/ELDON3_Data/Week18\ELDON3_20250509_060602.wav
360.0,363.0,Geothlypis trichas,Common Yellowthroat,0.0204,D:/AcousticMonitoringData/ELDON3_Data/Week18\ELDON3_20250509_060602.wav
360.0,363.0,Spizella pusilla,Field Sparrow,0.0109,D:/AcousticMonitoringData/ELDON3_Data/Week18\ELDON3_20250509_060602.wav
363.0,366.0,Sturnella magna,Eastern Meadowlark,0.2344,D:/AcousticMonitoringData/ELDON3_Data/Week18\ELDON3_20250509_060602.wav
363.0,366.0,Geothlypis trichas,Common Yellowthroat,0.0188,D:/AcousticMonitoringData/ELDON3_Data/Week18\ELDON3_20250509_060602.wav
363.0,366.0,Passerina caerulea,Blue Grosbeak,0.0106,D:/AcousticMonitoringData/ELDON3_Data/Week18\ELDON3_20250509_060602.wav
372.0,375.0,Geothlypis trichas,Common Yellowthroat,0.0235,D:/AcousticMonitoringData/ELDON3_Data/Week18\ELDON3_20250509_060602.wav
372.0,375.0,Sturnella magna,Eastern Meadowlark,0.0114,D:/AcousticMonitoringData/ELDON3_Data/Week18\ELDON3_20250509_060602.wav
372.0,375.0,Passerina caerulea,Blue Grosbeak,0.0102,D:/AcousticMonitoringData/ELDON3_Data/Week18\ELDON3_20250509_060602.wav
375.0,378.0,Sturnella magna,Eastern Meadowlark,0.1664,D:/AcousticMonitoringData/ELDON3_Data/Week18\ELDON3_20250509_060602.wav
375.0,378.0,Passerina caerulea,Blue Grosbeak,0.0471,D:/AcousticMonitoringData/ELDON3_Data/Week18\ELDON3_20250509_060602.wav
375.0,378.0,Geothlypis trichas,Common Yellowthroat,0.0206,D:/AcousticMonitoringData/ELDON3_Data/Week18\ELDON3_20250509_060602.wav
375.0,378.0,Spizella pusilla,Field Sparrow,0.0119,D:/AcousticMonitoringData/ELDON3_Data/Week18\ELDON3_20250509_060602.wav
378.0,381.0,Geothlypis trichas,Common Yellowthroat,0.1141,D:/AcousticMonitoringData/ELDON3_Data/Week18\ELDON3_20250509_060602.wav
378.0,381.0,Spizella pusilla,Field Sparrow,0.0227,D:/AcousticMonitoringData/ELDON3_Data/Week18\ELDON3_20250509_060602.wav
378.0,381.0,Sturnella magna,Eastern Meadowlark,0.0178,D:/AcousticMonitoringData/ELDON3_Data/Week18\ELDON3_20250509_060602.wav
378.0,381.0,Passerina caerulea,Blue Grosbeak,0.0142,D:/AcousticMonitoringData/ELDON3_Data/Week18\ELDON3_20250509_060602.wav
381.0,384.0,Geothlypis trichas,Common Yellowthroat,0.0466,D:/AcousticMonitoringData/ELDON3_Data/Week18\ELDON3_20250509_060602.wav
381.0,384.0,Spizella pusilla,Field Sparrow,0.0456,D:/AcousticMonitoringData/ELDON3_Data/Week18\ELDON3_20250509_060602.wav
381.0,384.0,Passerina caerulea,Blue Grosbeak,0.0255,D:/AcousticMonitoringData/ELDON3_Data/Week18\ELDON3_20250509_060602.wav
381.0,384.0,Sturnella magna,Eastern Meadowlark,0.0205,D:/AcousticMonitoringData/ELDON3_Data/Week18\ELDON3_20250509_060602.wav
384.0,387.0,Sturnella magna,Eastern Meadowlark,0.0331,D:/AcousticMonitoringData/ELDON3_Data/Week18\ELDON3_20250509_060602.wav
384.0,387.0,Geothlypis trichas,Common Yellowthroat,0.0140,D:/AcousticMonitoringData/ELDON3_Data/Week18\ELDON3_20250509_060602.wav
387.0,390.0,Sturnella magna,Eastern Meadowlark,0.0143,D:/AcousticMonitoringData/ELDON3_Data/Week18\ELDON3_20250509_060602.wav
387.0,390.0,Spizella pusilla,Field Sparrow,0.0104,D:/AcousticMonitoringData/ELDON3_Data/Week18\ELDON3_20250509_060602.wav
390.0,393.0,Sturnella magna,Eastern Meadowlark,0.0294,D:/AcousticMonitoringData/ELDON3_Data/Week18\ELDON3_20250509_060602.wav
396.0,399.0,Spizella pusilla,Field Sparrow,0.0343,D:/AcousticMonitoringData/ELDON3_Data/Week18\ELDON3_20250509_060602.wav
396.0,399.0,Passerina caerulea,Blue Grosbeak,0.0264,D:/AcousticMonitoringData/ELDON3_Data/Week18\ELDON3_20250509_060602.wav
396.0,399.0,Geothlypis trichas,Common Yellowthroat,0.0212,D:/AcousticMonitoringData/ELDON3_Data/Week18\ELDON3_20250509_060602.wav
396.0,399.0,Sturnella magna,Eastern Meadowlark,0.0200,D:/AcousticMonitoringData/ELDON3_Data/Week18\ELDON3_20250509_060602.wav
399.0,402.0,Geothlypis trichas,Common Yellowthroat,0.1467,D:/AcousticMonitoringData/ELDON3_Data/Week18\ELDON3_20250509_060602.wav
399.0,402.0,Spizella pusilla,Field Sparrow,0.0190,D:/AcousticMonitoringData/ELDON3_Data/Week18\ELDON3_20250509_060602.wav
399.0,402.0,Passerina caerulea,Blue Grosbeak,0.0171,D:/AcousticMonitoringData/ELDON3_Data/Week18\ELDON3_20250509_060602.wav
399.0,402.0,Melospiza melodia,Song Sparrow,0.0147,D:/AcousticMonitoringData/ELDON3_Data/Week18\ELDON3_20250509_060602.wav
402.0,405.0,Sturnella magna,Eastern Meadowlark,0.0101,D:/AcousticMonitoringData/ELDON3_Data/Week18\ELDON3_20250509_060602.wav
405.0,408.0,Geothlypis trichas,Common Yellowthroat,0.1233,D:/AcousticMonitoringData/ELDON3_Data/Week18\ELDON3_20250509_060602.wav
405.0,408.0,Sturnella magna,Eastern Meadowlark,0.0301,D:/AcousticMonitoringData/ELDON3_Data/Week18\ELDON3_20250509_060602.wav
405.0,408.0,Passerina caerulea,Blue Grosbeak,0.0183,D:/AcousticMonitoringData/ELDON3_Data/Week18\ELDON3_20250509_060602.wav
408.0,411.0,Geothlypis trichas,Common Yellowthroat,0.0280,D:/AcousticMonitoringData/ELDON3_Data/Week18\ELDON3_20250509_060602.wav
408.0,411.0,Spizella pusilla,Field Sparrow,0.0117,D:/AcousticMonitoringData/ELDON3_Data/Week18\ELDON3_20250509_060602.wav
408.0,411.0,Sturnella magna,Eastern Meadowlark,0.0105,D:/AcousticMonitoringData/ELDON3_Data/Week18\ELDON3_20250509_060602.wav
417.0,420.0,Sturnella magna,Eastern Meadowlark,0.0324,D:/AcousticMonitoringData/ELDON3_Data/Week18\ELDON3_20250509_060602.wav
420.0,423.0,Sturnella magna,Eastern Meadowlark,0.1085,D:/AcousticMonitoringData/ELDON3_Data/Week18\ELDON3_20250509_060602.wav
420.0,423.0,Passerina caerulea,Blue Grosbeak,0.0186,D:/AcousticMonitoringData/ELDON3_Data/Week18\ELDON3_20250509_060602.wav
420.0,423.0,Spizella pusilla,Field Sparrow,0.0136,D:/AcousticMonitoringData/ELDON3_Data/Week18\ELDON3_20250509_060602.wav
426.0,429.0,Sturnella magna,Eastern Meadowlark,0.0216,D:/AcousticMonitoringData/ELDON3_Data/Week18\ELDON3_20250509_060602.wav
429.0,432.0,Sturnella magna,Eastern Meadowlark,0.0299,D:/AcousticMonitoringData/ELDON3_Data/Week18\ELDON3_20250509_060602.wav
432.0,435.0,Sturnella magna,Eastern Meadowlark,0.2198,D:/AcousticMonitoringData/ELDON3_Data/Week18\ELDON3_20250509_060602.wav
432.0,435.0,Spizella pusilla,Field Sparrow,0.0390,D:/AcousticMonitoringData/ELDON3_Data/Week18\ELDON3_20250509_060602.wav
432.0,435.0,Geothlypis trichas,Common Yellowthroat,0.0287,D:/AcousticMonitoringData/ELDON3_Data/Week18\ELDON3_20250509_060602.wav
432.0,435.0,Passerina caerulea,Blue Grosbeak,0.0257,D:/AcousticMonitoringData/ELDON3_Data/Week18\ELDON3_20250509_060602.wav
438.0,441.0,Sturnella magna,Eastern Meadowlark,0.0583,D:/AcousticMonitoringData/ELDON3_Data/Week18\ELDON3_20250509_060602.wav
438.0,441.0,Spizella pusilla,Field Sparrow,0.0241,D:/AcousticMonitoringData/ELDON3_Data/Week18\ELDON3_20250509_060602.wav
438.0,441.0,Geothlypis trichas,Common Yellowthroat,0.0124,D:/AcousticMonitoringData/ELDON3_Data/Week18\ELDON3_20250509_060602.wav
441.0,444.0,Geothlypis trichas,Common Yellowthroat,0.0591,D:/AcousticMonitoringData/ELDON3_Data/Week18\ELDON3_20250509_060602.wav
441.0,444.0,Passerina caerulea,Blue Grosbeak,0.0210,D:/AcousticMonitoringData/ELDON3_Data/Week18\ELDON3_20250509_060602.wav
441.0,444.0,Sturnella magna,Eastern Meadowlark,0.0208,D:/AcousticMonitoringData/ELDON3_Data/Week18\ELDON3_20250509_060602.wav
441.0,444.0,Spizella pusilla,Field Sparrow,0.0185,D:/AcousticMonitoringData/ELDON3_Data/Week18\ELDON3_20250509_060602.wav
450.0,453.0,Geothlypis trichas,Common Yellowthroat,0.0509,D:/AcousticMonitoringData/ELDON3_Data/Week18\ELDON3_20250509_060602.wav
450.0,453.0,Sturnella magna,Eastern Meadowlark,0.0494,D:/AcousticMonitoringData/ELDON3_Data/Week18\ELDON3_20250509_060602.wav
450.0,453.0,Spizella pusilla,Field Sparrow,0.0191,D:/AcousticMonitoringData/ELDON3_Data/Week18\ELDON3_20250509_060602.wav
450.0,453.0,Passerina caerulea,Blue Grosbeak,0.0133,D:/AcousticMonitoringData/ELDON3_Data/Week18\ELDON3_20250509_060602.wav
453.0,456.0,Geothlypis trichas,Common Yellowthroat,0.0540,D:/AcousticMonitoringData/ELDON3_Data/Week18\ELDON3_20250509_060602.wav
453.0,456.0,Spizella pusilla,Field Sparrow,0.0353,D:/AcousticMonitoringData/ELDON3_Data/Week18\ELDON3_20250509_060602.wav
453.0,456.0,Passerina caerulea,Blue Grosbeak,0.0178,D:/AcousticMonitoringData/ELDON3_Data/Week18\ELDON3_20250509_060602.wav
453.0,456.0,Sturnella magna,Eastern Meadowlark,0.0146,D:/AcousticMonitoringData/ELDON3_Data/Week18\ELDON3_20250509_060602.wav
459.0,462.0,Sturnella magna,Eastern Meadowlark,0.0122,D:/AcousticMonitoringData/ELDON3_Data/Week18\ELDON3_20250509_060602.wav
462.0,465.0,Sturnella magna,Eastern Meadowlark,0.0414,D:/AcousticMonitoringData/ELDON3_Data/Week18\ELDON3_20250509_060602.wav
462.0,465.0,Geothlypis trichas,Common Yellowthroat,0.0251,D:/AcousticMonitoringData/ELDON3_Data/Week18\ELDON3_20250509_060602.wav
462.0,465.0,Passerina caerulea,Blue Grosbeak,0.0203,D:/AcousticMonitoringData/ELDON3_Data/Week18\ELDON3_20250509_060602.wav
462.0,465.0,Spizella pusilla,Field Sparrow,0.0112,D:/AcousticMonitoringData/ELDON3_Data/Week18\ELDON3_20250509_060602.wav
465.0,468.0,Spizella pusilla,Field Sparrow,0.0217,D:/AcousticMonitoringData/ELDON3_Data/Week18\ELDON3_20250509_060602.wav
465.0,468.0,Sturnella magna,Eastern Meadowlark,0.0161,D:/AcousticMonitoringData/ELDON3_Data/Week18\ELDON3_20250509_060602.wav
468.0,471.0,Geothlypis trichas,Common Yellowthroat,0.0478,D:/AcousticMonitoringData/ELDON3_Data/Week18\ELDON3_20250509_060602.wav
468.0,471.0,Spizella pusilla,Field Sparrow,0.0319,D:/AcousticMonitoringData/ELDON3_Data/Week18\ELDON3_20250509_060602.wav
468.0,471.0,Sturnella magna,Eastern Meadowlark,0.0148,D:/AcousticMonitoringData/ELDON3_Data/Week18\ELDON3_20250509_060602.wav
468.0,471.0,Passerina caerulea,Blue Grosbeak,0.0101,D:/AcousticMonitoringData/ELDON3_Data/Week18\ELDON3_20250509_060602.wav
471.0,474.0,Sturnella magna,Eastern Meadowlark,0.0130,D:/AcousticMonitoringData/ELDON3_Data/Week18\ELDON3_20250509_060602.wav
474.0,477.0,Geothlypis trichas,Common Yellowthroat,0.1486,D:/AcousticMonitoringData/ELDON3_Data/Week18\ELDON3_20250509_060602.wav
474.0,477.0,Spizella pusilla,Field Sparrow,0.0267,D:/AcousticMonitoringData/ELDON3_Data/Week18\ELDON3_20250509_060602.wav
474.0,477.0,Sturnella magna,Eastern Meadowlark,0.0184,D:/AcousticMonitoringData/ELDON3_Data/Week18\ELDON3_20250509_060602.wav
474.0,477.0,Passerina caerulea,Blue Grosbeak,0.0161,D:/AcousticMonitoringData/ELDON3_Data/Week18\ELDON3_20250509_060602.wav
477.0,480.0,Geothlypis trichas,Common Yellowthroat,0.0130,D:/AcousticMonitoringData/ELDON3_Data/Week18\ELDON3_20250509_060602.wav
486.0,489.0,Sturnella magna,Eastern Meadowlark,0.0613,D:/AcousticMonitoringData/ELDON3_Data/Week18\ELDON3_20250509_060602.wav
489.0,492.0,Geothlypis trichas,Common Yellowthroat,0.0404,D:/AcousticMonitoringData/ELDON3_Data/Week18\ELDON3_20250509_060602.wav
489.0,492.0,Sturnella magna,Eastern Meadowlark,0.0304,D:/AcousticMonitoringData/ELDON3_Data/Week18\ELDON3_20250509_060602.wav
489.0,492.0,Spizella pusilla,Field Sparrow,0.0275,D:/AcousticMonitoringData/ELDON3_Data/Week18\ELDON3_20250509_060602.wav
489.0,492.0,Passerina caerulea,Blue Grosbeak,0.0155,D:/AcousticMonitoringData/ELDON3_Data/Week18\ELDON3_20250509_060602.wav
495.0,498.0,Sturnella magna,Eastern Meadowlark,0.0601,D:/AcousticMonitoringData/ELDON3_Data/Week18\ELDON3_20250509_060602.wav
495.0,498.0,Spizella pusilla,Field Sparrow,0.0113,D:/AcousticMonitoringData/ELDON3_Data/Week18\ELDON3_20250509_060602.wav
498.0,501.0,Sturnella magna,Eastern Meadowlark,0.5101,D:/AcousticMonitoringData/ELDON3_Data/Week18\ELDON3_20250509_060602.wav
498.0,501.0,Spizella pusilla,Field Sparrow,0.0124,D:/AcousticMonitoringData/ELDON3_Data/Week18\ELDON3_20250509_060602.wav
498.0,501.0,Passerina caerulea,Blue Grosbeak,0.0123,D:/AcousticMonitoringData/ELDON3_Data/Week18\ELDON3_20250509_060602.wav
507.0,510.0,Sturnella magna,Eastern Meadowlark,0.0235,D:/AcousticMonitoringData/ELDON3_Data/Week18\ELDON3_20250509_060602.wav
516.0,519.0,Geothlypis trichas,Common Yellowthroat,0.0308,D:/AcousticMonitoringData/ELDON3_Data/Week18\ELDON3_20250509_060602.wav
516.0,519.0,Sturnella magna,Eastern Meadowlark,0.0188,D:/AcousticMonitoringData/ELDON3_Data/Week18\ELDON3_20250509_060602.wav
516.0,519.0,Spizella pusilla,Field Sparrow,0.0170,D:/AcousticMonitoringData/ELDON3_Data/Week18\ELDON3_20250509_060602.wav
516.0,519.0,Passerina caerulea,Blue Grosbeak,0.0105,D:/AcousticMonitoringData/ELDON3_Data/Week18\ELDON3_20250509_060602.wav
519.0,522.0,Sturnella magna,Eastern Meadowlark,0.1420,D:/AcousticMonitoringData/ELDON3_Data/Week18\ELDON3_20250509_060602.wav
525.0,528.0,Sturnella magna,Eastern Meadowlark,0.3127,D:/AcousticMonitoringData/ELDON3_Data/Week18\ELDON3_20250509_060602.wav
525.0,528.0,Bartramia longicauda,Upland Sandpiper,0.0109,D:/AcousticMonitoringData/ELDON3_Data/Week18\ELDON3_20250509_060602.wav
528.0,531.0,Sturnella magna,Eastern Meadowlark,0.0127,D:/AcousticMonitoringData/ELDON3_Data/Week18\ELDON3_20250509_060602.wav
531.0,534.0,Sturnella magna,Eastern Meadowlark,0.0250,D:/AcousticMonitoringData/ELDON3_Data/Week18\ELDON3_20250509_060602.wav
537.0,540.0,Sturnella magna,Eastern Meadowlark,0.0815,D:/AcousticMonitoringData/ELDON3_Data/Week18\ELDON3_20250509_060602.wav
540.0,543.0,Sturnella magna,Eastern Meadowlark,0.4078,D:/AcousticMonitoringData/ELDON3_Data/Week18\ELDON3_20250509_060602.wav
540.0,543.0,Geothlypis trichas,Common Yellowthroat,0.0347,D:/AcousticMonitoringData/ELDON3_Data/Week18\ELDON3_20250509_060602.wav
540.0,543.0,Passerina caerulea,Blue Grosbeak,0.0137,D:/AcousticMonitoringData/ELDON3_Data/Week18\ELDON3_20250509_060602.wav
540.0,543.0,Spizella pusilla,Field Sparrow,0.0109,D:/AcousticMonitoringData/ELDON3_Data/Week18\ELDON3_20250509_060602.wav
549.0,552.0,Spizella pusilla,Field Sparrow,0.0249,D:/AcousticMonitoringData/ELDON3_Data/Week18\ELDON3_20250509_060602.wav
549.0,552.0,Geothlypis trichas,Common Yellowthroat,0.0213,D:/AcousticMonitoringData/ELDON3_Data/Week18\ELDON3_20250509_060602.wav
549.0,552.0,Sturnella magna,Eastern Meadowlark,0.0133,D:/AcousticMonitoringData/ELDON3_Data/Week18\ELDON3_20250509_060602.wav
552.0,555.0,Sturnella magna,Eastern Meadowlark,0.0195,D:/AcousticMonitoringData/ELDON3_Data/Week18\ELDON3_20250509_060602.wav
552.0,555.0,Passerina caerulea,Blue Grosbeak,0.0173,D:/AcousticMonitoringData/ELDON3_Data/Week18\ELDON3_20250509_060602.wav
552.0,555.0,Geothlypis trichas,Common Yellowthroat,0.0102,D:/AcousticMonitoringData/ELDON3_Data/Week18\ELDON3_20250509_060602.wav
561.0,564.0,Sturnella magna,Eastern Meadowlark,0.0277,D:/AcousticMonitoringData/ELDON3_Data/Week18\ELDON3_20250509_060602.wav
564.0,567.0,Passerina caerulea,Blue Grosbeak,0.0146,D:/AcousticMonitoringData/ELDON3_Data/Week18\ELDON3_20250509_060602.wav
570.0,573.0,Sturnella magna,Eastern Meadowlark,0.5225,D:/AcousticMonitoringData/ELDON3_Data/Week18\ELDON3_20250509_060602.wav
570.0,573.0,Passerina caerulea,Blue Grosbeak,0.0223,D:/AcousticMonitoringData/ELDON3_Data/Week18\ELDON3_20250509_060602.wav
570.0,573.0,Spizella pusilla,Field Sparrow,0.0146,D:/AcousticMonitoringData/ELDON3_Data/Week18\ELDON3_20250509_060602.wav
573.0,576.0,Geothlypis trichas,Common Yellowthroat,0.0245,D:/AcousticMonitoringData/ELDON3_Data/Week18\ELDON3_20250509_060602.wav
573.0,576.0,Spizella pusilla,Field Sparrow,0.0117,D:/AcousticMonitoringData/ELDON3_Data/Week18\ELDON3_20250509_060602.wav
573.0,576.0,Sturnella magna,Eastern Meadowlark,0.0101,D:/AcousticMonitoringData/ELDON3_Data/Week18\ELDON3_20250509_060602.wav
579.0,582.0,Sturnella magna,Eastern Meadowlark,0.0204,D:/AcousticMonitoringData/ELDON3_Data/Week18\ELDON3_20250509_060602.wav
582.0,585.0,Passerina caerulea,Blue Grosbeak,0.0118,D:/AcousticMonitoringData/ELDON3_Data/Week18\ELDON3_20250509_060602.wav
585.0,588.0,Sturnella magna,Eastern Meadowlark,0.2053,D:/AcousticMonitoringData/ELDON3_Data/Week18\ELDON3_20250509_060602.wav
588.0,591.0,Sturnella magna,Eastern Meadowlark,0.0205,D:/AcousticMonitoringData/ELDON3_Data/Week18\ELDON3_20250509_060602.wav
594.0,597.0,Spizella pusilla,Field Sparrow,0.0147,D:/AcousticMonitoringData/ELDON3_Data/Week18\ELDON3_20250509_060602.wav
594.0,597.0,Passerina caerulea,Blue Grosbeak,0.0101,D:/AcousticMonitoringData/ELDON3_Data/Week18\ELDON3_20250509_060602.wav
597.0,600.0,Sturnella magna,Eastern Meadowlark,0.1561,D:/AcousticMonitoringData/ELDON3_Data/Week18\ELDON3_20250509_060602.wav
597.0,600.0,Passerina caerulea,Blue Grosbeak,0.0119,D:/AcousticMonitoringData/ELDON3_Data/Week18\ELDON3_20250509_060602.wav
597.0,600.0,Spizella pusilla,Field Sparrow,0.0112,D:/AcousticMonitoringData/ELDON3_Data/Week18\ELDON3_20250509_060602.wav
606.0,609.0,Sturnella magna,Eastern Meadowlark,0.3541,D:/AcousticMonitoringData/ELDON3_Data/Week18\ELDON3_20250509_060602.wav
606.0,609.0,Passerina caerulea,Blue Grosbeak,0.0125,D:/AcousticMonitoringData/ELDON3_Data/Week18\ELDON3_20250509_060602.wav
606.0,609.0,Spizella pusilla,Field Sparrow,0.0110,D:/AcousticMonitoringData/ELDON3_Data/Week18\ELDON3_20250509_060602.wav
612.0,615.0,Sturnella magna,Eastern Meadowlark,0.0121,D:/AcousticMonitoringData/ELDON3_Data/Week18\ELDON3_20250509_060602.wav
615.0,618.0,Sturnella magna,Eastern Meadowlark,0.0677,D:/AcousticMonitoringData/ELDON3_Data/Week18\ELDON3_20250509_060602.wav
615.0,618.0,Spizella pusilla,Field Sparrow,0.0101,D:/AcousticMonitoringData/ELDON3_Data/Week18\ELDON3_20250509_060602.wav
618.0,621.0,Sturnella magna,Eastern Meadowlark,0.0346,D:/AcousticMonitoringData/ELDON3_Data/Week18\ELDON3_20250509_060602.wav
621.0,624.0,Sturnella magna,Eastern Meadowlark,0.0175,D:/AcousticMonitoringData/ELDON3_Data/Week18\ELDON3_20250509_060602.wav
624.0,627.0,Sturnella magna,Eastern Meadowlark,0.4203,D:/AcousticMonitoringData/ELDON3_Data/Week18\ELDON3_20250509_060602.wav
624.0,627.0,Passerina caerulea,Blue Grosbeak,0.0203,D:/AcousticMonitoringData/ELDON3_Data/Week18\ELDON3_20250509_060602.wav
624.0,627.0,Spizella pusilla,Field Sparrow,0.0132,D:/AcousticMonitoringData/ELDON3_Data/Week18\ELDON3_20250509_060602.wav
627.0,630.0,Geothlypis trichas,Common Yellowthroat,0.0256,D:/AcousticMonitoringData/ELDON3_Data/Week18\ELDON3_20250509_060602.wav
627.0,630.0,Spizella pusilla,Field Sparrow,0.0204,D:/AcousticMonitoringData/ELDON3_Data/Week18\ELDON3_20250509_060602.wav
627.0,630.0,Passerina caerulea,Blue Grosbeak,0.0188,D:/AcousticMonitoringData/ELDON3_Data/Week18\ELDON3_20250509_060602.wav
627.0,630.0,Sturnella magna,Eastern Meadowlark,0.0148,D:/AcousticMonitoringData/ELDON3_Data/Week18\ELDON3_20250509_060602.wav
630.0,633.0,Passerina caerulea,Blue Grosbeak,0.0134,D:/AcousticMonitoringData/ELDON3_Data/Week18\ELDON3_20250509_060602.wav
630.0,633.0,Sturnella magna,Eastern Meadowlark,0.0134,D:/AcousticMonitoringData/ELDON3_Data/Week18\ELDON3_20250509_060602.wav
633.0,636.0,Sturnella magna,Eastern Meadowlark,0.3966,D:/AcousticMonitoringData/ELDON3_Data/Week18\ELDON3_20250509_060602.wav
633.0,636.0,Spizella pusilla,Field Sparrow,0.0234,D:/AcousticMonitoringData/ELDON3_Data/Week18\ELDON3_20250509_060602.wav
633.0,636.0,Bartramia longicauda,Upland Sandpiper,0.0165,D:/AcousticMonitoringData/ELDON3_Data/Week18\ELDON3_20250509_060602.wav
633.0,636.0,Geothlypis trichas,Common Yellowthroat,0.0105,D:/AcousticMonitoringData/ELDON3_Data/Week18\ELDON3_20250509_060602.wav
639.0,642.0,Spizella pusilla,Field Sparrow,0.0579,D:/AcousticMonitoringData/ELDON3_Data/Week18\ELDON3_20250509_060602.wav
639.0,642.0,Geothlypis trichas,Common Yellowthroat,0.0233,D:/AcousticMonitoringData/ELDON3_Data/Week18\ELDON3_20250509_060602.wav
639.0,642.0,Passerina caerulea,Blue Grosbeak,0.0101,D:/AcousticMonitoringData/ELDON3_Data/Week18\ELDON3_20250509_060602.wav
642.0,645.0,Sturnella magna,Eastern Meadowlark,0.1608,D:/AcousticMonitoringData/ELDON3_Data/Week18\ELDON3_20250509_060602.wav
642.0,645.0,Geothlypis trichas,Common Yellowthroat,0.0271,D:/AcousticMonitoringData/ELDON3_Data/Week18\ELDON3_20250509_060602.wav
642.0,645.0,Spizella pusilla,Field Sparrow,0.0198,D:/AcousticMonitoringData/ELDON3_Data/Week18\ELDON3_20250509_060602.wav
642.0,645.0,Passerina caerulea,Blue Grosbeak,0.0170,D:/AcousticMonitoringData/ELDON3_Data/Week18\ELDON3_20250509_060602.wav
648.0,651.0,Sturnella magna,Eastern Meadowlark,0.0934,D:/AcousticMonitoringData/ELDON3_Data/Week18\ELDON3_20250509_060602.wav
648.0,651.0,Bartramia longicauda,Upland Sandpiper,0.0115,D:/AcousticMonitoringData/ELDON3_Data/Week18\ELDON3_20250509_060602.wav
651.0,654.0,Sturnella magna,Eastern Meadowlark,0.1307,D:/AcousticMonitoringData/ELDON3_Data/Week18\ELDON3_20250509_060602.wav
651.0,654.0,Spizella pusilla,Field Sparrow,0.0117,D:/AcousticMonitoringData/ELDON3_Data/Week18\ELDON3_20250509_060602.wav
654.0,657.0,Geothlypis trichas,Common Yellowthroat,0.0213,D:/AcousticMonitoringData/ELDON3_Data/Week18\ELDON3_20250509_060602.wav
654.0,657.0,Sturnella magna,Eastern Meadowlark,0.0152,D:/AcousticMonitoringData/ELDON3_Data/Week18\ELDON3_20250509_060602.wav
660.0,663.0,Sturnella magna,Eastern Meadowlark,0.0547,D:/AcousticMonitoringData/ELDON3_Data/Week18\ELDON3_20250509_060602.wav
663.0,666.0,Sturnella magna,Eastern Meadowlark,0.0175,D:/AcousticMonitoringData/ELDON3_Data/Week18\ELDON3_20250509_060602.wav
663.0,666.0,Passerina caerulea,Blue Grosbeak,0.0110,D:/AcousticMonitoringData/ELDON3_Data/Week18\ELDON3_20250509_060602.wav
666.0,669.0,Sturnella magna,Eastern Meadowlark,0.0714,D:/AcousticMonitoringData/ELDON3_Data/Week18\ELDON3_20250509_060602.wav
666.0,669.0,Spizella pusilla,Field Sparrow,0.0131,D:/AcousticMonitoringData/ELDON3_Data/Week18\ELDON3_20250509_060602.wav
666.0,669.0,Passerina caerulea,Blue Grosbeak,0.0124,D:/AcousticMonitoringData/ELDON3_Data/Week18\ELDON3_20250509_060602.wav
666.0,669.0,Geothlypis trichas,Common Yellowthroat,0.0103,D:/AcousticMonitoringData/ELDON3_Data/Week18\ELDON3_20250509_060602.wav
669.0,672.0,Sturnella magna,Eastern Meadowlark,0.0343,D:/AcousticMonitoringData/ELDON3_Data/Week18\ELDON3_20250509_060602.wav
669.0,672.0,Spizella pusilla,Field Sparrow,0.0126,D:/AcousticMonitoringData/ELDON3_Data/Week18\ELDON3_20250509_060602.wav
675.0,678.0,Sturnella magna,Eastern Meadowlark,0.0935,D:/AcousticMonitoringData/ELDON3_Data/Week18\ELDON3_20250509_060602.wav
678.0,681.0,Sturnella magna,Eastern Meadowlark,0.0292,D:/AcousticMonitoringData/ELDON3_Data/Week18\ELDON3_20250509_060602.wav
678.0,681.0,Geothlypis trichas,Common Yellowthroat,0.0245,D:/AcousticMonitoringData/ELDON3_Data/Week18\ELDON3_20250509_060602.wav
678.0,681.0,Passerina caerulea,Blue Grosbeak,0.0143,D:/AcousticMonitoringData/ELDON3_Data/Week18\ELDON3_20250509_060602.wav
678.0,681.0,Spizella pusilla,Field Sparrow,0.0138,D:/AcousticMonitoringData/ELDON3_Data/Week18\ELDON3_20250509_060602.wav
681.0,684.0,Sturnella magna,Eastern Meadowlark,0.1381,D:/AcousticMonitoringData/ELDON3_Data/Week18\ELDON3_20250509_060602.wav
681.0,684.0,Passerina caerulea,Blue Grosbeak,0.0204,D:/AcousticMonitoringData/ELDON3_Data/Week18\ELDON3_20250509_060602.wav
681.0,684.0,Spizella pusilla,Field Sparrow,0.0170,D:/AcousticMonitoringData/ELDON3_Data/Week18\ELDON3_20250509_060602.wav
681.0,684.0,Geothlypis trichas,Common Yellowthroat,0.0129,D:/AcousticMonitoringData/ELDON3_Data/Week18\ELDON3_20250509_060602.wav
684.0,687.0,Sturnella magna,Eastern Meadowlark,0.2501,D:/AcousticMonitoringData/ELDON3_Data/Week18\ELDON3_20250509_060602.wav
684.0,687.0,Passerina caerulea,Blue Grosbeak,0.0157,D:/AcousticMonitoringData/ELDON3_Data/Week18\ELDON3_20250509_060602.wav
684.0,687.0,Spizella pusilla,Field Sparrow,0.0141,D:/AcousticMonitoringData/ELDON3_Data/Week18\ELDON3_20250509_060602.wav
687.0,690.0,Geothlypis trichas,Common Yellowthroat,0.0122,D:/AcousticMonitoringData/ELDON3_Data/Week18\ELDON3_20250509_060602.wav
690.0,693.0,Sturnella magna,Eastern Meadowlark,0.0183,D:/AcousticMonitoringData/ELDON3_Data/Week18\ELDON3_20250509_060602.wav
696.0,699.0,Sturnella magna,Eastern Meadowlark,0.0123,D:/AcousticMonitoringData/ELDON3_Data/Week18\ELDON3_20250509_060602.wav
696.0,699.0,Passerina caerulea,Blue Grosbeak,0.0114,D:/AcousticMonitoringData/ELDON3_Data/Week18\ELDON3_20250509_060602.wav
699.0,702.0,Sturnella magna,Eastern Meadowlark,0.0117,D:/AcousticMonitoringData/ELDON3_Data/Week18\ELDON3_20250509_060602.wav
705.0,708.0,Sturnella magna,Eastern Meadowlark,0.1844,D:/AcousticMonitoringData/ELDON3_Data/Week18\ELDON3_20250509_060602.wav
705.0,708.0,Spizella pusilla,Field Sparrow,0.0278,D:/AcousticMonitoringData/ELDON3_Data/Week18\ELDON3_20250509_060602.wav
705.0,708.0,Passerina caerulea,Blue Grosbeak,0.0252,D:/AcousticMonitoringData/ELDON3_Data/Week18\ELDON3_20250509_060602.wav
705.0,708.0,Eremophila alpestris,Horned Lark,0.0132,D:/AcousticMonitoringData/ELDON3_Data/Week18\ELDON3_20250509_060602.wav
705.0,708.0,Geothlypis trichas,Common Yellowthroat,0.0121,D:/AcousticMonitoringData/ELDON3_Data/Week18\ELDON3_20250509_060602.wav
708.0,711.0,Sturnella magna,Eastern Meadowlark,0.0446,D:/AcousticMonitoringData/ELDON3_Data/Week18\ELDON3_20250509_060602.wav
711.0,714.0,Passerina caerulea,Blue Grosbeak,0.0285,D:/AcousticMonitoringData/ELDON3_Data/Week18\ELDON3_20250509_060602.wav
711.0,714.0,Geothlypis trichas,Common Yellowthroat,0.0190,D:/AcousticMonitoringData/ELDON3_Data/Week18\ELDON3_20250509_060602.wav
711.0,714.0,Spizella pusilla,Field Sparrow,0.0124,D:/AcousticMonitoringData/ELDON3_Data/Week18\ELDON3_20250509_060602.wav
714.0,717.0,Sturnella magna,Eastern Meadowlark,0.0149,D:/AcousticMonitoringData/ELDON3_Data/Week18\ELDON3_20250509_060602.wav
720.0,723.0,Sturnella magna,Eastern Meadowlark,0.2346,D:/AcousticMonitoringData/ELDON3_Data/Week18\ELDON3_20250509_060602.wav
723.0,726.0,Sturnella magna,Eastern Meadowlark,0.0862,D:/AcousticMonitoringData/ELDON3_Data/Week18\ELDON3_20250509_060602.wav
723.0,726.0,Bartramia longicauda,Upland Sandpiper,0.0181,D:/AcousticMonitoringData/ELDON3_Data/Week18\ELDON3_20250509_060602.wav
726.0,729.0,Geothlypis trichas,Common Yellowthroat,0.0966,D:/AcousticMonitoringData/ELDON3_Data/Week18\ELDON3_20250509_060602.wav
726.0,729.0,Spizella pusilla,Field Sparrow,0.0188,D:/AcousticMonitoringData/ELDON3_Data/Week18\ELDON3_20250509_060602.wav
729.0,732.0,Sturnella magna,Eastern Meadowlark,0.0110,D:/AcousticMonitoringData/ELDON3_Data/Week18\ELDON3_20250509_060602.wav
732.0,735.0,Sturnella magna,Eastern Meadowlark,0.1197,D:/AcousticMonitoringData/ELDON3_Data/Week18\ELDON3_20250509_060602.wav
732.0,735.0,Spizella pusilla,Field Sparrow,0.0254,D:/AcousticMonitoringData/ELDON3_Data/Week18\ELDON3_20250509_060602.wav
732.0,735.0,Geothlypis trichas,Common Yellowthroat,0.0188,D:/AcousticMonitoringData/ELDON3_Data/Week18\ELDON3_20250509_060602.wav
732.0,735.0,Bartramia longicauda,Upland Sandpiper,0.0113,D:/AcousticMonitoringData/ELDON3_Data/Week18\ELDON3_20250509_060602.wav
732.0,735.0,Passerina caerulea,Blue Grosbeak,0.0109,D:/AcousticMonitoringData/ELDON3_Data/Week18\ELDON3_20250509_060602.wav
738.0,741.0,Sturnella magna,Eastern Meadowlark,0.0108,D:/AcousticMonitoringData/ELDON3_Data/Week18\ELDON3_20250509_060602.wav
741.0,744.0,Sturnella magna,Eastern Meadowlark,0.0190,D:/AcousticMonitoringData/ELDON3_Data/Week18\ELDON3_20250509_060602.wav
753.0,756.0,Sturnella magna,Eastern Meadowlark,0.0110,D:/AcousticMonitoringData/ELDON3_Data/Week18\ELDON3_20250509_060602.wav
759.0,762.0,Sturnella magna,Eastern Meadowlark,0.0164,D:/AcousticMonitoringData/ELDON3_Data/Week18\ELDON3_20250509_060602.wav
762.0,765.0,Sturnella magna,Eastern Meadowlark,0.0182,D:/AcousticMonitoringData/ELDON3_Data/Week18\ELDON3_20250509_060602.wav
777.0,780.0,Geothlypis trichas,Common Yellowthroat,0.0561,D:/AcousticMonitoringData/ELDON3_Data/Week18\ELDON3_20250509_060602.wav
777.0,780.0,Sturnella magna,Eastern Meadowlark,0.0381,D:/AcousticMonitoringData/ELDON3_Data/Week18\ELDON3_20250509_060602.wav
777.0,780.0,Spizella pusilla,Field Sparrow,0.0253,D:/AcousticMonitoringData/ELDON3_Data/Week18\ELDON3_20250509_060602.wav
777.0,780.0,Passerina caerulea,Blue Grosbeak,0.0146,D:/AcousticMonitoringData/ELDON3_Data/Week18\ELDON3_20250509_060602.wav
789.0,792.0,Sturnella magna,Eastern Meadowlark,0.0848,D:/AcousticMonitoringData/ELDON3_Data/Week18\ELDON3_20250509_060602.wav
798.0,801.0,Sturnella magna,Eastern Meadowlark,0.0146,D:/AcousticMonitoringData/ELDON3_Data/Week18\ELDON3_20250509_060602.wav
801.0,804.0,Sturnella magna,Eastern Meadowlark,0.0159,D:/AcousticMonitoringData/ELDON3_Data/Week18\ELDON3_20250509_060602.wav
804.0,807.0,Sturnella magna,Eastern Meadowlark,0.0660,D:/AcousticMonitoringData/ELDON3_Data/Week18\ELDON3_20250509_060602.wav
807.0,810.0,Sturnella magna,Eastern Meadowlark,0.0210,D:/AcousticMonitoringData/ELDON3_Data/Week18\ELDON3_20250509_060602.wav
810.0,813.0,Sturnella magna,Eastern Meadowlark,0.0273,D:/AcousticMonitoringData/ELDON3_Data/Week18\ELDON3_20250509_060602.wav
810.0,813.0,Passerina caerulea,Blue Grosbeak,0.0167,D:/AcousticMonitoringData/ELDON3_Data/Week18\ELDON3_20250509_060602.wav
816.0,819.0,Sturnella magna,Eastern Meadowlark,0.0274,D:/AcousticMonitoringData/ELDON3_Data/Week18\ELDON3_20250509_060602.wav
816.0,819.0,Spizella pusilla,Field Sparrow,0.0156,D:/AcousticMonitoringData/ELDON3_Data/Week18\ELDON3_20250509_060602.wav
816.0,819.0,Passerina caerulea,Blue Grosbeak,0.0135,D:/AcousticMonitoringData/ELDON3_Data/Week18\ELDON3_20250509_060602.wav
822.0,825.0,Sturnella magna,Eastern Meadowlark,0.0626,D:/AcousticMonitoringData/ELDON3_Data/Week18\ELDON3_20250509_060602.wav
825.0,828.0,Passerina caerulea,Blue Grosbeak,0.0196,D:/AcousticMonitoringData/ELDON3_Data/Week18\ELDON3_20250509_060602.wav
825.0,828.0,Geothlypis trichas,Common Yellowthroat,0.0167,D:/AcousticMonitoringData/ELDON3_Data/Week18\ELDON3_20250509_060602.wav
825.0,828.0,Spizella pusilla,Field Sparrow,0.0103,D:/AcousticMonitoringData/ELDON3_Data/Week18\ELDON3_20250509_060602.wav
831.0,834.0,Sturnella magna,Eastern Meadowlark,0.0253,D:/AcousticMonitoringData/ELDON3_Data/Week18\ELDON3_20250509_060602.wav
834.0,837.0,Sturnella magna,Eastern Meadowlark,0.0636,D:/AcousticMonitoringData/ELDON3_Data/Week18\ELDON3_20250509_060602.wav
834.0,837.0,Passerina caerulea,Blue Grosbeak,0.0178,D:/AcousticMonitoringData/ELDON3_Data/Week18\ELDON3_20250509_060602.wav
837.0,840.0,Sturnella magna,Eastern Meadowlark,0.0338,D:/AcousticMonitoringData/ELDON3_Data/Week18\ELDON3_20250509_060602.wav
840.0,843.0,Sturnella magna,Eastern Meadowlark,0.0405,D:/AcousticMonitoringData/ELDON3_Data/Week18\ELDON3_20250509_060602.wav
843.0,846.0,Sturnella magna,Eastern Meadowlark,0.0179,D:/AcousticMonitoringData/ELDON3_Data/Week18\ELDON3_20250509_060602.wav
846.0,849.0,Sturnella magna,Eastern Meadowlark,0.0450,D:/AcousticMonitoringData/ELDON3_Data/Week18\ELDON3_20250509_060602.wav
846.0,849.0,Passerina caerulea,Blue Grosbeak,0.0145,D:/AcousticMonitoringData/ELDON3_Data/Week18\ELDON3_20250509_060602.wav
846.0,849.0,Geothlypis trichas,Common Yellowthroat,0.0119,D:/AcousticMonitoringData/ELDON3_Data/Week18\ELDON3_20250509_060602.wav
852.0,855.0,Sturnella magna,Eastern Meadowlark,0.0832,D:/AcousticMonitoringData/ELDON3_Data/Week18\ELDON3_20250509_060602.wav
852.0,855.0,Bartramia longicauda,Upland Sandpiper,0.0128,D:/AcousticMonitoringData/ELDON3_Data/Week18\ELDON3_20250509_060602.wav
855.0,858.0,Sturnella magna,Eastern Meadowlark,0.1715,D:/AcousticMonitoringData/ELDON3_Data/Week18\ELDON3_20250509_060602.wav
855.0,858.0,Spizella pusilla,Field Sparrow,0.0325,D:/AcousticMonitoringData/ELDON3_Data/Week18\ELDON3_20250509_060602.wav
855.0,858.0,Passerina caerulea,Blue Grosbeak,0.0212,D:/AcousticMonitoringData/ELDON3_Data/Week18\ELDON3_20250509_060602.wav
861.0,864.0,Passerina caerulea,Blue Grosbeak,0.0137,D:/AcousticMonitoringData/ELDON3_Data/Week18\ELDON3_20250509_060602.wav
864.0,867.0,Sturnella magna,Eastern Meadowlark,0.2298,D:/AcousticMonitoringData/ELDON3_Data/Week18\ELDON3_20250509_060602.wav
864.0,867.0,Geothlypis trichas,Common Yellowthroat,0.0136,D:/AcousticMonitoringData/ELDON3_Data/Week18\ELDON3_20250509_060602.wav
864.0,867.0,Bartramia longicauda,Upland Sandpiper,0.0116,D:/AcousticMonitoringData/ELDON3_Data/Week18\ELDON3_20250509_060602.wav
867.0,870.0,Geothlypis trichas,Common Yellowthroat,0.0181,D:/AcousticMonitoringData/ELDON3_Data/Week18\ELDON3_20250509_060602.wav
867.0,870.0,Passerina caerulea,Blue Grosbeak,0.0159,D:/AcousticMonitoringData/ELDON3_Data/Week18\ELDON3_20250509_060602.wav
876.0,879.0,Sturnella magna,Eastern Meadowlark,0.0344,D:/AcousticMonitoringData/ELDON3_Data/Week18\ELDON3_20250509_060602.wav
879.0,882.0,Geothlypis trichas,Common Yellowthroat,0.0102,D:/AcousticMonitoringData/ELDON3_Data/Week18\ELDON3_20250509_060602.wav
885.0,888.0,Sturnella magna,Eastern Meadowlark,0.3110,D:/AcousticMonitoringData/ELDON3_Data/Week18\ELDON3_20250509_060602.wav
885.0,888.0,Geothlypis trichas,Common Yellowthroat,0.0159,D:/AcousticMonitoringData/ELDON3_Data/Week18\ELDON3_20250509_060602.wav
885.0,888.0,Bartramia longicauda,Upland Sandpiper,0.0142,D:/AcousticMonitoringData/ELDON3_Data/Week18\ELDON3_20250509_060602.wav
888.0,891.0,Geothlypis trichas,Common Yellowthroat,0.0124,D:/AcousticMonitoringData/ELDON3_Data/Week18\ELDON3_20250509_060602.wav
897.0,900.0,Sturnella magna,Eastern Meadowlark,0.0190,D:/AcousticMonitoringData/ELDON3_Data/Week18\ELDON3_20250509_060602.wav
900.0,903.0,Sturnella magna,Eastern Meadowlark,0.0170,D:/AcousticMonitoringData/ELDON3_Data/Week18\ELDON3_20250509_060602.wav
903.0,906.0,Sturnella magna,Eastern Meadowlark,0.3549,D:/AcousticMonitoringData/ELDON3_Data/Week18\ELDON3_20250509_060602.wav
915.0,918.0,Sturnella magna,Eastern Meadowlark,0.3795,D:/AcousticMonitoringData/ELDON3_Data/Week18\ELDON3_20250509_060602.wav
915.0,918.0,Spizella pusilla,Field Sparrow,0.0209,D:/AcousticMonitoringData/ELDON3_Data/Week18\ELDON3_20250509_060602.wav
918.0,921.0,Sturnella magna,Eastern Meadowlark,0.0784,D:/AcousticMonitoringData/ELDON3_Data/Week18\ELDON3_20250509_060602.wav
918.0,921.0,Geothlypis trichas,Common Yellowthroat,0.0342,D:/AcousticMonitoringData/ELDON3_Data/Week18\ELDON3_20250509_060602.wav
918.0,921.0,Passerina caerulea,Blue Grosbeak,0.0128,D:/AcousticMonitoringData/ELDON3_Data/Week18\ELDON3_20250509_060602.wav
924.0,927.0,Spizella pusilla,Field Sparrow,0.0157,D:/AcousticMonitoringData/ELDON3_Data/Week18\ELDON3_20250509_060602.wav
924.0,927.0,Sturnella magna,Eastern Meadowlark,0.0101,D:/AcousticMonitoringData/ELDON3_Data/Week18\ELDON3_20250509_060602.wav
927.0,930.0,Sturnella magna,Eastern Meadowlark,0.1170,D:/AcousticMonitoringData/ELDON3_Data/Week18\ELDON3_20250509_060602.wav
933.0,936.0,Sturnella magna,Eastern Meadowlark,0.0640,D:/AcousticMonitoringData/ELDON3_Data/Week18\ELDON3_20250509_060602.wav
933.0,936.0,Spizella pusilla,Field Sparrow,0.0355,D:/AcousticMonitoringData/ELDON3_Data/Week18\ELDON3_20250509_060602.wav
933.0,936.0,Geothlypis trichas,Common Yellowthroat,0.0221,D:/AcousticMonitoringData/ELDON3_Data/Week18\ELDON3_20250509_060602.wav
936.0,939.0,Sturnella magna,Eastern Meadowlark,0.0185,D:/AcousticMonitoringData/ELDON3_Data/Week18\ELDON3_20250509_060602.wav
939.0,942.0,Sturnella magna,Eastern Meadowlark,0.0137,D:/AcousticMonitoringData/ELDON3_Data/Week18\ELDON3_20250509_060602.wav
945.0,948.0,Sturnella magna,Eastern Meadowlark,0.4531,D:/AcousticMonitoringData/ELDON3_Data/Week18\ELDON3_20250509_060602.wav
945.0,948.0,Spizella pusilla,Field Sparrow,0.0285,D:/AcousticMonitoringData/ELDON3_Data/Week18\ELDON3_20250509_060602.wav
945.0,948.0,Passerina caerulea,Blue Grosbeak,0.0203,D:/AcousticMonitoringData/ELDON3_Data/Week18\ELDON3_20250509_060602.wav
957.0,960.0,Sturnella magna,Eastern Meadowlark,0.0256,D:/AcousticMonitoringData/ELDON3_Data/Week18\ELDON3_20250509_060602.wav
960.0,963.0,Geothlypis trichas,Common Yellowthroat,0.0231,D:/AcousticMonitoringData/ELDON3_Data/Week18\ELDON3_20250509_060602.wav
972.0,975.0,Geothlypis trichas,Common Yellowthroat,0.0514,D:/AcousticMonitoringData/ELDON3_Data/Week18\ELDON3_20250509_060602.wav
1005.0,1008.0,Passerina caerulea,Blue Grosbeak,0.0216,D:/AcousticMonitoringData/ELDON3_Data/Week18\ELDON3_20250509_060602.wav
1005.0,1008.0,Sturnella magna,Eastern Meadowlark,0.0211,D:/AcousticMonitoringData/ELDON3_Data/Week18\ELDON3_20250509_060602.wav
1005.0,1008.0,Spizella pusilla,Field Sparrow,0.0149,D:/AcousticMonitoringData/ELDON3_Data/Week18\ELDON3_20250509_060602.wav
1011.0,1014.0,Sturnella magna,Eastern Meadowlark,0.0112,D:/AcousticMonitoringData/ELDON3_Data/Week18\ELDON3_20250509_060602.wav
1014.0,1017.0,Spizella pusilla,Field Sparrow,0.0227,D:/AcousticMonitoringData/ELDON3_Data/Week18\ELDON3_20250509_060602.wav
1014.0,1017.0,Sturnella magna,Eastern Meadowlark,0.0219,D:/AcousticMonitoringData/ELDON3_Data/Week18\ELDON3_20250509_060602.wav
1014.0,1017.0,Passerina caerulea,Blue Grosbeak,0.0198,D:/AcousticMonitoringData/ELDON3_Data/Week18\ELDON3_20250509_060602.wav
1017.0,1020.0,Passerina caerulea,Blue Grosbeak,0.0354,D:/AcousticMonitoringData/ELDON3_Data/Week18\ELDON3_20250509_060602.wav
1017.0,1020.0,Spizella pusilla,Field Sparrow,0.0218,D:/AcousticMonitoringData/ELDON3_Data/Week18\ELDON3_20250509_060602.wav
1017.0,1020.0,Geothlypis trichas,Common Yellowthroat,0.0129,D:/AcousticMonitoringData/ELDON3_Data/Week18\ELDON3_20250509_060602.wav
1023.0,1026.0,Sturnella magna,Eastern Meadowlark,0.0107,D:/AcousticMonitoringData/ELDON3_Data/Week18\ELDON3_20250509_060602.wav
1026.0,1029.0,Geothlypis trichas,Common Yellowthroat,0.0147,D:/AcousticMonitoringData/ELDON3_Data/Week18\ELDON3_20250509_060602.wav
1029.0,1032.0,Sturnella magna,Eastern Meadowlark,0.0323,D:/AcousticMonitoringData/ELDON3_Data/Week18\ELDON3_20250509_060602.wav
1029.0,1032.0,Spizella pusilla,Field Sparrow,0.0116,D:/AcousticMonitoringData/ELDON3_Data/Week18\ELDON3_20250509_060602.wav
1029.0,1032.0,Geothlypis trichas,Common Yellowthroat,0.0112,D:/AcousticMonitoringData/ELDON3_Data/Week18\ELDON3_20250509_060602.wav
1032.0,1035.0,Sturnella magna,Eastern Meadowlark,0.0204,D:/AcousticMonitoringData/ELDON3_Data/Week18\ELDON3_20250509_060602.wav
1038.0,1041.0,Geothlypis trichas,Common Yellowthroat,0.0639,D:/AcousticMonitoringData/ELDON3_Data/Week18\ELDON3_20250509_060602.wav
1038.0,1041.0,Spizella pusilla,Field Sparrow,0.0155,D:/AcousticMonitoringData/ELDON3_Data/Week18\ELDON3_20250509_060602.wav
1047.0,1050.0,Sturnella magna,Eastern Meadowlark,0.0133,D:/AcousticMonitoringData/ELDON3_Data/Week18\ELDON3_20250509_060602.wav
1050.0,1053.0,Geothlypis trichas,Common Yellowthroat,0.0226,D:/AcousticMonitoringData/ELDON3_Data/Week18\ELDON3_20250509_060602.wav
1053.0,1056.0,Sturnella magna,Eastern Meadowlark,0.0205,D:/AcousticMonitoringData/ELDON3_Data/Week18\ELDON3_20250509_060602.wav
1053.0,1056.0,Spizella pusilla,Field Sparrow,0.0161,D:/AcousticMonitoringData/ELDON3_Data/Week18\ELDON3_20250509_060602.wav
1053.0,1056.0,Passerina caerulea,Blue Grosbeak,0.0141,D:/AcousticMonitoringData/ELDON3_Data/Week18\ELDON3_20250509_060602.wav
1059.0,1062.0,Sturnella magna,Eastern Meadowlark,0.0344,D:/AcousticMonitoringData/ELDON3_Data/Week18\ELDON3_20250509_060602.wav
1065.0,1068.0,Sturnella magna,Eastern Meadowlark,0.0350,D:/AcousticMonitoringData/ELDON3_Data/Week18\ELDON3_20250509_060602.wav
1074.0,1077.0,Geothlypis trichas,Common Yellowthroat,0.0181,D:/AcousticMonitoringData/ELDON3_Data/Week18\ELDON3_20250509_060602.wav
1074.0,1077.0,Spizella pusilla,Field Sparrow,0.0174,D:/AcousticMonitoringData/ELDON3_Data/Week18\ELDON3_20250509_060602.wav
1074.0,1077.0,Passerina caerulea,Blue Grosbeak,0.0171,D:/AcousticMonitoringData/ELDON3_Data/Week18\ELDON3_20250509_060602.wav
1074.0,1077.0,Sturnella magna,Eastern Meadowlark,0.0136,D:/AcousticMonitoringData/ELDON3_Data/Week18\ELDON3_20250509_060602.wav
1077.0,1080.0,Sturnella magna,Eastern Meadowlark,0.0467,D:/AcousticMonitoringData/ELDON3_Data/Week18\ELDON3_20250509_060602.wav
1077.0,1080.0,Spizella pusilla,Field Sparrow,0.0167,D:/AcousticMonitoringData/ELDON3_Data/Week18\ELDON3_20250509_060602.wav
1101.0,1104.0,Sturnella magna,Eastern Meadowlark,0.0167,D:/AcousticMonitoringData/ELDON3_Data/Week18\ELDON3_20250509_060602.wav
1104.0,1107.0,Sturnella magna,Eastern Meadowlark,0.0287,D:/AcousticMonitoringData/ELDON3_Data/Week18\ELDON3_20250509_060602.wav
1113.0,1116.0,Bartramia longicauda,Upland Sandpiper,0.0267,D:/AcousticMonitoringData/ELDON3_Data/Week18\ELDON3_20250509_060602.wav
1113.0,1116.0,Geothlypis trichas,Common Yellowthroat,0.0110,D:/AcousticMonitoringData/ELDON3_Data/Week18\ELDON3_20250509_060602.wav
1116.0,1119.0,Bartramia longicauda,Upland Sandpiper,0.0179,D:/AcousticMonitoringData/ELDON3_Data/Week18\ELDON3_20250509_060602.wav
1116.0,1119.0,Sturnella magna,Eastern Meadowlark,0.0165,D:/AcousticMonitoringData/ELDON3_Data/Week18\ELDON3_20250509_060602.wav
1122.0,1125.0,Sturnella magna,Eastern Meadowlark,0.0716,D:/AcousticMonitoringData/ELDON3_Data/Week18\ELDON3_20250509_060602.wav
1125.0,1128.0,Sturnella magna,Eastern Meadowlark,0.0330,D:/AcousticMonitoringData/ELDON3_Data/Week18\ELDON3_20250509_060602.wav
1125.0,1128.0,Bartramia longicauda,Upland Sandpiper,0.0224,D:/AcousticMonitoringData/ELDON3_Data/Week18\ELDON3_20250509_060602.wav
1134.0,1137.0,Sturnella magna,Eastern Meadowlark,0.0486,D:/AcousticMonitoringData/ELDON3_Data/Week18\ELDON3_20250509_060602.wav
1137.0,1140.0,Sturnella magna,Eastern Meadowlark,0.0198,D:/AcousticMonitoringData/ELDON3_Data/Week18\ELDON3_20250509_060602.wav
1143.0,1146.0,Passerina caerulea,Blue Grosbeak,0.0155,D:/AcousticMonitoringData/ELDON3_Data/Week18\ELDON3_20250509_060602.wav
1143.0,1146.0,Spizella pusilla,Field Sparrow,0.0140,D:/AcousticMonitoringData/ELDON3_Data/Week18\ELDON3_20250509_060602.wav
1143.0,1146.0,Geothlypis trichas,Common Yellowthroat,0.0140,D:/AcousticMonitoringData/ELDON3_Data/Week18\ELDON3_20250509_060602.wav
1143.0,1146.0,Sturnella magna,Eastern Meadowlark,0.0106,D:/AcousticMonitoringData/ELDON3_Data/Week18\ELDON3_20250509_060602.wav
1149.0,1152.0,Bartramia longicauda,Upland Sandpiper,0.0184,D:/AcousticMonitoringData/ELDON3_Data/Week18\ELDON3_20250509_060602.wav
1149.0,1152.0,Sturnella magna,Eastern Meadowlark,0.0158,D:/AcousticMonitoringData/ELDON3_Data/Week18\ELDON3_20250509_060602.wav
1152.0,1155.0,Sturnella magna,Eastern Meadowlark,0.0531,D:/AcousticMonitoringData/ELDON3_Data/Week18\ELDON3_20250509_060602.wav
1164.0,1167.0,Sturnella magna,Eastern Meadowlark,0.0380,D:/AcousticMonitoringData/ELDON3_Data/Week18\ELDON3_20250509_060602.wav
1164.0,1167.0,Geothlypis trichas,Common Yellowthroat,0.0168,D:/AcousticMonitoringData/ELDON3_Data/Week18\ELDON3_20250509_060602.wav
1164.0,1167.0,Passerina caerulea,Blue Grosbeak,0.0106,D:/AcousticMonitoringData/ELDON3_Data/Week18\ELDON3_20250509_060602.wav
1167.0,1170.0,Sturnella magna,Eastern Meadowlark,0.0213,D:/AcousticMonitoringData/ELDON3_Data/Week18\ELDON3_20250509_060602.wav
1170.0,1173.0,Bartramia longicauda,Upland Sandpiper,0.0327,D:/AcousticMonitoringData/ELDON3_Data/Week18\ELDON3_20250509_060602.wav
1170.0,1173.0,Sturnella magna,Eastern Meadowlark,0.0218,D:/AcousticMonitoringData/ELDON3_Data/Week18\ELDON3_20250509_060602.wav
1176.0,1179.0,Geothlypis trichas,Common Yellowthroat,0.0547,D:/AcousticMonitoringData/ELDON3_Data/Week18\ELDON3_20250509_060602.wav
1176.0,1179.0,Spizella pusilla,Field Sparrow,0.0196,D:/AcousticMonitoringData/ELDON3_Data/Week18\ELDON3_20250509_060602.wav
1176.0,1179.0,Passerina caerulea,Blue Grosbeak,0.0132,D:/AcousticMonitoringData/ELDON3_Data/Week18\ELDON3_20250509_060602.wav
1176.0,1179.0,Sturnella magna,Eastern Meadowlark,0.0120,D:/AcousticMonitoringData/ELDON3_Data/Week18\ELDON3_20250509_060602.wav
1182.0,1185.0,Sturnella magna,Eastern Meadowlark,0.0406,D:/AcousticMonitoringData/ELDON3_Data/Week18\ELDON3_20250509_060602.wav
1182.0,1185.0,Spizella pusilla,Field Sparrow,0.0105,D:/AcousticMonitoringData/ELDON3_Data/Week18\ELDON3_20250509_060602.wav
1191.0,1194.0,Sturnella magna,Eastern Meadowlark,0.0308,D:/AcousticMonitoringData/ELDON3_Data/Week18\ELDON3_20250509_060602.wav
1194.0,1197.0,Sturnella magna,Eastern Meadowlark,0.0102,D:/AcousticMonitoringData/ELDON3_Data/Week18\ELDON3_20250509_060602.wav
1200.0,1203.0,Sturnella magna,Eastern Meadowlark,0.0158,D:/AcousticMonitoringData/ELDON3_Data/Week18\ELDON3_20250509_060602.wav
1203.0,1206.0,Sturnella magna,Eastern Meadowlark,0.0175,D:/AcousticMonitoringData/ELDON3_Data/Week18\ELDON3_20250509_060602.wav
1206.0,1209.0,Sturnella magna,Eastern Meadowlark,0.0599,D:/AcousticMonitoringData/ELDON3_Data/Week18\ELDON3_20250509_060602.wav
1212.0,1215.0,Sturnella magna,Eastern Meadowlark,0.0308,D:/AcousticMonitoringData/ELDON3_Data/Week18\ELDON3_20250509_060602.wav
1215.0,1218.0,Sturnella magna,Eastern Meadowlark,0.0614,D:/AcousticMonitoringData/ELDON3_Data/Week18\ELDON3_20250509_060602.wav
1215.0,1218.0,Bartramia longicauda,Upland Sandpiper,0.0178,D:/AcousticMonitoringData/ELDON3_Data/Week18\ELDON3_20250509_060602.wav
1221.0,1224.0,Sturnella magna,Eastern Meadowlark,0.0154,D:/AcousticMonitoringData/ELDON3_Data/Week18\ELDON3_20250509_060602.wav
1224.0,1227.0,Sturnella magna,Eastern Meadowlark,0.4082,D:/AcousticMonitoringData/ELDON3_Data/Week18\ELDON3_20250509_060602.wav
1224.0,1227.0,Passerina caerulea,Blue Grosbeak,0.0174,D:/AcousticMonitoringData/ELDON3_Data/Week18\ELDON3_20250509_060602.wav
1227.0,1230.0,Sturnella magna,Eastern Meadowlark,0.0111,D:/AcousticMonitoringData/ELDON3_Data/Week18\ELDON3_20250509_060602.wav
1233.0,1236.0,Sturnella magna,Eastern Meadowlark,0.0192,D:/AcousticMonitoringData/ELDON3_Data/Week18\ELDON3_20250509_060602.wav
1245.0,1248.0,Sturnella magna,Eastern Meadowlark,0.0111,D:/AcousticMonitoringData/ELDON3_Data/Week18\ELDON3_20250509_060602.wav
1248.0,1251.0,Sturnella magna,Eastern Meadowlark,0.0330,D:/AcousticMonitoringData/ELDON3_Data/Week18\ELDON3_20250509_060602.wav
1251.0,1254.0,Sturnella magna,Eastern Meadowlark,0.0272,D:/AcousticMonitoringData/ELDON3_Data/Week18\ELDON3_20250509_060602.wav
1251.0,1254.0,Passerina caerulea,Blue Grosbeak,0.0199,D:/AcousticMonitoringData/ELDON3_Data/Week18\ELDON3_20250509_060602.wav
1251.0,1254.0,Geothlypis trichas,Common Yellowthroat,0.0128,D:/AcousticMonitoringData/ELDON3_Data/Week18\ELDON3_20250509_060602.wav
1254.0,1257.0,Sturnella magna,Eastern Meadowlark,0.0930,D:/AcousticMonitoringData/ELDON3_Data/Week18\ELDON3_20250509_060602.wav
1260.0,1263.0,Sturnella magna,Eastern Meadowlark,0.0963,D:/AcousticMonitoringData/ELDON3_Data/Week18\ELDON3_20250509_060602.wav
1260.0,1263.0,Passerina caerulea,Blue Grosbeak,0.0138,D:/AcousticMonitoringData/ELDON3_Data/Week18\ELDON3_20250509_060602.wav
1260.0,1263.0,Spizella pusilla,Field Sparrow,0.0110,D:/AcousticMonitoringData/ELDON3_Data/Week18\ELDON3_20250509_060602.wav
1263.0,1266.0,Sturnella magna,Eastern Meadowlark,0.0106,D:/AcousticMonitoringData/ELDON3_Data/Week18\ELDON3_20250509_060602.wav
1266.0,1269.0,Sturnella magna,Eastern Meadowlark,0.0102,D:/AcousticMonitoringData/ELDON3_Data/Week18\ELDON3_20250509_060602.wav
1275.0,1278.0,Sturnella magna,Eastern Meadowlark,0.0712,D:/AcousticMonitoringData/ELDON3_Data/Week18\ELDON3_20250509_060602.wav
1275.0,1278.0,Geothlypis trichas,Common Yellowthroat,0.0110,D:/AcousticMonitoringData/ELDON3_Data/Week18\ELDON3_20250509_060602.wav
1284.0,1287.0,Sturnella magna,Eastern Meadowlark,0.6110,D:/AcousticMonitoringData/ELDON3_Data/Week18\ELDON3_20250509_060602.wav
1284.0,1287.0,Spizella pusilla,Field Sparrow,0.0243,D:/AcousticMonitoringData/ELDON3_Data/Week18\ELDON3_20250509_060602.wav
1284.0,1287.0,Passerina caerulea,Blue Grosbeak,0.0140,D:/AcousticMonitoringData/ELDON3_Data/Week18\ELDON3_20250509_060602.wav
1284.0,1287.0,Geothlypis trichas,Common Yellowthroat,0.0139,D:/AcousticMonitoringData/ELDON3_Data/Week18\ELDON3_20250509_060602.wav
1287.0,1290.0,Sturnella magna,Eastern Meadowlark,0.0132,D:/AcousticMonitoringData/ELDON3_Data/Week18\ELDON3_20250509_060602.wav
1290.0,1293.0,Sturnella magna,Eastern Meadowlark,0.0159,D:/AcousticMonitoringData/ELDON3_Data/Week18\ELDON3_20250509_060602.wav
1290.0,1293.0,Geothlypis trichas,Common Yellowthroat,0.0116,D:/AcousticMonitoringData/ELDON3_Data/Week18\ELDON3_20250509_060602.wav
1296.0,1299.0,Sturnella magna,Eastern Meadowlark,0.5617,D:/AcousticMonitoringData/ELDON3_Data/Week18\ELDON3_20250509_060602.wav
1296.0,1299.0,Bartramia longicauda,Upland Sandpiper,0.0224,D:/AcousticMonitoringData/ELDON3_Data/Week18\ELDON3_20250509_060602.wav
1302.0,1305.0,Sturnella magna,Eastern Meadowlark,0.6116,D:/AcousticMonitoringData/ELDON3_Data/Week18\ELDON3_20250509_060602.wav
1302.0,1305.0,Spizella pusilla,Field Sparrow,0.0320,D:/AcousticMonitoringData/ELDON3_Data/Week18\ELDON3_20250509_060602.wav
1302.0,1305.0,Passerina caerulea,Blue Grosbeak,0.0133,D:/AcousticMonitoringData/ELDON3_Data/Week18\ELDON3_20250509_060602.wav
1302.0,1305.0,Geothlypis trichas,Common Yellowthroat,0.0117,D:/AcousticMonitoringData/ELDON3_Data/Week18\ELDON3_20250509_060602.wav
1308.0,1311.0,Sturnella magna,Eastern Meadowlark,0.1472,D:/AcousticMonitoringData/ELDON3_Data/Week18\ELDON3_20250509_060602.wav
1311.0,1314.0,Sturnella magna,Eastern Meadowlark,0.0117,D:/AcousticMonitoringData/ELDON3_Data/Week18\ELDON3_20250509_060602.wav
1317.0,1320.0,Sturnella magna,Eastern Meadowlark,0.0883,D:/AcousticMonitoringData/ELDON3_Data/Week18\ELDON3_20250509_060602.wav
1323.0,1326.0,Sturnella magna,Eastern Meadowlark,0.0251,D:/AcousticMonitoringData/ELDON3_Data/Week18\ELDON3_20250509_060602.wav
1326.0,1329.0,Passerina caerulea,Blue Grosbeak,0.0107,D:/AcousticMonitoringData/ELDON3_Data/Week18\ELDON3_20250509_060602.wav
1329.0,1332.0,Sturnella magna,Eastern Meadowlark,0.0126,D:/AcousticMonitoringData/ELDON3_Data/Week18\ELDON3_20250509_060602.wav
1332.0,1335.0,Sturnella magna,Eastern Meadowlark,0.0141,D:/AcousticMonitoringData/ELDON3_Data/Week18\ELDON3_20250509_060602.wav
1335.0,1338.0,Geothlypis trichas,Common Yellowthroat,0.0316,D:/AcousticMonitoringData/ELDON3_Data/Week18\ELDON3_20250509_060602.wav
1335.0,1338.0,Sturnella magna,Eastern Meadowlark,0.0143,D:/AcousticMonitoringData/ELDON3_Data/Week18\ELDON3_20250509_060602.wav
1335.0,1338.0,Spizella pusilla,Field Sparrow,0.0121,D:/AcousticMonitoringData/ELDON3_Data/Week18\ELDON3_20250509_060602.wav
1338.0,1341.0,Spizella pusilla,Field Sparrow,0.0394,D:/AcousticMonitoringData/ELDON3_Data/Week18\ELDON3_20250509_060602.wav
1338.0,1341.0,Geothlypis trichas,Common Yellowthroat,0.0327,D:/AcousticMonitoringData/ELDON3_Data/Week18\ELDON3_20250509_060602.wav
1338.0,1341.0,Sturnella magna,Eastern Meadowlark,0.0317,D:/AcousticMonitoringData/ELDON3_Data/Week18\ELDON3_20250509_060602.wav
1338.0,1341.0,Passerina caerulea,Blue Grosbeak,0.0187,D:/AcousticMonitoringData/ELDON3_Data/Week18\ELDON3_20250509_060602.wav
1344.0,1347.0,Sturnella magna,Eastern Meadowlark,0.0125,D:/AcousticMonitoringData/ELDON3_Data/Week18\ELDON3_20250509_060602.wav
1350.0,1353.0,Sturnella magna,Eastern Meadowlark,0.0157,D:/AcousticMonitoringData/ELDON3_Data/Week18\ELDON3_20250509_060602.wav
1350.0,1353.0,Passerina caerulea,Blue Grosbeak,0.0106,D:/AcousticMonitoringData/ELDON3_Data/Week18\ELDON3_20250509_060602.wav
1353.0,1356.0,Sturnella magna,Eastern Meadowlark,0.1963,D:/AcousticMonitoringData/ELDON3_Data/Week18\ELDON3_20250509_060602.wav
1353.0,1356.0,Passerina caerulea,Blue Grosbeak,0.0164,D:/AcousticMonitoringData/ELDON3_Data/Week18\ELDON3_20250509_060602.wav
1362.0,1365.0,Sturnella magna,Eastern Meadowlark,0.3261,D:/AcousticMonitoringData/ELDON3_Data/Week18\ELDON3_20250509_060602.wav
1362.0,1365.0,Passerina caerulea,Blue Grosbeak,0.0271,D:/AcousticMonitoringData/ELDON3_Data/Week18\ELDON3_20250509_060602.wav
1362.0,1365.0,Spizella pusilla,Field Sparrow,0.0222,D:/AcousticMonitoringData/ELDON3_Data/Week18\ELDON3_20250509_060602.wav
1365.0,1368.0,Geothlypis trichas,Common Yellowthroat,0.0598,D:/AcousticMonitoringData/ELDON3_Data/Week18\ELDON3_20250509_060602.wav
1365.0,1368.0,Spizella pusilla,Field Sparrow,0.0253,D:/AcousticMonitoringData/ELDON3_Data/Week18\ELDON3_20250509_060602.wav
1365.0,1368.0,Sturnella magna,Eastern Meadowlark,0.0205,D:/AcousticMonitoringData/ELDON3_Data/Week18\ELDON3_20250509_060602.wav
1365.0,1368.0,Passerina caerulea,Blue Grosbeak,0.0170,D:/AcousticMonitoringData/ELDON3_Data/Week18\ELDON3_20250509_060602.wav
1368.0,1371.0,Sturnella magna,Eastern Meadowlark,0.1326,D:/AcousticMonitoringData/ELDON3_Data/Week18\ELDON3_20250509_060602.wav
1368.0,1371.0,Spizella pusilla,Field Sparrow,0.0105,D:/AcousticMonitoringData/ELDON3_Data/Week18\ELDON3_20250509_060602.wav
1377.0,1380.0,Sturnella magna,Eastern Meadowlark,0.0382,D:/AcousticMonitoringData/ELDON3_Data/Week18\ELDON3_20250509_060602.wav
1380.0,1383.0,Spizella pusilla,Field Sparrow,0.0282,D:/AcousticMonitoringData/ELDON3_Data/Week18\ELDON3_20250509_060602.wav
1380.0,1383.0,Geothlypis trichas,Common Yellowthroat,0.0278,D:/AcousticMonitoringData/ELDON3_Data/Week18\ELDON3_20250509_060602.wav
1380.0,1383.0,Passerina caerulea,Blue Grosbeak,0.0127,D:/AcousticMonitoringData/ELDON3_Data/Week18\ELDON3_20250509_060602.wav
1380.0,1383.0,Sturnella magna,Eastern Meadowlark,0.0109,D:/AcousticMonitoringData/ELDON3_Data/Week18\ELDON3_20250509_060602.wav
1392.0,1395.0,Sturnella magna,Eastern Meadowlark,0.1555,D:/AcousticMonitoringData/ELDON3_Data/Week18\ELDON3_20250509_060602.wav
1392.0,1395.0,Passerina caerulea,Blue Grosbeak,0.0211,D:/AcousticMonitoringData/ELDON3_Data/Week18\ELDON3_20250509_060602.wav
1395.0,1398.0,Sturnella magna,Eastern Meadowlark,0.0791,D:/AcousticMonitoringData/ELDON3_Data/Week18\ELDON3_20250509_060602.wav
1395.0,1398.0,Passerina caerulea,Blue Grosbeak,0.0213,D:/AcousticMonitoringData/ELDON3_Data/Week18\ELDON3_20250509_060602.wav
1401.0,1404.0,Sturnella magna,Eastern Meadowlark,0.0167,D:/AcousticMonitoringData/ELDON3_Data/Week18\ELDON3_20250509_060602.wav
1404.0,1407.0,Geothlypis trichas,Common Yellowthroat,0.0178,D:/AcousticMonitoringData/ELDON3_Data/Week18\ELDON3_20250509_060602.wav
1404.0,1407.0,Sturnella magna,Eastern Meadowlark,0.0142,D:/AcousticMonitoringData/ELDON3_Data/Week18\ELDON3_20250509_060602.wav
1404.0,1407.0,Passerina caerulea,Blue Grosbeak,0.0123,D:/AcousticMonitoringData/ELDON3_Data/Week18\ELDON3_20250509_060602.wav
1407.0,1410.0,Sturnella magna,Eastern Meadowlark,0.0267,D:/AcousticMonitoringData/ELDON3_Data/Week18\ELDON3_20250509_060602.wav
1413.0,1416.0,Sturnella magna,Eastern Meadowlark,0.0226,D:/AcousticMonitoringData/ELDON3_Data/Week18\ELDON3_20250509_060602.wav
1416.0,1419.0,Sturnella magna,Eastern Meadowlark,0.0140,D:/AcousticMonitoringData/ELDON3_Data/Week18\ELDON3_20250509_060602.wav
1416.0,1419.0,Passerina caerulea,Blue Grosbeak,0.0101,D:/AcousticMonitoringData/ELDON3_Data/Week18\ELDON3_20250509_060602.wav
1419.0,1422.0,Geothlypis trichas,Common Yellowthroat,0.0409,D:/AcousticMonitoringData/ELDON3_Data/Week18\ELDON3_20250509_060602.wav
1419.0,1422.0,Passerina caerulea,Blue Grosbeak,0.0233,D:/AcousticMonitoringData/ELDON3_Data/Week18\ELDON3_20250509_060602.wav
1419.0,1422.0,Sturnella magna,Eastern Meadowlark,0.0196,D:/AcousticMonitoringData/ELDON3_Data/Week18\ELDON3_20250509_060602.wav
1419.0,1422.0,Spizella pusilla,Field Sparrow,0.0175,D:/AcousticMonitoringData/ELDON3_Data/Week18\ELDON3_20250509_060602.wav
1422.0,1425.0,Sturnella magna,Eastern Meadowlark,0.1820,D:/AcousticMonitoringData/ELDON3_Data/Week18\ELDON3_20250509_060602.wav
1431.0,1434.0,Sturnella magna,Eastern Meadowlark,0.2443,D:/AcousticMonitoringData/ELDON3_Data/Week18\ELDON3_20250509_060602.wav
1431.0,1434.0,Geothlypis trichas,Common Yellowthroat,0.0349,D:/AcousticMonitoringData/ELDON3_Data/Week18\ELDON3_20250509_060602.wav
1434.0,1437.0,Passerina caerulea,Blue Grosbeak,0.0142,D:/AcousticMonitoringData/ELDON3_Data/Week18\ELDON3_20250509_060602.wav
1437.0,1440.0,Sturnella magna,Eastern Meadowlark,0.0589,D:/AcousticMonitoringData/ELDON3_Data/Week18\ELDON3_20250509_060602.wav
1440.0,1443.0,Passerina caerulea,Blue Grosbeak,0.0117,D:/AcousticMonitoringData/ELDON3_Data/Week18\ELDON3_20250509_060602.wav
1440.0,1443.0,Geothlypis trichas,Common Yellowthroat,0.0115,D:/AcousticMonitoringData/ELDON3_Data/Week18\ELDON3_20250509_060602.wav
1440.0,1443.0,Sturnella magna,Eastern Meadowlark,0.0113,D:/AcousticMonitoringData/ELDON3_Data/Week18\ELDON3_20250509_060602.wav
1443.0,1446.0,Sturnella magna,Eastern Meadowlark,0.0224,D:/AcousticMonitoringData/ELDON3_Data/Week18\ELDON3_20250509_060602.wav
1443.0,1446.0,Passerina caerulea,Blue Grosbeak,0.0156,D:/AcousticMonitoringData/ELDON3_Data/Week18\ELDON3_20250509_060602.wav
1443.0,1446.0,Spizella pusilla,Field Sparrow,0.0111,D:/AcousticMonitoringData/ELDON3_Data/Week18\ELDON3_20250509_060602.wav
1449.0,1452.0,Sturnella magna,Eastern Meadowlark,0.0100,D:/AcousticMonitoringData/ELDON3_Data/Week18\ELDON3_20250509_060602.wav
1455.0,1458.0,Sturnella magna,Eastern Meadowlark,0.3048,D:/AcousticMonitoringData/ELDON3_Data/Week18\ELDON3_20250509_060602.wav
1458.0,1461.0,Geothlypis trichas,Common Yellowthroat,0.0222,D:/AcousticMonitoringData/ELDON3_Data/Week18\ELDON3_20250509_060602.wav
1458.0,1461.0,Sturnella magna,Eastern Meadowlark,0.0173,D:/AcousticMonitoringData/ELDON3_Data/Week18\ELDON3_20250509_060602.wav
1458.0,1461.0,Eremophila alpestris,Horned Lark,0.0138,D:/AcousticMonitoringData/ELDON3_Data/Week18\ELDON3_20250509_060602.wav
1458.0,1461.0,Passerina caerulea,Blue Grosbeak,0.0119,D:/AcousticMonitoringData/ELDON3_Data/Week18\ELDON3_20250509_060602.wav
1461.0,1464.0,Sturnella magna,Eastern Meadowlark,0.2249,D:/AcousticMonitoringData/ELDON3_Data/Week18\ELDON3_20250509_060602.wav
1461.0,1464.0,Passerina caerulea,Blue Grosbeak,0.0192,D:/AcousticMonitoringData/ELDON3_Data/Week18\ELDON3_20250509_060602.wav
1461.0,1464.0,Spizella pusilla,Field Sparrow,0.0134,D:/AcousticMonitoringData/ELDON3_Data/Week18\ELDON3_20250509_060602.wav
1464.0,1467.0,Sturnella magna,Eastern Meadowlark,0.0143,D:/AcousticMonitoringData/ELDON3_Data/Week18\ELDON3_20250509_060602.wav
1470.0,1473.0,Spizella pusilla,Field Sparrow,0.0190,D:/AcousticMonitoringData/ELDON3_Data/Week18\ELDON3_20250509_060602.wav
1470.0,1473.0,Passerina caerulea,Blue Grosbeak,0.0130,D:/AcousticMonitoringData/ELDON3_Data/Week18\ELDON3_20250509_060602.wav
1470.0,1473.0,Sturnella magna,Eastern Meadowlark,0.0120,D:/AcousticMonitoringData/ELDON3_Data/Week18\ELDON3_20250509_060602.wav
1473.0,1476.0,Sturnella magna,Eastern Meadowlark,0.1059,D:/AcousticMonitoringData/ELDON3_Data/Week18\ELDON3_20250509_060602.wav
1473.0,1476.0,Passerina caerulea,Blue Grosbeak,0.0416,D:/AcousticMonitoringData/ELDON3_Data/Week18\ELDON3_20250509_060602.wav
1473.0,1476.0,Spizella pusilla,Field Sparrow,0.0171,D:/AcousticMonitoringData/ELDON3_Data/Week18\ELDON3_20250509_060602.wav
1479.0,1482.0,Geothlypis trichas,Common Yellowthroat,0.0126,D:/AcousticMonitoringData/ELDON3_Data/Week18\ELDON3_20250509_060602.wav
1482.0,1485.0,Sturnella magna,Eastern Meadowlark,0.0140,D:/AcousticMonitoringData/ELDON3_Data/Week18\ELDON3_20250509_060602.wav
1485.0,1488.0,Sturnella magna,Eastern Meadowlark,0.0216,D:/AcousticMonitoringData/ELDON3_Data/Week18\ELDON3_20250509_060602.wav
1485.0,1488.0,Geothlypis trichas,Common Yellowthroat,0.0191,D:/AcousticMonitoringData/ELDON3_Data/Week18\ELDON3_20250509_060602.wav
1485.0,1488.0,Passerina caerulea,Blue Grosbeak,0.0102,D:/AcousticMonitoringData/ELDON3_Data/Week18\ELDON3_20250509_060602.wav
1491.0,1494.0,Sturnella magna,Eastern Meadowlark,0.1928,D:/AcousticMonitoringData/ELDON3_Data/Week18\ELDON3_20250509_060602.wav
1494.0,1497.0,Sturnella magna,Eastern Meadowlark,0.1758,D:/AcousticMonitoringData/ELDON3_Data/Week18\ELDON3_20250509_060602.wav
1494.0,1497.0,Eremophila alpestris,Horned Lark,0.0142,D:/AcousticMonitoringData/ELDON3_Data/Week18\ELDON3_20250509_060602.wav
1494.0,1497.0,Passerina caerulea,Blue Grosbeak,0.0117,D:/AcousticMonitoringData/ELDON3_Data/Week18\ELDON3_20250509_060602.wav
1497.0,1500.0,Sturnella magna,Eastern Meadowlark,0.0417,D:/AcousticMonitoringData/ELDON3_Data/Week18\ELDON3_20250509_060602.wav
1497.0,1500.0,Passerina caerulea,Blue Grosbeak,0.0158,D:/AcousticMonitoringData/ELDON3_Data/Week18\ELDON3_20250509_060602.wav
1506.0,1509.0,Sturnella magna,Eastern Meadowlark,0.0912,D:/AcousticMonitoringData/ELDON3_Data/Week18\ELDON3_20250509_060602.wav
1506.0,1509.0,Passerina caerulea,Blue Grosbeak,0.0139,D:/AcousticMonitoringData/ELDON3_Data/Week18\ELDON3_20250509_060602.wav
1506.0,1509.0,Geothlypis trichas,Common Yellowthroat,0.0120,D:/AcousticMonitoringData/ELDON3_Data/Week18\ELDON3_20250509_060602.wav
1509.0,1512.0,Sturnella magna,Eastern Meadowlark,0.0599,D:/AcousticMonitoringData/ELDON3_Data/Week18\ELDON3_20250509_060602.wav
1509.0,1512.0,Passerina caerulea,Blue Grosbeak,0.0124,D:/AcousticMonitoringData/ELDON3_Data/Week18\ELDON3_20250509_060602.wav
1512.0,1515.0,Sturnella magna,Eastern Meadowlark,0.0356,D:/AcousticMonitoringData/ELDON3_Data/Week18\ELDON3_20250509_060602.wav
1521.0,1524.0,Sturnella magna,Eastern Meadowlark,0.0426,D:/AcousticMonitoringData/ELDON3_Data/Week18\ELDON3_20250509_060602.wav
1524.0,1527.0,Passerina caerulea,Blue Grosbeak,0.0106,D:/AcousticMonitoringData/ELDON3_Data/Week18\ELDON3_20250509_060602.wav
1530.0,1533.0,Sturnella magna,Eastern Meadowlark,0.0954,D:/AcousticMonitoringData/ELDON3_Data/Week18\ELDON3_20250509_060602.wav
1545.0,1548.0,Sturnella magna,Eastern Meadowlark,0.3174,D:/AcousticMonitoringData/ELDON3_Data/Week18\ELDON3_20250509_060602.wav
1545.0,1548.0,Spizella pusilla,Field Sparrow,0.0427,D:/AcousticMonitoringData/ELDON3_Data/Week18\ELDON3_20250509_060602.wav
1545.0,1548.0,Passerina caerulea,Blue Grosbeak,0.0134,D:/AcousticMonitoringData/ELDON3_Data/Week18\ELDON3_20250509_060602.wav
1548.0,1551.0,Sturnella magna,Eastern Meadowlark,0.0246,D:/AcousticMonitoringData/ELDON3_Data/Week18\ELDON3_20250509_060602.wav
1554.0,1557.0,Sturnella magna,Eastern Meadowlark,0.0128,D:/AcousticMonitoringData/ELDON3_Data/Week18\ELDON3_20250509_060602.wav
1557.0,1560.0,Sturnella magna,Eastern Meadowlark,0.0139,D:/AcousticMonitoringData/ELDON3_Data/Week18\ELDON3_20250509_060602.wav
1563.0,1566.0,Sturnella magna,Eastern Meadowlark,0.1357,D:/AcousticMonitoringData/ELDON3_Data/Week18\ELDON3_20250509_060602.wav
1563.0,1566.0,Spizella pusilla,Field Sparrow,0.0151,D:/AcousticMonitoringData/ELDON3_Data/Week18\ELDON3_20250509_060602.wav
1563.0,1566.0,Passerina caerulea,Blue Grosbeak,0.0132,D:/AcousticMonitoringData/ELDON3_Data/Week18\ELDON3_20250509_060602.wav
1563.0,1566.0,Geothlypis trichas,Common Yellowthroat,0.0127,D:/AcousticMonitoringData/ELDON3_Data/Week18\ELDON3_20250509_060602.wav
1572.0,1575.0,Sturnella magna,Eastern Meadowlark,0.0274,D:/AcousticMonitoringData/ELDON3_Data/Week18\ELDON3_20250509_060602.wav
1572.0,1575.0,Passerina caerulea,Blue Grosbeak,0.0137,D:/AcousticMonitoringData/ELDON3_Data/Week18\ELDON3_20250509_060602.wav
1575.0,1578.0,Spizella pusilla,Field Sparrow,0.0335,D:/AcousticMonitoringData/ELDON3_Data/Week18\ELDON3_20250509_060602.wav
1575.0,1578.0,Geothlypis trichas,Common Yellowthroat,0.0286,D:/AcousticMonitoringData/ELDON3_Data/Week18\ELDON3_20250509_060602.wav
1575.0,1578.0,Sturnella magna,Eastern Meadowlark,0.0211,D:/AcousticMonitoringData/ELDON3_Data/Week18\ELDON3_20250509_060602.wav
1575.0,1578.0,Passerina caerulea,Blue Grosbeak,0.0170,D:/AcousticMonitoringData/ELDON3_Data/Week18\ELDON3_20250509_060602.wav
1584.0,1587.0,Sturnella magna,Eastern Meadowlark,0.0153,D:/AcousticMonitoringData/ELDON3_Data/Week18\ELDON3_20250509_060602.wav
1584.0,1587.0,Geothlypis trichas,Common Yellowthroat,0.0102,D:/AcousticMonitoringData/ELDON3_Data/Week18\ELDON3_20250509_060602.wav
1587.0,1590.0,Passerina caerulea,Blue Grosbeak,0.0167,D:/AcousticMonitoringData/ELDON3_Data/Week18\ELDON3_20250509_060602.wav
1587.0,1590.0,Sturnella magna,Eastern Meadowlark,0.0155,D:/AcousticMonitoringData/ELDON3_Data/Week18\ELDON3_20250509_060602.wav
1590.0,1593.0,Sturnella magna,Eastern Meadowlark,0.0180,D:/AcousticMonitoringData/ELDON3_Data/Week18\ELDON3_20250509_060602.wav
1596.0,1599.0,Sturnella magna,Eastern Meadowlark,0.0134,D:/AcousticMonitoringData/ELDON3_Data/Week18\ELDON3_20250509_060602.wav
1599.0,1602.0,Sturnella magna,Eastern Meadowlark,0.0261,D:/AcousticMonitoringData/ELDON3_Data/Week18\ELDON3_20250509_060602.wav
1611.0,1614.0,Sturnella magna,Eastern Meadowlark,0.0119,D:/AcousticMonitoringData/ELDON3_Data/Week18\ELDON3_20250509_060602.wav
1614.0,1617.0,Geothlypis trichas,Common Yellowthroat,0.0256,D:/AcousticMonitoringData/ELDON3_Data/Week18\ELDON3_20250509_060602.wav
1617.0,1620.0,Sturnella magna,Eastern Meadowlark,0.0946,D:/AcousticMonitoringData/ELDON3_Data/Week18\ELDON3_20250509_060602.wav
1617.0,1620.0,Spizella pusilla,Field Sparrow,0.0233,D:/AcousticMonitoringData/ELDON3_Data/Week18\ELDON3_20250509_060602.wav
1617.0,1620.0,Passerina caerulea,Blue Grosbeak,0.0110,D:/AcousticMonitoringData/ELDON3_Data/Week18\ELDON3_20250509_060602.wav
1617.0,1620.0,Geothlypis trichas,Common Yellowthroat,0.0106,D:/AcousticMonitoringData/ELDON3_Data/Week18\ELDON3_20250509_060602.wav
1620.0,1623.0,Sturnella magna,Eastern Meadowlark,0.0279,D:/AcousticMonitoringData/ELDON3_Data/Week18\ELDON3_20250509_060602.wav
1620.0,1623.0,Spizella pusilla,Field Sparrow,0.0132,D:/AcousticMonitoringData/ELDON3_Data/Week18\ELDON3_20250509_060602.wav
1620.0,1623.0,Geothlypis trichas,Common Yellowthroat,0.0121,D:/AcousticMonitoringData/ELDON3_Data/Week18\ELDON3_20250509_060602.wav
1623.0,1626.0,Sturnella magna,Eastern Meadowlark,0.0183,D:/AcousticMonitoringData/ELDON3_Data/Week18\ELDON3_20250509_060602.wav
1623.0,1626.0,Geothlypis trichas,Common Yellowthroat,0.0106,D:/AcousticMonitoringData/ELDON3_Data/Week18\ELDON3_20250509_060602.wav
1626.0,1629.0,Geothlypis trichas,Common Yellowthroat,0.0196,D:/AcousticMonitoringData/ELDON3_Data/Week18\ELDON3_20250509_060602.wav
1626.0,1629.0,Spizella pusilla,Field Sparrow,0.0137,D:/AcousticMonitoringData/ELDON3_Data/Week18\ELDON3_20250509_060602.wav
1629.0,1632.0,Sturnella magna,Eastern Meadowlark,0.0306,D:/AcousticMonitoringData/ELDON3_Data/Week18\ELDON3_20250509_060602.wav
1632.0,1635.0,Sturnella magna,Eastern Meadowlark,0.0454,D:/AcousticMonitoringData/ELDON3_Data/Week18\ELDON3_20250509_060602.wav
1635.0,1638.0,Sturnella magna,Eastern Meadowlark,0.0468,D:/AcousticMonitoringData/ELDON3_Data/Week18\ELDON3_20250509_060602.wav
1638.0,1641.0,Sturnella magna,Eastern Meadowlark,0.0103,D:/AcousticMonitoringData/ELDON3_Data/Week18\ELDON3_20250509_060602.wav
1644.0,1647.0,Sturnella magna,Eastern Meadowlark,0.0105,D:/AcousticMonitoringData/ELDON3_Data/Week18\ELDON3_20250509_060602.wav
1647.0,1650.0,Sturnella magna,Eastern Meadowlark,0.0384,D:/AcousticMonitoringData/ELDON3_Data/Week18\ELDON3_20250509_060602.wav
1650.0,1653.0,Sturnella magna,Eastern Meadowlark,0.0617,D:/AcousticMonitoringData/ELDON3_Data/Week18\ELDON3_20250509_060602.wav
1659.0,1662.0,Sturnella magna,Eastern Meadowlark,0.0158,D:/AcousticMonitoringData/ELDON3_Data/Week18\ELDON3_20250509_060602.wav
1662.0,1665.0,Sturnella magna,Eastern Meadowlark,0.0163,D:/AcousticMonitoringData/ELDON3_Data/Week18\ELDON3_20250509_060602.wav
1671.0,1674.0,Sturnella magna,Eastern Meadowlark,0.0202,D:/AcousticMonitoringData/ELDON3_Data/Week18\ELDON3_20250509_060602.wav
1674.0,1677.0,Spizella pusilla,Field Sparrow,0.0602,D:/AcousticMonitoringData/ELDON3_Data/Week18\ELDON3_20250509_060602.wav
1674.0,1677.0,Sturnella magna,Eastern Meadowlark,0.0345,D:/AcousticMonitoringData/ELDON3_Data/Week18\ELDON3_20250509_060602.wav
1674.0,1677.0,Geothlypis trichas,Common Yellowthroat,0.0201,D:/AcousticMonitoringData/ELDON3_Data/Week18\ELDON3_20250509_060602.wav
1674.0,1677.0,Passerina caerulea,Blue Grosbeak,0.0128,D:/AcousticMonitoringData/ELDON3_Data/Week18\ELDON3_20250509_060602.wav
1680.0,1683.0,Sturnella magna,Eastern Meadowlark,0.0173,D:/AcousticMonitoringData/ELDON3_Data/Week18\ELDON3_20250509_060602.wav
1683.0,1686.0,Sturnella magna,Eastern Meadowlark,0.0111,D:/AcousticMonitoringData/ELDON3_Data/Week18\ELDON3_20250509_060602.wav
1686.0,1689.0,Sturnella magna,Eastern Meadowlark,0.0106,D:/AcousticMonitoringData/ELDON3_Data/Week18\ELDON3_20250509_060602.wav
1692.0,1695.0,Sturnella magna,Eastern Meadowlark,0.0145,D:/AcousticMonitoringData/ELDON3_Data/Week18\ELDON3_20250509_060602.wav
1707.0,1710.0,Sturnella magna,Eastern Meadowlark,0.0150,D:/AcousticMonitoringData/ELDON3_Data/Week18\ELDON3_20250509_060602.wav
1710.0,1713.0,Spizella pusilla,Field Sparrow,0.0195,D:/AcousticMonitoringData/ELDON3_Data/Week18\ELDON3_20250509_060602.wav
1710.0,1713.0,Passerina caerulea,Blue Grosbeak,0.0164,D:/AcousticMonitoringData/ELDON3_Data/Week18\ELDON3_20250509_060602.wav
1710.0,1713.0,Sturnella magna,Eastern Meadowlark,0.0134,D:/AcousticMonitoringData/ELDON3_Data/Week18\ELDON3_20250509_060602.wav
1713.0,1716.0,Sturnella magna,Eastern Meadowlark,0.0319,D:/AcousticMonitoringData/ELDON3_Data/Week18\ELDON3_20250509_060602.wav
1722.0,1725.0,Sturnella magna,Eastern Meadowlark,0.0278,D:/AcousticMonitoringData/ELDON3_Data/Week18\ELDON3_20250509_060602.wav
1725.0,1728.0,Spizella pusilla,Field Sparrow,0.0128,D:/AcousticMonitoringData/ELDON3_Data/Week18\ELDON3_20250509_060602.wav
1725.0,1728.0,Geothlypis trichas,Common Yellowthroat,0.0101,D:/AcousticMonitoringData/ELDON3_Data/Week18\ELDON3_20250509_060602.wav
1734.0,1737.0,Sturnella magna,Eastern Meadowlark,0.0122,D:/AcousticMonitoringData/ELDON3_Data/Week18\ELDON3_20250509_060602.wav
1737.0,1740.0,Passerina caerulea,Blue Grosbeak,0.0172,D:/AcousticMonitoringData/ELDON3_Data/Week18\ELDON3_20250509_060602.wav
1737.0,1740.0,Spizella pusilla,Field Sparrow,0.0128,D:/AcousticMonitoringData/ELDON3_Data/Week18\ELDON3_20250509_060602.wav
1746.0,1749.0,Sturnella magna,Eastern Meadowlark,0.0227,D:/AcousticMonitoringData/ELDON3_Data/Week18\ELDON3_20250509_060602.wav
1749.0,1752.0,Sturnella magna,Eastern Meadowlark,0.0160,D:/AcousticMonitoringData/ELDON3_Data/Week18\ELDON3_20250509_060602.wav
1752.0,1755.0,Spizella pusilla,Field Sparrow,0.0310,D:/AcousticMonitoringData/ELDON3_Data/Week18\ELDON3_20250509_060602.wav
1752.0,1755.0,Geothlypis trichas,Common Yellowthroat,0.0109,D:/AcousticMonitoringData/ELDON3_Data/Week18\ELDON3_20250509_060602.wav
1758.0,1761.0,Sturnella magna,Eastern Meadowlark,0.0115,D:/AcousticMonitoringData/ELDON3_Data/Week18\ELDON3_20250509_060602.wav
1761.0,1764.0,Sturnella magna,Eastern Meadowlark,0.0135,D:/AcousticMonitoringData/ELDON3_Data/Week18\ELDON3_20250509_060602.wav
1764.0,1767.0,Sturnella magna,Eastern Meadowlark,0.0269,D:/AcousticMonitoringData/ELDON3_Data/Week18\ELDON3_20250509_060602.wav
1764.0,1767.0,Spizella pusilla,Field Sparrow,0.0179,D:/AcousticMonitoringData/ELDON3_Data/Week18\ELDON3_20250509_060602.wav
1764.0,1767.0,Geothlypis trichas,Common Yellowthroat,0.0113,D:/AcousticMonitoringData/ELDON3_Data/Week18\ELDON3_20250509_060602.wav
1767.0,1770.0,Sturnella magna,Eastern Meadowlark,0.0200,D:/AcousticMonitoringData/ELDON3_Data/Week18\ELDON3_20250509_060602.wav
1767.0,1770.0,Spizella pusilla,Field Sparrow,0.0128,D:/AcousticMonitoringData/ELDON3_Data/Week18\ELDON3_20250509_060602.wav
1770.0,1773.0,Sturnella magna,Eastern Meadowlark,0.0121,D:/AcousticMonitoringData/ELDON3_Data/Week18\ELDON3_20250509_060602.wav
1773.0,1776.0,Sturnella magna,Eastern Meadowlark,0.0552,D:/AcousticMonitoringData/ELDON3_Data/Week18\ELDON3_20250509_060602.wav
1776.0,1779.0,Passerina caerulea,Blue Grosbeak,0.0114,D:/AcousticMonitoringData/ELDON3_Data/Week18\ELDON3_20250509_060602.wav
1779.0,1782.0,Sturnella magna,Eastern Meadowlark,0.0117,D:/AcousticMonitoringData/ELDON3_Data/Week18\ELDON3_20250509_060602.wav
1788.0,1791.0,Sturnella magna,Eastern Meadowlark,0.0623,D:/AcousticMonitoringData/ELDON3_Data/Week18\ELDON3_20250509_060602.wav
1794.0,1797.0,Sturnella magna,Eastern Meadowlark,0.0869,D:/AcousticMonitoringData/ELDON3_Data/Week18\ELDON3_20250509_060602.wav
1794.0,1797.0,Bartramia longicauda,Upland Sandpiper,0.0112,D:/AcousticMonitoringData/ELDON3_Data/Week18\ELDON3_20250509_060602.wav
1797.0,1800.0,Sturnella magna,Eastern Meadowlark,0.0175,D:/AcousticMonitoringData/ELDON3_Data/Week18\ELDON3_20250509_060602.wav
1809.0,1812.0,Sturnella magna,Eastern Meadowlark,0.0119,D:/AcousticMonitoringData/ELDON3_Data/Week18\ELDON3_20250509_060602.wav
1815.0,1818.0,Sturnella magna,Eastern Meadowlark,0.0150,D:/AcousticMonitoringData/ELDON3_Data/Week18\ELDON3_20250509_060602.wav
1821.0,1824.0,Passerina caerulea,Blue Grosbeak,0.0161,D:/AcousticMonitoringData/ELDON3_Data/Week18\ELDON3_20250509_060602.wav
1839.0,1842.0,Sturnella magna,Eastern Meadowlark,0.0110,D:/AcousticMonitoringData/ELDON3_Data/Week18\ELDON3_20250509_060602.wav
1842.0,1845.0,Sturnella magna,Eastern Meadowlark,0.0202,D:/AcousticMonitoringData/ELDON3_Data/Week18\ELDON3_20250509_060602.wav
1842.0,1845.0,Passerina caerulea,Blue Grosbeak,0.0125,D:/AcousticMonitoringData/ELDON3_Data/Week18\ELDON3_20250509_060602.wav
1845.0,1848.0,Sturnella magna,Eastern Meadowlark,0.0117,D:/AcousticMonitoringData/ELDON3_Data/Week18\ELDON3_20250509_060602.wav
1851.0,1854.0,Sturnella magna,Eastern Meadowlark,0.0106,D:/AcousticMonitoringData/ELDON3_Data/Week18\ELDON3_20250509_060602.wav
1854.0,1857.0,Sturnella magna,Eastern Meadowlark,0.0150,D:/AcousticMonitoringData/ELDON3_Data/Week18\ELDON3_20250509_060602.wav
1857.0,1860.0,Sturnella magna,Eastern Meadowlark,0.0122,D:/AcousticMonitoringData/ELDON3_Data/Week18\ELDON3_20250509_060602.wav
1860.0,1863.0,Geothlypis trichas,Common Yellowthroat,0.0119,D:/AcousticMonitoringData/ELDON3_Data/Week18\ELDON3_20250509_060602.wav
1875.0,1878.0,Sturnella magna,Eastern Meadowlark,0.0231,D:/AcousticMonitoringData/ELDON3_Data/Week18\ELDON3_20250509_060602.wav
1875.0,1878.0,Passerina caerulea,Blue Grosbeak,0.0188,D:/AcousticMonitoringData/ELDON3_Data/Week18\ELDON3_20250509_060602.wav
1875.0,1878.0,Spizella pusilla,Field Sparrow,0.0128,D:/AcousticMonitoringData/ELDON3_Data/Week18\ELDON3_20250509_060602.wav
1878.0,1881.0,Geothlypis trichas,Common Yellowthroat,0.0169,D:/AcousticMonitoringData/ELDON3_Data/Week18\ELDON3_20250509_060602.wav
1878.0,1881.0,Spizella pusilla,Field Sparrow,0.0152,D:/AcousticMonitoringData/ELDON3_Data/Week18\ELDON3_20250509_060602.wav
1878.0,1881.0,Passerina caerulea,Blue Grosbeak,0.0150,D:/AcousticMonitoringData/ELDON3_Data/Week18\ELDON3_20250509_060602.wav
1881.0,1884.0,Sturnella magna,Eastern Meadowlark,0.0113,D:/AcousticMonitoringData/ELDON3_Data/Week18\ELDON3_20250509_060602.wav
1884.0,1887.0,Sturnella magna,Eastern Meadowlark,0.0127,D:/AcousticMonitoringData/ELDON3_Data/Week18\ELDON3_20250509_060602.wav
1890.0,1893.0,Geothlypis trichas,Common Yellowthroat,0.0175,D:/AcousticMonitoringData/ELDON3_Data/Week18\ELDON3_20250509_060602.wav
1890.0,1893.0,Sturnella magna,Eastern Meadowlark,0.0112,D:/AcousticMonitoringData/ELDON3_Data/Week18\ELDON3_20250509_060602.wav
1893.0,1896.0,Bartramia longicauda,Upland Sandpiper,0.0225,D:/AcousticMonitoringData/ELDON3_Data/Week18\ELDON3_20250509_060602.wav
1896.0,1899.0,Sturnella magna,Eastern Meadowlark,0.0207,D:/AcousticMonitoringData/ELDON3_Data/Week18\ELDON3_20250509_060602.wav
1902.0,1905.0,Sturnella magna,Eastern Meadowlark,0.0153,D:/AcousticMonitoringData/ELDON3_Data/Week18\ELDON3_20250509_060602.wav
1908.0,1911.0,Passerina caerulea,Blue Grosbeak,0.0286,D:/AcousticMonitoringData/ELDON3_Data/Week18\ELDON3_20250509_060602.wav
1911.0,1914.0,Sturnella magna,Eastern Meadowlark,0.0215,D:/AcousticMonitoringData/ELDON3_Data/Week18\ELDON3_20250509_060602.wav
1917.0,1920.0,Spizella pusilla,Field Sparrow,0.0187,D:/AcousticMonitoringData/ELDON3_Data/Week18\ELDON3_20250509_060602.wav
1920.0,1923.0,Sturnella magna,Eastern Meadowlark,0.1682,D:/AcousticMonitoringData/ELDON3_Data/Week18\ELDON3_20250509_060602.wav
1920.0,1923.0,Passerina caerulea,Blue Grosbeak,0.0135,D:/AcousticMonitoringData/ELDON3_Data/Week18\ELDON3_20250509_060602.wav
1920.0,1923.0,Spizella pusilla,Field Sparrow,0.0106,D:/AcousticMonitoringData/ELDON3_Data/Week18\ELDON3_20250509_060602.wav
1926.0,1929.0,Sturnella magna,Eastern Meadowlark,0.0405,D:/AcousticMonitoringData/ELDON3_Data/Week18\ELDON3_20250509_060602.wav
1938.0,1941.0,Sturnella magna,Eastern Meadowlark,0.1433,D:/AcousticMonitoringData/ELDON3_Data/Week18\ELDON3_20250509_060602.wav
1941.0,1944.0,Sturnella magna,Eastern Meadowlark,0.0154,D:/AcousticMonitoringData/ELDON3_Data/Week18\ELDON3_20250509_060602.wav
1944.0,1947.0,Spizella pusilla,Field Sparrow,0.0319,D:/AcousticMonitoringData/ELDON3_Data/Week18\ELDON3_20250509_060602.wav
1944.0,1947.0,Passerina caerulea,Blue Grosbeak,0.0202,D:/AcousticMonitoringData/ELDON3_Data/Week18\ELDON3_20250509_060602.wav
1947.0,1950.0,Spizella pusilla,Field Sparrow,0.0190,D:/AcousticMonitoringData/ELDON3_Data/Week18\ELDON3_20250509_060602.wav
1947.0,1950.0,Sturnella magna,Eastern Meadowlark,0.0103,D:/AcousticMonitoringData/ELDON3_Data/Week18\ELDON3_20250509_060602.wav
1950.0,1953.0,Sturnella magna,Eastern Meadowlark,0.0124,D:/AcousticMonitoringData/ELDON3_Data/Week18\ELDON3_20250509_060602.wav
1953.0,1956.0,Sturnella magna,Eastern Meadowlark,0.0547,D:/AcousticMonitoringData/ELDON3_Data/Week18\ELDON3_20250509_060602.wav
1956.0,1959.0,Sturnella magna,Eastern Meadowlark,0.0213,D:/AcousticMonitoringData/ELDON3_Data/Week18\ELDON3_20250509_060602.wav
1962.0,1965.0,Passerina caerulea,Blue Grosbeak,0.0397,D:/AcousticMonitoringData/ELDON3_Data/Week18\ELDON3_20250509_060602.wav
1965.0,1968.0,Sturnella magna,Eastern Meadowlark,0.0221,D:/AcousticMonitoringData/ELDON3_Data/Week18\ELDON3_20250509_060602.wav
1971.0,1974.0,Spizella pusilla,Field Sparrow,0.0125,D:/AcousticMonitoringData/ELDON3_Data/Week18\ELDON3_20250509_060602.wav
1971.0,1974.0,Bartramia longicauda,Upland Sandpiper,0.0112,D:/AcousticMonitoringData/ELDON3_Data/Week18\ELDON3_20250509_060602.wav
1971.0,1974.0,Sturnella magna,Eastern Meadowlark,0.0104,D:/AcousticMonitoringData/ELDON3_Data/Week18\ELDON3_20250509_060602.wav
1974.0,1977.0,Spizella pusilla,Field Sparrow,0.0174,D:/AcousticMonitoringData/ELDON3_Data/Week18\ELDON3_20250509_060602.wav
1977.0,1980.0,Bartramia longicauda,Upland Sandpiper,0.0101,D:/AcousticMonitoringData/ELDON3_Data/Week18\ELDON3_20250509_060602.wav
1980.0,1983.0,Sturnella magna,Eastern Meadowlark,0.0506,D:/AcousticMonitoringData/ELDON3_Data/Week18\ELDON3_20250509_060602.wav
1983.0,1986.0,Bartramia longicauda,Upland Sandpiper,0.0251,D:/AcousticMonitoringData/ELDON3_Data/Week18\ELDON3_20250509_060602.wav
1983.0,1986.0,Spizella pusilla,Field Sparrow,0.0184,D:/AcousticMonitoringData/ELDON3_Data/Week18\ELDON3_20250509_060602.wav
1995.0,1998.0,Bartramia longicauda,Upland Sandpiper,0.0829,D:/AcousticMonitoringData/ELDON3_Data/Week18\ELDON3_20250509_060602.wav
1995.0,1998.0,Sturnella magna,Eastern Meadowlark,0.0253,D:/AcousticMonitoringData/ELDON3_Data/Week18\ELDON3_20250509_060602.wav
2001.0,2004.0,Sturnella magna,Eastern Meadowlark,0.0140,D:/AcousticMonitoringData/ELDON3_Data/Week18\ELDON3_20250509_060602.wav
2004.0,2007.0,Sturnella magna,Eastern Meadowlark,0.1894,D:/AcousticMonitoringData/ELDON3_Data/Week18\ELDON3_20250509_060602.wav
2007.0,2010.0,Sturnella magna,Eastern Meadowlark,0.0143,D:/AcousticMonitoringData/ELDON3_Data/Week18\ELDON3_20250509_060602.wav
2007.0,2010.0,Passerina caerulea,Blue Grosbeak,0.0130,D:/AcousticMonitoringData/ELDON3_Data/Week18\ELDON3_20250509_060602.wav
2007.0,2010.0,Spizella pusilla,Field Sparrow,0.0121,D:/AcousticMonitoringData/ELDON3_Data/Week18\ELDON3_20250509_060602.wav
2010.0,2013.0,Passerina caerulea,Blue Grosbeak,0.0246,D:/AcousticMonitoringData/ELDON3_Data/Week18\ELDON3_20250509_060602.wav
2016.0,2019.0,Sturnella magna,Eastern Meadowlark,0.0167,D:/AcousticMonitoringData/ELDON3_Data/Week18\ELDON3_20250509_060602.wav
2019.0,2022.0,Sturnella magna,Eastern Meadowlark,0.0119,D:/AcousticMonitoringData/ELDON3_Data/Week18\ELDON3_20250509_060602.wav
2019.0,2022.0,Geothlypis trichas,Common Yellowthroat,0.0108,D:/AcousticMonitoringData/ELDON3_Data/Week18\ELDON3_20250509_060602.wav
2022.0,2025.0,Sturnella magna,Eastern Meadowlark,0.0644,D:/AcousticMonitoringData/ELDON3_Data/Week18\ELDON3_20250509_060602.wav
2025.0,2028.0,Spizella pusilla,Field Sparrow,0.0198,D:/AcousticMonitoringData/ELDON3_Data/Week18\ELDON3_20250509_060602.wav
2025.0,2028.0,Geothlypis trichas,Common Yellowthroat,0.0172,D:/AcousticMonitoringData/ELDON3_Data/Week18\ELDON3_20250509_060602.wav
2031.0,2034.0,Sturnella magna,Eastern Meadowlark,0.0269,D:/AcousticMonitoringData/ELDON3_Data/Week18\ELDON3_20250509_060602.wav
2034.0,2037.0,Spizella pusilla,Field Sparrow,0.0250,D:/AcousticMonitoringData/ELDON3_Data/Week18\ELDON3_20250509_060602.wav
2034.0,2037.0,Passerina caerulea,Blue Grosbeak,0.0207,D:/AcousticMonitoringData/ELDON3_Data/Week18\ELDON3_20250509_060602.wav
2037.0,2040.0,Passerina caerulea,Blue Grosbeak,0.0153,D:/AcousticMonitoringData/ELDON3_Data/Week18\ELDON3_20250509_060602.wav
2040.0,2043.0,Sturnella magna,Eastern Meadowlark,0.0302,D:/AcousticMonitoringData/ELDON3_Data/Week18\ELDON3_20250509_060602.wav
2043.0,2046.0,Sturnella magna,Eastern Meadowlark,0.0219,D:/AcousticMonitoringData/ELDON3_Data/Week18\ELDON3_20250509_060602.wav
2049.0,2052.0,Sturnella magna,Eastern Meadowlark,0.0471,D:/AcousticMonitoringData/ELDON3_Data/Week18\ELDON3_20250509_060602.wav
2052.0,2055.0,Sturnella magna,Eastern Meadowlark,0.1905,D:/AcousticMonitoringData/ELDON3_Data/Week18\ELDON3_20250509_060602.wav
2052.0,2055.0,Bartramia longicauda,Upland Sandpiper,0.0266,D:/AcousticMonitoringData/ELDON3_Data/Week18\ELDON3_20250509_060602.wav
2055.0,2058.0,Sturnella magna,Eastern Meadowlark,0.0237,D:/AcousticMonitoringData/ELDON3_Data/Week18\ELDON3_20250509_060602.wav
2058.0,2061.0,Sturnella magna,Eastern Meadowlark,0.0223,D:/AcousticMonitoringData/ELDON3_Data/Week18\ELDON3_20250509_060602.wav
2061.0,2064.0,Sturnella magna,Eastern Meadowlark,0.0231,D:/AcousticMonitoringData/ELDON3_Data/Week18\ELDON3_20250509_060602.wav
2064.0,2067.0,Sturnella magna,Eastern Meadowlark,0.5110,D:/AcousticMonitoringData/ELDON3_Data/Week18\ELDON3_20250509_060602.wav
2064.0,2067.0,Passerina caerulea,Blue Grosbeak,0.0175,D:/AcousticMonitoringData/ELDON3_Data/Week18\ELDON3_20250509_060602.wav
2064.0,2067.0,Spizella pusilla,Field Sparrow,0.0159,D:/AcousticMonitoringData/ELDON3_Data/Week18\ELDON3_20250509_060602.wav
2067.0,2070.0,Sturnella magna,Eastern Meadowlark,0.0372,D:/AcousticMonitoringData/ELDON3_Data/Week18\ELDON3_20250509_060602.wav
2067.0,2070.0,Passerina caerulea,Blue Grosbeak,0.0156,D:/AcousticMonitoringData/ELDON3_Data/Week18\ELDON3_20250509_060602.wav
2067.0,2070.0,Spizella pusilla,Field Sparrow,0.0148,D:/AcousticMonitoringData/ELDON3_Data/Week18\ELDON3_20250509_060602.wav
2070.0,2073.0,Bartramia longicauda,Upland Sandpiper,0.0103,D:/AcousticMonitoringData/ELDON3_Data/Week18\ELDON3_20250509_060602.wav
2073.0,2076.0,Sturnella magna,Eastern Meadowlark,0.0120,D:/AcousticMonitoringData/ELDON3_Data/Week18\ELDON3_20250509_060602.wav
2076.0,2079.0,Sturnella magna,Eastern Meadowlark,0.2908,D:/AcousticMonitoringData/ELDON3_Data/Week18\ELDON3_20250509_060602.wav
2079.0,2082.0,Sturnella magna,Eastern Meadowlark,0.6493,D:/AcousticMonitoringData/ELDON3_Data/Week18\ELDON3_20250509_060602.wav
2082.0,2085.0,Sturnella magna,Eastern Meadowlark,0.0460,D:/AcousticMonitoringData/ELDON3_Data/Week18\ELDON3_20250509_060602.wav
2082.0,2085.0,Passerina caerulea,Blue Grosbeak,0.0265,D:/AcousticMonitoringData/ELDON3_Data/Week18\ELDON3_20250509_060602.wav
2082.0,2085.0,Spizella pusilla,Field Sparrow,0.0108,D:/AcousticMonitoringData/ELDON3_Data/Week18\ELDON3_20250509_060602.wav
2085.0,2088.0,Sturnella magna,Eastern Meadowlark,0.0642,D:/AcousticMonitoringData/ELDON3_Data/Week18\ELDON3_20250509_060602.wav
2088.0,2091.0,Passerina caerulea,Blue Grosbeak,0.0230,D:/AcousticMonitoringData/ELDON3_Data/Week18\ELDON3_20250509_060602.wav
2091.0,2094.0,Sturnella magna,Eastern Meadowlark,0.3313,D:/AcousticMonitoringData/ELDON3_Data/Week18\ELDON3_20250509_060602.wav
2091.0,2094.0,Spizella pusilla,Field Sparrow,0.0124,D:/AcousticMonitoringData/ELDON3_Data/Week18\ELDON3_20250509_060602.wav
2094.0,2097.0,Sturnella magna,Eastern Meadowlark,0.0116,D:/AcousticMonitoringData/ELDON3_Data/Week18\ELDON3_20250509_060602.wav
2097.0,2100.0,Spizella pusilla,Field Sparrow,0.0211,D:/AcousticMonitoringData/ELDON3_Data/Week18\ELDON3_20250509_060602.wav
2097.0,2100.0,Sturnella magna,Eastern Meadowlark,0.0208,D:/AcousticMonitoringData/ELDON3_Data/Week18\ELDON3_20250509_060602.wav
2100.0,2103.0,Sturnella magna,Eastern Meadowlark,0.0108,D:/AcousticMonitoringData/ELDON3_Data/Week18\ELDON3_20250509_060602.wav
2103.0,2106.0,Spizella pusilla,Field Sparrow,0.0318,D:/AcousticMonitoringData/ELDON3_Data/Week18\ELDON3_20250509_060602.wav
2103.0,2106.0,Sturnella magna,Eastern Meadowlark,0.0201,D:/AcousticMonitoringData/ELDON3_Data/Week18\ELDON3_20250509_060602.wav
2109.0,2112.0,Sturnella magna,Eastern Meadowlark,0.0103,D:/AcousticMonitoringData/ELDON3_Data/Week18\ELDON3_20250509_060602.wav
2115.0,2118.0,Geothlypis trichas,Common Yellowthroat,0.0102,D:/AcousticMonitoringData/ELDON3_Data/Week18\ELDON3_20250509_060602.wav
2118.0,2121.0,Sturnella magna,Eastern Meadowlark,0.0103,D:/AcousticMonitoringData/ELDON3_Data/Week18\ELDON3_20250509_060602.wav
2121.0,2124.0,Sturnella magna,Eastern Meadowlark,0.0120,D:/AcousticMonitoringData/ELDON3_Data/Week18\ELDON3_20250509_060602.wav
2127.0,2130.0,Geothlypis trichas,Common Yellowthroat,0.1646,D:/AcousticMonitoringData/ELDON3_Data/Week18\ELDON3_20250509_060602.wav
2127.0,2130.0,Spizella pusilla,Field Sparrow,0.0239,D:/AcousticMonitoringData/ELDON3_Data/Week18\ELDON3_20250509_060602.wav
2130.0,2133.0,Sturnella magna,Eastern Meadowlark,0.0411,D:/AcousticMonitoringData/ELDON3_Data/Week18\ELDON3_20250509_060602.wav
2133.0,2136.0,Sturnella magna,Eastern Meadowlark,0.0109,D:/AcousticMonitoringData/ELDON3_Data/Week18\ELDON3_20250509_060602.wav
2136.0,2139.0,Sturnella magna,Eastern Meadowlark,0.0117,D:/AcousticMonitoringData/ELDON3_Data/Week18\ELDON3_20250509_060602.wav
2145.0,2148.0,Passerina caerulea,Blue Grosbeak,0.0169,D:/AcousticMonitoringData/ELDON3_Data/Week18\ELDON3_20250509_060602.wav
2145.0,2148.0,Spizella pusilla,Field Sparrow,0.0128,D:/AcousticMonitoringData/ELDON3_Data/Week18\ELDON3_20250509_060602.wav
2145.0,2148.0,Sturnella magna,Eastern Meadowlark,0.0122,D:/AcousticMonitoringData/ELDON3_Data/Week18\ELDON3_20250509_060602.wav
2151.0,2154.0,Sturnella magna,Eastern Meadowlark,0.0294,D:/AcousticMonitoringData/ELDON3_Data/Week18\ELDON3_20250509_060602.wav
2157.0,2160.0,Geothlypis trichas,Common Yellowthroat,0.0213,D:/AcousticMonitoringData/ELDON3_Data/Week18\ELDON3_20250509_060602.wav
2157.0,2160.0,Spizella pusilla,Field Sparrow,0.0202,D:/AcousticMonitoringData/ELDON3_Data/Week18\ELDON3_20250509_060602.wav
2160.0,2163.0,Sturnella magna,Eastern Meadowlark,0.0106,D:/AcousticMonitoringData/ELDON3_Data/Week18\ELDON3_20250509_060602.wav
2163.0,2166.0,Spizella pusilla,Field Sparrow,0.0196,D:/AcousticMonitoringData/ELDON3_Data/Week18\ELDON3_20250509_060602.wav
2166.0,2169.0,Sturnella magna,Eastern Meadowlark,0.0444,D:/AcousticMonitoringData/ELDON3_Data/Week18\ELDON3_20250509_060602.wav
2166.0,2169.0,Passerina caerulea,Blue Grosbeak,0.0120,D:/AcousticMonitoringData/ELDON3_Data/Week18\ELDON3_20250509_060602.wav
2166.0,2169.0,Spizella pusilla,Field Sparrow,0.0113,D:/AcousticMonitoringData/ELDON3_Data/Week18\ELDON3_20250509_060602.wav
2175.0,2178.0,Geothlypis trichas,Common Yellowthroat,0.0170,D:/AcousticMonitoringData/ELDON3_Data/Week18\ELDON3_20250509_060602.wav
2178.0,2181.0,Geothlypis trichas,Common Yellowthroat,0.0243,D:/AcousticMonitoringData/ELDON3_Data/Week18\ELDON3_20250509_060602.wav
2178.0,2181.0,Spizella pusilla,Field Sparrow,0.0222,D:/AcousticMonitoringData/ELDON3_Data/Week18\ELDON3_20250509_060602.wav
2181.0,2184.0,Sturnella magna,Eastern Meadowlark,0.0261,D:/AcousticMonitoringData/ELDON3_Data/Week18\ELDON3_20250509_060602.wav
2190.0,2193.0,Geothlypis trichas,Common Yellowthroat,0.0462,D:/AcousticMonitoringData/ELDON3_Data/Week18\ELDON3_20250509_060602.wav
2190.0,2193.0,Spizella pusilla,Field Sparrow,0.0350,D:/AcousticMonitoringData/ELDON3_Data/Week18\ELDON3_20250509_060602.wav
2190.0,2193.0,Passerina caerulea,Blue Grosbeak,0.0151,D:/AcousticMonitoringData/ELDON3_Data/Week18\ELDON3_20250509_060602.wav
2196.0,2199.0,Geothlypis trichas,Common Yellowthroat,0.0427,D:/AcousticMonitoringData/ELDON3_Data/Week18\ELDON3_20250509_060602.wav
2196.0,2199.0,Spizella pusilla,Field Sparrow,0.0295,D:/AcousticMonitoringData/ELDON3_Data/Week18\ELDON3_20250509_060602.wav
2196.0,2199.0,Sturnella magna,Eastern Meadowlark,0.0106,D:/AcousticMonitoringData/ELDON3_Data/Week18\ELDON3_20250509_060602.wav
2226.0,2229.0,Spizella pusilla,Field Sparrow,0.0372,D:/AcousticMonitoringData/ELDON3_Data/Week18\ELDON3_20250509_060602.wav
2226.0,2229.0,Sturnella magna,Eastern Meadowlark,0.0112,D:/AcousticMonitoringData/ELDON3_Data/Week18\ELDON3_20250509_060602.wav
2226.0,2229.0,Geothlypis trichas,Common Yellowthroat,0.0101,D:/AcousticMonitoringData/ELDON3_Data/Week18\ELDON3_20250509_060602.wav
2229.0,2232.0,Spizella pusilla,Field Sparrow,0.0125,D:/AcousticMonitoringData/ELDON3_Data/Week18\ELDON3_20250509_060602.wav
2238.0,2241.0,Sturnella magna,Eastern Meadowlark,0.0155,D:/AcousticMonitoringData/ELDON3_Data/Week18\ELDON3_20250509_060602.wav
2241.0,2244.0,Geothlypis trichas,Common Yellowthroat,0.0144,D:/AcousticMonitoringData/ELDON3_Data/Week18\ELDON3_20250509_060602.wav
2247.0,2250.0,Spizella pusilla,Field Sparrow,0.0101,D:/AcousticMonitoringData/ELDON3_Data/Week18\ELDON3_20250509_060602.wav
2250.0,2253.0,Sturnella magna,Eastern Meadowlark,0.0213,D:/AcousticMonitoringData/ELDON3_Data/Week18\ELDON3_20250509_060602.wav
2259.0,2262.0,Spizella pusilla,Field Sparrow,0.0161,D:/AcousticMonitoringData/ELDON3_Data/Week18\ELDON3_20250509_060602.wav
2259.0,2262.0,Sturnella magna,Eastern Meadowlark,0.0142,D:/AcousticMonitoringData/ELDON3_Data/Week18\ELDON3_20250509_060602.wav
2259.0,2262.0,Passerina caerulea,Blue Grosbeak,0.0108,D:/AcousticMonitoringData/ELDON3_Data/Week18\ELDON3_20250509_060602.wav
2277.0,2280.0,Geothlypis trichas,Common Yellowthroat,0.0125,D:/AcousticMonitoringData/ELDON3_Data/Week18\ELDON3_20250509_060602.wav
2283.0,2286.0,Bartramia longicauda,Upland Sandpiper,0.0198,D:/AcousticMonitoringData/ELDON3_Data/Week18\ELDON3_20250509_060602.wav
2289.0,2292.0,Sturnella magna,Eastern Meadowlark,0.1393,D:/AcousticMonitoringData/ELDON3_Data/Week18\ELDON3_20250509_060602.wav
2292.0,2295.0,Geothlypis trichas,Common Yellowthroat,0.0321,D:/AcousticMonitoringData/ELDON3_Data/Week18\ELDON3_20250509_060602.wav
2292.0,2295.0,Sturnella magna,Eastern Meadowlark,0.0189,D:/AcousticMonitoringData/ELDON3_Data/Week18\ELDON3_20250509_060602.wav
2292.0,2295.0,Spizella pusilla,Field Sparrow,0.0119,D:/AcousticMonitoringData/ELDON3_Data/Week18\ELDON3_20250509_060602.wav
2301.0,2304.0,Sturnella magna,Eastern Meadowlark,0.0923,D:/AcousticMonitoringData/ELDON3_Data/Week18\ELDON3_20250509_060602.wav
2301.0,2304.0,Bartramia longicauda,Upland Sandpiper,0.0109,D:/AcousticMonitoringData/ELDON3_Data/Week18\ELDON3_20250509_060602.wav
2307.0,2310.0,Sturnella magna,Eastern Meadowlark,0.0111,D:/AcousticMonitoringData/ELDON3_Data/Week18\ELDON3_20250509_060602.wav
2313.0,2316.0,Spizella pusilla,Field Sparrow,0.0278,D:/AcousticMonitoringData/ELDON3_Data/Week18\ELDON3_20250509_060602.wav
2313.0,2316.0,Sturnella magna,Eastern Meadowlark,0.0150,D:/AcousticMonitoringData/ELDON3_Data/Week18\ELDON3_20250509_060602.wav
2313.0,2316.0,Bartramia longicauda,Upland Sandpiper,0.0120,D:/AcousticMonitoringData/ELDON3_Data/Week18\ELDON3_20250509_060602.wav
2316.0,2319.0,Sturnella magna,Eastern Meadowlark,0.0211,D:/AcousticMonitoringData/ELDON3_Data/Week18\ELDON3_20250509_060602.wav
2316.0,2319.0,Bartramia longicauda,Upland Sandpiper,0.0107,D:/AcousticMonitoringData/ELDON3_Data/Week18\ELDON3_20250509_060602.wav
2319.0,2322.0,Geothlypis trichas,Common Yellowthroat,0.0289,D:/AcousticMonitoringData/ELDON3_Data/Week18\ELDON3_20250509_060602.wav
2319.0,2322.0,Passerina caerulea,Blue Grosbeak,0.0173,D:/AcousticMonitoringData/ELDON3_Data/Week18\ELDON3_20250509_060602.wav
2319.0,2322.0,Sturnella magna,Eastern Meadowlark,0.0123,D:/AcousticMonitoringData/ELDON3_Data/Week18\ELDON3_20250509_060602.wav
2319.0,2322.0,Spizella pusilla,Field Sparrow,0.0104,D:/AcousticMonitoringData/ELDON3_Data/Week18\ELDON3_20250509_060602.wav
2328.0,2331.0,Passerina caerulea,Blue Grosbeak,0.0166,D:/AcousticMonitoringData/ELDON3_Data/Week18\ELDON3_20250509_060602.wav
2331.0,2334.0,Sturnella magna,Eastern Meadowlark,0.0261,D:/AcousticMonitoringData/ELDON3_Data/Week18\ELDON3_20250509_060602.wav
2337.0,2340.0,Geothlypis trichas,Common Yellowthroat,0.0128,D:/AcousticMonitoringData/ELDON3_Data/Week18\ELDON3_20250509_060602.wav
2343.0,2346.0,Sturnella magna,Eastern Meadowlark,0.1025,D:/AcousticMonitoringData/ELDON3_Data/Week18\ELDON3_20250509_060602.wav
2343.0,2346.0,Passerina caerulea,Blue Grosbeak,0.0120,D:/AcousticMonitoringData/ELDON3_Data/Week18\ELDON3_20250509_060602.wav
2346.0,2349.0,Sturnella magna,Eastern Meadowlark,0.0218,D:/AcousticMonitoringData/ELDON3_Data/Week18\ELDON3_20250509_060602.wav
2346.0,2349.0,Passerina caerulea,Blue Grosbeak,0.0141,D:/AcousticMonitoringData/ELDON3_Data/Week18\ELDON3_20250509_060602.wav
2355.0,2358.0,Passerina caerulea,Blue Grosbeak,0.0380,D:/AcousticMonitoringData/ELDON3_Data/Week18\ELDON3_20250509_060602.wav
2358.0,2361.0,Sturnella magna,Eastern Meadowlark,0.0151,D:/AcousticMonitoringData/ELDON3_Data/Week18\ELDON3_20250509_060602.wav
2361.0,2364.0,Sturnella magna,Eastern Meadowlark,0.0127,D:/AcousticMonitoringData/ELDON3_Data/Week18\ELDON3_20250509_060602.wav
2361.0,2364.0,Passerina caerulea,Blue Grosbeak,0.0101,D:/AcousticMonitoringData/ELDON3_Data/Week18\ELDON3_20250509_060602.wav
2364.0,2367.0,Geothlypis trichas,Common Yellowthroat,0.0272,D:/AcousticMonitoringData/ELDON3_Data/Week18\ELDON3_20250509_060602.wav
2364.0,2367.0,Sturnella magna,Eastern Meadowlark,0.0105,D:/AcousticMonitoringData/ELDON3_Data/Week18\ELDON3_20250509_060602.wav
2367.0,2370.0,Geothlypis trichas,Common Yellowthroat,0.0212,D:/AcousticMonitoringData/ELDON3_Data/Week18\ELDON3_20250509_060602.wav
2367.0,2370.0,Sturnella magna,Eastern Meadowlark,0.0106,D:/AcousticMonitoringData/ELDON3_Data/Week18\ELDON3_20250509_060602.wav
2370.0,2373.0,Passerina caerulea,Blue Grosbeak,0.0172,D:/AcousticMonitoringData/ELDON3_Data/Week18\ELDON3_20250509_060602.wav
2370.0,2373.0,Sturnella magna,Eastern Meadowlark,0.0168,D:/AcousticMonitoringData/ELDON3_Data/Week18\ELDON3_20250509_060602.wav
2370.0,2373.0,Spizella pusilla,Field Sparrow,0.0112,D:/AcousticMonitoringData/ELDON3_Data/Week18\ELDON3_20250509_060602.wav
2373.0,2376.0,Geothlypis trichas,Common Yellowthroat,0.0132,D:/AcousticMonitoringData/ELDON3_Data/Week18\ELDON3_20250509_060602.wav
2373.0,2376.0,Passerina caerulea,Blue Grosbeak,0.0117,D:/AcousticMonitoringData/ELDON3_Data/Week18\ELDON3_20250509_060602.wav
2376.0,2379.0,Sturnella magna,Eastern Meadowlark,0.0565,D:/AcousticMonitoringData/ELDON3_Data/Week18\ELDON3_20250509_060602.wav
2379.0,2382.0,Passerina caerulea,Blue Grosbeak,0.0233,D:/AcousticMonitoringData/ELDON3_Data/Week18\ELDON3_20250509_060602.wav
2379.0,2382.0,Spizella pusilla,Field Sparrow,0.0120,D:/AcousticMonitoringData/ELDON3_Data/Week18\ELDON3_20250509_060602.wav
2379.0,2382.0,Geothlypis trichas,Common Yellowthroat,0.0106,D:/AcousticMonitoringData/ELDON3_Data/Week18\ELDON3_20250509_060602.wav
2382.0,2385.0,Sturnella magna,Eastern Meadowlark,0.0120,D:/AcousticMonitoringData/ELDON3_Data/Week18\ELDON3_20250509_060602.wav
2385.0,2388.0,Passerina caerulea,Blue Grosbeak,0.0208,D:/AcousticMonitoringData/ELDON3_Data/Week18\ELDON3_20250509_060602.wav
2385.0,2388.0,Spizella pusilla,Field Sparrow,0.0128,D:/AcousticMonitoringData/ELDON3_Data/Week18\ELDON3_20250509_060602.wav
2385.0,2388.0,Sturnella magna,Eastern Meadowlark,0.0113,D:/AcousticMonitoringData/ELDON3_Data/Week18\ELDON3_20250509_060602.wav
2388.0,2391.0,Sturnella magna,Eastern Meadowlark,0.0194,D:/AcousticMonitoringData/ELDON3_Data/Week18\ELDON3_20250509_060602.wav
2391.0,2394.0,Geothlypis trichas,Common Yellowthroat,0.0199,D:/AcousticMonitoringData/ELDON3_Data/Week18\ELDON3_20250509_060602.wav
2394.0,2397.0,Passerina caerulea,Blue Grosbeak,0.0115,D:/AcousticMonitoringData/ELDON3_Data/Week18\ELDON3_20250509_060602.wav
2400.0,2403.0,Sturnella magna,Eastern Meadowlark,0.0406,D:/AcousticMonitoringData/ELDON3_Data/Week18\ELDON3_20250509_060602.wav
2403.0,2406.0,Passerina caerulea,Blue Grosbeak,0.0213,D:/AcousticMonitoringData/ELDON3_Data/Week18\ELDON3_20250509_060602.wav
2409.0,2412.0,Sturnella magna,Eastern Meadowlark,0.0301,D:/AcousticMonitoringData/ELDON3_Data/Week18\ELDON3_20250509_060602.wav
2409.0,2412.0,Bartramia longicauda,Upland Sandpiper,0.0149,D:/AcousticMonitoringData/ELDON3_Data/Week18\ELDON3_20250509_060602.wav
2412.0,2415.0,Passerina caerulea,Blue Grosbeak,0.0187,D:/AcousticMonitoringData/ELDON3_Data/Week18\ELDON3_20250509_060602.wav
2412.0,2415.0,Spizella pusilla,Field Sparrow,0.0169,D:/AcousticMonitoringData/ELDON3_Data/Week18\ELDON3_20250509_060602.wav
2412.0,2415.0,Bartramia longicauda,Upland Sandpiper,0.0167,D:/AcousticMonitoringData/ELDON3_Data/Week18\ELDON3_20250509_060602.wav
2412.0,2415.0,Sturnella magna,Eastern Meadowlark,0.0132,D:/AcousticMonitoringData/ELDON3_Data/Week18\ELDON3_20250509_060602.wav
2415.0,2418.0,Passerina caerulea,Blue Grosbeak,0.0362,D:/AcousticMonitoringData/ELDON3_Data/Week18\ELDON3_20250509_060602.wav
2415.0,2418.0,Spizella pusilla,Field Sparrow,0.0202,D:/AcousticMonitoringData/ELDON3_Data/Week18\ELDON3_20250509_060602.wav
2418.0,2421.0,Sturnella magna,Eastern Meadowlark,0.0551,D:/AcousticMonitoringData/ELDON3_Data/Week18\ELDON3_20250509_060602.wav
2418.0,2421.0,Passerina caerulea,Blue Grosbeak,0.0348,D:/AcousticMonitoringData/ELDON3_Data/Week18\ELDON3_20250509_060602.wav
2430.0,2433.0,Passerina caerulea,Blue Grosbeak,0.0166,D:/AcousticMonitoringData/ELDON3_Data/Week18\ELDON3_20250509_060602.wav
2430.0,2433.0,Spizella pusilla,Field Sparrow,0.0131,D:/AcousticMonitoringData/ELDON3_Data/Week18\ELDON3_20250509_060602.wav
2439.0,2442.0,Sturnella magna,Eastern Meadowlark,0.0622,D:/AcousticMonitoringData/ELDON3_Data/Week18\ELDON3_20250509_060602.wav
2439.0,2442.0,Bartramia longicauda,Upland Sandpiper,0.0108,D:/AcousticMonitoringData/ELDON3_Data/Week18\ELDON3_20250509_060602.wav
2439.0,2442.0,Spizella pusilla,Field Sparrow,0.0101,D:/AcousticMonitoringData/ELDON3_Data/Week18\ELDON3_20250509_060602.wav
2442.0,2445.0,Passerina caerulea,Blue Grosbeak,0.0102,D:/AcousticMonitoringData/ELDON3_Data/Week18\ELDON3_20250509_060602.wav
2445.0,2448.0,Sturnella magna,Eastern Meadowlark,0.1138,D:/AcousticMonitoringData/ELDON3_Data/Week18\ELDON3_20250509_060602.wav
2445.0,2448.0,Passerina caerulea,Blue Grosbeak,0.0209,D:/AcousticMonitoringData/ELDON3_Data/Week18\ELDON3_20250509_060602.wav
2445.0,2448.0,Bartramia longicauda,Upland Sandpiper,0.0119,D:/AcousticMonitoringData/ELDON3_Data/Week18\ELDON3_20250509_060602.wav
2448.0,2451.0,Passerina caerulea,Blue Grosbeak,0.0164,D:/AcousticMonitoringData/ELDON3_Data/Week18\ELDON3_20250509_060602.wav
2448.0,2451.0,Geothlypis trichas,Common Yellowthroat,0.0157,D:/AcousticMonitoringData/ELDON3_Data/Week18\ELDON3_20250509_060602.wav
2451.0,2454.0,Passerina caerulea,Blue Grosbeak,0.0222,D:/AcousticMonitoringData/ELDON3_Data/Week18\ELDON3_20250509_060602.wav
2451.0,2454.0,Sturnella magna,Eastern Meadowlark,0.0143,D:/AcousticMonitoringData/ELDON3_Data/Week18\ELDON3_20250509_060602.wav
2451.0,2454.0,Geothlypis trichas,Common Yellowthroat,0.0100,D:/AcousticMonitoringData/ELDON3_Data/Week18\ELDON3_20250509_060602.wav
2454.0,2457.0,Sturnella magna,Eastern Meadowlark,0.0138,D:/AcousticMonitoringData/ELDON3_Data/Week18\ELDON3_20250509_060602.wav
2457.0,2460.0,Sturnella magna,Eastern Meadowlark,0.0858,D:/AcousticMonitoringData/ELDON3_Data/Week18\ELDON3_20250509_060602.wav
2466.0,2469.0,Spizella pusilla,Field Sparrow,0.0121,D:/AcousticMonitoringData/ELDON3_Data/Week18\ELDON3_20250509_060602.wav
2466.0,2469.0,Sturnella magna,Eastern Meadowlark,0.0116,D:/AcousticMonitoringData/ELDON3_Data/Week18\ELDON3_20250509_060602.wav
2472.0,2475.0,Sturnella magna,Eastern Meadowlark,0.0181,D:/AcousticMonitoringData/ELDON3_Data/Week18\ELDON3_20250509_060602.wav
2472.0,2475.0,Bartramia longicauda,Upland Sandpiper,0.0138,D:/AcousticMonitoringData/ELDON3_Data/Week18\ELDON3_20250509_060602.wav
2475.0,2478.0,Passerina caerulea,Blue Grosbeak,0.0310,D:/AcousticMonitoringData/ELDON3_Data/Week18\ELDON3_20250509_060602.wav
2487.0,2490.0,Passerina caerulea,Blue Grosbeak,0.0115,D:/AcousticMonitoringData/ELDON3_Data/Week18\ELDON3_20250509_060602.wav
2490.0,2493.0,Geothlypis trichas,Common Yellowthroat,0.0114,D:/AcousticMonitoringData/ELDON3_Data/Week18\ELDON3_20250509_060602.wav
2496.0,2499.0,Sturnella magna,Eastern Meadowlark,0.0124,D:/AcousticMonitoringData/ELDON3_Data/Week18\ELDON3_20250509_060602.wav
2496.0,2499.0,Geothlypis trichas,Common Yellowthroat,0.0112,D:/AcousticMonitoringData/ELDON3_Data/Week18\ELDON3_20250509_060602.wav
2499.0,2502.0,Passerina caerulea,Blue Grosbeak,0.0440,D:/AcousticMonitoringData/ELDON3_Data/Week18\ELDON3_20250509_060602.wav
2499.0,2502.0,Spizella pusilla,Field Sparrow,0.0114,D:/AcousticMonitoringData/ELDON3_Data/Week18\ELDON3_20250509_060602.wav
2505.0,2508.0,Geothlypis trichas,Common Yellowthroat,0.0561,D:/AcousticMonitoringData/ELDON3_Data/Week18\ELDON3_20250509_060602.wav
2505.0,2508.0,Spizella pusilla,Field Sparrow,0.0134,D:/AcousticMonitoringData/ELDON3_Data/Week18\ELDON3_20250509_060602.wav
2508.0,2511.0,Sturnella magna,Eastern Meadowlark,0.0233,D:/AcousticMonitoringData/ELDON3_Data/Week18\ELDON3_20250509_060602.wav
2511.0,2514.0,Passerina caerulea,Blue Grosbeak,0.0144,D:/AcousticMonitoringData/ELDON3_Data/Week18\ELDON3_20250509_060602.wav
2514.0,2517.0,Spizella pusilla,Field Sparrow,0.0249,D:/AcousticMonitoringData/ELDON3_Data/Week18\ELDON3_20250509_060602.wav
2517.0,2520.0,Geothlypis trichas,Common Yellowthroat,0.0111,D:/AcousticMonitoringData/ELDON3_Data/Week18\ELDON3_20250509_060602.wav
2523.0,2526.0,Passerina caerulea,Blue Grosbeak,0.0806,D:/AcousticMonitoringData/ELDON3_Data/Week18\ELDON3_20250509_060602.wav
2523.0,2526.0,Sturnella magna,Eastern Meadowlark,0.0225,D:/AcousticMonitoringData/ELDON3_Data/Week18\ELDON3_20250509_060602.wav
2523.0,2526.0,Spizella pusilla,Field Sparrow,0.0135,D:/AcousticMonitoringData/ELDON3_Data/Week18\ELDON3_20250509_060602.wav
2526.0,2529.0,Eremophila alpestris,Horned Lark,0.0237,D:/AcousticMonitoringData/ELDON3_Data/Week18\ELDON3_20250509_060602.wav
2526.0,2529.0,Passerina caerulea,Blue Grosbeak,0.0150,D:/AcousticMonitoringData/ELDON3_Data/Week18\ELDON3_20250509_060602.wav
2526.0,2529.0,Sturnella magna,Eastern Meadowlark,0.0111,D:/AcousticMonitoringData/ELDON3_Data/Week18\ELDON3_20250509_060602.wav
2529.0,2532.0,Spizella pusilla,Field Sparrow,0.0172,D:/AcousticMonitoringData/ELDON3_Data/Week18\ELDON3_20250509_060602.wav
2532.0,2535.0,Passerina caerulea,Blue Grosbeak,0.0142,D:/AcousticMonitoringData/ELDON3_Data/Week18\ELDON3_20250509_060602.wav
2532.0,2535.0,Spizella pusilla,Field Sparrow,0.0129,D:/AcousticMonitoringData/ELDON3_Data/Week18\ELDON3_20250509_060602.wav
2532.0,2535.0,Sturnella magna,Eastern Meadowlark,0.0121,D:/AcousticMonitoringData/ELDON3_Data/Week18\ELDON3_20250509_060602.wav
2532.0,2535.0,Geothlypis trichas,Common Yellowthroat,0.0118,D:/AcousticMonitoringData/ELDON3_Data/Week18\ELDON3_20250509_060602.wav
2535.0,2538.0,Passerina caerulea,Blue Grosbeak,0.0165,D:/AcousticMonitoringData/ELDON3_Data/Week18\ELDON3_20250509_060602.wav
2535.0,2538.0,Geothlypis trichas,Common Yellowthroat,0.0118,D:/AcousticMonitoringData/ELDON3_Data/Week18\ELDON3_20250509_060602.wav
2535.0,2538.0,Spizella pusilla,Field Sparrow,0.0117,D:/AcousticMonitoringData/ELDON3_Data/Week18\ELDON3_20250509_060602.wav
2538.0,2541.0,Passerina caerulea,Blue Grosbeak,0.0193,D:/AcousticMonitoringData/ELDON3_Data/Week18\ELDON3_20250509_060602.wav
2538.0,2541.0,Sturnella magna,Eastern Meadowlark,0.0167,D:/AcousticMonitoringData/ELDON3_Data/Week18\ELDON3_20250509_060602.wav
2538.0,2541.0,Bartramia longicauda,Upland Sandpiper,0.0120,D:/AcousticMonitoringData/ELDON3_Data/Week18\ELDON3_20250509_060602.wav
2541.0,2544.0,Passerina caerulea,Blue Grosbeak,0.0254,D:/AcousticMonitoringData/ELDON3_Data/Week18\ELDON3_20250509_060602.wav
2541.0,2544.0,Spizella pusilla,Field Sparrow,0.0108,D:/AcousticMonitoringData/ELDON3_Data/Week18\ELDON3_20250509_060602.wav
2547.0,2550.0,Eremophila alpestris,Horned Lark,0.0134,D:/AcousticMonitoringData/ELDON3_Data/Week18\ELDON3_20250509_060602.wav
2553.0,2556.0,Sturnella magna,Eastern Meadowlark,0.0239,D:/AcousticMonitoringData/ELDON3_Data/Week18\ELDON3_20250509_060602.wav
2553.0,2556.0,Passerina caerulea,Blue Grosbeak,0.0135,D:/AcousticMonitoringData/ELDON3_Data/Week18\ELDON3_20250509_060602.wav
2556.0,2559.0,Passerina caerulea,Blue Grosbeak,0.0268,D:/AcousticMonitoringData/ELDON3_Data/Week18\ELDON3_20250509_060602.wav
2559.0,2562.0,Spizella pusilla,Field Sparrow,0.0221,D:/AcousticMonitoringData/ELDON3_Data/Week18\ELDON3_20250509_060602.wav
2562.0,2565.0,Passerina caerulea,Blue Grosbeak,0.0316,D:/AcousticMonitoringData/ELDON3_Data/Week18\ELDON3_20250509_060602.wav
2562.0,2565.0,Spizella pusilla,Field Sparrow,0.0245,D:/AcousticMonitoringData/ELDON3_Data/Week18\ELDON3_20250509_060602.wav
2565.0,2568.0,Sturnella magna,Eastern Meadowlark,0.0233,D:/AcousticMonitoringData/ELDON3_Data/Week18\ELDON3_20250509_060602.wav
2565.0,2568.0,Passerina caerulea,Blue Grosbeak,0.0180,D:/AcousticMonitoringData/ELDON3_Data/Week18\ELDON3_20250509_060602.wav
2565.0,2568.0,Spizella pusilla,Field Sparrow,0.0178,D:/AcousticMonitoringData/ELDON3_Data/Week18\ELDON3_20250509_060602.wav
2565.0,2568.0,Geothlypis trichas,Common Yellowthroat,0.0116,D:/AcousticMonitoringData/ELDON3_Data/Week18\ELDON3_20250509_060602.wav
2568.0,2571.0,Passerina caerulea,Blue Grosbeak,0.0438,D:/AcousticMonitoringData/ELDON3_Data/Week18\ELDON3_20250509_060602.wav
2568.0,2571.0,Sturnella magna,Eastern Meadowlark,0.0139,D:/AcousticMonitoringData/ELDON3_Data/Week18\ELDON3_20250509_060602.wav
2574.0,2577.0,Passerina caerulea,Blue Grosbeak,0.0371,D:/AcousticMonitoringData/ELDON3_Data/Week18\ELDON3_20250509_060602.wav
2574.0,2577.0,Spizella pusilla,Field Sparrow,0.0212,D:/AcousticMonitoringData/ELDON3_Data/Week18\ELDON3_20250509_060602.wav
2577.0,2580.0,Sturnella magna,Eastern Meadowlark,0.0101,D:/AcousticMonitoringData/ELDON3_Data/Week18\ELDON3_20250509_060602.wav
2580.0,2583.0,Geothlypis trichas,Common Yellowthroat,0.0126,D:/AcousticMonitoringData/ELDON3_Data/Week18\ELDON3_20250509_060602.wav
2583.0,2586.0,Sturnella magna,Eastern Meadowlark,0.0116,D:/AcousticMonitoringData/ELDON3_Data/Week18\ELDON3_20250509_060602.wav
2589.0,2592.0,Sturnella magna,Eastern Meadowlark,0.0604,D:/AcousticMonitoringData/ELDON3_Data/Week18\ELDON3_20250509_060602.wav
2592.0,2595.0,Bartramia longicauda,Upland Sandpiper,0.0303,D:/AcousticMonitoringData/ELDON3_Data/Week18\ELDON3_20250509_060602.wav
2592.0,2595.0,Sturnella magna,Eastern Meadowlark,0.0113,D:/AcousticMonitoringData/ELDON3_Data/Week18\ELDON3_20250509_060602.wav
2598.0,2601.0,Sturnella magna,Eastern Meadowlark,0.0111,D:/AcousticMonitoringData/ELDON3_Data/Week18\ELDON3_20250509_060602.wav
2601.0,2604.0,Geothlypis trichas,Common Yellowthroat,0.0204,D:/AcousticMonitoringData/ELDON3_Data/Week18\ELDON3_20250509_060602.wav
2604.0,2607.0,Passerina caerulea,Blue Grosbeak,0.0657,D:/AcousticMonitoringData/ELDON3_Data/Week18\ELDON3_20250509_060602.wav
2604.0,2607.0,Sturnella magna,Eastern Meadowlark,0.0632,D:/AcousticMonitoringData/ELDON3_Data/Week18\ELDON3_20250509_060602.wav
2607.0,2610.0,Sturnella magna,Eastern Meadowlark,0.0125,D:/AcousticMonitoringData/ELDON3_Data/Week18\ELDON3_20250509_060602.wav
2610.0,2613.0,Passerina caerulea,Blue Grosbeak,0.0521,D:/AcousticMonitoringData/ELDON3_Data/Week18\ELDON3_20250509_060602.wav
2610.0,2613.0,Spizella pusilla,Field Sparrow,0.0513,D:/AcousticMonitoringData/ELDON3_Data/Week18\ELDON3_20250509_060602.wav
2610.0,2613.0,Sturnella magna,Eastern Meadowlark,0.0121,D:/AcousticMonitoringData/ELDON3_Data/Week18\ELDON3_20250509_060602.wav
2616.0,2619.0,Passerina caerulea,Blue Grosbeak,0.0208,D:/AcousticMonitoringData/ELDON3_Data/Week18\ELDON3_20250509_060602.wav
2616.0,2619.0,Bartramia longicauda,Upland Sandpiper,0.0138,D:/AcousticMonitoringData/ELDON3_Data/Week18\ELDON3_20250509_060602.wav
2616.0,2619.0,Sturnella magna,Eastern Meadowlark,0.0108,D:/AcousticMonitoringData/ELDON3_Data/Week18\ELDON3_20250509_060602.wav
2619.0,2622.0,Sturnella magna,Eastern Meadowlark,0.0315,D:/AcousticMonitoringData/ELDON3_Data/Week18\ELDON3_20250509_060602.wav
2619.0,2622.0,Passerina caerulea,Blue Grosbeak,0.0225,D:/AcousticMonitoringData/ELDON3_Data/Week18\ELDON3_20250509_060602.wav
2619.0,2622.0,Spizella pusilla,Field Sparrow,0.0160,D:/AcousticMonitoringData/ELDON3_Data/Week18\ELDON3_20250509_060602.wav
2622.0,2625.0,Sturnella magna,Eastern Meadowlark,0.0188,D:/AcousticMonitoringData/ELDON3_Data/Week18\ELDON3_20250509_060602.wav
2622.0,2625.0,Passerina caerulea,Blue Grosbeak,0.0153,D:/AcousticMonitoringData/ELDON3_Data/Week18\ELDON3_20250509_060602.wav
2625.0,2628.0,Sturnella magna,Eastern Meadowlark,0.0111,D:/AcousticMonitoringData/ELDON3_Data/Week18\ELDON3_20250509_060602.wav
2628.0,2631.0,Sturnella magna,Eastern Meadowlark,0.0983,D:/AcousticMonitoringData/ELDON3_Data/Week18\ELDON3_20250509_060602.wav
2628.0,2631.0,Spizella pusilla,Field Sparrow,0.0227,D:/AcousticMonitoringData/ELDON3_Data/Week18\ELDON3_20250509_060602.wav
2628.0,2631.0,Passerina caerulea,Blue Grosbeak,0.0176,D:/AcousticMonitoringData/ELDON3_Data/Week18\ELDON3_20250509_060602.wav
2631.0,2634.0,Sturnella magna,Eastern Meadowlark,0.0108,D:/AcousticMonitoringData/ELDON3_Data/Week18\ELDON3_20250509_060602.wav
2634.0,2637.0,Sturnella magna,Eastern Meadowlark,0.0101,D:/AcousticMonitoringData/ELDON3_Data/Week18\ELDON3_20250509_060602.wav
2640.0,2643.0,Geothlypis trichas,Common Yellowthroat,0.0440,D:/AcousticMonitoringData/ELDON3_Data/Week18\ELDON3_20250509_060602.wav
2640.0,2643.0,Sturnella magna,Eastern Meadowlark,0.0172,D:/AcousticMonitoringData/ELDON3_Data/Week18\ELDON3_20250509_060602.wav
2640.0,2643.0,Spizella pusilla,Field Sparrow,0.0139,D:/AcousticMonitoringData/ELDON3_Data/Week18\ELDON3_20250509_060602.wav
2646.0,2649.0,Sturnella magna,Eastern Meadowlark,0.0135,D:/AcousticMonitoringData/ELDON3_Data/Week18\ELDON3_20250509_060602.wav
2649.0,2652.0,Geothlypis trichas,Common Yellowthroat,0.0742,D:/AcousticMonitoringData/ELDON3_Data/Week18\ELDON3_20250509_060602.wav
2649.0,2652.0,Spizella pusilla,Field Sparrow,0.0274,D:/AcousticMonitoringData/ELDON3_Data/Week18\ELDON3_20250509_060602.wav
2649.0,2652.0,Passerina caerulea,Blue Grosbeak,0.0186,D:/AcousticMonitoringData/ELDON3_Data/Week18\ELDON3_20250509_060602.wav
2649.0,2652.0,Sturnella magna,Eastern Meadowlark,0.0131,D:/AcousticMonitoringData/ELDON3_Data/Week18\ELDON3_20250509_060602.wav
2652.0,2655.0,Spizella pusilla,Field Sparrow,0.0156,D:/AcousticMonitoringData/ELDON3_Data/Week18\ELDON3_20250509_060602.wav
2655.0,2658.0,Spizella pusilla,Field Sparrow,0.0149,D:/AcousticMonitoringData/ELDON3_Data/Week18\ELDON3_20250509_060602.wav
2658.0,2661.0,Spizella pusilla,Field Sparrow,0.0155,D:/AcousticMonitoringData/ELDON3_Data/Week18\ELDON3_20250509_060602.wav
2658.0,2661.0,Sturnella magna,Eastern Meadowlark,0.0155,D:/AcousticMonitoringData/ELDON3_Data/Week18\ELDON3_20250509_060602.wav
2661.0,2664.0,Sturnella magna,Eastern Meadowlark,0.0256,D:/AcousticMonitoringData/ELDON3_Data/Week18\ELDON3_20250509_060602.wav
2661.0,2664.0,Geothlypis trichas,Common Yellowthroat,0.0244,D:/AcousticMonitoringData/ELDON3_Data/Week18\ELDON3_20250509_060602.wav
2661.0,2664.0,Bartramia longicauda,Upland Sandpiper,0.0126,D:/AcousticMonitoringData/ELDON3_Data/Week18\ELDON3_20250509_060602.wav
2661.0,2664.0,Spizella pusilla,Field Sparrow,0.0112,D:/AcousticMonitoringData/ELDON3_Data/Week18\ELDON3_20250509_060602.wav
2664.0,2667.0,Passerina caerulea,Blue Grosbeak,0.0212,D:/AcousticMonitoringData/ELDON3_Data/Week18\ELDON3_20250509_060602.wav
2664.0,2667.0,Bartramia longicauda,Upland Sandpiper,0.0164,D:/AcousticMonitoringData/ELDON3_Data/Week18\ELDON3_20250509_060602.wav
2664.0,2667.0,Sturnella magna,Eastern Meadowlark,0.0157,D:/AcousticMonitoringData/ELDON3_Data/Week18\ELDON3_20250509_060602.wav
2664.0,2667.0,Spizella pusilla,Field Sparrow,0.0138,D:/AcousticMonitoringData/ELDON3_Data/Week18\ELDON3_20250509_060602.wav
2670.0,2673.0,Passerina caerulea,Blue Grosbeak,0.0243,D:/AcousticMonitoringData/ELDON3_Data/Week18\ELDON3_20250509_060602.wav
2670.0,2673.0,Spizella pusilla,Field Sparrow,0.0227,D:/AcousticMonitoringData/ELDON3_Data/Week18\ELDON3_20250509_060602.wav
2670.0,2673.0,Geothlypis trichas,Common Yellowthroat,0.0104,D:/AcousticMonitoringData/ELDON3_Data/Week18\ELDON3_20250509_060602.wav
2673.0,2676.0,Spizella pusilla,Field Sparrow,0.0138,D:/AcousticMonitoringData/ELDON3_Data/Week18\ELDON3_20250509_060602.wav
2673.0,2676.0,Passerina caerulea,Blue Grosbeak,0.0124,D:/AcousticMonitoringData/ELDON3_Data/Week18\ELDON3_20250509_060602.wav
2682.0,2685.0,Geothlypis trichas,Common Yellowthroat,0.0699,D:/AcousticMonitoringData/ELDON3_Data/Week18\ELDON3_20250509_060602.wav
2685.0,2688.0,Passerina caerulea,Blue Grosbeak,0.0277,D:/AcousticMonitoringData/ELDON3_Data/Week18\ELDON3_20250509_060602.wav
2685.0,2688.0,Spizella pusilla,Field Sparrow,0.0128,D:/AcousticMonitoringData/ELDON3_Data/Week18\ELDON3_20250509_060602.wav
2685.0,2688.0,Sturnella magna,Eastern Meadowlark,0.0122,D:/AcousticMonitoringData/ELDON3_Data/Week18\ELDON3_20250509_060602.wav
2688.0,2691.0,Sturnella magna,Eastern Meadowlark,0.0196,D:/AcousticMonitoringData/ELDON3_Data/Week18\ELDON3_20250509_060602.wav
2691.0,2694.0,Sturnella magna,Eastern Meadowlark,0.0107,D:/AcousticMonitoringData/ELDON3_Data/Week18\ELDON3_20250509_060602.wav
2694.0,2697.0,Passerina caerulea,Blue Grosbeak,0.0226,D:/AcousticMonitoringData/ELDON3_Data/Week18\ELDON3_20250509_060602.wav
2694.0,2697.0,Sturnella magna,Eastern Meadowlark,0.0106,D:/AcousticMonitoringData/ELDON3_Data/Week18\ELDON3_20250509_060602.wav
2697.0,2700.0,Spizella pusilla,Field Sparrow,0.0220,D:/AcousticMonitoringData/ELDON3_Data/Week18\ELDON3_20250509_060602.wav
2697.0,2700.0,Sturnella magna,Eastern Meadowlark,0.0204,D:/AcousticMonitoringData/ELDON3_Data/Week18\ELDON3_20250509_060602.wav
2697.0,2700.0,Geothlypis trichas,Common Yellowthroat,0.0132,D:/AcousticMonitoringData/ELDON3_Data/Week18\ELDON3_20250509_060602.wav
2700.0,2703.0,Sturnella magna,Eastern Meadowlark,0.0529,D:/AcousticMonitoringData/ELDON3_Data/Week18\ELDON3_20250509_060602.wav
2700.0,2703.0,Spizella pusilla,Field Sparrow,0.0128,D:/AcousticMonitoringData/ELDON3_Data/Week18\ELDON3_20250509_060602.wav
2706.0,2709.0,Spizella pusilla,Field Sparrow,0.0172,D:/AcousticMonitoringData/ELDON3_Data/Week18\ELDON3_20250509_060602.wav
2706.0,2709.0,Sturnella magna,Eastern Meadowlark,0.0136,D:/AcousticMonitoringData/ELDON3_Data/Week18\ELDON3_20250509_060602.wav
2709.0,2712.0,Passerina caerulea,Blue Grosbeak,0.0267,D:/AcousticMonitoringData/ELDON3_Data/Week18\ELDON3_20250509_060602.wav
2712.0,2715.0,Spizella pusilla,Field Sparrow,0.0140,D:/AcousticMonitoringData/ELDON3_Data/Week18\ELDON3_20250509_060602.wav
2721.0,2724.0,Passerina caerulea,Blue Grosbeak,0.0178,D:/AcousticMonitoringData/ELDON3_Data/Week18\ELDON3_20250509_060602.wav
2721.0,2724.0,Geothlypis trichas,Common Yellowthroat,0.0158,D:/AcousticMonitoringData/ELDON3_Data/Week18\ELDON3_20250509_060602.wav
2727.0,2730.0,Passerina caerulea,Blue Grosbeak,0.0123,D:/AcousticMonitoringData/ELDON3_Data/Week18\ELDON3_20250509_060602.wav
2730.0,2733.0,Sturnella magna,Eastern Meadowlark,0.0196,D:/AcousticMonitoringData/ELDON3_Data/Week18\ELDON3_20250509_060602.wav
2730.0,2733.0,Bartramia longicauda,Upland Sandpiper,0.0138,D:/AcousticMonitoringData/ELDON3_Data/Week18\ELDON3_20250509_060602.wav
2733.0,2736.0,Sturnella magna,Eastern Meadowlark,0.0330,D:/AcousticMonitoringData/ELDON3_Data/Week18\ELDON3_20250509_060602.wav
2733.0,2736.0,Bartramia longicauda,Upland Sandpiper,0.0172,D:/AcousticMonitoringData/ELDON3_Data/Week18\ELDON3_20250509_060602.wav
2736.0,2739.0,Sturnella magna,Eastern Meadowlark,0.1374,D:/AcousticMonitoringData/ELDON3_Data/Week18\ELDON3_20250509_060602.wav
2739.0,2742.0,Passerina caerulea,Blue Grosbeak,0.0297,D:/AcousticMonitoringData/ELDON3_Data/Week18\ELDON3_20250509_060602.wav
2739.0,2742.0,Spizella pusilla,Field Sparrow,0.0135,D:/AcousticMonitoringData/ELDON3_Data/Week18\ELDON3_20250509_060602.wav
2739.0,2742.0,Sturnella magna,Eastern Meadowlark,0.0127,D:/AcousticMonitoringData/ELDON3_Data/Week18\ELDON3_20250509_060602.wav
2745.0,2748.0,Geothlypis trichas,Common Yellowthroat,0.0107,D:/AcousticMonitoringData/ELDON3_Data/Week18\ELDON3_20250509_060602.wav
2748.0,2751.0,Sturnella magna,Eastern Meadowlark,0.0170,D:/AcousticMonitoringData/ELDON3_Data/Week18\ELDON3_20250509_060602.wav
2754.0,2757.0,Passerina caerulea,Blue Grosbeak,0.0470,D:/AcousticMonitoringData/ELDON3_Data/Week18\ELDON3_20250509_060602.wav
2754.0,2757.0,Spizella pusilla,Field Sparrow,0.0283,D:/AcousticMonitoringData/ELDON3_Data/Week18\ELDON3_20250509_060602.wav
2766.0,2769.0,Passerina caerulea,Blue Grosbeak,0.0344,D:/AcousticMonitoringData/ELDON3_Data/Week18\ELDON3_20250509_060602.wav
2778.0,2781.0,Sturnella magna,Eastern Meadowlark,0.0453,D:/AcousticMonitoringData/ELDON3_Data/Week18\ELDON3_20250509_060602.wav
2778.0,2781.0,Bartramia longicauda,Upland Sandpiper,0.0102,D:/AcousticMonitoringData/ELDON3_Data/Week18\ELDON3_20250509_060602.wav
2781.0,2784.0,Passerina caerulea,Blue Grosbeak,0.0257,D:/AcousticMonitoringData/ELDON3_Data/Week18\ELDON3_20250509_060602.wav
2781.0,2784.0,Spizella pusilla,Field Sparrow,0.0245,D:/AcousticMonitoringData/ELDON3_Data/Week18\ELDON3_20250509_060602.wav
2787.0,2790.0,Sturnella magna,Eastern Meadowlark,0.0317,D:/AcousticMonitoringData/ELDON3_Data/Week18\ELDON3_20250509_060602.wav
2790.0,2793.0,Passerina caerulea,Blue Grosbeak,0.0186,D:/AcousticMonitoringData/ELDON3_Data/Week18\ELDON3_20250509_060602.wav
2790.0,2793.0,Spizella pusilla,Field Sparrow,0.0102,D:/AcousticMonitoringData/ELDON3_Data/Week18\ELDON3_20250509_060602.wav
2799.0,2802.0,Sturnella magna,Eastern Meadowlark,0.0371,D:/AcousticMonitoringData/ELDON3_Data/Week18\ELDON3_20250509_060602.wav
2799.0,2802.0,Passerina caerulea,Blue Grosbeak,0.0147,D:/AcousticMonitoringData/ELDON3_Data/Week18\ELDON3_20250509_060602.wav
2808.0,2811.0,Sturnella magna,Eastern Meadowlark,0.0199,D:/AcousticMonitoringData/ELDON3_Data/Week18\ELDON3_20250509_060602.wav
2814.0,2817.0,Sturnella magna,Eastern Meadowlark,0.0185,D:/AcousticMonitoringData/ELDON3_Data/Week18\ELDON3_20250509_060602.wav
2817.0,2820.0,Passerina caerulea,Blue Grosbeak,0.0297,D:/AcousticMonitoringData/ELDON3_Data/Week18\ELDON3_20250509_060602.wav
2823.0,2826.0,Sturnella magna,Eastern Meadowlark,0.0144,D:/AcousticMonitoringData/ELDON3_Data/Week18\ELDON3_20250509_060602.wav
2826.0,2829.0,Passerina caerulea,Blue Grosbeak,0.0817,D:/AcousticMonitoringData/ELDON3_Data/Week18\ELDON3_20250509_060602.wav
2826.0,2829.0,Spizella pusilla,Field Sparrow,0.0286,D:/AcousticMonitoringData/ELDON3_Data/Week18\ELDON3_20250509_060602.wav
2826.0,2829.0,Sturnella magna,Eastern Meadowlark,0.0243,D:/AcousticMonitoringData/ELDON3_Data/Week18\ELDON3_20250509_060602.wav
2826.0,2829.0,Geothlypis trichas,Common Yellowthroat,0.0101,D:/AcousticMonitoringData/ELDON3_Data/Week18\ELDON3_20250509_060602.wav
2829.0,2832.0,Passerina caerulea,Blue Grosbeak,0.0254,D:/AcousticMonitoringData/ELDON3_Data/Week18\ELDON3_20250509_060602.wav
2829.0,2832.0,Spizella pusilla,Field Sparrow,0.0204,D:/AcousticMonitoringData/ELDON3_Data/Week18\ELDON3_20250509_060602.wav
2829.0,2832.0,Sturnella magna,Eastern Meadowlark,0.0160,D:/AcousticMonitoringData/ELDON3_Data/Week18\ELDON3_20250509_060602.wav
2832.0,2835.0,Sturnella magna,Eastern Meadowlark,0.0230,D:/AcousticMonitoringData/ELDON3_Data/Week18\ELDON3_20250509_060602.wav
2835.0,2838.0,Sturnella magna,Eastern Meadowlark,0.0235,D:/AcousticMonitoringData/ELDON3_Data/Week18\ELDON3_20250509_060602.wav
2835.0,2838.0,Passerina caerulea,Blue Grosbeak,0.0126,D:/AcousticMonitoringData/ELDON3_Data/Week18\ELDON3_20250509_060602.wav
2838.0,2841.0,Spizella pusilla,Field Sparrow,0.0179,D:/AcousticMonitoringData/ELDON3_Data/Week18\ELDON3_20250509_060602.wav
2838.0,2841.0,Geothlypis trichas,Common Yellowthroat,0.0156,D:/AcousticMonitoringData/ELDON3_Data/Week18\ELDON3_20250509_060602.wav
2838.0,2841.0,Passerina caerulea,Blue Grosbeak,0.0108,D:/AcousticMonitoringData/ELDON3_Data/Week18\ELDON3_20250509_060602.wav
2841.0,2844.0,Spizella pusilla,Field Sparrow,0.0213,D:/AcousticMonitoringData/ELDON3_Data/Week18\ELDON3_20250509_060602.wav
2841.0,2844.0,Geothlypis trichas,Common Yellowthroat,0.0181,D:/AcousticMonitoringData/ELDON3_Data/Week18\ELDON3_20250509_060602.wav
2841.0,2844.0,Sturnella magna,Eastern Meadowlark,0.0136,D:/AcousticMonitoringData/ELDON3_Data/Week18\ELDON3_20250509_060602.wav
2844.0,2847.0,Sturnella magna,Eastern Meadowlark,0.0302,D:/AcousticMonitoringData/ELDON3_Data/Week18\ELDON3_20250509_060602.wav
2847.0,2850.0,Passerina caerulea,Blue Grosbeak,0.0160,D:/AcousticMonitoringData/ELDON3_Data/Week18\ELDON3_20250509_060602.wav
2850.0,2853.0,Geothlypis trichas,Common Yellowthroat,0.0261,D:/AcousticMonitoringData/ELDON3_Data/Week18\ELDON3_20250509_060602.wav
2862.0,2865.0,Spizella pusilla,Field Sparrow,0.0157,D:/AcousticMonitoringData/ELDON3_Data/Week18\ELDON3_20250509_060602.wav
2862.0,2865.0,Passerina caerulea,Blue Grosbeak,0.0129,D:/AcousticMonitoringData/ELDON3_Data/Week18\ELDON3_20250509_060602.wav
2862.0,2865.0,Sturnella magna,Eastern Meadowlark,0.0107,D:/AcousticMonitoringData/ELDON3_Data/Week18\ELDON3_20250509_060602.wav
2865.0,2868.0,Sturnella magna,Eastern Meadowlark,0.0119,D:/AcousticMonitoringData/ELDON3_Data/Week18\ELDON3_20250509_060602.wav
2871.0,2874.0,Geothlypis trichas,Common Yellowthroat,0.0243,D:/AcousticMonitoringData/ELDON3_Data/Week18\ELDON3_20250509_060602.wav
2871.0,2874.0,Sturnella magna,Eastern Meadowlark,0.0205,D:/AcousticMonitoringData/ELDON3_Data/Week18\ELDON3_20250509_060602.wav
2871.0,2874.0,Spizella pusilla,Field Sparrow,0.0201,D:/AcousticMonitoringData/ELDON3_Data/Week18\ELDON3_20250509_060602.wav
2871.0,2874.0,Passerina caerulea,Blue Grosbeak,0.0161,D:/AcousticMonitoringData/ELDON3_Data/Week18\ELDON3_20250509_060602.wav
2874.0,2877.0,Passerina caerulea,Blue Grosbeak,0.0176,D:/AcousticMonitoringData/ELDON3_Data/Week18\ELDON3_20250509_060602.wav
2874.0,2877.0,Sturnella magna,Eastern Meadowlark,0.0156,D:/AcousticMonitoringData/ELDON3_Data/Week18\ELDON3_20250509_060602.wav
2874.0,2877.0,Spizella pusilla,Field Sparrow,0.0129,D:/AcousticMonitoringData/ELDON3_Data/Week18\ELDON3_20250509_060602.wav
2877.0,2880.0,Spizella pusilla,Field Sparrow,0.0173,D:/AcousticMonitoringData/ELDON3_Data/Week18\ELDON3_20250509_060602.wav
2877.0,2880.0,Passerina caerulea,Blue Grosbeak,0.0152,D:/AcousticMonitoringData/ELDON3_Data/Week18\ELDON3_20250509_060602.wav
2877.0,2880.0,Geothlypis trichas,Common Yellowthroat,0.0142,D:/AcousticMonitoringData/ELDON3_Data/Week18\ELDON3_20250509_060602.wav
2883.0,2886.0,Passerina caerulea,Blue Grosbeak,0.0417,D:/AcousticMonitoringData/ELDON3_Data/Week18\ELDON3_20250509_060602.wav
2883.0,2886.0,Sturnella magna,Eastern Meadowlark,0.0202,D:/AcousticMonitoringData/ELDON3_Data/Week18\ELDON3_20250509_060602.wav
2883.0,2886.0,Spizella pusilla,Field Sparrow,0.0162,D:/AcousticMonitoringData/ELDON3_Data/Week18\ELDON3_20250509_060602.wav
2886.0,2889.0,Sturnella magna,Eastern Meadowlark,0.0207,D:/AcousticMonitoringData/ELDON3_Data/Week18\ELDON3_20250509_060602.wav
2889.0,2892.0,Sturnella magna,Eastern Meadowlark,0.0637,D:/AcousticMonitoringData/ELDON3_Data/Week18\ELDON3_20250509_060602.wav
2892.0,2895.0,Passerina caerulea,Blue Grosbeak,0.0367,D:/AcousticMonitoringData/ELDON3_Data/Week18\ELDON3_20250509_060602.wav
2892.0,2895.0,Spizella pusilla,Field Sparrow,0.0170,D:/AcousticMonitoringData/ELDON3_Data/Week18\ELDON3_20250509_060602.wav
2892.0,2895.0,Sturnella magna,Eastern Meadowlark,0.0133,D:/AcousticMonitoringData/ELDON3_Data/Week18\ELDON3_20250509_060602.wav
2892.0,2895.0,Geothlypis trichas,Common Yellowthroat,0.0103,D:/AcousticMonitoringData/ELDON3_Data/Week18\ELDON3_20250509_060602.wav
2895.0,2898.0,Spizella pusilla,Field Sparrow,0.0135,D:/AcousticMonitoringData/ELDON3_Data/Week18\ELDON3_20250509_060602.wav
2901.0,2904.0,Sturnella magna,Eastern Meadowlark,0.0249,D:/AcousticMonitoringData/ELDON3_Data/Week18\ELDON3_20250509_060602.wav
2904.0,2907.0,Passerina caerulea,Blue Grosbeak,0.0127,D:/AcousticMonitoringData/ELDON3_Data/Week18\ELDON3_20250509_060602.wav
2904.0,2907.0,Geothlypis trichas,Common Yellowthroat,0.0106,D:/AcousticMonitoringData/ELDON3_Data/Week18\ELDON3_20250509_060602.wav
2907.0,2910.0,Sturnella magna,Eastern Meadowlark,0.0162,D:/AcousticMonitoringData/ELDON3_Data/Week18\ELDON3_20250509_060602.wav
2913.0,2916.0,Sturnella magna,Eastern Meadowlark,0.0109,D:/AcousticMonitoringData/ELDON3_Data/Week18\ELDON3_20250509_060602.wav
2916.0,2919.0,Passerina caerulea,Blue Grosbeak,0.0156,D:/AcousticMonitoringData/ELDON3_Data/Week18\ELDON3_20250509_060602.wav
2925.0,2928.0,Passerina caerulea,Blue Grosbeak,0.0303,D:/AcousticMonitoringData/ELDON3_Data/Week18\ELDON3_20250509_060602.wav
2925.0,2928.0,Spizella pusilla,Field Sparrow,0.0245,D:/AcousticMonitoringData/ELDON3_Data/Week18\ELDON3_20250509_060602.wav
2925.0,2928.0,Sturnella magna,Eastern Meadowlark,0.0196,D:/AcousticMonitoringData/ELDON3_Data/Week18\ELDON3_20250509_060602.wav
2925.0,2928.0,Geothlypis trichas,Common Yellowthroat,0.0109,D:/AcousticMonitoringData/ELDON3_Data/Week18\ELDON3_20250509_060602.wav
2928.0,2931.0,Sturnella magna,Eastern Meadowlark,0.0128,D:/AcousticMonitoringData/ELDON3_Data/Week18\ELDON3_20250509_060602.wav
2931.0,2934.0,Sturnella magna,Eastern Meadowlark,0.0147,D:/AcousticMonitoringData/ELDON3_Data/Week18\ELDON3_20250509_060602.wav
2934.0,2937.0,Spizella pusilla,Field Sparrow,0.0224,D:/AcousticMonitoringData/ELDON3_Data/Week18\ELDON3_20250509_060602.wav
2934.0,2937.0,Passerina caerulea,Blue Grosbeak,0.0159,D:/AcousticMonitoringData/ELDON3_Data/Week18\ELDON3_20250509_060602.wav
2934.0,2937.0,Geothlypis trichas,Common Yellowthroat,0.0105,D:/AcousticMonitoringData/ELDON3_Data/Week18\ELDON3_20250509_060602.wav
2937.0,2940.0,Sturnella magna,Eastern Meadowlark,0.0110,D:/AcousticMonitoringData/ELDON3_Data/Week18\ELDON3_20250509_060602.wav
2940.0,2943.0,Sturnella magna,Eastern Meadowlark,0.0266,D:/AcousticMonitoringData/ELDON3_Data/Week18\ELDON3_20250509_060602.wav
2946.0,2949.0,Sturnella magna,Eastern Meadowlark,0.0437,D:/AcousticMonitoringData/ELDON3_Data/Week18\ELDON3_20250509_060602.wav
2946.0,2949.0,Spizella pusilla,Field Sparrow,0.0131,D:/AcousticMonitoringData/ELDON3_Data/Week18\ELDON3_20250509_060602.wav
2946.0,2949.0,Eremophila alpestris,Horned Lark,0.0129,D:/AcousticMonitoringData/ELDON3_Data/Week18\ELDON3_20250509_060602.wav
2952.0,2955.0,Passerina caerulea,Blue Grosbeak,0.0333,D:/AcousticMonitoringData/ELDON3_Data/Week18\ELDON3_20250509_060602.wav
2952.0,2955.0,Spizella pusilla,Field Sparrow,0.0238,D:/AcousticMonitoringData/ELDON3_Data/Week18\ELDON3_20250509_060602.wav
2955.0,2958.0,Sturnella magna,Eastern Meadowlark,0.0347,D:/AcousticMonitoringData/ELDON3_Data/Week18\ELDON3_20250509_060602.wav
2964.0,2967.0,Sturnella magna,Eastern Meadowlark,0.0326,D:/AcousticMonitoringData/ELDON3_Data/Week18\ELDON3_20250509_060602.wav
2967.0,2970.0,Sturnella magna,Eastern Meadowlark,0.0363,D:/AcousticMonitoringData/ELDON3_Data/Week18\ELDON3_20250509_060602.wav
2970.0,2973.0,Spizella pusilla,Field Sparrow,0.0333,D:/AcousticMonitoringData/ELDON3_Data/Week18\ELDON3_20250509_060602.wav
2970.0,2973.0,Sturnella magna,Eastern Meadowlark,0.0277,D:/AcousticMonitoringData/ELDON3_Data/Week18\ELDON3_20250509_060602.wav
2970.0,2973.0,Passerina caerulea,Blue Grosbeak,0.0148,D:/AcousticMonitoringData/ELDON3_Data/Week18\ELDON3_20250509_060602.wav
2973.0,2976.0,Passerina caerulea,Blue Grosbeak,0.0229,D:/AcousticMonitoringData/ELDON3_Data/Week18\ELDON3_20250509_060602.wav
2973.0,2976.0,Sturnella magna,Eastern Meadowlark,0.0117,D:/AcousticMonitoringData/ELDON3_Data/Week18\ELDON3_20250509_060602.wav
2976.0,2979.0,Sturnella magna,Eastern Meadowlark,0.0386,D:/AcousticMonitoringData/ELDON3_Data/Week18\ELDON3_20250509_060602.wav
2976.0,2979.0,Passerina caerulea,Blue Grosbeak,0.0152,D:/AcousticMonitoringData/ELDON3_Data/Week18\ELDON3_20250509_060602.wav
2976.0,2979.0,Spizella pusilla,Field Sparrow,0.0110,D:/AcousticMonitoringData/ELDON3_Data/Week18\ELDON3_20250509_060602.wav
2979.0,2982.0,Sturnella magna,Eastern Meadowlark,0.0864,D:/AcousticMonitoringData/ELDON3_Data/Week18\ELDON3_20250509_060602.wav
2979.0,2982.0,Passerina caerulea,Blue Grosbeak,0.0162,D:/AcousticMonitoringData/ELDON3_Data/Week18\ELDON3_20250509_060602.wav
2979.0,2982.0,Bartramia longicauda,Upland Sandpiper,0.0121,D:/AcousticMonitoringData/ELDON3_Data/Week18\ELDON3_20250509_060602.wav
2982.0,2985.0,Passerina caerulea,Blue Grosbeak,0.0205,D:/AcousticMonitoringData/ELDON3_Data/Week18\ELDON3_20250509_060602.wav
2982.0,2985.0,Sturnella magna,Eastern Meadowlark,0.0140,D:/AcousticMonitoringData/ELDON3_Data/Week18\ELDON3_20250509_060602.wav
2982.0,2985.0,Spizella pusilla,Field Sparrow,0.0137,D:/AcousticMonitoringData/ELDON3_Data/Week18\ELDON3_20250509_060602.wav
2985.0,2988.0,Eremophila alpestris,Horned Lark,0.0131,D:/AcousticMonitoringData/ELDON3_Data/Week18\ELDON3_20250509_060602.wav
2985.0,2988.0,Sturnella magna,Eastern Meadowlark,0.0115,D:/AcousticMonitoringData/ELDON3_Data/Week18\ELDON3_20250509_060602.wav
2988.0,2991.0,Sturnella magna,Eastern Meadowlark,0.0301,D:/AcousticMonitoringData/ELDON3_Data/Week18\ELDON3_20250509_060602.wav
2991.0,2994.0,Spizella pusilla,Field Sparrow,0.0789,D:/AcousticMonitoringData/ELDON3_Data/Week18\ELDON3_20250509_060602.wav
2991.0,2994.0,Sturnella magna,Eastern Meadowlark,0.0201,D:/AcousticMonitoringData/ELDON3_Data/Week18\ELDON3_20250509_060602.wav
2991.0,2994.0,Passerina caerulea,Blue Grosbeak,0.0183,D:/AcousticMonitoringData/ELDON3_Data/Week18\ELDON3_20250509_060602.wav
2994.0,2997.0,Sturnella magna,Eastern Meadowlark,0.0342,D:/AcousticMonitoringData/ELDON3_Data/Week18\ELDON3_20250509_060602.wav
2994.0,2997.0,Spizella pusilla,Field Sparrow,0.0158,D:/AcousticMonitoringData/ELDON3_Data/Week18\ELDON3_20250509_060602.wav
2994.0,2997.0,Passerina caerulea,Blue Grosbeak,0.0142,D:/AcousticMonitoringData/ELDON3_Data/Week18\ELDON3_20250509_060602.wav
2994.0,2997.0,Geothlypis trichas,Common Yellowthroat,0.0102,D:/AcousticMonitoringData/ELDON3_Data/Week18\ELDON3_20250509_060602.wav
2994.0,2997.0,Bartramia longicauda,Upland Sandpiper,0.0101,D:/AcousticMonitoringData/ELDON3_Data/Week18\ELDON3_20250509_060602.wav
3000.0,3003.0,Sturnella magna,Eastern Meadowlark,0.0234,D:/AcousticMonitoringData/ELDON3_Data/Week18\ELDON3_20250509_060602.wav
3000.0,3003.0,Passerina caerulea,Blue Grosbeak,0.0191,D:/AcousticMonitoringData/ELDON3_Data/Week18\ELDON3_20250509_060602.wav
3000.0,3003.0,Spizella pusilla,Field Sparrow,0.0125,D:/AcousticMonitoringData/ELDON3_Data/Week18\ELDON3_20250509_060602.wav
3000.0,3003.0,Bartramia longicauda,Upland Sandpiper,0.0114,D:/AcousticMonitoringData/ELDON3_Data/Week18\ELDON3_20250509_060602.wav
3003.0,3006.0,Sturnella magna,Eastern Meadowlark,0.0194,D:/AcousticMonitoringData/ELDON3_Data/Week18\ELDON3_20250509_060602.wav
3015.0,3018.0,Sturnella magna,Eastern Meadowlark,0.0120,D:/AcousticMonitoringData/ELDON3_Data/Week18\ELDON3_20250509_060602.wav
3018.0,3021.0,Sturnella magna,Eastern Meadowlark,0.0242,D:/AcousticMonitoringData/ELDON3_Data/Week18\ELDON3_20250509_060602.wav
3021.0,3024.0,Sturnella magna,Eastern Meadowlark,0.0160,D:/AcousticMonitoringData/ELDON3_Data/Week18\ELDON3_20250509_060602.wav
3027.0,3030.0,Sturnella magna,Eastern Meadowlark,0.0994,D:/AcousticMonitoringData/ELDON3_Data/Week18\ELDON3_20250509_060602.wav
3033.0,3036.0,Sturnella magna,Eastern Meadowlark,0.2239,D:/AcousticMonitoringData/ELDON3_Data/Week18\ELDON3_20250509_060602.wav
3033.0,3036.0,Bartramia longicauda,Upland Sandpiper,0.0122,D:/AcousticMonitoringData/ELDON3_Data/Week18\ELDON3_20250509_060602.wav
3036.0,3039.0,Sturnella magna,Eastern Meadowlark,0.0158,D:/AcousticMonitoringData/ELDON3_Data/Week18\ELDON3_20250509_060602.wav
3039.0,3042.0,Sturnella magna,Eastern Meadowlark,0.6080,D:/AcousticMonitoringData/ELDON3_Data/Week18\ELDON3_20250509_060602.wav
3039.0,3042.0,Bartramia longicauda,Upland Sandpiper,0.0136,D:/AcousticMonitoringData/ELDON3_Data/Week18\ELDON3_20250509_060602.wav
3042.0,3045.0,Sturnella magna,Eastern Meadowlark,0.0128,D:/AcousticMonitoringData/ELDON3_Data/Week18\ELDON3_20250509_060602.wav
3045.0,3048.0,Sturnella magna,Eastern Meadowlark,0.1198,D:/AcousticMonitoringData/ELDON3_Data/Week18\ELDON3_20250509_060602.wav
3045.0,3048.0,Passerina caerulea,Blue Grosbeak,0.0106,D:/AcousticMonitoringData/ELDON3_Data/Week18\ELDON3_20250509_060602.wav
3048.0,3051.0,Sturnella magna,Eastern Meadowlark,0.0530,D:/AcousticMonitoringData/ELDON3_Data/Week18\ELDON3_20250509_060602.wav
3048.0,3051.0,Geothlypis trichas,Common Yellowthroat,0.0338,D:/AcousticMonitoringData/ELDON3_Data/Week18\ELDON3_20250509_060602.wav
3048.0,3051.0,Passerina caerulea,Blue Grosbeak,0.0169,D:/AcousticMonitoringData/ELDON3_Data/Week18\ELDON3_20250509_060602.wav
3048.0,3051.0,Spizella pusilla,Field Sparrow,0.0149,D:/AcousticMonitoringData/ELDON3_Data/Week18\ELDON3_20250509_060602.wav
3051.0,3054.0,Sturnella magna,Eastern Meadowlark,0.1156,D:/AcousticMonitoringData/ELDON3_Data/Week18\ELDON3_20250509_060602.wav
3051.0,3054.0,Spizella pusilla,Field Sparrow,0.0428,D:/AcousticMonitoringData/ELDON3_Data/Week18\ELDON3_20250509_060602.wav
3054.0,3057.0,Sturnella magna,Eastern Meadowlark,0.1055,D:/AcousticMonitoringData/ELDON3_Data/Week18\ELDON3_20250509_060602.wav
3054.0,3057.0,Passerina caerulea,Blue Grosbeak,0.0112,D:/AcousticMonitoringData/ELDON3_Data/Week18\ELDON3_20250509_060602.wav
3057.0,3060.0,Sturnella magna,Eastern Meadowlark,0.0224,D:/AcousticMonitoringData/ELDON3_Data/Week18\ELDON3_20250509_060602.wav
3063.0,3066.0,Passerina caerulea,Blue Grosbeak,0.0271,D:/AcousticMonitoringData/ELDON3_Data/Week18\ELDON3_20250509_060602.wav
3063.0,3066.0,Sturnella magna,Eastern Meadowlark,0.0216,D:/AcousticMonitoringData/ELDON3_Data/Week18\ELDON3_20250509_060602.wav
3066.0,3069.0,Sturnella magna,Eastern Meadowlark,0.0409,D:/AcousticMonitoringData/ELDON3_Data/Week18\ELDON3_20250509_060602.wav
3069.0,3072.0,Sturnella magna,Eastern Meadowlark,0.1961,D:/AcousticMonitoringData/ELDON3_Data/Week18\ELDON3_20250509_060602.wav
3069.0,3072.0,Bartramia longicauda,Upland Sandpiper,0.0147,D:/AcousticMonitoringData/ELDON3_Data/Week18\ELDON3_20250509_060602.wav
3072.0,3075.0,Sturnella magna,Eastern Meadowlark,0.0379,D:/AcousticMonitoringData/ELDON3_Data/Week18\ELDON3_20250509_060602.wav
3072.0,3075.0,Spizella pusilla,Field Sparrow,0.0156,D:/AcousticMonitoringData/ELDON3_Data/Week18\ELDON3_20250509_060602.wav
3075.0,3078.0,Sturnella magna,Eastern Meadowlark,0.0368,D:/AcousticMonitoringData/ELDON3_Data/Week18\ELDON3_20250509_060602.wav
3075.0,3078.0,Spizella pusilla,Field Sparrow,0.0284,D:/AcousticMonitoringData/ELDON3_Data/Week18\ELDON3_20250509_060602.wav
3078.0,3081.0,Sturnella magna,Eastern Meadowlark,0.0140,D:/AcousticMonitoringData/ELDON3_Data/Week18\ELDON3_20250509_060602.wav
3081.0,3084.0,Sturnella magna,Eastern Meadowlark,0.0223,D:/AcousticMonitoringData/ELDON3_Data/Week18\ELDON3_20250509_060602.wav
3084.0,3087.0,Sturnella magna,Eastern Meadowlark,0.0174,D:/AcousticMonitoringData/ELDON3_Data/Week18\ELDON3_20250509_060602.wav
3084.0,3087.0,Passerina caerulea,Blue Grosbeak,0.0106,D:/AcousticMonitoringData/ELDON3_Data/Week18\ELDON3_20250509_060602.wav
3087.0,3090.0,Sturnella magna,Eastern Meadowlark,0.0490,D:/AcousticMonitoringData/ELDON3_Data/Week18\ELDON3_20250509_060602.wav
3090.0,3093.0,Sturnella magna,Eastern Meadowlark,0.3939,D:/AcousticMonitoringData/ELDON3_Data/Week18\ELDON3_20250509_060602.wav
3090.0,3093.0,Bartramia longicauda,Upland Sandpiper,0.0130,D:/AcousticMonitoringData/ELDON3_Data/Week18\ELDON3_20250509_060602.wav
3093.0,3096.0,Sturnella magna,Eastern Meadowlark,0.0103,D:/AcousticMonitoringData/ELDON3_Data/Week18\ELDON3_20250509_060602.wav
3102.0,3105.0,Sturnella magna,Eastern Meadowlark,0.0597,D:/AcousticMonitoringData/ELDON3_Data/Week18\ELDON3_20250509_060602.wav
3105.0,3108.0,Sturnella magna,Eastern Meadowlark,0.4472,D:/AcousticMonitoringData/ELDON3_Data/Week18\ELDON3_20250509_060602.wav
3105.0,3108.0,Passerina caerulea,Blue Grosbeak,0.0119,D:/AcousticMonitoringData/ELDON3_Data/Week18\ELDON3_20250509_060602.wav
3108.0,3111.0,Sturnella magna,Eastern Meadowlark,0.0352,D:/AcousticMonitoringData/ELDON3_Data/Week18\ELDON3_20250509_060602.wav
3111.0,3114.0,Sturnella magna,Eastern Meadowlark,0.0662,D:/AcousticMonitoringData/ELDON3_Data/Week18\ELDON3_20250509_060602.wav
3114.0,3117.0,Passerina caerulea,Blue Grosbeak,0.0200,D:/AcousticMonitoringData/ELDON3_Data/Week18\ELDON3_20250509_060602.wav
3114.0,3117.0,Sturnella magna,Eastern Meadowlark,0.0124,D:/AcousticMonitoringData/ELDON3_Data/Week18\ELDON3_20250509_060602.wav
3114.0,3117.0,Geothlypis trichas,Common Yellowthroat,0.0102,D:/AcousticMonitoringData/ELDON3_Data/Week18\ELDON3_20250509_060602.wav
3117.0,3120.0,Sturnella magna,Eastern Meadowlark,0.0534,D:/AcousticMonitoringData/ELDON3_Data/Week18\ELDON3_20250509_060602.wav
3120.0,3123.0,Sturnella magna,Eastern Meadowlark,0.0131,D:/AcousticMonitoringData/ELDON3_Data/Week18\ELDON3_20250509_060602.wav
3120.0,3123.0,Passerina caerulea,Blue Grosbeak,0.0103,D:/AcousticMonitoringData/ELDON3_Data/Week18\ELDON3_20250509_060602.wav
3123.0,3126.0,Sturnella magna,Eastern Meadowlark,0.0265,D:/AcousticMonitoringData/ELDON3_Data/Week18\ELDON3_20250509_060602.wav
3126.0,3129.0,Sturnella magna,Eastern Meadowlark,0.0284,D:/AcousticMonitoringData/ELDON3_Data/Week18\ELDON3_20250509_060602.wav
3129.0,3132.0,Sturnella magna,Eastern Meadowlark,0.0481,D:/AcousticMonitoringData/ELDON3_Data/Week18\ELDON3_20250509_060602.wav
3138.0,3141.0,Sturnella magna,Eastern Meadowlark,0.0673,D:/AcousticMonitoringData/ELDON3_Data/Week18\ELDON3_20250509_060602.wav
3141.0,3144.0,Sturnella magna,Eastern Meadowlark,0.1184,D:/AcousticMonitoringData/ELDON3_Data/Week18\ELDON3_20250509_060602.wav
3144.0,3147.0,Geothlypis trichas,Common Yellowthroat,0.0340,D:/AcousticMonitoringData/ELDON3_Data/Week18\ELDON3_20250509_060602.wav
3144.0,3147.0,Passerina caerulea,Blue Grosbeak,0.0155,D:/AcousticMonitoringData/ELDON3_Data/Week18\ELDON3_20250509_060602.wav
3144.0,3147.0,Spizella pusilla,Field Sparrow,0.0104,D:/AcousticMonitoringData/ELDON3_Data/Week18\ELDON3_20250509_060602.wav
3150.0,3153.0,Sturnella magna,Eastern Meadowlark,0.1375,D:/AcousticMonitoringData/ELDON3_Data/Week18\ELDON3_20250509_060602.wav
3150.0,3153.0,Bartramia longicauda,Upland Sandpiper,0.0629,D:/AcousticMonitoringData/ELDON3_Data/Week18\ELDON3_20250509_060602.wav
3153.0,3156.0,Sturnella magna,Eastern Meadowlark,0.0202,D:/AcousticMonitoringData/ELDON3_Data/Week18\ELDON3_20250509_060602.wav
3153.0,3156.0,Geothlypis trichas,Common Yellowthroat,0.0125,D:/AcousticMonitoringData/ELDON3_Data/Week18\ELDON3_20250509_060602.wav
3156.0,3159.0,Sturnella magna,Eastern Meadowlark,0.0203,D:/AcousticMonitoringData/ELDON3_Data/Week18\ELDON3_20250509_060602.wav
3159.0,3162.0,Sturnella magna,Eastern Meadowlark,0.0157,D:/AcousticMonitoringData/ELDON3_Data/Week18\ELDON3_20250509_060602.wav
3162.0,3165.0,Sturnella magna,Eastern Meadowlark,0.0590,D:/AcousticMonitoringData/ELDON3_Data/Week18\ELDON3_20250509_060602.wav
3165.0,3168.0,Sturnella magna,Eastern Meadowlark,0.0479,D:/AcousticMonitoringData/ELDON3_Data/Week18\ELDON3_20250509_060602.wav
3165.0,3168.0,Spizella pusilla,Field Sparrow,0.0110,D:/AcousticMonitoringData/ELDON3_Data/Week18\ELDON3_20250509_060602.wav
3168.0,3171.0,Sturnella magna,Eastern Meadowlark,0.0168,D:/AcousticMonitoringData/ELDON3_Data/Week18\ELDON3_20250509_060602.wav
3168.0,3171.0,Passerina caerulea,Blue Grosbeak,0.0114,D:/AcousticMonitoringData/ELDON3_Data/Week18\ELDON3_20250509_060602.wav
3171.0,3174.0,Sturnella magna,Eastern Meadowlark,0.0312,D:/AcousticMonitoringData/ELDON3_Data/Week18\ELDON3_20250509_060602.wav
3171.0,3174.0,Bartramia longicauda,Upland Sandpiper,0.0291,D:/AcousticMonitoringData/ELDON3_Data/Week18\ELDON3_20250509_060602.wav
3174.0,3177.0,Sturnella magna,Eastern Meadowlark,0.2147,D:/AcousticMonitoringData/ELDON3_Data/Week18\ELDON3_20250509_060602.wav
3174.0,3177.0,Passerina caerulea,Blue Grosbeak,0.0161,D:/AcousticMonitoringData/ELDON3_Data/Week18\ELDON3_20250509_060602.wav
3177.0,3180.0,Sturnella magna,Eastern Meadowlark,0.0180,D:/AcousticMonitoringData/ELDON3_Data/Week18\ELDON3_20250509_060602.wav
3180.0,3183.0,Sturnella magna,Eastern Meadowlark,0.0127,D:/AcousticMonitoringData/ELDON3_Data/Week18\ELDON3_20250509_060602.wav
3183.0,3186.0,Sturnella magna,Eastern Meadowlark,0.0243,D:/AcousticMonitoringData/ELDON3_Data/Week18\ELDON3_20250509_060602.wav
3183.0,3186.0,Spizella pusilla,Field Sparrow,0.0163,D:/AcousticMonitoringData/ELDON3_Data/Week18\ELDON3_20250509_060602.wav
3186.0,3189.0,Sturnella magna,Eastern Meadowlark,0.0253,D:/AcousticMonitoringData/ELDON3_Data/Week18\ELDON3_20250509_060602.wav
3186.0,3189.0,Passerina caerulea,Blue Grosbeak,0.0164,D:/AcousticMonitoringData/ELDON3_Data/Week18\ELDON3_20250509_060602.wav
3186.0,3189.0,Spizella pusilla,Field Sparrow,0.0122,D:/AcousticMonitoringData/ELDON3_Data/Week18\ELDON3_20250509_060602.wav
3189.0,3192.0,Sturnella magna,Eastern Meadowlark,0.0539,D:/AcousticMonitoringData/ELDON3_Data/Week18\ELDON3_20250509_060602.wav
3189.0,3192.0,Passerina caerulea,Blue Grosbeak,0.0123,D:/AcousticMonitoringData/ELDON3_Data/Week18\ELDON3_20250509_060602.wav
3192.0,3195.0,Sturnella magna,Eastern Meadowlark,0.0266,D:/AcousticMonitoringData/ELDON3_Data/Week18\ELDON3_20250509_060602.wav
3195.0,3198.0,Sturnella magna,Eastern Meadowlark,0.1398,D:/AcousticMonitoringData/ELDON3_Data/Week18\ELDON3_20250509_060602.wav
3198.0,3201.0,Sturnella magna,Eastern Meadowlark,0.0358,D:/AcousticMonitoringData/ELDON3_Data/Week18\ELDON3_20250509_060602.wav
3201.0,3204.0,Sturnella magna,Eastern Meadowlark,0.0854,D:/AcousticMonitoringData/ELDON3_Data/Week18\ELDON3_20250509_060602.wav
3204.0,3207.0,Sturnella magna,Eastern Meadowlark,0.0201,D:/AcousticMonitoringData/ELDON3_Data/Week18\ELDON3_20250509_060602.wav
3204.0,3207.0,Bartramia longicauda,Upland Sandpiper,0.0115,D:/AcousticMonitoringData/ELDON3_Data/Week18\ELDON3_20250509_060602.wav
3207.0,3210.0,Sturnella magna,Eastern Meadowlark,0.0305,D:/AcousticMonitoringData/ELDON3_Data/Week18\ELDON3_20250509_060602.wav
3207.0,3210.0,Eremophila alpestris,Horned Lark,0.0142,D:/AcousticMonitoringData/ELDON3_Data/Week18\ELDON3_20250509_060602.wav
3213.0,3216.0,Sturnella magna,Eastern Meadowlark,0.0669,D:/AcousticMonitoringData/ELDON3_Data/Week18\ELDON3_20250509_060602.wav
3213.0,3216.0,Passerina caerulea,Blue Grosbeak,0.0115,D:/AcousticMonitoringData/ELDON3_Data/Week18\ELDON3_20250509_060602.wav
3216.0,3219.0,Sturnella magna,Eastern Meadowlark,0.0959,D:/AcousticMonitoringData/ELDON3_Data/Week18\ELDON3_20250509_060602.wav
3216.0,3219.0,Spizella pusilla,Field Sparrow,0.0184,D:/AcousticMonitoringData/ELDON3_Data/Week18\ELDON3_20250509_060602.wav
3219.0,3222.0,Sturnella magna,Eastern Meadowlark,0.0158,D:/AcousticMonitoringData/ELDON3_Data/Week18\ELDON3_20250509_060602.wav
3219.0,3222.0,Passerina caerulea,Blue Grosbeak,0.0102,D:/AcousticMonitoringData/ELDON3_Data/Week18\ELDON3_20250509_060602.wav
3222.0,3225.0,Sturnella magna,Eastern Meadowlark,0.0219,D:/AcousticMonitoringData/ELDON3_Data/Week18\ELDON3_20250509_060602.wav
3225.0,3228.0,Sturnella magna,Eastern Meadowlark,0.3810,D:/AcousticMonitoringData/ELDON3_Data/Week18\ELDON3_20250509_060602.wav
3225.0,3228.0,Passerina caerulea,Blue Grosbeak,0.0114,D:/AcousticMonitoringData/ELDON3_Data/Week18\ELDON3_20250509_060602.wav
3228.0,3231.0,Sturnella magna,Eastern Meadowlark,0.0345,D:/AcousticMonitoringData/ELDON3_Data/Week18\ELDON3_20250509_060602.wav
3228.0,3231.0,Spizella pusilla,Field Sparrow,0.0168,D:/AcousticMonitoringData/ELDON3_Data/Week18\ELDON3_20250509_060602.wav
3231.0,3234.0,Spizella pusilla,Field Sparrow,0.0385,D:/AcousticMonitoringData/ELDON3_Data/Week18\ELDON3_20250509_060602.wav
3231.0,3234.0,Geothlypis trichas,Common Yellowthroat,0.0151,D:/AcousticMonitoringData/ELDON3_Data/Week18\ELDON3_20250509_060602.wav
3231.0,3234.0,Sturnella magna,Eastern Meadowlark,0.0146,D:/AcousticMonitoringData/ELDON3_Data/Week18\ELDON3_20250509_060602.wav
3234.0,3237.0,Geothlypis trichas,Common Yellowthroat,0.0164,D:/AcousticMonitoringData/ELDON3_Data/Week18\ELDON3_20250509_060602.wav
3234.0,3237.0,Passerina caerulea,Blue Grosbeak,0.0107,D:/AcousticMonitoringData/ELDON3_Data/Week18\ELDON3_20250509_060602.wav
3240.0,3243.0,Sturnella magna,Eastern Meadowlark,0.4050,D:/AcousticMonitoringData/ELDON3_Data/Week18\ELDON3_20250509_060602.wav
3243.0,3246.0,Sturnella magna,Eastern Meadowlark,0.0106,D:/AcousticMonitoringData/ELDON3_Data/Week18\ELDON3_20250509_060602.wav
3246.0,3249.0,Sturnella magna,Eastern Meadowlark,0.0262,D:/AcousticMonitoringData/ELDON3_Data/Week18\ELDON3_20250509_060602.wav
3249.0,3252.0,Bartramia longicauda,Upland Sandpiper,0.0287,D:/AcousticMonitoringData/ELDON3_Data/Week18\ELDON3_20250509_060602.wav
3249.0,3252.0,Sturnella magna,Eastern Meadowlark,0.0119,D:/AcousticMonitoringData/ELDON3_Data/Week18\ELDON3_20250509_060602.wav
3255.0,3258.0,Sturnella magna,Eastern Meadowlark,0.2662,D:/AcousticMonitoringData/ELDON3_Data/Week18\ELDON3_20250509_060602.wav
3258.0,3261.0,Sturnella magna,Eastern Meadowlark,0.2513,D:/AcousticMonitoringData/ELDON3_Data/Week18\ELDON3_20250509_060602.wav
3258.0,3261.0,Spizella pusilla,Field Sparrow,0.0339,D:/AcousticMonitoringData/ELDON3_Data/Week18\ELDON3_20250509_060602.wav
3264.0,3267.0,Sturnella magna,Eastern Meadowlark,0.0106,D:/AcousticMonitoringData/ELDON3_Data/Week18\ELDON3_20250509_060602.wav
3267.0,3270.0,Sturnella magna,Eastern Meadowlark,0.0477,D:/AcousticMonitoringData/ELDON3_Data/Week18\ELDON3_20250509_060602.wav
3273.0,3276.0,Sturnella magna,Eastern Meadowlark,0.0157,D:/AcousticMonitoringData/ELDON3_Data/Week18\ELDON3_20250509_060602.wav
3276.0,3279.0,Sturnella magna,Eastern Meadowlark,0.0393,D:/AcousticMonitoringData/ELDON3_Data/Week18\ELDON3_20250509_060602.wav
3279.0,3282.0,Sturnella magna,Eastern Meadowlark,0.0341,D:/AcousticMonitoringData/ELDON3_Data/Week18\ELDON3_20250509_060602.wav
3279.0,3282.0,Passerina caerulea,Blue Grosbeak,0.0292,D:/AcousticMonitoringData/ELDON3_Data/Week18\ELDON3_20250509_060602.wav
3279.0,3282.0,Spizella pusilla,Field Sparrow,0.0138,D:/AcousticMonitoringData/ELDON3_Data/Week18\ELDON3_20250509_060602.wav
3282.0,3285.0,Sturnella magna,Eastern Meadowlark,0.0333,D:/AcousticMonitoringData/ELDON3_Data/Week18\ELDON3_20250509_060602.wav
3294.0,3297.0,Sturnella magna,Eastern Meadowlark,0.1637,D:/AcousticMonitoringData/ELDON3_Data/Week18\ELDON3_20250509_060602.wav
3294.0,3297.0,Spizella pusilla,Field Sparrow,0.0104,D:/AcousticMonitoringData/ELDON3_Data/Week18\ELDON3_20250509_060602.wav
3300.0,3303.0,Sturnella magna,Eastern Meadowlark,0.0194,D:/AcousticMonitoringData/ELDON3_Data/Week18\ELDON3_20250509_060602.wav
3303.0,3306.0,Spizella pusilla,Field Sparrow,0.0161,D:/AcousticMonitoringData/ELDON3_Data/Week18\ELDON3_20250509_060602.wav
3303.0,3306.0,Passerina caerulea,Blue Grosbeak,0.0142,D:/AcousticMonitoringData/ELDON3_Data/Week18\ELDON3_20250509_060602.wav
3303.0,3306.0,Sturnella magna,Eastern Meadowlark,0.0103,D:/AcousticMonitoringData/ELDON3_Data/Week18\ELDON3_20250509_060602.wav
3312.0,3315.0,Sturnella magna,Eastern Meadowlark,0.0108,D:/AcousticMonitoringData/ELDON3_Data/Week18\ELDON3_20250509_060602.wav
3315.0,3318.0,Sturnella magna,Eastern Meadowlark,0.0259,D:/AcousticMonitoringData/ELDON3_Data/Week18\ELDON3_20250509_060602.wav
3321.0,3324.0,Sturnella magna,Eastern Meadowlark,0.0110,D:/AcousticMonitoringData/ELDON3_Data/Week18\ELDON3_20250509_060602.wav
3324.0,3327.0,Sturnella magna,Eastern Meadowlark,0.0173,D:/AcousticMonitoringData/ELDON3_Data/Week18\ELDON3_20250509_060602.wav
3324.0,3327.0,Bartramia longicauda,Upland Sandpiper,0.0156,D:/AcousticMonitoringData/ELDON3_Data/Week18\ELDON3_20250509_060602.wav
3327.0,3330.0,Sturnella magna,Eastern Meadowlark,0.0154,D:/AcousticMonitoringData/ELDON3_Data/Week18\ELDON3_20250509_060602.wav
3330.0,3333.0,Sturnella magna,Eastern Meadowlark,0.0120,D:/AcousticMonitoringData/ELDON3_Data/Week18\ELDON3_20250509_060602.wav
3333.0,3336.0,Sturnella magna,Eastern Meadowlark,0.0128,D:/AcousticMonitoringData/ELDON3_Data/Week18\ELDON3_20250509_060602.wav
3342.0,3345.0,Sturnella magna,Eastern Meadowlark,0.0136,D:/AcousticMonitoringData/ELDON3_Data/Week18\ELDON3_20250509_060602.wav
3351.0,3354.0,Spizella pusilla,Field Sparrow,0.0168,D:/AcousticMonitoringData/ELDON3_Data/Week18\ELDON3_20250509_060602.wav
3351.0,3354.0,Passerina caerulea,Blue Grosbeak,0.0164,D:/AcousticMonitoringData/ELDON3_Data/Week18\ELDON3_20250509_060602.wav
3351.0,3354.0,Sturnella magna,Eastern Meadowlark,0.0125,D:/AcousticMonitoringData/ELDON3_Data/Week18\ELDON3_20250509_060602.wav
3354.0,3357.0,Sturnella magna,Eastern Meadowlark,0.0116,D:/AcousticMonitoringData/ELDON3_Data/Week18\ELDON3_20250509_060602.wav
3357.0,3360.0,Sturnella magna,Eastern Meadowlark,0.0121,D:/AcousticMonitoringData/ELDON3_Data/Week18\ELDON3_20250509_060602.wav
3360.0,3363.0,Sturnella magna,Eastern Meadowlark,0.0892,D:/AcousticMonitoringData/ELDON3_Data/Week18\ELDON3_20250509_060602.wav
3360.0,3363.0,Bartramia longicauda,Upland Sandpiper,0.0130,D:/AcousticMonitoringData/ELDON3_Data/Week18\ELDON3_20250509_060602.wav
3363.0,3366.0,Spizella pusilla,Field Sparrow,0.1153,D:/AcousticMonitoringData/ELDON3_Data/Week18\ELDON3_20250509_060602.wav
3363.0,3366.0,Sturnella magna,Eastern Meadowlark,0.0948,D:/AcousticMonitoringData/ELDON3_Data/Week18\ELDON3_20250509_060602.wav
3366.0,3369.0,Sturnella magna,Eastern Meadowlark,0.0192,D:/AcousticMonitoringData/ELDON3_Data/Week18\ELDON3_20250509_060602.wav
3366.0,3369.0,Passerina caerulea,Blue Grosbeak,0.0142,D:/AcousticMonitoringData/ELDON3_Data/Week18\ELDON3_20250509_060602.wav
3372.0,3375.0,Sturnella magna,Eastern Meadowlark,0.0170,D:/AcousticMonitoringData/ELDON3_Data/Week18\ELDON3_20250509_060602.wav
3378.0,3381.0,Spizella pusilla,Field Sparrow,0.0650,D:/AcousticMonitoringData/ELDON3_Data/Week18\ELDON3_20250509_060602.wav
3378.0,3381.0,Passerina caerulea,Blue Grosbeak,0.0501,D:/AcousticMonitoringData/ELDON3_Data/Week18\ELDON3_20250509_060602.wav
3378.0,3381.0,Sturnella magna,Eastern Meadowlark,0.0274,D:/AcousticMonitoringData/ELDON3_Data/Week18\ELDON3_20250509_060602.wav
3381.0,3384.0,Sturnella magna,Eastern Meadowlark,0.0116,D:/AcousticMonitoringData/ELDON3_Data/Week18\ELDON3_20250509_060602.wav
3384.0,3387.0,Sturnella magna,Eastern Meadowlark,0.1605,D:/AcousticMonitoringData/ELDON3_Data/Week18\ELDON3_20250509_060602.wav
3384.0,3387.0,Bartramia longicauda,Upland Sandpiper,0.0145,D:/AcousticMonitoringData/ELDON3_Data/Week18\ELDON3_20250509_060602.wav
3390.0,3393.0,Sturnella magna,Eastern Meadowlark,0.0182,D:/AcousticMonitoringData/ELDON3_Data/Week18\ELDON3_20250509_060602.wav
3396.0,3399.0,Sturnella magna,Eastern Meadowlark,0.1064,D:/AcousticMonitoringData/ELDON3_Data/Week18\ELDON3_20250509_060602.wav
3396.0,3399.0,Bartramia longicauda,Upland Sandpiper,0.0123,D:/AcousticMonitoringData/ELDON3_Data/Week18\ELDON3_20250509_060602.wav
3399.0,3402.0,Sturnella magna,Eastern Meadowlark,0.0604,D:/AcousticMonitoringData/ELDON3_Data/Week18\ELDON3_20250509_060602.wav
3399.0,3402.0,Bartramia longicauda,Upland Sandpiper,0.0108,D:/AcousticMonitoringData/ELDON3_Data/Week18\ELDON3_20250509_060602.wav
3402.0,3405.0,Sturnella magna,Eastern Meadowlark,0.1958,D:/AcousticMonitoringData/ELDON3_Data/Week18\ELDON3_20250509_060602.wav
3405.0,3408.0,Sturnella magna,Eastern Meadowlark,0.0930,D:/AcousticMonitoringData/ELDON3_Data/Week18\ELDON3_20250509_060602.wav
3408.0,3411.0,Sturnella magna,Eastern Meadowlark,0.0200,D:/AcousticMonitoringData/ELDON3_Data/Week18\ELDON3_20250509_060602.wav
3411.0,3414.0,Sturnella magna,Eastern Meadowlark,0.2717,D:/AcousticMonitoringData/ELDON3_Data/Week18\ELDON3_20250509_060602.wav
3411.0,3414.0,Bartramia longicauda,Upland Sandpiper,0.0323,D:/AcousticMonitoringData/ELDON3_Data/Week18\ELDON3_20250509_060602.wav
3414.0,3417.0,Geothlypis trichas,Common Yellowthroat,0.0430,D:/AcousticMonitoringData/ELDON3_Data/Week18\ELDON3_20250509_060602.wav
3420.0,3423.0,Sturnella magna,Eastern Meadowlark,0.5900,D:/AcousticMonitoringData/ELDON3_Data/Week18\ELDON3_20250509_060602.wav
3423.0,3426.0,Sturnella magna,Eastern Meadowlark,0.1888,D:/AcousticMonitoringData/ELDON3_Data/Week18\ELDON3_20250509_060602.wav
3423.0,3426.0,Passerina caerulea,Blue Grosbeak,0.0525,D:/AcousticMonitoringData/ELDON3_Data/Week18\ELDON3_20250509_060602.wav
3423.0,3426.0,Spizella pusilla,Field Sparrow,0.0185,D:/AcousticMonitoringData/ELDON3_Data/Week18\ELDON3_20250509_060602.wav
3426.0,3429.0,Sturnella magna,Eastern Meadowlark,0.0821,D:/AcousticMonitoringData/ELDON3_Data/Week18\ELDON3_20250509_060602.wav
3429.0,3432.0,Sturnella magna,Eastern Meadowlark,0.0802,D:/AcousticMonitoringData/ELDON3_Data/Week18\ELDON3_20250509_060602.wav
3432.0,3435.0,Sturnella magna,Eastern Meadowlark,0.0529,D:/AcousticMonitoringData/ELDON3_Data/Week18\ELDON3_20250509_060602.wav
3432.0,3435.0,Passerina caerulea,Blue Grosbeak,0.0151,D:/AcousticMonitoringData/ELDON3_Data/Week18\ELDON3_20250509_060602.wav
3435.0,3438.0,Sturnella magna,Eastern Meadowlark,0.0112,D:/AcousticMonitoringData/ELDON3_Data/Week18\ELDON3_20250509_060602.wav
3438.0,3441.0,Sturnella magna,Eastern Meadowlark,0.0328,D:/AcousticMonitoringData/ELDON3_Data/Week18\ELDON3_20250509_060602.wav
3441.0,3444.0,Geothlypis trichas,Common Yellowthroat,0.1004,D:/AcousticMonitoringData/ELDON3_Data/Week18\ELDON3_20250509_060602.wav
3441.0,3444.0,Passerina caerulea,Blue Grosbeak,0.0252,D:/AcousticMonitoringData/ELDON3_Data/Week18\ELDON3_20250509_060602.wav
3441.0,3444.0,Spizella pusilla,Field Sparrow,0.0145,D:/AcousticMonitoringData/ELDON3_Data/Week18\ELDON3_20250509_060602.wav
3441.0,3444.0,Sturnella magna,Eastern Meadowlark,0.0144,D:/AcousticMonitoringData/ELDON3_Data/Week18\ELDON3_20250509_060602.wav
3447.0,3450.0,Sturnella magna,Eastern Meadowlark,0.2309,D:/AcousticMonitoringData/ELDON3_Data/Week18\ELDON3_20250509_060602.wav
3450.0,3453.0,Bartramia longicauda,Upland Sandpiper,0.0116,D:/AcousticMonitoringData/ELDON3_Data/Week18\ELDON3_20250509_060602.wav
3453.0,3456.0,Sturnella magna,Eastern Meadowlark,0.0243,D:/AcousticMonitoringData/ELDON3_Data/Week18\ELDON3_20250509_060602.wav
3456.0,3459.0,Sturnella magna,Eastern Meadowlark,0.0332,D:/AcousticMonitoringData/ELDON3_Data/Week18\ELDON3_20250509_060602.wav
3459.0,3462.0,Passerina caerulea,Blue Grosbeak,0.0477,D:/AcousticMonitoringData/ELDON3_Data/Week18\ELDON3_20250509_060602.wav
3459.0,3462.0,Sturnella magna,Eastern Meadowlark,0.0303,D:/AcousticMonitoringData/ELDON3_Data/Week18\ELDON3_20250509_060602.wav
3459.0,3462.0,Geothlypis trichas,Common Yellowthroat,0.0191,D:/AcousticMonitoringData/ELDON3_Data/Week18\ELDON3_20250509_060602.wav
3459.0,3462.0,Spizella pusilla,Field Sparrow,0.0136,D:/AcousticMonitoringData/ELDON3_Data/Week18\ELDON3_20250509_060602.wav
3462.0,3465.0,Passerina caerulea,Blue Grosbeak,0.0151,D:/AcousticMonitoringData/ELDON3_Data/Week18\ELDON3_20250509_060602.wav
3462.0,3465.0,Spizella pusilla,Field Sparrow,0.0111,D:/AcousticMonitoringData/ELDON3_Data/Week18\ELDON3_20250509_060602.wav
3465.0,3468.0,Sturnella magna,Eastern Meadowlark,0.4231,D:/AcousticMonitoringData/ELDON3_Data/Week18\ELDON3_20250509_060602.wav
3465.0,3468.0,Bartramia longicauda,Upland Sandpiper,0.0317,D:/AcousticMonitoringData/ELDON3_Data/Week18\ELDON3_20250509_060602.wav
3474.0,3477.0,Sturnella magna,Eastern Meadowlark,0.0369,D:/AcousticMonitoringData/ELDON3_Data/Week18\ELDON3_20250509_060602.wav
3480.0,3483.0,Sturnella magna,Eastern Meadowlark,0.3056,D:/AcousticMonitoringData/ELDON3_Data/Week18\ELDON3_20250509_060602.wav
3480.0,3483.0,Passerina caerulea,Blue Grosbeak,0.0330,D:/AcousticMonitoringData/ELDON3_Data/Week18\ELDON3_20250509_060602.wav
3480.0,3483.0,Spizella pusilla,Field Sparrow,0.0199,D:/AcousticMonitoringData/ELDON3_Data/Week18\ELDON3_20250509_060602.wav
3480.0,3483.0,Geothlypis trichas,Common Yellowthroat,0.0109,D:/AcousticMonitoringData/ELDON3_Data/Week18\ELDON3_20250509_060602.wav
3483.0,3486.0,Sturnella magna,Eastern Meadowlark,0.0917,D:/AcousticMonitoringData/ELDON3_Data/Week18\ELDON3_20250509_060602.wav
3483.0,3486.0,Bartramia longicauda,Upland Sandpiper,0.0323,D:/AcousticMonitoringData/ELDON3_Data/Week18\ELDON3_20250509_060602.wav
3486.0,3489.0,Passerina caerulea,Blue Grosbeak,0.0214,D:/AcousticMonitoringData/ELDON3_Data/Week18\ELDON3_20250509_060602.wav
3489.0,3492.0,Sturnella magna,Eastern Meadowlark,0.1985,D:/AcousticMonitoringData/ELDON3_Data/Week18\ELDON3_20250509_060602.wav
3489.0,3492.0,Bartramia longicauda,Upland Sandpiper,0.0110,D:/AcousticMonitoringData/ELDON3_Data/Week18\ELDON3_20250509_060602.wav
3492.0,3495.0,Sturnella magna,Eastern Meadowlark,0.2168,D:/AcousticMonitoringData/ELDON3_Data/Week18\ELDON3_20250509_060602.wav
3495.0,3498.0,Sturnella magna,Eastern Meadowlark,0.0228,D:/AcousticMonitoringData/ELDON3_Data/Week18\ELDON3_20250509_060602.wav
3498.0,3501.0,Sturnella magna,Eastern Meadowlark,0.3187,D:/AcousticMonitoringData/ELDON3_Data/Week18\ELDON3_20250509_060602.wav
3501.0,3504.0,Sturnella magna,Eastern Meadowlark,0.0250,D:/AcousticMonitoringData/ELDON3_Data/Week18\ELDON3_20250509_060602.wav
3504.0,3507.0,Sturnella magna,Eastern Meadowlark,0.0381,D:/AcousticMonitoringData/ELDON3_Data/Week18\ELDON3_20250509_060602.wav
3507.0,3510.0,Sturnella magna,Eastern Meadowlark,0.0398,D:/AcousticMonitoringData/ELDON3_Data/Week18\ELDON3_20250509_060602.wav
3510.0,3513.0,Sturnella magna,Eastern Meadowlark,0.0390,D:/AcousticMonitoringData/ELDON3_Data/Week18\ELDON3_20250509_060602.wav
3513.0,3516.0,Sturnella magna,Eastern Meadowlark,0.1187,D:/AcousticMonitoringData/ELDON3_Data/Week18\ELDON3_20250509_060602.wav
3519.0,3522.0,Sturnella magna,Eastern Meadowlark,0.0275,D:/AcousticMonitoringData/ELDON3_Data/Week18\ELDON3_20250509_060602.wav
3522.0,3525.0,Sturnella magna,Eastern Meadowlark,0.2779,D:/AcousticMonitoringData/ELDON3_Data/Week18\ELDON3_20250509_060602.wav
3522.0,3525.0,Passerina caerulea,Blue Grosbeak,0.0183,D:/AcousticMonitoringData/ELDON3_Data/Week18\ELDON3_20250509_060602.wav
3522.0,3525.0,Bartramia longicauda,Upland Sandpiper,0.0127,D:/AcousticMonitoringData/ELDON3_Data/Week18\ELDON3_20250509_060602.wav
3522.0,3525.0,Spizella pusilla,Field Sparrow,0.0107,D:/AcousticMonitoringData/ELDON3_Data/Week18\ELDON3_20250509_060602.wav
3525.0,3528.0,Sturnella magna,Eastern Meadowlark,0.0204,D:/AcousticMonitoringData/ELDON3_Data/Week18\ELDON3_20250509_060602.wav
3531.0,3534.0,Sturnella magna,Eastern Meadowlark,0.2694,D:/AcousticMonitoringData/ELDON3_Data/Week18\ELDON3_20250509_060602.wav
3534.0,3537.0,Passerina caerulea,Blue Grosbeak,0.0140,D:/AcousticMonitoringData/ELDON3_Data/Week18\ELDON3_20250509_060602.wav
3537.0,3540.0,Sturnella magna,Eastern Meadowlark,0.0153,D:/AcousticMonitoringData/ELDON3_Data/Week18\ELDON3_20250509_060602.wav
3540.0,3543.0,Sturnella magna,Eastern Meadowlark,0.5201,D:/AcousticMonitoringData/ELDON3_Data/Week18\ELDON3_20250509_060602.wav
3540.0,3543.0,Spizella pusilla,Field Sparrow,0.0291,D:/AcousticMonitoringData/ELDON3_Data/Week18\ELDON3_20250509_060602.wav
3540.0,3543.0,Bartramia longicauda,Upland Sandpiper,0.0122,D:/AcousticMonitoringData/ELDON3_Data/Week18\ELDON3_20250509_060602.wav
3546.0,3549.0,Sturnella magna,Eastern Meadowlark,0.0175,D:/AcousticMonitoringData/ELDON3_Data/Week18\ELDON3_20250509_060602.wav
3549.0,3552.0,Spizella pusilla,Field Sparrow,0.0156,D:/AcousticMonitoringData/ELDON3_Data/Week18\ELDON3_20250509_060602.wav
3549.0,3552.0,Sturnella magna,Eastern Meadowlark,0.0134,D:/AcousticMonitoringData/ELDON3_Data/Week18\ELDON3_20250509_060602.wav
3549.0,3552.0,Bartramia longicauda,Upland Sandpiper,0.0119,D:/AcousticMonitoringData/ELDON3_Data/Week18\ELDON3_20250509_060602.wav
3552.0,3555.0,Sturnella magna,Eastern Meadowlark,0.2248,D:/AcousticMonitoringData/ELDON3_Data/Week18\ELDON3_20250509_060602.wav
3552.0,3555.0,Eremophila alpestris,Horned Lark,0.0101,D:/AcousticMonitoringData/ELDON3_Data/Week18\ELDON3_20250509_060602.wav
3555.0,3558.0,Sturnella magna,Eastern Meadowlark,0.0323,D:/AcousticMonitoringData/ELDON3_Data/Week18\ELDON3_20250509_060602.wav
3558.0,3561.0,Sturnella magna,Eastern Meadowlark,0.1028,D:/AcousticMonitoringData/ELDON3_Data/Week18\ELDON3_20250509_060602.wav
3558.0,3561.0,Passerina caerulea,Blue Grosbeak,0.0167,D:/AcousticMonitoringData/ELDON3_Data/Week18\ELDON3_20250509_060602.wav
3561.0,3564.0,Sturnella magna,Eastern Meadowlark,0.0641,D:/AcousticMonitoringData/ELDON3_Data/Week18\ELDON3_20250509_060602.wav
3561.0,3564.0,Spizella pusilla,Field Sparrow,0.0143,D:/AcousticMonitoringData/ELDON3_Data/Week18\ELDON3_20250509_060602.wav
3561.0,3564.0,Passerina caerulea,Blue Grosbeak,0.0127,D:/AcousticMonitoringData/ELDON3_Data/Week18\ELDON3_20250509_060602.wav
3567.0,3570.0,Sturnella magna,Eastern Meadowlark,0.1224,D:/AcousticMonitoringData/ELDON3_Data/Week18\ELDON3_20250509_060602.wav
3567.0,3570.0,Passerina caerulea,Blue Grosbeak,0.0129,D:/AcousticMonitoringData/ELDON3_Data/Week18\ELDON3_20250509_060602.wav
3582.0,3585.0,Passerina caerulea,Blue Grosbeak,0.0117,D:/AcousticMonitoringData/ELDON3_Data/Week18\ELDON3_20250509_060602.wav
3582.0,3585.0,Sturnella magna,Eastern Meadowlark,0.0108,D:/AcousticMonitoringData/ELDON3_Data/Week18\ELDON3_20250509_060602.wav
3585.0,3588.0,Sturnella magna,Eastern Meadowlark,0.0582,D:/AcousticMonitoringData/ELDON3_Data/Week18\ELDON3_20250509_060602.wav
3588.0,3591.0,Sturnella magna,Eastern Meadowlark,0.3399,D:/AcousticMonitoringData/ELDON3_Data/Week18\ELDON3_20250509_060602.wav
3588.0,3591.0,Bartramia longicauda,Upland Sandpiper,0.0340,D:/AcousticMonitoringData/ELDON3_Data/Week18\ELDON3_20250509_060602.wav
3588.0,3591.0,Passerina caerulea,Blue Grosbeak,0.0119,D:/AcousticMonitoringData/ELDON3_Data/Week18\ELDON3_20250509_060602.wav
3591.0,3594.0,Sturnella magna,Eastern Meadowlark,0.0153,D:/AcousticMonitoringData/ELDON3_Data/Week18\ELDON3_20250509_060602.wav
3594.0,3597.0,Sturnella magna,Eastern Meadowlark,0.0359,D:/AcousticMonitoringData/ELDON3_Data/Week18\ELDON3_20250509_060602.wav
3594.0,3597.0,Bartramia longicauda,Upland Sandpiper,0.0356,D:/AcousticMonitoringData/ELDON3_Data/Week18\ELDON3_20250509_060602.wav
3600.0,3603.0,Sturnella magna,Eastern Meadowlark,0.1249,D:/AcousticMonitoringData/ELDON3_Data/Week18\ELDON3_20250509_060602.wav
