Start (s),End (s),Scientific name,Common name,Confidence,File
39.0,42.0,Spizella pusilla,Field Sparrow,0.0666,D:\AcousticMonitoringData\ELDON3_Data\Week21\ELDON3_20250606_193400.wav
60.0,63.0,Geothlypis trichas,Common Yellowthroat,0.0623,D:\AcousticMonitoringData\ELDON3_Data\Week21\ELDON3_20250606_193400.wav
60.0,63.0,Spizella pusilla,Field Sparrow,0.0525,D:\AcousticMonitoringData\ELDON3_Data\Week21\ELDON3_20250606_193400.wav
75.0,78.0,Geothlypis trichas,Common Yellowthroat,0.0678,D:\AcousticMonitoringData\ELDON3_Data\Week21\ELDON3_20250606_193400.wav
105.0,108.0,Spizella pusilla,Field Sparrow,0.0604,D:\AcousticMonitoringData\ELDON3_Data\Week21\ELDON3_20250606_193400.wav
126.0,129.0,Geothlypis trichas,Common Yellowthroat,0.1965,D:\AcousticMonitoringData\ELDON3_Data\Week21\ELDON3_20250606_193400.wav
132.0,135.0,Geothlypis trichas,Common Yellowthroat,0.0715,D:\AcousticMonitoringData\ELDON3_Data\Week21\ELDON3_20250606_193400.wav
192.0,195.0,Geothlypis trichas,Common Yellowthroat,0.1901,D:\AcousticMonitoringData\ELDON3_Data\Week21\ELDON3_20250606_193400.wav
195.0,198.0,Geothlypis trichas,Common Yellowthroat,0.0978,D:\AcousticMonitoringData\ELDON3_Data\Week21\ELDON3_20250606_193400.wav
201.0,204.0,Geothlypis trichas,Common Yellowthroat,0.1784,D:\AcousticMonitoringData\ELDON3_Data\Week21\ELDON3_20250606_193400.wav
204.0,207.0,Geothlypis trichas,Common Yellowthroat,0.2850,D:\AcousticMonitoringData\ELDON3_Data\Week21\ELDON3_20250606_193400.wav
231.0,234.0,Spizella pusilla,Field Sparrow,0.0614,D:\AcousticMonitoringData\ELDON3_Data\Week21\ELDON3_20250606_193400.wav
243.0,246.0,Geothlypis trichas,Common Yellowthroat,0.0566,D:\AcousticMonitoringData\ELDON3_Data\Week21\ELDON3_20250606_193400.wav
258.0,261.0,Passerina caerulea,Blue Grosbeak,0.0709,D:\AcousticMonitoringData\ELDON3_Data\Week21\ELDON3_20250606_193400.wav
258.0,261.0,Spizella pusilla,Field Sparrow,0.0529,D:\AcousticMonitoringData\ELDON3_Data\Week21\ELDON3_20250606_193400.wav
267.0,270.0,Geothlypis trichas,Common Yellowthroat,0.0917,D:\AcousticMonitoringData\ELDON3_Data\Week21\ELDON3_20250606_193400.wav
279.0,282.0,Spizella pusilla,Field Sparrow,0.0572,D:\AcousticMonitoringData\ELDON3_Data\Week21\ELDON3_20250606_193400.wav
300.0,303.0,Spizella pusilla,Field Sparrow,0.0521,D:\AcousticMonitoringData\ELDON3_Data\Week21\ELDON3_20250606_193400.wav
312.0,315.0,Geothlypis trichas,Common Yellowthroat,0.0502,D:\AcousticMonitoringData\ELDON3_Data\Week21\ELDON3_20250606_193400.wav
318.0,321.0,Passerina caerulea,Blue Grosbeak,0.0553,D:\AcousticMonitoringData\ELDON3_Data\Week21\ELDON3_20250606_193400.wav
336.0,339.0,Geothlypis trichas,Common Yellowthroat,0.0622,D:\AcousticMonitoringData\ELDON3_Data\Week21\ELDON3_20250606_193400.wav
339.0,342.0,Passerina caerulea,Blue Grosbeak,0.0996,D:\AcousticMonitoringData\ELDON3_Data\Week21\ELDON3_20250606_193400.wav
348.0,351.0,Passerina caerulea,Blue Grosbeak,0.0711,D:\AcousticMonitoringData\ELDON3_Data\Week21\ELDON3_20250606_193400.wav
348.0,351.0,Spizella pusilla,Field Sparrow,0.0513,D:\AcousticMonitoringData\ELDON3_Data\Week21\ELDON3_20250606_193400.wav
354.0,357.0,Geothlypis trichas,Common Yellowthroat,0.0558,D:\AcousticMonitoringData\ELDON3_Data\Week21\ELDON3_20250606_193400.wav
357.0,360.0,Geothlypis trichas,Common Yellowthroat,0.0606,D:\AcousticMonitoringData\ELDON3_Data\Week21\ELDON3_20250606_193400.wav
363.0,366.0,Geothlypis trichas,Common Yellowthroat,0.1792,D:\AcousticMonitoringData\ELDON3_Data\Week21\ELDON3_20250606_193400.wav
372.0,375.0,Geothlypis trichas,Common Yellowthroat,0.0686,D:\AcousticMonitoringData\ELDON3_Data\Week21\ELDON3_20250606_193400.wav
378.0,381.0,Geothlypis trichas,Common Yellowthroat,0.0621,D:\AcousticMonitoringData\ELDON3_Data\Week21\ELDON3_20250606_193400.wav
381.0,384.0,Geothlypis trichas,Common Yellowthroat,0.0851,D:\AcousticMonitoringData\ELDON3_Data\Week21\ELDON3_20250606_193400.wav
393.0,396.0,Geothlypis trichas,Common Yellowthroat,0.0557,D:\AcousticMonitoringData\ELDON3_Data\Week21\ELDON3_20250606_193400.wav
396.0,399.0,Geothlypis trichas,Common Yellowthroat,0.0525,D:\AcousticMonitoringData\ELDON3_Data\Week21\ELDON3_20250606_193400.wav
405.0,408.0,Passerina caerulea,Blue Grosbeak,0.0541,D:\AcousticMonitoringData\ELDON3_Data\Week21\ELDON3_20250606_193400.wav
411.0,414.0,Spizella pusilla,Field Sparrow,0.1117,D:\AcousticMonitoringData\ELDON3_Data\Week21\ELDON3_20250606_193400.wav
444.0,447.0,Spizella pusilla,Field Sparrow,0.3649,D:\AcousticMonitoringData\ELDON3_Data\Week21\ELDON3_20250606_193400.wav
468.0,471.0,Geothlypis trichas,Common Yellowthroat,0.0536,D:\AcousticMonitoringData\ELDON3_Data\Week21\ELDON3_20250606_193400.wav
474.0,477.0,Geothlypis trichas,Common Yellowthroat,0.2724,D:\AcousticMonitoringData\ELDON3_Data\Week21\ELDON3_20250606_193400.wav
489.0,492.0,Sturnella magna,Eastern Meadowlark,0.0849,D:\AcousticMonitoringData\ELDON3_Data\Week21\ELDON3_20250606_193400.wav
489.0,492.0,Geothlypis trichas,Common Yellowthroat,0.0741,D:\AcousticMonitoringData\ELDON3_Data\Week21\ELDON3_20250606_193400.wav
495.0,498.0,Geothlypis trichas,Common Yellowthroat,0.1092,D:\AcousticMonitoringData\ELDON3_Data\Week21\ELDON3_20250606_193400.wav
498.0,501.0,Geothlypis trichas,Common Yellowthroat,0.0706,D:\AcousticMonitoringData\ELDON3_Data\Week21\ELDON3_20250606_193400.wav
510.0,513.0,Sturnella magna,Eastern Meadowlark,0.8317,D:\AcousticMonitoringData\ELDON3_Data\Week21\ELDON3_20250606_193400.wav
510.0,513.0,Geothlypis trichas,Common Yellowthroat,0.0947,D:\AcousticMonitoringData\ELDON3_Data\Week21\ELDON3_20250606_193400.wav
513.0,516.0,Sturnella magna,Eastern Meadowlark,0.1459,D:\AcousticMonitoringData\ELDON3_Data\Week21\ELDON3_20250606_193400.wav
513.0,516.0,Passerina caerulea,Blue Grosbeak,0.0699,D:\AcousticMonitoringData\ELDON3_Data\Week21\ELDON3_20250606_193400.wav
522.0,525.0,Sturnella magna,Eastern Meadowlark,0.4357,D:\AcousticMonitoringData\ELDON3_Data\Week21\ELDON3_20250606_193400.wav
522.0,525.0,Geothlypis trichas,Common Yellowthroat,0.1313,D:\AcousticMonitoringData\ELDON3_Data\Week21\ELDON3_20250606_193400.wav
525.0,528.0,Sturnella magna,Eastern Meadowlark,0.4173,D:\AcousticMonitoringData\ELDON3_Data\Week21\ELDON3_20250606_193400.wav
534.0,537.0,Geothlypis trichas,Common Yellowthroat,0.1034,D:\AcousticMonitoringData\ELDON3_Data\Week21\ELDON3_20250606_193400.wav
534.0,537.0,Spizella pusilla,Field Sparrow,0.0520,D:\AcousticMonitoringData\ELDON3_Data\Week21\ELDON3_20250606_193400.wav
537.0,540.0,Sturnella magna,Eastern Meadowlark,0.2053,D:\AcousticMonitoringData\ELDON3_Data\Week21\ELDON3_20250606_193400.wav
537.0,540.0,Spizella pusilla,Field Sparrow,0.0889,D:\AcousticMonitoringData\ELDON3_Data\Week21\ELDON3_20250606_193400.wav
540.0,543.0,Geothlypis trichas,Common Yellowthroat,0.1063,D:\AcousticMonitoringData\ELDON3_Data\Week21\ELDON3_20250606_193400.wav
546.0,549.0,Sturnella magna,Eastern Meadowlark,0.1540,D:\AcousticMonitoringData\ELDON3_Data\Week21\ELDON3_20250606_193400.wav
552.0,555.0,Sturnella magna,Eastern Meadowlark,0.3322,D:\AcousticMonitoringData\ELDON3_Data\Week21\ELDON3_20250606_193400.wav
555.0,558.0,Geothlypis trichas,Common Yellowthroat,0.0657,D:\AcousticMonitoringData\ELDON3_Data\Week21\ELDON3_20250606_193400.wav
558.0,561.0,Geothlypis trichas,Common Yellowthroat,0.1399,D:\AcousticMonitoringData\ELDON3_Data\Week21\ELDON3_20250606_193400.wav
564.0,567.0,Geothlypis trichas,Common Yellowthroat,0.1638,D:\AcousticMonitoringData\ELDON3_Data\Week21\ELDON3_20250606_193400.wav
564.0,567.0,Sturnella magna,Eastern Meadowlark,0.0931,D:\AcousticMonitoringData\ELDON3_Data\Week21\ELDON3_20250606_193400.wav
567.0,570.0,Sturnella magna,Eastern Meadowlark,0.1002,D:\AcousticMonitoringData\ELDON3_Data\Week21\ELDON3_20250606_193400.wav
570.0,573.0,Geothlypis trichas,Common Yellowthroat,0.0778,D:\AcousticMonitoringData\ELDON3_Data\Week21\ELDON3_20250606_193400.wav
573.0,576.0,Geothlypis trichas,Common Yellowthroat,0.0629,D:\AcousticMonitoringData\ELDON3_Data\Week21\ELDON3_20250606_193400.wav
576.0,579.0,Sturnella magna,Eastern Meadowlark,0.3546,D:\AcousticMonitoringData\ELDON3_Data\Week21\ELDON3_20250606_193400.wav
582.0,585.0,Spizella pusilla,Field Sparrow,0.2421,D:\AcousticMonitoringData\ELDON3_Data\Week21\ELDON3_20250606_193400.wav
585.0,588.0,Sturnella magna,Eastern Meadowlark,0.1074,D:\AcousticMonitoringData\ELDON3_Data\Week21\ELDON3_20250606_193400.wav
588.0,591.0,Geothlypis trichas,Common Yellowthroat,0.1477,D:\AcousticMonitoringData\ELDON3_Data\Week21\ELDON3_20250606_193400.wav
591.0,594.0,Geothlypis trichas,Common Yellowthroat,0.0955,D:\AcousticMonitoringData\ELDON3_Data\Week21\ELDON3_20250606_193400.wav
597.0,600.0,Geothlypis trichas,Common Yellowthroat,0.0965,D:\AcousticMonitoringData\ELDON3_Data\Week21\ELDON3_20250606_193400.wav
603.0,606.0,Geothlypis trichas,Common Yellowthroat,0.2441,D:\AcousticMonitoringData\ELDON3_Data\Week21\ELDON3_20250606_193400.wav
603.0,606.0,Passerina caerulea,Blue Grosbeak,0.0606,D:\AcousticMonitoringData\ELDON3_Data\Week21\ELDON3_20250606_193400.wav
606.0,609.0,Spizella pusilla,Field Sparrow,0.3345,D:\AcousticMonitoringData\ELDON3_Data\Week21\ELDON3_20250606_193400.wav
609.0,612.0,Spizella pusilla,Field Sparrow,0.1040,D:\AcousticMonitoringData\ELDON3_Data\Week21\ELDON3_20250606_193400.wav
609.0,612.0,Sturnella magna,Eastern Meadowlark,0.0829,D:\AcousticMonitoringData\ELDON3_Data\Week21\ELDON3_20250606_193400.wav
612.0,615.0,Geothlypis trichas,Common Yellowthroat,0.1638,D:\AcousticMonitoringData\ELDON3_Data\Week21\ELDON3_20250606_193400.wav
624.0,627.0,Sturnella magna,Eastern Meadowlark,0.1111,D:\AcousticMonitoringData\ELDON3_Data\Week21\ELDON3_20250606_193400.wav
624.0,627.0,Geothlypis trichas,Common Yellowthroat,0.1093,D:\AcousticMonitoringData\ELDON3_Data\Week21\ELDON3_20250606_193400.wav
633.0,636.0,Spizella pusilla,Field Sparrow,0.1848,D:\AcousticMonitoringData\ELDON3_Data\Week21\ELDON3_20250606_193400.wav
636.0,639.0,Sturnella magna,Eastern Meadowlark,0.1434,D:\AcousticMonitoringData\ELDON3_Data\Week21\ELDON3_20250606_193400.wav
639.0,642.0,Geothlypis trichas,Common Yellowthroat,0.0799,D:\AcousticMonitoringData\ELDON3_Data\Week21\ELDON3_20250606_193400.wav
651.0,654.0,Geothlypis trichas,Common Yellowthroat,0.0798,D:\AcousticMonitoringData\ELDON3_Data\Week21\ELDON3_20250606_193400.wav
663.0,666.0,Geothlypis trichas,Common Yellowthroat,0.2378,D:\AcousticMonitoringData\ELDON3_Data\Week21\ELDON3_20250606_193400.wav
666.0,669.0,Geothlypis trichas,Common Yellowthroat,0.1022,D:\AcousticMonitoringData\ELDON3_Data\Week21\ELDON3_20250606_193400.wav
669.0,672.0,Geothlypis trichas,Common Yellowthroat,0.0904,D:\AcousticMonitoringData\ELDON3_Data\Week21\ELDON3_20250606_193400.wav
672.0,675.0,Geothlypis trichas,Common Yellowthroat,0.0608,D:\AcousticMonitoringData\ELDON3_Data\Week21\ELDON3_20250606_193400.wav
675.0,678.0,Geothlypis trichas,Common Yellowthroat,0.1354,D:\AcousticMonitoringData\ELDON3_Data\Week21\ELDON3_20250606_193400.wav
681.0,684.0,Geothlypis trichas,Common Yellowthroat,0.1462,D:\AcousticMonitoringData\ELDON3_Data\Week21\ELDON3_20250606_193400.wav
684.0,687.0,Geothlypis trichas,Common Yellowthroat,0.0506,D:\AcousticMonitoringData\ELDON3_Data\Week21\ELDON3_20250606_193400.wav
693.0,696.0,Sturnella magna,Eastern Meadowlark,0.1227,D:\AcousticMonitoringData\ELDON3_Data\Week21\ELDON3_20250606_193400.wav
693.0,696.0,Geothlypis trichas,Common Yellowthroat,0.1111,D:\AcousticMonitoringData\ELDON3_Data\Week21\ELDON3_20250606_193400.wav
705.0,708.0,Geothlypis trichas,Common Yellowthroat,0.0675,D:\AcousticMonitoringData\ELDON3_Data\Week21\ELDON3_20250606_193400.wav
705.0,708.0,Spizella pusilla,Field Sparrow,0.0574,D:\AcousticMonitoringData\ELDON3_Data\Week21\ELDON3_20250606_193400.wav
708.0,711.0,Sturnella magna,Eastern Meadowlark,0.1119,D:\AcousticMonitoringData\ELDON3_Data\Week21\ELDON3_20250606_193400.wav
711.0,714.0,Sturnella magna,Eastern Meadowlark,0.0717,D:\AcousticMonitoringData\ELDON3_Data\Week21\ELDON3_20250606_193400.wav
717.0,720.0,Geothlypis trichas,Common Yellowthroat,0.0570,D:\AcousticMonitoringData\ELDON3_Data\Week21\ELDON3_20250606_193400.wav
720.0,723.0,Geothlypis trichas,Common Yellowthroat,0.0693,D:\AcousticMonitoringData\ELDON3_Data\Week21\ELDON3_20250606_193400.wav
723.0,726.0,Sturnella magna,Eastern Meadowlark,0.1018,D:\AcousticMonitoringData\ELDON3_Data\Week21\ELDON3_20250606_193400.wav
723.0,726.0,Geothlypis trichas,Common Yellowthroat,0.0637,D:\AcousticMonitoringData\ELDON3_Data\Week21\ELDON3_20250606_193400.wav
726.0,729.0,Sturnella magna,Eastern Meadowlark,0.2038,D:\AcousticMonitoringData\ELDON3_Data\Week21\ELDON3_20250606_193400.wav
735.0,738.0,Geothlypis trichas,Common Yellowthroat,0.0704,D:\AcousticMonitoringData\ELDON3_Data\Week21\ELDON3_20250606_193400.wav
738.0,741.0,Sturnella magna,Eastern Meadowlark,0.1644,D:\AcousticMonitoringData\ELDON3_Data\Week21\ELDON3_20250606_193400.wav
744.0,747.0,Geothlypis trichas,Common Yellowthroat,0.1070,D:\AcousticMonitoringData\ELDON3_Data\Week21\ELDON3_20250606_193400.wav
747.0,750.0,Geothlypis trichas,Common Yellowthroat,0.0953,D:\AcousticMonitoringData\ELDON3_Data\Week21\ELDON3_20250606_193400.wav
753.0,756.0,Sturnella magna,Eastern Meadowlark,0.4264,D:\AcousticMonitoringData\ELDON3_Data\Week21\ELDON3_20250606_193400.wav
756.0,759.0,Geothlypis trichas,Common Yellowthroat,0.1733,D:\AcousticMonitoringData\ELDON3_Data\Week21\ELDON3_20250606_193400.wav
759.0,762.0,Sturnella magna,Eastern Meadowlark,0.1404,D:\AcousticMonitoringData\ELDON3_Data\Week21\ELDON3_20250606_193400.wav
759.0,762.0,Geothlypis trichas,Common Yellowthroat,0.0762,D:\AcousticMonitoringData\ELDON3_Data\Week21\ELDON3_20250606_193400.wav
762.0,765.0,Geothlypis trichas,Common Yellowthroat,0.0721,D:\AcousticMonitoringData\ELDON3_Data\Week21\ELDON3_20250606_193400.wav
765.0,768.0,Sturnella magna,Eastern Meadowlark,0.0963,D:\AcousticMonitoringData\ELDON3_Data\Week21\ELDON3_20250606_193400.wav
768.0,771.0,Geothlypis trichas,Common Yellowthroat,0.2820,D:\AcousticMonitoringData\ELDON3_Data\Week21\ELDON3_20250606_193400.wav
771.0,774.0,Geothlypis trichas,Common Yellowthroat,0.0643,D:\AcousticMonitoringData\ELDON3_Data\Week21\ELDON3_20250606_193400.wav
774.0,777.0,Sturnella magna,Eastern Meadowlark,0.2109,D:\AcousticMonitoringData\ELDON3_Data\Week21\ELDON3_20250606_193400.wav
780.0,783.0,Geothlypis trichas,Common Yellowthroat,0.0739,D:\AcousticMonitoringData\ELDON3_Data\Week21\ELDON3_20250606_193400.wav
786.0,789.0,Sturnella magna,Eastern Meadowlark,0.3573,D:\AcousticMonitoringData\ELDON3_Data\Week21\ELDON3_20250606_193400.wav
795.0,798.0,Sturnella magna,Eastern Meadowlark,0.0650,D:\AcousticMonitoringData\ELDON3_Data\Week21\ELDON3_20250606_193400.wav
798.0,801.0,Geothlypis trichas,Common Yellowthroat,0.0927,D:\AcousticMonitoringData\ELDON3_Data\Week21\ELDON3_20250606_193400.wav
798.0,801.0,Passerina caerulea,Blue Grosbeak,0.0507,D:\AcousticMonitoringData\ELDON3_Data\Week21\ELDON3_20250606_193400.wav
801.0,804.0,Geothlypis trichas,Common Yellowthroat,0.0971,D:\AcousticMonitoringData\ELDON3_Data\Week21\ELDON3_20250606_193400.wav
804.0,807.0,Sturnella magna,Eastern Meadowlark,0.2179,D:\AcousticMonitoringData\ELDON3_Data\Week21\ELDON3_20250606_193400.wav
804.0,807.0,Geothlypis trichas,Common Yellowthroat,0.0517,D:\AcousticMonitoringData\ELDON3_Data\Week21\ELDON3_20250606_193400.wav
810.0,813.0,Sturnella magna,Eastern Meadowlark,0.2586,D:\AcousticMonitoringData\ELDON3_Data\Week21\ELDON3_20250606_193400.wav
819.0,822.0,Geothlypis trichas,Common Yellowthroat,0.1838,D:\AcousticMonitoringData\ELDON3_Data\Week21\ELDON3_20250606_193400.wav
825.0,828.0,Sturnella magna,Eastern Meadowlark,0.1165,D:\AcousticMonitoringData\ELDON3_Data\Week21\ELDON3_20250606_193400.wav
828.0,831.0,Geothlypis trichas,Common Yellowthroat,0.2108,D:\AcousticMonitoringData\ELDON3_Data\Week21\ELDON3_20250606_193400.wav
831.0,834.0,Geothlypis trichas,Common Yellowthroat,0.0704,D:\AcousticMonitoringData\ELDON3_Data\Week21\ELDON3_20250606_193400.wav
837.0,840.0,Sturnella magna,Eastern Meadowlark,0.2729,D:\AcousticMonitoringData\ELDON3_Data\Week21\ELDON3_20250606_193400.wav
840.0,843.0,Sturnella magna,Eastern Meadowlark,0.0584,D:\AcousticMonitoringData\ELDON3_Data\Week21\ELDON3_20250606_193400.wav
843.0,846.0,Geothlypis trichas,Common Yellowthroat,0.1334,D:\AcousticMonitoringData\ELDON3_Data\Week21\ELDON3_20250606_193400.wav
849.0,852.0,Spizella pusilla,Field Sparrow,0.0546,D:\AcousticMonitoringData\ELDON3_Data\Week21\ELDON3_20250606_193400.wav
852.0,855.0,Geothlypis trichas,Common Yellowthroat,0.0741,D:\AcousticMonitoringData\ELDON3_Data\Week21\ELDON3_20250606_193400.wav
861.0,864.0,Geothlypis trichas,Common Yellowthroat,0.0931,D:\AcousticMonitoringData\ELDON3_Data\Week21\ELDON3_20250606_193400.wav
891.0,894.0,Geothlypis trichas,Common Yellowthroat,0.0588,D:\AcousticMonitoringData\ELDON3_Data\Week21\ELDON3_20250606_193400.wav
900.0,903.0,Geothlypis trichas,Common Yellowthroat,0.1437,D:\AcousticMonitoringData\ELDON3_Data\Week21\ELDON3_20250606_193400.wav
909.0,912.0,Geothlypis trichas,Common Yellowthroat,0.1683,D:\AcousticMonitoringData\ELDON3_Data\Week21\ELDON3_20250606_193400.wav
912.0,915.0,Geothlypis trichas,Common Yellowthroat,0.3242,D:\AcousticMonitoringData\ELDON3_Data\Week21\ELDON3_20250606_193400.wav
918.0,921.0,Sturnella magna,Eastern Meadowlark,0.0692,D:\AcousticMonitoringData\ELDON3_Data\Week21\ELDON3_20250606_193400.wav
921.0,924.0,Spizella pusilla,Field Sparrow,0.0711,D:\AcousticMonitoringData\ELDON3_Data\Week21\ELDON3_20250606_193400.wav
921.0,924.0,Geothlypis trichas,Common Yellowthroat,0.0519,D:\AcousticMonitoringData\ELDON3_Data\Week21\ELDON3_20250606_193400.wav
924.0,927.0,Geothlypis trichas,Common Yellowthroat,0.2260,D:\AcousticMonitoringData\ELDON3_Data\Week21\ELDON3_20250606_193400.wav
936.0,939.0,Geothlypis trichas,Common Yellowthroat,0.0502,D:\AcousticMonitoringData\ELDON3_Data\Week21\ELDON3_20250606_193400.wav
951.0,954.0,Geothlypis trichas,Common Yellowthroat,0.0726,D:\AcousticMonitoringData\ELDON3_Data\Week21\ELDON3_20250606_193400.wav
957.0,960.0,Geothlypis trichas,Common Yellowthroat,0.0729,D:\AcousticMonitoringData\ELDON3_Data\Week21\ELDON3_20250606_193400.wav
963.0,966.0,Geothlypis trichas,Common Yellowthroat,0.0836,D:\AcousticMonitoringData\ELDON3_Data\Week21\ELDON3_20250606_193400.wav
969.0,972.0,Geothlypis trichas,Common Yellowthroat,0.1924,D:\AcousticMonitoringData\ELDON3_Data\Week21\ELDON3_20250606_193400.wav
972.0,975.0,Geothlypis trichas,Common Yellowthroat,0.1124,D:\AcousticMonitoringData\ELDON3_Data\Week21\ELDON3_20250606_193400.wav
975.0,978.0,Geothlypis trichas,Common Yellowthroat,0.0892,D:\AcousticMonitoringData\ELDON3_Data\Week21\ELDON3_20250606_193400.wav
984.0,987.0,Geothlypis trichas,Common Yellowthroat,0.0514,D:\AcousticMonitoringData\ELDON3_Data\Week21\ELDON3_20250606_193400.wav
987.0,990.0,Geothlypis trichas,Common Yellowthroat,0.0649,D:\AcousticMonitoringData\ELDON3_Data\Week21\ELDON3_20250606_193400.wav
990.0,993.0,Geothlypis trichas,Common Yellowthroat,0.1085,D:\AcousticMonitoringData\ELDON3_Data\Week21\ELDON3_20250606_193400.wav
993.0,996.0,Spizella pusilla,Field Sparrow,0.0818,D:\AcousticMonitoringData\ELDON3_Data\Week21\ELDON3_20250606_193400.wav
1008.0,1011.0,Geothlypis trichas,Common Yellowthroat,0.0839,D:\AcousticMonitoringData\ELDON3_Data\Week21\ELDON3_20250606_193400.wav
1017.0,1020.0,Geothlypis trichas,Common Yellowthroat,0.0564,D:\AcousticMonitoringData\ELDON3_Data\Week21\ELDON3_20250606_193400.wav
1020.0,1023.0,Geothlypis trichas,Common Yellowthroat,0.1523,D:\AcousticMonitoringData\ELDON3_Data\Week21\ELDON3_20250606_193400.wav
1026.0,1029.0,Geothlypis trichas,Common Yellowthroat,0.1568,D:\AcousticMonitoringData\ELDON3_Data\Week21\ELDON3_20250606_193400.wav
1044.0,1047.0,Geothlypis trichas,Common Yellowthroat,0.0707,D:\AcousticMonitoringData\ELDON3_Data\Week21\ELDON3_20250606_193400.wav
1068.0,1071.0,Passerina caerulea,Blue Grosbeak,0.0734,D:\AcousticMonitoringData\ELDON3_Data\Week21\ELDON3_20250606_193400.wav
1071.0,1074.0,Geothlypis trichas,Common Yellowthroat,0.0817,D:\AcousticMonitoringData\ELDON3_Data\Week21\ELDON3_20250606_193400.wav
1080.0,1083.0,Geothlypis trichas,Common Yellowthroat,0.2398,D:\AcousticMonitoringData\ELDON3_Data\Week21\ELDON3_20250606_193400.wav
1083.0,1086.0,Geothlypis trichas,Common Yellowthroat,0.1344,D:\AcousticMonitoringData\ELDON3_Data\Week21\ELDON3_20250606_193400.wav
1083.0,1086.0,Spizella pusilla,Field Sparrow,0.0671,D:\AcousticMonitoringData\ELDON3_Data\Week21\ELDON3_20250606_193400.wav
1089.0,1092.0,Geothlypis trichas,Common Yellowthroat,0.1476,D:\AcousticMonitoringData\ELDON3_Data\Week21\ELDON3_20250606_193400.wav
1092.0,1095.0,Spizella pusilla,Field Sparrow,0.3193,D:\AcousticMonitoringData\ELDON3_Data\Week21\ELDON3_20250606_193400.wav
1098.0,1101.0,Geothlypis trichas,Common Yellowthroat,0.1543,D:\AcousticMonitoringData\ELDON3_Data\Week21\ELDON3_20250606_193400.wav
1101.0,1104.0,Geothlypis trichas,Common Yellowthroat,0.0905,D:\AcousticMonitoringData\ELDON3_Data\Week21\ELDON3_20250606_193400.wav
1104.0,1107.0,Geothlypis trichas,Common Yellowthroat,0.1107,D:\AcousticMonitoringData\ELDON3_Data\Week21\ELDON3_20250606_193400.wav
1107.0,1110.0,Spizella pusilla,Field Sparrow,0.1018,D:\AcousticMonitoringData\ELDON3_Data\Week21\ELDON3_20250606_193400.wav
1113.0,1116.0,Geothlypis trichas,Common Yellowthroat,0.1023,D:\AcousticMonitoringData\ELDON3_Data\Week21\ELDON3_20250606_193400.wav
1119.0,1122.0,Geothlypis trichas,Common Yellowthroat,0.0857,D:\AcousticMonitoringData\ELDON3_Data\Week21\ELDON3_20250606_193400.wav
1122.0,1125.0,Geothlypis trichas,Common Yellowthroat,0.0993,D:\AcousticMonitoringData\ELDON3_Data\Week21\ELDON3_20250606_193400.wav
1125.0,1128.0,Geothlypis trichas,Common Yellowthroat,0.0981,D:\AcousticMonitoringData\ELDON3_Data\Week21\ELDON3_20250606_193400.wav
1128.0,1131.0,Geothlypis trichas,Common Yellowthroat,0.0710,D:\AcousticMonitoringData\ELDON3_Data\Week21\ELDON3_20250606_193400.wav
1131.0,1134.0,Sturnella magna,Eastern Meadowlark,0.1460,D:\AcousticMonitoringData\ELDON3_Data\Week21\ELDON3_20250606_193400.wav
1134.0,1137.0,Geothlypis trichas,Common Yellowthroat,0.0913,D:\AcousticMonitoringData\ELDON3_Data\Week21\ELDON3_20250606_193400.wav
1137.0,1140.0,Geothlypis trichas,Common Yellowthroat,0.0741,D:\AcousticMonitoringData\ELDON3_Data\Week21\ELDON3_20250606_193400.wav
1140.0,1143.0,Sturnella magna,Eastern Meadowlark,0.2197,D:\AcousticMonitoringData\ELDON3_Data\Week21\ELDON3_20250606_193400.wav
1140.0,1143.0,Geothlypis trichas,Common Yellowthroat,0.0771,D:\AcousticMonitoringData\ELDON3_Data\Week21\ELDON3_20250606_193400.wav
1143.0,1146.0,Geothlypis trichas,Common Yellowthroat,0.0571,D:\AcousticMonitoringData\ELDON3_Data\Week21\ELDON3_20250606_193400.wav
1146.0,1149.0,Geothlypis trichas,Common Yellowthroat,0.3555,D:\AcousticMonitoringData\ELDON3_Data\Week21\ELDON3_20250606_193400.wav
1149.0,1152.0,Geothlypis trichas,Common Yellowthroat,0.1304,D:\AcousticMonitoringData\ELDON3_Data\Week21\ELDON3_20250606_193400.wav
1155.0,1158.0,Geothlypis trichas,Common Yellowthroat,0.0632,D:\AcousticMonitoringData\ELDON3_Data\Week21\ELDON3_20250606_193400.wav
1155.0,1158.0,Sturnella magna,Eastern Meadowlark,0.0599,D:\AcousticMonitoringData\ELDON3_Data\Week21\ELDON3_20250606_193400.wav
1158.0,1161.0,Geothlypis trichas,Common Yellowthroat,0.0752,D:\AcousticMonitoringData\ELDON3_Data\Week21\ELDON3_20250606_193400.wav
1161.0,1164.0,Geothlypis trichas,Common Yellowthroat,0.1634,D:\AcousticMonitoringData\ELDON3_Data\Week21\ELDON3_20250606_193400.wav
1170.0,1173.0,Passerina caerulea,Blue Grosbeak,0.0514,D:\AcousticMonitoringData\ELDON3_Data\Week21\ELDON3_20250606_193400.wav
1173.0,1176.0,Geothlypis trichas,Common Yellowthroat,0.0613,D:\AcousticMonitoringData\ELDON3_Data\Week21\ELDON3_20250606_193400.wav
1176.0,1179.0,Geothlypis trichas,Common Yellowthroat,0.0849,D:\AcousticMonitoringData\ELDON3_Data\Week21\ELDON3_20250606_193400.wav
1179.0,1182.0,Geothlypis trichas,Common Yellowthroat,0.0959,D:\AcousticMonitoringData\ELDON3_Data\Week21\ELDON3_20250606_193400.wav
1182.0,1185.0,Geothlypis trichas,Common Yellowthroat,0.0750,D:\AcousticMonitoringData\ELDON3_Data\Week21\ELDON3_20250606_193400.wav
1185.0,1188.0,Sturnella magna,Eastern Meadowlark,0.1961,D:\AcousticMonitoringData\ELDON3_Data\Week21\ELDON3_20250606_193400.wav
1185.0,1188.0,Geothlypis trichas,Common Yellowthroat,0.0797,D:\AcousticMonitoringData\ELDON3_Data\Week21\ELDON3_20250606_193400.wav
1188.0,1191.0,Geothlypis trichas,Common Yellowthroat,0.0645,D:\AcousticMonitoringData\ELDON3_Data\Week21\ELDON3_20250606_193400.wav
1194.0,1197.0,Geothlypis trichas,Common Yellowthroat,0.0890,D:\AcousticMonitoringData\ELDON3_Data\Week21\ELDON3_20250606_193400.wav
1197.0,1200.0,Sturnella magna,Eastern Meadowlark,0.0820,D:\AcousticMonitoringData\ELDON3_Data\Week21\ELDON3_20250606_193400.wav
1203.0,1206.0,Sturnella magna,Eastern Meadowlark,0.1215,D:\AcousticMonitoringData\ELDON3_Data\Week21\ELDON3_20250606_193400.wav
1206.0,1209.0,Sturnella magna,Eastern Meadowlark,0.2051,D:\AcousticMonitoringData\ELDON3_Data\Week21\ELDON3_20250606_193400.wav
1209.0,1212.0,Sturnella magna,Eastern Meadowlark,0.3705,D:\AcousticMonitoringData\ELDON3_Data\Week21\ELDON3_20250606_193400.wav
1212.0,1215.0,Spizella pusilla,Field Sparrow,0.0885,D:\AcousticMonitoringData\ELDON3_Data\Week21\ELDON3_20250606_193400.wav
1215.0,1218.0,Sturnella magna,Eastern Meadowlark,0.1338,D:\AcousticMonitoringData\ELDON3_Data\Week21\ELDON3_20250606_193400.wav
1218.0,1221.0,Sturnella magna,Eastern Meadowlark,0.3503,D:\AcousticMonitoringData\ELDON3_Data\Week21\ELDON3_20250606_193400.wav
1218.0,1221.0,Passerina caerulea,Blue Grosbeak,0.0548,D:\AcousticMonitoringData\ELDON3_Data\Week21\ELDON3_20250606_193400.wav
1221.0,1224.0,Sturnella magna,Eastern Meadowlark,0.3660,D:\AcousticMonitoringData\ELDON3_Data\Week21\ELDON3_20250606_193400.wav
1221.0,1224.0,Geothlypis trichas,Common Yellowthroat,0.1432,D:\AcousticMonitoringData\ELDON3_Data\Week21\ELDON3_20250606_193400.wav
1224.0,1227.0,Sturnella magna,Eastern Meadowlark,0.2051,D:\AcousticMonitoringData\ELDON3_Data\Week21\ELDON3_20250606_193400.wav
1224.0,1227.0,Geothlypis trichas,Common Yellowthroat,0.0676,D:\AcousticMonitoringData\ELDON3_Data\Week21\ELDON3_20250606_193400.wav
1230.0,1233.0,Sturnella magna,Eastern Meadowlark,0.4579,D:\AcousticMonitoringData\ELDON3_Data\Week21\ELDON3_20250606_193400.wav
1230.0,1233.0,Geothlypis trichas,Common Yellowthroat,0.1472,D:\AcousticMonitoringData\ELDON3_Data\Week21\ELDON3_20250606_193400.wav
1236.0,1239.0,Geothlypis trichas,Common Yellowthroat,0.1557,D:\AcousticMonitoringData\ELDON3_Data\Week21\ELDON3_20250606_193400.wav
1239.0,1242.0,Spizella pusilla,Field Sparrow,0.0650,D:\AcousticMonitoringData\ELDON3_Data\Week21\ELDON3_20250606_193400.wav
1251.0,1254.0,Geothlypis trichas,Common Yellowthroat,0.1071,D:\AcousticMonitoringData\ELDON3_Data\Week21\ELDON3_20250606_193400.wav
1254.0,1257.0,Sturnella magna,Eastern Meadowlark,0.7478,D:\AcousticMonitoringData\ELDON3_Data\Week21\ELDON3_20250606_193400.wav
1257.0,1260.0,Sturnella magna,Eastern Meadowlark,0.6690,D:\AcousticMonitoringData\ELDON3_Data\Week21\ELDON3_20250606_193400.wav
1263.0,1266.0,Sturnella magna,Eastern Meadowlark,0.1786,D:\AcousticMonitoringData\ELDON3_Data\Week21\ELDON3_20250606_193400.wav
1266.0,1269.0,Sturnella magna,Eastern Meadowlark,0.2668,D:\AcousticMonitoringData\ELDON3_Data\Week21\ELDON3_20250606_193400.wav
1278.0,1281.0,Sturnella magna,Eastern Meadowlark,0.3236,D:\AcousticMonitoringData\ELDON3_Data\Week21\ELDON3_20250606_193400.wav
1284.0,1287.0,Geothlypis trichas,Common Yellowthroat,0.0622,D:\AcousticMonitoringData\ELDON3_Data\Week21\ELDON3_20250606_193400.wav
1290.0,1293.0,Sturnella magna,Eastern Meadowlark,0.1691,D:\AcousticMonitoringData\ELDON3_Data\Week21\ELDON3_20250606_193400.wav
1290.0,1293.0,Spizella pusilla,Field Sparrow,0.0556,D:\AcousticMonitoringData\ELDON3_Data\Week21\ELDON3_20250606_193400.wav
1293.0,1296.0,Sturnella magna,Eastern Meadowlark,0.0754,D:\AcousticMonitoringData\ELDON3_Data\Week21\ELDON3_20250606_193400.wav
1296.0,1299.0,Sturnella magna,Eastern Meadowlark,0.1125,D:\AcousticMonitoringData\ELDON3_Data\Week21\ELDON3_20250606_193400.wav
1296.0,1299.0,Geothlypis trichas,Common Yellowthroat,0.0844,D:\AcousticMonitoringData\ELDON3_Data\Week21\ELDON3_20250606_193400.wav
1296.0,1299.0,Spizella pusilla,Field Sparrow,0.0510,D:\AcousticMonitoringData\ELDON3_Data\Week21\ELDON3_20250606_193400.wav
1299.0,1302.0,Sturnella magna,Eastern Meadowlark,0.2891,D:\AcousticMonitoringData\ELDON3_Data\Week21\ELDON3_20250606_193400.wav
1299.0,1302.0,Geothlypis trichas,Common Yellowthroat,0.0759,D:\AcousticMonitoringData\ELDON3_Data\Week21\ELDON3_20250606_193400.wav
1305.0,1308.0,Sturnella magna,Eastern Meadowlark,0.6922,D:\AcousticMonitoringData\ELDON3_Data\Week21\ELDON3_20250606_193400.wav
1308.0,1311.0,Sturnella magna,Eastern Meadowlark,0.2924,D:\AcousticMonitoringData\ELDON3_Data\Week21\ELDON3_20250606_193400.wav
1314.0,1317.0,Sturnella magna,Eastern Meadowlark,0.3272,D:\AcousticMonitoringData\ELDON3_Data\Week21\ELDON3_20250606_193400.wav
1314.0,1317.0,Geothlypis trichas,Common Yellowthroat,0.0562,D:\AcousticMonitoringData\ELDON3_Data\Week21\ELDON3_20250606_193400.wav
1317.0,1320.0,Sturnella magna,Eastern Meadowlark,0.6942,D:\AcousticMonitoringData\ELDON3_Data\Week21\ELDON3_20250606_193400.wav
1317.0,1320.0,Geothlypis trichas,Common Yellowthroat,0.0972,D:\AcousticMonitoringData\ELDON3_Data\Week21\ELDON3_20250606_193400.wav
1320.0,1323.0,Sturnella magna,Eastern Meadowlark,0.2472,D:\AcousticMonitoringData\ELDON3_Data\Week21\ELDON3_20250606_193400.wav
1323.0,1326.0,Geothlypis trichas,Common Yellowthroat,0.1140,D:\AcousticMonitoringData\ELDON3_Data\Week21\ELDON3_20250606_193400.wav
1326.0,1329.0,Sturnella magna,Eastern Meadowlark,0.4330,D:\AcousticMonitoringData\ELDON3_Data\Week21\ELDON3_20250606_193400.wav
1329.0,1332.0,Sturnella magna,Eastern Meadowlark,0.1485,D:\AcousticMonitoringData\ELDON3_Data\Week21\ELDON3_20250606_193400.wav
1332.0,1335.0,Sturnella magna,Eastern Meadowlark,0.1386,D:\AcousticMonitoringData\ELDON3_Data\Week21\ELDON3_20250606_193400.wav
1335.0,1338.0,Sturnella magna,Eastern Meadowlark,0.3909,D:\AcousticMonitoringData\ELDON3_Data\Week21\ELDON3_20250606_193400.wav
1338.0,1341.0,Sturnella magna,Eastern Meadowlark,0.1102,D:\AcousticMonitoringData\ELDON3_Data\Week21\ELDON3_20250606_193400.wav
1341.0,1344.0,Sturnella magna,Eastern Meadowlark,0.0513,D:\AcousticMonitoringData\ELDON3_Data\Week21\ELDON3_20250606_193400.wav
1344.0,1347.0,Geothlypis trichas,Common Yellowthroat,0.1569,D:\AcousticMonitoringData\ELDON3_Data\Week21\ELDON3_20250606_193400.wav
1347.0,1350.0,Sturnella magna,Eastern Meadowlark,0.2845,D:\AcousticMonitoringData\ELDON3_Data\Week21\ELDON3_20250606_193400.wav
1347.0,1350.0,Spizella pusilla,Field Sparrow,0.0796,D:\AcousticMonitoringData\ELDON3_Data\Week21\ELDON3_20250606_193400.wav
1347.0,1350.0,Geothlypis trichas,Common Yellowthroat,0.0748,D:\AcousticMonitoringData\ELDON3_Data\Week21\ELDON3_20250606_193400.wav
1347.0,1350.0,Passerina caerulea,Blue Grosbeak,0.0625,D:\AcousticMonitoringData\ELDON3_Data\Week21\ELDON3_20250606_193400.wav
1350.0,1353.0,Sturnella magna,Eastern Meadowlark,0.3684,D:\AcousticMonitoringData\ELDON3_Data\Week21\ELDON3_20250606_193400.wav
1353.0,1356.0,Sturnella magna,Eastern Meadowlark,0.0510,D:\AcousticMonitoringData\ELDON3_Data\Week21\ELDON3_20250606_193400.wav
1356.0,1359.0,Sturnella magna,Eastern Meadowlark,0.1283,D:\AcousticMonitoringData\ELDON3_Data\Week21\ELDON3_20250606_193400.wav
1359.0,1362.0,Sturnella magna,Eastern Meadowlark,0.4415,D:\AcousticMonitoringData\ELDON3_Data\Week21\ELDON3_20250606_193400.wav
1362.0,1365.0,Sturnella magna,Eastern Meadowlark,0.0547,D:\AcousticMonitoringData\ELDON3_Data\Week21\ELDON3_20250606_193400.wav
1362.0,1365.0,Geothlypis trichas,Common Yellowthroat,0.0530,D:\AcousticMonitoringData\ELDON3_Data\Week21\ELDON3_20250606_193400.wav
1365.0,1368.0,Sturnella magna,Eastern Meadowlark,0.5164,D:\AcousticMonitoringData\ELDON3_Data\Week21\ELDON3_20250606_193400.wav
1371.0,1374.0,Sturnella magna,Eastern Meadowlark,0.6264,D:\AcousticMonitoringData\ELDON3_Data\Week21\ELDON3_20250606_193400.wav
1374.0,1377.0,Sturnella magna,Eastern Meadowlark,0.4484,D:\AcousticMonitoringData\ELDON3_Data\Week21\ELDON3_20250606_193400.wav
1380.0,1383.0,Sturnella magna,Eastern Meadowlark,0.2270,D:\AcousticMonitoringData\ELDON3_Data\Week21\ELDON3_20250606_193400.wav
1380.0,1383.0,Spizella pusilla,Field Sparrow,0.0700,D:\AcousticMonitoringData\ELDON3_Data\Week21\ELDON3_20250606_193400.wav
1383.0,1386.0,Sturnella magna,Eastern Meadowlark,0.6967,D:\AcousticMonitoringData\ELDON3_Data\Week21\ELDON3_20250606_193400.wav
1386.0,1389.0,Sturnella magna,Eastern Meadowlark,0.3116,D:\AcousticMonitoringData\ELDON3_Data\Week21\ELDON3_20250606_193400.wav
1392.0,1395.0,Sturnella magna,Eastern Meadowlark,0.2511,D:\AcousticMonitoringData\ELDON3_Data\Week21\ELDON3_20250606_193400.wav
1392.0,1395.0,Geothlypis trichas,Common Yellowthroat,0.0789,D:\AcousticMonitoringData\ELDON3_Data\Week21\ELDON3_20250606_193400.wav
1395.0,1398.0,Sturnella magna,Eastern Meadowlark,0.5451,D:\AcousticMonitoringData\ELDON3_Data\Week21\ELDON3_20250606_193400.wav
1398.0,1401.0,Sturnella magna,Eastern Meadowlark,0.1313,D:\AcousticMonitoringData\ELDON3_Data\Week21\ELDON3_20250606_193400.wav
1401.0,1404.0,Sturnella magna,Eastern Meadowlark,0.4485,D:\AcousticMonitoringData\ELDON3_Data\Week21\ELDON3_20250606_193400.wav
1404.0,1407.0,Sturnella magna,Eastern Meadowlark,0.5443,D:\AcousticMonitoringData\ELDON3_Data\Week21\ELDON3_20250606_193400.wav
1407.0,1410.0,Sturnella magna,Eastern Meadowlark,0.0958,D:\AcousticMonitoringData\ELDON3_Data\Week21\ELDON3_20250606_193400.wav
1410.0,1413.0,Sturnella magna,Eastern Meadowlark,0.2718,D:\AcousticMonitoringData\ELDON3_Data\Week21\ELDON3_20250606_193400.wav
1410.0,1413.0,Passerina caerulea,Blue Grosbeak,0.0589,D:\AcousticMonitoringData\ELDON3_Data\Week21\ELDON3_20250606_193400.wav
1416.0,1419.0,Passerina caerulea,Blue Grosbeak,0.0629,D:\AcousticMonitoringData\ELDON3_Data\Week21\ELDON3_20250606_193400.wav
1422.0,1425.0,Sturnella magna,Eastern Meadowlark,0.6841,D:\AcousticMonitoringData\ELDON3_Data\Week21\ELDON3_20250606_193400.wav
1428.0,1431.0,Passerina caerulea,Blue Grosbeak,0.0638,D:\AcousticMonitoringData\ELDON3_Data\Week21\ELDON3_20250606_193400.wav
1431.0,1434.0,Sturnella magna,Eastern Meadowlark,0.6933,D:\AcousticMonitoringData\ELDON3_Data\Week21\ELDON3_20250606_193400.wav
1437.0,1440.0,Geothlypis trichas,Common Yellowthroat,0.0883,D:\AcousticMonitoringData\ELDON3_Data\Week21\ELDON3_20250606_193400.wav
1440.0,1443.0,Sturnella magna,Eastern Meadowlark,0.3774,D:\AcousticMonitoringData\ELDON3_Data\Week21\ELDON3_20250606_193400.wav
1443.0,1446.0,Sturnella magna,Eastern Meadowlark,0.0939,D:\AcousticMonitoringData\ELDON3_Data\Week21\ELDON3_20250606_193400.wav
1443.0,1446.0,Passerina caerulea,Blue Grosbeak,0.0788,D:\AcousticMonitoringData\ELDON3_Data\Week21\ELDON3_20250606_193400.wav
1449.0,1452.0,Spizella pusilla,Field Sparrow,0.0625,D:\AcousticMonitoringData\ELDON3_Data\Week21\ELDON3_20250606_193400.wav
1452.0,1455.0,Geothlypis trichas,Common Yellowthroat,0.0690,D:\AcousticMonitoringData\ELDON3_Data\Week21\ELDON3_20250606_193400.wav
1458.0,1461.0,Geothlypis trichas,Common Yellowthroat,0.0848,D:\AcousticMonitoringData\ELDON3_Data\Week21\ELDON3_20250606_193400.wav
1461.0,1464.0,Sturnella magna,Eastern Meadowlark,0.2709,D:\AcousticMonitoringData\ELDON3_Data\Week21\ELDON3_20250606_193400.wav
1467.0,1470.0,Sturnella magna,Eastern Meadowlark,0.1176,D:\AcousticMonitoringData\ELDON3_Data\Week21\ELDON3_20250606_193400.wav
1467.0,1470.0,Geothlypis trichas,Common Yellowthroat,0.0892,D:\AcousticMonitoringData\ELDON3_Data\Week21\ELDON3_20250606_193400.wav
1470.0,1473.0,Geothlypis trichas,Common Yellowthroat,0.0992,D:\AcousticMonitoringData\ELDON3_Data\Week21\ELDON3_20250606_193400.wav
1470.0,1473.0,Sturnella magna,Eastern Meadowlark,0.0782,D:\AcousticMonitoringData\ELDON3_Data\Week21\ELDON3_20250606_193400.wav
1470.0,1473.0,Spizella pusilla,Field Sparrow,0.0535,D:\AcousticMonitoringData\ELDON3_Data\Week21\ELDON3_20250606_193400.wav
1479.0,1482.0,Sturnella magna,Eastern Meadowlark,0.1222,D:\AcousticMonitoringData\ELDON3_Data\Week21\ELDON3_20250606_193400.wav
1482.0,1485.0,Sturnella magna,Eastern Meadowlark,0.2570,D:\AcousticMonitoringData\ELDON3_Data\Week21\ELDON3_20250606_193400.wav
1488.0,1491.0,Sturnella magna,Eastern Meadowlark,0.3310,D:\AcousticMonitoringData\ELDON3_Data\Week21\ELDON3_20250606_193400.wav
1491.0,1494.0,Passerina caerulea,Blue Grosbeak,0.0852,D:\AcousticMonitoringData\ELDON3_Data\Week21\ELDON3_20250606_193400.wav
1494.0,1497.0,Geothlypis trichas,Common Yellowthroat,0.0810,D:\AcousticMonitoringData\ELDON3_Data\Week21\ELDON3_20250606_193400.wav
1500.0,1503.0,Sturnella magna,Eastern Meadowlark,0.1323,D:\AcousticMonitoringData\ELDON3_Data\Week21\ELDON3_20250606_193400.wav
1506.0,1509.0,Sturnella magna,Eastern Meadowlark,0.0958,D:\AcousticMonitoringData\ELDON3_Data\Week21\ELDON3_20250606_193400.wav
1512.0,1515.0,Geothlypis trichas,Common Yellowthroat,0.1566,D:\AcousticMonitoringData\ELDON3_Data\Week21\ELDON3_20250606_193400.wav
1515.0,1518.0,Spizella pusilla,Field Sparrow,0.1959,D:\AcousticMonitoringData\ELDON3_Data\Week21\ELDON3_20250606_193400.wav
1515.0,1518.0,Sturnella magna,Eastern Meadowlark,0.1270,D:\AcousticMonitoringData\ELDON3_Data\Week21\ELDON3_20250606_193400.wav
1518.0,1521.0,Sturnella magna,Eastern Meadowlark,0.5722,D:\AcousticMonitoringData\ELDON3_Data\Week21\ELDON3_20250606_193400.wav
1524.0,1527.0,Sturnella magna,Eastern Meadowlark,0.1576,D:\AcousticMonitoringData\ELDON3_Data\Week21\ELDON3_20250606_193400.wav
1530.0,1533.0,Geothlypis trichas,Common Yellowthroat,0.1313,D:\AcousticMonitoringData\ELDON3_Data\Week21\ELDON3_20250606_193400.wav
1539.0,1542.0,Sturnella magna,Eastern Meadowlark,0.0793,D:\AcousticMonitoringData\ELDON3_Data\Week21\ELDON3_20250606_193400.wav
1545.0,1548.0,Sturnella magna,Eastern Meadowlark,0.0555,D:\AcousticMonitoringData\ELDON3_Data\Week21\ELDON3_20250606_193400.wav
1548.0,1551.0,Sturnella magna,Eastern Meadowlark,0.1667,D:\AcousticMonitoringData\ELDON3_Data\Week21\ELDON3_20250606_193400.wav
1551.0,1554.0,Sturnella magna,Eastern Meadowlark,0.4213,D:\AcousticMonitoringData\ELDON3_Data\Week21\ELDON3_20250606_193400.wav
1557.0,1560.0,Sturnella magna,Eastern Meadowlark,0.1096,D:\AcousticMonitoringData\ELDON3_Data\Week21\ELDON3_20250606_193400.wav
1560.0,1563.0,Sturnella magna,Eastern Meadowlark,0.0849,D:\AcousticMonitoringData\ELDON3_Data\Week21\ELDON3_20250606_193400.wav
1563.0,1566.0,Sturnella magna,Eastern Meadowlark,0.4221,D:\AcousticMonitoringData\ELDON3_Data\Week21\ELDON3_20250606_193400.wav
1566.0,1569.0,Geothlypis trichas,Common Yellowthroat,0.1032,D:\AcousticMonitoringData\ELDON3_Data\Week21\ELDON3_20250606_193400.wav
1572.0,1575.0,Sturnella magna,Eastern Meadowlark,0.0967,D:\AcousticMonitoringData\ELDON3_Data\Week21\ELDON3_20250606_193400.wav
1593.0,1596.0,Sturnella magna,Eastern Meadowlark,0.0605,D:\AcousticMonitoringData\ELDON3_Data\Week21\ELDON3_20250606_193400.wav
1605.0,1608.0,Sturnella magna,Eastern Meadowlark,0.1390,D:\AcousticMonitoringData\ELDON3_Data\Week21\ELDON3_20250606_193400.wav
1611.0,1614.0,Sturnella magna,Eastern Meadowlark,0.1379,D:\AcousticMonitoringData\ELDON3_Data\Week21\ELDON3_20250606_193400.wav
1632.0,1635.0,Passerina caerulea,Blue Grosbeak,0.0684,D:\AcousticMonitoringData\ELDON3_Data\Week21\ELDON3_20250606_193400.wav
1644.0,1647.0,Sturnella magna,Eastern Meadowlark,0.0539,D:\AcousticMonitoringData\ELDON3_Data\Week21\ELDON3_20250606_193400.wav
1647.0,1650.0,Geothlypis trichas,Common Yellowthroat,0.0706,D:\AcousticMonitoringData\ELDON3_Data\Week21\ELDON3_20250606_193400.wav
1662.0,1665.0,Geothlypis trichas,Common Yellowthroat,0.0554,D:\AcousticMonitoringData\ELDON3_Data\Week21\ELDON3_20250606_193400.wav
1674.0,1677.0,Sturnella magna,Eastern Meadowlark,0.0517,D:\AcousticMonitoringData\ELDON3_Data\Week21\ELDON3_20250606_193400.wav
1677.0,1680.0,Geothlypis trichas,Common Yellowthroat,0.0780,D:\AcousticMonitoringData\ELDON3_Data\Week21\ELDON3_20250606_193400.wav
1689.0,1692.0,Geothlypis trichas,Common Yellowthroat,0.0809,D:\AcousticMonitoringData\ELDON3_Data\Week21\ELDON3_20250606_193400.wav
1692.0,1695.0,Geothlypis trichas,Common Yellowthroat,0.0877,D:\AcousticMonitoringData\ELDON3_Data\Week21\ELDON3_20250606_193400.wav
1701.0,1704.0,Spizella pusilla,Field Sparrow,0.0611,D:\AcousticMonitoringData\ELDON3_Data\Week21\ELDON3_20250606_193400.wav
1704.0,1707.0,Geothlypis trichas,Common Yellowthroat,0.1337,D:\AcousticMonitoringData\ELDON3_Data\Week21\ELDON3_20250606_193400.wav
1713.0,1716.0,Spizella pusilla,Field Sparrow,0.0780,D:\AcousticMonitoringData\ELDON3_Data\Week21\ELDON3_20250606_193400.wav
1713.0,1716.0,Geothlypis trichas,Common Yellowthroat,0.0736,D:\AcousticMonitoringData\ELDON3_Data\Week21\ELDON3_20250606_193400.wav
1713.0,1716.0,Sturnella magna,Eastern Meadowlark,0.0564,D:\AcousticMonitoringData\ELDON3_Data\Week21\ELDON3_20250606_193400.wav
1716.0,1719.0,Geothlypis trichas,Common Yellowthroat,0.0521,D:\AcousticMonitoringData\ELDON3_Data\Week21\ELDON3_20250606_193400.wav
1725.0,1728.0,Geothlypis trichas,Common Yellowthroat,0.2240,D:\AcousticMonitoringData\ELDON3_Data\Week21\ELDON3_20250606_193400.wav
1728.0,1731.0,Geothlypis trichas,Common Yellowthroat,0.0782,D:\AcousticMonitoringData\ELDON3_Data\Week21\ELDON3_20250606_193400.wav
1734.0,1737.0,Geothlypis trichas,Common Yellowthroat,0.0911,D:\AcousticMonitoringData\ELDON3_Data\Week21\ELDON3_20250606_193400.wav
1740.0,1743.0,Passerina caerulea,Blue Grosbeak,0.0543,D:\AcousticMonitoringData\ELDON3_Data\Week21\ELDON3_20250606_193400.wav
1743.0,1746.0,Geothlypis trichas,Common Yellowthroat,0.2193,D:\AcousticMonitoringData\ELDON3_Data\Week21\ELDON3_20250606_193400.wav
1749.0,1752.0,Geothlypis trichas,Common Yellowthroat,0.2031,D:\AcousticMonitoringData\ELDON3_Data\Week21\ELDON3_20250606_193400.wav
1749.0,1752.0,Spizella pusilla,Field Sparrow,0.1106,D:\AcousticMonitoringData\ELDON3_Data\Week21\ELDON3_20250606_193400.wav
1749.0,1752.0,Passerina caerulea,Blue Grosbeak,0.0660,D:\AcousticMonitoringData\ELDON3_Data\Week21\ELDON3_20250606_193400.wav
1752.0,1755.0,Geothlypis trichas,Common Yellowthroat,0.2629,D:\AcousticMonitoringData\ELDON3_Data\Week21\ELDON3_20250606_193400.wav
1755.0,1758.0,Geothlypis trichas,Common Yellowthroat,0.0666,D:\AcousticMonitoringData\ELDON3_Data\Week21\ELDON3_20250606_193400.wav
1758.0,1761.0,Geothlypis trichas,Common Yellowthroat,0.4105,D:\AcousticMonitoringData\ELDON3_Data\Week21\ELDON3_20250606_193400.wav
1764.0,1767.0,Geothlypis trichas,Common Yellowthroat,0.0751,D:\AcousticMonitoringData\ELDON3_Data\Week21\ELDON3_20250606_193400.wav
1764.0,1767.0,Sturnella magna,Eastern Meadowlark,0.0540,D:\AcousticMonitoringData\ELDON3_Data\Week21\ELDON3_20250606_193400.wav
1767.0,1770.0,Geothlypis trichas,Common Yellowthroat,0.0550,D:\AcousticMonitoringData\ELDON3_Data\Week21\ELDON3_20250606_193400.wav
1770.0,1773.0,Sturnella magna,Eastern Meadowlark,0.1361,D:\AcousticMonitoringData\ELDON3_Data\Week21\ELDON3_20250606_193400.wav
1770.0,1773.0,Geothlypis trichas,Common Yellowthroat,0.1291,D:\AcousticMonitoringData\ELDON3_Data\Week21\ELDON3_20250606_193400.wav
1773.0,1776.0,Geothlypis trichas,Common Yellowthroat,0.0502,D:\AcousticMonitoringData\ELDON3_Data\Week21\ELDON3_20250606_193400.wav
1776.0,1779.0,Geothlypis trichas,Common Yellowthroat,0.1094,D:\AcousticMonitoringData\ELDON3_Data\Week21\ELDON3_20250606_193400.wav
1782.0,1785.0,Geothlypis trichas,Common Yellowthroat,0.0701,D:\AcousticMonitoringData\ELDON3_Data\Week21\ELDON3_20250606_193400.wav
1785.0,1788.0,Sturnella magna,Eastern Meadowlark,0.1237,D:\AcousticMonitoringData\ELDON3_Data\Week21\ELDON3_20250606_193400.wav
1785.0,1788.0,Geothlypis trichas,Common Yellowthroat,0.0825,D:\AcousticMonitoringData\ELDON3_Data\Week21\ELDON3_20250606_193400.wav
1788.0,1791.0,Geothlypis trichas,Common Yellowthroat,0.0785,D:\AcousticMonitoringData\ELDON3_Data\Week21\ELDON3_20250606_193400.wav
1791.0,1794.0,Sturnella magna,Eastern Meadowlark,0.2669,D:\AcousticMonitoringData\ELDON3_Data\Week21\ELDON3_20250606_193400.wav
1794.0,1797.0,Sturnella magna,Eastern Meadowlark,0.1495,D:\AcousticMonitoringData\ELDON3_Data\Week21\ELDON3_20250606_193400.wav
1800.0,1803.0,Geothlypis trichas,Common Yellowthroat,0.0764,D:\AcousticMonitoringData\ELDON3_Data\Week21\ELDON3_20250606_193400.wav
1803.0,1806.0,Geothlypis trichas,Common Yellowthroat,0.2182,D:\AcousticMonitoringData\ELDON3_Data\Week21\ELDON3_20250606_193400.wav
1806.0,1809.0,Sturnella magna,Eastern Meadowlark,0.1892,D:\AcousticMonitoringData\ELDON3_Data\Week21\ELDON3_20250606_193400.wav
1806.0,1809.0,Geothlypis trichas,Common Yellowthroat,0.0591,D:\AcousticMonitoringData\ELDON3_Data\Week21\ELDON3_20250606_193400.wav
1809.0,1812.0,Geothlypis trichas,Common Yellowthroat,0.1452,D:\AcousticMonitoringData\ELDON3_Data\Week21\ELDON3_20250606_193400.wav
1812.0,1815.0,Geothlypis trichas,Common Yellowthroat,0.0665,D:\AcousticMonitoringData\ELDON3_Data\Week21\ELDON3_20250606_193400.wav
1815.0,1818.0,Geothlypis trichas,Common Yellowthroat,0.1233,D:\AcousticMonitoringData\ELDON3_Data\Week21\ELDON3_20250606_193400.wav
1815.0,1818.0,Sturnella magna,Eastern Meadowlark,0.0653,D:\AcousticMonitoringData\ELDON3_Data\Week21\ELDON3_20250606_193400.wav
1818.0,1821.0,Geothlypis trichas,Common Yellowthroat,0.1465,D:\AcousticMonitoringData\ELDON3_Data\Week21\ELDON3_20250606_193400.wav
1818.0,1821.0,Sturnella magna,Eastern Meadowlark,0.1198,D:\AcousticMonitoringData\ELDON3_Data\Week21\ELDON3_20250606_193400.wav
1821.0,1824.0,Spizella pusilla,Field Sparrow,0.0514,D:\AcousticMonitoringData\ELDON3_Data\Week21\ELDON3_20250606_193400.wav
1824.0,1827.0,Geothlypis trichas,Common Yellowthroat,0.0727,D:\AcousticMonitoringData\ELDON3_Data\Week21\ELDON3_20250606_193400.wav
1824.0,1827.0,Sturnella magna,Eastern Meadowlark,0.0673,D:\AcousticMonitoringData\ELDON3_Data\Week21\ELDON3_20250606_193400.wav
1830.0,1833.0,Geothlypis trichas,Common Yellowthroat,0.0516,D:\AcousticMonitoringData\ELDON3_Data\Week21\ELDON3_20250606_193400.wav
1833.0,1836.0,Spizella pusilla,Field Sparrow,0.0824,D:\AcousticMonitoringData\ELDON3_Data\Week21\ELDON3_20250606_193400.wav
1845.0,1848.0,Sturnella magna,Eastern Meadowlark,0.1056,D:\AcousticMonitoringData\ELDON3_Data\Week21\ELDON3_20250606_193400.wav
1854.0,1857.0,Sturnella magna,Eastern Meadowlark,0.1542,D:\AcousticMonitoringData\ELDON3_Data\Week21\ELDON3_20250606_193400.wav
1857.0,1860.0,Geothlypis trichas,Common Yellowthroat,0.0525,D:\AcousticMonitoringData\ELDON3_Data\Week21\ELDON3_20250606_193400.wav
1872.0,1875.0,Sturnella magna,Eastern Meadowlark,0.0727,D:\AcousticMonitoringData\ELDON3_Data\Week21\ELDON3_20250606_193400.wav
1902.0,1905.0,Bartramia longicauda,Upland Sandpiper,0.0722,D:\AcousticMonitoringData\ELDON3_Data\Week21\ELDON3_20250606_193400.wav
1905.0,1908.0,Spizella pusilla,Field Sparrow,0.1141,D:\AcousticMonitoringData\ELDON3_Data\Week21\ELDON3_20250606_193400.wav
1908.0,1911.0,Sturnella magna,Eastern Meadowlark,0.0911,D:\AcousticMonitoringData\ELDON3_Data\Week21\ELDON3_20250606_193400.wav
1941.0,1944.0,Bartramia longicauda,Upland Sandpiper,0.1143,D:\AcousticMonitoringData\ELDON3_Data\Week21\ELDON3_20250606_193400.wav
1962.0,1965.0,Geothlypis trichas,Common Yellowthroat,0.0834,D:\AcousticMonitoringData\ELDON3_Data\Week21\ELDON3_20250606_193400.wav
1992.0,1995.0,Spizella pusilla,Field Sparrow,0.1293,D:\AcousticMonitoringData\ELDON3_Data\Week21\ELDON3_20250606_193400.wav
1995.0,1998.0,Spizella pusilla,Field Sparrow,0.1175,D:\AcousticMonitoringData\ELDON3_Data\Week21\ELDON3_20250606_193400.wav
2001.0,2004.0,Bartramia longicauda,Upland Sandpiper,0.0620,D:\AcousticMonitoringData\ELDON3_Data\Week21\ELDON3_20250606_193400.wav
2004.0,2007.0,Bartramia longicauda,Upland Sandpiper,0.0546,D:\AcousticMonitoringData\ELDON3_Data\Week21\ELDON3_20250606_193400.wav
2007.0,2010.0,Spizella pusilla,Field Sparrow,0.1106,D:\AcousticMonitoringData\ELDON3_Data\Week21\ELDON3_20250606_193400.wav
2010.0,2013.0,Spizella pusilla,Field Sparrow,0.1951,D:\AcousticMonitoringData\ELDON3_Data\Week21\ELDON3_20250606_193400.wav
2022.0,2025.0,Spizella pusilla,Field Sparrow,0.1495,D:\AcousticMonitoringData\ELDON3_Data\Week21\ELDON3_20250606_193400.wav
2025.0,2028.0,Spizella pusilla,Field Sparrow,0.1948,D:\AcousticMonitoringData\ELDON3_Data\Week21\ELDON3_20250606_193400.wav
2037.0,2040.0,Geothlypis trichas,Common Yellowthroat,0.0548,D:\AcousticMonitoringData\ELDON3_Data\Week21\ELDON3_20250606_193400.wav
2055.0,2058.0,Geothlypis trichas,Common Yellowthroat,0.1076,D:\AcousticMonitoringData\ELDON3_Data\Week21\ELDON3_20250606_193400.wav
2091.0,2094.0,Geothlypis trichas,Common Yellowthroat,0.1009,D:\AcousticMonitoringData\ELDON3_Data\Week21\ELDON3_20250606_193400.wav
2118.0,2121.0,Spizella pusilla,Field Sparrow,0.1581,D:\AcousticMonitoringData\ELDON3_Data\Week21\ELDON3_20250606_193400.wav
2121.0,2124.0,Geothlypis trichas,Common Yellowthroat,0.1318,D:\AcousticMonitoringData\ELDON3_Data\Week21\ELDON3_20250606_193400.wav
2121.0,2124.0,Spizella pusilla,Field Sparrow,0.0546,D:\AcousticMonitoringData\ELDON3_Data\Week21\ELDON3_20250606_193400.wav
2130.0,2133.0,Geothlypis trichas,Common Yellowthroat,0.0526,D:\AcousticMonitoringData\ELDON3_Data\Week21\ELDON3_20250606_193400.wav
2133.0,2136.0,Geothlypis trichas,Common Yellowthroat,0.0506,D:\AcousticMonitoringData\ELDON3_Data\Week21\ELDON3_20250606_193400.wav
2136.0,2139.0,Geothlypis trichas,Common Yellowthroat,0.0652,D:\AcousticMonitoringData\ELDON3_Data\Week21\ELDON3_20250606_193400.wav
2145.0,2148.0,Spizella pusilla,Field Sparrow,0.1922,D:\AcousticMonitoringData\ELDON3_Data\Week21\ELDON3_20250606_193400.wav
2145.0,2148.0,Geothlypis trichas,Common Yellowthroat,0.0593,D:\AcousticMonitoringData\ELDON3_Data\Week21\ELDON3_20250606_193400.wav
2148.0,2151.0,Geothlypis trichas,Common Yellowthroat,0.1467,D:\AcousticMonitoringData\ELDON3_Data\Week21\ELDON3_20250606_193400.wav
2151.0,2154.0,Geothlypis trichas,Common Yellowthroat,0.0909,D:\AcousticMonitoringData\ELDON3_Data\Week21\ELDON3_20250606_193400.wav
2154.0,2157.0,Passerina caerulea,Blue Grosbeak,0.4268,D:\AcousticMonitoringData\ELDON3_Data\Week21\ELDON3_20250606_193400.wav
2157.0,2160.0,Passerina caerulea,Blue Grosbeak,0.0856,D:\AcousticMonitoringData\ELDON3_Data\Week21\ELDON3_20250606_193400.wav
2160.0,2163.0,Geothlypis trichas,Common Yellowthroat,0.1885,D:\AcousticMonitoringData\ELDON3_Data\Week21\ELDON3_20250606_193400.wav
2160.0,2163.0,Spizella pusilla,Field Sparrow,0.0709,D:\AcousticMonitoringData\ELDON3_Data\Week21\ELDON3_20250606_193400.wav
2163.0,2166.0,Geothlypis trichas,Common Yellowthroat,0.1233,D:\AcousticMonitoringData\ELDON3_Data\Week21\ELDON3_20250606_193400.wav
2163.0,2166.0,Spizella pusilla,Field Sparrow,0.0815,D:\AcousticMonitoringData\ELDON3_Data\Week21\ELDON3_20250606_193400.wav
2166.0,2169.0,Spizella pusilla,Field Sparrow,0.2143,D:\AcousticMonitoringData\ELDON3_Data\Week21\ELDON3_20250606_193400.wav
2169.0,2172.0,Passerina caerulea,Blue Grosbeak,0.8767,D:\AcousticMonitoringData\ELDON3_Data\Week21\ELDON3_20250606_193400.wav
2172.0,2175.0,Geothlypis trichas,Common Yellowthroat,0.0712,D:\AcousticMonitoringData\ELDON3_Data\Week21\ELDON3_20250606_193400.wav
2184.0,2187.0,Geothlypis trichas,Common Yellowthroat,0.1057,D:\AcousticMonitoringData\ELDON3_Data\Week21\ELDON3_20250606_193400.wav
2187.0,2190.0,Geothlypis trichas,Common Yellowthroat,0.2753,D:\AcousticMonitoringData\ELDON3_Data\Week21\ELDON3_20250606_193400.wav
2190.0,2193.0,Spizella pusilla,Field Sparrow,0.2244,D:\AcousticMonitoringData\ELDON3_Data\Week21\ELDON3_20250606_193400.wav
2193.0,2196.0,Spizella pusilla,Field Sparrow,0.1204,D:\AcousticMonitoringData\ELDON3_Data\Week21\ELDON3_20250606_193400.wav
2208.0,2211.0,Spizella pusilla,Field Sparrow,0.0574,D:\AcousticMonitoringData\ELDON3_Data\Week21\ELDON3_20250606_193400.wav
2208.0,2211.0,Geothlypis trichas,Common Yellowthroat,0.0522,D:\AcousticMonitoringData\ELDON3_Data\Week21\ELDON3_20250606_193400.wav
2223.0,2226.0,Spizella pusilla,Field Sparrow,0.2001,D:\AcousticMonitoringData\ELDON3_Data\Week21\ELDON3_20250606_193400.wav
2226.0,2229.0,Sturnella magna,Eastern Meadowlark,0.3719,D:\AcousticMonitoringData\ELDON3_Data\Week21\ELDON3_20250606_193400.wav
2229.0,2232.0,Spizella pusilla,Field Sparrow,0.0511,D:\AcousticMonitoringData\ELDON3_Data\Week21\ELDON3_20250606_193400.wav
2238.0,2241.0,Sturnella magna,Eastern Meadowlark,0.4471,D:\AcousticMonitoringData\ELDON3_Data\Week21\ELDON3_20250606_193400.wav
2247.0,2250.0,Sturnella magna,Eastern Meadowlark,0.8895,D:\AcousticMonitoringData\ELDON3_Data\Week21\ELDON3_20250606_193400.wav
2250.0,2253.0,Geothlypis trichas,Common Yellowthroat,0.0843,D:\AcousticMonitoringData\ELDON3_Data\Week21\ELDON3_20250606_193400.wav
2253.0,2256.0,Sturnella magna,Eastern Meadowlark,0.6650,D:\AcousticMonitoringData\ELDON3_Data\Week21\ELDON3_20250606_193400.wav
2256.0,2259.0,Sturnella magna,Eastern Meadowlark,0.5626,D:\AcousticMonitoringData\ELDON3_Data\Week21\ELDON3_20250606_193400.wav
2259.0,2262.0,Sturnella magna,Eastern Meadowlark,0.2752,D:\AcousticMonitoringData\ELDON3_Data\Week21\ELDON3_20250606_193400.wav
2262.0,2265.0,Sturnella magna,Eastern Meadowlark,0.0843,D:\AcousticMonitoringData\ELDON3_Data\Week21\ELDON3_20250606_193400.wav
2265.0,2268.0,Sturnella magna,Eastern Meadowlark,0.3165,D:\AcousticMonitoringData\ELDON3_Data\Week21\ELDON3_20250606_193400.wav
2268.0,2271.0,Sturnella magna,Eastern Meadowlark,0.2163,D:\AcousticMonitoringData\ELDON3_Data\Week21\ELDON3_20250606_193400.wav
2271.0,2274.0,Sturnella magna,Eastern Meadowlark,0.3067,D:\AcousticMonitoringData\ELDON3_Data\Week21\ELDON3_20250606_193400.wav
2274.0,2277.0,Sturnella magna,Eastern Meadowlark,0.5169,D:\AcousticMonitoringData\ELDON3_Data\Week21\ELDON3_20250606_193400.wav
2277.0,2280.0,Sturnella magna,Eastern Meadowlark,0.5181,D:\AcousticMonitoringData\ELDON3_Data\Week21\ELDON3_20250606_193400.wav
2280.0,2283.0,Geothlypis trichas,Common Yellowthroat,0.0997,D:\AcousticMonitoringData\ELDON3_Data\Week21\ELDON3_20250606_193400.wav
2283.0,2286.0,Sturnella magna,Eastern Meadowlark,0.1579,D:\AcousticMonitoringData\ELDON3_Data\Week21\ELDON3_20250606_193400.wav
2286.0,2289.0,Sturnella magna,Eastern Meadowlark,0.0618,D:\AcousticMonitoringData\ELDON3_Data\Week21\ELDON3_20250606_193400.wav
2289.0,2292.0,Sturnella magna,Eastern Meadowlark,0.0516,D:\AcousticMonitoringData\ELDON3_Data\Week21\ELDON3_20250606_193400.wav
2292.0,2295.0,Geothlypis trichas,Common Yellowthroat,0.2876,D:\AcousticMonitoringData\ELDON3_Data\Week21\ELDON3_20250606_193400.wav
2301.0,2304.0,Sturnella magna,Eastern Meadowlark,0.2891,D:\AcousticMonitoringData\ELDON3_Data\Week21\ELDON3_20250606_193400.wav
2310.0,2313.0,Sturnella magna,Eastern Meadowlark,0.2077,D:\AcousticMonitoringData\ELDON3_Data\Week21\ELDON3_20250606_193400.wav
2313.0,2316.0,Sturnella magna,Eastern Meadowlark,0.4722,D:\AcousticMonitoringData\ELDON3_Data\Week21\ELDON3_20250606_193400.wav
2319.0,2322.0,Sturnella magna,Eastern Meadowlark,0.0879,D:\AcousticMonitoringData\ELDON3_Data\Week21\ELDON3_20250606_193400.wav
2322.0,2325.0,Sturnella magna,Eastern Meadowlark,0.0817,D:\AcousticMonitoringData\ELDON3_Data\Week21\ELDON3_20250606_193400.wav
2325.0,2328.0,Sturnella magna,Eastern Meadowlark,0.2165,D:\AcousticMonitoringData\ELDON3_Data\Week21\ELDON3_20250606_193400.wav
2334.0,2337.0,Geothlypis trichas,Common Yellowthroat,0.0569,D:\AcousticMonitoringData\ELDON3_Data\Week21\ELDON3_20250606_193400.wav
2337.0,2340.0,Sturnella magna,Eastern Meadowlark,0.2101,D:\AcousticMonitoringData\ELDON3_Data\Week21\ELDON3_20250606_193400.wav
2340.0,2343.0,Sturnella magna,Eastern Meadowlark,0.2018,D:\AcousticMonitoringData\ELDON3_Data\Week21\ELDON3_20250606_193400.wav
2343.0,2346.0,Geothlypis trichas,Common Yellowthroat,0.2161,D:\AcousticMonitoringData\ELDON3_Data\Week21\ELDON3_20250606_193400.wav
2346.0,2349.0,Sturnella magna,Eastern Meadowlark,0.1609,D:\AcousticMonitoringData\ELDON3_Data\Week21\ELDON3_20250606_193400.wav
2352.0,2355.0,Sturnella magna,Eastern Meadowlark,0.4276,D:\AcousticMonitoringData\ELDON3_Data\Week21\ELDON3_20250606_193400.wav
2355.0,2358.0,Sturnella magna,Eastern Meadowlark,0.1361,D:\AcousticMonitoringData\ELDON3_Data\Week21\ELDON3_20250606_193400.wav
2361.0,2364.0,Sturnella magna,Eastern Meadowlark,0.5704,D:\AcousticMonitoringData\ELDON3_Data\Week21\ELDON3_20250606_193400.wav
2364.0,2367.0,Sturnella magna,Eastern Meadowlark,0.5703,D:\AcousticMonitoringData\ELDON3_Data\Week21\ELDON3_20250606_193400.wav
2370.0,2373.0,Sturnella magna,Eastern Meadowlark,0.0551,D:\AcousticMonitoringData\ELDON3_Data\Week21\ELDON3_20250606_193400.wav
2373.0,2376.0,Sturnella magna,Eastern Meadowlark,0.7285,D:\AcousticMonitoringData\ELDON3_Data\Week21\ELDON3_20250606_193400.wav
2376.0,2379.0,Sturnella magna,Eastern Meadowlark,0.2522,D:\AcousticMonitoringData\ELDON3_Data\Week21\ELDON3_20250606_193400.wav
2382.0,2385.0,Sturnella magna,Eastern Meadowlark,0.1209,D:\AcousticMonitoringData\ELDON3_Data\Week21\ELDON3_20250606_193400.wav
2385.0,2388.0,Sturnella magna,Eastern Meadowlark,0.3892,D:\AcousticMonitoringData\ELDON3_Data\Week21\ELDON3_20250606_193400.wav
2388.0,2391.0,Sturnella magna,Eastern Meadowlark,0.2312,D:\AcousticMonitoringData\ELDON3_Data\Week21\ELDON3_20250606_193400.wav
2391.0,2394.0,Sturnella magna,Eastern Meadowlark,0.3851,D:\AcousticMonitoringData\ELDON3_Data\Week21\ELDON3_20250606_193400.wav
2391.0,2394.0,Passerina caerulea,Blue Grosbeak,0.1952,D:\AcousticMonitoringData\ELDON3_Data\Week21\ELDON3_20250606_193400.wav
2394.0,2397.0,Sturnella magna,Eastern Meadowlark,0.0803,D:\AcousticMonitoringData\ELDON3_Data\Week21\ELDON3_20250606_193400.wav
2397.0,2400.0,Sturnella magna,Eastern Meadowlark,0.0529,D:\AcousticMonitoringData\ELDON3_Data\Week21\ELDON3_20250606_193400.wav
2400.0,2403.0,Sturnella magna,Eastern Meadowlark,0.3824,D:\AcousticMonitoringData\ELDON3_Data\Week21\ELDON3_20250606_193400.wav
2403.0,2406.0,Sturnella magna,Eastern Meadowlark,0.1400,D:\AcousticMonitoringData\ELDON3_Data\Week21\ELDON3_20250606_193400.wav
2403.0,2406.0,Spizella pusilla,Field Sparrow,0.0512,D:\AcousticMonitoringData\ELDON3_Data\Week21\ELDON3_20250606_193400.wav
2409.0,2412.0,Sturnella magna,Eastern Meadowlark,0.3738,D:\AcousticMonitoringData\ELDON3_Data\Week21\ELDON3_20250606_193400.wav
2412.0,2415.0,Sturnella magna,Eastern Meadowlark,0.3407,D:\AcousticMonitoringData\ELDON3_Data\Week21\ELDON3_20250606_193400.wav
2415.0,2418.0,Passerina caerulea,Blue Grosbeak,0.7089,D:\AcousticMonitoringData\ELDON3_Data\Week21\ELDON3_20250606_193400.wav
2415.0,2418.0,Sturnella magna,Eastern Meadowlark,0.1925,D:\AcousticMonitoringData\ELDON3_Data\Week21\ELDON3_20250606_193400.wav
2418.0,2421.0,Sturnella magna,Eastern Meadowlark,0.2721,D:\AcousticMonitoringData\ELDON3_Data\Week21\ELDON3_20250606_193400.wav
2421.0,2424.0,Sturnella magna,Eastern Meadowlark,0.6826,D:\AcousticMonitoringData\ELDON3_Data\Week21\ELDON3_20250606_193400.wav
2424.0,2427.0,Sturnella magna,Eastern Meadowlark,0.1474,D:\AcousticMonitoringData\ELDON3_Data\Week21\ELDON3_20250606_193400.wav
2424.0,2427.0,Geothlypis trichas,Common Yellowthroat,0.0827,D:\AcousticMonitoringData\ELDON3_Data\Week21\ELDON3_20250606_193400.wav
2427.0,2430.0,Sturnella magna,Eastern Meadowlark,0.0547,D:\AcousticMonitoringData\ELDON3_Data\Week21\ELDON3_20250606_193400.wav
2433.0,2436.0,Sturnella magna,Eastern Meadowlark,0.2447,D:\AcousticMonitoringData\ELDON3_Data\Week21\ELDON3_20250606_193400.wav
2436.0,2439.0,Sturnella magna,Eastern Meadowlark,0.2919,D:\AcousticMonitoringData\ELDON3_Data\Week21\ELDON3_20250606_193400.wav
2439.0,2442.0,Geothlypis trichas,Common Yellowthroat,0.0527,D:\AcousticMonitoringData\ELDON3_Data\Week21\ELDON3_20250606_193400.wav
2442.0,2445.0,Sturnella magna,Eastern Meadowlark,0.4872,D:\AcousticMonitoringData\ELDON3_Data\Week21\ELDON3_20250606_193400.wav
2442.0,2445.0,Geothlypis trichas,Common Yellowthroat,0.0985,D:\AcousticMonitoringData\ELDON3_Data\Week21\ELDON3_20250606_193400.wav
2445.0,2448.0,Passerina caerulea,Blue Grosbeak,0.3797,D:\AcousticMonitoringData\ELDON3_Data\Week21\ELDON3_20250606_193400.wav
2445.0,2448.0,Geothlypis trichas,Common Yellowthroat,0.0598,D:\AcousticMonitoringData\ELDON3_Data\Week21\ELDON3_20250606_193400.wav
2451.0,2454.0,Sturnella magna,Eastern Meadowlark,0.2735,D:\AcousticMonitoringData\ELDON3_Data\Week21\ELDON3_20250606_193400.wav
2454.0,2457.0,Sturnella magna,Eastern Meadowlark,0.6126,D:\AcousticMonitoringData\ELDON3_Data\Week21\ELDON3_20250606_193400.wav
2457.0,2460.0,Sturnella magna,Eastern Meadowlark,0.3164,D:\AcousticMonitoringData\ELDON3_Data\Week21\ELDON3_20250606_193400.wav
2466.0,2469.0,Sturnella magna,Eastern Meadowlark,0.1197,D:\AcousticMonitoringData\ELDON3_Data\Week21\ELDON3_20250606_193400.wav
2469.0,2472.0,Sturnella magna,Eastern Meadowlark,0.2305,D:\AcousticMonitoringData\ELDON3_Data\Week21\ELDON3_20250606_193400.wav
2481.0,2484.0,Sturnella magna,Eastern Meadowlark,0.0713,D:\AcousticMonitoringData\ELDON3_Data\Week21\ELDON3_20250606_193400.wav
2484.0,2487.0,Sturnella magna,Eastern Meadowlark,0.1850,D:\AcousticMonitoringData\ELDON3_Data\Week21\ELDON3_20250606_193400.wav
2487.0,2490.0,Passerina caerulea,Blue Grosbeak,0.5879,D:\AcousticMonitoringData\ELDON3_Data\Week21\ELDON3_20250606_193400.wav
2487.0,2490.0,Sturnella magna,Eastern Meadowlark,0.1825,D:\AcousticMonitoringData\ELDON3_Data\Week21\ELDON3_20250606_193400.wav
2490.0,2493.0,Sturnella magna,Eastern Meadowlark,0.2498,D:\AcousticMonitoringData\ELDON3_Data\Week21\ELDON3_20250606_193400.wav
2490.0,2493.0,Geothlypis trichas,Common Yellowthroat,0.0728,D:\AcousticMonitoringData\ELDON3_Data\Week21\ELDON3_20250606_193400.wav
2493.0,2496.0,Sturnella magna,Eastern Meadowlark,0.0778,D:\AcousticMonitoringData\ELDON3_Data\Week21\ELDON3_20250606_193400.wav
2496.0,2499.0,Geothlypis trichas,Common Yellowthroat,0.0790,D:\AcousticMonitoringData\ELDON3_Data\Week21\ELDON3_20250606_193400.wav
2499.0,2502.0,Sturnella magna,Eastern Meadowlark,0.2031,D:\AcousticMonitoringData\ELDON3_Data\Week21\ELDON3_20250606_193400.wav
2502.0,2505.0,Passerina caerulea,Blue Grosbeak,0.2209,D:\AcousticMonitoringData\ELDON3_Data\Week21\ELDON3_20250606_193400.wav
2502.0,2505.0,Sturnella magna,Eastern Meadowlark,0.1408,D:\AcousticMonitoringData\ELDON3_Data\Week21\ELDON3_20250606_193400.wav
2508.0,2511.0,Sturnella magna,Eastern Meadowlark,0.2133,D:\AcousticMonitoringData\ELDON3_Data\Week21\ELDON3_20250606_193400.wav
2508.0,2511.0,Geothlypis trichas,Common Yellowthroat,0.0560,D:\AcousticMonitoringData\ELDON3_Data\Week21\ELDON3_20250606_193400.wav
2511.0,2514.0,Sturnella magna,Eastern Meadowlark,0.1003,D:\AcousticMonitoringData\ELDON3_Data\Week21\ELDON3_20250606_193400.wav
2514.0,2517.0,Sturnella magna,Eastern Meadowlark,0.0843,D:\AcousticMonitoringData\ELDON3_Data\Week21\ELDON3_20250606_193400.wav
2517.0,2520.0,Sturnella magna,Eastern Meadowlark,0.0649,D:\AcousticMonitoringData\ELDON3_Data\Week21\ELDON3_20250606_193400.wav
2523.0,2526.0,Sturnella magna,Eastern Meadowlark,0.2193,D:\AcousticMonitoringData\ELDON3_Data\Week21\ELDON3_20250606_193400.wav
2529.0,2532.0,Sturnella magna,Eastern Meadowlark,0.1381,D:\AcousticMonitoringData\ELDON3_Data\Week21\ELDON3_20250606_193400.wav
2532.0,2535.0,Sturnella magna,Eastern Meadowlark,0.3216,D:\AcousticMonitoringData\ELDON3_Data\Week21\ELDON3_20250606_193400.wav
2538.0,2541.0,Sturnella magna,Eastern Meadowlark,0.4781,D:\AcousticMonitoringData\ELDON3_Data\Week21\ELDON3_20250606_193400.wav
2544.0,2547.0,Geothlypis trichas,Common Yellowthroat,0.1356,D:\AcousticMonitoringData\ELDON3_Data\Week21\ELDON3_20250606_193400.wav
2547.0,2550.0,Geothlypis trichas,Common Yellowthroat,0.1177,D:\AcousticMonitoringData\ELDON3_Data\Week21\ELDON3_20250606_193400.wav
2553.0,2556.0,Sturnella magna,Eastern Meadowlark,0.0738,D:\AcousticMonitoringData\ELDON3_Data\Week21\ELDON3_20250606_193400.wav
2556.0,2559.0,Sturnella magna,Eastern Meadowlark,0.3093,D:\AcousticMonitoringData\ELDON3_Data\Week21\ELDON3_20250606_193400.wav
2556.0,2559.0,Spizella pusilla,Field Sparrow,0.0502,D:\AcousticMonitoringData\ELDON3_Data\Week21\ELDON3_20250606_193400.wav
2559.0,2562.0,Geothlypis trichas,Common Yellowthroat,0.1362,D:\AcousticMonitoringData\ELDON3_Data\Week21\ELDON3_20250606_193400.wav
2562.0,2565.0,Sturnella magna,Eastern Meadowlark,0.2213,D:\AcousticMonitoringData\ELDON3_Data\Week21\ELDON3_20250606_193400.wav
2565.0,2568.0,Sturnella magna,Eastern Meadowlark,0.3542,D:\AcousticMonitoringData\ELDON3_Data\Week21\ELDON3_20250606_193400.wav
2565.0,2568.0,Geothlypis trichas,Common Yellowthroat,0.0627,D:\AcousticMonitoringData\ELDON3_Data\Week21\ELDON3_20250606_193400.wav
2574.0,2577.0,Sturnella magna,Eastern Meadowlark,0.7748,D:\AcousticMonitoringData\ELDON3_Data\Week21\ELDON3_20250606_193400.wav
2577.0,2580.0,Sturnella magna,Eastern Meadowlark,0.0850,D:\AcousticMonitoringData\ELDON3_Data\Week21\ELDON3_20250606_193400.wav
2577.0,2580.0,Geothlypis trichas,Common Yellowthroat,0.0601,D:\AcousticMonitoringData\ELDON3_Data\Week21\ELDON3_20250606_193400.wav
2580.0,2583.0,Sturnella magna,Eastern Meadowlark,0.3988,D:\AcousticMonitoringData\ELDON3_Data\Week21\ELDON3_20250606_193400.wav
2583.0,2586.0,Sturnella magna,Eastern Meadowlark,0.1644,D:\AcousticMonitoringData\ELDON3_Data\Week21\ELDON3_20250606_193400.wav
2586.0,2589.0,Geothlypis trichas,Common Yellowthroat,0.0717,D:\AcousticMonitoringData\ELDON3_Data\Week21\ELDON3_20250606_193400.wav
2586.0,2589.0,Sturnella magna,Eastern Meadowlark,0.0667,D:\AcousticMonitoringData\ELDON3_Data\Week21\ELDON3_20250606_193400.wav
2589.0,2592.0,Geothlypis trichas,Common Yellowthroat,0.0609,D:\AcousticMonitoringData\ELDON3_Data\Week21\ELDON3_20250606_193400.wav
2592.0,2595.0,Sturnella magna,Eastern Meadowlark,0.1879,D:\AcousticMonitoringData\ELDON3_Data\Week21\ELDON3_20250606_193400.wav
2595.0,2598.0,Geothlypis trichas,Common Yellowthroat,0.0705,D:\AcousticMonitoringData\ELDON3_Data\Week21\ELDON3_20250606_193400.wav
2598.0,2601.0,Sturnella magna,Eastern Meadowlark,0.3909,D:\AcousticMonitoringData\ELDON3_Data\Week21\ELDON3_20250606_193400.wav
2601.0,2604.0,Sturnella magna,Eastern Meadowlark,0.0500,D:\AcousticMonitoringData\ELDON3_Data\Week21\ELDON3_20250606_193400.wav
2604.0,2607.0,Sturnella magna,Eastern Meadowlark,0.3487,D:\AcousticMonitoringData\ELDON3_Data\Week21\ELDON3_20250606_193400.wav
2610.0,2613.0,Sturnella magna,Eastern Meadowlark,0.3367,D:\AcousticMonitoringData\ELDON3_Data\Week21\ELDON3_20250606_193400.wav
2610.0,2613.0,Spizella pusilla,Field Sparrow,0.0518,D:\AcousticMonitoringData\ELDON3_Data\Week21\ELDON3_20250606_193400.wav
2610.0,2613.0,Geothlypis trichas,Common Yellowthroat,0.0507,D:\AcousticMonitoringData\ELDON3_Data\Week21\ELDON3_20250606_193400.wav
2613.0,2616.0,Sturnella magna,Eastern Meadowlark,0.4704,D:\AcousticMonitoringData\ELDON3_Data\Week21\ELDON3_20250606_193400.wav
2616.0,2619.0,Sturnella magna,Eastern Meadowlark,0.1670,D:\AcousticMonitoringData\ELDON3_Data\Week21\ELDON3_20250606_193400.wav
2619.0,2622.0,Sturnella magna,Eastern Meadowlark,0.1390,D:\AcousticMonitoringData\ELDON3_Data\Week21\ELDON3_20250606_193400.wav
2622.0,2625.0,Sturnella magna,Eastern Meadowlark,0.1950,D:\AcousticMonitoringData\ELDON3_Data\Week21\ELDON3_20250606_193400.wav
2625.0,2628.0,Sturnella magna,Eastern Meadowlark,0.1018,D:\AcousticMonitoringData\ELDON3_Data\Week21\ELDON3_20250606_193400.wav
2628.0,2631.0,Sturnella magna,Eastern Meadowlark,0.5712,D:\AcousticMonitoringData\ELDON3_Data\Week21\ELDON3_20250606_193400.wav
2631.0,2634.0,Sturnella magna,Eastern Meadowlark,0.1067,D:\AcousticMonitoringData\ELDON3_Data\Week21\ELDON3_20250606_193400.wav
2634.0,2637.0,Sturnella magna,Eastern Meadowlark,0.2445,D:\AcousticMonitoringData\ELDON3_Data\Week21\ELDON3_20250606_193400.wav
2634.0,2637.0,Spizella pusilla,Field Sparrow,0.0700,D:\AcousticMonitoringData\ELDON3_Data\Week21\ELDON3_20250606_193400.wav
2637.0,2640.0,Sturnella magna,Eastern Meadowlark,0.3959,D:\AcousticMonitoringData\ELDON3_Data\Week21\ELDON3_20250606_193400.wav
2640.0,2643.0,Geothlypis trichas,Common Yellowthroat,0.1486,D:\AcousticMonitoringData\ELDON3_Data\Week21\ELDON3_20250606_193400.wav
2640.0,2643.0,Sturnella magna,Eastern Meadowlark,0.1216,D:\AcousticMonitoringData\ELDON3_Data\Week21\ELDON3_20250606_193400.wav
2643.0,2646.0,Sturnella magna,Eastern Meadowlark,0.5884,D:\AcousticMonitoringData\ELDON3_Data\Week21\ELDON3_20250606_193400.wav
2646.0,2649.0,Sturnella magna,Eastern Meadowlark,0.3982,D:\AcousticMonitoringData\ELDON3_Data\Week21\ELDON3_20250606_193400.wav
2649.0,2652.0,Geothlypis trichas,Common Yellowthroat,0.1340,D:\AcousticMonitoringData\ELDON3_Data\Week21\ELDON3_20250606_193400.wav
2652.0,2655.0,Sturnella magna,Eastern Meadowlark,0.1959,D:\AcousticMonitoringData\ELDON3_Data\Week21\ELDON3_20250606_193400.wav
2652.0,2655.0,Geothlypis trichas,Common Yellowthroat,0.1143,D:\AcousticMonitoringData\ELDON3_Data\Week21\ELDON3_20250606_193400.wav
2658.0,2661.0,Sturnella magna,Eastern Meadowlark,0.7821,D:\AcousticMonitoringData\ELDON3_Data\Week21\ELDON3_20250606_193400.wav
2658.0,2661.0,Geothlypis trichas,Common Yellowthroat,0.0974,D:\AcousticMonitoringData\ELDON3_Data\Week21\ELDON3_20250606_193400.wav
2661.0,2664.0,Geothlypis trichas,Common Yellowthroat,0.1127,D:\AcousticMonitoringData\ELDON3_Data\Week21\ELDON3_20250606_193400.wav
2664.0,2667.0,Sturnella magna,Eastern Meadowlark,0.1210,D:\AcousticMonitoringData\ELDON3_Data\Week21\ELDON3_20250606_193400.wav
2664.0,2667.0,Geothlypis trichas,Common Yellowthroat,0.0632,D:\AcousticMonitoringData\ELDON3_Data\Week21\ELDON3_20250606_193400.wav
2667.0,2670.0,Sturnella magna,Eastern Meadowlark,0.8508,D:\AcousticMonitoringData\ELDON3_Data\Week21\ELDON3_20250606_193400.wav
2670.0,2673.0,Geothlypis trichas,Common Yellowthroat,0.1550,D:\AcousticMonitoringData\ELDON3_Data\Week21\ELDON3_20250606_193400.wav
2673.0,2676.0,Geothlypis trichas,Common Yellowthroat,0.3147,D:\AcousticMonitoringData\ELDON3_Data\Week21\ELDON3_20250606_193400.wav
2676.0,2679.0,Geothlypis trichas,Common Yellowthroat,0.1508,D:\AcousticMonitoringData\ELDON3_Data\Week21\ELDON3_20250606_193400.wav
2682.0,2685.0,Sturnella magna,Eastern Meadowlark,0.2462,D:\AcousticMonitoringData\ELDON3_Data\Week21\ELDON3_20250606_193400.wav
2691.0,2694.0,Geothlypis trichas,Common Yellowthroat,0.1517,D:\AcousticMonitoringData\ELDON3_Data\Week21\ELDON3_20250606_193400.wav
2694.0,2697.0,Sturnella magna,Eastern Meadowlark,0.7072,D:\AcousticMonitoringData\ELDON3_Data\Week21\ELDON3_20250606_193400.wav
2700.0,2703.0,Sturnella magna,Eastern Meadowlark,0.6709,D:\AcousticMonitoringData\ELDON3_Data\Week21\ELDON3_20250606_193400.wav
2700.0,2703.0,Geothlypis trichas,Common Yellowthroat,0.0601,D:\AcousticMonitoringData\ELDON3_Data\Week21\ELDON3_20250606_193400.wav
2703.0,2706.0,Sturnella magna,Eastern Meadowlark,0.1739,D:\AcousticMonitoringData\ELDON3_Data\Week21\ELDON3_20250606_193400.wav
2706.0,2709.0,Sturnella magna,Eastern Meadowlark,0.4246,D:\AcousticMonitoringData\ELDON3_Data\Week21\ELDON3_20250606_193400.wav
2706.0,2709.0,Spizella pusilla,Field Sparrow,0.0711,D:\AcousticMonitoringData\ELDON3_Data\Week21\ELDON3_20250606_193400.wav
2709.0,2712.0,Sturnella magna,Eastern Meadowlark,0.6477,D:\AcousticMonitoringData\ELDON3_Data\Week21\ELDON3_20250606_193400.wav
2712.0,2715.0,Sturnella magna,Eastern Meadowlark,0.0721,D:\AcousticMonitoringData\ELDON3_Data\Week21\ELDON3_20250606_193400.wav
2712.0,2715.0,Geothlypis trichas,Common Yellowthroat,0.0716,D:\AcousticMonitoringData\ELDON3_Data\Week21\ELDON3_20250606_193400.wav
2715.0,2718.0,Sturnella magna,Eastern Meadowlark,0.1235,D:\AcousticMonitoringData\ELDON3_Data\Week21\ELDON3_20250606_193400.wav
2715.0,2718.0,Geothlypis trichas,Common Yellowthroat,0.1025,D:\AcousticMonitoringData\ELDON3_Data\Week21\ELDON3_20250606_193400.wav
2718.0,2721.0,Sturnella magna,Eastern Meadowlark,0.6444,D:\AcousticMonitoringData\ELDON3_Data\Week21\ELDON3_20250606_193400.wav
2718.0,2721.0,Geothlypis trichas,Common Yellowthroat,0.2040,D:\AcousticMonitoringData\ELDON3_Data\Week21\ELDON3_20250606_193400.wav
2721.0,2724.0,Geothlypis trichas,Common Yellowthroat,0.1059,D:\AcousticMonitoringData\ELDON3_Data\Week21\ELDON3_20250606_193400.wav
2724.0,2727.0,Geothlypis trichas,Common Yellowthroat,0.0836,D:\AcousticMonitoringData\ELDON3_Data\Week21\ELDON3_20250606_193400.wav
2727.0,2730.0,Sturnella magna,Eastern Meadowlark,0.3378,D:\AcousticMonitoringData\ELDON3_Data\Week21\ELDON3_20250606_193400.wav
2730.0,2733.0,Sturnella magna,Eastern Meadowlark,0.3500,D:\AcousticMonitoringData\ELDON3_Data\Week21\ELDON3_20250606_193400.wav
2730.0,2733.0,Eremophila alpestris,Horned Lark,0.0850,D:\AcousticMonitoringData\ELDON3_Data\Week21\ELDON3_20250606_193400.wav
2733.0,2736.0,Geothlypis trichas,Common Yellowthroat,0.1492,D:\AcousticMonitoringData\ELDON3_Data\Week21\ELDON3_20250606_193400.wav
2739.0,2742.0,Sturnella magna,Eastern Meadowlark,0.6070,D:\AcousticMonitoringData\ELDON3_Data\Week21\ELDON3_20250606_193400.wav
2739.0,2742.0,Geothlypis trichas,Common Yellowthroat,0.1171,D:\AcousticMonitoringData\ELDON3_Data\Week21\ELDON3_20250606_193400.wav
2739.0,2742.0,Bartramia longicauda,Upland Sandpiper,0.0690,D:\AcousticMonitoringData\ELDON3_Data\Week21\ELDON3_20250606_193400.wav
2742.0,2745.0,Sturnella magna,Eastern Meadowlark,0.4798,D:\AcousticMonitoringData\ELDON3_Data\Week21\ELDON3_20250606_193400.wav
2745.0,2748.0,Sturnella magna,Eastern Meadowlark,0.3741,D:\AcousticMonitoringData\ELDON3_Data\Week21\ELDON3_20250606_193400.wav
2748.0,2751.0,Sturnella magna,Eastern Meadowlark,0.7857,D:\AcousticMonitoringData\ELDON3_Data\Week21\ELDON3_20250606_193400.wav
2748.0,2751.0,Bartramia longicauda,Upland Sandpiper,0.2962,D:\AcousticMonitoringData\ELDON3_Data\Week21\ELDON3_20250606_193400.wav
2751.0,2754.0,Geothlypis trichas,Common Yellowthroat,0.1131,D:\AcousticMonitoringData\ELDON3_Data\Week21\ELDON3_20250606_193400.wav
2757.0,2760.0,Sturnella magna,Eastern Meadowlark,0.4696,D:\AcousticMonitoringData\ELDON3_Data\Week21\ELDON3_20250606_193400.wav
2760.0,2763.0,Sturnella magna,Eastern Meadowlark,0.3326,D:\AcousticMonitoringData\ELDON3_Data\Week21\ELDON3_20250606_193400.wav
2763.0,2766.0,Sturnella magna,Eastern Meadowlark,0.5342,D:\AcousticMonitoringData\ELDON3_Data\Week21\ELDON3_20250606_193400.wav
2766.0,2769.0,Sturnella magna,Eastern Meadowlark,0.0618,D:\AcousticMonitoringData\ELDON3_Data\Week21\ELDON3_20250606_193400.wav
2772.0,2775.0,Sturnella magna,Eastern Meadowlark,0.2955,D:\AcousticMonitoringData\ELDON3_Data\Week21\ELDON3_20250606_193400.wav
2772.0,2775.0,Bartramia longicauda,Upland Sandpiper,0.0651,D:\AcousticMonitoringData\ELDON3_Data\Week21\ELDON3_20250606_193400.wav
2775.0,2778.0,Sturnella magna,Eastern Meadowlark,0.4520,D:\AcousticMonitoringData\ELDON3_Data\Week21\ELDON3_20250606_193400.wav
2775.0,2778.0,Bartramia longicauda,Upland Sandpiper,0.1985,D:\AcousticMonitoringData\ELDON3_Data\Week21\ELDON3_20250606_193400.wav
2778.0,2781.0,Spizella pusilla,Field Sparrow,0.0811,D:\AcousticMonitoringData\ELDON3_Data\Week21\ELDON3_20250606_193400.wav
2778.0,2781.0,Sturnella magna,Eastern Meadowlark,0.0629,D:\AcousticMonitoringData\ELDON3_Data\Week21\ELDON3_20250606_193400.wav
2778.0,2781.0,Geothlypis trichas,Common Yellowthroat,0.0524,D:\AcousticMonitoringData\ELDON3_Data\Week21\ELDON3_20250606_193400.wav
2781.0,2784.0,Sturnella magna,Eastern Meadowlark,0.2850,D:\AcousticMonitoringData\ELDON3_Data\Week21\ELDON3_20250606_193400.wav
2784.0,2787.0,Sturnella magna,Eastern Meadowlark,0.2548,D:\AcousticMonitoringData\ELDON3_Data\Week21\ELDON3_20250606_193400.wav
2787.0,2790.0,Sturnella magna,Eastern Meadowlark,0.5260,D:\AcousticMonitoringData\ELDON3_Data\Week21\ELDON3_20250606_193400.wav
2793.0,2796.0,Sturnella magna,Eastern Meadowlark,0.8413,D:\AcousticMonitoringData\ELDON3_Data\Week21\ELDON3_20250606_193400.wav
2793.0,2796.0,Bartramia longicauda,Upland Sandpiper,0.1351,D:\AcousticMonitoringData\ELDON3_Data\Week21\ELDON3_20250606_193400.wav
2796.0,2799.0,Geothlypis trichas,Common Yellowthroat,0.0973,D:\AcousticMonitoringData\ELDON3_Data\Week21\ELDON3_20250606_193400.wav
2796.0,2799.0,Sturnella magna,Eastern Meadowlark,0.0874,D:\AcousticMonitoringData\ELDON3_Data\Week21\ELDON3_20250606_193400.wav
2799.0,2802.0,Sturnella magna,Eastern Meadowlark,0.1189,D:\AcousticMonitoringData\ELDON3_Data\Week21\ELDON3_20250606_193400.wav
2802.0,2805.0,Sturnella magna,Eastern Meadowlark,0.3576,D:\AcousticMonitoringData\ELDON3_Data\Week21\ELDON3_20250606_193400.wav
2802.0,2805.0,Bartramia longicauda,Upland Sandpiper,0.0749,D:\AcousticMonitoringData\ELDON3_Data\Week21\ELDON3_20250606_193400.wav
2802.0,2805.0,Geothlypis trichas,Common Yellowthroat,0.0588,D:\AcousticMonitoringData\ELDON3_Data\Week21\ELDON3_20250606_193400.wav
2808.0,2811.0,Sturnella magna,Eastern Meadowlark,0.9063,D:\AcousticMonitoringData\ELDON3_Data\Week21\ELDON3_20250606_193400.wav
2808.0,2811.0,Bartramia longicauda,Upland Sandpiper,0.0603,D:\AcousticMonitoringData\ELDON3_Data\Week21\ELDON3_20250606_193400.wav
2811.0,2814.0,Sturnella magna,Eastern Meadowlark,0.4919,D:\AcousticMonitoringData\ELDON3_Data\Week21\ELDON3_20250606_193400.wav
2814.0,2817.0,Sturnella magna,Eastern Meadowlark,0.3204,D:\AcousticMonitoringData\ELDON3_Data\Week21\ELDON3_20250606_193400.wav
2814.0,2817.0,Bartramia longicauda,Upland Sandpiper,0.0614,D:\AcousticMonitoringData\ELDON3_Data\Week21\ELDON3_20250606_193400.wav
2817.0,2820.0,Sturnella magna,Eastern Meadowlark,0.7599,D:\AcousticMonitoringData\ELDON3_Data\Week21\ELDON3_20250606_193400.wav
2817.0,2820.0,Bartramia longicauda,Upland Sandpiper,0.0786,D:\AcousticMonitoringData\ELDON3_Data\Week21\ELDON3_20250606_193400.wav
2820.0,2823.0,Geothlypis trichas,Common Yellowthroat,0.1922,D:\AcousticMonitoringData\ELDON3_Data\Week21\ELDON3_20250606_193400.wav
2823.0,2826.0,Sturnella magna,Eastern Meadowlark,0.4882,D:\AcousticMonitoringData\ELDON3_Data\Week21\ELDON3_20250606_193400.wav
2826.0,2829.0,Sturnella magna,Eastern Meadowlark,0.4064,D:\AcousticMonitoringData\ELDON3_Data\Week21\ELDON3_20250606_193400.wav
2832.0,2835.0,Sturnella magna,Eastern Meadowlark,0.3417,D:\AcousticMonitoringData\ELDON3_Data\Week21\ELDON3_20250606_193400.wav
2835.0,2838.0,Sturnella magna,Eastern Meadowlark,0.7842,D:\AcousticMonitoringData\ELDON3_Data\Week21\ELDON3_20250606_193400.wav
2838.0,2841.0,Sturnella magna,Eastern Meadowlark,0.1713,D:\AcousticMonitoringData\ELDON3_Data\Week21\ELDON3_20250606_193400.wav
2841.0,2844.0,Sturnella magna,Eastern Meadowlark,0.6094,D:\AcousticMonitoringData\ELDON3_Data\Week21\ELDON3_20250606_193400.wav
2862.0,2865.0,Sturnella magna,Eastern Meadowlark,0.5455,D:\AcousticMonitoringData\ELDON3_Data\Week21\ELDON3_20250606_193400.wav
2865.0,2868.0,Sturnella magna,Eastern Meadowlark,0.2815,D:\AcousticMonitoringData\ELDON3_Data\Week21\ELDON3_20250606_193400.wav
2868.0,2871.0,Sturnella magna,Eastern Meadowlark,0.2636,D:\AcousticMonitoringData\ELDON3_Data\Week21\ELDON3_20250606_193400.wav
2871.0,2874.0,Sturnella magna,Eastern Meadowlark,0.1042,D:\AcousticMonitoringData\ELDON3_Data\Week21\ELDON3_20250606_193400.wav
2877.0,2880.0,Sturnella magna,Eastern Meadowlark,0.6552,D:\AcousticMonitoringData\ELDON3_Data\Week21\ELDON3_20250606_193400.wav
2883.0,2886.0,Sturnella magna,Eastern Meadowlark,0.2545,D:\AcousticMonitoringData\ELDON3_Data\Week21\ELDON3_20250606_193400.wav
2889.0,2892.0,Sturnella magna,Eastern Meadowlark,0.5829,D:\AcousticMonitoringData\ELDON3_Data\Week21\ELDON3_20250606_193400.wav
2895.0,2898.0,Sturnella magna,Eastern Meadowlark,0.2954,D:\AcousticMonitoringData\ELDON3_Data\Week21\ELDON3_20250606_193400.wav
2898.0,2901.0,Sturnella magna,Eastern Meadowlark,0.4326,D:\AcousticMonitoringData\ELDON3_Data\Week21\ELDON3_20250606_193400.wav
2907.0,2910.0,Sturnella magna,Eastern Meadowlark,0.5496,D:\AcousticMonitoringData\ELDON3_Data\Week21\ELDON3_20250606_193400.wav
2910.0,2913.0,Sturnella magna,Eastern Meadowlark,0.0919,D:\AcousticMonitoringData\ELDON3_Data\Week21\ELDON3_20250606_193400.wav
2916.0,2919.0,Sturnella magna,Eastern Meadowlark,0.5542,D:\AcousticMonitoringData\ELDON3_Data\Week21\ELDON3_20250606_193400.wav
2919.0,2922.0,Sturnella magna,Eastern Meadowlark,0.3283,D:\AcousticMonitoringData\ELDON3_Data\Week21\ELDON3_20250606_193400.wav
2922.0,2925.0,Sturnella magna,Eastern Meadowlark,0.0875,D:\AcousticMonitoringData\ELDON3_Data\Week21\ELDON3_20250606_193400.wav
2925.0,2928.0,Sturnella magna,Eastern Meadowlark,0.5144,D:\AcousticMonitoringData\ELDON3_Data\Week21\ELDON3_20250606_193400.wav
2931.0,2934.0,Sturnella magna,Eastern Meadowlark,0.2635,D:\AcousticMonitoringData\ELDON3_Data\Week21\ELDON3_20250606_193400.wav
2934.0,2937.0,Sturnella magna,Eastern Meadowlark,0.2146,D:\AcousticMonitoringData\ELDON3_Data\Week21\ELDON3_20250606_193400.wav
2946.0,2949.0,Sturnella magna,Eastern Meadowlark,0.2969,D:\AcousticMonitoringData\ELDON3_Data\Week21\ELDON3_20250606_193400.wav
2949.0,2952.0,Sturnella magna,Eastern Meadowlark,0.1050,D:\AcousticMonitoringData\ELDON3_Data\Week21\ELDON3_20250606_193400.wav
2955.0,2958.0,Spizella pusilla,Field Sparrow,0.0743,D:\AcousticMonitoringData\ELDON3_Data\Week21\ELDON3_20250606_193400.wav
2955.0,2958.0,Sturnella magna,Eastern Meadowlark,0.0604,D:\AcousticMonitoringData\ELDON3_Data\Week21\ELDON3_20250606_193400.wav
2958.0,2961.0,Sturnella magna,Eastern Meadowlark,0.1481,D:\AcousticMonitoringData\ELDON3_Data\Week21\ELDON3_20250606_193400.wav
2961.0,2964.0,Sturnella magna,Eastern Meadowlark,0.1523,D:\AcousticMonitoringData\ELDON3_Data\Week21\ELDON3_20250606_193400.wav
2970.0,2973.0,Geothlypis trichas,Common Yellowthroat,0.0654,D:\AcousticMonitoringData\ELDON3_Data\Week21\ELDON3_20250606_193400.wav
2976.0,2979.0,Sturnella magna,Eastern Meadowlark,0.2020,D:\AcousticMonitoringData\ELDON3_Data\Week21\ELDON3_20250606_193400.wav
2979.0,2982.0,Geothlypis trichas,Common Yellowthroat,0.0526,D:\AcousticMonitoringData\ELDON3_Data\Week21\ELDON3_20250606_193400.wav
2982.0,2985.0,Sturnella magna,Eastern Meadowlark,0.1438,D:\AcousticMonitoringData\ELDON3_Data\Week21\ELDON3_20250606_193400.wav
2985.0,2988.0,Sturnella magna,Eastern Meadowlark,0.3394,D:\AcousticMonitoringData\ELDON3_Data\Week21\ELDON3_20250606_193400.wav
2994.0,2997.0,Sturnella magna,Eastern Meadowlark,0.3511,D:\AcousticMonitoringData\ELDON3_Data\Week21\ELDON3_20250606_193400.wav
3000.0,3003.0,Sturnella magna,Eastern Meadowlark,0.1680,D:\AcousticMonitoringData\ELDON3_Data\Week21\ELDON3_20250606_193400.wav
3003.0,3006.0,Sturnella magna,Eastern Meadowlark,0.3664,D:\AcousticMonitoringData\ELDON3_Data\Week21\ELDON3_20250606_193400.wav
3006.0,3009.0,Sturnella magna,Eastern Meadowlark,0.2542,D:\AcousticMonitoringData\ELDON3_Data\Week21\ELDON3_20250606_193400.wav
3012.0,3015.0,Geothlypis trichas,Common Yellowthroat,0.1255,D:\AcousticMonitoringData\ELDON3_Data\Week21\ELDON3_20250606_193400.wav
3015.0,3018.0,Sturnella magna,Eastern Meadowlark,0.0540,D:\AcousticMonitoringData\ELDON3_Data\Week21\ELDON3_20250606_193400.wav
3018.0,3021.0,Sturnella magna,Eastern Meadowlark,0.2066,D:\AcousticMonitoringData\ELDON3_Data\Week21\ELDON3_20250606_193400.wav
3021.0,3024.0,Sturnella magna,Eastern Meadowlark,0.3083,D:\AcousticMonitoringData\ELDON3_Data\Week21\ELDON3_20250606_193400.wav
3024.0,3027.0,Sturnella magna,Eastern Meadowlark,0.2612,D:\AcousticMonitoringData\ELDON3_Data\Week21\ELDON3_20250606_193400.wav
3027.0,3030.0,Spizella pusilla,Field Sparrow,0.5048,D:\AcousticMonitoringData\ELDON3_Data\Week21\ELDON3_20250606_193400.wav
3033.0,3036.0,Sturnella magna,Eastern Meadowlark,0.1481,D:\AcousticMonitoringData\ELDON3_Data\Week21\ELDON3_20250606_193400.wav
3033.0,3036.0,Geothlypis trichas,Common Yellowthroat,0.1204,D:\AcousticMonitoringData\ELDON3_Data\Week21\ELDON3_20250606_193400.wav
3036.0,3039.0,Geothlypis trichas,Common Yellowthroat,0.1136,D:\AcousticMonitoringData\ELDON3_Data\Week21\ELDON3_20250606_193400.wav
3042.0,3045.0,Sturnella magna,Eastern Meadowlark,0.1539,D:\AcousticMonitoringData\ELDON3_Data\Week21\ELDON3_20250606_193400.wav
3051.0,3054.0,Sturnella magna,Eastern Meadowlark,0.1540,D:\AcousticMonitoringData\ELDON3_Data\Week21\ELDON3_20250606_193400.wav
3057.0,3060.0,Sturnella magna,Eastern Meadowlark,0.0911,D:\AcousticMonitoringData\ELDON3_Data\Week21\ELDON3_20250606_193400.wav
3066.0,3069.0,Sturnella magna,Eastern Meadowlark,0.2143,D:\AcousticMonitoringData\ELDON3_Data\Week21\ELDON3_20250606_193400.wav
3075.0,3078.0,Sturnella magna,Eastern Meadowlark,0.3182,D:\AcousticMonitoringData\ELDON3_Data\Week21\ELDON3_20250606_193400.wav
3090.0,3093.0,Sturnella magna,Eastern Meadowlark,0.0654,D:\AcousticMonitoringData\ELDON3_Data\Week21\ELDON3_20250606_193400.wav
3099.0,3102.0,Sturnella magna,Eastern Meadowlark,0.0867,D:\AcousticMonitoringData\ELDON3_Data\Week21\ELDON3_20250606_193400.wav
3105.0,3108.0,Sturnella magna,Eastern Meadowlark,0.5099,D:\AcousticMonitoringData\ELDON3_Data\Week21\ELDON3_20250606_193400.wav
3108.0,3111.0,Sturnella magna,Eastern Meadowlark,0.3529,D:\AcousticMonitoringData\ELDON3_Data\Week21\ELDON3_20250606_193400.wav
3111.0,3114.0,Geothlypis trichas,Common Yellowthroat,0.0739,D:\AcousticMonitoringData\ELDON3_Data\Week21\ELDON3_20250606_193400.wav
3114.0,3117.0,Sturnella magna,Eastern Meadowlark,0.5109,D:\AcousticMonitoringData\ELDON3_Data\Week21\ELDON3_20250606_193400.wav
3120.0,3123.0,Sturnella magna,Eastern Meadowlark,0.0735,D:\AcousticMonitoringData\ELDON3_Data\Week21\ELDON3_20250606_193400.wav
3123.0,3126.0,Sturnella magna,Eastern Meadowlark,0.0581,D:\AcousticMonitoringData\ELDON3_Data\Week21\ELDON3_20250606_193400.wav
3129.0,3132.0,Spizella pusilla,Field Sparrow,0.0578,D:\AcousticMonitoringData\ELDON3_Data\Week21\ELDON3_20250606_193400.wav
3132.0,3135.0,Sturnella magna,Eastern Meadowlark,0.4217,D:\AcousticMonitoringData\ELDON3_Data\Week21\ELDON3_20250606_193400.wav
3135.0,3138.0,Sturnella magna,Eastern Meadowlark,0.1069,D:\AcousticMonitoringData\ELDON3_Data\Week21\ELDON3_20250606_193400.wav
3138.0,3141.0,Sturnella magna,Eastern Meadowlark,0.3841,D:\AcousticMonitoringData\ELDON3_Data\Week21\ELDON3_20250606_193400.wav
3141.0,3144.0,Sturnella magna,Eastern Meadowlark,0.6501,D:\AcousticMonitoringData\ELDON3_Data\Week21\ELDON3_20250606_193400.wav
3144.0,3147.0,Sturnella magna,Eastern Meadowlark,0.3840,D:\AcousticMonitoringData\ELDON3_Data\Week21\ELDON3_20250606_193400.wav
3147.0,3150.0,Sturnella magna,Eastern Meadowlark,0.1975,D:\AcousticMonitoringData\ELDON3_Data\Week21\ELDON3_20250606_193400.wav
3153.0,3156.0,Sturnella magna,Eastern Meadowlark,0.6662,D:\AcousticMonitoringData\ELDON3_Data\Week21\ELDON3_20250606_193400.wav
3156.0,3159.0,Sturnella magna,Eastern Meadowlark,0.3754,D:\AcousticMonitoringData\ELDON3_Data\Week21\ELDON3_20250606_193400.wav
3159.0,3162.0,Sturnella magna,Eastern Meadowlark,0.7859,D:\AcousticMonitoringData\ELDON3_Data\Week21\ELDON3_20250606_193400.wav
3162.0,3165.0,Geothlypis trichas,Common Yellowthroat,0.0752,D:\AcousticMonitoringData\ELDON3_Data\Week21\ELDON3_20250606_193400.wav
3171.0,3174.0,Geothlypis trichas,Common Yellowthroat,0.1925,D:\AcousticMonitoringData\ELDON3_Data\Week21\ELDON3_20250606_193400.wav
3174.0,3177.0,Geothlypis trichas,Common Yellowthroat,0.1206,D:\AcousticMonitoringData\ELDON3_Data\Week21\ELDON3_20250606_193400.wav
3177.0,3180.0,Geothlypis trichas,Common Yellowthroat,0.1011,D:\AcousticMonitoringData\ELDON3_Data\Week21\ELDON3_20250606_193400.wav
3180.0,3183.0,Sturnella magna,Eastern Meadowlark,0.5662,D:\AcousticMonitoringData\ELDON3_Data\Week21\ELDON3_20250606_193400.wav
3183.0,3186.0,Sturnella magna,Eastern Meadowlark,0.4356,D:\AcousticMonitoringData\ELDON3_Data\Week21\ELDON3_20250606_193400.wav
3186.0,3189.0,Geothlypis trichas,Common Yellowthroat,0.2069,D:\AcousticMonitoringData\ELDON3_Data\Week21\ELDON3_20250606_193400.wav
3189.0,3192.0,Geothlypis trichas,Common Yellowthroat,0.1043,D:\AcousticMonitoringData\ELDON3_Data\Week21\ELDON3_20250606_193400.wav
3192.0,3195.0,Sturnella magna,Eastern Meadowlark,0.5739,D:\AcousticMonitoringData\ELDON3_Data\Week21\ELDON3_20250606_193400.wav
3195.0,3198.0,Sturnella magna,Eastern Meadowlark,0.6702,D:\AcousticMonitoringData\ELDON3_Data\Week21\ELDON3_20250606_193400.wav
3198.0,3201.0,Geothlypis trichas,Common Yellowthroat,0.2169,D:\AcousticMonitoringData\ELDON3_Data\Week21\ELDON3_20250606_193400.wav
3204.0,3207.0,Sturnella magna,Eastern Meadowlark,0.4438,D:\AcousticMonitoringData\ELDON3_Data\Week21\ELDON3_20250606_193400.wav
3207.0,3210.0,Sturnella magna,Eastern Meadowlark,0.9076,D:\AcousticMonitoringData\ELDON3_Data\Week21\ELDON3_20250606_193400.wav
3210.0,3213.0,Sturnella magna,Eastern Meadowlark,0.0808,D:\AcousticMonitoringData\ELDON3_Data\Week21\ELDON3_20250606_193400.wav
3216.0,3219.0,Geothlypis trichas,Common Yellowthroat,0.1432,D:\AcousticMonitoringData\ELDON3_Data\Week21\ELDON3_20250606_193400.wav
3222.0,3225.0,Sturnella magna,Eastern Meadowlark,0.1549,D:\AcousticMonitoringData\ELDON3_Data\Week21\ELDON3_20250606_193400.wav
3228.0,3231.0,Geothlypis trichas,Common Yellowthroat,0.2011,D:\AcousticMonitoringData\ELDON3_Data\Week21\ELDON3_20250606_193400.wav
3234.0,3237.0,Sturnella magna,Eastern Meadowlark,0.3550,D:\AcousticMonitoringData\ELDON3_Data\Week21\ELDON3_20250606_193400.wav
3240.0,3243.0,Geothlypis trichas,Common Yellowthroat,0.3069,D:\AcousticMonitoringData\ELDON3_Data\Week21\ELDON3_20250606_193400.wav
3243.0,3246.0,Sturnella magna,Eastern Meadowlark,0.1263,D:\AcousticMonitoringData\ELDON3_Data\Week21\ELDON3_20250606_193400.wav
3249.0,3252.0,Sturnella magna,Eastern Meadowlark,0.1305,D:\AcousticMonitoringData\ELDON3_Data\Week21\ELDON3_20250606_193400.wav
3249.0,3252.0,Geothlypis trichas,Common Yellowthroat,0.0699,D:\AcousticMonitoringData\ELDON3_Data\Week21\ELDON3_20250606_193400.wav
3252.0,3255.0,Geothlypis trichas,Common Yellowthroat,0.1749,D:\AcousticMonitoringData\ELDON3_Data\Week21\ELDON3_20250606_193400.wav
3252.0,3255.0,Spizella pusilla,Field Sparrow,0.0764,D:\AcousticMonitoringData\ELDON3_Data\Week21\ELDON3_20250606_193400.wav
3261.0,3264.0,Geothlypis trichas,Common Yellowthroat,0.0743,D:\AcousticMonitoringData\ELDON3_Data\Week21\ELDON3_20250606_193400.wav
3264.0,3267.0,Sturnella magna,Eastern Meadowlark,0.3186,D:\AcousticMonitoringData\ELDON3_Data\Week21\ELDON3_20250606_193400.wav
3267.0,3270.0,Geothlypis trichas,Common Yellowthroat,0.0848,D:\AcousticMonitoringData\ELDON3_Data\Week21\ELDON3_20250606_193400.wav
3270.0,3273.0,Geothlypis trichas,Common Yellowthroat,0.0544,D:\AcousticMonitoringData\ELDON3_Data\Week21\ELDON3_20250606_193400.wav
3279.0,3282.0,Sturnella magna,Eastern Meadowlark,0.1360,D:\AcousticMonitoringData\ELDON3_Data\Week21\ELDON3_20250606_193400.wav
3282.0,3285.0,Geothlypis trichas,Common Yellowthroat,0.0778,D:\AcousticMonitoringData\ELDON3_Data\Week21\ELDON3_20250606_193400.wav
3285.0,3288.0,Geothlypis trichas,Common Yellowthroat,0.0795,D:\AcousticMonitoringData\ELDON3_Data\Week21\ELDON3_20250606_193400.wav
3288.0,3291.0,Sturnella magna,Eastern Meadowlark,0.3169,D:\AcousticMonitoringData\ELDON3_Data\Week21\ELDON3_20250606_193400.wav
3306.0,3309.0,Geothlypis trichas,Common Yellowthroat,0.1297,D:\AcousticMonitoringData\ELDON3_Data\Week21\ELDON3_20250606_193400.wav
3309.0,3312.0,Sturnella magna,Eastern Meadowlark,0.1049,D:\AcousticMonitoringData\ELDON3_Data\Week21\ELDON3_20250606_193400.wav
3315.0,3318.0,Geothlypis trichas,Common Yellowthroat,0.0508,D:\AcousticMonitoringData\ELDON3_Data\Week21\ELDON3_20250606_193400.wav
3318.0,3321.0,Sturnella magna,Eastern Meadowlark,0.2416,D:\AcousticMonitoringData\ELDON3_Data\Week21\ELDON3_20250606_193400.wav
3321.0,3324.0,Sturnella magna,Eastern Meadowlark,0.1658,D:\AcousticMonitoringData\ELDON3_Data\Week21\ELDON3_20250606_193400.wav
3324.0,3327.0,Sturnella magna,Eastern Meadowlark,0.7108,D:\AcousticMonitoringData\ELDON3_Data\Week21\ELDON3_20250606_193400.wav
3327.0,3330.0,Sturnella magna,Eastern Meadowlark,0.2417,D:\AcousticMonitoringData\ELDON3_Data\Week21\ELDON3_20250606_193400.wav
3330.0,3333.0,Sturnella magna,Eastern Meadowlark,0.4190,D:\AcousticMonitoringData\ELDON3_Data\Week21\ELDON3_20250606_193400.wav
3336.0,3339.0,Sturnella magna,Eastern Meadowlark,0.9580,D:\AcousticMonitoringData\ELDON3_Data\Week21\ELDON3_20250606_193400.wav
3342.0,3345.0,Geothlypis trichas,Common Yellowthroat,0.0606,D:\AcousticMonitoringData\ELDON3_Data\Week21\ELDON3_20250606_193400.wav
3345.0,3348.0,Sturnella magna,Eastern Meadowlark,0.6546,D:\AcousticMonitoringData\ELDON3_Data\Week21\ELDON3_20250606_193400.wav
3348.0,3351.0,Sturnella magna,Eastern Meadowlark,0.1700,D:\AcousticMonitoringData\ELDON3_Data\Week21\ELDON3_20250606_193400.wav
3351.0,3354.0,Geothlypis trichas,Common Yellowthroat,0.1577,D:\AcousticMonitoringData\ELDON3_Data\Week21\ELDON3_20250606_193400.wav
3354.0,3357.0,Sturnella magna,Eastern Meadowlark,0.5673,D:\AcousticMonitoringData\ELDON3_Data\Week21\ELDON3_20250606_193400.wav
3357.0,3360.0,Sturnella magna,Eastern Meadowlark,0.0903,D:\AcousticMonitoringData\ELDON3_Data\Week21\ELDON3_20250606_193400.wav
3357.0,3360.0,Spizella pusilla,Field Sparrow,0.0641,D:\AcousticMonitoringData\ELDON3_Data\Week21\ELDON3_20250606_193400.wav
3360.0,3363.0,Sturnella magna,Eastern Meadowlark,0.5985,D:\AcousticMonitoringData\ELDON3_Data\Week21\ELDON3_20250606_193400.wav
3369.0,3372.0,Sturnella magna,Eastern Meadowlark,0.8062,D:\AcousticMonitoringData\ELDON3_Data\Week21\ELDON3_20250606_193400.wav
3372.0,3375.0,Sturnella magna,Eastern Meadowlark,0.7895,D:\AcousticMonitoringData\ELDON3_Data\Week21\ELDON3_20250606_193400.wav
3378.0,3381.0,Sturnella magna,Eastern Meadowlark,0.8845,D:\AcousticMonitoringData\ELDON3_Data\Week21\ELDON3_20250606_193400.wav
3381.0,3384.0,Sturnella magna,Eastern Meadowlark,0.3848,D:\AcousticMonitoringData\ELDON3_Data\Week21\ELDON3_20250606_193400.wav
3387.0,3390.0,Sturnella magna,Eastern Meadowlark,0.8387,D:\AcousticMonitoringData\ELDON3_Data\Week21\ELDON3_20250606_193400.wav
3390.0,3393.0,Sturnella magna,Eastern Meadowlark,0.2419,D:\AcousticMonitoringData\ELDON3_Data\Week21\ELDON3_20250606_193400.wav
3390.0,3393.0,Spizella pusilla,Field Sparrow,0.0972,D:\AcousticMonitoringData\ELDON3_Data\Week21\ELDON3_20250606_193400.wav
3396.0,3399.0,Sturnella magna,Eastern Meadowlark,0.7851,D:\AcousticMonitoringData\ELDON3_Data\Week21\ELDON3_20250606_193400.wav
3396.0,3399.0,Bartramia longicauda,Upland Sandpiper,0.0890,D:\AcousticMonitoringData\ELDON3_Data\Week21\ELDON3_20250606_193400.wav
3399.0,3402.0,Sturnella magna,Eastern Meadowlark,0.4165,D:\AcousticMonitoringData\ELDON3_Data\Week21\ELDON3_20250606_193400.wav
3402.0,3405.0,Bartramia longicauda,Upland Sandpiper,0.0542,D:\AcousticMonitoringData\ELDON3_Data\Week21\ELDON3_20250606_193400.wav
3405.0,3408.0,Sturnella magna,Eastern Meadowlark,0.5322,D:\AcousticMonitoringData\ELDON3_Data\Week21\ELDON3_20250606_193400.wav
3408.0,3411.0,Sturnella magna,Eastern Meadowlark,0.9390,D:\AcousticMonitoringData\ELDON3_Data\Week21\ELDON3_20250606_193400.wav
3411.0,3414.0,Sturnella magna,Eastern Meadowlark,0.1039,D:\AcousticMonitoringData\ELDON3_Data\Week21\ELDON3_20250606_193400.wav
3414.0,3417.0,Sturnella magna,Eastern Meadowlark,0.2612,D:\AcousticMonitoringData\ELDON3_Data\Week21\ELDON3_20250606_193400.wav
3417.0,3420.0,Sturnella magna,Eastern Meadowlark,0.9316,D:\AcousticMonitoringData\ELDON3_Data\Week21\ELDON3_20250606_193400.wav
3423.0,3426.0,Sturnella magna,Eastern Meadowlark,0.4398,D:\AcousticMonitoringData\ELDON3_Data\Week21\ELDON3_20250606_193400.wav
3423.0,3426.0,Bartramia longicauda,Upland Sandpiper,0.0787,D:\AcousticMonitoringData\ELDON3_Data\Week21\ELDON3_20250606_193400.wav
3426.0,3429.0,Sturnella magna,Eastern Meadowlark,0.7845,D:\AcousticMonitoringData\ELDON3_Data\Week21\ELDON3_20250606_193400.wav
3429.0,3432.0,Sturnella magna,Eastern Meadowlark,0.2217,D:\AcousticMonitoringData\ELDON3_Data\Week21\ELDON3_20250606_193400.wav
3435.0,3438.0,Sturnella magna,Eastern Meadowlark,0.1745,D:\AcousticMonitoringData\ELDON3_Data\Week21\ELDON3_20250606_193400.wav
3435.0,3438.0,Bartramia longicauda,Upland Sandpiper,0.0568,D:\AcousticMonitoringData\ELDON3_Data\Week21\ELDON3_20250606_193400.wav
3438.0,3441.0,Sturnella magna,Eastern Meadowlark,0.1500,D:\AcousticMonitoringData\ELDON3_Data\Week21\ELDON3_20250606_193400.wav
3441.0,3444.0,Sturnella magna,Eastern Meadowlark,0.6915,D:\AcousticMonitoringData\ELDON3_Data\Week21\ELDON3_20250606_193400.wav
3444.0,3447.0,Sturnella magna,Eastern Meadowlark,0.2645,D:\AcousticMonitoringData\ELDON3_Data\Week21\ELDON3_20250606_193400.wav
3447.0,3450.0,Geothlypis trichas,Common Yellowthroat,0.1761,D:\AcousticMonitoringData\ELDON3_Data\Week21\ELDON3_20250606_193400.wav
3450.0,3453.0,Sturnella magna,Eastern Meadowlark,0.6530,D:\AcousticMonitoringData\ELDON3_Data\Week21\ELDON3_20250606_193400.wav
3453.0,3456.0,Sturnella magna,Eastern Meadowlark,0.2143,D:\AcousticMonitoringData\ELDON3_Data\Week21\ELDON3_20250606_193400.wav
3456.0,3459.0,Sturnella magna,Eastern Meadowlark,0.0600,D:\AcousticMonitoringData\ELDON3_Data\Week21\ELDON3_20250606_193400.wav
3459.0,3462.0,Geothlypis trichas,Common Yellowthroat,0.1013,D:\AcousticMonitoringData\ELDON3_Data\Week21\ELDON3_20250606_193400.wav
3459.0,3462.0,Spizella pusilla,Field Sparrow,0.0991,D:\AcousticMonitoringData\ELDON3_Data\Week21\ELDON3_20250606_193400.wav
3462.0,3465.0,Sturnella magna,Eastern Meadowlark,0.7563,D:\AcousticMonitoringData\ELDON3_Data\Week21\ELDON3_20250606_193400.wav
3465.0,3468.0,Sturnella magna,Eastern Meadowlark,0.0739,D:\AcousticMonitoringData\ELDON3_Data\Week21\ELDON3_20250606_193400.wav
3471.0,3474.0,Sturnella magna,Eastern Meadowlark,0.4630,D:\AcousticMonitoringData\ELDON3_Data\Week21\ELDON3_20250606_193400.wav
3474.0,3477.0,Sturnella magna,Eastern Meadowlark,0.1516,D:\AcousticMonitoringData\ELDON3_Data\Week21\ELDON3_20250606_193400.wav
3477.0,3480.0,Geothlypis trichas,Common Yellowthroat,0.1177,D:\AcousticMonitoringData\ELDON3_Data\Week21\ELDON3_20250606_193400.wav
3480.0,3483.0,Sturnella magna,Eastern Meadowlark,0.2540,D:\AcousticMonitoringData\ELDON3_Data\Week21\ELDON3_20250606_193400.wav
3483.0,3486.0,Sturnella magna,Eastern Meadowlark,0.6622,D:\AcousticMonitoringData\ELDON3_Data\Week21\ELDON3_20250606_193400.wav
3489.0,3492.0,Sturnella magna,Eastern Meadowlark,0.1429,D:\AcousticMonitoringData\ELDON3_Data\Week21\ELDON3_20250606_193400.wav
3489.0,3492.0,Geothlypis trichas,Common Yellowthroat,0.0816,D:\AcousticMonitoringData\ELDON3_Data\Week21\ELDON3_20250606_193400.wav
3489.0,3492.0,Bartramia longicauda,Upland Sandpiper,0.0527,D:\AcousticMonitoringData\ELDON3_Data\Week21\ELDON3_20250606_193400.wav
3492.0,3495.0,Sturnella magna,Eastern Meadowlark,0.5895,D:\AcousticMonitoringData\ELDON3_Data\Week21\ELDON3_20250606_193400.wav
3498.0,3501.0,Sturnella magna,Eastern Meadowlark,0.3036,D:\AcousticMonitoringData\ELDON3_Data\Week21\ELDON3_20250606_193400.wav
3501.0,3504.0,Sturnella magna,Eastern Meadowlark,0.7904,D:\AcousticMonitoringData\ELDON3_Data\Week21\ELDON3_20250606_193400.wav
3504.0,3507.0,Geothlypis trichas,Common Yellowthroat,0.2577,D:\AcousticMonitoringData\ELDON3_Data\Week21\ELDON3_20250606_193400.wav
3504.0,3507.0,Sturnella magna,Eastern Meadowlark,0.1639,D:\AcousticMonitoringData\ELDON3_Data\Week21\ELDON3_20250606_193400.wav
3507.0,3510.0,Spizella pusilla,Field Sparrow,0.1078,D:\AcousticMonitoringData\ELDON3_Data\Week21\ELDON3_20250606_193400.wav
3507.0,3510.0,Sturnella magna,Eastern Meadowlark,0.0911,D:\AcousticMonitoringData\ELDON3_Data\Week21\ELDON3_20250606_193400.wav
3510.0,3513.0,Sturnella magna,Eastern Meadowlark,0.2978,D:\AcousticMonitoringData\ELDON3_Data\Week21\ELDON3_20250606_193400.wav
3513.0,3516.0,Sturnella magna,Eastern Meadowlark,0.4610,D:\AcousticMonitoringData\ELDON3_Data\Week21\ELDON3_20250606_193400.wav
3516.0,3519.0,Sturnella magna,Eastern Meadowlark,0.3733,D:\AcousticMonitoringData\ELDON3_Data\Week21\ELDON3_20250606_193400.wav
3519.0,3522.0,Sturnella magna,Eastern Meadowlark,0.1079,D:\AcousticMonitoringData\ELDON3_Data\Week21\ELDON3_20250606_193400.wav
3522.0,3525.0,Sturnella magna,Eastern Meadowlark,0.1466,D:\AcousticMonitoringData\ELDON3_Data\Week21\ELDON3_20250606_193400.wav
3522.0,3525.0,Spizella pusilla,Field Sparrow,0.0650,D:\AcousticMonitoringData\ELDON3_Data\Week21\ELDON3_20250606_193400.wav
3525.0,3528.0,Sturnella magna,Eastern Meadowlark,0.6221,D:\AcousticMonitoringData\ELDON3_Data\Week21\ELDON3_20250606_193400.wav
3528.0,3531.0,Sturnella magna,Eastern Meadowlark,0.1072,D:\AcousticMonitoringData\ELDON3_Data\Week21\ELDON3_20250606_193400.wav
3531.0,3534.0,Sturnella magna,Eastern Meadowlark,0.2469,D:\AcousticMonitoringData\ELDON3_Data\Week21\ELDON3_20250606_193400.wav
3531.0,3534.0,Bartramia longicauda,Upland Sandpiper,0.0959,D:\AcousticMonitoringData\ELDON3_Data\Week21\ELDON3_20250606_193400.wav
3534.0,3537.0,Sturnella magna,Eastern Meadowlark,0.4791,D:\AcousticMonitoringData\ELDON3_Data\Week21\ELDON3_20250606_193400.wav
3537.0,3540.0,Geothlypis trichas,Common Yellowthroat,0.0618,D:\AcousticMonitoringData\ELDON3_Data\Week21\ELDON3_20250606_193400.wav
3540.0,3543.0,Sturnella magna,Eastern Meadowlark,0.6696,D:\AcousticMonitoringData\ELDON3_Data\Week21\ELDON3_20250606_193400.wav
3546.0,3549.0,Sturnella magna,Eastern Meadowlark,0.6804,D:\AcousticMonitoringData\ELDON3_Data\Week21\ELDON3_20250606_193400.wav
3549.0,3552.0,Sturnella magna,Eastern Meadowlark,0.7396,D:\AcousticMonitoringData\ELDON3_Data\Week21\ELDON3_20250606_193400.wav
3555.0,3558.0,Sturnella magna,Eastern Meadowlark,0.0739,D:\AcousticMonitoringData\ELDON3_Data\Week21\ELDON3_20250606_193400.wav
3558.0,3561.0,Sturnella magna,Eastern Meadowlark,0.5455,D:\AcousticMonitoringData\ELDON3_Data\Week21\ELDON3_20250606_193400.wav
3558.0,3561.0,Bartramia longicauda,Upland Sandpiper,0.1356,D:\AcousticMonitoringData\ELDON3_Data\Week21\ELDON3_20250606_193400.wav
3561.0,3564.0,Geothlypis trichas,Common Yellowthroat,0.1224,D:\AcousticMonitoringData\ELDON3_Data\Week21\ELDON3_20250606_193400.wav
3564.0,3567.0,Sturnella magna,Eastern Meadowlark,0.5496,D:\AcousticMonitoringData\ELDON3_Data\Week21\ELDON3_20250606_193400.wav
3567.0,3570.0,Sturnella magna,Eastern Meadowlark,0.4376,D:\AcousticMonitoringData\ELDON3_Data\Week21\ELDON3_20250606_193400.wav
3567.0,3570.0,Spizella pusilla,Field Sparrow,0.0560,D:\AcousticMonitoringData\ELDON3_Data\Week21\ELDON3_20250606_193400.wav
3570.0,3573.0,Sturnella magna,Eastern Meadowlark,0.3700,D:\AcousticMonitoringData\ELDON3_Data\Week21\ELDON3_20250606_193400.wav
3570.0,3573.0,Spizella pusilla,Field Sparrow,0.1590,D:\AcousticMonitoringData\ELDON3_Data\Week21\ELDON3_20250606_193400.wav
3573.0,3576.0,Sturnella magna,Eastern Meadowlark,0.7301,D:\AcousticMonitoringData\ELDON3_Data\Week21\ELDON3_20250606_193400.wav
3573.0,3576.0,Spizella pusilla,Field Sparrow,0.0655,D:\AcousticMonitoringData\ELDON3_Data\Week21\ELDON3_20250606_193400.wav
3576.0,3579.0,Sturnella magna,Eastern Meadowlark,0.6387,D:\AcousticMonitoringData\ELDON3_Data\Week21\ELDON3_20250606_193400.wav
3579.0,3582.0,Sturnella magna,Eastern Meadowlark,0.1960,D:\AcousticMonitoringData\ELDON3_Data\Week21\ELDON3_20250606_193400.wav
3579.0,3582.0,Bartramia longicauda,Upland Sandpiper,0.1253,D:\AcousticMonitoringData\ELDON3_Data\Week21\ELDON3_20250606_193400.wav
3579.0,3582.0,Geothlypis trichas,Common Yellowthroat,0.0730,D:\AcousticMonitoringData\ELDON3_Data\Week21\ELDON3_20250606_193400.wav
3582.0,3585.0,Sturnella magna,Eastern Meadowlark,0.0612,D:\AcousticMonitoringData\ELDON3_Data\Week21\ELDON3_20250606_193400.wav
3585.0,3588.0,Sturnella magna,Eastern Meadowlark,0.2176,D:\AcousticMonitoringData\ELDON3_Data\Week21\ELDON3_20250606_193400.wav
3588.0,3591.0,Sturnella magna,Eastern Meadowlark,0.2317,D:\AcousticMonitoringData\ELDON3_Data\Week21\ELDON3_20250606_193400.wav
3591.0,3594.0,Sturnella magna,Eastern Meadowlark,0.5531,D:\AcousticMonitoringData\ELDON3_Data\Week21\ELDON3_20250606_193400.wav
3597.0,3600.0,Sturnella magna,Eastern Meadowlark,0.2353,D:\AcousticMonitoringData\ELDON3_Data\Week21\ELDON3_20250606_193400.wav
3600.0,3603.0,Sturnella magna,Eastern Meadowlark,0.2488,D:\AcousticMonitoringData\ELDON3_Data\Week21\ELDON3_20250606_193400.wav
