Start (s),End (s),Scientific name,Common name,Confidence,File
0,3.0,Geothlypis trichas,Common Yellowthroat,0.0390,D:/AcousticMonitoringData/ELDON8_Data/Week16\ELDON8_20250428_200202.wav
3.0,6.0,Sturnella magna,Eastern Meadowlark,0.0664,D:/AcousticMonitoringData/ELDON8_Data/Week16\ELDON8_20250428_200202.wav
6.0,9.0,Geothlypis trichas,Common Yellowthroat,0.0584,D:/AcousticMonitoringData/ELDON8_Data/Week16\ELDON8_20250428_200202.wav
6.0,9.0,Spizella pusilla,Field Sparrow,0.0128,D:/AcousticMonitoringData/ELDON8_Data/Week16\ELDON8_20250428_200202.wav
9.0,12.0,Geothlypis trichas,Common Yellowthroat,0.0168,D:/AcousticMonitoringData/ELDON8_Data/Week16\ELDON8_20250428_200202.wav
12.0,15.0,Geothlypis trichas,Common Yellowthroat,0.0101,D:/AcousticMonitoringData/ELDON8_Data/Week16\ELDON8_20250428_200202.wav
24.0,27.0,Geothlypis trichas,Common Yellowthroat,0.0659,D:/AcousticMonitoringData/ELDON8_Data/Week16\ELDON8_20250428_200202.wav
24.0,27.0,Spizella pusilla,Field Sparrow,0.0149,D:/AcousticMonitoringData/ELDON8_Data/Week16\ELDON8_20250428_200202.wav
27.0,30.0,Passerina caerulea,Blue Grosbeak,0.0126,D:/AcousticMonitoringData/ELDON8_Data/Week16\ELDON8_20250428_200202.wav
39.0,42.0,Spizella pusilla,Field Sparrow,0.0112,D:/AcousticMonitoringData/ELDON8_Data/Week16\ELDON8_20250428_200202.wav
42.0,45.0,Geothlypis trichas,Common Yellowthroat,0.0363,D:/AcousticMonitoringData/ELDON8_Data/Week16\ELDON8_20250428_200202.wav
42.0,45.0,Spizella pusilla,Field Sparrow,0.0191,D:/AcousticMonitoringData/ELDON8_Data/Week16\ELDON8_20250428_200202.wav
42.0,45.0,Passerina caerulea,Blue Grosbeak,0.0137,D:/AcousticMonitoringData/ELDON8_Data/Week16\ELDON8_20250428_200202.wav
45.0,48.0,Spizella pusilla,Field Sparrow,0.1018,D:/AcousticMonitoringData/ELDON8_Data/Week16\ELDON8_20250428_200202.wav
45.0,48.0,Geothlypis trichas,Common Yellowthroat,0.0226,D:/AcousticMonitoringData/ELDON8_Data/Week16\ELDON8_20250428_200202.wav
45.0,48.0,Passerina caerulea,Blue Grosbeak,0.0121,D:/AcousticMonitoringData/ELDON8_Data/Week16\ELDON8_20250428_200202.wav
48.0,51.0,Spizella pusilla,Field Sparrow,0.0282,D:/AcousticMonitoringData/ELDON8_Data/Week16\ELDON8_20250428_200202.wav
51.0,54.0,Spizella pusilla,Field Sparrow,0.0188,D:/AcousticMonitoringData/ELDON8_Data/Week16\ELDON8_20250428_200202.wav
57.0,60.0,Spizella pusilla,Field Sparrow,0.0235,D:/AcousticMonitoringData/ELDON8_Data/Week16\ELDON8_20250428_200202.wav
60.0,63.0,Geothlypis trichas,Common Yellowthroat,0.0137,D:/AcousticMonitoringData/ELDON8_Data/Week16\ELDON8_20250428_200202.wav
66.0,69.0,Spizella pusilla,Field Sparrow,0.0765,D:/AcousticMonitoringData/ELDON8_Data/Week16\ELDON8_20250428_200202.wav
69.0,72.0,Spizella pusilla,Field Sparrow,0.0155,D:/AcousticMonitoringData/ELDON8_Data/Week16\ELDON8_20250428_200202.wav
72.0,75.0,Geothlypis trichas,Common Yellowthroat,0.0907,D:/AcousticMonitoringData/ELDON8_Data/Week16\ELDON8_20250428_200202.wav
72.0,75.0,Spizella pusilla,Field Sparrow,0.0207,D:/AcousticMonitoringData/ELDON8_Data/Week16\ELDON8_20250428_200202.wav
75.0,78.0,Spizella pusilla,Field Sparrow,0.0285,D:/AcousticMonitoringData/ELDON8_Data/Week16\ELDON8_20250428_200202.wav
78.0,81.0,Spizella pusilla,Field Sparrow,0.0315,D:/AcousticMonitoringData/ELDON8_Data/Week16\ELDON8_20250428_200202.wav
87.0,90.0,Spizella pusilla,Field Sparrow,0.0218,D:/AcousticMonitoringData/ELDON8_Data/Week16\ELDON8_20250428_200202.wav
93.0,96.0,Spizella pusilla,Field Sparrow,0.0184,D:/AcousticMonitoringData/ELDON8_Data/Week16\ELDON8_20250428_200202.wav
99.0,102.0,Spizella pusilla,Field Sparrow,0.0200,D:/AcousticMonitoringData/ELDON8_Data/Week16\ELDON8_20250428_200202.wav
102.0,105.0,Geothlypis trichas,Common Yellowthroat,0.0102,D:/AcousticMonitoringData/ELDON8_Data/Week16\ELDON8_20250428_200202.wav
105.0,108.0,Spizella pusilla,Field Sparrow,0.0113,D:/AcousticMonitoringData/ELDON8_Data/Week16\ELDON8_20250428_200202.wav
108.0,111.0,Spizella pusilla,Field Sparrow,0.0263,D:/AcousticMonitoringData/ELDON8_Data/Week16\ELDON8_20250428_200202.wav
111.0,114.0,Spizella pusilla,Field Sparrow,0.0202,D:/AcousticMonitoringData/ELDON8_Data/Week16\ELDON8_20250428_200202.wav
114.0,117.0,Spizella pusilla,Field Sparrow,0.1186,D:/AcousticMonitoringData/ELDON8_Data/Week16\ELDON8_20250428_200202.wav
117.0,120.0,Geothlypis trichas,Common Yellowthroat,0.0297,D:/AcousticMonitoringData/ELDON8_Data/Week16\ELDON8_20250428_200202.wav
117.0,120.0,Spizella pusilla,Field Sparrow,0.0216,D:/AcousticMonitoringData/ELDON8_Data/Week16\ELDON8_20250428_200202.wav
120.0,123.0,Spizella pusilla,Field Sparrow,0.0250,D:/AcousticMonitoringData/ELDON8_Data/Week16\ELDON8_20250428_200202.wav
123.0,126.0,Spizella pusilla,Field Sparrow,0.1522,D:/AcousticMonitoringData/ELDON8_Data/Week16\ELDON8_20250428_200202.wav
126.0,129.0,Spizella pusilla,Field Sparrow,0.0270,D:/AcousticMonitoringData/ELDON8_Data/Week16\ELDON8_20250428_200202.wav
129.0,132.0,Spizella pusilla,Field Sparrow,0.0278,D:/AcousticMonitoringData/ELDON8_Data/Week16\ELDON8_20250428_200202.wav
129.0,132.0,Geothlypis trichas,Common Yellowthroat,0.0177,D:/AcousticMonitoringData/ELDON8_Data/Week16\ELDON8_20250428_200202.wav
132.0,135.0,Spizella pusilla,Field Sparrow,0.2398,D:/AcousticMonitoringData/ELDON8_Data/Week16\ELDON8_20250428_200202.wav
135.0,138.0,Spizella pusilla,Field Sparrow,0.1005,D:/AcousticMonitoringData/ELDON8_Data/Week16\ELDON8_20250428_200202.wav
135.0,138.0,Geothlypis trichas,Common Yellowthroat,0.0757,D:/AcousticMonitoringData/ELDON8_Data/Week16\ELDON8_20250428_200202.wav
138.0,141.0,Spizella pusilla,Field Sparrow,0.0361,D:/AcousticMonitoringData/ELDON8_Data/Week16\ELDON8_20250428_200202.wav
144.0,147.0,Spizella pusilla,Field Sparrow,0.0342,D:/AcousticMonitoringData/ELDON8_Data/Week16\ELDON8_20250428_200202.wav
147.0,150.0,Spizella pusilla,Field Sparrow,0.1200,D:/AcousticMonitoringData/ELDON8_Data/Week16\ELDON8_20250428_200202.wav
150.0,153.0,Spizella pusilla,Field Sparrow,0.1658,D:/AcousticMonitoringData/ELDON8_Data/Week16\ELDON8_20250428_200202.wav
153.0,156.0,Spizella pusilla,Field Sparrow,0.0104,D:/AcousticMonitoringData/ELDON8_Data/Week16\ELDON8_20250428_200202.wav
156.0,159.0,Geothlypis trichas,Common Yellowthroat,0.0137,D:/AcousticMonitoringData/ELDON8_Data/Week16\ELDON8_20250428_200202.wav
159.0,162.0,Geothlypis trichas,Common Yellowthroat,0.0840,D:/AcousticMonitoringData/ELDON8_Data/Week16\ELDON8_20250428_200202.wav
159.0,162.0,Spizella pusilla,Field Sparrow,0.0294,D:/AcousticMonitoringData/ELDON8_Data/Week16\ELDON8_20250428_200202.wav
162.0,165.0,Spizella pusilla,Field Sparrow,0.0470,D:/AcousticMonitoringData/ELDON8_Data/Week16\ELDON8_20250428_200202.wav
171.0,174.0,Spizella pusilla,Field Sparrow,0.0112,D:/AcousticMonitoringData/ELDON8_Data/Week16\ELDON8_20250428_200202.wav
174.0,177.0,Spizella pusilla,Field Sparrow,0.0927,D:/AcousticMonitoringData/ELDON8_Data/Week16\ELDON8_20250428_200202.wav
177.0,180.0,Spizella pusilla,Field Sparrow,0.0342,D:/AcousticMonitoringData/ELDON8_Data/Week16\ELDON8_20250428_200202.wav
180.0,183.0,Geothlypis trichas,Common Yellowthroat,0.0560,D:/AcousticMonitoringData/ELDON8_Data/Week16\ELDON8_20250428_200202.wav
180.0,183.0,Spizella pusilla,Field Sparrow,0.0180,D:/AcousticMonitoringData/ELDON8_Data/Week16\ELDON8_20250428_200202.wav
183.0,186.0,Spizella pusilla,Field Sparrow,0.0710,D:/AcousticMonitoringData/ELDON8_Data/Week16\ELDON8_20250428_200202.wav
183.0,186.0,Geothlypis trichas,Common Yellowthroat,0.0131,D:/AcousticMonitoringData/ELDON8_Data/Week16\ELDON8_20250428_200202.wav
192.0,195.0,Geothlypis trichas,Common Yellowthroat,0.0100,D:/AcousticMonitoringData/ELDON8_Data/Week16\ELDON8_20250428_200202.wav
210.0,213.0,Geothlypis trichas,Common Yellowthroat,0.0307,D:/AcousticMonitoringData/ELDON8_Data/Week16\ELDON8_20250428_200202.wav
210.0,213.0,Spizella pusilla,Field Sparrow,0.0233,D:/AcousticMonitoringData/ELDON8_Data/Week16\ELDON8_20250428_200202.wav
213.0,216.0,Spizella pusilla,Field Sparrow,0.0138,D:/AcousticMonitoringData/ELDON8_Data/Week16\ELDON8_20250428_200202.wav
213.0,216.0,Geothlypis trichas,Common Yellowthroat,0.0113,D:/AcousticMonitoringData/ELDON8_Data/Week16\ELDON8_20250428_200202.wav
216.0,219.0,Geothlypis trichas,Common Yellowthroat,0.0274,D:/AcousticMonitoringData/ELDON8_Data/Week16\ELDON8_20250428_200202.wav
216.0,219.0,Spizella pusilla,Field Sparrow,0.0126,D:/AcousticMonitoringData/ELDON8_Data/Week16\ELDON8_20250428_200202.wav
219.0,222.0,Spizella pusilla,Field Sparrow,0.0333,D:/AcousticMonitoringData/ELDON8_Data/Week16\ELDON8_20250428_200202.wav
222.0,225.0,Spizella pusilla,Field Sparrow,0.0435,D:/AcousticMonitoringData/ELDON8_Data/Week16\ELDON8_20250428_200202.wav
225.0,228.0,Spizella pusilla,Field Sparrow,0.0705,D:/AcousticMonitoringData/ELDON8_Data/Week16\ELDON8_20250428_200202.wav
225.0,228.0,Geothlypis trichas,Common Yellowthroat,0.0189,D:/AcousticMonitoringData/ELDON8_Data/Week16\ELDON8_20250428_200202.wav
228.0,231.0,Spizella pusilla,Field Sparrow,0.0196,D:/AcousticMonitoringData/ELDON8_Data/Week16\ELDON8_20250428_200202.wav
231.0,234.0,Geothlypis trichas,Common Yellowthroat,0.0175,D:/AcousticMonitoringData/ELDON8_Data/Week16\ELDON8_20250428_200202.wav
234.0,237.0,Geothlypis trichas,Common Yellowthroat,0.0677,D:/AcousticMonitoringData/ELDON8_Data/Week16\ELDON8_20250428_200202.wav
234.0,237.0,Melospiza melodia,Song Sparrow,0.0114,D:/AcousticMonitoringData/ELDON8_Data/Week16\ELDON8_20250428_200202.wav
237.0,240.0,Spizella pusilla,Field Sparrow,0.0322,D:/AcousticMonitoringData/ELDON8_Data/Week16\ELDON8_20250428_200202.wav
237.0,240.0,Geothlypis trichas,Common Yellowthroat,0.0221,D:/AcousticMonitoringData/ELDON8_Data/Week16\ELDON8_20250428_200202.wav
237.0,240.0,Melospiza melodia,Song Sparrow,0.0157,D:/AcousticMonitoringData/ELDON8_Data/Week16\ELDON8_20250428_200202.wav
243.0,246.0,Melospiza melodia,Song Sparrow,0.0188,D:/AcousticMonitoringData/ELDON8_Data/Week16\ELDON8_20250428_200202.wav
243.0,246.0,Geothlypis trichas,Common Yellowthroat,0.0121,D:/AcousticMonitoringData/ELDON8_Data/Week16\ELDON8_20250428_200202.wav
246.0,249.0,Geothlypis trichas,Common Yellowthroat,0.0160,D:/AcousticMonitoringData/ELDON8_Data/Week16\ELDON8_20250428_200202.wav
249.0,252.0,Spizella pusilla,Field Sparrow,0.0138,D:/AcousticMonitoringData/ELDON8_Data/Week16\ELDON8_20250428_200202.wav
252.0,255.0,Spizella pusilla,Field Sparrow,0.0147,D:/AcousticMonitoringData/ELDON8_Data/Week16\ELDON8_20250428_200202.wav
255.0,258.0,Geothlypis trichas,Common Yellowthroat,0.0236,D:/AcousticMonitoringData/ELDON8_Data/Week16\ELDON8_20250428_200202.wav
255.0,258.0,Spizella pusilla,Field Sparrow,0.0189,D:/AcousticMonitoringData/ELDON8_Data/Week16\ELDON8_20250428_200202.wav
258.0,261.0,Passerina caerulea,Blue Grosbeak,0.0104,D:/AcousticMonitoringData/ELDON8_Data/Week16\ELDON8_20250428_200202.wav
264.0,267.0,Spizella pusilla,Field Sparrow,0.1685,D:/AcousticMonitoringData/ELDON8_Data/Week16\ELDON8_20250428_200202.wav
264.0,267.0,Sturnella magna,Eastern Meadowlark,0.0166,D:/AcousticMonitoringData/ELDON8_Data/Week16\ELDON8_20250428_200202.wav
264.0,267.0,Geothlypis trichas,Common Yellowthroat,0.0115,D:/AcousticMonitoringData/ELDON8_Data/Week16\ELDON8_20250428_200202.wav
267.0,270.0,Geothlypis trichas,Common Yellowthroat,0.0855,D:/AcousticMonitoringData/ELDON8_Data/Week16\ELDON8_20250428_200202.wav
267.0,270.0,Spizella pusilla,Field Sparrow,0.0268,D:/AcousticMonitoringData/ELDON8_Data/Week16\ELDON8_20250428_200202.wav
270.0,273.0,Spizella pusilla,Field Sparrow,0.0682,D:/AcousticMonitoringData/ELDON8_Data/Week16\ELDON8_20250428_200202.wav
273.0,276.0,Spizella pusilla,Field Sparrow,0.1290,D:/AcousticMonitoringData/ELDON8_Data/Week16\ELDON8_20250428_200202.wav
273.0,276.0,Geothlypis trichas,Common Yellowthroat,0.0160,D:/AcousticMonitoringData/ELDON8_Data/Week16\ELDON8_20250428_200202.wav
276.0,279.0,Spizella pusilla,Field Sparrow,0.0323,D:/AcousticMonitoringData/ELDON8_Data/Week16\ELDON8_20250428_200202.wav
276.0,279.0,Geothlypis trichas,Common Yellowthroat,0.0146,D:/AcousticMonitoringData/ELDON8_Data/Week16\ELDON8_20250428_200202.wav
279.0,282.0,Spizella pusilla,Field Sparrow,0.0375,D:/AcousticMonitoringData/ELDON8_Data/Week16\ELDON8_20250428_200202.wav
279.0,282.0,Geothlypis trichas,Common Yellowthroat,0.0157,D:/AcousticMonitoringData/ELDON8_Data/Week16\ELDON8_20250428_200202.wav
282.0,285.0,Geothlypis trichas,Common Yellowthroat,0.2742,D:/AcousticMonitoringData/ELDON8_Data/Week16\ELDON8_20250428_200202.wav
285.0,288.0,Geothlypis trichas,Common Yellowthroat,0.1782,D:/AcousticMonitoringData/ELDON8_Data/Week16\ELDON8_20250428_200202.wav
288.0,291.0,Geothlypis trichas,Common Yellowthroat,0.0478,D:/AcousticMonitoringData/ELDON8_Data/Week16\ELDON8_20250428_200202.wav
291.0,294.0,Geothlypis trichas,Common Yellowthroat,0.1548,D:/AcousticMonitoringData/ELDON8_Data/Week16\ELDON8_20250428_200202.wav
291.0,294.0,Spizella pusilla,Field Sparrow,0.0196,D:/AcousticMonitoringData/ELDON8_Data/Week16\ELDON8_20250428_200202.wav
294.0,297.0,Geothlypis trichas,Common Yellowthroat,0.0757,D:/AcousticMonitoringData/ELDON8_Data/Week16\ELDON8_20250428_200202.wav
303.0,306.0,Geothlypis trichas,Common Yellowthroat,0.0255,D:/AcousticMonitoringData/ELDON8_Data/Week16\ELDON8_20250428_200202.wav
306.0,309.0,Geothlypis trichas,Common Yellowthroat,0.7334,D:/AcousticMonitoringData/ELDON8_Data/Week16\ELDON8_20250428_200202.wav
306.0,309.0,Spizella pusilla,Field Sparrow,0.0260,D:/AcousticMonitoringData/ELDON8_Data/Week16\ELDON8_20250428_200202.wav
306.0,309.0,Melospiza melodia,Song Sparrow,0.0148,D:/AcousticMonitoringData/ELDON8_Data/Week16\ELDON8_20250428_200202.wav
309.0,312.0,Geothlypis trichas,Common Yellowthroat,0.0339,D:/AcousticMonitoringData/ELDON8_Data/Week16\ELDON8_20250428_200202.wav
309.0,312.0,Spizella pusilla,Field Sparrow,0.0147,D:/AcousticMonitoringData/ELDON8_Data/Week16\ELDON8_20250428_200202.wav
312.0,315.0,Geothlypis trichas,Common Yellowthroat,0.0296,D:/AcousticMonitoringData/ELDON8_Data/Week16\ELDON8_20250428_200202.wav
315.0,318.0,Spizella pusilla,Field Sparrow,0.0195,D:/AcousticMonitoringData/ELDON8_Data/Week16\ELDON8_20250428_200202.wav
318.0,321.0,Geothlypis trichas,Common Yellowthroat,0.0694,D:/AcousticMonitoringData/ELDON8_Data/Week16\ELDON8_20250428_200202.wav
321.0,324.0,Geothlypis trichas,Common Yellowthroat,0.2197,D:/AcousticMonitoringData/ELDON8_Data/Week16\ELDON8_20250428_200202.wav
321.0,324.0,Spizella pusilla,Field Sparrow,0.0189,D:/AcousticMonitoringData/ELDON8_Data/Week16\ELDON8_20250428_200202.wav
324.0,327.0,Geothlypis trichas,Common Yellowthroat,0.0123,D:/AcousticMonitoringData/ELDON8_Data/Week16\ELDON8_20250428_200202.wav
327.0,330.0,Spizella pusilla,Field Sparrow,0.0113,D:/AcousticMonitoringData/ELDON8_Data/Week16\ELDON8_20250428_200202.wav
330.0,333.0,Geothlypis trichas,Common Yellowthroat,0.0396,D:/AcousticMonitoringData/ELDON8_Data/Week16\ELDON8_20250428_200202.wav
330.0,333.0,Melospiza melodia,Song Sparrow,0.0369,D:/AcousticMonitoringData/ELDON8_Data/Week16\ELDON8_20250428_200202.wav
333.0,336.0,Geothlypis trichas,Common Yellowthroat,0.0227,D:/AcousticMonitoringData/ELDON8_Data/Week16\ELDON8_20250428_200202.wav
345.0,348.0,Geothlypis trichas,Common Yellowthroat,0.1431,D:/AcousticMonitoringData/ELDON8_Data/Week16\ELDON8_20250428_200202.wav
345.0,348.0,Passerina caerulea,Blue Grosbeak,0.0198,D:/AcousticMonitoringData/ELDON8_Data/Week16\ELDON8_20250428_200202.wav
345.0,348.0,Spizella pusilla,Field Sparrow,0.0153,D:/AcousticMonitoringData/ELDON8_Data/Week16\ELDON8_20250428_200202.wav
348.0,351.0,Passerina caerulea,Blue Grosbeak,0.0206,D:/AcousticMonitoringData/ELDON8_Data/Week16\ELDON8_20250428_200202.wav
348.0,351.0,Sturnella magna,Eastern Meadowlark,0.0108,D:/AcousticMonitoringData/ELDON8_Data/Week16\ELDON8_20250428_200202.wav
348.0,351.0,Spizella pusilla,Field Sparrow,0.0101,D:/AcousticMonitoringData/ELDON8_Data/Week16\ELDON8_20250428_200202.wav
351.0,354.0,Geothlypis trichas,Common Yellowthroat,0.0147,D:/AcousticMonitoringData/ELDON8_Data/Week16\ELDON8_20250428_200202.wav
357.0,360.0,Geothlypis trichas,Common Yellowthroat,0.5201,D:/AcousticMonitoringData/ELDON8_Data/Week16\ELDON8_20250428_200202.wav
360.0,363.0,Spizella pusilla,Field Sparrow,0.0277,D:/AcousticMonitoringData/ELDON8_Data/Week16\ELDON8_20250428_200202.wav
363.0,366.0,Geothlypis trichas,Common Yellowthroat,0.0149,D:/AcousticMonitoringData/ELDON8_Data/Week16\ELDON8_20250428_200202.wav
366.0,369.0,Geothlypis trichas,Common Yellowthroat,0.0239,D:/AcousticMonitoringData/ELDON8_Data/Week16\ELDON8_20250428_200202.wav
369.0,372.0,Geothlypis trichas,Common Yellowthroat,0.1259,D:/AcousticMonitoringData/ELDON8_Data/Week16\ELDON8_20250428_200202.wav
369.0,372.0,Spizella pusilla,Field Sparrow,0.0145,D:/AcousticMonitoringData/ELDON8_Data/Week16\ELDON8_20250428_200202.wav
372.0,375.0,Spizella pusilla,Field Sparrow,0.0115,D:/AcousticMonitoringData/ELDON8_Data/Week16\ELDON8_20250428_200202.wav
375.0,378.0,Geothlypis trichas,Common Yellowthroat,0.0212,D:/AcousticMonitoringData/ELDON8_Data/Week16\ELDON8_20250428_200202.wav
381.0,384.0,Geothlypis trichas,Common Yellowthroat,0.0237,D:/AcousticMonitoringData/ELDON8_Data/Week16\ELDON8_20250428_200202.wav
384.0,387.0,Geothlypis trichas,Common Yellowthroat,0.0142,D:/AcousticMonitoringData/ELDON8_Data/Week16\ELDON8_20250428_200202.wav
387.0,390.0,Spizella pusilla,Field Sparrow,0.0242,D:/AcousticMonitoringData/ELDON8_Data/Week16\ELDON8_20250428_200202.wav
387.0,390.0,Geothlypis trichas,Common Yellowthroat,0.0191,D:/AcousticMonitoringData/ELDON8_Data/Week16\ELDON8_20250428_200202.wav
390.0,393.0,Geothlypis trichas,Common Yellowthroat,0.2458,D:/AcousticMonitoringData/ELDON8_Data/Week16\ELDON8_20250428_200202.wav
390.0,393.0,Spizella pusilla,Field Sparrow,0.0121,D:/AcousticMonitoringData/ELDON8_Data/Week16\ELDON8_20250428_200202.wav
393.0,396.0,Geothlypis trichas,Common Yellowthroat,0.0760,D:/AcousticMonitoringData/ELDON8_Data/Week16\ELDON8_20250428_200202.wav
396.0,399.0,Geothlypis trichas,Common Yellowthroat,0.1463,D:/AcousticMonitoringData/ELDON8_Data/Week16\ELDON8_20250428_200202.wav
399.0,402.0,Geothlypis trichas,Common Yellowthroat,0.0296,D:/AcousticMonitoringData/ELDON8_Data/Week16\ELDON8_20250428_200202.wav
399.0,402.0,Passerina caerulea,Blue Grosbeak,0.0121,D:/AcousticMonitoringData/ELDON8_Data/Week16\ELDON8_20250428_200202.wav
408.0,411.0,Sturnella magna,Eastern Meadowlark,0.0278,D:/AcousticMonitoringData/ELDON8_Data/Week16\ELDON8_20250428_200202.wav
414.0,417.0,Sturnella magna,Eastern Meadowlark,0.0241,D:/AcousticMonitoringData/ELDON8_Data/Week16\ELDON8_20250428_200202.wav
414.0,417.0,Passerina caerulea,Blue Grosbeak,0.0192,D:/AcousticMonitoringData/ELDON8_Data/Week16\ELDON8_20250428_200202.wav
417.0,420.0,Geothlypis trichas,Common Yellowthroat,0.0226,D:/AcousticMonitoringData/ELDON8_Data/Week16\ELDON8_20250428_200202.wav
417.0,420.0,Passerina caerulea,Blue Grosbeak,0.0124,D:/AcousticMonitoringData/ELDON8_Data/Week16\ELDON8_20250428_200202.wav
423.0,426.0,Geothlypis trichas,Common Yellowthroat,0.4318,D:/AcousticMonitoringData/ELDON8_Data/Week16\ELDON8_20250428_200202.wav
426.0,429.0,Geothlypis trichas,Common Yellowthroat,0.0183,D:/AcousticMonitoringData/ELDON8_Data/Week16\ELDON8_20250428_200202.wav
426.0,429.0,Sturnella magna,Eastern Meadowlark,0.0103,D:/AcousticMonitoringData/ELDON8_Data/Week16\ELDON8_20250428_200202.wav
429.0,432.0,Geothlypis trichas,Common Yellowthroat,0.2007,D:/AcousticMonitoringData/ELDON8_Data/Week16\ELDON8_20250428_200202.wav
429.0,432.0,Passerina caerulea,Blue Grosbeak,0.0109,D:/AcousticMonitoringData/ELDON8_Data/Week16\ELDON8_20250428_200202.wav
432.0,435.0,Geothlypis trichas,Common Yellowthroat,0.1602,D:/AcousticMonitoringData/ELDON8_Data/Week16\ELDON8_20250428_200202.wav
435.0,438.0,Geothlypis trichas,Common Yellowthroat,0.0459,D:/AcousticMonitoringData/ELDON8_Data/Week16\ELDON8_20250428_200202.wav
438.0,441.0,Geothlypis trichas,Common Yellowthroat,0.3211,D:/AcousticMonitoringData/ELDON8_Data/Week16\ELDON8_20250428_200202.wav
441.0,444.0,Geothlypis trichas,Common Yellowthroat,0.0241,D:/AcousticMonitoringData/ELDON8_Data/Week16\ELDON8_20250428_200202.wav
444.0,447.0,Geothlypis trichas,Common Yellowthroat,0.5595,D:/AcousticMonitoringData/ELDON8_Data/Week16\ELDON8_20250428_200202.wav
444.0,447.0,Spizella pusilla,Field Sparrow,0.0322,D:/AcousticMonitoringData/ELDON8_Data/Week16\ELDON8_20250428_200202.wav
447.0,450.0,Geothlypis trichas,Common Yellowthroat,0.0112,D:/AcousticMonitoringData/ELDON8_Data/Week16\ELDON8_20250428_200202.wav
450.0,453.0,Geothlypis trichas,Common Yellowthroat,0.0224,D:/AcousticMonitoringData/ELDON8_Data/Week16\ELDON8_20250428_200202.wav
453.0,456.0,Geothlypis trichas,Common Yellowthroat,0.0552,D:/AcousticMonitoringData/ELDON8_Data/Week16\ELDON8_20250428_200202.wav
453.0,456.0,Spizella pusilla,Field Sparrow,0.0229,D:/AcousticMonitoringData/ELDON8_Data/Week16\ELDON8_20250428_200202.wav
456.0,459.0,Geothlypis trichas,Common Yellowthroat,0.6076,D:/AcousticMonitoringData/ELDON8_Data/Week16\ELDON8_20250428_200202.wav
459.0,462.0,Geothlypis trichas,Common Yellowthroat,0.8398,D:/AcousticMonitoringData/ELDON8_Data/Week16\ELDON8_20250428_200202.wav
462.0,465.0,Geothlypis trichas,Common Yellowthroat,0.1360,D:/AcousticMonitoringData/ELDON8_Data/Week16\ELDON8_20250428_200202.wav
465.0,468.0,Geothlypis trichas,Common Yellowthroat,0.0255,D:/AcousticMonitoringData/ELDON8_Data/Week16\ELDON8_20250428_200202.wav
468.0,471.0,Geothlypis trichas,Common Yellowthroat,0.2224,D:/AcousticMonitoringData/ELDON8_Data/Week16\ELDON8_20250428_200202.wav
471.0,474.0,Geothlypis trichas,Common Yellowthroat,0.3481,D:/AcousticMonitoringData/ELDON8_Data/Week16\ELDON8_20250428_200202.wav
474.0,477.0,Geothlypis trichas,Common Yellowthroat,0.0154,D:/AcousticMonitoringData/ELDON8_Data/Week16\ELDON8_20250428_200202.wav
477.0,480.0,Geothlypis trichas,Common Yellowthroat,0.0683,D:/AcousticMonitoringData/ELDON8_Data/Week16\ELDON8_20250428_200202.wav
477.0,480.0,Spizella pusilla,Field Sparrow,0.0257,D:/AcousticMonitoringData/ELDON8_Data/Week16\ELDON8_20250428_200202.wav
477.0,480.0,Melospiza melodia,Song Sparrow,0.0147,D:/AcousticMonitoringData/ELDON8_Data/Week16\ELDON8_20250428_200202.wav
480.0,483.0,Geothlypis trichas,Common Yellowthroat,0.1957,D:/AcousticMonitoringData/ELDON8_Data/Week16\ELDON8_20250428_200202.wav
480.0,483.0,Spizella pusilla,Field Sparrow,0.0145,D:/AcousticMonitoringData/ELDON8_Data/Week16\ELDON8_20250428_200202.wav
483.0,486.0,Geothlypis trichas,Common Yellowthroat,0.0632,D:/AcousticMonitoringData/ELDON8_Data/Week16\ELDON8_20250428_200202.wav
483.0,486.0,Spizella pusilla,Field Sparrow,0.0104,D:/AcousticMonitoringData/ELDON8_Data/Week16\ELDON8_20250428_200202.wav
486.0,489.0,Geothlypis trichas,Common Yellowthroat,0.0752,D:/AcousticMonitoringData/ELDON8_Data/Week16\ELDON8_20250428_200202.wav
498.0,501.0,Geothlypis trichas,Common Yellowthroat,0.0561,D:/AcousticMonitoringData/ELDON8_Data/Week16\ELDON8_20250428_200202.wav
498.0,501.0,Spizella pusilla,Field Sparrow,0.0187,D:/AcousticMonitoringData/ELDON8_Data/Week16\ELDON8_20250428_200202.wav
507.0,510.0,Geothlypis trichas,Common Yellowthroat,0.0335,D:/AcousticMonitoringData/ELDON8_Data/Week16\ELDON8_20250428_200202.wav
510.0,513.0,Geothlypis trichas,Common Yellowthroat,0.1324,D:/AcousticMonitoringData/ELDON8_Data/Week16\ELDON8_20250428_200202.wav
510.0,513.0,Spizella pusilla,Field Sparrow,0.0195,D:/AcousticMonitoringData/ELDON8_Data/Week16\ELDON8_20250428_200202.wav
510.0,513.0,Passerina caerulea,Blue Grosbeak,0.0118,D:/AcousticMonitoringData/ELDON8_Data/Week16\ELDON8_20250428_200202.wav
513.0,516.0,Geothlypis trichas,Common Yellowthroat,0.1745,D:/AcousticMonitoringData/ELDON8_Data/Week16\ELDON8_20250428_200202.wav
513.0,516.0,Spizella pusilla,Field Sparrow,0.0289,D:/AcousticMonitoringData/ELDON8_Data/Week16\ELDON8_20250428_200202.wav
519.0,522.0,Geothlypis trichas,Common Yellowthroat,0.0122,D:/AcousticMonitoringData/ELDON8_Data/Week16\ELDON8_20250428_200202.wav
522.0,525.0,Geothlypis trichas,Common Yellowthroat,0.0108,D:/AcousticMonitoringData/ELDON8_Data/Week16\ELDON8_20250428_200202.wav
525.0,528.0,Geothlypis trichas,Common Yellowthroat,0.1625,D:/AcousticMonitoringData/ELDON8_Data/Week16\ELDON8_20250428_200202.wav
525.0,528.0,Spizella pusilla,Field Sparrow,0.0109,D:/AcousticMonitoringData/ELDON8_Data/Week16\ELDON8_20250428_200202.wav
528.0,531.0,Geothlypis trichas,Common Yellowthroat,0.1568,D:/AcousticMonitoringData/ELDON8_Data/Week16\ELDON8_20250428_200202.wav
528.0,531.0,Spizella pusilla,Field Sparrow,0.0152,D:/AcousticMonitoringData/ELDON8_Data/Week16\ELDON8_20250428_200202.wav
531.0,534.0,Geothlypis trichas,Common Yellowthroat,0.0565,D:/AcousticMonitoringData/ELDON8_Data/Week16\ELDON8_20250428_200202.wav
531.0,534.0,Melospiza melodia,Song Sparrow,0.0111,D:/AcousticMonitoringData/ELDON8_Data/Week16\ELDON8_20250428_200202.wav
534.0,537.0,Geothlypis trichas,Common Yellowthroat,0.0235,D:/AcousticMonitoringData/ELDON8_Data/Week16\ELDON8_20250428_200202.wav
534.0,537.0,Spizella pusilla,Field Sparrow,0.0120,D:/AcousticMonitoringData/ELDON8_Data/Week16\ELDON8_20250428_200202.wav
537.0,540.0,Geothlypis trichas,Common Yellowthroat,0.0236,D:/AcousticMonitoringData/ELDON8_Data/Week16\ELDON8_20250428_200202.wav
537.0,540.0,Spizella pusilla,Field Sparrow,0.0123,D:/AcousticMonitoringData/ELDON8_Data/Week16\ELDON8_20250428_200202.wav
543.0,546.0,Geothlypis trichas,Common Yellowthroat,0.0121,D:/AcousticMonitoringData/ELDON8_Data/Week16\ELDON8_20250428_200202.wav
546.0,549.0,Geothlypis trichas,Common Yellowthroat,0.1811,D:/AcousticMonitoringData/ELDON8_Data/Week16\ELDON8_20250428_200202.wav
546.0,549.0,Passerina caerulea,Blue Grosbeak,0.0281,D:/AcousticMonitoringData/ELDON8_Data/Week16\ELDON8_20250428_200202.wav
546.0,549.0,Spizella pusilla,Field Sparrow,0.0145,D:/AcousticMonitoringData/ELDON8_Data/Week16\ELDON8_20250428_200202.wav
552.0,555.0,Geothlypis trichas,Common Yellowthroat,0.0199,D:/AcousticMonitoringData/ELDON8_Data/Week16\ELDON8_20250428_200202.wav
561.0,564.0,Geothlypis trichas,Common Yellowthroat,0.0183,D:/AcousticMonitoringData/ELDON8_Data/Week16\ELDON8_20250428_200202.wav
561.0,564.0,Passerina caerulea,Blue Grosbeak,0.0129,D:/AcousticMonitoringData/ELDON8_Data/Week16\ELDON8_20250428_200202.wav
570.0,573.0,Spizella pusilla,Field Sparrow,0.0271,D:/AcousticMonitoringData/ELDON8_Data/Week16\ELDON8_20250428_200202.wav
570.0,573.0,Geothlypis trichas,Common Yellowthroat,0.0154,D:/AcousticMonitoringData/ELDON8_Data/Week16\ELDON8_20250428_200202.wav
573.0,576.0,Spizella pusilla,Field Sparrow,0.0197,D:/AcousticMonitoringData/ELDON8_Data/Week16\ELDON8_20250428_200202.wav
597.0,600.0,Spizella pusilla,Field Sparrow,0.0122,D:/AcousticMonitoringData/ELDON8_Data/Week16\ELDON8_20250428_200202.wav
600.0,603.0,Geothlypis trichas,Common Yellowthroat,0.0256,D:/AcousticMonitoringData/ELDON8_Data/Week16\ELDON8_20250428_200202.wav
603.0,606.0,Geothlypis trichas,Common Yellowthroat,0.0185,D:/AcousticMonitoringData/ELDON8_Data/Week16\ELDON8_20250428_200202.wav
606.0,609.0,Geothlypis trichas,Common Yellowthroat,0.0124,D:/AcousticMonitoringData/ELDON8_Data/Week16\ELDON8_20250428_200202.wav
609.0,612.0,Geothlypis trichas,Common Yellowthroat,0.0583,D:/AcousticMonitoringData/ELDON8_Data/Week16\ELDON8_20250428_200202.wav
612.0,615.0,Geothlypis trichas,Common Yellowthroat,0.0334,D:/AcousticMonitoringData/ELDON8_Data/Week16\ELDON8_20250428_200202.wav
615.0,618.0,Geothlypis trichas,Common Yellowthroat,0.0136,D:/AcousticMonitoringData/ELDON8_Data/Week16\ELDON8_20250428_200202.wav
618.0,621.0,Geothlypis trichas,Common Yellowthroat,0.0114,D:/AcousticMonitoringData/ELDON8_Data/Week16\ELDON8_20250428_200202.wav
621.0,624.0,Spizella pusilla,Field Sparrow,0.0215,D:/AcousticMonitoringData/ELDON8_Data/Week16\ELDON8_20250428_200202.wav
624.0,627.0,Geothlypis trichas,Common Yellowthroat,0.0151,D:/AcousticMonitoringData/ELDON8_Data/Week16\ELDON8_20250428_200202.wav
627.0,630.0,Geothlypis trichas,Common Yellowthroat,0.0291,D:/AcousticMonitoringData/ELDON8_Data/Week16\ELDON8_20250428_200202.wav
630.0,633.0,Geothlypis trichas,Common Yellowthroat,0.0818,D:/AcousticMonitoringData/ELDON8_Data/Week16\ELDON8_20250428_200202.wav
636.0,639.0,Geothlypis trichas,Common Yellowthroat,0.0600,D:/AcousticMonitoringData/ELDON8_Data/Week16\ELDON8_20250428_200202.wav
642.0,645.0,Spizella pusilla,Field Sparrow,0.0187,D:/AcousticMonitoringData/ELDON8_Data/Week16\ELDON8_20250428_200202.wav
642.0,645.0,Geothlypis trichas,Common Yellowthroat,0.0186,D:/AcousticMonitoringData/ELDON8_Data/Week16\ELDON8_20250428_200202.wav
645.0,648.0,Geothlypis trichas,Common Yellowthroat,0.0187,D:/AcousticMonitoringData/ELDON8_Data/Week16\ELDON8_20250428_200202.wav
648.0,651.0,Geothlypis trichas,Common Yellowthroat,0.0335,D:/AcousticMonitoringData/ELDON8_Data/Week16\ELDON8_20250428_200202.wav
648.0,651.0,Spizella pusilla,Field Sparrow,0.0136,D:/AcousticMonitoringData/ELDON8_Data/Week16\ELDON8_20250428_200202.wav
654.0,657.0,Geothlypis trichas,Common Yellowthroat,0.0170,D:/AcousticMonitoringData/ELDON8_Data/Week16\ELDON8_20250428_200202.wav
654.0,657.0,Spizella pusilla,Field Sparrow,0.0101,D:/AcousticMonitoringData/ELDON8_Data/Week16\ELDON8_20250428_200202.wav
657.0,660.0,Geothlypis trichas,Common Yellowthroat,0.0611,D:/AcousticMonitoringData/ELDON8_Data/Week16\ELDON8_20250428_200202.wav
660.0,663.0,Spizella pusilla,Field Sparrow,0.1920,D:/AcousticMonitoringData/ELDON8_Data/Week16\ELDON8_20250428_200202.wav
660.0,663.0,Geothlypis trichas,Common Yellowthroat,0.0348,D:/AcousticMonitoringData/ELDON8_Data/Week16\ELDON8_20250428_200202.wav
663.0,666.0,Geothlypis trichas,Common Yellowthroat,0.0995,D:/AcousticMonitoringData/ELDON8_Data/Week16\ELDON8_20250428_200202.wav
666.0,669.0,Geothlypis trichas,Common Yellowthroat,0.0883,D:/AcousticMonitoringData/ELDON8_Data/Week16\ELDON8_20250428_200202.wav
669.0,672.0,Geothlypis trichas,Common Yellowthroat,0.0408,D:/AcousticMonitoringData/ELDON8_Data/Week16\ELDON8_20250428_200202.wav
672.0,675.0,Geothlypis trichas,Common Yellowthroat,0.0597,D:/AcousticMonitoringData/ELDON8_Data/Week16\ELDON8_20250428_200202.wav
672.0,675.0,Spizella pusilla,Field Sparrow,0.0101,D:/AcousticMonitoringData/ELDON8_Data/Week16\ELDON8_20250428_200202.wav
675.0,678.0,Geothlypis trichas,Common Yellowthroat,0.0235,D:/AcousticMonitoringData/ELDON8_Data/Week16\ELDON8_20250428_200202.wav
684.0,687.0,Geothlypis trichas,Common Yellowthroat,0.0159,D:/AcousticMonitoringData/ELDON8_Data/Week16\ELDON8_20250428_200202.wav
690.0,693.0,Geothlypis trichas,Common Yellowthroat,0.0587,D:/AcousticMonitoringData/ELDON8_Data/Week16\ELDON8_20250428_200202.wav
690.0,693.0,Spizella pusilla,Field Sparrow,0.0212,D:/AcousticMonitoringData/ELDON8_Data/Week16\ELDON8_20250428_200202.wav
693.0,696.0,Geothlypis trichas,Common Yellowthroat,0.0227,D:/AcousticMonitoringData/ELDON8_Data/Week16\ELDON8_20250428_200202.wav
696.0,699.0,Geothlypis trichas,Common Yellowthroat,0.0105,D:/AcousticMonitoringData/ELDON8_Data/Week16\ELDON8_20250428_200202.wav
699.0,702.0,Geothlypis trichas,Common Yellowthroat,0.0244,D:/AcousticMonitoringData/ELDON8_Data/Week16\ELDON8_20250428_200202.wav
699.0,702.0,Spizella pusilla,Field Sparrow,0.0141,D:/AcousticMonitoringData/ELDON8_Data/Week16\ELDON8_20250428_200202.wav
708.0,711.0,Geothlypis trichas,Common Yellowthroat,0.1002,D:/AcousticMonitoringData/ELDON8_Data/Week16\ELDON8_20250428_200202.wav
708.0,711.0,Spizella pusilla,Field Sparrow,0.0108,D:/AcousticMonitoringData/ELDON8_Data/Week16\ELDON8_20250428_200202.wav
717.0,720.0,Geothlypis trichas,Common Yellowthroat,0.0373,D:/AcousticMonitoringData/ELDON8_Data/Week16\ELDON8_20250428_200202.wav
723.0,726.0,Geothlypis trichas,Common Yellowthroat,0.0106,D:/AcousticMonitoringData/ELDON8_Data/Week16\ELDON8_20250428_200202.wav
729.0,732.0,Geothlypis trichas,Common Yellowthroat,0.0117,D:/AcousticMonitoringData/ELDON8_Data/Week16\ELDON8_20250428_200202.wav
729.0,732.0,Spizella pusilla,Field Sparrow,0.0115,D:/AcousticMonitoringData/ELDON8_Data/Week16\ELDON8_20250428_200202.wav
732.0,735.0,Geothlypis trichas,Common Yellowthroat,0.0269,D:/AcousticMonitoringData/ELDON8_Data/Week16\ELDON8_20250428_200202.wav
735.0,738.0,Spizella pusilla,Field Sparrow,0.0275,D:/AcousticMonitoringData/ELDON8_Data/Week16\ELDON8_20250428_200202.wav
735.0,738.0,Geothlypis trichas,Common Yellowthroat,0.0232,D:/AcousticMonitoringData/ELDON8_Data/Week16\ELDON8_20250428_200202.wav
738.0,741.0,Geothlypis trichas,Common Yellowthroat,0.0182,D:/AcousticMonitoringData/ELDON8_Data/Week16\ELDON8_20250428_200202.wav
738.0,741.0,Spizella pusilla,Field Sparrow,0.0117,D:/AcousticMonitoringData/ELDON8_Data/Week16\ELDON8_20250428_200202.wav
741.0,744.0,Geothlypis trichas,Common Yellowthroat,0.0197,D:/AcousticMonitoringData/ELDON8_Data/Week16\ELDON8_20250428_200202.wav
741.0,744.0,Spizella pusilla,Field Sparrow,0.0111,D:/AcousticMonitoringData/ELDON8_Data/Week16\ELDON8_20250428_200202.wav
744.0,747.0,Geothlypis trichas,Common Yellowthroat,0.0648,D:/AcousticMonitoringData/ELDON8_Data/Week16\ELDON8_20250428_200202.wav
747.0,750.0,Geothlypis trichas,Common Yellowthroat,0.1224,D:/AcousticMonitoringData/ELDON8_Data/Week16\ELDON8_20250428_200202.wav
750.0,753.0,Geothlypis trichas,Common Yellowthroat,0.0304,D:/AcousticMonitoringData/ELDON8_Data/Week16\ELDON8_20250428_200202.wav
750.0,753.0,Spizella pusilla,Field Sparrow,0.0201,D:/AcousticMonitoringData/ELDON8_Data/Week16\ELDON8_20250428_200202.wav
753.0,756.0,Spizella pusilla,Field Sparrow,0.0232,D:/AcousticMonitoringData/ELDON8_Data/Week16\ELDON8_20250428_200202.wav
753.0,756.0,Geothlypis trichas,Common Yellowthroat,0.0228,D:/AcousticMonitoringData/ELDON8_Data/Week16\ELDON8_20250428_200202.wav
756.0,759.0,Spizella pusilla,Field Sparrow,0.0370,D:/AcousticMonitoringData/ELDON8_Data/Week16\ELDON8_20250428_200202.wav
756.0,759.0,Geothlypis trichas,Common Yellowthroat,0.0276,D:/AcousticMonitoringData/ELDON8_Data/Week16\ELDON8_20250428_200202.wav
759.0,762.0,Geothlypis trichas,Common Yellowthroat,0.0983,D:/AcousticMonitoringData/ELDON8_Data/Week16\ELDON8_20250428_200202.wav
762.0,765.0,Geothlypis trichas,Common Yellowthroat,0.2571,D:/AcousticMonitoringData/ELDON8_Data/Week16\ELDON8_20250428_200202.wav
762.0,765.0,Melospiza melodia,Song Sparrow,0.0102,D:/AcousticMonitoringData/ELDON8_Data/Week16\ELDON8_20250428_200202.wav
765.0,768.0,Geothlypis trichas,Common Yellowthroat,0.1104,D:/AcousticMonitoringData/ELDON8_Data/Week16\ELDON8_20250428_200202.wav
768.0,771.0,Geothlypis trichas,Common Yellowthroat,0.0916,D:/AcousticMonitoringData/ELDON8_Data/Week16\ELDON8_20250428_200202.wav
768.0,771.0,Spizella pusilla,Field Sparrow,0.0152,D:/AcousticMonitoringData/ELDON8_Data/Week16\ELDON8_20250428_200202.wav
771.0,774.0,Spizella pusilla,Field Sparrow,0.0512,D:/AcousticMonitoringData/ELDON8_Data/Week16\ELDON8_20250428_200202.wav
771.0,774.0,Geothlypis trichas,Common Yellowthroat,0.0351,D:/AcousticMonitoringData/ELDON8_Data/Week16\ELDON8_20250428_200202.wav
771.0,774.0,Sturnella magna,Eastern Meadowlark,0.0159,D:/AcousticMonitoringData/ELDON8_Data/Week16\ELDON8_20250428_200202.wav
774.0,777.0,Geothlypis trichas,Common Yellowthroat,0.0102,D:/AcousticMonitoringData/ELDON8_Data/Week16\ELDON8_20250428_200202.wav
777.0,780.0,Spizella pusilla,Field Sparrow,0.0494,D:/AcousticMonitoringData/ELDON8_Data/Week16\ELDON8_20250428_200202.wav
777.0,780.0,Geothlypis trichas,Common Yellowthroat,0.0323,D:/AcousticMonitoringData/ELDON8_Data/Week16\ELDON8_20250428_200202.wav
780.0,783.0,Spizella pusilla,Field Sparrow,0.0623,D:/AcousticMonitoringData/ELDON8_Data/Week16\ELDON8_20250428_200202.wav
780.0,783.0,Geothlypis trichas,Common Yellowthroat,0.0575,D:/AcousticMonitoringData/ELDON8_Data/Week16\ELDON8_20250428_200202.wav
783.0,786.0,Geothlypis trichas,Common Yellowthroat,0.0126,D:/AcousticMonitoringData/ELDON8_Data/Week16\ELDON8_20250428_200202.wav
783.0,786.0,Passerina caerulea,Blue Grosbeak,0.0118,D:/AcousticMonitoringData/ELDON8_Data/Week16\ELDON8_20250428_200202.wav
786.0,789.0,Geothlypis trichas,Common Yellowthroat,0.0187,D:/AcousticMonitoringData/ELDON8_Data/Week16\ELDON8_20250428_200202.wav
792.0,795.0,Geothlypis trichas,Common Yellowthroat,0.0335,D:/AcousticMonitoringData/ELDON8_Data/Week16\ELDON8_20250428_200202.wav
795.0,798.0,Geothlypis trichas,Common Yellowthroat,0.0163,D:/AcousticMonitoringData/ELDON8_Data/Week16\ELDON8_20250428_200202.wav
798.0,801.0,Geothlypis trichas,Common Yellowthroat,0.0171,D:/AcousticMonitoringData/ELDON8_Data/Week16\ELDON8_20250428_200202.wav
798.0,801.0,Spizella pusilla,Field Sparrow,0.0107,D:/AcousticMonitoringData/ELDON8_Data/Week16\ELDON8_20250428_200202.wav
801.0,804.0,Geothlypis trichas,Common Yellowthroat,0.0755,D:/AcousticMonitoringData/ELDON8_Data/Week16\ELDON8_20250428_200202.wav
801.0,804.0,Melospiza melodia,Song Sparrow,0.0126,D:/AcousticMonitoringData/ELDON8_Data/Week16\ELDON8_20250428_200202.wav
804.0,807.0,Geothlypis trichas,Common Yellowthroat,0.0376,D:/AcousticMonitoringData/ELDON8_Data/Week16\ELDON8_20250428_200202.wav
804.0,807.0,Spizella pusilla,Field Sparrow,0.0168,D:/AcousticMonitoringData/ELDON8_Data/Week16\ELDON8_20250428_200202.wav
807.0,810.0,Geothlypis trichas,Common Yellowthroat,0.0303,D:/AcousticMonitoringData/ELDON8_Data/Week16\ELDON8_20250428_200202.wav
807.0,810.0,Spizella pusilla,Field Sparrow,0.0212,D:/AcousticMonitoringData/ELDON8_Data/Week16\ELDON8_20250428_200202.wav
810.0,813.0,Spizella pusilla,Field Sparrow,0.0541,D:/AcousticMonitoringData/ELDON8_Data/Week16\ELDON8_20250428_200202.wav
813.0,816.0,Geothlypis trichas,Common Yellowthroat,0.0587,D:/AcousticMonitoringData/ELDON8_Data/Week16\ELDON8_20250428_200202.wav
816.0,819.0,Geothlypis trichas,Common Yellowthroat,0.0137,D:/AcousticMonitoringData/ELDON8_Data/Week16\ELDON8_20250428_200202.wav
819.0,822.0,Geothlypis trichas,Common Yellowthroat,0.0159,D:/AcousticMonitoringData/ELDON8_Data/Week16\ELDON8_20250428_200202.wav
822.0,825.0,Geothlypis trichas,Common Yellowthroat,0.0165,D:/AcousticMonitoringData/ELDON8_Data/Week16\ELDON8_20250428_200202.wav
825.0,828.0,Geothlypis trichas,Common Yellowthroat,0.0335,D:/AcousticMonitoringData/ELDON8_Data/Week16\ELDON8_20250428_200202.wav
828.0,831.0,Geothlypis trichas,Common Yellowthroat,0.0324,D:/AcousticMonitoringData/ELDON8_Data/Week16\ELDON8_20250428_200202.wav
828.0,831.0,Spizella pusilla,Field Sparrow,0.0193,D:/AcousticMonitoringData/ELDON8_Data/Week16\ELDON8_20250428_200202.wav
828.0,831.0,Sturnella magna,Eastern Meadowlark,0.0173,D:/AcousticMonitoringData/ELDON8_Data/Week16\ELDON8_20250428_200202.wav
831.0,834.0,Geothlypis trichas,Common Yellowthroat,0.0284,D:/AcousticMonitoringData/ELDON8_Data/Week16\ELDON8_20250428_200202.wav
831.0,834.0,Spizella pusilla,Field Sparrow,0.0109,D:/AcousticMonitoringData/ELDON8_Data/Week16\ELDON8_20250428_200202.wav
834.0,837.0,Geothlypis trichas,Common Yellowthroat,0.0389,D:/AcousticMonitoringData/ELDON8_Data/Week16\ELDON8_20250428_200202.wav
837.0,840.0,Geothlypis trichas,Common Yellowthroat,0.0270,D:/AcousticMonitoringData/ELDON8_Data/Week16\ELDON8_20250428_200202.wav
840.0,843.0,Geothlypis trichas,Common Yellowthroat,0.0691,D:/AcousticMonitoringData/ELDON8_Data/Week16\ELDON8_20250428_200202.wav
843.0,846.0,Geothlypis trichas,Common Yellowthroat,0.0103,D:/AcousticMonitoringData/ELDON8_Data/Week16\ELDON8_20250428_200202.wav
846.0,849.0,Geothlypis trichas,Common Yellowthroat,0.0675,D:/AcousticMonitoringData/ELDON8_Data/Week16\ELDON8_20250428_200202.wav
846.0,849.0,Spizella pusilla,Field Sparrow,0.0135,D:/AcousticMonitoringData/ELDON8_Data/Week16\ELDON8_20250428_200202.wav
849.0,852.0,Geothlypis trichas,Common Yellowthroat,0.0197,D:/AcousticMonitoringData/ELDON8_Data/Week16\ELDON8_20250428_200202.wav
852.0,855.0,Geothlypis trichas,Common Yellowthroat,0.0574,D:/AcousticMonitoringData/ELDON8_Data/Week16\ELDON8_20250428_200202.wav
855.0,858.0,Geothlypis trichas,Common Yellowthroat,0.0148,D:/AcousticMonitoringData/ELDON8_Data/Week16\ELDON8_20250428_200202.wav
858.0,861.0,Geothlypis trichas,Common Yellowthroat,0.0265,D:/AcousticMonitoringData/ELDON8_Data/Week16\ELDON8_20250428_200202.wav
861.0,864.0,Geothlypis trichas,Common Yellowthroat,0.0156,D:/AcousticMonitoringData/ELDON8_Data/Week16\ELDON8_20250428_200202.wav
864.0,867.0,Spizella pusilla,Field Sparrow,0.0794,D:/AcousticMonitoringData/ELDON8_Data/Week16\ELDON8_20250428_200202.wav
864.0,867.0,Geothlypis trichas,Common Yellowthroat,0.0455,D:/AcousticMonitoringData/ELDON8_Data/Week16\ELDON8_20250428_200202.wav
867.0,870.0,Geothlypis trichas,Common Yellowthroat,0.0969,D:/AcousticMonitoringData/ELDON8_Data/Week16\ELDON8_20250428_200202.wav
870.0,873.0,Geothlypis trichas,Common Yellowthroat,0.0444,D:/AcousticMonitoringData/ELDON8_Data/Week16\ELDON8_20250428_200202.wav
870.0,873.0,Melospiza melodia,Song Sparrow,0.0261,D:/AcousticMonitoringData/ELDON8_Data/Week16\ELDON8_20250428_200202.wav
870.0,873.0,Spizella pusilla,Field Sparrow,0.0207,D:/AcousticMonitoringData/ELDON8_Data/Week16\ELDON8_20250428_200202.wav
870.0,873.0,Passerina caerulea,Blue Grosbeak,0.0107,D:/AcousticMonitoringData/ELDON8_Data/Week16\ELDON8_20250428_200202.wav
873.0,876.0,Geothlypis trichas,Common Yellowthroat,0.0245,D:/AcousticMonitoringData/ELDON8_Data/Week16\ELDON8_20250428_200202.wav
876.0,879.0,Geothlypis trichas,Common Yellowthroat,0.0783,D:/AcousticMonitoringData/ELDON8_Data/Week16\ELDON8_20250428_200202.wav
876.0,879.0,Melospiza melodia,Song Sparrow,0.0434,D:/AcousticMonitoringData/ELDON8_Data/Week16\ELDON8_20250428_200202.wav
879.0,882.0,Geothlypis trichas,Common Yellowthroat,0.0277,D:/AcousticMonitoringData/ELDON8_Data/Week16\ELDON8_20250428_200202.wav
879.0,882.0,Spizella pusilla,Field Sparrow,0.0113,D:/AcousticMonitoringData/ELDON8_Data/Week16\ELDON8_20250428_200202.wav
882.0,885.0,Geothlypis trichas,Common Yellowthroat,0.0184,D:/AcousticMonitoringData/ELDON8_Data/Week16\ELDON8_20250428_200202.wav
885.0,888.0,Geothlypis trichas,Common Yellowthroat,0.0187,D:/AcousticMonitoringData/ELDON8_Data/Week16\ELDON8_20250428_200202.wav
885.0,888.0,Melospiza melodia,Song Sparrow,0.0179,D:/AcousticMonitoringData/ELDON8_Data/Week16\ELDON8_20250428_200202.wav
888.0,891.0,Geothlypis trichas,Common Yellowthroat,0.0172,D:/AcousticMonitoringData/ELDON8_Data/Week16\ELDON8_20250428_200202.wav
894.0,897.0,Geothlypis trichas,Common Yellowthroat,0.0320,D:/AcousticMonitoringData/ELDON8_Data/Week16\ELDON8_20250428_200202.wav
900.0,903.0,Geothlypis trichas,Common Yellowthroat,0.0157,D:/AcousticMonitoringData/ELDON8_Data/Week16\ELDON8_20250428_200202.wav
900.0,903.0,Sturnella magna,Eastern Meadowlark,0.0120,D:/AcousticMonitoringData/ELDON8_Data/Week16\ELDON8_20250428_200202.wav
903.0,906.0,Geothlypis trichas,Common Yellowthroat,0.0119,D:/AcousticMonitoringData/ELDON8_Data/Week16\ELDON8_20250428_200202.wav
906.0,909.0,Melospiza melodia,Song Sparrow,0.0389,D:/AcousticMonitoringData/ELDON8_Data/Week16\ELDON8_20250428_200202.wav
906.0,909.0,Geothlypis trichas,Common Yellowthroat,0.0169,D:/AcousticMonitoringData/ELDON8_Data/Week16\ELDON8_20250428_200202.wav
906.0,909.0,Spizella pusilla,Field Sparrow,0.0106,D:/AcousticMonitoringData/ELDON8_Data/Week16\ELDON8_20250428_200202.wav
909.0,912.0,Spizella pusilla,Field Sparrow,0.0431,D:/AcousticMonitoringData/ELDON8_Data/Week16\ELDON8_20250428_200202.wav
909.0,912.0,Geothlypis trichas,Common Yellowthroat,0.0140,D:/AcousticMonitoringData/ELDON8_Data/Week16\ELDON8_20250428_200202.wav
909.0,912.0,Sturnella magna,Eastern Meadowlark,0.0123,D:/AcousticMonitoringData/ELDON8_Data/Week16\ELDON8_20250428_200202.wav
912.0,915.0,Passerina caerulea,Blue Grosbeak,0.0198,D:/AcousticMonitoringData/ELDON8_Data/Week16\ELDON8_20250428_200202.wav
912.0,915.0,Geothlypis trichas,Common Yellowthroat,0.0186,D:/AcousticMonitoringData/ELDON8_Data/Week16\ELDON8_20250428_200202.wav
912.0,915.0,Spizella pusilla,Field Sparrow,0.0171,D:/AcousticMonitoringData/ELDON8_Data/Week16\ELDON8_20250428_200202.wav
912.0,915.0,Melospiza melodia,Song Sparrow,0.0142,D:/AcousticMonitoringData/ELDON8_Data/Week16\ELDON8_20250428_200202.wav
915.0,918.0,Geothlypis trichas,Common Yellowthroat,0.0333,D:/AcousticMonitoringData/ELDON8_Data/Week16\ELDON8_20250428_200202.wav
915.0,918.0,Spizella pusilla,Field Sparrow,0.0262,D:/AcousticMonitoringData/ELDON8_Data/Week16\ELDON8_20250428_200202.wav
915.0,918.0,Passerina caerulea,Blue Grosbeak,0.0194,D:/AcousticMonitoringData/ELDON8_Data/Week16\ELDON8_20250428_200202.wav
918.0,921.0,Geothlypis trichas,Common Yellowthroat,0.0587,D:/AcousticMonitoringData/ELDON8_Data/Week16\ELDON8_20250428_200202.wav
918.0,921.0,Melospiza melodia,Song Sparrow,0.0217,D:/AcousticMonitoringData/ELDON8_Data/Week16\ELDON8_20250428_200202.wav
921.0,924.0,Geothlypis trichas,Common Yellowthroat,0.0481,D:/AcousticMonitoringData/ELDON8_Data/Week16\ELDON8_20250428_200202.wav
921.0,924.0,Spizella pusilla,Field Sparrow,0.0381,D:/AcousticMonitoringData/ELDON8_Data/Week16\ELDON8_20250428_200202.wav
921.0,924.0,Melospiza melodia,Song Sparrow,0.0177,D:/AcousticMonitoringData/ELDON8_Data/Week16\ELDON8_20250428_200202.wav
924.0,927.0,Geothlypis trichas,Common Yellowthroat,0.0277,D:/AcousticMonitoringData/ELDON8_Data/Week16\ELDON8_20250428_200202.wav
927.0,930.0,Geothlypis trichas,Common Yellowthroat,0.0815,D:/AcousticMonitoringData/ELDON8_Data/Week16\ELDON8_20250428_200202.wav
930.0,933.0,Geothlypis trichas,Common Yellowthroat,0.0181,D:/AcousticMonitoringData/ELDON8_Data/Week16\ELDON8_20250428_200202.wav
933.0,936.0,Spizella pusilla,Field Sparrow,0.0279,D:/AcousticMonitoringData/ELDON8_Data/Week16\ELDON8_20250428_200202.wav
933.0,936.0,Geothlypis trichas,Common Yellowthroat,0.0192,D:/AcousticMonitoringData/ELDON8_Data/Week16\ELDON8_20250428_200202.wav
936.0,939.0,Geothlypis trichas,Common Yellowthroat,0.0754,D:/AcousticMonitoringData/ELDON8_Data/Week16\ELDON8_20250428_200202.wav
936.0,939.0,Spizella pusilla,Field Sparrow,0.0142,D:/AcousticMonitoringData/ELDON8_Data/Week16\ELDON8_20250428_200202.wav
939.0,942.0,Geothlypis trichas,Common Yellowthroat,0.0133,D:/AcousticMonitoringData/ELDON8_Data/Week16\ELDON8_20250428_200202.wav
942.0,945.0,Melospiza melodia,Song Sparrow,0.0391,D:/AcousticMonitoringData/ELDON8_Data/Week16\ELDON8_20250428_200202.wav
942.0,945.0,Spizella pusilla,Field Sparrow,0.0243,D:/AcousticMonitoringData/ELDON8_Data/Week16\ELDON8_20250428_200202.wav
942.0,945.0,Geothlypis trichas,Common Yellowthroat,0.0213,D:/AcousticMonitoringData/ELDON8_Data/Week16\ELDON8_20250428_200202.wav
942.0,945.0,Passerina caerulea,Blue Grosbeak,0.0152,D:/AcousticMonitoringData/ELDON8_Data/Week16\ELDON8_20250428_200202.wav
945.0,948.0,Geothlypis trichas,Common Yellowthroat,0.0368,D:/AcousticMonitoringData/ELDON8_Data/Week16\ELDON8_20250428_200202.wav
948.0,951.0,Melospiza melodia,Song Sparrow,0.1218,D:/AcousticMonitoringData/ELDON8_Data/Week16\ELDON8_20250428_200202.wav
948.0,951.0,Geothlypis trichas,Common Yellowthroat,0.0302,D:/AcousticMonitoringData/ELDON8_Data/Week16\ELDON8_20250428_200202.wav
948.0,951.0,Spizella pusilla,Field Sparrow,0.0146,D:/AcousticMonitoringData/ELDON8_Data/Week16\ELDON8_20250428_200202.wav
948.0,951.0,Passerina caerulea,Blue Grosbeak,0.0137,D:/AcousticMonitoringData/ELDON8_Data/Week16\ELDON8_20250428_200202.wav
948.0,951.0,Sturnella magna,Eastern Meadowlark,0.0103,D:/AcousticMonitoringData/ELDON8_Data/Week16\ELDON8_20250428_200202.wav
951.0,954.0,Geothlypis trichas,Common Yellowthroat,0.0877,D:/AcousticMonitoringData/ELDON8_Data/Week16\ELDON8_20250428_200202.wav
951.0,954.0,Melospiza melodia,Song Sparrow,0.0136,D:/AcousticMonitoringData/ELDON8_Data/Week16\ELDON8_20250428_200202.wav
951.0,954.0,Spizella pusilla,Field Sparrow,0.0100,D:/AcousticMonitoringData/ELDON8_Data/Week16\ELDON8_20250428_200202.wav
954.0,957.0,Spizella pusilla,Field Sparrow,0.0527,D:/AcousticMonitoringData/ELDON8_Data/Week16\ELDON8_20250428_200202.wav
954.0,957.0,Geothlypis trichas,Common Yellowthroat,0.0122,D:/AcousticMonitoringData/ELDON8_Data/Week16\ELDON8_20250428_200202.wav
954.0,957.0,Passerina caerulea,Blue Grosbeak,0.0114,D:/AcousticMonitoringData/ELDON8_Data/Week16\ELDON8_20250428_200202.wav
957.0,960.0,Geothlypis trichas,Common Yellowthroat,0.0411,D:/AcousticMonitoringData/ELDON8_Data/Week16\ELDON8_20250428_200202.wav
957.0,960.0,Melospiza melodia,Song Sparrow,0.0237,D:/AcousticMonitoringData/ELDON8_Data/Week16\ELDON8_20250428_200202.wav
957.0,960.0,Spizella pusilla,Field Sparrow,0.0175,D:/AcousticMonitoringData/ELDON8_Data/Week16\ELDON8_20250428_200202.wav
960.0,963.0,Geothlypis trichas,Common Yellowthroat,0.0362,D:/AcousticMonitoringData/ELDON8_Data/Week16\ELDON8_20250428_200202.wav
963.0,966.0,Geothlypis trichas,Common Yellowthroat,0.0370,D:/AcousticMonitoringData/ELDON8_Data/Week16\ELDON8_20250428_200202.wav
966.0,969.0,Geothlypis trichas,Common Yellowthroat,0.0150,D:/AcousticMonitoringData/ELDON8_Data/Week16\ELDON8_20250428_200202.wav
969.0,972.0,Geothlypis trichas,Common Yellowthroat,0.0112,D:/AcousticMonitoringData/ELDON8_Data/Week16\ELDON8_20250428_200202.wav
972.0,975.0,Geothlypis trichas,Common Yellowthroat,0.0823,D:/AcousticMonitoringData/ELDON8_Data/Week16\ELDON8_20250428_200202.wav
972.0,975.0,Melospiza melodia,Song Sparrow,0.0190,D:/AcousticMonitoringData/ELDON8_Data/Week16\ELDON8_20250428_200202.wav
975.0,978.0,Geothlypis trichas,Common Yellowthroat,0.0213,D:/AcousticMonitoringData/ELDON8_Data/Week16\ELDON8_20250428_200202.wav
975.0,978.0,Melospiza melodia,Song Sparrow,0.0149,D:/AcousticMonitoringData/ELDON8_Data/Week16\ELDON8_20250428_200202.wav
978.0,981.0,Geothlypis trichas,Common Yellowthroat,0.0781,D:/AcousticMonitoringData/ELDON8_Data/Week16\ELDON8_20250428_200202.wav
978.0,981.0,Melospiza melodia,Song Sparrow,0.0345,D:/AcousticMonitoringData/ELDON8_Data/Week16\ELDON8_20250428_200202.wav
981.0,984.0,Geothlypis trichas,Common Yellowthroat,0.0644,D:/AcousticMonitoringData/ELDON8_Data/Week16\ELDON8_20250428_200202.wav
981.0,984.0,Melospiza melodia,Song Sparrow,0.0270,D:/AcousticMonitoringData/ELDON8_Data/Week16\ELDON8_20250428_200202.wav
984.0,987.0,Geothlypis trichas,Common Yellowthroat,0.0371,D:/AcousticMonitoringData/ELDON8_Data/Week16\ELDON8_20250428_200202.wav
984.0,987.0,Melospiza melodia,Song Sparrow,0.0267,D:/AcousticMonitoringData/ELDON8_Data/Week16\ELDON8_20250428_200202.wav
990.0,993.0,Spizella pusilla,Field Sparrow,0.0284,D:/AcousticMonitoringData/ELDON8_Data/Week16\ELDON8_20250428_200202.wav
990.0,993.0,Geothlypis trichas,Common Yellowthroat,0.0158,D:/AcousticMonitoringData/ELDON8_Data/Week16\ELDON8_20250428_200202.wav
993.0,996.0,Geothlypis trichas,Common Yellowthroat,0.0109,D:/AcousticMonitoringData/ELDON8_Data/Week16\ELDON8_20250428_200202.wav
996.0,999.0,Melospiza melodia,Song Sparrow,0.0376,D:/AcousticMonitoringData/ELDON8_Data/Week16\ELDON8_20250428_200202.wav
996.0,999.0,Geothlypis trichas,Common Yellowthroat,0.0205,D:/AcousticMonitoringData/ELDON8_Data/Week16\ELDON8_20250428_200202.wav
1002.0,1005.0,Geothlypis trichas,Common Yellowthroat,0.0291,D:/AcousticMonitoringData/ELDON8_Data/Week16\ELDON8_20250428_200202.wav
1002.0,1005.0,Spizella pusilla,Field Sparrow,0.0243,D:/AcousticMonitoringData/ELDON8_Data/Week16\ELDON8_20250428_200202.wav
1002.0,1005.0,Melospiza melodia,Song Sparrow,0.0157,D:/AcousticMonitoringData/ELDON8_Data/Week16\ELDON8_20250428_200202.wav
1005.0,1008.0,Geothlypis trichas,Common Yellowthroat,0.0668,D:/AcousticMonitoringData/ELDON8_Data/Week16\ELDON8_20250428_200202.wav
1008.0,1011.0,Geothlypis trichas,Common Yellowthroat,0.0253,D:/AcousticMonitoringData/ELDON8_Data/Week16\ELDON8_20250428_200202.wav
1011.0,1014.0,Geothlypis trichas,Common Yellowthroat,0.0898,D:/AcousticMonitoringData/ELDON8_Data/Week16\ELDON8_20250428_200202.wav
1014.0,1017.0,Geothlypis trichas,Common Yellowthroat,0.5707,D:/AcousticMonitoringData/ELDON8_Data/Week16\ELDON8_20250428_200202.wav
1014.0,1017.0,Melospiza melodia,Song Sparrow,0.0128,D:/AcousticMonitoringData/ELDON8_Data/Week16\ELDON8_20250428_200202.wav
1017.0,1020.0,Geothlypis trichas,Common Yellowthroat,0.3708,D:/AcousticMonitoringData/ELDON8_Data/Week16\ELDON8_20250428_200202.wav
1020.0,1023.0,Geothlypis trichas,Common Yellowthroat,0.0395,D:/AcousticMonitoringData/ELDON8_Data/Week16\ELDON8_20250428_200202.wav
1023.0,1026.0,Geothlypis trichas,Common Yellowthroat,0.0347,D:/AcousticMonitoringData/ELDON8_Data/Week16\ELDON8_20250428_200202.wav
1026.0,1029.0,Geothlypis trichas,Common Yellowthroat,0.0663,D:/AcousticMonitoringData/ELDON8_Data/Week16\ELDON8_20250428_200202.wav
1026.0,1029.0,Spizella pusilla,Field Sparrow,0.0452,D:/AcousticMonitoringData/ELDON8_Data/Week16\ELDON8_20250428_200202.wav
1029.0,1032.0,Spizella pusilla,Field Sparrow,0.1011,D:/AcousticMonitoringData/ELDON8_Data/Week16\ELDON8_20250428_200202.wav
1029.0,1032.0,Geothlypis trichas,Common Yellowthroat,0.0481,D:/AcousticMonitoringData/ELDON8_Data/Week16\ELDON8_20250428_200202.wav
1032.0,1035.0,Spizella pusilla,Field Sparrow,0.0220,D:/AcousticMonitoringData/ELDON8_Data/Week16\ELDON8_20250428_200202.wav
1032.0,1035.0,Passerina caerulea,Blue Grosbeak,0.0186,D:/AcousticMonitoringData/ELDON8_Data/Week16\ELDON8_20250428_200202.wav
1032.0,1035.0,Sturnella magna,Eastern Meadowlark,0.0158,D:/AcousticMonitoringData/ELDON8_Data/Week16\ELDON8_20250428_200202.wav
1035.0,1038.0,Geothlypis trichas,Common Yellowthroat,0.0182,D:/AcousticMonitoringData/ELDON8_Data/Week16\ELDON8_20250428_200202.wav
1035.0,1038.0,Spizella pusilla,Field Sparrow,0.0161,D:/AcousticMonitoringData/ELDON8_Data/Week16\ELDON8_20250428_200202.wav
1038.0,1041.0,Geothlypis trichas,Common Yellowthroat,0.0357,D:/AcousticMonitoringData/ELDON8_Data/Week16\ELDON8_20250428_200202.wav
1041.0,1044.0,Geothlypis trichas,Common Yellowthroat,0.0189,D:/AcousticMonitoringData/ELDON8_Data/Week16\ELDON8_20250428_200202.wav
1041.0,1044.0,Spizella pusilla,Field Sparrow,0.0164,D:/AcousticMonitoringData/ELDON8_Data/Week16\ELDON8_20250428_200202.wav
1044.0,1047.0,Geothlypis trichas,Common Yellowthroat,0.0119,D:/AcousticMonitoringData/ELDON8_Data/Week16\ELDON8_20250428_200202.wav
1047.0,1050.0,Spizella pusilla,Field Sparrow,0.0401,D:/AcousticMonitoringData/ELDON8_Data/Week16\ELDON8_20250428_200202.wav
1050.0,1053.0,Geothlypis trichas,Common Yellowthroat,0.0250,D:/AcousticMonitoringData/ELDON8_Data/Week16\ELDON8_20250428_200202.wav
1053.0,1056.0,Spizella pusilla,Field Sparrow,0.1447,D:/AcousticMonitoringData/ELDON8_Data/Week16\ELDON8_20250428_200202.wav
1053.0,1056.0,Melospiza melodia,Song Sparrow,0.0161,D:/AcousticMonitoringData/ELDON8_Data/Week16\ELDON8_20250428_200202.wav
1053.0,1056.0,Geothlypis trichas,Common Yellowthroat,0.0103,D:/AcousticMonitoringData/ELDON8_Data/Week16\ELDON8_20250428_200202.wav
1053.0,1056.0,Passerina caerulea,Blue Grosbeak,0.0100,D:/AcousticMonitoringData/ELDON8_Data/Week16\ELDON8_20250428_200202.wav
1056.0,1059.0,Geothlypis trichas,Common Yellowthroat,0.0366,D:/AcousticMonitoringData/ELDON8_Data/Week16\ELDON8_20250428_200202.wav
1056.0,1059.0,Melospiza melodia,Song Sparrow,0.0128,D:/AcousticMonitoringData/ELDON8_Data/Week16\ELDON8_20250428_200202.wav
1056.0,1059.0,Spizella pusilla,Field Sparrow,0.0108,D:/AcousticMonitoringData/ELDON8_Data/Week16\ELDON8_20250428_200202.wav
1059.0,1062.0,Spizella pusilla,Field Sparrow,0.0276,D:/AcousticMonitoringData/ELDON8_Data/Week16\ELDON8_20250428_200202.wav
1059.0,1062.0,Geothlypis trichas,Common Yellowthroat,0.0203,D:/AcousticMonitoringData/ELDON8_Data/Week16\ELDON8_20250428_200202.wav
1059.0,1062.0,Melospiza melodia,Song Sparrow,0.0170,D:/AcousticMonitoringData/ELDON8_Data/Week16\ELDON8_20250428_200202.wav
1062.0,1065.0,Spizella pusilla,Field Sparrow,0.1188,D:/AcousticMonitoringData/ELDON8_Data/Week16\ELDON8_20250428_200202.wav
1065.0,1068.0,Geothlypis trichas,Common Yellowthroat,0.0103,D:/AcousticMonitoringData/ELDON8_Data/Week16\ELDON8_20250428_200202.wav
1068.0,1071.0,Spizella pusilla,Field Sparrow,0.0234,D:/AcousticMonitoringData/ELDON8_Data/Week16\ELDON8_20250428_200202.wav
1068.0,1071.0,Geothlypis trichas,Common Yellowthroat,0.0219,D:/AcousticMonitoringData/ELDON8_Data/Week16\ELDON8_20250428_200202.wav
1068.0,1071.0,Passerina caerulea,Blue Grosbeak,0.0114,D:/AcousticMonitoringData/ELDON8_Data/Week16\ELDON8_20250428_200202.wav
1071.0,1074.0,Spizella pusilla,Field Sparrow,0.0250,D:/AcousticMonitoringData/ELDON8_Data/Week16\ELDON8_20250428_200202.wav
1071.0,1074.0,Melospiza melodia,Song Sparrow,0.0172,D:/AcousticMonitoringData/ELDON8_Data/Week16\ELDON8_20250428_200202.wav
1074.0,1077.0,Geothlypis trichas,Common Yellowthroat,0.0107,D:/AcousticMonitoringData/ELDON8_Data/Week16\ELDON8_20250428_200202.wav
1077.0,1080.0,Geothlypis trichas,Common Yellowthroat,0.1215,D:/AcousticMonitoringData/ELDON8_Data/Week16\ELDON8_20250428_200202.wav
1098.0,1101.0,Spizella pusilla,Field Sparrow,0.0106,D:/AcousticMonitoringData/ELDON8_Data/Week16\ELDON8_20250428_200202.wav
1101.0,1104.0,Spizella pusilla,Field Sparrow,0.0144,D:/AcousticMonitoringData/ELDON8_Data/Week16\ELDON8_20250428_200202.wav
1110.0,1113.0,Spizella pusilla,Field Sparrow,0.0121,D:/AcousticMonitoringData/ELDON8_Data/Week16\ELDON8_20250428_200202.wav
1113.0,1116.0,Spizella pusilla,Field Sparrow,0.0202,D:/AcousticMonitoringData/ELDON8_Data/Week16\ELDON8_20250428_200202.wav
1125.0,1128.0,Geothlypis trichas,Common Yellowthroat,0.0370,D:/AcousticMonitoringData/ELDON8_Data/Week16\ELDON8_20250428_200202.wav
1128.0,1131.0,Geothlypis trichas,Common Yellowthroat,0.0179,D:/AcousticMonitoringData/ELDON8_Data/Week16\ELDON8_20250428_200202.wav
1134.0,1137.0,Geothlypis trichas,Common Yellowthroat,0.0900,D:/AcousticMonitoringData/ELDON8_Data/Week16\ELDON8_20250428_200202.wav
1137.0,1140.0,Spizella pusilla,Field Sparrow,0.0119,D:/AcousticMonitoringData/ELDON8_Data/Week16\ELDON8_20250428_200202.wav
1140.0,1143.0,Sturnella magna,Eastern Meadowlark,0.0120,D:/AcousticMonitoringData/ELDON8_Data/Week16\ELDON8_20250428_200202.wav
1143.0,1146.0,Geothlypis trichas,Common Yellowthroat,0.0103,D:/AcousticMonitoringData/ELDON8_Data/Week16\ELDON8_20250428_200202.wav
1167.0,1170.0,Geothlypis trichas,Common Yellowthroat,0.0107,D:/AcousticMonitoringData/ELDON8_Data/Week16\ELDON8_20250428_200202.wav
1203.0,1206.0,Geothlypis trichas,Common Yellowthroat,0.0121,D:/AcousticMonitoringData/ELDON8_Data/Week16\ELDON8_20250428_200202.wav
1212.0,1215.0,Geothlypis trichas,Common Yellowthroat,0.0153,D:/AcousticMonitoringData/ELDON8_Data/Week16\ELDON8_20250428_200202.wav
1227.0,1230.0,Geothlypis trichas,Common Yellowthroat,0.0227,D:/AcousticMonitoringData/ELDON8_Data/Week16\ELDON8_20250428_200202.wav
1230.0,1233.0,Geothlypis trichas,Common Yellowthroat,0.3152,D:/AcousticMonitoringData/ELDON8_Data/Week16\ELDON8_20250428_200202.wav
1248.0,1251.0,Geothlypis trichas,Common Yellowthroat,0.0931,D:/AcousticMonitoringData/ELDON8_Data/Week16\ELDON8_20250428_200202.wav
1251.0,1254.0,Geothlypis trichas,Common Yellowthroat,0.0606,D:/AcousticMonitoringData/ELDON8_Data/Week16\ELDON8_20250428_200202.wav
1251.0,1254.0,Passerina caerulea,Blue Grosbeak,0.0108,D:/AcousticMonitoringData/ELDON8_Data/Week16\ELDON8_20250428_200202.wav
1254.0,1257.0,Melospiza melodia,Song Sparrow,0.0292,D:/AcousticMonitoringData/ELDON8_Data/Week16\ELDON8_20250428_200202.wav
1254.0,1257.0,Geothlypis trichas,Common Yellowthroat,0.0126,D:/AcousticMonitoringData/ELDON8_Data/Week16\ELDON8_20250428_200202.wav
1257.0,1260.0,Melospiza melodia,Song Sparrow,0.0584,D:/AcousticMonitoringData/ELDON8_Data/Week16\ELDON8_20250428_200202.wav
1287.0,1290.0,Geothlypis trichas,Common Yellowthroat,0.2590,D:/AcousticMonitoringData/ELDON8_Data/Week16\ELDON8_20250428_200202.wav
1287.0,1290.0,Spizella pusilla,Field Sparrow,0.0301,D:/AcousticMonitoringData/ELDON8_Data/Week16\ELDON8_20250428_200202.wav
1290.0,1293.0,Geothlypis trichas,Common Yellowthroat,0.0552,D:/AcousticMonitoringData/ELDON8_Data/Week16\ELDON8_20250428_200202.wav
1293.0,1296.0,Geothlypis trichas,Common Yellowthroat,0.0301,D:/AcousticMonitoringData/ELDON8_Data/Week16\ELDON8_20250428_200202.wav
1293.0,1296.0,Spizella pusilla,Field Sparrow,0.0139,D:/AcousticMonitoringData/ELDON8_Data/Week16\ELDON8_20250428_200202.wav
1296.0,1299.0,Geothlypis trichas,Common Yellowthroat,0.0147,D:/AcousticMonitoringData/ELDON8_Data/Week16\ELDON8_20250428_200202.wav
1299.0,1302.0,Geothlypis trichas,Common Yellowthroat,0.1868,D:/AcousticMonitoringData/ELDON8_Data/Week16\ELDON8_20250428_200202.wav
1299.0,1302.0,Sturnella magna,Eastern Meadowlark,0.0125,D:/AcousticMonitoringData/ELDON8_Data/Week16\ELDON8_20250428_200202.wav
1302.0,1305.0,Geothlypis trichas,Common Yellowthroat,0.4870,D:/AcousticMonitoringData/ELDON8_Data/Week16\ELDON8_20250428_200202.wav
1308.0,1311.0,Geothlypis trichas,Common Yellowthroat,0.0120,D:/AcousticMonitoringData/ELDON8_Data/Week16\ELDON8_20250428_200202.wav
1311.0,1314.0,Geothlypis trichas,Common Yellowthroat,0.1806,D:/AcousticMonitoringData/ELDON8_Data/Week16\ELDON8_20250428_200202.wav
1314.0,1317.0,Geothlypis trichas,Common Yellowthroat,0.0765,D:/AcousticMonitoringData/ELDON8_Data/Week16\ELDON8_20250428_200202.wav
1317.0,1320.0,Geothlypis trichas,Common Yellowthroat,0.0182,D:/AcousticMonitoringData/ELDON8_Data/Week16\ELDON8_20250428_200202.wav
1326.0,1329.0,Spizella pusilla,Field Sparrow,0.0200,D:/AcousticMonitoringData/ELDON8_Data/Week16\ELDON8_20250428_200202.wav
1326.0,1329.0,Geothlypis trichas,Common Yellowthroat,0.0176,D:/AcousticMonitoringData/ELDON8_Data/Week16\ELDON8_20250428_200202.wav
1326.0,1329.0,Melospiza melodia,Song Sparrow,0.0133,D:/AcousticMonitoringData/ELDON8_Data/Week16\ELDON8_20250428_200202.wav
1329.0,1332.0,Geothlypis trichas,Common Yellowthroat,0.0357,D:/AcousticMonitoringData/ELDON8_Data/Week16\ELDON8_20250428_200202.wav
1329.0,1332.0,Melospiza melodia,Song Sparrow,0.0181,D:/AcousticMonitoringData/ELDON8_Data/Week16\ELDON8_20250428_200202.wav
1332.0,1335.0,Geothlypis trichas,Common Yellowthroat,0.1660,D:/AcousticMonitoringData/ELDON8_Data/Week16\ELDON8_20250428_200202.wav
1335.0,1338.0,Geothlypis trichas,Common Yellowthroat,0.0118,D:/AcousticMonitoringData/ELDON8_Data/Week16\ELDON8_20250428_200202.wav
1338.0,1341.0,Geothlypis trichas,Common Yellowthroat,0.0361,D:/AcousticMonitoringData/ELDON8_Data/Week16\ELDON8_20250428_200202.wav
1341.0,1344.0,Geothlypis trichas,Common Yellowthroat,0.0129,D:/AcousticMonitoringData/ELDON8_Data/Week16\ELDON8_20250428_200202.wav
1350.0,1353.0,Geothlypis trichas,Common Yellowthroat,0.0139,D:/AcousticMonitoringData/ELDON8_Data/Week16\ELDON8_20250428_200202.wav
1359.0,1362.0,Geothlypis trichas,Common Yellowthroat,0.1086,D:/AcousticMonitoringData/ELDON8_Data/Week16\ELDON8_20250428_200202.wav
1362.0,1365.0,Geothlypis trichas,Common Yellowthroat,0.0233,D:/AcousticMonitoringData/ELDON8_Data/Week16\ELDON8_20250428_200202.wav
1365.0,1368.0,Geothlypis trichas,Common Yellowthroat,0.0112,D:/AcousticMonitoringData/ELDON8_Data/Week16\ELDON8_20250428_200202.wav
1368.0,1371.0,Geothlypis trichas,Common Yellowthroat,0.0257,D:/AcousticMonitoringData/ELDON8_Data/Week16\ELDON8_20250428_200202.wav
1380.0,1383.0,Geothlypis trichas,Common Yellowthroat,0.0428,D:/AcousticMonitoringData/ELDON8_Data/Week16\ELDON8_20250428_200202.wav
1383.0,1386.0,Geothlypis trichas,Common Yellowthroat,0.0328,D:/AcousticMonitoringData/ELDON8_Data/Week16\ELDON8_20250428_200202.wav
1389.0,1392.0,Eremophila alpestris,Horned Lark,0.0471,D:/AcousticMonitoringData/ELDON8_Data/Week16\ELDON8_20250428_200202.wav
1389.0,1392.0,Geothlypis trichas,Common Yellowthroat,0.0138,D:/AcousticMonitoringData/ELDON8_Data/Week16\ELDON8_20250428_200202.wav
1392.0,1395.0,Geothlypis trichas,Common Yellowthroat,0.0296,D:/AcousticMonitoringData/ELDON8_Data/Week16\ELDON8_20250428_200202.wav
1395.0,1398.0,Geothlypis trichas,Common Yellowthroat,0.0623,D:/AcousticMonitoringData/ELDON8_Data/Week16\ELDON8_20250428_200202.wav
1404.0,1407.0,Geothlypis trichas,Common Yellowthroat,0.0130,D:/AcousticMonitoringData/ELDON8_Data/Week16\ELDON8_20250428_200202.wav
1446.0,1449.0,Eremophila alpestris,Horned Lark,0.0123,D:/AcousticMonitoringData/ELDON8_Data/Week16\ELDON8_20250428_200202.wav
1455.0,1458.0,Geothlypis trichas,Common Yellowthroat,0.1525,D:/AcousticMonitoringData/ELDON8_Data/Week16\ELDON8_20250428_200202.wav
1464.0,1467.0,Geothlypis trichas,Common Yellowthroat,0.0107,D:/AcousticMonitoringData/ELDON8_Data/Week16\ELDON8_20250428_200202.wav
1476.0,1479.0,Geothlypis trichas,Common Yellowthroat,0.0354,D:/AcousticMonitoringData/ELDON8_Data/Week16\ELDON8_20250428_200202.wav
1479.0,1482.0,Geothlypis trichas,Common Yellowthroat,0.0696,D:/AcousticMonitoringData/ELDON8_Data/Week16\ELDON8_20250428_200202.wav
1494.0,1497.0,Geothlypis trichas,Common Yellowthroat,0.0146,D:/AcousticMonitoringData/ELDON8_Data/Week16\ELDON8_20250428_200202.wav
1506.0,1509.0,Geothlypis trichas,Common Yellowthroat,0.0113,D:/AcousticMonitoringData/ELDON8_Data/Week16\ELDON8_20250428_200202.wav
1515.0,1518.0,Geothlypis trichas,Common Yellowthroat,0.0184,D:/AcousticMonitoringData/ELDON8_Data/Week16\ELDON8_20250428_200202.wav
1527.0,1530.0,Spizella pusilla,Field Sparrow,0.0240,D:/AcousticMonitoringData/ELDON8_Data/Week16\ELDON8_20250428_200202.wav
1539.0,1542.0,Geothlypis trichas,Common Yellowthroat,0.0226,D:/AcousticMonitoringData/ELDON8_Data/Week16\ELDON8_20250428_200202.wav
1542.0,1545.0,Geothlypis trichas,Common Yellowthroat,0.0170,D:/AcousticMonitoringData/ELDON8_Data/Week16\ELDON8_20250428_200202.wav
1542.0,1545.0,Melospiza melodia,Song Sparrow,0.0121,D:/AcousticMonitoringData/ELDON8_Data/Week16\ELDON8_20250428_200202.wav
1548.0,1551.0,Geothlypis trichas,Common Yellowthroat,0.0256,D:/AcousticMonitoringData/ELDON8_Data/Week16\ELDON8_20250428_200202.wav
1548.0,1551.0,Melospiza melodia,Song Sparrow,0.0192,D:/AcousticMonitoringData/ELDON8_Data/Week16\ELDON8_20250428_200202.wav
1551.0,1554.0,Geothlypis trichas,Common Yellowthroat,0.0163,D:/AcousticMonitoringData/ELDON8_Data/Week16\ELDON8_20250428_200202.wav
1551.0,1554.0,Melospiza melodia,Song Sparrow,0.0158,D:/AcousticMonitoringData/ELDON8_Data/Week16\ELDON8_20250428_200202.wav
1554.0,1557.0,Geothlypis trichas,Common Yellowthroat,0.0160,D:/AcousticMonitoringData/ELDON8_Data/Week16\ELDON8_20250428_200202.wav
1557.0,1560.0,Geothlypis trichas,Common Yellowthroat,0.0138,D:/AcousticMonitoringData/ELDON8_Data/Week16\ELDON8_20250428_200202.wav
1629.0,1632.0,Geothlypis trichas,Common Yellowthroat,0.0112,D:/AcousticMonitoringData/ELDON8_Data/Week16\ELDON8_20250428_200202.wav
1677.0,1680.0,Passerina caerulea,Blue Grosbeak,0.0142,D:/AcousticMonitoringData/ELDON8_Data/Week16\ELDON8_20250428_200202.wav
1725.0,1728.0,Geothlypis trichas,Common Yellowthroat,0.0118,D:/AcousticMonitoringData/ELDON8_Data/Week16\ELDON8_20250428_200202.wav
1728.0,1731.0,Spizella pusilla,Field Sparrow,0.5785,D:/AcousticMonitoringData/ELDON8_Data/Week16\ELDON8_20250428_200202.wav
1731.0,1734.0,Spizella pusilla,Field Sparrow,0.0318,D:/AcousticMonitoringData/ELDON8_Data/Week16\ELDON8_20250428_200202.wav
1731.0,1734.0,Geothlypis trichas,Common Yellowthroat,0.0136,D:/AcousticMonitoringData/ELDON8_Data/Week16\ELDON8_20250428_200202.wav
1737.0,1740.0,Geothlypis trichas,Common Yellowthroat,0.0245,D:/AcousticMonitoringData/ELDON8_Data/Week16\ELDON8_20250428_200202.wav
1740.0,1743.0,Geothlypis trichas,Common Yellowthroat,0.0151,D:/AcousticMonitoringData/ELDON8_Data/Week16\ELDON8_20250428_200202.wav
1755.0,1758.0,Geothlypis trichas,Common Yellowthroat,0.0268,D:/AcousticMonitoringData/ELDON8_Data/Week16\ELDON8_20250428_200202.wav
1758.0,1761.0,Geothlypis trichas,Common Yellowthroat,0.0171,D:/AcousticMonitoringData/ELDON8_Data/Week16\ELDON8_20250428_200202.wav
1761.0,1764.0,Geothlypis trichas,Common Yellowthroat,0.0179,D:/AcousticMonitoringData/ELDON8_Data/Week16\ELDON8_20250428_200202.wav
1767.0,1770.0,Geothlypis trichas,Common Yellowthroat,0.0163,D:/AcousticMonitoringData/ELDON8_Data/Week16\ELDON8_20250428_200202.wav
1770.0,1773.0,Geothlypis trichas,Common Yellowthroat,0.0333,D:/AcousticMonitoringData/ELDON8_Data/Week16\ELDON8_20250428_200202.wav
1773.0,1776.0,Geothlypis trichas,Common Yellowthroat,0.0262,D:/AcousticMonitoringData/ELDON8_Data/Week16\ELDON8_20250428_200202.wav
1776.0,1779.0,Geothlypis trichas,Common Yellowthroat,0.0233,D:/AcousticMonitoringData/ELDON8_Data/Week16\ELDON8_20250428_200202.wav
1779.0,1782.0,Geothlypis trichas,Common Yellowthroat,0.0648,D:/AcousticMonitoringData/ELDON8_Data/Week16\ELDON8_20250428_200202.wav
1782.0,1785.0,Geothlypis trichas,Common Yellowthroat,0.0424,D:/AcousticMonitoringData/ELDON8_Data/Week16\ELDON8_20250428_200202.wav
1785.0,1788.0,Geothlypis trichas,Common Yellowthroat,0.0724,D:/AcousticMonitoringData/ELDON8_Data/Week16\ELDON8_20250428_200202.wav
1788.0,1791.0,Geothlypis trichas,Common Yellowthroat,0.0268,D:/AcousticMonitoringData/ELDON8_Data/Week16\ELDON8_20250428_200202.wav
1791.0,1794.0,Geothlypis trichas,Common Yellowthroat,0.0143,D:/AcousticMonitoringData/ELDON8_Data/Week16\ELDON8_20250428_200202.wav
1794.0,1797.0,Geothlypis trichas,Common Yellowthroat,0.0158,D:/AcousticMonitoringData/ELDON8_Data/Week16\ELDON8_20250428_200202.wav
1797.0,1800.0,Geothlypis trichas,Common Yellowthroat,0.0126,D:/AcousticMonitoringData/ELDON8_Data/Week16\ELDON8_20250428_200202.wav
1800.0,1803.0,Geothlypis trichas,Common Yellowthroat,0.0170,D:/AcousticMonitoringData/ELDON8_Data/Week16\ELDON8_20250428_200202.wav
1806.0,1809.0,Geothlypis trichas,Common Yellowthroat,0.0103,D:/AcousticMonitoringData/ELDON8_Data/Week16\ELDON8_20250428_200202.wav
1818.0,1821.0,Geothlypis trichas,Common Yellowthroat,0.0100,D:/AcousticMonitoringData/ELDON8_Data/Week16\ELDON8_20250428_200202.wav
1836.0,1839.0,Geothlypis trichas,Common Yellowthroat,0.0125,D:/AcousticMonitoringData/ELDON8_Data/Week16\ELDON8_20250428_200202.wav
1842.0,1845.0,Geothlypis trichas,Common Yellowthroat,0.0109,D:/AcousticMonitoringData/ELDON8_Data/Week16\ELDON8_20250428_200202.wav
1851.0,1854.0,Geothlypis trichas,Common Yellowthroat,0.0147,D:/AcousticMonitoringData/ELDON8_Data/Week16\ELDON8_20250428_200202.wav
1854.0,1857.0,Geothlypis trichas,Common Yellowthroat,0.0145,D:/AcousticMonitoringData/ELDON8_Data/Week16\ELDON8_20250428_200202.wav
1857.0,1860.0,Geothlypis trichas,Common Yellowthroat,0.0150,D:/AcousticMonitoringData/ELDON8_Data/Week16\ELDON8_20250428_200202.wav
1863.0,1866.0,Sturnella magna,Eastern Meadowlark,0.0423,D:/AcousticMonitoringData/ELDON8_Data/Week16\ELDON8_20250428_200202.wav
1863.0,1866.0,Spizella pusilla,Field Sparrow,0.0100,D:/AcousticMonitoringData/ELDON8_Data/Week16\ELDON8_20250428_200202.wav
1866.0,1869.0,Spizella pusilla,Field Sparrow,0.2346,D:/AcousticMonitoringData/ELDON8_Data/Week16\ELDON8_20250428_200202.wav
1869.0,1872.0,Geothlypis trichas,Common Yellowthroat,0.0106,D:/AcousticMonitoringData/ELDON8_Data/Week16\ELDON8_20250428_200202.wav
1872.0,1875.0,Geothlypis trichas,Common Yellowthroat,0.0175,D:/AcousticMonitoringData/ELDON8_Data/Week16\ELDON8_20250428_200202.wav
1881.0,1884.0,Spizella pusilla,Field Sparrow,0.2074,D:/AcousticMonitoringData/ELDON8_Data/Week16\ELDON8_20250428_200202.wav
1884.0,1887.0,Spizella pusilla,Field Sparrow,0.0204,D:/AcousticMonitoringData/ELDON8_Data/Week16\ELDON8_20250428_200202.wav
1884.0,1887.0,Geothlypis trichas,Common Yellowthroat,0.0107,D:/AcousticMonitoringData/ELDON8_Data/Week16\ELDON8_20250428_200202.wav
1893.0,1896.0,Bartramia longicauda,Upland Sandpiper,0.0738,D:/AcousticMonitoringData/ELDON8_Data/Week16\ELDON8_20250428_200202.wav
1896.0,1899.0,Spizella pusilla,Field Sparrow,0.1633,D:/AcousticMonitoringData/ELDON8_Data/Week16\ELDON8_20250428_200202.wav
1899.0,1902.0,Geothlypis trichas,Common Yellowthroat,0.0145,D:/AcousticMonitoringData/ELDON8_Data/Week16\ELDON8_20250428_200202.wav
1959.0,1962.0,Geothlypis trichas,Common Yellowthroat,0.0111,D:/AcousticMonitoringData/ELDON8_Data/Week16\ELDON8_20250428_200202.wav
1962.0,1965.0,Geothlypis trichas,Common Yellowthroat,0.0181,D:/AcousticMonitoringData/ELDON8_Data/Week16\ELDON8_20250428_200202.wav
1965.0,1968.0,Geothlypis trichas,Common Yellowthroat,0.0157,D:/AcousticMonitoringData/ELDON8_Data/Week16\ELDON8_20250428_200202.wav
1968.0,1971.0,Geothlypis trichas,Common Yellowthroat,0.0182,D:/AcousticMonitoringData/ELDON8_Data/Week16\ELDON8_20250428_200202.wav
1971.0,1974.0,Geothlypis trichas,Common Yellowthroat,0.0133,D:/AcousticMonitoringData/ELDON8_Data/Week16\ELDON8_20250428_200202.wav
1998.0,2001.0,Melospiza melodia,Song Sparrow,0.0132,D:/AcousticMonitoringData/ELDON8_Data/Week16\ELDON8_20250428_200202.wav
2037.0,2040.0,Geothlypis trichas,Common Yellowthroat,0.0120,D:/AcousticMonitoringData/ELDON8_Data/Week16\ELDON8_20250428_200202.wav
2070.0,2073.0,Spizella pusilla,Field Sparrow,0.0579,D:/AcousticMonitoringData/ELDON8_Data/Week16\ELDON8_20250428_200202.wav
2073.0,2076.0,Spizella pusilla,Field Sparrow,0.0524,D:/AcousticMonitoringData/ELDON8_Data/Week16\ELDON8_20250428_200202.wav
2076.0,2079.0,Geothlypis trichas,Common Yellowthroat,0.0103,D:/AcousticMonitoringData/ELDON8_Data/Week16\ELDON8_20250428_200202.wav
2079.0,2082.0,Geothlypis trichas,Common Yellowthroat,0.0214,D:/AcousticMonitoringData/ELDON8_Data/Week16\ELDON8_20250428_200202.wav
2085.0,2088.0,Geothlypis trichas,Common Yellowthroat,0.0154,D:/AcousticMonitoringData/ELDON8_Data/Week16\ELDON8_20250428_200202.wav
2088.0,2091.0,Geothlypis trichas,Common Yellowthroat,0.0199,D:/AcousticMonitoringData/ELDON8_Data/Week16\ELDON8_20250428_200202.wav
2091.0,2094.0,Geothlypis trichas,Common Yellowthroat,0.0102,D:/AcousticMonitoringData/ELDON8_Data/Week16\ELDON8_20250428_200202.wav
2094.0,2097.0,Melospiza melodia,Song Sparrow,0.0203,D:/AcousticMonitoringData/ELDON8_Data/Week16\ELDON8_20250428_200202.wav
2118.0,2121.0,Melospiza melodia,Song Sparrow,0.0118,D:/AcousticMonitoringData/ELDON8_Data/Week16\ELDON8_20250428_200202.wav
2121.0,2124.0,Geothlypis trichas,Common Yellowthroat,0.0261,D:/AcousticMonitoringData/ELDON8_Data/Week16\ELDON8_20250428_200202.wav
2121.0,2124.0,Melospiza melodia,Song Sparrow,0.0123,D:/AcousticMonitoringData/ELDON8_Data/Week16\ELDON8_20250428_200202.wav
2124.0,2127.0,Geothlypis trichas,Common Yellowthroat,0.0599,D:/AcousticMonitoringData/ELDON8_Data/Week16\ELDON8_20250428_200202.wav
2127.0,2130.0,Geothlypis trichas,Common Yellowthroat,0.0191,D:/AcousticMonitoringData/ELDON8_Data/Week16\ELDON8_20250428_200202.wav
2130.0,2133.0,Geothlypis trichas,Common Yellowthroat,0.0130,D:/AcousticMonitoringData/ELDON8_Data/Week16\ELDON8_20250428_200202.wav
2133.0,2136.0,Geothlypis trichas,Common Yellowthroat,0.0263,D:/AcousticMonitoringData/ELDON8_Data/Week16\ELDON8_20250428_200202.wav
2133.0,2136.0,Melospiza melodia,Song Sparrow,0.0165,D:/AcousticMonitoringData/ELDON8_Data/Week16\ELDON8_20250428_200202.wav
2136.0,2139.0,Geothlypis trichas,Common Yellowthroat,0.0291,D:/AcousticMonitoringData/ELDON8_Data/Week16\ELDON8_20250428_200202.wav
2142.0,2145.0,Geothlypis trichas,Common Yellowthroat,0.0104,D:/AcousticMonitoringData/ELDON8_Data/Week16\ELDON8_20250428_200202.wav
2145.0,2148.0,Geothlypis trichas,Common Yellowthroat,0.0141,D:/AcousticMonitoringData/ELDON8_Data/Week16\ELDON8_20250428_200202.wav
2145.0,2148.0,Melospiza melodia,Song Sparrow,0.0117,D:/AcousticMonitoringData/ELDON8_Data/Week16\ELDON8_20250428_200202.wav
2160.0,2163.0,Melospiza melodia,Song Sparrow,0.0143,D:/AcousticMonitoringData/ELDON8_Data/Week16\ELDON8_20250428_200202.wav
2160.0,2163.0,Geothlypis trichas,Common Yellowthroat,0.0141,D:/AcousticMonitoringData/ELDON8_Data/Week16\ELDON8_20250428_200202.wav
2163.0,2166.0,Melospiza melodia,Song Sparrow,0.0167,D:/AcousticMonitoringData/ELDON8_Data/Week16\ELDON8_20250428_200202.wav
2166.0,2169.0,Melospiza melodia,Song Sparrow,0.0218,D:/AcousticMonitoringData/ELDON8_Data/Week16\ELDON8_20250428_200202.wav
2166.0,2169.0,Geothlypis trichas,Common Yellowthroat,0.0109,D:/AcousticMonitoringData/ELDON8_Data/Week16\ELDON8_20250428_200202.wav
2169.0,2172.0,Geothlypis trichas,Common Yellowthroat,0.0208,D:/AcousticMonitoringData/ELDON8_Data/Week16\ELDON8_20250428_200202.wav
2172.0,2175.0,Geothlypis trichas,Common Yellowthroat,0.0262,D:/AcousticMonitoringData/ELDON8_Data/Week16\ELDON8_20250428_200202.wav
2175.0,2178.0,Geothlypis trichas,Common Yellowthroat,0.0180,D:/AcousticMonitoringData/ELDON8_Data/Week16\ELDON8_20250428_200202.wav
2175.0,2178.0,Melospiza melodia,Song Sparrow,0.0121,D:/AcousticMonitoringData/ELDON8_Data/Week16\ELDON8_20250428_200202.wav
2178.0,2181.0,Geothlypis trichas,Common Yellowthroat,0.0133,D:/AcousticMonitoringData/ELDON8_Data/Week16\ELDON8_20250428_200202.wav
2184.0,2187.0,Geothlypis trichas,Common Yellowthroat,0.0191,D:/AcousticMonitoringData/ELDON8_Data/Week16\ELDON8_20250428_200202.wav
2184.0,2187.0,Melospiza melodia,Song Sparrow,0.0126,D:/AcousticMonitoringData/ELDON8_Data/Week16\ELDON8_20250428_200202.wav
2187.0,2190.0,Geothlypis trichas,Common Yellowthroat,0.0181,D:/AcousticMonitoringData/ELDON8_Data/Week16\ELDON8_20250428_200202.wav
2193.0,2196.0,Melospiza melodia,Song Sparrow,0.0149,D:/AcousticMonitoringData/ELDON8_Data/Week16\ELDON8_20250428_200202.wav
2193.0,2196.0,Geothlypis trichas,Common Yellowthroat,0.0129,D:/AcousticMonitoringData/ELDON8_Data/Week16\ELDON8_20250428_200202.wav
2202.0,2205.0,Melospiza melodia,Song Sparrow,0.0127,D:/AcousticMonitoringData/ELDON8_Data/Week16\ELDON8_20250428_200202.wav
2205.0,2208.0,Geothlypis trichas,Common Yellowthroat,0.0916,D:/AcousticMonitoringData/ELDON8_Data/Week16\ELDON8_20250428_200202.wav
2205.0,2208.0,Melospiza melodia,Song Sparrow,0.0280,D:/AcousticMonitoringData/ELDON8_Data/Week16\ELDON8_20250428_200202.wav
2208.0,2211.0,Geothlypis trichas,Common Yellowthroat,0.0393,D:/AcousticMonitoringData/ELDON8_Data/Week16\ELDON8_20250428_200202.wav
2208.0,2211.0,Melospiza melodia,Song Sparrow,0.0131,D:/AcousticMonitoringData/ELDON8_Data/Week16\ELDON8_20250428_200202.wav
2211.0,2214.0,Geothlypis trichas,Common Yellowthroat,0.0464,D:/AcousticMonitoringData/ELDON8_Data/Week16\ELDON8_20250428_200202.wav
2211.0,2214.0,Melospiza melodia,Song Sparrow,0.0387,D:/AcousticMonitoringData/ELDON8_Data/Week16\ELDON8_20250428_200202.wav
2214.0,2217.0,Geothlypis trichas,Common Yellowthroat,0.0186,D:/AcousticMonitoringData/ELDON8_Data/Week16\ELDON8_20250428_200202.wav
2223.0,2226.0,Geothlypis trichas,Common Yellowthroat,0.0138,D:/AcousticMonitoringData/ELDON8_Data/Week16\ELDON8_20250428_200202.wav
2247.0,2250.0,Melospiza melodia,Song Sparrow,0.0129,D:/AcousticMonitoringData/ELDON8_Data/Week16\ELDON8_20250428_200202.wav
2247.0,2250.0,Geothlypis trichas,Common Yellowthroat,0.0103,D:/AcousticMonitoringData/ELDON8_Data/Week16\ELDON8_20250428_200202.wav
2250.0,2253.0,Geothlypis trichas,Common Yellowthroat,0.0157,D:/AcousticMonitoringData/ELDON8_Data/Week16\ELDON8_20250428_200202.wav
2253.0,2256.0,Geothlypis trichas,Common Yellowthroat,0.0258,D:/AcousticMonitoringData/ELDON8_Data/Week16\ELDON8_20250428_200202.wav
2253.0,2256.0,Melospiza melodia,Song Sparrow,0.0126,D:/AcousticMonitoringData/ELDON8_Data/Week16\ELDON8_20250428_200202.wav
2256.0,2259.0,Geothlypis trichas,Common Yellowthroat,0.0202,D:/AcousticMonitoringData/ELDON8_Data/Week16\ELDON8_20250428_200202.wav
2256.0,2259.0,Melospiza melodia,Song Sparrow,0.0122,D:/AcousticMonitoringData/ELDON8_Data/Week16\ELDON8_20250428_200202.wav
2259.0,2262.0,Geothlypis trichas,Common Yellowthroat,0.0287,D:/AcousticMonitoringData/ELDON8_Data/Week16\ELDON8_20250428_200202.wav
2259.0,2262.0,Melospiza melodia,Song Sparrow,0.0112,D:/AcousticMonitoringData/ELDON8_Data/Week16\ELDON8_20250428_200202.wav
2262.0,2265.0,Geothlypis trichas,Common Yellowthroat,0.0277,D:/AcousticMonitoringData/ELDON8_Data/Week16\ELDON8_20250428_200202.wav
2265.0,2268.0,Geothlypis trichas,Common Yellowthroat,0.0158,D:/AcousticMonitoringData/ELDON8_Data/Week16\ELDON8_20250428_200202.wav
2268.0,2271.0,Geothlypis trichas,Common Yellowthroat,0.0351,D:/AcousticMonitoringData/ELDON8_Data/Week16\ELDON8_20250428_200202.wav
2271.0,2274.0,Geothlypis trichas,Common Yellowthroat,0.0561,D:/AcousticMonitoringData/ELDON8_Data/Week16\ELDON8_20250428_200202.wav
2271.0,2274.0,Melospiza melodia,Song Sparrow,0.0140,D:/AcousticMonitoringData/ELDON8_Data/Week16\ELDON8_20250428_200202.wav
2277.0,2280.0,Geothlypis trichas,Common Yellowthroat,0.0184,D:/AcousticMonitoringData/ELDON8_Data/Week16\ELDON8_20250428_200202.wav
2280.0,2283.0,Geothlypis trichas,Common Yellowthroat,0.0125,D:/AcousticMonitoringData/ELDON8_Data/Week16\ELDON8_20250428_200202.wav
2283.0,2286.0,Geothlypis trichas,Common Yellowthroat,0.0203,D:/AcousticMonitoringData/ELDON8_Data/Week16\ELDON8_20250428_200202.wav
2286.0,2289.0,Geothlypis trichas,Common Yellowthroat,0.0171,D:/AcousticMonitoringData/ELDON8_Data/Week16\ELDON8_20250428_200202.wav
2289.0,2292.0,Geothlypis trichas,Common Yellowthroat,0.0105,D:/AcousticMonitoringData/ELDON8_Data/Week16\ELDON8_20250428_200202.wav
2295.0,2298.0,Geothlypis trichas,Common Yellowthroat,0.0222,D:/AcousticMonitoringData/ELDON8_Data/Week16\ELDON8_20250428_200202.wav
2298.0,2301.0,Geothlypis trichas,Common Yellowthroat,0.0136,D:/AcousticMonitoringData/ELDON8_Data/Week16\ELDON8_20250428_200202.wav
2301.0,2304.0,Geothlypis trichas,Common Yellowthroat,0.0174,D:/AcousticMonitoringData/ELDON8_Data/Week16\ELDON8_20250428_200202.wav
2301.0,2304.0,Melospiza melodia,Song Sparrow,0.0167,D:/AcousticMonitoringData/ELDON8_Data/Week16\ELDON8_20250428_200202.wav
2304.0,2307.0,Geothlypis trichas,Common Yellowthroat,0.0307,D:/AcousticMonitoringData/ELDON8_Data/Week16\ELDON8_20250428_200202.wav
2307.0,2310.0,Geothlypis trichas,Common Yellowthroat,0.0212,D:/AcousticMonitoringData/ELDON8_Data/Week16\ELDON8_20250428_200202.wav
2310.0,2313.0,Geothlypis trichas,Common Yellowthroat,0.0280,D:/AcousticMonitoringData/ELDON8_Data/Week16\ELDON8_20250428_200202.wav
2313.0,2316.0,Geothlypis trichas,Common Yellowthroat,0.0166,D:/AcousticMonitoringData/ELDON8_Data/Week16\ELDON8_20250428_200202.wav
2319.0,2322.0,Geothlypis trichas,Common Yellowthroat,0.0129,D:/AcousticMonitoringData/ELDON8_Data/Week16\ELDON8_20250428_200202.wav
2322.0,2325.0,Geothlypis trichas,Common Yellowthroat,0.0410,D:/AcousticMonitoringData/ELDON8_Data/Week16\ELDON8_20250428_200202.wav
2325.0,2328.0,Geothlypis trichas,Common Yellowthroat,0.0448,D:/AcousticMonitoringData/ELDON8_Data/Week16\ELDON8_20250428_200202.wav
2328.0,2331.0,Geothlypis trichas,Common Yellowthroat,0.0261,D:/AcousticMonitoringData/ELDON8_Data/Week16\ELDON8_20250428_200202.wav
2334.0,2337.0,Geothlypis trichas,Common Yellowthroat,0.0105,D:/AcousticMonitoringData/ELDON8_Data/Week16\ELDON8_20250428_200202.wav
2343.0,2346.0,Geothlypis trichas,Common Yellowthroat,0.0166,D:/AcousticMonitoringData/ELDON8_Data/Week16\ELDON8_20250428_200202.wav
2373.0,2376.0,Geothlypis trichas,Common Yellowthroat,0.0269,D:/AcousticMonitoringData/ELDON8_Data/Week16\ELDON8_20250428_200202.wav
2397.0,2400.0,Geothlypis trichas,Common Yellowthroat,0.0156,D:/AcousticMonitoringData/ELDON8_Data/Week16\ELDON8_20250428_200202.wav
2406.0,2409.0,Geothlypis trichas,Common Yellowthroat,0.0123,D:/AcousticMonitoringData/ELDON8_Data/Week16\ELDON8_20250428_200202.wav
2415.0,2418.0,Geothlypis trichas,Common Yellowthroat,0.0107,D:/AcousticMonitoringData/ELDON8_Data/Week16\ELDON8_20250428_200202.wav
2418.0,2421.0,Geothlypis trichas,Common Yellowthroat,0.0110,D:/AcousticMonitoringData/ELDON8_Data/Week16\ELDON8_20250428_200202.wav
2457.0,2460.0,Geothlypis trichas,Common Yellowthroat,0.0180,D:/AcousticMonitoringData/ELDON8_Data/Week16\ELDON8_20250428_200202.wav
2460.0,2463.0,Geothlypis trichas,Common Yellowthroat,0.0245,D:/AcousticMonitoringData/ELDON8_Data/Week16\ELDON8_20250428_200202.wav
2463.0,2466.0,Geothlypis trichas,Common Yellowthroat,0.0112,D:/AcousticMonitoringData/ELDON8_Data/Week16\ELDON8_20250428_200202.wav
2466.0,2469.0,Geothlypis trichas,Common Yellowthroat,0.0176,D:/AcousticMonitoringData/ELDON8_Data/Week16\ELDON8_20250428_200202.wav
2484.0,2487.0,Geothlypis trichas,Common Yellowthroat,0.0131,D:/AcousticMonitoringData/ELDON8_Data/Week16\ELDON8_20250428_200202.wav
2487.0,2490.0,Geothlypis trichas,Common Yellowthroat,0.0338,D:/AcousticMonitoringData/ELDON8_Data/Week16\ELDON8_20250428_200202.wav
2499.0,2502.0,Geothlypis trichas,Common Yellowthroat,0.0152,D:/AcousticMonitoringData/ELDON8_Data/Week16\ELDON8_20250428_200202.wav
2505.0,2508.0,Geothlypis trichas,Common Yellowthroat,0.0308,D:/AcousticMonitoringData/ELDON8_Data/Week16\ELDON8_20250428_200202.wav
2526.0,2529.0,Geothlypis trichas,Common Yellowthroat,0.0152,D:/AcousticMonitoringData/ELDON8_Data/Week16\ELDON8_20250428_200202.wav
2532.0,2535.0,Geothlypis trichas,Common Yellowthroat,0.0121,D:/AcousticMonitoringData/ELDON8_Data/Week16\ELDON8_20250428_200202.wav
2535.0,2538.0,Melospiza melodia,Song Sparrow,0.0135,D:/AcousticMonitoringData/ELDON8_Data/Week16\ELDON8_20250428_200202.wav
2571.0,2574.0,Geothlypis trichas,Common Yellowthroat,0.0113,D:/AcousticMonitoringData/ELDON8_Data/Week16\ELDON8_20250428_200202.wav
2574.0,2577.0,Geothlypis trichas,Common Yellowthroat,0.0263,D:/AcousticMonitoringData/ELDON8_Data/Week16\ELDON8_20250428_200202.wav
2577.0,2580.0,Geothlypis trichas,Common Yellowthroat,0.0138,D:/AcousticMonitoringData/ELDON8_Data/Week16\ELDON8_20250428_200202.wav
2580.0,2583.0,Geothlypis trichas,Common Yellowthroat,0.0296,D:/AcousticMonitoringData/ELDON8_Data/Week16\ELDON8_20250428_200202.wav
2580.0,2583.0,Melospiza melodia,Song Sparrow,0.0147,D:/AcousticMonitoringData/ELDON8_Data/Week16\ELDON8_20250428_200202.wav
2583.0,2586.0,Geothlypis trichas,Common Yellowthroat,0.0127,D:/AcousticMonitoringData/ELDON8_Data/Week16\ELDON8_20250428_200202.wav
2595.0,2598.0,Geothlypis trichas,Common Yellowthroat,0.0149,D:/AcousticMonitoringData/ELDON8_Data/Week16\ELDON8_20250428_200202.wav
2604.0,2607.0,Geothlypis trichas,Common Yellowthroat,0.0148,D:/AcousticMonitoringData/ELDON8_Data/Week16\ELDON8_20250428_200202.wav
2607.0,2610.0,Geothlypis trichas,Common Yellowthroat,0.0110,D:/AcousticMonitoringData/ELDON8_Data/Week16\ELDON8_20250428_200202.wav
2610.0,2613.0,Geothlypis trichas,Common Yellowthroat,0.0155,D:/AcousticMonitoringData/ELDON8_Data/Week16\ELDON8_20250428_200202.wav
2613.0,2616.0,Geothlypis trichas,Common Yellowthroat,0.0300,D:/AcousticMonitoringData/ELDON8_Data/Week16\ELDON8_20250428_200202.wav
2619.0,2622.0,Geothlypis trichas,Common Yellowthroat,0.0154,D:/AcousticMonitoringData/ELDON8_Data/Week16\ELDON8_20250428_200202.wav
2625.0,2628.0,Geothlypis trichas,Common Yellowthroat,0.0433,D:/AcousticMonitoringData/ELDON8_Data/Week16\ELDON8_20250428_200202.wav
2625.0,2628.0,Melospiza melodia,Song Sparrow,0.0201,D:/AcousticMonitoringData/ELDON8_Data/Week16\ELDON8_20250428_200202.wav
2628.0,2631.0,Geothlypis trichas,Common Yellowthroat,0.0270,D:/AcousticMonitoringData/ELDON8_Data/Week16\ELDON8_20250428_200202.wav
2628.0,2631.0,Melospiza melodia,Song Sparrow,0.0233,D:/AcousticMonitoringData/ELDON8_Data/Week16\ELDON8_20250428_200202.wav
2631.0,2634.0,Geothlypis trichas,Common Yellowthroat,0.0541,D:/AcousticMonitoringData/ELDON8_Data/Week16\ELDON8_20250428_200202.wav
2634.0,2637.0,Geothlypis trichas,Common Yellowthroat,0.0102,D:/AcousticMonitoringData/ELDON8_Data/Week16\ELDON8_20250428_200202.wav
2640.0,2643.0,Geothlypis trichas,Common Yellowthroat,0.0145,D:/AcousticMonitoringData/ELDON8_Data/Week16\ELDON8_20250428_200202.wav
2643.0,2646.0,Geothlypis trichas,Common Yellowthroat,0.0272,D:/AcousticMonitoringData/ELDON8_Data/Week16\ELDON8_20250428_200202.wav
2646.0,2649.0,Geothlypis trichas,Common Yellowthroat,0.0224,D:/AcousticMonitoringData/ELDON8_Data/Week16\ELDON8_20250428_200202.wav
2655.0,2658.0,Geothlypis trichas,Common Yellowthroat,0.0149,D:/AcousticMonitoringData/ELDON8_Data/Week16\ELDON8_20250428_200202.wav
2658.0,2661.0,Geothlypis trichas,Common Yellowthroat,0.0253,D:/AcousticMonitoringData/ELDON8_Data/Week16\ELDON8_20250428_200202.wav
2658.0,2661.0,Melospiza melodia,Song Sparrow,0.0182,D:/AcousticMonitoringData/ELDON8_Data/Week16\ELDON8_20250428_200202.wav
2661.0,2664.0,Geothlypis trichas,Common Yellowthroat,0.0267,D:/AcousticMonitoringData/ELDON8_Data/Week16\ELDON8_20250428_200202.wav
2664.0,2667.0,Geothlypis trichas,Common Yellowthroat,0.0119,D:/AcousticMonitoringData/ELDON8_Data/Week16\ELDON8_20250428_200202.wav
2667.0,2670.0,Geothlypis trichas,Common Yellowthroat,0.0101,D:/AcousticMonitoringData/ELDON8_Data/Week16\ELDON8_20250428_200202.wav
2697.0,2700.0,Geothlypis trichas,Common Yellowthroat,0.0375,D:/AcousticMonitoringData/ELDON8_Data/Week16\ELDON8_20250428_200202.wav
2706.0,2709.0,Geothlypis trichas,Common Yellowthroat,0.0286,D:/AcousticMonitoringData/ELDON8_Data/Week16\ELDON8_20250428_200202.wav
2709.0,2712.0,Geothlypis trichas,Common Yellowthroat,0.0160,D:/AcousticMonitoringData/ELDON8_Data/Week16\ELDON8_20250428_200202.wav
2721.0,2724.0,Geothlypis trichas,Common Yellowthroat,0.0123,D:/AcousticMonitoringData/ELDON8_Data/Week16\ELDON8_20250428_200202.wav
2754.0,2757.0,Geothlypis trichas,Common Yellowthroat,0.0153,D:/AcousticMonitoringData/ELDON8_Data/Week16\ELDON8_20250428_200202.wav
2757.0,2760.0,Geothlypis trichas,Common Yellowthroat,0.0178,D:/AcousticMonitoringData/ELDON8_Data/Week16\ELDON8_20250428_200202.wav
2763.0,2766.0,Geothlypis trichas,Common Yellowthroat,0.0121,D:/AcousticMonitoringData/ELDON8_Data/Week16\ELDON8_20250428_200202.wav
2766.0,2769.0,Geothlypis trichas,Common Yellowthroat,0.0176,D:/AcousticMonitoringData/ELDON8_Data/Week16\ELDON8_20250428_200202.wav
2775.0,2778.0,Geothlypis trichas,Common Yellowthroat,0.0118,D:/AcousticMonitoringData/ELDON8_Data/Week16\ELDON8_20250428_200202.wav
2778.0,2781.0,Geothlypis trichas,Common Yellowthroat,0.0190,D:/AcousticMonitoringData/ELDON8_Data/Week16\ELDON8_20250428_200202.wav
2781.0,2784.0,Geothlypis trichas,Common Yellowthroat,0.0140,D:/AcousticMonitoringData/ELDON8_Data/Week16\ELDON8_20250428_200202.wav
2784.0,2787.0,Geothlypis trichas,Common Yellowthroat,0.0205,D:/AcousticMonitoringData/ELDON8_Data/Week16\ELDON8_20250428_200202.wav
2793.0,2796.0,Geothlypis trichas,Common Yellowthroat,0.0139,D:/AcousticMonitoringData/ELDON8_Data/Week16\ELDON8_20250428_200202.wav
2793.0,2796.0,Melospiza melodia,Song Sparrow,0.0107,D:/AcousticMonitoringData/ELDON8_Data/Week16\ELDON8_20250428_200202.wav
2796.0,2799.0,Geothlypis trichas,Common Yellowthroat,0.0180,D:/AcousticMonitoringData/ELDON8_Data/Week16\ELDON8_20250428_200202.wav
2814.0,2817.0,Geothlypis trichas,Common Yellowthroat,0.0192,D:/AcousticMonitoringData/ELDON8_Data/Week16\ELDON8_20250428_200202.wav
2820.0,2823.0,Geothlypis trichas,Common Yellowthroat,0.0103,D:/AcousticMonitoringData/ELDON8_Data/Week16\ELDON8_20250428_200202.wav
2826.0,2829.0,Geothlypis trichas,Common Yellowthroat,0.0103,D:/AcousticMonitoringData/ELDON8_Data/Week16\ELDON8_20250428_200202.wav
2844.0,2847.0,Geothlypis trichas,Common Yellowthroat,0.0136,D:/AcousticMonitoringData/ELDON8_Data/Week16\ELDON8_20250428_200202.wav
2847.0,2850.0,Geothlypis trichas,Common Yellowthroat,0.0131,D:/AcousticMonitoringData/ELDON8_Data/Week16\ELDON8_20250428_200202.wav
2850.0,2853.0,Geothlypis trichas,Common Yellowthroat,0.0122,D:/AcousticMonitoringData/ELDON8_Data/Week16\ELDON8_20250428_200202.wav
2853.0,2856.0,Geothlypis trichas,Common Yellowthroat,0.0454,D:/AcousticMonitoringData/ELDON8_Data/Week16\ELDON8_20250428_200202.wav
2856.0,2859.0,Geothlypis trichas,Common Yellowthroat,0.0635,D:/AcousticMonitoringData/ELDON8_Data/Week16\ELDON8_20250428_200202.wav
2859.0,2862.0,Geothlypis trichas,Common Yellowthroat,0.0204,D:/AcousticMonitoringData/ELDON8_Data/Week16\ELDON8_20250428_200202.wav
2868.0,2871.0,Geothlypis trichas,Common Yellowthroat,0.0446,D:/AcousticMonitoringData/ELDON8_Data/Week16\ELDON8_20250428_200202.wav
2871.0,2874.0,Geothlypis trichas,Common Yellowthroat,0.0732,D:/AcousticMonitoringData/ELDON8_Data/Week16\ELDON8_20250428_200202.wav
2871.0,2874.0,Melospiza melodia,Song Sparrow,0.0105,D:/AcousticMonitoringData/ELDON8_Data/Week16\ELDON8_20250428_200202.wav
2874.0,2877.0,Geothlypis trichas,Common Yellowthroat,0.0782,D:/AcousticMonitoringData/ELDON8_Data/Week16\ELDON8_20250428_200202.wav
2910.0,2913.0,Geothlypis trichas,Common Yellowthroat,0.0151,D:/AcousticMonitoringData/ELDON8_Data/Week16\ELDON8_20250428_200202.wav
2928.0,2931.0,Geothlypis trichas,Common Yellowthroat,0.0168,D:/AcousticMonitoringData/ELDON8_Data/Week16\ELDON8_20250428_200202.wav
2982.0,2985.0,Geothlypis trichas,Common Yellowthroat,0.0350,D:/AcousticMonitoringData/ELDON8_Data/Week16\ELDON8_20250428_200202.wav
2985.0,2988.0,Geothlypis trichas,Common Yellowthroat,0.0106,D:/AcousticMonitoringData/ELDON8_Data/Week16\ELDON8_20250428_200202.wav
3030.0,3033.0,Geothlypis trichas,Common Yellowthroat,0.0163,D:/AcousticMonitoringData/ELDON8_Data/Week16\ELDON8_20250428_200202.wav
3033.0,3036.0,Geothlypis trichas,Common Yellowthroat,0.0138,D:/AcousticMonitoringData/ELDON8_Data/Week16\ELDON8_20250428_200202.wav
3036.0,3039.0,Geothlypis trichas,Common Yellowthroat,0.0126,D:/AcousticMonitoringData/ELDON8_Data/Week16\ELDON8_20250428_200202.wav
3045.0,3048.0,Geothlypis trichas,Common Yellowthroat,0.0105,D:/AcousticMonitoringData/ELDON8_Data/Week16\ELDON8_20250428_200202.wav
3054.0,3057.0,Geothlypis trichas,Common Yellowthroat,0.0151,D:/AcousticMonitoringData/ELDON8_Data/Week16\ELDON8_20250428_200202.wav
3081.0,3084.0,Geothlypis trichas,Common Yellowthroat,0.0153,D:/AcousticMonitoringData/ELDON8_Data/Week16\ELDON8_20250428_200202.wav
3084.0,3087.0,Geothlypis trichas,Common Yellowthroat,0.0210,D:/AcousticMonitoringData/ELDON8_Data/Week16\ELDON8_20250428_200202.wav
3093.0,3096.0,Geothlypis trichas,Common Yellowthroat,0.0325,D:/AcousticMonitoringData/ELDON8_Data/Week16\ELDON8_20250428_200202.wav
3120.0,3123.0,Geothlypis trichas,Common Yellowthroat,0.0160,D:/AcousticMonitoringData/ELDON8_Data/Week16\ELDON8_20250428_200202.wav
3138.0,3141.0,Spizella pusilla,Field Sparrow,0.8338,D:/AcousticMonitoringData/ELDON8_Data/Week16\ELDON8_20250428_200202.wav
3141.0,3144.0,Spizella pusilla,Field Sparrow,0.0630,D:/AcousticMonitoringData/ELDON8_Data/Week16\ELDON8_20250428_200202.wav
3147.0,3150.0,Geothlypis trichas,Common Yellowthroat,0.0274,D:/AcousticMonitoringData/ELDON8_Data/Week16\ELDON8_20250428_200202.wav
3147.0,3150.0,Melospiza melodia,Song Sparrow,0.0167,D:/AcousticMonitoringData/ELDON8_Data/Week16\ELDON8_20250428_200202.wav
3207.0,3210.0,Geothlypis trichas,Common Yellowthroat,0.0116,D:/AcousticMonitoringData/ELDON8_Data/Week16\ELDON8_20250428_200202.wav
3243.0,3246.0,Geothlypis trichas,Common Yellowthroat,0.0113,D:/AcousticMonitoringData/ELDON8_Data/Week16\ELDON8_20250428_200202.wav
3246.0,3249.0,Geothlypis trichas,Common Yellowthroat,0.0174,D:/AcousticMonitoringData/ELDON8_Data/Week16\ELDON8_20250428_200202.wav
3264.0,3267.0,Geothlypis trichas,Common Yellowthroat,0.0194,D:/AcousticMonitoringData/ELDON8_Data/Week16\ELDON8_20250428_200202.wav
3282.0,3285.0,Geothlypis trichas,Common Yellowthroat,0.0120,D:/AcousticMonitoringData/ELDON8_Data/Week16\ELDON8_20250428_200202.wav
3288.0,3291.0,Spizella pusilla,Field Sparrow,0.2356,D:/AcousticMonitoringData/ELDON8_Data/Week16\ELDON8_20250428_200202.wav
3291.0,3294.0,Spizella pusilla,Field Sparrow,0.0287,D:/AcousticMonitoringData/ELDON8_Data/Week16\ELDON8_20250428_200202.wav
3312.0,3315.0,Geothlypis trichas,Common Yellowthroat,0.0109,D:/AcousticMonitoringData/ELDON8_Data/Week16\ELDON8_20250428_200202.wav
3321.0,3324.0,Geothlypis trichas,Common Yellowthroat,0.0210,D:/AcousticMonitoringData/ELDON8_Data/Week16\ELDON8_20250428_200202.wav
3327.0,3330.0,Geothlypis trichas,Common Yellowthroat,0.0118,D:/AcousticMonitoringData/ELDON8_Data/Week16\ELDON8_20250428_200202.wav
3330.0,3333.0,Geothlypis trichas,Common Yellowthroat,0.0206,D:/AcousticMonitoringData/ELDON8_Data/Week16\ELDON8_20250428_200202.wav
3339.0,3342.0,Geothlypis trichas,Common Yellowthroat,0.0209,D:/AcousticMonitoringData/ELDON8_Data/Week16\ELDON8_20250428_200202.wav
3348.0,3351.0,Geothlypis trichas,Common Yellowthroat,0.0103,D:/AcousticMonitoringData/ELDON8_Data/Week16\ELDON8_20250428_200202.wav
3357.0,3360.0,Geothlypis trichas,Common Yellowthroat,0.0101,D:/AcousticMonitoringData/ELDON8_Data/Week16\ELDON8_20250428_200202.wav
3375.0,3378.0,Geothlypis trichas,Common Yellowthroat,0.0116,D:/AcousticMonitoringData/ELDON8_Data/Week16\ELDON8_20250428_200202.wav
3381.0,3384.0,Geothlypis trichas,Common Yellowthroat,0.0104,D:/AcousticMonitoringData/ELDON8_Data/Week16\ELDON8_20250428_200202.wav
3381.0,3384.0,Melospiza melodia,Song Sparrow,0.0103,D:/AcousticMonitoringData/ELDON8_Data/Week16\ELDON8_20250428_200202.wav
3387.0,3390.0,Geothlypis trichas,Common Yellowthroat,0.0129,D:/AcousticMonitoringData/ELDON8_Data/Week16\ELDON8_20250428_200202.wav
3390.0,3393.0,Geothlypis trichas,Common Yellowthroat,0.0109,D:/AcousticMonitoringData/ELDON8_Data/Week16\ELDON8_20250428_200202.wav
3393.0,3396.0,Geothlypis trichas,Common Yellowthroat,0.0162,D:/AcousticMonitoringData/ELDON8_Data/Week16\ELDON8_20250428_200202.wav
3396.0,3399.0,Geothlypis trichas,Common Yellowthroat,0.0597,D:/AcousticMonitoringData/ELDON8_Data/Week16\ELDON8_20250428_200202.wav
3399.0,3402.0,Geothlypis trichas,Common Yellowthroat,0.0360,D:/AcousticMonitoringData/ELDON8_Data/Week16\ELDON8_20250428_200202.wav
3402.0,3405.0,Geothlypis trichas,Common Yellowthroat,0.0371,D:/AcousticMonitoringData/ELDON8_Data/Week16\ELDON8_20250428_200202.wav
3405.0,3408.0,Geothlypis trichas,Common Yellowthroat,0.0346,D:/AcousticMonitoringData/ELDON8_Data/Week16\ELDON8_20250428_200202.wav
3408.0,3411.0,Geothlypis trichas,Common Yellowthroat,0.0176,D:/AcousticMonitoringData/ELDON8_Data/Week16\ELDON8_20250428_200202.wav
3414.0,3417.0,Geothlypis trichas,Common Yellowthroat,0.0335,D:/AcousticMonitoringData/ELDON8_Data/Week16\ELDON8_20250428_200202.wav
3417.0,3420.0,Geothlypis trichas,Common Yellowthroat,0.0781,D:/AcousticMonitoringData/ELDON8_Data/Week16\ELDON8_20250428_200202.wav
3420.0,3423.0,Geothlypis trichas,Common Yellowthroat,0.0655,D:/AcousticMonitoringData/ELDON8_Data/Week16\ELDON8_20250428_200202.wav
3423.0,3426.0,Geothlypis trichas,Common Yellowthroat,0.0405,D:/AcousticMonitoringData/ELDON8_Data/Week16\ELDON8_20250428_200202.wav
3423.0,3426.0,Melospiza melodia,Song Sparrow,0.0147,D:/AcousticMonitoringData/ELDON8_Data/Week16\ELDON8_20250428_200202.wav
3426.0,3429.0,Geothlypis trichas,Common Yellowthroat,0.1086,D:/AcousticMonitoringData/ELDON8_Data/Week16\ELDON8_20250428_200202.wav
3426.0,3429.0,Melospiza melodia,Song Sparrow,0.0152,D:/AcousticMonitoringData/ELDON8_Data/Week16\ELDON8_20250428_200202.wav
3429.0,3432.0,Geothlypis trichas,Common Yellowthroat,0.1144,D:/AcousticMonitoringData/ELDON8_Data/Week16\ELDON8_20250428_200202.wav
3432.0,3435.0,Geothlypis trichas,Common Yellowthroat,0.1247,D:/AcousticMonitoringData/ELDON8_Data/Week16\ELDON8_20250428_200202.wav
3432.0,3435.0,Melospiza melodia,Song Sparrow,0.0125,D:/AcousticMonitoringData/ELDON8_Data/Week16\ELDON8_20250428_200202.wav
3435.0,3438.0,Geothlypis trichas,Common Yellowthroat,0.0523,D:/AcousticMonitoringData/ELDON8_Data/Week16\ELDON8_20250428_200202.wav
3438.0,3441.0,Geothlypis trichas,Common Yellowthroat,0.0357,D:/AcousticMonitoringData/ELDON8_Data/Week16\ELDON8_20250428_200202.wav
3444.0,3447.0,Geothlypis trichas,Common Yellowthroat,0.0228,D:/AcousticMonitoringData/ELDON8_Data/Week16\ELDON8_20250428_200202.wav
3447.0,3450.0,Geothlypis trichas,Common Yellowthroat,0.0122,D:/AcousticMonitoringData/ELDON8_Data/Week16\ELDON8_20250428_200202.wav
3450.0,3453.0,Geothlypis trichas,Common Yellowthroat,0.0120,D:/AcousticMonitoringData/ELDON8_Data/Week16\ELDON8_20250428_200202.wav
3453.0,3456.0,Geothlypis trichas,Common Yellowthroat,0.0744,D:/AcousticMonitoringData/ELDON8_Data/Week16\ELDON8_20250428_200202.wav
3456.0,3459.0,Geothlypis trichas,Common Yellowthroat,0.0206,D:/AcousticMonitoringData/ELDON8_Data/Week16\ELDON8_20250428_200202.wav
3459.0,3462.0,Geothlypis trichas,Common Yellowthroat,0.0134,D:/AcousticMonitoringData/ELDON8_Data/Week16\ELDON8_20250428_200202.wav
3462.0,3465.0,Geothlypis trichas,Common Yellowthroat,0.0110,D:/AcousticMonitoringData/ELDON8_Data/Week16\ELDON8_20250428_200202.wav
3465.0,3468.0,Geothlypis trichas,Common Yellowthroat,0.0116,D:/AcousticMonitoringData/ELDON8_Data/Week16\ELDON8_20250428_200202.wav
3468.0,3471.0,Geothlypis trichas,Common Yellowthroat,0.0262,D:/AcousticMonitoringData/ELDON8_Data/Week16\ELDON8_20250428_200202.wav
3471.0,3474.0,Geothlypis trichas,Common Yellowthroat,0.0175,D:/AcousticMonitoringData/ELDON8_Data/Week16\ELDON8_20250428_200202.wav
3480.0,3483.0,Geothlypis trichas,Common Yellowthroat,0.0211,D:/AcousticMonitoringData/ELDON8_Data/Week16\ELDON8_20250428_200202.wav
3486.0,3489.0,Geothlypis trichas,Common Yellowthroat,0.0134,D:/AcousticMonitoringData/ELDON8_Data/Week16\ELDON8_20250428_200202.wav
3528.0,3531.0,Geothlypis trichas,Common Yellowthroat,0.0118,D:/AcousticMonitoringData/ELDON8_Data/Week16\ELDON8_20250428_200202.wav
