Start (s),End (s),Scientific name,Common name,Confidence,File
0,3.0,Sturnella magna,Eastern Meadowlark,0.1446,D:/AcousticMonitoringData/ELDON3_Data/Week16\ELDON3_20250422_185600.wav
0,3.0,Bartramia longicauda,Upland Sandpiper,0.0130,D:/AcousticMonitoringData/ELDON3_Data/Week16\ELDON3_20250422_185600.wav
0,3.0,Spizella pusilla,Field Sparrow,0.0130,D:/AcousticMonitoringData/ELDON3_Data/Week16\ELDON3_20250422_185600.wav
6.0,9.0,Sturnella magna,Eastern Meadowlark,0.0620,D:/AcousticMonitoringData/ELDON3_Data/Week16\ELDON3_20250422_185600.wav
6.0,9.0,Eremophila alpestris,Horned Lark,0.0138,D:/AcousticMonitoringData/ELDON3_Data/Week16\ELDON3_20250422_185600.wav
9.0,12.0,Eremophila alpestris,Horned Lark,0.0158,D:/AcousticMonitoringData/ELDON3_Data/Week16\ELDON3_20250422_185600.wav
12.0,15.0,Eremophila alpestris,Horned Lark,0.0227,D:/AcousticMonitoringData/ELDON3_Data/Week16\ELDON3_20250422_185600.wav
15.0,18.0,Sturnella magna,Eastern Meadowlark,0.1423,D:/AcousticMonitoringData/ELDON3_Data/Week16\ELDON3_20250422_185600.wav
15.0,18.0,Bartramia longicauda,Upland Sandpiper,0.0534,D:/AcousticMonitoringData/ELDON3_Data/Week16\ELDON3_20250422_185600.wav
15.0,18.0,Eremophila alpestris,Horned Lark,0.0133,D:/AcousticMonitoringData/ELDON3_Data/Week16\ELDON3_20250422_185600.wav
18.0,21.0,Sturnella magna,Eastern Meadowlark,0.5543,D:/AcousticMonitoringData/ELDON3_Data/Week16\ELDON3_20250422_185600.wav
18.0,21.0,Bartramia longicauda,Upland Sandpiper,0.0125,D:/AcousticMonitoringData/ELDON3_Data/Week16\ELDON3_20250422_185600.wav
21.0,24.0,Eremophila alpestris,Horned Lark,0.0149,D:/AcousticMonitoringData/ELDON3_Data/Week16\ELDON3_20250422_185600.wav
24.0,27.0,Eremophila alpestris,Horned Lark,0.0119,D:/AcousticMonitoringData/ELDON3_Data/Week16\ELDON3_20250422_185600.wav
27.0,30.0,Eremophila alpestris,Horned Lark,0.0497,D:/AcousticMonitoringData/ELDON3_Data/Week16\ELDON3_20250422_185600.wav
27.0,30.0,Bartramia longicauda,Upland Sandpiper,0.0100,D:/AcousticMonitoringData/ELDON3_Data/Week16\ELDON3_20250422_185600.wav
30.0,33.0,Sturnella magna,Eastern Meadowlark,0.2296,D:/AcousticMonitoringData/ELDON3_Data/Week16\ELDON3_20250422_185600.wav
33.0,36.0,Sturnella magna,Eastern Meadowlark,0.0148,D:/AcousticMonitoringData/ELDON3_Data/Week16\ELDON3_20250422_185600.wav
36.0,39.0,Eremophila alpestris,Horned Lark,0.0105,D:/AcousticMonitoringData/ELDON3_Data/Week16\ELDON3_20250422_185600.wav
39.0,42.0,Sturnella magna,Eastern Meadowlark,0.5271,D:/AcousticMonitoringData/ELDON3_Data/Week16\ELDON3_20250422_185600.wav
39.0,42.0,Bartramia longicauda,Upland Sandpiper,0.0117,D:/AcousticMonitoringData/ELDON3_Data/Week16\ELDON3_20250422_185600.wav
42.0,45.0,Sturnella magna,Eastern Meadowlark,0.2045,D:/AcousticMonitoringData/ELDON3_Data/Week16\ELDON3_20250422_185600.wav
42.0,45.0,Eremophila alpestris,Horned Lark,0.0172,D:/AcousticMonitoringData/ELDON3_Data/Week16\ELDON3_20250422_185600.wav
42.0,45.0,Bartramia longicauda,Upland Sandpiper,0.0166,D:/AcousticMonitoringData/ELDON3_Data/Week16\ELDON3_20250422_185600.wav
45.0,48.0,Eremophila alpestris,Horned Lark,0.0266,D:/AcousticMonitoringData/ELDON3_Data/Week16\ELDON3_20250422_185600.wav
48.0,51.0,Sturnella magna,Eastern Meadowlark,0.0235,D:/AcousticMonitoringData/ELDON3_Data/Week16\ELDON3_20250422_185600.wav
48.0,51.0,Eremophila alpestris,Horned Lark,0.0144,D:/AcousticMonitoringData/ELDON3_Data/Week16\ELDON3_20250422_185600.wav
51.0,54.0,Sturnella magna,Eastern Meadowlark,0.0573,D:/AcousticMonitoringData/ELDON3_Data/Week16\ELDON3_20250422_185600.wav
54.0,57.0,Eremophila alpestris,Horned Lark,0.0506,D:/AcousticMonitoringData/ELDON3_Data/Week16\ELDON3_20250422_185600.wav
57.0,60.0,Eremophila alpestris,Horned Lark,0.0238,D:/AcousticMonitoringData/ELDON3_Data/Week16\ELDON3_20250422_185600.wav
60.0,63.0,Eremophila alpestris,Horned Lark,0.0264,D:/AcousticMonitoringData/ELDON3_Data/Week16\ELDON3_20250422_185600.wav
66.0,69.0,Sturnella magna,Eastern Meadowlark,0.0352,D:/AcousticMonitoringData/ELDON3_Data/Week16\ELDON3_20250422_185600.wav
66.0,69.0,Eremophila alpestris,Horned Lark,0.0138,D:/AcousticMonitoringData/ELDON3_Data/Week16\ELDON3_20250422_185600.wav
66.0,69.0,Bartramia longicauda,Upland Sandpiper,0.0120,D:/AcousticMonitoringData/ELDON3_Data/Week16\ELDON3_20250422_185600.wav
72.0,75.0,Sturnella magna,Eastern Meadowlark,0.0501,D:/AcousticMonitoringData/ELDON3_Data/Week16\ELDON3_20250422_185600.wav
75.0,78.0,Eremophila alpestris,Horned Lark,0.0161,D:/AcousticMonitoringData/ELDON3_Data/Week16\ELDON3_20250422_185600.wav
78.0,81.0,Eremophila alpestris,Horned Lark,0.0275,D:/AcousticMonitoringData/ELDON3_Data/Week16\ELDON3_20250422_185600.wav
84.0,87.0,Eremophila alpestris,Horned Lark,0.0146,D:/AcousticMonitoringData/ELDON3_Data/Week16\ELDON3_20250422_185600.wav
84.0,87.0,Bartramia longicauda,Upland Sandpiper,0.0106,D:/AcousticMonitoringData/ELDON3_Data/Week16\ELDON3_20250422_185600.wav
87.0,90.0,Eremophila alpestris,Horned Lark,0.0256,D:/AcousticMonitoringData/ELDON3_Data/Week16\ELDON3_20250422_185600.wav
87.0,90.0,Sturnella magna,Eastern Meadowlark,0.0110,D:/AcousticMonitoringData/ELDON3_Data/Week16\ELDON3_20250422_185600.wav
99.0,102.0,Spizella pusilla,Field Sparrow,0.0172,D:/AcousticMonitoringData/ELDON3_Data/Week16\ELDON3_20250422_185600.wav
108.0,111.0,Geothlypis trichas,Common Yellowthroat,0.0161,D:/AcousticMonitoringData/ELDON3_Data/Week16\ELDON3_20250422_185600.wav
114.0,117.0,Eremophila alpestris,Horned Lark,0.0191,D:/AcousticMonitoringData/ELDON3_Data/Week16\ELDON3_20250422_185600.wav
114.0,117.0,Bartramia longicauda,Upland Sandpiper,0.0179,D:/AcousticMonitoringData/ELDON3_Data/Week16\ELDON3_20250422_185600.wav
114.0,117.0,Sturnella magna,Eastern Meadowlark,0.0156,D:/AcousticMonitoringData/ELDON3_Data/Week16\ELDON3_20250422_185600.wav
117.0,120.0,Bartramia longicauda,Upland Sandpiper,0.0142,D:/AcousticMonitoringData/ELDON3_Data/Week16\ELDON3_20250422_185600.wav
120.0,123.0,Bartramia longicauda,Upland Sandpiper,0.0930,D:/AcousticMonitoringData/ELDON3_Data/Week16\ELDON3_20250422_185600.wav
123.0,126.0,Bartramia longicauda,Upland Sandpiper,0.0353,D:/AcousticMonitoringData/ELDON3_Data/Week16\ELDON3_20250422_185600.wav
123.0,126.0,Sturnella magna,Eastern Meadowlark,0.0205,D:/AcousticMonitoringData/ELDON3_Data/Week16\ELDON3_20250422_185600.wav
123.0,126.0,Eremophila alpestris,Horned Lark,0.0192,D:/AcousticMonitoringData/ELDON3_Data/Week16\ELDON3_20250422_185600.wav
126.0,129.0,Eremophila alpestris,Horned Lark,0.0308,D:/AcousticMonitoringData/ELDON3_Data/Week16\ELDON3_20250422_185600.wav
126.0,129.0,Sturnella magna,Eastern Meadowlark,0.0237,D:/AcousticMonitoringData/ELDON3_Data/Week16\ELDON3_20250422_185600.wav
129.0,132.0,Sturnella magna,Eastern Meadowlark,0.0178,D:/AcousticMonitoringData/ELDON3_Data/Week16\ELDON3_20250422_185600.wav
129.0,132.0,Eremophila alpestris,Horned Lark,0.0124,D:/AcousticMonitoringData/ELDON3_Data/Week16\ELDON3_20250422_185600.wav
132.0,135.0,Eremophila alpestris,Horned Lark,0.0347,D:/AcousticMonitoringData/ELDON3_Data/Week16\ELDON3_20250422_185600.wav
132.0,135.0,Sturnella magna,Eastern Meadowlark,0.0182,D:/AcousticMonitoringData/ELDON3_Data/Week16\ELDON3_20250422_185600.wav
135.0,138.0,Bartramia longicauda,Upland Sandpiper,0.0149,D:/AcousticMonitoringData/ELDON3_Data/Week16\ELDON3_20250422_185600.wav
138.0,141.0,Sturnella magna,Eastern Meadowlark,0.0110,D:/AcousticMonitoringData/ELDON3_Data/Week16\ELDON3_20250422_185600.wav
141.0,144.0,Sturnella magna,Eastern Meadowlark,0.0216,D:/AcousticMonitoringData/ELDON3_Data/Week16\ELDON3_20250422_185600.wav
141.0,144.0,Spizella pusilla,Field Sparrow,0.0130,D:/AcousticMonitoringData/ELDON3_Data/Week16\ELDON3_20250422_185600.wav
141.0,144.0,Passerina caerulea,Blue Grosbeak,0.0112,D:/AcousticMonitoringData/ELDON3_Data/Week16\ELDON3_20250422_185600.wav
147.0,150.0,Passerina caerulea,Blue Grosbeak,0.0200,D:/AcousticMonitoringData/ELDON3_Data/Week16\ELDON3_20250422_185600.wav
147.0,150.0,Spizella pusilla,Field Sparrow,0.0166,D:/AcousticMonitoringData/ELDON3_Data/Week16\ELDON3_20250422_185600.wav
147.0,150.0,Sturnella magna,Eastern Meadowlark,0.0149,D:/AcousticMonitoringData/ELDON3_Data/Week16\ELDON3_20250422_185600.wav
150.0,153.0,Sturnella magna,Eastern Meadowlark,0.0409,D:/AcousticMonitoringData/ELDON3_Data/Week16\ELDON3_20250422_185600.wav
150.0,153.0,Spizella pusilla,Field Sparrow,0.0394,D:/AcousticMonitoringData/ELDON3_Data/Week16\ELDON3_20250422_185600.wav
150.0,153.0,Passerina caerulea,Blue Grosbeak,0.0181,D:/AcousticMonitoringData/ELDON3_Data/Week16\ELDON3_20250422_185600.wav
153.0,156.0,Sturnella magna,Eastern Meadowlark,0.0185,D:/AcousticMonitoringData/ELDON3_Data/Week16\ELDON3_20250422_185600.wav
153.0,156.0,Spizella pusilla,Field Sparrow,0.0111,D:/AcousticMonitoringData/ELDON3_Data/Week16\ELDON3_20250422_185600.wav
159.0,162.0,Sturnella magna,Eastern Meadowlark,0.0112,D:/AcousticMonitoringData/ELDON3_Data/Week16\ELDON3_20250422_185600.wav
174.0,177.0,Geothlypis trichas,Common Yellowthroat,0.0219,D:/AcousticMonitoringData/ELDON3_Data/Week16\ELDON3_20250422_185600.wav
174.0,177.0,Sturnella magna,Eastern Meadowlark,0.0146,D:/AcousticMonitoringData/ELDON3_Data/Week16\ELDON3_20250422_185600.wav
174.0,177.0,Spizella pusilla,Field Sparrow,0.0106,D:/AcousticMonitoringData/ELDON3_Data/Week16\ELDON3_20250422_185600.wav
177.0,180.0,Geothlypis trichas,Common Yellowthroat,0.0176,D:/AcousticMonitoringData/ELDON3_Data/Week16\ELDON3_20250422_185600.wav
180.0,183.0,Sturnella magna,Eastern Meadowlark,0.0128,D:/AcousticMonitoringData/ELDON3_Data/Week16\ELDON3_20250422_185600.wav
180.0,183.0,Bartramia longicauda,Upland Sandpiper,0.0103,D:/AcousticMonitoringData/ELDON3_Data/Week16\ELDON3_20250422_185600.wav
183.0,186.0,Geothlypis trichas,Common Yellowthroat,0.0167,D:/AcousticMonitoringData/ELDON3_Data/Week16\ELDON3_20250422_185600.wav
195.0,198.0,Melospiza melodia,Song Sparrow,0.0108,D:/AcousticMonitoringData/ELDON3_Data/Week16\ELDON3_20250422_185600.wav
198.0,201.0,Sturnella magna,Eastern Meadowlark,0.0156,D:/AcousticMonitoringData/ELDON3_Data/Week16\ELDON3_20250422_185600.wav
198.0,201.0,Passerina caerulea,Blue Grosbeak,0.0143,D:/AcousticMonitoringData/ELDON3_Data/Week16\ELDON3_20250422_185600.wav
198.0,201.0,Eremophila alpestris,Horned Lark,0.0106,D:/AcousticMonitoringData/ELDON3_Data/Week16\ELDON3_20250422_185600.wav
201.0,204.0,Sturnella magna,Eastern Meadowlark,0.0268,D:/AcousticMonitoringData/ELDON3_Data/Week16\ELDON3_20250422_185600.wav
201.0,204.0,Eremophila alpestris,Horned Lark,0.0176,D:/AcousticMonitoringData/ELDON3_Data/Week16\ELDON3_20250422_185600.wav
207.0,210.0,Sturnella magna,Eastern Meadowlark,0.1485,D:/AcousticMonitoringData/ELDON3_Data/Week16\ELDON3_20250422_185600.wav
207.0,210.0,Spizella pusilla,Field Sparrow,0.0151,D:/AcousticMonitoringData/ELDON3_Data/Week16\ELDON3_20250422_185600.wav
210.0,213.0,Sturnella magna,Eastern Meadowlark,0.0396,D:/AcousticMonitoringData/ELDON3_Data/Week16\ELDON3_20250422_185600.wav
210.0,213.0,Spizella pusilla,Field Sparrow,0.0123,D:/AcousticMonitoringData/ELDON3_Data/Week16\ELDON3_20250422_185600.wav
213.0,216.0,Geothlypis trichas,Common Yellowthroat,0.0227,D:/AcousticMonitoringData/ELDON3_Data/Week16\ELDON3_20250422_185600.wav
219.0,222.0,Sturnella magna,Eastern Meadowlark,0.0310,D:/AcousticMonitoringData/ELDON3_Data/Week16\ELDON3_20250422_185600.wav
219.0,222.0,Eremophila alpestris,Horned Lark,0.0109,D:/AcousticMonitoringData/ELDON3_Data/Week16\ELDON3_20250422_185600.wav
225.0,228.0,Passerina caerulea,Blue Grosbeak,0.0296,D:/AcousticMonitoringData/ELDON3_Data/Week16\ELDON3_20250422_185600.wav
225.0,228.0,Sturnella magna,Eastern Meadowlark,0.0266,D:/AcousticMonitoringData/ELDON3_Data/Week16\ELDON3_20250422_185600.wav
228.0,231.0,Sturnella magna,Eastern Meadowlark,0.0260,D:/AcousticMonitoringData/ELDON3_Data/Week16\ELDON3_20250422_185600.wav
231.0,234.0,Sturnella magna,Eastern Meadowlark,0.0598,D:/AcousticMonitoringData/ELDON3_Data/Week16\ELDON3_20250422_185600.wav
231.0,234.0,Bartramia longicauda,Upland Sandpiper,0.0227,D:/AcousticMonitoringData/ELDON3_Data/Week16\ELDON3_20250422_185600.wav
231.0,234.0,Eremophila alpestris,Horned Lark,0.0207,D:/AcousticMonitoringData/ELDON3_Data/Week16\ELDON3_20250422_185600.wav
231.0,234.0,Spizella pusilla,Field Sparrow,0.0136,D:/AcousticMonitoringData/ELDON3_Data/Week16\ELDON3_20250422_185600.wav
234.0,237.0,Sturnella magna,Eastern Meadowlark,0.1114,D:/AcousticMonitoringData/ELDON3_Data/Week16\ELDON3_20250422_185600.wav
237.0,240.0,Sturnella magna,Eastern Meadowlark,0.1575,D:/AcousticMonitoringData/ELDON3_Data/Week16\ELDON3_20250422_185600.wav
237.0,240.0,Bartramia longicauda,Upland Sandpiper,0.0426,D:/AcousticMonitoringData/ELDON3_Data/Week16\ELDON3_20250422_185600.wav
237.0,240.0,Spizella pusilla,Field Sparrow,0.0283,D:/AcousticMonitoringData/ELDON3_Data/Week16\ELDON3_20250422_185600.wav
240.0,243.0,Sturnella magna,Eastern Meadowlark,0.2431,D:/AcousticMonitoringData/ELDON3_Data/Week16\ELDON3_20250422_185600.wav
240.0,243.0,Spizella pusilla,Field Sparrow,0.0179,D:/AcousticMonitoringData/ELDON3_Data/Week16\ELDON3_20250422_185600.wav
240.0,243.0,Passerina caerulea,Blue Grosbeak,0.0108,D:/AcousticMonitoringData/ELDON3_Data/Week16\ELDON3_20250422_185600.wav
243.0,246.0,Sturnella magna,Eastern Meadowlark,0.8342,D:/AcousticMonitoringData/ELDON3_Data/Week16\ELDON3_20250422_185600.wav
243.0,246.0,Bartramia longicauda,Upland Sandpiper,0.0431,D:/AcousticMonitoringData/ELDON3_Data/Week16\ELDON3_20250422_185600.wav
246.0,249.0,Sturnella magna,Eastern Meadowlark,0.4543,D:/AcousticMonitoringData/ELDON3_Data/Week16\ELDON3_20250422_185600.wav
246.0,249.0,Bartramia longicauda,Upland Sandpiper,0.0231,D:/AcousticMonitoringData/ELDON3_Data/Week16\ELDON3_20250422_185600.wav
252.0,255.0,Sturnella magna,Eastern Meadowlark,0.2561,D:/AcousticMonitoringData/ELDON3_Data/Week16\ELDON3_20250422_185600.wav
252.0,255.0,Bartramia longicauda,Upland Sandpiper,0.0198,D:/AcousticMonitoringData/ELDON3_Data/Week16\ELDON3_20250422_185600.wav
258.0,261.0,Sturnella magna,Eastern Meadowlark,0.6698,D:/AcousticMonitoringData/ELDON3_Data/Week16\ELDON3_20250422_185600.wav
258.0,261.0,Bartramia longicauda,Upland Sandpiper,0.0312,D:/AcousticMonitoringData/ELDON3_Data/Week16\ELDON3_20250422_185600.wav
261.0,264.0,Sturnella magna,Eastern Meadowlark,0.1569,D:/AcousticMonitoringData/ELDON3_Data/Week16\ELDON3_20250422_185600.wav
261.0,264.0,Bartramia longicauda,Upland Sandpiper,0.0121,D:/AcousticMonitoringData/ELDON3_Data/Week16\ELDON3_20250422_185600.wav
264.0,267.0,Sturnella magna,Eastern Meadowlark,0.2369,D:/AcousticMonitoringData/ELDON3_Data/Week16\ELDON3_20250422_185600.wav
264.0,267.0,Bartramia longicauda,Upland Sandpiper,0.0307,D:/AcousticMonitoringData/ELDON3_Data/Week16\ELDON3_20250422_185600.wav
264.0,267.0,Spizella pusilla,Field Sparrow,0.0111,D:/AcousticMonitoringData/ELDON3_Data/Week16\ELDON3_20250422_185600.wav
264.0,267.0,Eremophila alpestris,Horned Lark,0.0104,D:/AcousticMonitoringData/ELDON3_Data/Week16\ELDON3_20250422_185600.wav
270.0,273.0,Sturnella magna,Eastern Meadowlark,0.0248,D:/AcousticMonitoringData/ELDON3_Data/Week16\ELDON3_20250422_185600.wav
270.0,273.0,Eremophila alpestris,Horned Lark,0.0201,D:/AcousticMonitoringData/ELDON3_Data/Week16\ELDON3_20250422_185600.wav
270.0,273.0,Bartramia longicauda,Upland Sandpiper,0.0145,D:/AcousticMonitoringData/ELDON3_Data/Week16\ELDON3_20250422_185600.wav
273.0,276.0,Sturnella magna,Eastern Meadowlark,0.0154,D:/AcousticMonitoringData/ELDON3_Data/Week16\ELDON3_20250422_185600.wav
276.0,279.0,Eremophila alpestris,Horned Lark,0.0219,D:/AcousticMonitoringData/ELDON3_Data/Week16\ELDON3_20250422_185600.wav
279.0,282.0,Sturnella magna,Eastern Meadowlark,0.5803,D:/AcousticMonitoringData/ELDON3_Data/Week16\ELDON3_20250422_185600.wav
279.0,282.0,Bartramia longicauda,Upland Sandpiper,0.0148,D:/AcousticMonitoringData/ELDON3_Data/Week16\ELDON3_20250422_185600.wav
282.0,285.0,Sturnella magna,Eastern Meadowlark,0.0154,D:/AcousticMonitoringData/ELDON3_Data/Week16\ELDON3_20250422_185600.wav
282.0,285.0,Passerina caerulea,Blue Grosbeak,0.0127,D:/AcousticMonitoringData/ELDON3_Data/Week16\ELDON3_20250422_185600.wav
285.0,288.0,Bartramia longicauda,Upland Sandpiper,0.0808,D:/AcousticMonitoringData/ELDON3_Data/Week16\ELDON3_20250422_185600.wav
285.0,288.0,Sturnella magna,Eastern Meadowlark,0.0615,D:/AcousticMonitoringData/ELDON3_Data/Week16\ELDON3_20250422_185600.wav
288.0,291.0,Sturnella magna,Eastern Meadowlark,0.0643,D:/AcousticMonitoringData/ELDON3_Data/Week16\ELDON3_20250422_185600.wav
288.0,291.0,Bartramia longicauda,Upland Sandpiper,0.0229,D:/AcousticMonitoringData/ELDON3_Data/Week16\ELDON3_20250422_185600.wav
291.0,294.0,Eremophila alpestris,Horned Lark,0.0256,D:/AcousticMonitoringData/ELDON3_Data/Week16\ELDON3_20250422_185600.wav
294.0,297.0,Sturnella magna,Eastern Meadowlark,0.7179,D:/AcousticMonitoringData/ELDON3_Data/Week16\ELDON3_20250422_185600.wav
294.0,297.0,Bartramia longicauda,Upland Sandpiper,0.0223,D:/AcousticMonitoringData/ELDON3_Data/Week16\ELDON3_20250422_185600.wav
297.0,300.0,Passerina caerulea,Blue Grosbeak,0.0105,D:/AcousticMonitoringData/ELDON3_Data/Week16\ELDON3_20250422_185600.wav
300.0,303.0,Eremophila alpestris,Horned Lark,0.0234,D:/AcousticMonitoringData/ELDON3_Data/Week16\ELDON3_20250422_185600.wav
300.0,303.0,Sturnella magna,Eastern Meadowlark,0.0102,D:/AcousticMonitoringData/ELDON3_Data/Week16\ELDON3_20250422_185600.wav
303.0,306.0,Sturnella magna,Eastern Meadowlark,0.3112,D:/AcousticMonitoringData/ELDON3_Data/Week16\ELDON3_20250422_185600.wav
303.0,306.0,Bartramia longicauda,Upland Sandpiper,0.0195,D:/AcousticMonitoringData/ELDON3_Data/Week16\ELDON3_20250422_185600.wav
303.0,306.0,Passerina caerulea,Blue Grosbeak,0.0167,D:/AcousticMonitoringData/ELDON3_Data/Week16\ELDON3_20250422_185600.wav
309.0,312.0,Sturnella magna,Eastern Meadowlark,0.4124,D:/AcousticMonitoringData/ELDON3_Data/Week16\ELDON3_20250422_185600.wav
309.0,312.0,Spizella pusilla,Field Sparrow,0.0186,D:/AcousticMonitoringData/ELDON3_Data/Week16\ELDON3_20250422_185600.wav
309.0,312.0,Bartramia longicauda,Upland Sandpiper,0.0181,D:/AcousticMonitoringData/ELDON3_Data/Week16\ELDON3_20250422_185600.wav
312.0,315.0,Sturnella magna,Eastern Meadowlark,0.4465,D:/AcousticMonitoringData/ELDON3_Data/Week16\ELDON3_20250422_185600.wav
315.0,318.0,Sturnella magna,Eastern Meadowlark,0.0222,D:/AcousticMonitoringData/ELDON3_Data/Week16\ELDON3_20250422_185600.wav
318.0,321.0,Sturnella magna,Eastern Meadowlark,0.0265,D:/AcousticMonitoringData/ELDON3_Data/Week16\ELDON3_20250422_185600.wav
321.0,324.0,Eremophila alpestris,Horned Lark,0.0136,D:/AcousticMonitoringData/ELDON3_Data/Week16\ELDON3_20250422_185600.wav
324.0,327.0,Sturnella magna,Eastern Meadowlark,0.0922,D:/AcousticMonitoringData/ELDON3_Data/Week16\ELDON3_20250422_185600.wav
324.0,327.0,Bartramia longicauda,Upland Sandpiper,0.0132,D:/AcousticMonitoringData/ELDON3_Data/Week16\ELDON3_20250422_185600.wav
324.0,327.0,Eremophila alpestris,Horned Lark,0.0115,D:/AcousticMonitoringData/ELDON3_Data/Week16\ELDON3_20250422_185600.wav
327.0,330.0,Sturnella magna,Eastern Meadowlark,0.0619,D:/AcousticMonitoringData/ELDON3_Data/Week16\ELDON3_20250422_185600.wav
333.0,336.0,Eremophila alpestris,Horned Lark,0.0167,D:/AcousticMonitoringData/ELDON3_Data/Week16\ELDON3_20250422_185600.wav
333.0,336.0,Sturnella magna,Eastern Meadowlark,0.0131,D:/AcousticMonitoringData/ELDON3_Data/Week16\ELDON3_20250422_185600.wav
336.0,339.0,Sturnella magna,Eastern Meadowlark,0.0235,D:/AcousticMonitoringData/ELDON3_Data/Week16\ELDON3_20250422_185600.wav
342.0,345.0,Sturnella magna,Eastern Meadowlark,0.0512,D:/AcousticMonitoringData/ELDON3_Data/Week16\ELDON3_20250422_185600.wav
342.0,345.0,Eremophila alpestris,Horned Lark,0.0110,D:/AcousticMonitoringData/ELDON3_Data/Week16\ELDON3_20250422_185600.wav
345.0,348.0,Sturnella magna,Eastern Meadowlark,0.1076,D:/AcousticMonitoringData/ELDON3_Data/Week16\ELDON3_20250422_185600.wav
345.0,348.0,Eremophila alpestris,Horned Lark,0.0119,D:/AcousticMonitoringData/ELDON3_Data/Week16\ELDON3_20250422_185600.wav
345.0,348.0,Bartramia longicauda,Upland Sandpiper,0.0109,D:/AcousticMonitoringData/ELDON3_Data/Week16\ELDON3_20250422_185600.wav
351.0,354.0,Sturnella magna,Eastern Meadowlark,0.0194,D:/AcousticMonitoringData/ELDON3_Data/Week16\ELDON3_20250422_185600.wav
375.0,378.0,Sturnella magna,Eastern Meadowlark,0.0372,D:/AcousticMonitoringData/ELDON3_Data/Week16\ELDON3_20250422_185600.wav
375.0,378.0,Bartramia longicauda,Upland Sandpiper,0.0239,D:/AcousticMonitoringData/ELDON3_Data/Week16\ELDON3_20250422_185600.wav
381.0,384.0,Sturnella magna,Eastern Meadowlark,0.0133,D:/AcousticMonitoringData/ELDON3_Data/Week16\ELDON3_20250422_185600.wav
381.0,384.0,Spizella pusilla,Field Sparrow,0.0113,D:/AcousticMonitoringData/ELDON3_Data/Week16\ELDON3_20250422_185600.wav
384.0,387.0,Bartramia longicauda,Upland Sandpiper,0.0383,D:/AcousticMonitoringData/ELDON3_Data/Week16\ELDON3_20250422_185600.wav
387.0,390.0,Sturnella magna,Eastern Meadowlark,0.0146,D:/AcousticMonitoringData/ELDON3_Data/Week16\ELDON3_20250422_185600.wav
387.0,390.0,Bartramia longicauda,Upland Sandpiper,0.0132,D:/AcousticMonitoringData/ELDON3_Data/Week16\ELDON3_20250422_185600.wav
390.0,393.0,Bartramia longicauda,Upland Sandpiper,0.0287,D:/AcousticMonitoringData/ELDON3_Data/Week16\ELDON3_20250422_185600.wav
393.0,396.0,Sturnella magna,Eastern Meadowlark,0.0175,D:/AcousticMonitoringData/ELDON3_Data/Week16\ELDON3_20250422_185600.wav
393.0,396.0,Bartramia longicauda,Upland Sandpiper,0.0166,D:/AcousticMonitoringData/ELDON3_Data/Week16\ELDON3_20250422_185600.wav
393.0,396.0,Geothlypis trichas,Common Yellowthroat,0.0159,D:/AcousticMonitoringData/ELDON3_Data/Week16\ELDON3_20250422_185600.wav
393.0,396.0,Spizella pusilla,Field Sparrow,0.0145,D:/AcousticMonitoringData/ELDON3_Data/Week16\ELDON3_20250422_185600.wav
396.0,399.0,Passerina caerulea,Blue Grosbeak,0.0120,D:/AcousticMonitoringData/ELDON3_Data/Week16\ELDON3_20250422_185600.wav
399.0,402.0,Sturnella magna,Eastern Meadowlark,0.2050,D:/AcousticMonitoringData/ELDON3_Data/Week16\ELDON3_20250422_185600.wav
399.0,402.0,Spizella pusilla,Field Sparrow,0.0476,D:/AcousticMonitoringData/ELDON3_Data/Week16\ELDON3_20250422_185600.wav
399.0,402.0,Bartramia longicauda,Upland Sandpiper,0.0114,D:/AcousticMonitoringData/ELDON3_Data/Week16\ELDON3_20250422_185600.wav
402.0,405.0,Sturnella magna,Eastern Meadowlark,0.1136,D:/AcousticMonitoringData/ELDON3_Data/Week16\ELDON3_20250422_185600.wav
402.0,405.0,Spizella pusilla,Field Sparrow,0.0214,D:/AcousticMonitoringData/ELDON3_Data/Week16\ELDON3_20250422_185600.wav
402.0,405.0,Passerina caerulea,Blue Grosbeak,0.0184,D:/AcousticMonitoringData/ELDON3_Data/Week16\ELDON3_20250422_185600.wav
408.0,411.0,Sturnella magna,Eastern Meadowlark,0.0456,D:/AcousticMonitoringData/ELDON3_Data/Week16\ELDON3_20250422_185600.wav
408.0,411.0,Spizella pusilla,Field Sparrow,0.0122,D:/AcousticMonitoringData/ELDON3_Data/Week16\ELDON3_20250422_185600.wav
408.0,411.0,Passerina caerulea,Blue Grosbeak,0.0118,D:/AcousticMonitoringData/ELDON3_Data/Week16\ELDON3_20250422_185600.wav
411.0,414.0,Sturnella magna,Eastern Meadowlark,0.0313,D:/AcousticMonitoringData/ELDON3_Data/Week16\ELDON3_20250422_185600.wav
411.0,414.0,Eremophila alpestris,Horned Lark,0.0180,D:/AcousticMonitoringData/ELDON3_Data/Week16\ELDON3_20250422_185600.wav
411.0,414.0,Spizella pusilla,Field Sparrow,0.0113,D:/AcousticMonitoringData/ELDON3_Data/Week16\ELDON3_20250422_185600.wav
414.0,417.0,Sturnella magna,Eastern Meadowlark,0.0140,D:/AcousticMonitoringData/ELDON3_Data/Week16\ELDON3_20250422_185600.wav
417.0,420.0,Sturnella magna,Eastern Meadowlark,0.0524,D:/AcousticMonitoringData/ELDON3_Data/Week16\ELDON3_20250422_185600.wav
417.0,420.0,Bartramia longicauda,Upland Sandpiper,0.0268,D:/AcousticMonitoringData/ELDON3_Data/Week16\ELDON3_20250422_185600.wav
420.0,423.0,Sturnella magna,Eastern Meadowlark,0.0336,D:/AcousticMonitoringData/ELDON3_Data/Week16\ELDON3_20250422_185600.wav
423.0,426.0,Sturnella magna,Eastern Meadowlark,0.1803,D:/AcousticMonitoringData/ELDON3_Data/Week16\ELDON3_20250422_185600.wav
426.0,429.0,Sturnella magna,Eastern Meadowlark,0.1970,D:/AcousticMonitoringData/ELDON3_Data/Week16\ELDON3_20250422_185600.wav
426.0,429.0,Bartramia longicauda,Upland Sandpiper,0.0211,D:/AcousticMonitoringData/ELDON3_Data/Week16\ELDON3_20250422_185600.wav
429.0,432.0,Sturnella magna,Eastern Meadowlark,0.1112,D:/AcousticMonitoringData/ELDON3_Data/Week16\ELDON3_20250422_185600.wav
429.0,432.0,Bartramia longicauda,Upland Sandpiper,0.0217,D:/AcousticMonitoringData/ELDON3_Data/Week16\ELDON3_20250422_185600.wav
429.0,432.0,Eremophila alpestris,Horned Lark,0.0202,D:/AcousticMonitoringData/ELDON3_Data/Week16\ELDON3_20250422_185600.wav
432.0,435.0,Sturnella magna,Eastern Meadowlark,0.0379,D:/AcousticMonitoringData/ELDON3_Data/Week16\ELDON3_20250422_185600.wav
432.0,435.0,Bartramia longicauda,Upland Sandpiper,0.0222,D:/AcousticMonitoringData/ELDON3_Data/Week16\ELDON3_20250422_185600.wav
432.0,435.0,Eremophila alpestris,Horned Lark,0.0118,D:/AcousticMonitoringData/ELDON3_Data/Week16\ELDON3_20250422_185600.wav
435.0,438.0,Sturnella magna,Eastern Meadowlark,0.3619,D:/AcousticMonitoringData/ELDON3_Data/Week16\ELDON3_20250422_185600.wav
435.0,438.0,Bartramia longicauda,Upland Sandpiper,0.0253,D:/AcousticMonitoringData/ELDON3_Data/Week16\ELDON3_20250422_185600.wav
438.0,441.0,Sturnella magna,Eastern Meadowlark,0.0202,D:/AcousticMonitoringData/ELDON3_Data/Week16\ELDON3_20250422_185600.wav
438.0,441.0,Eremophila alpestris,Horned Lark,0.0142,D:/AcousticMonitoringData/ELDON3_Data/Week16\ELDON3_20250422_185600.wav
441.0,444.0,Sturnella magna,Eastern Meadowlark,0.0130,D:/AcousticMonitoringData/ELDON3_Data/Week16\ELDON3_20250422_185600.wav
444.0,447.0,Sturnella magna,Eastern Meadowlark,0.1407,D:/AcousticMonitoringData/ELDON3_Data/Week16\ELDON3_20250422_185600.wav
447.0,450.0,Sturnella magna,Eastern Meadowlark,0.1673,D:/AcousticMonitoringData/ELDON3_Data/Week16\ELDON3_20250422_185600.wav
450.0,453.0,Sturnella magna,Eastern Meadowlark,0.4373,D:/AcousticMonitoringData/ELDON3_Data/Week16\ELDON3_20250422_185600.wav
450.0,453.0,Bartramia longicauda,Upland Sandpiper,0.0115,D:/AcousticMonitoringData/ELDON3_Data/Week16\ELDON3_20250422_185600.wav
453.0,456.0,Sturnella magna,Eastern Meadowlark,0.6569,D:/AcousticMonitoringData/ELDON3_Data/Week16\ELDON3_20250422_185600.wav
456.0,459.0,Sturnella magna,Eastern Meadowlark,0.8878,D:/AcousticMonitoringData/ELDON3_Data/Week16\ELDON3_20250422_185600.wav
456.0,459.0,Bartramia longicauda,Upland Sandpiper,0.0138,D:/AcousticMonitoringData/ELDON3_Data/Week16\ELDON3_20250422_185600.wav
459.0,462.0,Sturnella magna,Eastern Meadowlark,0.8495,D:/AcousticMonitoringData/ELDON3_Data/Week16\ELDON3_20250422_185600.wav
459.0,462.0,Spizella pusilla,Field Sparrow,0.0475,D:/AcousticMonitoringData/ELDON3_Data/Week16\ELDON3_20250422_185600.wav
462.0,465.0,Sturnella magna,Eastern Meadowlark,0.9119,D:/AcousticMonitoringData/ELDON3_Data/Week16\ELDON3_20250422_185600.wav
462.0,465.0,Bartramia longicauda,Upland Sandpiper,0.0115,D:/AcousticMonitoringData/ELDON3_Data/Week16\ELDON3_20250422_185600.wav
465.0,468.0,Sturnella magna,Eastern Meadowlark,0.1077,D:/AcousticMonitoringData/ELDON3_Data/Week16\ELDON3_20250422_185600.wav
468.0,471.0,Sturnella magna,Eastern Meadowlark,0.0332,D:/AcousticMonitoringData/ELDON3_Data/Week16\ELDON3_20250422_185600.wav
471.0,474.0,Sturnella magna,Eastern Meadowlark,0.4487,D:/AcousticMonitoringData/ELDON3_Data/Week16\ELDON3_20250422_185600.wav
471.0,474.0,Passerina caerulea,Blue Grosbeak,0.0103,D:/AcousticMonitoringData/ELDON3_Data/Week16\ELDON3_20250422_185600.wav
474.0,477.0,Sturnella magna,Eastern Meadowlark,0.4821,D:/AcousticMonitoringData/ELDON3_Data/Week16\ELDON3_20250422_185600.wav
477.0,480.0,Sturnella magna,Eastern Meadowlark,0.0131,D:/AcousticMonitoringData/ELDON3_Data/Week16\ELDON3_20250422_185600.wav
480.0,483.0,Sturnella magna,Eastern Meadowlark,0.9541,D:/AcousticMonitoringData/ELDON3_Data/Week16\ELDON3_20250422_185600.wav
480.0,483.0,Bartramia longicauda,Upland Sandpiper,0.0134,D:/AcousticMonitoringData/ELDON3_Data/Week16\ELDON3_20250422_185600.wav
483.0,486.0,Sturnella magna,Eastern Meadowlark,0.1301,D:/AcousticMonitoringData/ELDON3_Data/Week16\ELDON3_20250422_185600.wav
483.0,486.0,Eremophila alpestris,Horned Lark,0.0196,D:/AcousticMonitoringData/ELDON3_Data/Week16\ELDON3_20250422_185600.wav
486.0,489.0,Sturnella magna,Eastern Meadowlark,0.1164,D:/AcousticMonitoringData/ELDON3_Data/Week16\ELDON3_20250422_185600.wav
486.0,489.0,Bartramia longicauda,Upland Sandpiper,0.0113,D:/AcousticMonitoringData/ELDON3_Data/Week16\ELDON3_20250422_185600.wav
489.0,492.0,Sturnella magna,Eastern Meadowlark,0.1610,D:/AcousticMonitoringData/ELDON3_Data/Week16\ELDON3_20250422_185600.wav
489.0,492.0,Passerina caerulea,Blue Grosbeak,0.0130,D:/AcousticMonitoringData/ELDON3_Data/Week16\ELDON3_20250422_185600.wav
492.0,495.0,Sturnella magna,Eastern Meadowlark,0.6444,D:/AcousticMonitoringData/ELDON3_Data/Week16\ELDON3_20250422_185600.wav
492.0,495.0,Bartramia longicauda,Upland Sandpiper,0.0153,D:/AcousticMonitoringData/ELDON3_Data/Week16\ELDON3_20250422_185600.wav
495.0,498.0,Sturnella magna,Eastern Meadowlark,0.0507,D:/AcousticMonitoringData/ELDON3_Data/Week16\ELDON3_20250422_185600.wav
495.0,498.0,Spizella pusilla,Field Sparrow,0.0175,D:/AcousticMonitoringData/ELDON3_Data/Week16\ELDON3_20250422_185600.wav
498.0,501.0,Sturnella magna,Eastern Meadowlark,0.4701,D:/AcousticMonitoringData/ELDON3_Data/Week16\ELDON3_20250422_185600.wav
498.0,501.0,Bartramia longicauda,Upland Sandpiper,0.0110,D:/AcousticMonitoringData/ELDON3_Data/Week16\ELDON3_20250422_185600.wav
501.0,504.0,Sturnella magna,Eastern Meadowlark,0.3220,D:/AcousticMonitoringData/ELDON3_Data/Week16\ELDON3_20250422_185600.wav
504.0,507.0,Sturnella magna,Eastern Meadowlark,0.1457,D:/AcousticMonitoringData/ELDON3_Data/Week16\ELDON3_20250422_185600.wav
510.0,513.0,Sturnella magna,Eastern Meadowlark,0.7886,D:/AcousticMonitoringData/ELDON3_Data/Week16\ELDON3_20250422_185600.wav
510.0,513.0,Bartramia longicauda,Upland Sandpiper,0.0623,D:/AcousticMonitoringData/ELDON3_Data/Week16\ELDON3_20250422_185600.wav
513.0,516.0,Sturnella magna,Eastern Meadowlark,0.0116,D:/AcousticMonitoringData/ELDON3_Data/Week16\ELDON3_20250422_185600.wav
516.0,519.0,Sturnella magna,Eastern Meadowlark,0.6908,D:/AcousticMonitoringData/ELDON3_Data/Week16\ELDON3_20250422_185600.wav
519.0,522.0,Sturnella magna,Eastern Meadowlark,0.1210,D:/AcousticMonitoringData/ELDON3_Data/Week16\ELDON3_20250422_185600.wav
519.0,522.0,Eremophila alpestris,Horned Lark,0.0134,D:/AcousticMonitoringData/ELDON3_Data/Week16\ELDON3_20250422_185600.wav
522.0,525.0,Sturnella magna,Eastern Meadowlark,0.7482,D:/AcousticMonitoringData/ELDON3_Data/Week16\ELDON3_20250422_185600.wav
525.0,528.0,Eremophila alpestris,Horned Lark,0.0229,D:/AcousticMonitoringData/ELDON3_Data/Week16\ELDON3_20250422_185600.wav
525.0,528.0,Sturnella magna,Eastern Meadowlark,0.0155,D:/AcousticMonitoringData/ELDON3_Data/Week16\ELDON3_20250422_185600.wav
528.0,531.0,Sturnella magna,Eastern Meadowlark,0.9410,D:/AcousticMonitoringData/ELDON3_Data/Week16\ELDON3_20250422_185600.wav
528.0,531.0,Bartramia longicauda,Upland Sandpiper,0.0135,D:/AcousticMonitoringData/ELDON3_Data/Week16\ELDON3_20250422_185600.wav
531.0,534.0,Eremophila alpestris,Horned Lark,0.0139,D:/AcousticMonitoringData/ELDON3_Data/Week16\ELDON3_20250422_185600.wav
534.0,537.0,Sturnella magna,Eastern Meadowlark,0.9385,D:/AcousticMonitoringData/ELDON3_Data/Week16\ELDON3_20250422_185600.wav
534.0,537.0,Bartramia longicauda,Upland Sandpiper,0.0201,D:/AcousticMonitoringData/ELDON3_Data/Week16\ELDON3_20250422_185600.wav
537.0,540.0,Sturnella magna,Eastern Meadowlark,0.1444,D:/AcousticMonitoringData/ELDON3_Data/Week16\ELDON3_20250422_185600.wav
537.0,540.0,Bartramia longicauda,Upland Sandpiper,0.0155,D:/AcousticMonitoringData/ELDON3_Data/Week16\ELDON3_20250422_185600.wav
537.0,540.0,Eremophila alpestris,Horned Lark,0.0108,D:/AcousticMonitoringData/ELDON3_Data/Week16\ELDON3_20250422_185600.wav
540.0,543.0,Sturnella magna,Eastern Meadowlark,0.7658,D:/AcousticMonitoringData/ELDON3_Data/Week16\ELDON3_20250422_185600.wav
543.0,546.0,Sturnella magna,Eastern Meadowlark,0.0800,D:/AcousticMonitoringData/ELDON3_Data/Week16\ELDON3_20250422_185600.wav
543.0,546.0,Spizella pusilla,Field Sparrow,0.0115,D:/AcousticMonitoringData/ELDON3_Data/Week16\ELDON3_20250422_185600.wav
546.0,549.0,Sturnella magna,Eastern Meadowlark,0.7599,D:/AcousticMonitoringData/ELDON3_Data/Week16\ELDON3_20250422_185600.wav
546.0,549.0,Eremophila alpestris,Horned Lark,0.0177,D:/AcousticMonitoringData/ELDON3_Data/Week16\ELDON3_20250422_185600.wav
546.0,549.0,Bartramia longicauda,Upland Sandpiper,0.0126,D:/AcousticMonitoringData/ELDON3_Data/Week16\ELDON3_20250422_185600.wav
549.0,552.0,Sturnella magna,Eastern Meadowlark,0.0485,D:/AcousticMonitoringData/ELDON3_Data/Week16\ELDON3_20250422_185600.wav
549.0,552.0,Eremophila alpestris,Horned Lark,0.0188,D:/AcousticMonitoringData/ELDON3_Data/Week16\ELDON3_20250422_185600.wav
549.0,552.0,Spizella pusilla,Field Sparrow,0.0109,D:/AcousticMonitoringData/ELDON3_Data/Week16\ELDON3_20250422_185600.wav
552.0,555.0,Sturnella magna,Eastern Meadowlark,0.0724,D:/AcousticMonitoringData/ELDON3_Data/Week16\ELDON3_20250422_185600.wav
552.0,555.0,Bartramia longicauda,Upland Sandpiper,0.0227,D:/AcousticMonitoringData/ELDON3_Data/Week16\ELDON3_20250422_185600.wav
552.0,555.0,Eremophila alpestris,Horned Lark,0.0212,D:/AcousticMonitoringData/ELDON3_Data/Week16\ELDON3_20250422_185600.wav
552.0,555.0,Passerina caerulea,Blue Grosbeak,0.0101,D:/AcousticMonitoringData/ELDON3_Data/Week16\ELDON3_20250422_185600.wav
555.0,558.0,Sturnella magna,Eastern Meadowlark,0.7461,D:/AcousticMonitoringData/ELDON3_Data/Week16\ELDON3_20250422_185600.wav
558.0,561.0,Eremophila alpestris,Horned Lark,0.1172,D:/AcousticMonitoringData/ELDON3_Data/Week16\ELDON3_20250422_185600.wav
558.0,561.0,Sturnella magna,Eastern Meadowlark,0.0404,D:/AcousticMonitoringData/ELDON3_Data/Week16\ELDON3_20250422_185600.wav
561.0,564.0,Sturnella magna,Eastern Meadowlark,0.5517,D:/AcousticMonitoringData/ELDON3_Data/Week16\ELDON3_20250422_185600.wav
561.0,564.0,Bartramia longicauda,Upland Sandpiper,0.0145,D:/AcousticMonitoringData/ELDON3_Data/Week16\ELDON3_20250422_185600.wav
564.0,567.0,Sturnella magna,Eastern Meadowlark,0.0134,D:/AcousticMonitoringData/ELDON3_Data/Week16\ELDON3_20250422_185600.wav
564.0,567.0,Spizella pusilla,Field Sparrow,0.0109,D:/AcousticMonitoringData/ELDON3_Data/Week16\ELDON3_20250422_185600.wav
564.0,567.0,Bartramia longicauda,Upland Sandpiper,0.0101,D:/AcousticMonitoringData/ELDON3_Data/Week16\ELDON3_20250422_185600.wav
567.0,570.0,Sturnella magna,Eastern Meadowlark,0.8128,D:/AcousticMonitoringData/ELDON3_Data/Week16\ELDON3_20250422_185600.wav
570.0,573.0,Eremophila alpestris,Horned Lark,0.0419,D:/AcousticMonitoringData/ELDON3_Data/Week16\ELDON3_20250422_185600.wav
573.0,576.0,Sturnella magna,Eastern Meadowlark,0.8431,D:/AcousticMonitoringData/ELDON3_Data/Week16\ELDON3_20250422_185600.wav
573.0,576.0,Bartramia longicauda,Upland Sandpiper,0.0103,D:/AcousticMonitoringData/ELDON3_Data/Week16\ELDON3_20250422_185600.wav
579.0,582.0,Sturnella magna,Eastern Meadowlark,0.6515,D:/AcousticMonitoringData/ELDON3_Data/Week16\ELDON3_20250422_185600.wav
579.0,582.0,Bartramia longicauda,Upland Sandpiper,0.0257,D:/AcousticMonitoringData/ELDON3_Data/Week16\ELDON3_20250422_185600.wav
588.0,591.0,Sturnella magna,Eastern Meadowlark,0.7296,D:/AcousticMonitoringData/ELDON3_Data/Week16\ELDON3_20250422_185600.wav
594.0,597.0,Sturnella magna,Eastern Meadowlark,0.6030,D:/AcousticMonitoringData/ELDON3_Data/Week16\ELDON3_20250422_185600.wav
594.0,597.0,Bartramia longicauda,Upland Sandpiper,0.0300,D:/AcousticMonitoringData/ELDON3_Data/Week16\ELDON3_20250422_185600.wav
597.0,600.0,Bartramia longicauda,Upland Sandpiper,0.0162,D:/AcousticMonitoringData/ELDON3_Data/Week16\ELDON3_20250422_185600.wav
597.0,600.0,Sturnella magna,Eastern Meadowlark,0.0143,D:/AcousticMonitoringData/ELDON3_Data/Week16\ELDON3_20250422_185600.wav
603.0,606.0,Spizella pusilla,Field Sparrow,0.0497,D:/AcousticMonitoringData/ELDON3_Data/Week16\ELDON3_20250422_185600.wav
603.0,606.0,Sturnella magna,Eastern Meadowlark,0.0470,D:/AcousticMonitoringData/ELDON3_Data/Week16\ELDON3_20250422_185600.wav
603.0,606.0,Passerina caerulea,Blue Grosbeak,0.0316,D:/AcousticMonitoringData/ELDON3_Data/Week16\ELDON3_20250422_185600.wav
606.0,609.0,Sturnella magna,Eastern Meadowlark,0.4068,D:/AcousticMonitoringData/ELDON3_Data/Week16\ELDON3_20250422_185600.wav
606.0,609.0,Eremophila alpestris,Horned Lark,0.0149,D:/AcousticMonitoringData/ELDON3_Data/Week16\ELDON3_20250422_185600.wav
606.0,609.0,Passerina caerulea,Blue Grosbeak,0.0125,D:/AcousticMonitoringData/ELDON3_Data/Week16\ELDON3_20250422_185600.wav
609.0,612.0,Passerina caerulea,Blue Grosbeak,0.0163,D:/AcousticMonitoringData/ELDON3_Data/Week16\ELDON3_20250422_185600.wav
609.0,612.0,Spizella pusilla,Field Sparrow,0.0155,D:/AcousticMonitoringData/ELDON3_Data/Week16\ELDON3_20250422_185600.wav
609.0,612.0,Sturnella magna,Eastern Meadowlark,0.0124,D:/AcousticMonitoringData/ELDON3_Data/Week16\ELDON3_20250422_185600.wav
612.0,615.0,Sturnella magna,Eastern Meadowlark,0.0553,D:/AcousticMonitoringData/ELDON3_Data/Week16\ELDON3_20250422_185600.wav
612.0,615.0,Bartramia longicauda,Upland Sandpiper,0.0189,D:/AcousticMonitoringData/ELDON3_Data/Week16\ELDON3_20250422_185600.wav
618.0,621.0,Sturnella magna,Eastern Meadowlark,0.3339,D:/AcousticMonitoringData/ELDON3_Data/Week16\ELDON3_20250422_185600.wav
618.0,621.0,Passerina caerulea,Blue Grosbeak,0.0329,D:/AcousticMonitoringData/ELDON3_Data/Week16\ELDON3_20250422_185600.wav
618.0,621.0,Eremophila alpestris,Horned Lark,0.0107,D:/AcousticMonitoringData/ELDON3_Data/Week16\ELDON3_20250422_185600.wav
621.0,624.0,Sturnella magna,Eastern Meadowlark,0.0367,D:/AcousticMonitoringData/ELDON3_Data/Week16\ELDON3_20250422_185600.wav
621.0,624.0,Passerina caerulea,Blue Grosbeak,0.0345,D:/AcousticMonitoringData/ELDON3_Data/Week16\ELDON3_20250422_185600.wav
621.0,624.0,Spizella pusilla,Field Sparrow,0.0339,D:/AcousticMonitoringData/ELDON3_Data/Week16\ELDON3_20250422_185600.wav
624.0,627.0,Sturnella magna,Eastern Meadowlark,0.2670,D:/AcousticMonitoringData/ELDON3_Data/Week16\ELDON3_20250422_185600.wav
627.0,630.0,Passerina caerulea,Blue Grosbeak,0.0140,D:/AcousticMonitoringData/ELDON3_Data/Week16\ELDON3_20250422_185600.wav
627.0,630.0,Sturnella magna,Eastern Meadowlark,0.0139,D:/AcousticMonitoringData/ELDON3_Data/Week16\ELDON3_20250422_185600.wav
627.0,630.0,Spizella pusilla,Field Sparrow,0.0136,D:/AcousticMonitoringData/ELDON3_Data/Week16\ELDON3_20250422_185600.wav
630.0,633.0,Passerina caerulea,Blue Grosbeak,0.0239,D:/AcousticMonitoringData/ELDON3_Data/Week16\ELDON3_20250422_185600.wav
630.0,633.0,Sturnella magna,Eastern Meadowlark,0.0219,D:/AcousticMonitoringData/ELDON3_Data/Week16\ELDON3_20250422_185600.wav
630.0,633.0,Spizella pusilla,Field Sparrow,0.0166,D:/AcousticMonitoringData/ELDON3_Data/Week16\ELDON3_20250422_185600.wav
633.0,636.0,Sturnella magna,Eastern Meadowlark,0.3667,D:/AcousticMonitoringData/ELDON3_Data/Week16\ELDON3_20250422_185600.wav
633.0,636.0,Spizella pusilla,Field Sparrow,0.0203,D:/AcousticMonitoringData/ELDON3_Data/Week16\ELDON3_20250422_185600.wav
636.0,639.0,Sturnella magna,Eastern Meadowlark,0.0190,D:/AcousticMonitoringData/ELDON3_Data/Week16\ELDON3_20250422_185600.wav
639.0,642.0,Sturnella magna,Eastern Meadowlark,0.0236,D:/AcousticMonitoringData/ELDON3_Data/Week16\ELDON3_20250422_185600.wav
642.0,645.0,Passerina caerulea,Blue Grosbeak,0.0246,D:/AcousticMonitoringData/ELDON3_Data/Week16\ELDON3_20250422_185600.wav
645.0,648.0,Sturnella magna,Eastern Meadowlark,0.1110,D:/AcousticMonitoringData/ELDON3_Data/Week16\ELDON3_20250422_185600.wav
648.0,651.0,Passerina caerulea,Blue Grosbeak,0.0146,D:/AcousticMonitoringData/ELDON3_Data/Week16\ELDON3_20250422_185600.wav
648.0,651.0,Sturnella magna,Eastern Meadowlark,0.0138,D:/AcousticMonitoringData/ELDON3_Data/Week16\ELDON3_20250422_185600.wav
651.0,654.0,Sturnella magna,Eastern Meadowlark,0.0239,D:/AcousticMonitoringData/ELDON3_Data/Week16\ELDON3_20250422_185600.wav
651.0,654.0,Spizella pusilla,Field Sparrow,0.0214,D:/AcousticMonitoringData/ELDON3_Data/Week16\ELDON3_20250422_185600.wav
651.0,654.0,Passerina caerulea,Blue Grosbeak,0.0141,D:/AcousticMonitoringData/ELDON3_Data/Week16\ELDON3_20250422_185600.wav
654.0,657.0,Sturnella magna,Eastern Meadowlark,0.0293,D:/AcousticMonitoringData/ELDON3_Data/Week16\ELDON3_20250422_185600.wav
657.0,660.0,Sturnella magna,Eastern Meadowlark,0.2792,D:/AcousticMonitoringData/ELDON3_Data/Week16\ELDON3_20250422_185600.wav
657.0,660.0,Eremophila alpestris,Horned Lark,0.0146,D:/AcousticMonitoringData/ELDON3_Data/Week16\ELDON3_20250422_185600.wav
660.0,663.0,Spizella pusilla,Field Sparrow,0.0153,D:/AcousticMonitoringData/ELDON3_Data/Week16\ELDON3_20250422_185600.wav
660.0,663.0,Sturnella magna,Eastern Meadowlark,0.0137,D:/AcousticMonitoringData/ELDON3_Data/Week16\ELDON3_20250422_185600.wav
663.0,666.0,Sturnella magna,Eastern Meadowlark,0.6012,D:/AcousticMonitoringData/ELDON3_Data/Week16\ELDON3_20250422_185600.wav
663.0,666.0,Eremophila alpestris,Horned Lark,0.0159,D:/AcousticMonitoringData/ELDON3_Data/Week16\ELDON3_20250422_185600.wav
663.0,666.0,Bartramia longicauda,Upland Sandpiper,0.0155,D:/AcousticMonitoringData/ELDON3_Data/Week16\ELDON3_20250422_185600.wav
663.0,666.0,Spizella pusilla,Field Sparrow,0.0115,D:/AcousticMonitoringData/ELDON3_Data/Week16\ELDON3_20250422_185600.wav
666.0,669.0,Sturnella magna,Eastern Meadowlark,0.0528,D:/AcousticMonitoringData/ELDON3_Data/Week16\ELDON3_20250422_185600.wav
666.0,669.0,Bartramia longicauda,Upland Sandpiper,0.0137,D:/AcousticMonitoringData/ELDON3_Data/Week16\ELDON3_20250422_185600.wav
669.0,672.0,Passerina caerulea,Blue Grosbeak,0.0181,D:/AcousticMonitoringData/ELDON3_Data/Week16\ELDON3_20250422_185600.wav
669.0,672.0,Sturnella magna,Eastern Meadowlark,0.0128,D:/AcousticMonitoringData/ELDON3_Data/Week16\ELDON3_20250422_185600.wav
672.0,675.0,Sturnella magna,Eastern Meadowlark,0.1427,D:/AcousticMonitoringData/ELDON3_Data/Week16\ELDON3_20250422_185600.wav
672.0,675.0,Bartramia longicauda,Upland Sandpiper,0.0227,D:/AcousticMonitoringData/ELDON3_Data/Week16\ELDON3_20250422_185600.wav
672.0,675.0,Eremophila alpestris,Horned Lark,0.0138,D:/AcousticMonitoringData/ELDON3_Data/Week16\ELDON3_20250422_185600.wav
675.0,678.0,Passerina caerulea,Blue Grosbeak,0.0248,D:/AcousticMonitoringData/ELDON3_Data/Week16\ELDON3_20250422_185600.wav
675.0,678.0,Spizella pusilla,Field Sparrow,0.0165,D:/AcousticMonitoringData/ELDON3_Data/Week16\ELDON3_20250422_185600.wav
675.0,678.0,Sturnella magna,Eastern Meadowlark,0.0140,D:/AcousticMonitoringData/ELDON3_Data/Week16\ELDON3_20250422_185600.wav
678.0,681.0,Sturnella magna,Eastern Meadowlark,0.0681,D:/AcousticMonitoringData/ELDON3_Data/Week16\ELDON3_20250422_185600.wav
678.0,681.0,Eremophila alpestris,Horned Lark,0.0367,D:/AcousticMonitoringData/ELDON3_Data/Week16\ELDON3_20250422_185600.wav
678.0,681.0,Bartramia longicauda,Upland Sandpiper,0.0186,D:/AcousticMonitoringData/ELDON3_Data/Week16\ELDON3_20250422_185600.wav
681.0,684.0,Sturnella magna,Eastern Meadowlark,0.3160,D:/AcousticMonitoringData/ELDON3_Data/Week16\ELDON3_20250422_185600.wav
681.0,684.0,Bartramia longicauda,Upland Sandpiper,0.0232,D:/AcousticMonitoringData/ELDON3_Data/Week16\ELDON3_20250422_185600.wav
684.0,687.0,Passerina caerulea,Blue Grosbeak,0.0251,D:/AcousticMonitoringData/ELDON3_Data/Week16\ELDON3_20250422_185600.wav
684.0,687.0,Spizella pusilla,Field Sparrow,0.0113,D:/AcousticMonitoringData/ELDON3_Data/Week16\ELDON3_20250422_185600.wav
687.0,690.0,Sturnella magna,Eastern Meadowlark,0.0631,D:/AcousticMonitoringData/ELDON3_Data/Week16\ELDON3_20250422_185600.wav
687.0,690.0,Eremophila alpestris,Horned Lark,0.0276,D:/AcousticMonitoringData/ELDON3_Data/Week16\ELDON3_20250422_185600.wav
693.0,696.0,Sturnella magna,Eastern Meadowlark,0.0137,D:/AcousticMonitoringData/ELDON3_Data/Week16\ELDON3_20250422_185600.wav
693.0,696.0,Eremophila alpestris,Horned Lark,0.0126,D:/AcousticMonitoringData/ELDON3_Data/Week16\ELDON3_20250422_185600.wav
696.0,699.0,Sturnella magna,Eastern Meadowlark,0.4009,D:/AcousticMonitoringData/ELDON3_Data/Week16\ELDON3_20250422_185600.wav
696.0,699.0,Bartramia longicauda,Upland Sandpiper,0.0351,D:/AcousticMonitoringData/ELDON3_Data/Week16\ELDON3_20250422_185600.wav
696.0,699.0,Eremophila alpestris,Horned Lark,0.0187,D:/AcousticMonitoringData/ELDON3_Data/Week16\ELDON3_20250422_185600.wav
699.0,702.0,Sturnella magna,Eastern Meadowlark,0.0324,D:/AcousticMonitoringData/ELDON3_Data/Week16\ELDON3_20250422_185600.wav
702.0,705.0,Sturnella magna,Eastern Meadowlark,0.0401,D:/AcousticMonitoringData/ELDON3_Data/Week16\ELDON3_20250422_185600.wav
702.0,705.0,Eremophila alpestris,Horned Lark,0.0264,D:/AcousticMonitoringData/ELDON3_Data/Week16\ELDON3_20250422_185600.wav
702.0,705.0,Bartramia longicauda,Upland Sandpiper,0.0154,D:/AcousticMonitoringData/ELDON3_Data/Week16\ELDON3_20250422_185600.wav
705.0,708.0,Sturnella magna,Eastern Meadowlark,0.7219,D:/AcousticMonitoringData/ELDON3_Data/Week16\ELDON3_20250422_185600.wav
705.0,708.0,Spizella pusilla,Field Sparrow,0.0199,D:/AcousticMonitoringData/ELDON3_Data/Week16\ELDON3_20250422_185600.wav
705.0,708.0,Bartramia longicauda,Upland Sandpiper,0.0104,D:/AcousticMonitoringData/ELDON3_Data/Week16\ELDON3_20250422_185600.wav
708.0,711.0,Sturnella magna,Eastern Meadowlark,0.4960,D:/AcousticMonitoringData/ELDON3_Data/Week16\ELDON3_20250422_185600.wav
711.0,714.0,Sturnella magna,Eastern Meadowlark,0.0120,D:/AcousticMonitoringData/ELDON3_Data/Week16\ELDON3_20250422_185600.wav
714.0,717.0,Sturnella magna,Eastern Meadowlark,0.6379,D:/AcousticMonitoringData/ELDON3_Data/Week16\ELDON3_20250422_185600.wav
717.0,720.0,Sturnella magna,Eastern Meadowlark,0.5613,D:/AcousticMonitoringData/ELDON3_Data/Week16\ELDON3_20250422_185600.wav
717.0,720.0,Bartramia longicauda,Upland Sandpiper,0.0129,D:/AcousticMonitoringData/ELDON3_Data/Week16\ELDON3_20250422_185600.wav
717.0,720.0,Eremophila alpestris,Horned Lark,0.0103,D:/AcousticMonitoringData/ELDON3_Data/Week16\ELDON3_20250422_185600.wav
720.0,723.0,Sturnella magna,Eastern Meadowlark,0.0453,D:/AcousticMonitoringData/ELDON3_Data/Week16\ELDON3_20250422_185600.wav
726.0,729.0,Sturnella magna,Eastern Meadowlark,0.0144,D:/AcousticMonitoringData/ELDON3_Data/Week16\ELDON3_20250422_185600.wav
726.0,729.0,Eremophila alpestris,Horned Lark,0.0135,D:/AcousticMonitoringData/ELDON3_Data/Week16\ELDON3_20250422_185600.wav
729.0,732.0,Sturnella magna,Eastern Meadowlark,0.5912,D:/AcousticMonitoringData/ELDON3_Data/Week16\ELDON3_20250422_185600.wav
732.0,735.0,Sturnella magna,Eastern Meadowlark,0.0305,D:/AcousticMonitoringData/ELDON3_Data/Week16\ELDON3_20250422_185600.wav
732.0,735.0,Eremophila alpestris,Horned Lark,0.0169,D:/AcousticMonitoringData/ELDON3_Data/Week16\ELDON3_20250422_185600.wav
735.0,738.0,Sturnella magna,Eastern Meadowlark,0.0547,D:/AcousticMonitoringData/ELDON3_Data/Week16\ELDON3_20250422_185600.wav
735.0,738.0,Bartramia longicauda,Upland Sandpiper,0.0101,D:/AcousticMonitoringData/ELDON3_Data/Week16\ELDON3_20250422_185600.wav
738.0,741.0,Sturnella magna,Eastern Meadowlark,0.5086,D:/AcousticMonitoringData/ELDON3_Data/Week16\ELDON3_20250422_185600.wav
738.0,741.0,Bartramia longicauda,Upland Sandpiper,0.0133,D:/AcousticMonitoringData/ELDON3_Data/Week16\ELDON3_20250422_185600.wav
738.0,741.0,Eremophila alpestris,Horned Lark,0.0105,D:/AcousticMonitoringData/ELDON3_Data/Week16\ELDON3_20250422_185600.wav
741.0,744.0,Sturnella magna,Eastern Meadowlark,0.1903,D:/AcousticMonitoringData/ELDON3_Data/Week16\ELDON3_20250422_185600.wav
741.0,744.0,Bartramia longicauda,Upland Sandpiper,0.0115,D:/AcousticMonitoringData/ELDON3_Data/Week16\ELDON3_20250422_185600.wav
744.0,747.0,Eremophila alpestris,Horned Lark,0.0119,D:/AcousticMonitoringData/ELDON3_Data/Week16\ELDON3_20250422_185600.wav
747.0,750.0,Sturnella magna,Eastern Meadowlark,0.0565,D:/AcousticMonitoringData/ELDON3_Data/Week16\ELDON3_20250422_185600.wav
750.0,753.0,Sturnella magna,Eastern Meadowlark,0.4790,D:/AcousticMonitoringData/ELDON3_Data/Week16\ELDON3_20250422_185600.wav
750.0,753.0,Bartramia longicauda,Upland Sandpiper,0.0261,D:/AcousticMonitoringData/ELDON3_Data/Week16\ELDON3_20250422_185600.wav
753.0,756.0,Eremophila alpestris,Horned Lark,0.0127,D:/AcousticMonitoringData/ELDON3_Data/Week16\ELDON3_20250422_185600.wav
756.0,759.0,Sturnella magna,Eastern Meadowlark,0.3675,D:/AcousticMonitoringData/ELDON3_Data/Week16\ELDON3_20250422_185600.wav
756.0,759.0,Eremophila alpestris,Horned Lark,0.0392,D:/AcousticMonitoringData/ELDON3_Data/Week16\ELDON3_20250422_185600.wav
756.0,759.0,Bartramia longicauda,Upland Sandpiper,0.0312,D:/AcousticMonitoringData/ELDON3_Data/Week16\ELDON3_20250422_185600.wav
759.0,762.0,Sturnella magna,Eastern Meadowlark,0.1630,D:/AcousticMonitoringData/ELDON3_Data/Week16\ELDON3_20250422_185600.wav
759.0,762.0,Eremophila alpestris,Horned Lark,0.0281,D:/AcousticMonitoringData/ELDON3_Data/Week16\ELDON3_20250422_185600.wav
759.0,762.0,Bartramia longicauda,Upland Sandpiper,0.0103,D:/AcousticMonitoringData/ELDON3_Data/Week16\ELDON3_20250422_185600.wav
762.0,765.0,Passerina caerulea,Blue Grosbeak,0.0227,D:/AcousticMonitoringData/ELDON3_Data/Week16\ELDON3_20250422_185600.wav
762.0,765.0,Sturnella magna,Eastern Meadowlark,0.0226,D:/AcousticMonitoringData/ELDON3_Data/Week16\ELDON3_20250422_185600.wav
762.0,765.0,Spizella pusilla,Field Sparrow,0.0167,D:/AcousticMonitoringData/ELDON3_Data/Week16\ELDON3_20250422_185600.wav
765.0,768.0,Sturnella magna,Eastern Meadowlark,0.4979,D:/AcousticMonitoringData/ELDON3_Data/Week16\ELDON3_20250422_185600.wav
765.0,768.0,Bartramia longicauda,Upland Sandpiper,0.0113,D:/AcousticMonitoringData/ELDON3_Data/Week16\ELDON3_20250422_185600.wav
768.0,771.0,Spizella pusilla,Field Sparrow,0.0237,D:/AcousticMonitoringData/ELDON3_Data/Week16\ELDON3_20250422_185600.wav
768.0,771.0,Sturnella magna,Eastern Meadowlark,0.0110,D:/AcousticMonitoringData/ELDON3_Data/Week16\ELDON3_20250422_185600.wav
774.0,777.0,Eremophila alpestris,Horned Lark,0.0211,D:/AcousticMonitoringData/ELDON3_Data/Week16\ELDON3_20250422_185600.wav
777.0,780.0,Sturnella magna,Eastern Meadowlark,0.0779,D:/AcousticMonitoringData/ELDON3_Data/Week16\ELDON3_20250422_185600.wav
777.0,780.0,Eremophila alpestris,Horned Lark,0.0250,D:/AcousticMonitoringData/ELDON3_Data/Week16\ELDON3_20250422_185600.wav
780.0,783.0,Sturnella magna,Eastern Meadowlark,0.0517,D:/AcousticMonitoringData/ELDON3_Data/Week16\ELDON3_20250422_185600.wav
786.0,789.0,Sturnella magna,Eastern Meadowlark,0.5962,D:/AcousticMonitoringData/ELDON3_Data/Week16\ELDON3_20250422_185600.wav
789.0,792.0,Sturnella magna,Eastern Meadowlark,0.0115,D:/AcousticMonitoringData/ELDON3_Data/Week16\ELDON3_20250422_185600.wav
792.0,795.0,Sturnella magna,Eastern Meadowlark,0.0120,D:/AcousticMonitoringData/ELDON3_Data/Week16\ELDON3_20250422_185600.wav
801.0,804.0,Sturnella magna,Eastern Meadowlark,0.0405,D:/AcousticMonitoringData/ELDON3_Data/Week16\ELDON3_20250422_185600.wav
801.0,804.0,Passerina caerulea,Blue Grosbeak,0.0115,D:/AcousticMonitoringData/ELDON3_Data/Week16\ELDON3_20250422_185600.wav
810.0,813.0,Spizella pusilla,Field Sparrow,0.0403,D:/AcousticMonitoringData/ELDON3_Data/Week16\ELDON3_20250422_185600.wav
810.0,813.0,Sturnella magna,Eastern Meadowlark,0.0176,D:/AcousticMonitoringData/ELDON3_Data/Week16\ELDON3_20250422_185600.wav
810.0,813.0,Passerina caerulea,Blue Grosbeak,0.0122,D:/AcousticMonitoringData/ELDON3_Data/Week16\ELDON3_20250422_185600.wav
813.0,816.0,Sturnella magna,Eastern Meadowlark,0.0127,D:/AcousticMonitoringData/ELDON3_Data/Week16\ELDON3_20250422_185600.wav
816.0,819.0,Sturnella magna,Eastern Meadowlark,0.0149,D:/AcousticMonitoringData/ELDON3_Data/Week16\ELDON3_20250422_185600.wav
819.0,822.0,Eremophila alpestris,Horned Lark,0.0297,D:/AcousticMonitoringData/ELDON3_Data/Week16\ELDON3_20250422_185600.wav
819.0,822.0,Sturnella magna,Eastern Meadowlark,0.0166,D:/AcousticMonitoringData/ELDON3_Data/Week16\ELDON3_20250422_185600.wav
825.0,828.0,Sturnella magna,Eastern Meadowlark,0.0165,D:/AcousticMonitoringData/ELDON3_Data/Week16\ELDON3_20250422_185600.wav
825.0,828.0,Eremophila alpestris,Horned Lark,0.0146,D:/AcousticMonitoringData/ELDON3_Data/Week16\ELDON3_20250422_185600.wav
825.0,828.0,Bartramia longicauda,Upland Sandpiper,0.0107,D:/AcousticMonitoringData/ELDON3_Data/Week16\ELDON3_20250422_185600.wav
834.0,837.0,Geothlypis trichas,Common Yellowthroat,0.0104,D:/AcousticMonitoringData/ELDON3_Data/Week16\ELDON3_20250422_185600.wav
840.0,843.0,Sturnella magna,Eastern Meadowlark,0.1253,D:/AcousticMonitoringData/ELDON3_Data/Week16\ELDON3_20250422_185600.wav
840.0,843.0,Bartramia longicauda,Upland Sandpiper,0.0335,D:/AcousticMonitoringData/ELDON3_Data/Week16\ELDON3_20250422_185600.wav
849.0,852.0,Sturnella magna,Eastern Meadowlark,0.2521,D:/AcousticMonitoringData/ELDON3_Data/Week16\ELDON3_20250422_185600.wav
858.0,861.0,Sturnella magna,Eastern Meadowlark,0.3845,D:/AcousticMonitoringData/ELDON3_Data/Week16\ELDON3_20250422_185600.wav
858.0,861.0,Bartramia longicauda,Upland Sandpiper,0.0200,D:/AcousticMonitoringData/ELDON3_Data/Week16\ELDON3_20250422_185600.wav
861.0,864.0,Sturnella magna,Eastern Meadowlark,0.0345,D:/AcousticMonitoringData/ELDON3_Data/Week16\ELDON3_20250422_185600.wav
864.0,867.0,Eremophila alpestris,Horned Lark,0.0418,D:/AcousticMonitoringData/ELDON3_Data/Week16\ELDON3_20250422_185600.wav
867.0,870.0,Sturnella magna,Eastern Meadowlark,0.1746,D:/AcousticMonitoringData/ELDON3_Data/Week16\ELDON3_20250422_185600.wav
873.0,876.0,Eremophila alpestris,Horned Lark,0.0138,D:/AcousticMonitoringData/ELDON3_Data/Week16\ELDON3_20250422_185600.wav
876.0,879.0,Eremophila alpestris,Horned Lark,0.0124,D:/AcousticMonitoringData/ELDON3_Data/Week16\ELDON3_20250422_185600.wav
876.0,879.0,Sturnella magna,Eastern Meadowlark,0.0102,D:/AcousticMonitoringData/ELDON3_Data/Week16\ELDON3_20250422_185600.wav
879.0,882.0,Sturnella magna,Eastern Meadowlark,0.0380,D:/AcousticMonitoringData/ELDON3_Data/Week16\ELDON3_20250422_185600.wav
879.0,882.0,Eremophila alpestris,Horned Lark,0.0172,D:/AcousticMonitoringData/ELDON3_Data/Week16\ELDON3_20250422_185600.wav
882.0,885.0,Eremophila alpestris,Horned Lark,0.0179,D:/AcousticMonitoringData/ELDON3_Data/Week16\ELDON3_20250422_185600.wav
882.0,885.0,Sturnella magna,Eastern Meadowlark,0.0143,D:/AcousticMonitoringData/ELDON3_Data/Week16\ELDON3_20250422_185600.wav
888.0,891.0,Eremophila alpestris,Horned Lark,0.0286,D:/AcousticMonitoringData/ELDON3_Data/Week16\ELDON3_20250422_185600.wav
888.0,891.0,Sturnella magna,Eastern Meadowlark,0.0119,D:/AcousticMonitoringData/ELDON3_Data/Week16\ELDON3_20250422_185600.wav
891.0,894.0,Sturnella magna,Eastern Meadowlark,0.0321,D:/AcousticMonitoringData/ELDON3_Data/Week16\ELDON3_20250422_185600.wav
891.0,894.0,Spizella pusilla,Field Sparrow,0.0122,D:/AcousticMonitoringData/ELDON3_Data/Week16\ELDON3_20250422_185600.wav
891.0,894.0,Eremophila alpestris,Horned Lark,0.0106,D:/AcousticMonitoringData/ELDON3_Data/Week16\ELDON3_20250422_185600.wav
891.0,894.0,Passerina caerulea,Blue Grosbeak,0.0101,D:/AcousticMonitoringData/ELDON3_Data/Week16\ELDON3_20250422_185600.wav
894.0,897.0,Bartramia longicauda,Upland Sandpiper,0.0162,D:/AcousticMonitoringData/ELDON3_Data/Week16\ELDON3_20250422_185600.wav
900.0,903.0,Sturnella magna,Eastern Meadowlark,0.0526,D:/AcousticMonitoringData/ELDON3_Data/Week16\ELDON3_20250422_185600.wav
900.0,903.0,Spizella pusilla,Field Sparrow,0.0307,D:/AcousticMonitoringData/ELDON3_Data/Week16\ELDON3_20250422_185600.wav
900.0,903.0,Passerina caerulea,Blue Grosbeak,0.0110,D:/AcousticMonitoringData/ELDON3_Data/Week16\ELDON3_20250422_185600.wav
900.0,903.0,Eremophila alpestris,Horned Lark,0.0109,D:/AcousticMonitoringData/ELDON3_Data/Week16\ELDON3_20250422_185600.wav
903.0,906.0,Sturnella magna,Eastern Meadowlark,0.1017,D:/AcousticMonitoringData/ELDON3_Data/Week16\ELDON3_20250422_185600.wav
903.0,906.0,Eremophila alpestris,Horned Lark,0.0140,D:/AcousticMonitoringData/ELDON3_Data/Week16\ELDON3_20250422_185600.wav
906.0,909.0,Sturnella magna,Eastern Meadowlark,0.0345,D:/AcousticMonitoringData/ELDON3_Data/Week16\ELDON3_20250422_185600.wav
906.0,909.0,Eremophila alpestris,Horned Lark,0.0104,D:/AcousticMonitoringData/ELDON3_Data/Week16\ELDON3_20250422_185600.wav
909.0,912.0,Sturnella magna,Eastern Meadowlark,0.0359,D:/AcousticMonitoringData/ELDON3_Data/Week16\ELDON3_20250422_185600.wav
909.0,912.0,Passerina caerulea,Blue Grosbeak,0.0125,D:/AcousticMonitoringData/ELDON3_Data/Week16\ELDON3_20250422_185600.wav
909.0,912.0,Spizella pusilla,Field Sparrow,0.0119,D:/AcousticMonitoringData/ELDON3_Data/Week16\ELDON3_20250422_185600.wav
912.0,915.0,Sturnella magna,Eastern Meadowlark,0.0489,D:/AcousticMonitoringData/ELDON3_Data/Week16\ELDON3_20250422_185600.wav
912.0,915.0,Eremophila alpestris,Horned Lark,0.0128,D:/AcousticMonitoringData/ELDON3_Data/Week16\ELDON3_20250422_185600.wav
918.0,921.0,Sturnella magna,Eastern Meadowlark,0.0258,D:/AcousticMonitoringData/ELDON3_Data/Week16\ELDON3_20250422_185600.wav
918.0,921.0,Spizella pusilla,Field Sparrow,0.0169,D:/AcousticMonitoringData/ELDON3_Data/Week16\ELDON3_20250422_185600.wav
918.0,921.0,Passerina caerulea,Blue Grosbeak,0.0144,D:/AcousticMonitoringData/ELDON3_Data/Week16\ELDON3_20250422_185600.wav
921.0,924.0,Bartramia longicauda,Upland Sandpiper,0.0256,D:/AcousticMonitoringData/ELDON3_Data/Week16\ELDON3_20250422_185600.wav
921.0,924.0,Sturnella magna,Eastern Meadowlark,0.0153,D:/AcousticMonitoringData/ELDON3_Data/Week16\ELDON3_20250422_185600.wav
921.0,924.0,Geothlypis trichas,Common Yellowthroat,0.0111,D:/AcousticMonitoringData/ELDON3_Data/Week16\ELDON3_20250422_185600.wav
927.0,930.0,Sturnella magna,Eastern Meadowlark,0.0104,D:/AcousticMonitoringData/ELDON3_Data/Week16\ELDON3_20250422_185600.wav
930.0,933.0,Sturnella magna,Eastern Meadowlark,0.0357,D:/AcousticMonitoringData/ELDON3_Data/Week16\ELDON3_20250422_185600.wav
930.0,933.0,Eremophila alpestris,Horned Lark,0.0117,D:/AcousticMonitoringData/ELDON3_Data/Week16\ELDON3_20250422_185600.wav
930.0,933.0,Passerina caerulea,Blue Grosbeak,0.0102,D:/AcousticMonitoringData/ELDON3_Data/Week16\ELDON3_20250422_185600.wav
933.0,936.0,Bartramia longicauda,Upland Sandpiper,0.0105,D:/AcousticMonitoringData/ELDON3_Data/Week16\ELDON3_20250422_185600.wav
936.0,939.0,Sturnella magna,Eastern Meadowlark,0.3739,D:/AcousticMonitoringData/ELDON3_Data/Week16\ELDON3_20250422_185600.wav
936.0,939.0,Bartramia longicauda,Upland Sandpiper,0.0200,D:/AcousticMonitoringData/ELDON3_Data/Week16\ELDON3_20250422_185600.wav
939.0,942.0,Spizella pusilla,Field Sparrow,0.0541,D:/AcousticMonitoringData/ELDON3_Data/Week16\ELDON3_20250422_185600.wav
939.0,942.0,Sturnella magna,Eastern Meadowlark,0.0223,D:/AcousticMonitoringData/ELDON3_Data/Week16\ELDON3_20250422_185600.wav
939.0,942.0,Bartramia longicauda,Upland Sandpiper,0.0128,D:/AcousticMonitoringData/ELDON3_Data/Week16\ELDON3_20250422_185600.wav
939.0,942.0,Eremophila alpestris,Horned Lark,0.0101,D:/AcousticMonitoringData/ELDON3_Data/Week16\ELDON3_20250422_185600.wav
942.0,945.0,Sturnella magna,Eastern Meadowlark,0.2632,D:/AcousticMonitoringData/ELDON3_Data/Week16\ELDON3_20250422_185600.wav
948.0,951.0,Sturnella magna,Eastern Meadowlark,0.4743,D:/AcousticMonitoringData/ELDON3_Data/Week16\ELDON3_20250422_185600.wav
948.0,951.0,Eremophila alpestris,Horned Lark,0.0183,D:/AcousticMonitoringData/ELDON3_Data/Week16\ELDON3_20250422_185600.wav
948.0,951.0,Bartramia longicauda,Upland Sandpiper,0.0121,D:/AcousticMonitoringData/ELDON3_Data/Week16\ELDON3_20250422_185600.wav
954.0,957.0,Sturnella magna,Eastern Meadowlark,0.5420,D:/AcousticMonitoringData/ELDON3_Data/Week16\ELDON3_20250422_185600.wav
954.0,957.0,Bartramia longicauda,Upland Sandpiper,0.0181,D:/AcousticMonitoringData/ELDON3_Data/Week16\ELDON3_20250422_185600.wav
957.0,960.0,Sturnella magna,Eastern Meadowlark,0.2806,D:/AcousticMonitoringData/ELDON3_Data/Week16\ELDON3_20250422_185600.wav
957.0,960.0,Eremophila alpestris,Horned Lark,0.0117,D:/AcousticMonitoringData/ELDON3_Data/Week16\ELDON3_20250422_185600.wav
960.0,963.0,Sturnella magna,Eastern Meadowlark,0.7483,D:/AcousticMonitoringData/ELDON3_Data/Week16\ELDON3_20250422_185600.wav
960.0,963.0,Bartramia longicauda,Upland Sandpiper,0.0270,D:/AcousticMonitoringData/ELDON3_Data/Week16\ELDON3_20250422_185600.wav
960.0,963.0,Eremophila alpestris,Horned Lark,0.0104,D:/AcousticMonitoringData/ELDON3_Data/Week16\ELDON3_20250422_185600.wav
963.0,966.0,Sturnella magna,Eastern Meadowlark,0.2477,D:/AcousticMonitoringData/ELDON3_Data/Week16\ELDON3_20250422_185600.wav
966.0,969.0,Sturnella magna,Eastern Meadowlark,0.0305,D:/AcousticMonitoringData/ELDON3_Data/Week16\ELDON3_20250422_185600.wav
966.0,969.0,Bartramia longicauda,Upland Sandpiper,0.0262,D:/AcousticMonitoringData/ELDON3_Data/Week16\ELDON3_20250422_185600.wav
966.0,969.0,Eremophila alpestris,Horned Lark,0.0110,D:/AcousticMonitoringData/ELDON3_Data/Week16\ELDON3_20250422_185600.wav
969.0,972.0,Sturnella magna,Eastern Meadowlark,0.6440,D:/AcousticMonitoringData/ELDON3_Data/Week16\ELDON3_20250422_185600.wav
969.0,972.0,Bartramia longicauda,Upland Sandpiper,0.0136,D:/AcousticMonitoringData/ELDON3_Data/Week16\ELDON3_20250422_185600.wav
975.0,978.0,Sturnella magna,Eastern Meadowlark,0.6944,D:/AcousticMonitoringData/ELDON3_Data/Week16\ELDON3_20250422_185600.wav
975.0,978.0,Bartramia longicauda,Upland Sandpiper,0.0209,D:/AcousticMonitoringData/ELDON3_Data/Week16\ELDON3_20250422_185600.wav
978.0,981.0,Eremophila alpestris,Horned Lark,0.0485,D:/AcousticMonitoringData/ELDON3_Data/Week16\ELDON3_20250422_185600.wav
978.0,981.0,Sturnella magna,Eastern Meadowlark,0.0313,D:/AcousticMonitoringData/ELDON3_Data/Week16\ELDON3_20250422_185600.wav
981.0,984.0,Sturnella magna,Eastern Meadowlark,0.0389,D:/AcousticMonitoringData/ELDON3_Data/Week16\ELDON3_20250422_185600.wav
981.0,984.0,Bartramia longicauda,Upland Sandpiper,0.0179,D:/AcousticMonitoringData/ELDON3_Data/Week16\ELDON3_20250422_185600.wav
981.0,984.0,Eremophila alpestris,Horned Lark,0.0131,D:/AcousticMonitoringData/ELDON3_Data/Week16\ELDON3_20250422_185600.wav
984.0,987.0,Sturnella magna,Eastern Meadowlark,0.7922,D:/AcousticMonitoringData/ELDON3_Data/Week16\ELDON3_20250422_185600.wav
984.0,987.0,Spizella pusilla,Field Sparrow,0.0217,D:/AcousticMonitoringData/ELDON3_Data/Week16\ELDON3_20250422_185600.wav
984.0,987.0,Eremophila alpestris,Horned Lark,0.0118,D:/AcousticMonitoringData/ELDON3_Data/Week16\ELDON3_20250422_185600.wav
987.0,990.0,Sturnella magna,Eastern Meadowlark,0.0308,D:/AcousticMonitoringData/ELDON3_Data/Week16\ELDON3_20250422_185600.wav
987.0,990.0,Eremophila alpestris,Horned Lark,0.0232,D:/AcousticMonitoringData/ELDON3_Data/Week16\ELDON3_20250422_185600.wav
990.0,993.0,Sturnella magna,Eastern Meadowlark,0.0238,D:/AcousticMonitoringData/ELDON3_Data/Week16\ELDON3_20250422_185600.wav
993.0,996.0,Sturnella magna,Eastern Meadowlark,0.2112,D:/AcousticMonitoringData/ELDON3_Data/Week16\ELDON3_20250422_185600.wav
996.0,999.0,Sturnella magna,Eastern Meadowlark,0.0812,D:/AcousticMonitoringData/ELDON3_Data/Week16\ELDON3_20250422_185600.wav
996.0,999.0,Spizella pusilla,Field Sparrow,0.0756,D:/AcousticMonitoringData/ELDON3_Data/Week16\ELDON3_20250422_185600.wav
999.0,1002.0,Sturnella magna,Eastern Meadowlark,0.0179,D:/AcousticMonitoringData/ELDON3_Data/Week16\ELDON3_20250422_185600.wav
999.0,1002.0,Spizella pusilla,Field Sparrow,0.0124,D:/AcousticMonitoringData/ELDON3_Data/Week16\ELDON3_20250422_185600.wav
1005.0,1008.0,Sturnella magna,Eastern Meadowlark,0.0262,D:/AcousticMonitoringData/ELDON3_Data/Week16\ELDON3_20250422_185600.wav
1014.0,1017.0,Sturnella magna,Eastern Meadowlark,0.0252,D:/AcousticMonitoringData/ELDON3_Data/Week16\ELDON3_20250422_185600.wav
1023.0,1026.0,Eremophila alpestris,Horned Lark,0.0736,D:/AcousticMonitoringData/ELDON3_Data/Week16\ELDON3_20250422_185600.wav
1023.0,1026.0,Sturnella magna,Eastern Meadowlark,0.0328,D:/AcousticMonitoringData/ELDON3_Data/Week16\ELDON3_20250422_185600.wav
1023.0,1026.0,Spizella pusilla,Field Sparrow,0.0101,D:/AcousticMonitoringData/ELDON3_Data/Week16\ELDON3_20250422_185600.wav
1026.0,1029.0,Sturnella magna,Eastern Meadowlark,0.0452,D:/AcousticMonitoringData/ELDON3_Data/Week16\ELDON3_20250422_185600.wav
1026.0,1029.0,Eremophila alpestris,Horned Lark,0.0156,D:/AcousticMonitoringData/ELDON3_Data/Week16\ELDON3_20250422_185600.wav
1029.0,1032.0,Sturnella magna,Eastern Meadowlark,0.0107,D:/AcousticMonitoringData/ELDON3_Data/Week16\ELDON3_20250422_185600.wav
1032.0,1035.0,Sturnella magna,Eastern Meadowlark,0.0147,D:/AcousticMonitoringData/ELDON3_Data/Week16\ELDON3_20250422_185600.wav
1038.0,1041.0,Sturnella magna,Eastern Meadowlark,0.2232,D:/AcousticMonitoringData/ELDON3_Data/Week16\ELDON3_20250422_185600.wav
1038.0,1041.0,Eremophila alpestris,Horned Lark,0.0161,D:/AcousticMonitoringData/ELDON3_Data/Week16\ELDON3_20250422_185600.wav
1041.0,1044.0,Eremophila alpestris,Horned Lark,0.0115,D:/AcousticMonitoringData/ELDON3_Data/Week16\ELDON3_20250422_185600.wav
1053.0,1056.0,Sturnella magna,Eastern Meadowlark,0.0940,D:/AcousticMonitoringData/ELDON3_Data/Week16\ELDON3_20250422_185600.wav
1053.0,1056.0,Bartramia longicauda,Upland Sandpiper,0.0216,D:/AcousticMonitoringData/ELDON3_Data/Week16\ELDON3_20250422_185600.wav
1053.0,1056.0,Eremophila alpestris,Horned Lark,0.0196,D:/AcousticMonitoringData/ELDON3_Data/Week16\ELDON3_20250422_185600.wav
1059.0,1062.0,Passerina caerulea,Blue Grosbeak,0.0330,D:/AcousticMonitoringData/ELDON3_Data/Week16\ELDON3_20250422_185600.wav
1059.0,1062.0,Sturnella magna,Eastern Meadowlark,0.0139,D:/AcousticMonitoringData/ELDON3_Data/Week16\ELDON3_20250422_185600.wav
1059.0,1062.0,Geothlypis trichas,Common Yellowthroat,0.0135,D:/AcousticMonitoringData/ELDON3_Data/Week16\ELDON3_20250422_185600.wav
1059.0,1062.0,Spizella pusilla,Field Sparrow,0.0101,D:/AcousticMonitoringData/ELDON3_Data/Week16\ELDON3_20250422_185600.wav
1062.0,1065.0,Eremophila alpestris,Horned Lark,0.0144,D:/AcousticMonitoringData/ELDON3_Data/Week16\ELDON3_20250422_185600.wav
1065.0,1068.0,Eremophila alpestris,Horned Lark,0.0116,D:/AcousticMonitoringData/ELDON3_Data/Week16\ELDON3_20250422_185600.wav
1068.0,1071.0,Sturnella magna,Eastern Meadowlark,0.0138,D:/AcousticMonitoringData/ELDON3_Data/Week16\ELDON3_20250422_185600.wav
1071.0,1074.0,Spizella pusilla,Field Sparrow,0.0189,D:/AcousticMonitoringData/ELDON3_Data/Week16\ELDON3_20250422_185600.wav
1074.0,1077.0,Sturnella magna,Eastern Meadowlark,0.3962,D:/AcousticMonitoringData/ELDON3_Data/Week16\ELDON3_20250422_185600.wav
1074.0,1077.0,Bartramia longicauda,Upland Sandpiper,0.0258,D:/AcousticMonitoringData/ELDON3_Data/Week16\ELDON3_20250422_185600.wav
1074.0,1077.0,Eremophila alpestris,Horned Lark,0.0235,D:/AcousticMonitoringData/ELDON3_Data/Week16\ELDON3_20250422_185600.wav
1077.0,1080.0,Eremophila alpestris,Horned Lark,0.0248,D:/AcousticMonitoringData/ELDON3_Data/Week16\ELDON3_20250422_185600.wav
1080.0,1083.0,Eremophila alpestris,Horned Lark,0.0212,D:/AcousticMonitoringData/ELDON3_Data/Week16\ELDON3_20250422_185600.wav
1089.0,1092.0,Eremophila alpestris,Horned Lark,0.0127,D:/AcousticMonitoringData/ELDON3_Data/Week16\ELDON3_20250422_185600.wav
1092.0,1095.0,Eremophila alpestris,Horned Lark,0.0146,D:/AcousticMonitoringData/ELDON3_Data/Week16\ELDON3_20250422_185600.wav
1095.0,1098.0,Eremophila alpestris,Horned Lark,0.0150,D:/AcousticMonitoringData/ELDON3_Data/Week16\ELDON3_20250422_185600.wav
1098.0,1101.0,Eremophila alpestris,Horned Lark,0.0124,D:/AcousticMonitoringData/ELDON3_Data/Week16\ELDON3_20250422_185600.wav
1101.0,1104.0,Eremophila alpestris,Horned Lark,0.0237,D:/AcousticMonitoringData/ELDON3_Data/Week16\ELDON3_20250422_185600.wav
1101.0,1104.0,Sturnella magna,Eastern Meadowlark,0.0142,D:/AcousticMonitoringData/ELDON3_Data/Week16\ELDON3_20250422_185600.wav
1104.0,1107.0,Eremophila alpestris,Horned Lark,0.0160,D:/AcousticMonitoringData/ELDON3_Data/Week16\ELDON3_20250422_185600.wav
1113.0,1116.0,Sturnella magna,Eastern Meadowlark,0.2105,D:/AcousticMonitoringData/ELDON3_Data/Week16\ELDON3_20250422_185600.wav
1113.0,1116.0,Bartramia longicauda,Upland Sandpiper,0.0299,D:/AcousticMonitoringData/ELDON3_Data/Week16\ELDON3_20250422_185600.wav
1113.0,1116.0,Eremophila alpestris,Horned Lark,0.0125,D:/AcousticMonitoringData/ELDON3_Data/Week16\ELDON3_20250422_185600.wav
1116.0,1119.0,Eremophila alpestris,Horned Lark,0.0391,D:/AcousticMonitoringData/ELDON3_Data/Week16\ELDON3_20250422_185600.wav
1122.0,1125.0,Eremophila alpestris,Horned Lark,0.0195,D:/AcousticMonitoringData/ELDON3_Data/Week16\ELDON3_20250422_185600.wav
1143.0,1146.0,Eremophila alpestris,Horned Lark,0.0113,D:/AcousticMonitoringData/ELDON3_Data/Week16\ELDON3_20250422_185600.wav
1152.0,1155.0,Eremophila alpestris,Horned Lark,0.0223,D:/AcousticMonitoringData/ELDON3_Data/Week16\ELDON3_20250422_185600.wav
1161.0,1164.0,Eremophila alpestris,Horned Lark,0.0116,D:/AcousticMonitoringData/ELDON3_Data/Week16\ELDON3_20250422_185600.wav
1173.0,1176.0,Sturnella magna,Eastern Meadowlark,0.0108,D:/AcousticMonitoringData/ELDON3_Data/Week16\ELDON3_20250422_185600.wav
1185.0,1188.0,Sturnella magna,Eastern Meadowlark,0.0282,D:/AcousticMonitoringData/ELDON3_Data/Week16\ELDON3_20250422_185600.wav
1185.0,1188.0,Eremophila alpestris,Horned Lark,0.0279,D:/AcousticMonitoringData/ELDON3_Data/Week16\ELDON3_20250422_185600.wav
1188.0,1191.0,Sturnella magna,Eastern Meadowlark,0.5900,D:/AcousticMonitoringData/ELDON3_Data/Week16\ELDON3_20250422_185600.wav
1188.0,1191.0,Bartramia longicauda,Upland Sandpiper,0.0288,D:/AcousticMonitoringData/ELDON3_Data/Week16\ELDON3_20250422_185600.wav
1188.0,1191.0,Eremophila alpestris,Horned Lark,0.0117,D:/AcousticMonitoringData/ELDON3_Data/Week16\ELDON3_20250422_185600.wav
1191.0,1194.0,Eremophila alpestris,Horned Lark,0.0140,D:/AcousticMonitoringData/ELDON3_Data/Week16\ELDON3_20250422_185600.wav
1194.0,1197.0,Eremophila alpestris,Horned Lark,0.0133,D:/AcousticMonitoringData/ELDON3_Data/Week16\ELDON3_20250422_185600.wav
1197.0,1200.0,Eremophila alpestris,Horned Lark,0.1337,D:/AcousticMonitoringData/ELDON3_Data/Week16\ELDON3_20250422_185600.wav
1197.0,1200.0,Sturnella magna,Eastern Meadowlark,0.0994,D:/AcousticMonitoringData/ELDON3_Data/Week16\ELDON3_20250422_185600.wav
1200.0,1203.0,Eremophila alpestris,Horned Lark,0.0409,D:/AcousticMonitoringData/ELDON3_Data/Week16\ELDON3_20250422_185600.wav
1203.0,1206.0,Eremophila alpestris,Horned Lark,0.3626,D:/AcousticMonitoringData/ELDON3_Data/Week16\ELDON3_20250422_185600.wav
1215.0,1218.0,Sturnella magna,Eastern Meadowlark,0.0885,D:/AcousticMonitoringData/ELDON3_Data/Week16\ELDON3_20250422_185600.wav
1215.0,1218.0,Eremophila alpestris,Horned Lark,0.0153,D:/AcousticMonitoringData/ELDON3_Data/Week16\ELDON3_20250422_185600.wav
1224.0,1227.0,Sturnella magna,Eastern Meadowlark,0.7051,D:/AcousticMonitoringData/ELDON3_Data/Week16\ELDON3_20250422_185600.wav
1224.0,1227.0,Bartramia longicauda,Upland Sandpiper,0.0356,D:/AcousticMonitoringData/ELDON3_Data/Week16\ELDON3_20250422_185600.wav
1224.0,1227.0,Eremophila alpestris,Horned Lark,0.0124,D:/AcousticMonitoringData/ELDON3_Data/Week16\ELDON3_20250422_185600.wav
1224.0,1227.0,Spizella pusilla,Field Sparrow,0.0123,D:/AcousticMonitoringData/ELDON3_Data/Week16\ELDON3_20250422_185600.wav
1227.0,1230.0,Sturnella magna,Eastern Meadowlark,0.6061,D:/AcousticMonitoringData/ELDON3_Data/Week16\ELDON3_20250422_185600.wav
1230.0,1233.0,Sturnella magna,Eastern Meadowlark,0.0940,D:/AcousticMonitoringData/ELDON3_Data/Week16\ELDON3_20250422_185600.wav
1230.0,1233.0,Eremophila alpestris,Horned Lark,0.0290,D:/AcousticMonitoringData/ELDON3_Data/Week16\ELDON3_20250422_185600.wav
1230.0,1233.0,Bartramia longicauda,Upland Sandpiper,0.0106,D:/AcousticMonitoringData/ELDON3_Data/Week16\ELDON3_20250422_185600.wav
1233.0,1236.0,Sturnella magna,Eastern Meadowlark,0.8803,D:/AcousticMonitoringData/ELDON3_Data/Week16\ELDON3_20250422_185600.wav
1233.0,1236.0,Bartramia longicauda,Upland Sandpiper,0.0123,D:/AcousticMonitoringData/ELDON3_Data/Week16\ELDON3_20250422_185600.wav
1233.0,1236.0,Spizella pusilla,Field Sparrow,0.0108,D:/AcousticMonitoringData/ELDON3_Data/Week16\ELDON3_20250422_185600.wav
1236.0,1239.0,Sturnella magna,Eastern Meadowlark,0.1886,D:/AcousticMonitoringData/ELDON3_Data/Week16\ELDON3_20250422_185600.wav
1239.0,1242.0,Sturnella magna,Eastern Meadowlark,0.5084,D:/AcousticMonitoringData/ELDON3_Data/Week16\ELDON3_20250422_185600.wav
1239.0,1242.0,Bartramia longicauda,Upland Sandpiper,0.0203,D:/AcousticMonitoringData/ELDON3_Data/Week16\ELDON3_20250422_185600.wav
1239.0,1242.0,Passerina caerulea,Blue Grosbeak,0.0146,D:/AcousticMonitoringData/ELDON3_Data/Week16\ELDON3_20250422_185600.wav
1239.0,1242.0,Spizella pusilla,Field Sparrow,0.0109,D:/AcousticMonitoringData/ELDON3_Data/Week16\ELDON3_20250422_185600.wav
1242.0,1245.0,Eremophila alpestris,Horned Lark,0.0120,D:/AcousticMonitoringData/ELDON3_Data/Week16\ELDON3_20250422_185600.wav
1245.0,1248.0,Sturnella magna,Eastern Meadowlark,0.2876,D:/AcousticMonitoringData/ELDON3_Data/Week16\ELDON3_20250422_185600.wav
1245.0,1248.0,Bartramia longicauda,Upland Sandpiper,0.0115,D:/AcousticMonitoringData/ELDON3_Data/Week16\ELDON3_20250422_185600.wav
1248.0,1251.0,Sturnella magna,Eastern Meadowlark,0.6768,D:/AcousticMonitoringData/ELDON3_Data/Week16\ELDON3_20250422_185600.wav
1248.0,1251.0,Bartramia longicauda,Upland Sandpiper,0.0132,D:/AcousticMonitoringData/ELDON3_Data/Week16\ELDON3_20250422_185600.wav
1251.0,1254.0,Sturnella magna,Eastern Meadowlark,0.0394,D:/AcousticMonitoringData/ELDON3_Data/Week16\ELDON3_20250422_185600.wav
1251.0,1254.0,Eremophila alpestris,Horned Lark,0.0138,D:/AcousticMonitoringData/ELDON3_Data/Week16\ELDON3_20250422_185600.wav
1254.0,1257.0,Sturnella magna,Eastern Meadowlark,0.8400,D:/AcousticMonitoringData/ELDON3_Data/Week16\ELDON3_20250422_185600.wav
1254.0,1257.0,Bartramia longicauda,Upland Sandpiper,0.0306,D:/AcousticMonitoringData/ELDON3_Data/Week16\ELDON3_20250422_185600.wav
1257.0,1260.0,Sturnella magna,Eastern Meadowlark,0.0672,D:/AcousticMonitoringData/ELDON3_Data/Week16\ELDON3_20250422_185600.wav
1257.0,1260.0,Eremophila alpestris,Horned Lark,0.0113,D:/AcousticMonitoringData/ELDON3_Data/Week16\ELDON3_20250422_185600.wav
1260.0,1263.0,Sturnella magna,Eastern Meadowlark,0.3976,D:/AcousticMonitoringData/ELDON3_Data/Week16\ELDON3_20250422_185600.wav
1260.0,1263.0,Bartramia longicauda,Upland Sandpiper,0.0332,D:/AcousticMonitoringData/ELDON3_Data/Week16\ELDON3_20250422_185600.wav
1260.0,1263.0,Eremophila alpestris,Horned Lark,0.0241,D:/AcousticMonitoringData/ELDON3_Data/Week16\ELDON3_20250422_185600.wav
1263.0,1266.0,Sturnella magna,Eastern Meadowlark,0.0113,D:/AcousticMonitoringData/ELDON3_Data/Week16\ELDON3_20250422_185600.wav
1266.0,1269.0,Sturnella magna,Eastern Meadowlark,0.0264,D:/AcousticMonitoringData/ELDON3_Data/Week16\ELDON3_20250422_185600.wav
1266.0,1269.0,Eremophila alpestris,Horned Lark,0.0149,D:/AcousticMonitoringData/ELDON3_Data/Week16\ELDON3_20250422_185600.wav
1269.0,1272.0,Sturnella magna,Eastern Meadowlark,0.0496,D:/AcousticMonitoringData/ELDON3_Data/Week16\ELDON3_20250422_185600.wav
1269.0,1272.0,Spizella pusilla,Field Sparrow,0.0221,D:/AcousticMonitoringData/ELDON3_Data/Week16\ELDON3_20250422_185600.wav
1272.0,1275.0,Sturnella magna,Eastern Meadowlark,0.2655,D:/AcousticMonitoringData/ELDON3_Data/Week16\ELDON3_20250422_185600.wav
1272.0,1275.0,Bartramia longicauda,Upland Sandpiper,0.0150,D:/AcousticMonitoringData/ELDON3_Data/Week16\ELDON3_20250422_185600.wav
1272.0,1275.0,Eremophila alpestris,Horned Lark,0.0148,D:/AcousticMonitoringData/ELDON3_Data/Week16\ELDON3_20250422_185600.wav
1272.0,1275.0,Spizella pusilla,Field Sparrow,0.0105,D:/AcousticMonitoringData/ELDON3_Data/Week16\ELDON3_20250422_185600.wav
1275.0,1278.0,Sturnella magna,Eastern Meadowlark,0.5976,D:/AcousticMonitoringData/ELDON3_Data/Week16\ELDON3_20250422_185600.wav
1275.0,1278.0,Spizella pusilla,Field Sparrow,0.0306,D:/AcousticMonitoringData/ELDON3_Data/Week16\ELDON3_20250422_185600.wav
1278.0,1281.0,Eremophila alpestris,Horned Lark,0.0101,D:/AcousticMonitoringData/ELDON3_Data/Week16\ELDON3_20250422_185600.wav
1284.0,1287.0,Sturnella magna,Eastern Meadowlark,0.1808,D:/AcousticMonitoringData/ELDON3_Data/Week16\ELDON3_20250422_185600.wav
1293.0,1296.0,Sturnella magna,Eastern Meadowlark,0.4871,D:/AcousticMonitoringData/ELDON3_Data/Week16\ELDON3_20250422_185600.wav
1296.0,1299.0,Geothlypis trichas,Common Yellowthroat,0.0112,D:/AcousticMonitoringData/ELDON3_Data/Week16\ELDON3_20250422_185600.wav
1299.0,1302.0,Eremophila alpestris,Horned Lark,0.0296,D:/AcousticMonitoringData/ELDON3_Data/Week16\ELDON3_20250422_185600.wav
1302.0,1305.0,Sturnella magna,Eastern Meadowlark,0.0543,D:/AcousticMonitoringData/ELDON3_Data/Week16\ELDON3_20250422_185600.wav
1302.0,1305.0,Spizella pusilla,Field Sparrow,0.0207,D:/AcousticMonitoringData/ELDON3_Data/Week16\ELDON3_20250422_185600.wav
1305.0,1308.0,Eremophila alpestris,Horned Lark,0.0302,D:/AcousticMonitoringData/ELDON3_Data/Week16\ELDON3_20250422_185600.wav
1308.0,1311.0,Eremophila alpestris,Horned Lark,0.0362,D:/AcousticMonitoringData/ELDON3_Data/Week16\ELDON3_20250422_185600.wav
1347.0,1350.0,Eremophila alpestris,Horned Lark,0.0191,D:/AcousticMonitoringData/ELDON3_Data/Week16\ELDON3_20250422_185600.wav
1374.0,1377.0,Eremophila alpestris,Horned Lark,0.0153,D:/AcousticMonitoringData/ELDON3_Data/Week16\ELDON3_20250422_185600.wav
1380.0,1383.0,Eremophila alpestris,Horned Lark,0.0128,D:/AcousticMonitoringData/ELDON3_Data/Week16\ELDON3_20250422_185600.wav
1389.0,1392.0,Eremophila alpestris,Horned Lark,0.0223,D:/AcousticMonitoringData/ELDON3_Data/Week16\ELDON3_20250422_185600.wav
1392.0,1395.0,Eremophila alpestris,Horned Lark,0.0106,D:/AcousticMonitoringData/ELDON3_Data/Week16\ELDON3_20250422_185600.wav
1392.0,1395.0,Sturnella magna,Eastern Meadowlark,0.0102,D:/AcousticMonitoringData/ELDON3_Data/Week16\ELDON3_20250422_185600.wav
1395.0,1398.0,Sturnella magna,Eastern Meadowlark,0.0810,D:/AcousticMonitoringData/ELDON3_Data/Week16\ELDON3_20250422_185600.wav
1395.0,1398.0,Eremophila alpestris,Horned Lark,0.0330,D:/AcousticMonitoringData/ELDON3_Data/Week16\ELDON3_20250422_185600.wav
1401.0,1404.0,Bartramia longicauda,Upland Sandpiper,0.0184,D:/AcousticMonitoringData/ELDON3_Data/Week16\ELDON3_20250422_185600.wav
1404.0,1407.0,Sturnella magna,Eastern Meadowlark,0.0112,D:/AcousticMonitoringData/ELDON3_Data/Week16\ELDON3_20250422_185600.wav
1404.0,1407.0,Eremophila alpestris,Horned Lark,0.0109,D:/AcousticMonitoringData/ELDON3_Data/Week16\ELDON3_20250422_185600.wav
1407.0,1410.0,Eremophila alpestris,Horned Lark,0.0113,D:/AcousticMonitoringData/ELDON3_Data/Week16\ELDON3_20250422_185600.wav
1410.0,1413.0,Eremophila alpestris,Horned Lark,0.0212,D:/AcousticMonitoringData/ELDON3_Data/Week16\ELDON3_20250422_185600.wav
1413.0,1416.0,Eremophila alpestris,Horned Lark,0.0138,D:/AcousticMonitoringData/ELDON3_Data/Week16\ELDON3_20250422_185600.wav
1416.0,1419.0,Eremophila alpestris,Horned Lark,0.0133,D:/AcousticMonitoringData/ELDON3_Data/Week16\ELDON3_20250422_185600.wav
1419.0,1422.0,Sturnella magna,Eastern Meadowlark,0.0381,D:/AcousticMonitoringData/ELDON3_Data/Week16\ELDON3_20250422_185600.wav
1419.0,1422.0,Bartramia longicauda,Upland Sandpiper,0.0117,D:/AcousticMonitoringData/ELDON3_Data/Week16\ELDON3_20250422_185600.wav
1422.0,1425.0,Eremophila alpestris,Horned Lark,0.0132,D:/AcousticMonitoringData/ELDON3_Data/Week16\ELDON3_20250422_185600.wav
1425.0,1428.0,Eremophila alpestris,Horned Lark,0.0295,D:/AcousticMonitoringData/ELDON3_Data/Week16\ELDON3_20250422_185600.wav
1425.0,1428.0,Sturnella magna,Eastern Meadowlark,0.0136,D:/AcousticMonitoringData/ELDON3_Data/Week16\ELDON3_20250422_185600.wav
1428.0,1431.0,Eremophila alpestris,Horned Lark,0.0498,D:/AcousticMonitoringData/ELDON3_Data/Week16\ELDON3_20250422_185600.wav
1428.0,1431.0,Sturnella magna,Eastern Meadowlark,0.0315,D:/AcousticMonitoringData/ELDON3_Data/Week16\ELDON3_20250422_185600.wav
1428.0,1431.0,Bartramia longicauda,Upland Sandpiper,0.0178,D:/AcousticMonitoringData/ELDON3_Data/Week16\ELDON3_20250422_185600.wav
1431.0,1434.0,Sturnella magna,Eastern Meadowlark,0.0281,D:/AcousticMonitoringData/ELDON3_Data/Week16\ELDON3_20250422_185600.wav
1431.0,1434.0,Eremophila alpestris,Horned Lark,0.0116,D:/AcousticMonitoringData/ELDON3_Data/Week16\ELDON3_20250422_185600.wav
1434.0,1437.0,Eremophila alpestris,Horned Lark,0.0268,D:/AcousticMonitoringData/ELDON3_Data/Week16\ELDON3_20250422_185600.wav
1437.0,1440.0,Eremophila alpestris,Horned Lark,0.0141,D:/AcousticMonitoringData/ELDON3_Data/Week16\ELDON3_20250422_185600.wav
1437.0,1440.0,Bartramia longicauda,Upland Sandpiper,0.0108,D:/AcousticMonitoringData/ELDON3_Data/Week16\ELDON3_20250422_185600.wav
1440.0,1443.0,Sturnella magna,Eastern Meadowlark,0.1353,D:/AcousticMonitoringData/ELDON3_Data/Week16\ELDON3_20250422_185600.wav
1440.0,1443.0,Eremophila alpestris,Horned Lark,0.0281,D:/AcousticMonitoringData/ELDON3_Data/Week16\ELDON3_20250422_185600.wav
1443.0,1446.0,Geothlypis trichas,Common Yellowthroat,0.0143,D:/AcousticMonitoringData/ELDON3_Data/Week16\ELDON3_20250422_185600.wav
1452.0,1455.0,Sturnella magna,Eastern Meadowlark,0.0258,D:/AcousticMonitoringData/ELDON3_Data/Week16\ELDON3_20250422_185600.wav
1452.0,1455.0,Eremophila alpestris,Horned Lark,0.0127,D:/AcousticMonitoringData/ELDON3_Data/Week16\ELDON3_20250422_185600.wav
1455.0,1458.0,Eremophila alpestris,Horned Lark,0.0277,D:/AcousticMonitoringData/ELDON3_Data/Week16\ELDON3_20250422_185600.wav
1458.0,1461.0,Sturnella magna,Eastern Meadowlark,0.0659,D:/AcousticMonitoringData/ELDON3_Data/Week16\ELDON3_20250422_185600.wav
1458.0,1461.0,Bartramia longicauda,Upland Sandpiper,0.0267,D:/AcousticMonitoringData/ELDON3_Data/Week16\ELDON3_20250422_185600.wav
1461.0,1464.0,Eremophila alpestris,Horned Lark,0.0417,D:/AcousticMonitoringData/ELDON3_Data/Week16\ELDON3_20250422_185600.wav
1464.0,1467.0,Eremophila alpestris,Horned Lark,0.0280,D:/AcousticMonitoringData/ELDON3_Data/Week16\ELDON3_20250422_185600.wav
1467.0,1470.0,Sturnella magna,Eastern Meadowlark,0.0446,D:/AcousticMonitoringData/ELDON3_Data/Week16\ELDON3_20250422_185600.wav
1467.0,1470.0,Eremophila alpestris,Horned Lark,0.0317,D:/AcousticMonitoringData/ELDON3_Data/Week16\ELDON3_20250422_185600.wav
1470.0,1473.0,Sturnella magna,Eastern Meadowlark,0.0333,D:/AcousticMonitoringData/ELDON3_Data/Week16\ELDON3_20250422_185600.wav
1470.0,1473.0,Eremophila alpestris,Horned Lark,0.0184,D:/AcousticMonitoringData/ELDON3_Data/Week16\ELDON3_20250422_185600.wav
1473.0,1476.0,Eremophila alpestris,Horned Lark,0.0147,D:/AcousticMonitoringData/ELDON3_Data/Week16\ELDON3_20250422_185600.wav
1476.0,1479.0,Sturnella magna,Eastern Meadowlark,0.3141,D:/AcousticMonitoringData/ELDON3_Data/Week16\ELDON3_20250422_185600.wav
1476.0,1479.0,Bartramia longicauda,Upland Sandpiper,0.0250,D:/AcousticMonitoringData/ELDON3_Data/Week16\ELDON3_20250422_185600.wav
1476.0,1479.0,Eremophila alpestris,Horned Lark,0.0196,D:/AcousticMonitoringData/ELDON3_Data/Week16\ELDON3_20250422_185600.wav
1479.0,1482.0,Sturnella magna,Eastern Meadowlark,0.1715,D:/AcousticMonitoringData/ELDON3_Data/Week16\ELDON3_20250422_185600.wav
1479.0,1482.0,Eremophila alpestris,Horned Lark,0.0555,D:/AcousticMonitoringData/ELDON3_Data/Week16\ELDON3_20250422_185600.wav
1482.0,1485.0,Eremophila alpestris,Horned Lark,0.0213,D:/AcousticMonitoringData/ELDON3_Data/Week16\ELDON3_20250422_185600.wav
1482.0,1485.0,Sturnella magna,Eastern Meadowlark,0.0133,D:/AcousticMonitoringData/ELDON3_Data/Week16\ELDON3_20250422_185600.wav
1485.0,1488.0,Spizella pusilla,Field Sparrow,0.0344,D:/AcousticMonitoringData/ELDON3_Data/Week16\ELDON3_20250422_185600.wav
1485.0,1488.0,Sturnella magna,Eastern Meadowlark,0.0184,D:/AcousticMonitoringData/ELDON3_Data/Week16\ELDON3_20250422_185600.wav
1485.0,1488.0,Eremophila alpestris,Horned Lark,0.0125,D:/AcousticMonitoringData/ELDON3_Data/Week16\ELDON3_20250422_185600.wav
1488.0,1491.0,Sturnella magna,Eastern Meadowlark,0.0460,D:/AcousticMonitoringData/ELDON3_Data/Week16\ELDON3_20250422_185600.wav
1488.0,1491.0,Spizella pusilla,Field Sparrow,0.0399,D:/AcousticMonitoringData/ELDON3_Data/Week16\ELDON3_20250422_185600.wav
1488.0,1491.0,Bartramia longicauda,Upland Sandpiper,0.0140,D:/AcousticMonitoringData/ELDON3_Data/Week16\ELDON3_20250422_185600.wav
1488.0,1491.0,Passerina caerulea,Blue Grosbeak,0.0124,D:/AcousticMonitoringData/ELDON3_Data/Week16\ELDON3_20250422_185600.wav
1494.0,1497.0,Sturnella magna,Eastern Meadowlark,0.1304,D:/AcousticMonitoringData/ELDON3_Data/Week16\ELDON3_20250422_185600.wav
1494.0,1497.0,Eremophila alpestris,Horned Lark,0.0237,D:/AcousticMonitoringData/ELDON3_Data/Week16\ELDON3_20250422_185600.wav
1494.0,1497.0,Bartramia longicauda,Upland Sandpiper,0.0116,D:/AcousticMonitoringData/ELDON3_Data/Week16\ELDON3_20250422_185600.wav
1497.0,1500.0,Eremophila alpestris,Horned Lark,0.0132,D:/AcousticMonitoringData/ELDON3_Data/Week16\ELDON3_20250422_185600.wav
1497.0,1500.0,Sturnella magna,Eastern Meadowlark,0.0125,D:/AcousticMonitoringData/ELDON3_Data/Week16\ELDON3_20250422_185600.wav
1500.0,1503.0,Sturnella magna,Eastern Meadowlark,0.0278,D:/AcousticMonitoringData/ELDON3_Data/Week16\ELDON3_20250422_185600.wav
1500.0,1503.0,Spizella pusilla,Field Sparrow,0.0150,D:/AcousticMonitoringData/ELDON3_Data/Week16\ELDON3_20250422_185600.wav
1512.0,1515.0,Sturnella magna,Eastern Meadowlark,0.0293,D:/AcousticMonitoringData/ELDON3_Data/Week16\ELDON3_20250422_185600.wav
1512.0,1515.0,Geothlypis trichas,Common Yellowthroat,0.0100,D:/AcousticMonitoringData/ELDON3_Data/Week16\ELDON3_20250422_185600.wav
1515.0,1518.0,Sturnella magna,Eastern Meadowlark,0.0295,D:/AcousticMonitoringData/ELDON3_Data/Week16\ELDON3_20250422_185600.wav
1527.0,1530.0,Sturnella magna,Eastern Meadowlark,0.0384,D:/AcousticMonitoringData/ELDON3_Data/Week16\ELDON3_20250422_185600.wav
1527.0,1530.0,Bartramia longicauda,Upland Sandpiper,0.0271,D:/AcousticMonitoringData/ELDON3_Data/Week16\ELDON3_20250422_185600.wav
1527.0,1530.0,Passerina caerulea,Blue Grosbeak,0.0116,D:/AcousticMonitoringData/ELDON3_Data/Week16\ELDON3_20250422_185600.wav
1530.0,1533.0,Eremophila alpestris,Horned Lark,0.0256,D:/AcousticMonitoringData/ELDON3_Data/Week16\ELDON3_20250422_185600.wav
1530.0,1533.0,Sturnella magna,Eastern Meadowlark,0.0171,D:/AcousticMonitoringData/ELDON3_Data/Week16\ELDON3_20250422_185600.wav
1533.0,1536.0,Eremophila alpestris,Horned Lark,0.0360,D:/AcousticMonitoringData/ELDON3_Data/Week16\ELDON3_20250422_185600.wav
1533.0,1536.0,Sturnella magna,Eastern Meadowlark,0.0141,D:/AcousticMonitoringData/ELDON3_Data/Week16\ELDON3_20250422_185600.wav
1536.0,1539.0,Sturnella magna,Eastern Meadowlark,0.7767,D:/AcousticMonitoringData/ELDON3_Data/Week16\ELDON3_20250422_185600.wav
1536.0,1539.0,Bartramia longicauda,Upland Sandpiper,0.0109,D:/AcousticMonitoringData/ELDON3_Data/Week16\ELDON3_20250422_185600.wav
1539.0,1542.0,Eremophila alpestris,Horned Lark,0.0139,D:/AcousticMonitoringData/ELDON3_Data/Week16\ELDON3_20250422_185600.wav
1545.0,1548.0,Sturnella magna,Eastern Meadowlark,0.3665,D:/AcousticMonitoringData/ELDON3_Data/Week16\ELDON3_20250422_185600.wav
1545.0,1548.0,Bartramia longicauda,Upland Sandpiper,0.0723,D:/AcousticMonitoringData/ELDON3_Data/Week16\ELDON3_20250422_185600.wav
1545.0,1548.0,Eremophila alpestris,Horned Lark,0.0193,D:/AcousticMonitoringData/ELDON3_Data/Week16\ELDON3_20250422_185600.wav
1548.0,1551.0,Sturnella magna,Eastern Meadowlark,0.3480,D:/AcousticMonitoringData/ELDON3_Data/Week16\ELDON3_20250422_185600.wav
1548.0,1551.0,Bartramia longicauda,Upland Sandpiper,0.0117,D:/AcousticMonitoringData/ELDON3_Data/Week16\ELDON3_20250422_185600.wav
1551.0,1554.0,Sturnella magna,Eastern Meadowlark,0.3897,D:/AcousticMonitoringData/ELDON3_Data/Week16\ELDON3_20250422_185600.wav
1554.0,1557.0,Sturnella magna,Eastern Meadowlark,0.0145,D:/AcousticMonitoringData/ELDON3_Data/Week16\ELDON3_20250422_185600.wav
1557.0,1560.0,Sturnella magna,Eastern Meadowlark,0.6742,D:/AcousticMonitoringData/ELDON3_Data/Week16\ELDON3_20250422_185600.wav
1557.0,1560.0,Bartramia longicauda,Upland Sandpiper,0.0262,D:/AcousticMonitoringData/ELDON3_Data/Week16\ELDON3_20250422_185600.wav
1563.0,1566.0,Sturnella magna,Eastern Meadowlark,0.0637,D:/AcousticMonitoringData/ELDON3_Data/Week16\ELDON3_20250422_185600.wav
1566.0,1569.0,Sturnella magna,Eastern Meadowlark,0.7084,D:/AcousticMonitoringData/ELDON3_Data/Week16\ELDON3_20250422_185600.wav
1566.0,1569.0,Bartramia longicauda,Upland Sandpiper,0.0133,D:/AcousticMonitoringData/ELDON3_Data/Week16\ELDON3_20250422_185600.wav
1569.0,1572.0,Sturnella magna,Eastern Meadowlark,0.2084,D:/AcousticMonitoringData/ELDON3_Data/Week16\ELDON3_20250422_185600.wav
1569.0,1572.0,Eremophila alpestris,Horned Lark,0.0130,D:/AcousticMonitoringData/ELDON3_Data/Week16\ELDON3_20250422_185600.wav
1569.0,1572.0,Bartramia longicauda,Upland Sandpiper,0.0104,D:/AcousticMonitoringData/ELDON3_Data/Week16\ELDON3_20250422_185600.wav
1572.0,1575.0,Sturnella magna,Eastern Meadowlark,0.7077,D:/AcousticMonitoringData/ELDON3_Data/Week16\ELDON3_20250422_185600.wav
1575.0,1578.0,Sturnella magna,Eastern Meadowlark,0.1559,D:/AcousticMonitoringData/ELDON3_Data/Week16\ELDON3_20250422_185600.wav
1578.0,1581.0,Sturnella magna,Eastern Meadowlark,0.6720,D:/AcousticMonitoringData/ELDON3_Data/Week16\ELDON3_20250422_185600.wav
1578.0,1581.0,Spizella pusilla,Field Sparrow,0.0110,D:/AcousticMonitoringData/ELDON3_Data/Week16\ELDON3_20250422_185600.wav
1578.0,1581.0,Eremophila alpestris,Horned Lark,0.0109,D:/AcousticMonitoringData/ELDON3_Data/Week16\ELDON3_20250422_185600.wav
1581.0,1584.0,Sturnella magna,Eastern Meadowlark,0.3058,D:/AcousticMonitoringData/ELDON3_Data/Week16\ELDON3_20250422_185600.wav
1581.0,1584.0,Eremophila alpestris,Horned Lark,0.0132,D:/AcousticMonitoringData/ELDON3_Data/Week16\ELDON3_20250422_185600.wav
1581.0,1584.0,Bartramia longicauda,Upland Sandpiper,0.0118,D:/AcousticMonitoringData/ELDON3_Data/Week16\ELDON3_20250422_185600.wav
1584.0,1587.0,Sturnella magna,Eastern Meadowlark,0.3310,D:/AcousticMonitoringData/ELDON3_Data/Week16\ELDON3_20250422_185600.wav
1584.0,1587.0,Spizella pusilla,Field Sparrow,0.0362,D:/AcousticMonitoringData/ELDON3_Data/Week16\ELDON3_20250422_185600.wav
1584.0,1587.0,Bartramia longicauda,Upland Sandpiper,0.0173,D:/AcousticMonitoringData/ELDON3_Data/Week16\ELDON3_20250422_185600.wav
1587.0,1590.0,Sturnella magna,Eastern Meadowlark,0.0341,D:/AcousticMonitoringData/ELDON3_Data/Week16\ELDON3_20250422_185600.wav
1587.0,1590.0,Eremophila alpestris,Horned Lark,0.0119,D:/AcousticMonitoringData/ELDON3_Data/Week16\ELDON3_20250422_185600.wav
1590.0,1593.0,Sturnella magna,Eastern Meadowlark,0.1282,D:/AcousticMonitoringData/ELDON3_Data/Week16\ELDON3_20250422_185600.wav
1596.0,1599.0,Sturnella magna,Eastern Meadowlark,0.7234,D:/AcousticMonitoringData/ELDON3_Data/Week16\ELDON3_20250422_185600.wav
1596.0,1599.0,Bartramia longicauda,Upland Sandpiper,0.0168,D:/AcousticMonitoringData/ELDON3_Data/Week16\ELDON3_20250422_185600.wav
1599.0,1602.0,Sturnella magna,Eastern Meadowlark,0.1702,D:/AcousticMonitoringData/ELDON3_Data/Week16\ELDON3_20250422_185600.wav
1599.0,1602.0,Bartramia longicauda,Upland Sandpiper,0.0205,D:/AcousticMonitoringData/ELDON3_Data/Week16\ELDON3_20250422_185600.wav
1599.0,1602.0,Spizella pusilla,Field Sparrow,0.0156,D:/AcousticMonitoringData/ELDON3_Data/Week16\ELDON3_20250422_185600.wav
1602.0,1605.0,Sturnella magna,Eastern Meadowlark,0.0606,D:/AcousticMonitoringData/ELDON3_Data/Week16\ELDON3_20250422_185600.wav
1602.0,1605.0,Spizella pusilla,Field Sparrow,0.0218,D:/AcousticMonitoringData/ELDON3_Data/Week16\ELDON3_20250422_185600.wav
1602.0,1605.0,Passerina caerulea,Blue Grosbeak,0.0145,D:/AcousticMonitoringData/ELDON3_Data/Week16\ELDON3_20250422_185600.wav
1605.0,1608.0,Sturnella magna,Eastern Meadowlark,0.0351,D:/AcousticMonitoringData/ELDON3_Data/Week16\ELDON3_20250422_185600.wav
1605.0,1608.0,Bartramia longicauda,Upland Sandpiper,0.0154,D:/AcousticMonitoringData/ELDON3_Data/Week16\ELDON3_20250422_185600.wav
1608.0,1611.0,Sturnella magna,Eastern Meadowlark,0.5469,D:/AcousticMonitoringData/ELDON3_Data/Week16\ELDON3_20250422_185600.wav
1608.0,1611.0,Bartramia longicauda,Upland Sandpiper,0.0190,D:/AcousticMonitoringData/ELDON3_Data/Week16\ELDON3_20250422_185600.wav
1611.0,1614.0,Sturnella magna,Eastern Meadowlark,0.0343,D:/AcousticMonitoringData/ELDON3_Data/Week16\ELDON3_20250422_185600.wav
1611.0,1614.0,Eremophila alpestris,Horned Lark,0.0183,D:/AcousticMonitoringData/ELDON3_Data/Week16\ELDON3_20250422_185600.wav
1611.0,1614.0,Bartramia longicauda,Upland Sandpiper,0.0102,D:/AcousticMonitoringData/ELDON3_Data/Week16\ELDON3_20250422_185600.wav
1614.0,1617.0,Sturnella magna,Eastern Meadowlark,0.7850,D:/AcousticMonitoringData/ELDON3_Data/Week16\ELDON3_20250422_185600.wav
1614.0,1617.0,Bartramia longicauda,Upland Sandpiper,0.0223,D:/AcousticMonitoringData/ELDON3_Data/Week16\ELDON3_20250422_185600.wav
1617.0,1620.0,Sturnella magna,Eastern Meadowlark,0.1914,D:/AcousticMonitoringData/ELDON3_Data/Week16\ELDON3_20250422_185600.wav
1617.0,1620.0,Spizella pusilla,Field Sparrow,0.0262,D:/AcousticMonitoringData/ELDON3_Data/Week16\ELDON3_20250422_185600.wav
1617.0,1620.0,Eremophila alpestris,Horned Lark,0.0128,D:/AcousticMonitoringData/ELDON3_Data/Week16\ELDON3_20250422_185600.wav
1620.0,1623.0,Sturnella magna,Eastern Meadowlark,0.1064,D:/AcousticMonitoringData/ELDON3_Data/Week16\ELDON3_20250422_185600.wav
1623.0,1626.0,Sturnella magna,Eastern Meadowlark,0.0252,D:/AcousticMonitoringData/ELDON3_Data/Week16\ELDON3_20250422_185600.wav
1626.0,1629.0,Sturnella magna,Eastern Meadowlark,0.8844,D:/AcousticMonitoringData/ELDON3_Data/Week16\ELDON3_20250422_185600.wav
1626.0,1629.0,Bartramia longicauda,Upland Sandpiper,0.0126,D:/AcousticMonitoringData/ELDON3_Data/Week16\ELDON3_20250422_185600.wav
1629.0,1632.0,Sturnella magna,Eastern Meadowlark,0.2663,D:/AcousticMonitoringData/ELDON3_Data/Week16\ELDON3_20250422_185600.wav
1629.0,1632.0,Spizella pusilla,Field Sparrow,0.0300,D:/AcousticMonitoringData/ELDON3_Data/Week16\ELDON3_20250422_185600.wav
1629.0,1632.0,Bartramia longicauda,Upland Sandpiper,0.0136,D:/AcousticMonitoringData/ELDON3_Data/Week16\ELDON3_20250422_185600.wav
1632.0,1635.0,Sturnella magna,Eastern Meadowlark,0.6563,D:/AcousticMonitoringData/ELDON3_Data/Week16\ELDON3_20250422_185600.wav
1632.0,1635.0,Bartramia longicauda,Upland Sandpiper,0.0662,D:/AcousticMonitoringData/ELDON3_Data/Week16\ELDON3_20250422_185600.wav
1632.0,1635.0,Eremophila alpestris,Horned Lark,0.0117,D:/AcousticMonitoringData/ELDON3_Data/Week16\ELDON3_20250422_185600.wav
1635.0,1638.0,Sturnella magna,Eastern Meadowlark,0.5710,D:/AcousticMonitoringData/ELDON3_Data/Week16\ELDON3_20250422_185600.wav
1635.0,1638.0,Bartramia longicauda,Upland Sandpiper,0.0484,D:/AcousticMonitoringData/ELDON3_Data/Week16\ELDON3_20250422_185600.wav
1635.0,1638.0,Spizella pusilla,Field Sparrow,0.0172,D:/AcousticMonitoringData/ELDON3_Data/Week16\ELDON3_20250422_185600.wav
1638.0,1641.0,Sturnella magna,Eastern Meadowlark,0.3495,D:/AcousticMonitoringData/ELDON3_Data/Week16\ELDON3_20250422_185600.wav
1638.0,1641.0,Bartramia longicauda,Upland Sandpiper,0.0167,D:/AcousticMonitoringData/ELDON3_Data/Week16\ELDON3_20250422_185600.wav
1641.0,1644.0,Sturnella magna,Eastern Meadowlark,0.0158,D:/AcousticMonitoringData/ELDON3_Data/Week16\ELDON3_20250422_185600.wav
1644.0,1647.0,Sturnella magna,Eastern Meadowlark,0.3025,D:/AcousticMonitoringData/ELDON3_Data/Week16\ELDON3_20250422_185600.wav
1647.0,1650.0,Sturnella magna,Eastern Meadowlark,0.6535,D:/AcousticMonitoringData/ELDON3_Data/Week16\ELDON3_20250422_185600.wav
1647.0,1650.0,Bartramia longicauda,Upland Sandpiper,0.0294,D:/AcousticMonitoringData/ELDON3_Data/Week16\ELDON3_20250422_185600.wav
1647.0,1650.0,Eremophila alpestris,Horned Lark,0.0116,D:/AcousticMonitoringData/ELDON3_Data/Week16\ELDON3_20250422_185600.wav
1650.0,1653.0,Spizella pusilla,Field Sparrow,0.0432,D:/AcousticMonitoringData/ELDON3_Data/Week16\ELDON3_20250422_185600.wav
1650.0,1653.0,Sturnella magna,Eastern Meadowlark,0.0366,D:/AcousticMonitoringData/ELDON3_Data/Week16\ELDON3_20250422_185600.wav
1650.0,1653.0,Passerina caerulea,Blue Grosbeak,0.0147,D:/AcousticMonitoringData/ELDON3_Data/Week16\ELDON3_20250422_185600.wav
1650.0,1653.0,Bartramia longicauda,Upland Sandpiper,0.0101,D:/AcousticMonitoringData/ELDON3_Data/Week16\ELDON3_20250422_185600.wav
1656.0,1659.0,Spizella pusilla,Field Sparrow,0.0229,D:/AcousticMonitoringData/ELDON3_Data/Week16\ELDON3_20250422_185600.wav
1656.0,1659.0,Sturnella magna,Eastern Meadowlark,0.0151,D:/AcousticMonitoringData/ELDON3_Data/Week16\ELDON3_20250422_185600.wav
1656.0,1659.0,Eremophila alpestris,Horned Lark,0.0102,D:/AcousticMonitoringData/ELDON3_Data/Week16\ELDON3_20250422_185600.wav
1659.0,1662.0,Sturnella magna,Eastern Meadowlark,0.5524,D:/AcousticMonitoringData/ELDON3_Data/Week16\ELDON3_20250422_185600.wav
1659.0,1662.0,Bartramia longicauda,Upland Sandpiper,0.0106,D:/AcousticMonitoringData/ELDON3_Data/Week16\ELDON3_20250422_185600.wav
1662.0,1665.0,Spizella pusilla,Field Sparrow,0.0356,D:/AcousticMonitoringData/ELDON3_Data/Week16\ELDON3_20250422_185600.wav
1665.0,1668.0,Sturnella magna,Eastern Meadowlark,0.1241,D:/AcousticMonitoringData/ELDON3_Data/Week16\ELDON3_20250422_185600.wav
1665.0,1668.0,Spizella pusilla,Field Sparrow,0.0228,D:/AcousticMonitoringData/ELDON3_Data/Week16\ELDON3_20250422_185600.wav
1668.0,1671.0,Sturnella magna,Eastern Meadowlark,0.1665,D:/AcousticMonitoringData/ELDON3_Data/Week16\ELDON3_20250422_185600.wav
1671.0,1674.0,Sturnella magna,Eastern Meadowlark,0.2986,D:/AcousticMonitoringData/ELDON3_Data/Week16\ELDON3_20250422_185600.wav
1671.0,1674.0,Eremophila alpestris,Horned Lark,0.0202,D:/AcousticMonitoringData/ELDON3_Data/Week16\ELDON3_20250422_185600.wav
1671.0,1674.0,Spizella pusilla,Field Sparrow,0.0142,D:/AcousticMonitoringData/ELDON3_Data/Week16\ELDON3_20250422_185600.wav
1671.0,1674.0,Bartramia longicauda,Upland Sandpiper,0.0131,D:/AcousticMonitoringData/ELDON3_Data/Week16\ELDON3_20250422_185600.wav
1674.0,1677.0,Sturnella magna,Eastern Meadowlark,0.4064,D:/AcousticMonitoringData/ELDON3_Data/Week16\ELDON3_20250422_185600.wav
1674.0,1677.0,Bartramia longicauda,Upland Sandpiper,0.0113,D:/AcousticMonitoringData/ELDON3_Data/Week16\ELDON3_20250422_185600.wav
1677.0,1680.0,Eremophila alpestris,Horned Lark,0.0285,D:/AcousticMonitoringData/ELDON3_Data/Week16\ELDON3_20250422_185600.wav
1683.0,1686.0,Sturnella magna,Eastern Meadowlark,0.3164,D:/AcousticMonitoringData/ELDON3_Data/Week16\ELDON3_20250422_185600.wav
1686.0,1689.0,Spizella pusilla,Field Sparrow,0.0179,D:/AcousticMonitoringData/ELDON3_Data/Week16\ELDON3_20250422_185600.wav
1686.0,1689.0,Sturnella magna,Eastern Meadowlark,0.0153,D:/AcousticMonitoringData/ELDON3_Data/Week16\ELDON3_20250422_185600.wav
1686.0,1689.0,Eremophila alpestris,Horned Lark,0.0138,D:/AcousticMonitoringData/ELDON3_Data/Week16\ELDON3_20250422_185600.wav
1689.0,1692.0,Sturnella magna,Eastern Meadowlark,0.7065,D:/AcousticMonitoringData/ELDON3_Data/Week16\ELDON3_20250422_185600.wav
1689.0,1692.0,Bartramia longicauda,Upland Sandpiper,0.0184,D:/AcousticMonitoringData/ELDON3_Data/Week16\ELDON3_20250422_185600.wav
1692.0,1695.0,Eremophila alpestris,Horned Lark,0.0118,D:/AcousticMonitoringData/ELDON3_Data/Week16\ELDON3_20250422_185600.wav
1695.0,1698.0,Sturnella magna,Eastern Meadowlark,0.5002,D:/AcousticMonitoringData/ELDON3_Data/Week16\ELDON3_20250422_185600.wav
1695.0,1698.0,Bartramia longicauda,Upland Sandpiper,0.0273,D:/AcousticMonitoringData/ELDON3_Data/Week16\ELDON3_20250422_185600.wav
1695.0,1698.0,Eremophila alpestris,Horned Lark,0.0215,D:/AcousticMonitoringData/ELDON3_Data/Week16\ELDON3_20250422_185600.wav
1698.0,1701.0,Sturnella magna,Eastern Meadowlark,0.3785,D:/AcousticMonitoringData/ELDON3_Data/Week16\ELDON3_20250422_185600.wav
1701.0,1704.0,Sturnella magna,Eastern Meadowlark,0.0687,D:/AcousticMonitoringData/ELDON3_Data/Week16\ELDON3_20250422_185600.wav
1701.0,1704.0,Eremophila alpestris,Horned Lark,0.0192,D:/AcousticMonitoringData/ELDON3_Data/Week16\ELDON3_20250422_185600.wav
1701.0,1704.0,Bartramia longicauda,Upland Sandpiper,0.0119,D:/AcousticMonitoringData/ELDON3_Data/Week16\ELDON3_20250422_185600.wav
1704.0,1707.0,Sturnella magna,Eastern Meadowlark,0.7641,D:/AcousticMonitoringData/ELDON3_Data/Week16\ELDON3_20250422_185600.wav
1704.0,1707.0,Bartramia longicauda,Upland Sandpiper,0.0256,D:/AcousticMonitoringData/ELDON3_Data/Week16\ELDON3_20250422_185600.wav
1707.0,1710.0,Geothlypis trichas,Common Yellowthroat,0.0198,D:/AcousticMonitoringData/ELDON3_Data/Week16\ELDON3_20250422_185600.wav
1710.0,1713.0,Sturnella magna,Eastern Meadowlark,0.1597,D:/AcousticMonitoringData/ELDON3_Data/Week16\ELDON3_20250422_185600.wav
1710.0,1713.0,Spizella pusilla,Field Sparrow,0.0149,D:/AcousticMonitoringData/ELDON3_Data/Week16\ELDON3_20250422_185600.wav
1713.0,1716.0,Spizella pusilla,Field Sparrow,0.0315,D:/AcousticMonitoringData/ELDON3_Data/Week16\ELDON3_20250422_185600.wav
1713.0,1716.0,Bartramia longicauda,Upland Sandpiper,0.0114,D:/AcousticMonitoringData/ELDON3_Data/Week16\ELDON3_20250422_185600.wav
1719.0,1722.0,Sturnella magna,Eastern Meadowlark,0.0151,D:/AcousticMonitoringData/ELDON3_Data/Week16\ELDON3_20250422_185600.wav
1725.0,1728.0,Geothlypis trichas,Common Yellowthroat,0.0138,D:/AcousticMonitoringData/ELDON3_Data/Week16\ELDON3_20250422_185600.wav
1728.0,1731.0,Geothlypis trichas,Common Yellowthroat,0.0103,D:/AcousticMonitoringData/ELDON3_Data/Week16\ELDON3_20250422_185600.wav
1731.0,1734.0,Sturnella magna,Eastern Meadowlark,0.2272,D:/AcousticMonitoringData/ELDON3_Data/Week16\ELDON3_20250422_185600.wav
1731.0,1734.0,Bartramia longicauda,Upland Sandpiper,0.0122,D:/AcousticMonitoringData/ELDON3_Data/Week16\ELDON3_20250422_185600.wav
1737.0,1740.0,Sturnella magna,Eastern Meadowlark,0.3283,D:/AcousticMonitoringData/ELDON3_Data/Week16\ELDON3_20250422_185600.wav
1737.0,1740.0,Spizella pusilla,Field Sparrow,0.0523,D:/AcousticMonitoringData/ELDON3_Data/Week16\ELDON3_20250422_185600.wav
1737.0,1740.0,Eremophila alpestris,Horned Lark,0.0159,D:/AcousticMonitoringData/ELDON3_Data/Week16\ELDON3_20250422_185600.wav
1740.0,1743.0,Sturnella magna,Eastern Meadowlark,0.4881,D:/AcousticMonitoringData/ELDON3_Data/Week16\ELDON3_20250422_185600.wav
1740.0,1743.0,Bartramia longicauda,Upland Sandpiper,0.0120,D:/AcousticMonitoringData/ELDON3_Data/Week16\ELDON3_20250422_185600.wav
1743.0,1746.0,Sturnella magna,Eastern Meadowlark,0.0177,D:/AcousticMonitoringData/ELDON3_Data/Week16\ELDON3_20250422_185600.wav
1746.0,1749.0,Sturnella magna,Eastern Meadowlark,0.4856,D:/AcousticMonitoringData/ELDON3_Data/Week16\ELDON3_20250422_185600.wav
1746.0,1749.0,Eremophila alpestris,Horned Lark,0.0165,D:/AcousticMonitoringData/ELDON3_Data/Week16\ELDON3_20250422_185600.wav
1746.0,1749.0,Bartramia longicauda,Upland Sandpiper,0.0125,D:/AcousticMonitoringData/ELDON3_Data/Week16\ELDON3_20250422_185600.wav
1749.0,1752.0,Eremophila alpestris,Horned Lark,0.0444,D:/AcousticMonitoringData/ELDON3_Data/Week16\ELDON3_20250422_185600.wav
1749.0,1752.0,Sturnella magna,Eastern Meadowlark,0.0126,D:/AcousticMonitoringData/ELDON3_Data/Week16\ELDON3_20250422_185600.wav
1752.0,1755.0,Sturnella magna,Eastern Meadowlark,0.2837,D:/AcousticMonitoringData/ELDON3_Data/Week16\ELDON3_20250422_185600.wav
1752.0,1755.0,Eremophila alpestris,Horned Lark,0.0147,D:/AcousticMonitoringData/ELDON3_Data/Week16\ELDON3_20250422_185600.wav
1755.0,1758.0,Sturnella magna,Eastern Meadowlark,0.0196,D:/AcousticMonitoringData/ELDON3_Data/Week16\ELDON3_20250422_185600.wav
1755.0,1758.0,Spizella pusilla,Field Sparrow,0.0130,D:/AcousticMonitoringData/ELDON3_Data/Week16\ELDON3_20250422_185600.wav
1755.0,1758.0,Eremophila alpestris,Horned Lark,0.0100,D:/AcousticMonitoringData/ELDON3_Data/Week16\ELDON3_20250422_185600.wav
1758.0,1761.0,Sturnella magna,Eastern Meadowlark,0.0698,D:/AcousticMonitoringData/ELDON3_Data/Week16\ELDON3_20250422_185600.wav
1758.0,1761.0,Eremophila alpestris,Horned Lark,0.0167,D:/AcousticMonitoringData/ELDON3_Data/Week16\ELDON3_20250422_185600.wav
1761.0,1764.0,Sturnella magna,Eastern Meadowlark,0.6700,D:/AcousticMonitoringData/ELDON3_Data/Week16\ELDON3_20250422_185600.wav
1761.0,1764.0,Bartramia longicauda,Upland Sandpiper,0.0221,D:/AcousticMonitoringData/ELDON3_Data/Week16\ELDON3_20250422_185600.wav
1764.0,1767.0,Sturnella magna,Eastern Meadowlark,0.0471,D:/AcousticMonitoringData/ELDON3_Data/Week16\ELDON3_20250422_185600.wav
1767.0,1770.0,Sturnella magna,Eastern Meadowlark,0.4299,D:/AcousticMonitoringData/ELDON3_Data/Week16\ELDON3_20250422_185600.wav
1770.0,1773.0,Sturnella magna,Eastern Meadowlark,0.8860,D:/AcousticMonitoringData/ELDON3_Data/Week16\ELDON3_20250422_185600.wav
1773.0,1776.0,Eremophila alpestris,Horned Lark,0.0269,D:/AcousticMonitoringData/ELDON3_Data/Week16\ELDON3_20250422_185600.wav
1776.0,1779.0,Sturnella magna,Eastern Meadowlark,0.3826,D:/AcousticMonitoringData/ELDON3_Data/Week16\ELDON3_20250422_185600.wav
1776.0,1779.0,Bartramia longicauda,Upland Sandpiper,0.0154,D:/AcousticMonitoringData/ELDON3_Data/Week16\ELDON3_20250422_185600.wav
1779.0,1782.0,Sturnella magna,Eastern Meadowlark,0.0289,D:/AcousticMonitoringData/ELDON3_Data/Week16\ELDON3_20250422_185600.wav
1779.0,1782.0,Spizella pusilla,Field Sparrow,0.0101,D:/AcousticMonitoringData/ELDON3_Data/Week16\ELDON3_20250422_185600.wav
1782.0,1785.0,Eremophila alpestris,Horned Lark,0.0309,D:/AcousticMonitoringData/ELDON3_Data/Week16\ELDON3_20250422_185600.wav
1788.0,1791.0,Eremophila alpestris,Horned Lark,0.0146,D:/AcousticMonitoringData/ELDON3_Data/Week16\ELDON3_20250422_185600.wav
1788.0,1791.0,Sturnella magna,Eastern Meadowlark,0.0131,D:/AcousticMonitoringData/ELDON3_Data/Week16\ELDON3_20250422_185600.wav
1791.0,1794.0,Sturnella magna,Eastern Meadowlark,0.0204,D:/AcousticMonitoringData/ELDON3_Data/Week16\ELDON3_20250422_185600.wav
1797.0,1800.0,Sturnella magna,Eastern Meadowlark,0.0295,D:/AcousticMonitoringData/ELDON3_Data/Week16\ELDON3_20250422_185600.wav
1797.0,1800.0,Eremophila alpestris,Horned Lark,0.0285,D:/AcousticMonitoringData/ELDON3_Data/Week16\ELDON3_20250422_185600.wav
1800.0,1803.0,Sturnella magna,Eastern Meadowlark,0.0198,D:/AcousticMonitoringData/ELDON3_Data/Week16\ELDON3_20250422_185600.wav
1800.0,1803.0,Bartramia longicauda,Upland Sandpiper,0.0152,D:/AcousticMonitoringData/ELDON3_Data/Week16\ELDON3_20250422_185600.wav
1800.0,1803.0,Eremophila alpestris,Horned Lark,0.0105,D:/AcousticMonitoringData/ELDON3_Data/Week16\ELDON3_20250422_185600.wav
1803.0,1806.0,Sturnella magna,Eastern Meadowlark,0.0914,D:/AcousticMonitoringData/ELDON3_Data/Week16\ELDON3_20250422_185600.wav
1812.0,1815.0,Sturnella magna,Eastern Meadowlark,0.0558,D:/AcousticMonitoringData/ELDON3_Data/Week16\ELDON3_20250422_185600.wav
1812.0,1815.0,Eremophila alpestris,Horned Lark,0.0137,D:/AcousticMonitoringData/ELDON3_Data/Week16\ELDON3_20250422_185600.wav
1815.0,1818.0,Sturnella magna,Eastern Meadowlark,0.0517,D:/AcousticMonitoringData/ELDON3_Data/Week16\ELDON3_20250422_185600.wav
1821.0,1824.0,Sturnella magna,Eastern Meadowlark,0.1614,D:/AcousticMonitoringData/ELDON3_Data/Week16\ELDON3_20250422_185600.wav
1821.0,1824.0,Bartramia longicauda,Upland Sandpiper,0.0143,D:/AcousticMonitoringData/ELDON3_Data/Week16\ELDON3_20250422_185600.wav
1821.0,1824.0,Eremophila alpestris,Horned Lark,0.0140,D:/AcousticMonitoringData/ELDON3_Data/Week16\ELDON3_20250422_185600.wav
1824.0,1827.0,Sturnella magna,Eastern Meadowlark,0.0316,D:/AcousticMonitoringData/ELDON3_Data/Week16\ELDON3_20250422_185600.wav
1827.0,1830.0,Eremophila alpestris,Horned Lark,0.0620,D:/AcousticMonitoringData/ELDON3_Data/Week16\ELDON3_20250422_185600.wav
1827.0,1830.0,Sturnella magna,Eastern Meadowlark,0.0109,D:/AcousticMonitoringData/ELDON3_Data/Week16\ELDON3_20250422_185600.wav
1833.0,1836.0,Eremophila alpestris,Horned Lark,0.0463,D:/AcousticMonitoringData/ELDON3_Data/Week16\ELDON3_20250422_185600.wav
1833.0,1836.0,Sturnella magna,Eastern Meadowlark,0.0287,D:/AcousticMonitoringData/ELDON3_Data/Week16\ELDON3_20250422_185600.wav
1833.0,1836.0,Bartramia longicauda,Upland Sandpiper,0.0114,D:/AcousticMonitoringData/ELDON3_Data/Week16\ELDON3_20250422_185600.wav
1839.0,1842.0,Eremophila alpestris,Horned Lark,0.0183,D:/AcousticMonitoringData/ELDON3_Data/Week16\ELDON3_20250422_185600.wav
1845.0,1848.0,Sturnella magna,Eastern Meadowlark,0.0496,D:/AcousticMonitoringData/ELDON3_Data/Week16\ELDON3_20250422_185600.wav
1845.0,1848.0,Eremophila alpestris,Horned Lark,0.0188,D:/AcousticMonitoringData/ELDON3_Data/Week16\ELDON3_20250422_185600.wav
1851.0,1854.0,Eremophila alpestris,Horned Lark,0.0528,D:/AcousticMonitoringData/ELDON3_Data/Week16\ELDON3_20250422_185600.wav
1851.0,1854.0,Sturnella magna,Eastern Meadowlark,0.0147,D:/AcousticMonitoringData/ELDON3_Data/Week16\ELDON3_20250422_185600.wav
1854.0,1857.0,Eremophila alpestris,Horned Lark,0.0185,D:/AcousticMonitoringData/ELDON3_Data/Week16\ELDON3_20250422_185600.wav
1857.0,1860.0,Sturnella magna,Eastern Meadowlark,0.0327,D:/AcousticMonitoringData/ELDON3_Data/Week16\ELDON3_20250422_185600.wav
1857.0,1860.0,Bartramia longicauda,Upland Sandpiper,0.0177,D:/AcousticMonitoringData/ELDON3_Data/Week16\ELDON3_20250422_185600.wav
1857.0,1860.0,Eremophila alpestris,Horned Lark,0.0164,D:/AcousticMonitoringData/ELDON3_Data/Week16\ELDON3_20250422_185600.wav
1860.0,1863.0,Eremophila alpestris,Horned Lark,0.0280,D:/AcousticMonitoringData/ELDON3_Data/Week16\ELDON3_20250422_185600.wav
1863.0,1866.0,Sturnella magna,Eastern Meadowlark,0.0423,D:/AcousticMonitoringData/ELDON3_Data/Week16\ELDON3_20250422_185600.wav
1863.0,1866.0,Eremophila alpestris,Horned Lark,0.0132,D:/AcousticMonitoringData/ELDON3_Data/Week16\ELDON3_20250422_185600.wav
1863.0,1866.0,Bartramia longicauda,Upland Sandpiper,0.0103,D:/AcousticMonitoringData/ELDON3_Data/Week16\ELDON3_20250422_185600.wav
1869.0,1872.0,Sturnella magna,Eastern Meadowlark,0.0544,D:/AcousticMonitoringData/ELDON3_Data/Week16\ELDON3_20250422_185600.wav
1869.0,1872.0,Spizella pusilla,Field Sparrow,0.0305,D:/AcousticMonitoringData/ELDON3_Data/Week16\ELDON3_20250422_185600.wav
1872.0,1875.0,Sturnella magna,Eastern Meadowlark,0.0112,D:/AcousticMonitoringData/ELDON3_Data/Week16\ELDON3_20250422_185600.wav
1872.0,1875.0,Spizella pusilla,Field Sparrow,0.0109,D:/AcousticMonitoringData/ELDON3_Data/Week16\ELDON3_20250422_185600.wav
1875.0,1878.0,Sturnella magna,Eastern Meadowlark,0.0471,D:/AcousticMonitoringData/ELDON3_Data/Week16\ELDON3_20250422_185600.wav
1875.0,1878.0,Eremophila alpestris,Horned Lark,0.0195,D:/AcousticMonitoringData/ELDON3_Data/Week16\ELDON3_20250422_185600.wav
1881.0,1884.0,Sturnella magna,Eastern Meadowlark,0.0732,D:/AcousticMonitoringData/ELDON3_Data/Week16\ELDON3_20250422_185600.wav
1881.0,1884.0,Spizella pusilla,Field Sparrow,0.0164,D:/AcousticMonitoringData/ELDON3_Data/Week16\ELDON3_20250422_185600.wav
1884.0,1887.0,Sturnella magna,Eastern Meadowlark,0.0129,D:/AcousticMonitoringData/ELDON3_Data/Week16\ELDON3_20250422_185600.wav
1890.0,1893.0,Eremophila alpestris,Horned Lark,0.0103,D:/AcousticMonitoringData/ELDON3_Data/Week16\ELDON3_20250422_185600.wav
1896.0,1899.0,Sturnella magna,Eastern Meadowlark,0.2836,D:/AcousticMonitoringData/ELDON3_Data/Week16\ELDON3_20250422_185600.wav
1896.0,1899.0,Bartramia longicauda,Upland Sandpiper,0.0170,D:/AcousticMonitoringData/ELDON3_Data/Week16\ELDON3_20250422_185600.wav
1899.0,1902.0,Eremophila alpestris,Horned Lark,0.0147,D:/AcousticMonitoringData/ELDON3_Data/Week16\ELDON3_20250422_185600.wav
1902.0,1905.0,Eremophila alpestris,Horned Lark,0.0882,D:/AcousticMonitoringData/ELDON3_Data/Week16\ELDON3_20250422_185600.wav
1908.0,1911.0,Eremophila alpestris,Horned Lark,0.0223,D:/AcousticMonitoringData/ELDON3_Data/Week16\ELDON3_20250422_185600.wav
1911.0,1914.0,Bartramia longicauda,Upland Sandpiper,0.0229,D:/AcousticMonitoringData/ELDON3_Data/Week16\ELDON3_20250422_185600.wav
1911.0,1914.0,Sturnella magna,Eastern Meadowlark,0.0165,D:/AcousticMonitoringData/ELDON3_Data/Week16\ELDON3_20250422_185600.wav
1917.0,1920.0,Sturnella magna,Eastern Meadowlark,0.0267,D:/AcousticMonitoringData/ELDON3_Data/Week16\ELDON3_20250422_185600.wav
1917.0,1920.0,Bartramia longicauda,Upland Sandpiper,0.0120,D:/AcousticMonitoringData/ELDON3_Data/Week16\ELDON3_20250422_185600.wav
1926.0,1929.0,Sturnella magna,Eastern Meadowlark,0.6605,D:/AcousticMonitoringData/ELDON3_Data/Week16\ELDON3_20250422_185600.wav
1926.0,1929.0,Bartramia longicauda,Upland Sandpiper,0.0140,D:/AcousticMonitoringData/ELDON3_Data/Week16\ELDON3_20250422_185600.wav
1929.0,1932.0,Sturnella magna,Eastern Meadowlark,0.0368,D:/AcousticMonitoringData/ELDON3_Data/Week16\ELDON3_20250422_185600.wav
1932.0,1935.0,Bartramia longicauda,Upland Sandpiper,0.3138,D:/AcousticMonitoringData/ELDON3_Data/Week16\ELDON3_20250422_185600.wav
1932.0,1935.0,Sturnella magna,Eastern Meadowlark,0.1095,D:/AcousticMonitoringData/ELDON3_Data/Week16\ELDON3_20250422_185600.wav
1932.0,1935.0,Eremophila alpestris,Horned Lark,0.0140,D:/AcousticMonitoringData/ELDON3_Data/Week16\ELDON3_20250422_185600.wav
1935.0,1938.0,Sturnella magna,Eastern Meadowlark,0.0103,D:/AcousticMonitoringData/ELDON3_Data/Week16\ELDON3_20250422_185600.wav
1938.0,1941.0,Sturnella magna,Eastern Meadowlark,0.2585,D:/AcousticMonitoringData/ELDON3_Data/Week16\ELDON3_20250422_185600.wav
1938.0,1941.0,Bartramia longicauda,Upland Sandpiper,0.0224,D:/AcousticMonitoringData/ELDON3_Data/Week16\ELDON3_20250422_185600.wav
1941.0,1944.0,Sturnella magna,Eastern Meadowlark,0.6319,D:/AcousticMonitoringData/ELDON3_Data/Week16\ELDON3_20250422_185600.wav
1941.0,1944.0,Bartramia longicauda,Upland Sandpiper,0.0133,D:/AcousticMonitoringData/ELDON3_Data/Week16\ELDON3_20250422_185600.wav
1944.0,1947.0,Sturnella magna,Eastern Meadowlark,0.0226,D:/AcousticMonitoringData/ELDON3_Data/Week16\ELDON3_20250422_185600.wav
1944.0,1947.0,Eremophila alpestris,Horned Lark,0.0150,D:/AcousticMonitoringData/ELDON3_Data/Week16\ELDON3_20250422_185600.wav
1947.0,1950.0,Sturnella magna,Eastern Meadowlark,0.5840,D:/AcousticMonitoringData/ELDON3_Data/Week16\ELDON3_20250422_185600.wav
1947.0,1950.0,Eremophila alpestris,Horned Lark,0.0442,D:/AcousticMonitoringData/ELDON3_Data/Week16\ELDON3_20250422_185600.wav
1947.0,1950.0,Bartramia longicauda,Upland Sandpiper,0.0114,D:/AcousticMonitoringData/ELDON3_Data/Week16\ELDON3_20250422_185600.wav
1950.0,1953.0,Sturnella magna,Eastern Meadowlark,0.0247,D:/AcousticMonitoringData/ELDON3_Data/Week16\ELDON3_20250422_185600.wav
1950.0,1953.0,Spizella pusilla,Field Sparrow,0.0164,D:/AcousticMonitoringData/ELDON3_Data/Week16\ELDON3_20250422_185600.wav
1953.0,1956.0,Sturnella magna,Eastern Meadowlark,0.3987,D:/AcousticMonitoringData/ELDON3_Data/Week16\ELDON3_20250422_185600.wav
1953.0,1956.0,Eremophila alpestris,Horned Lark,0.0507,D:/AcousticMonitoringData/ELDON3_Data/Week16\ELDON3_20250422_185600.wav
1956.0,1959.0,Sturnella magna,Eastern Meadowlark,0.8946,D:/AcousticMonitoringData/ELDON3_Data/Week16\ELDON3_20250422_185600.wav
1959.0,1962.0,Sturnella magna,Eastern Meadowlark,0.3309,D:/AcousticMonitoringData/ELDON3_Data/Week16\ELDON3_20250422_185600.wav
1959.0,1962.0,Bartramia longicauda,Upland Sandpiper,0.0192,D:/AcousticMonitoringData/ELDON3_Data/Week16\ELDON3_20250422_185600.wav
1959.0,1962.0,Eremophila alpestris,Horned Lark,0.0187,D:/AcousticMonitoringData/ELDON3_Data/Week16\ELDON3_20250422_185600.wav
1962.0,1965.0,Sturnella magna,Eastern Meadowlark,0.0630,D:/AcousticMonitoringData/ELDON3_Data/Week16\ELDON3_20250422_185600.wav
1962.0,1965.0,Spizella pusilla,Field Sparrow,0.0123,D:/AcousticMonitoringData/ELDON3_Data/Week16\ELDON3_20250422_185600.wav
1965.0,1968.0,Sturnella magna,Eastern Meadowlark,0.2438,D:/AcousticMonitoringData/ELDON3_Data/Week16\ELDON3_20250422_185600.wav
1965.0,1968.0,Spizella pusilla,Field Sparrow,0.0124,D:/AcousticMonitoringData/ELDON3_Data/Week16\ELDON3_20250422_185600.wav
1968.0,1971.0,Sturnella magna,Eastern Meadowlark,0.4217,D:/AcousticMonitoringData/ELDON3_Data/Week16\ELDON3_20250422_185600.wav
1968.0,1971.0,Bartramia longicauda,Upland Sandpiper,0.0669,D:/AcousticMonitoringData/ELDON3_Data/Week16\ELDON3_20250422_185600.wav
1971.0,1974.0,Sturnella magna,Eastern Meadowlark,0.3706,D:/AcousticMonitoringData/ELDON3_Data/Week16\ELDON3_20250422_185600.wav
1971.0,1974.0,Bartramia longicauda,Upland Sandpiper,0.0218,D:/AcousticMonitoringData/ELDON3_Data/Week16\ELDON3_20250422_185600.wav
1974.0,1977.0,Sturnella magna,Eastern Meadowlark,0.1692,D:/AcousticMonitoringData/ELDON3_Data/Week16\ELDON3_20250422_185600.wav
1974.0,1977.0,Spizella pusilla,Field Sparrow,0.0259,D:/AcousticMonitoringData/ELDON3_Data/Week16\ELDON3_20250422_185600.wav
1974.0,1977.0,Bartramia longicauda,Upland Sandpiper,0.0169,D:/AcousticMonitoringData/ELDON3_Data/Week16\ELDON3_20250422_185600.wav
1977.0,1980.0,Sturnella magna,Eastern Meadowlark,0.1123,D:/AcousticMonitoringData/ELDON3_Data/Week16\ELDON3_20250422_185600.wav
1977.0,1980.0,Eremophila alpestris,Horned Lark,0.0191,D:/AcousticMonitoringData/ELDON3_Data/Week16\ELDON3_20250422_185600.wav
1977.0,1980.0,Bartramia longicauda,Upland Sandpiper,0.0140,D:/AcousticMonitoringData/ELDON3_Data/Week16\ELDON3_20250422_185600.wav
1980.0,1983.0,Sturnella magna,Eastern Meadowlark,0.5284,D:/AcousticMonitoringData/ELDON3_Data/Week16\ELDON3_20250422_185600.wav
1980.0,1983.0,Bartramia longicauda,Upland Sandpiper,0.0504,D:/AcousticMonitoringData/ELDON3_Data/Week16\ELDON3_20250422_185600.wav
1986.0,1989.0,Sturnella magna,Eastern Meadowlark,0.4206,D:/AcousticMonitoringData/ELDON3_Data/Week16\ELDON3_20250422_185600.wav
1986.0,1989.0,Bartramia longicauda,Upland Sandpiper,0.0369,D:/AcousticMonitoringData/ELDON3_Data/Week16\ELDON3_20250422_185600.wav
1989.0,1992.0,Sturnella magna,Eastern Meadowlark,0.3716,D:/AcousticMonitoringData/ELDON3_Data/Week16\ELDON3_20250422_185600.wav
1989.0,1992.0,Spizella pusilla,Field Sparrow,0.0166,D:/AcousticMonitoringData/ELDON3_Data/Week16\ELDON3_20250422_185600.wav
1992.0,1995.0,Sturnella magna,Eastern Meadowlark,0.1459,D:/AcousticMonitoringData/ELDON3_Data/Week16\ELDON3_20250422_185600.wav
1995.0,1998.0,Sturnella magna,Eastern Meadowlark,0.2230,D:/AcousticMonitoringData/ELDON3_Data/Week16\ELDON3_20250422_185600.wav
1995.0,1998.0,Spizella pusilla,Field Sparrow,0.0186,D:/AcousticMonitoringData/ELDON3_Data/Week16\ELDON3_20250422_185600.wav
1995.0,1998.0,Bartramia longicauda,Upland Sandpiper,0.0167,D:/AcousticMonitoringData/ELDON3_Data/Week16\ELDON3_20250422_185600.wav
1998.0,2001.0,Sturnella magna,Eastern Meadowlark,0.0296,D:/AcousticMonitoringData/ELDON3_Data/Week16\ELDON3_20250422_185600.wav
2001.0,2004.0,Bartramia longicauda,Upland Sandpiper,0.0400,D:/AcousticMonitoringData/ELDON3_Data/Week16\ELDON3_20250422_185600.wav
2001.0,2004.0,Sturnella magna,Eastern Meadowlark,0.0333,D:/AcousticMonitoringData/ELDON3_Data/Week16\ELDON3_20250422_185600.wav
2004.0,2007.0,Sturnella magna,Eastern Meadowlark,0.0194,D:/AcousticMonitoringData/ELDON3_Data/Week16\ELDON3_20250422_185600.wav
2007.0,2010.0,Sturnella magna,Eastern Meadowlark,0.6134,D:/AcousticMonitoringData/ELDON3_Data/Week16\ELDON3_20250422_185600.wav
2007.0,2010.0,Bartramia longicauda,Upland Sandpiper,0.0136,D:/AcousticMonitoringData/ELDON3_Data/Week16\ELDON3_20250422_185600.wav
2010.0,2013.0,Sturnella magna,Eastern Meadowlark,0.6396,D:/AcousticMonitoringData/ELDON3_Data/Week16\ELDON3_20250422_185600.wav
2010.0,2013.0,Bartramia longicauda,Upland Sandpiper,0.0262,D:/AcousticMonitoringData/ELDON3_Data/Week16\ELDON3_20250422_185600.wav
2013.0,2016.0,Sturnella magna,Eastern Meadowlark,0.0677,D:/AcousticMonitoringData/ELDON3_Data/Week16\ELDON3_20250422_185600.wav
2013.0,2016.0,Eremophila alpestris,Horned Lark,0.0173,D:/AcousticMonitoringData/ELDON3_Data/Week16\ELDON3_20250422_185600.wav
2016.0,2019.0,Sturnella magna,Eastern Meadowlark,0.5998,D:/AcousticMonitoringData/ELDON3_Data/Week16\ELDON3_20250422_185600.wav
2016.0,2019.0,Bartramia longicauda,Upland Sandpiper,0.0184,D:/AcousticMonitoringData/ELDON3_Data/Week16\ELDON3_20250422_185600.wav
2019.0,2022.0,Sturnella magna,Eastern Meadowlark,0.3098,D:/AcousticMonitoringData/ELDON3_Data/Week16\ELDON3_20250422_185600.wav
2022.0,2025.0,Sturnella magna,Eastern Meadowlark,0.0122,D:/AcousticMonitoringData/ELDON3_Data/Week16\ELDON3_20250422_185600.wav
2025.0,2028.0,Sturnella magna,Eastern Meadowlark,0.2666,D:/AcousticMonitoringData/ELDON3_Data/Week16\ELDON3_20250422_185600.wav
2025.0,2028.0,Passerina caerulea,Blue Grosbeak,0.0149,D:/AcousticMonitoringData/ELDON3_Data/Week16\ELDON3_20250422_185600.wav
2025.0,2028.0,Bartramia longicauda,Upland Sandpiper,0.0109,D:/AcousticMonitoringData/ELDON3_Data/Week16\ELDON3_20250422_185600.wav
2028.0,2031.0,Sturnella magna,Eastern Meadowlark,0.2987,D:/AcousticMonitoringData/ELDON3_Data/Week16\ELDON3_20250422_185600.wav
2034.0,2037.0,Sturnella magna,Eastern Meadowlark,0.0511,D:/AcousticMonitoringData/ELDON3_Data/Week16\ELDON3_20250422_185600.wav
2034.0,2037.0,Passerina caerulea,Blue Grosbeak,0.0258,D:/AcousticMonitoringData/ELDON3_Data/Week16\ELDON3_20250422_185600.wav
2034.0,2037.0,Spizella pusilla,Field Sparrow,0.0151,D:/AcousticMonitoringData/ELDON3_Data/Week16\ELDON3_20250422_185600.wav
2040.0,2043.0,Sturnella magna,Eastern Meadowlark,0.0867,D:/AcousticMonitoringData/ELDON3_Data/Week16\ELDON3_20250422_185600.wav
2040.0,2043.0,Spizella pusilla,Field Sparrow,0.0141,D:/AcousticMonitoringData/ELDON3_Data/Week16\ELDON3_20250422_185600.wav
2043.0,2046.0,Sturnella magna,Eastern Meadowlark,0.0115,D:/AcousticMonitoringData/ELDON3_Data/Week16\ELDON3_20250422_185600.wav
2046.0,2049.0,Sturnella magna,Eastern Meadowlark,0.1227,D:/AcousticMonitoringData/ELDON3_Data/Week16\ELDON3_20250422_185600.wav
2046.0,2049.0,Spizella pusilla,Field Sparrow,0.0386,D:/AcousticMonitoringData/ELDON3_Data/Week16\ELDON3_20250422_185600.wav
2046.0,2049.0,Passerina caerulea,Blue Grosbeak,0.0118,D:/AcousticMonitoringData/ELDON3_Data/Week16\ELDON3_20250422_185600.wav
2049.0,2052.0,Sturnella magna,Eastern Meadowlark,0.0153,D:/AcousticMonitoringData/ELDON3_Data/Week16\ELDON3_20250422_185600.wav
2052.0,2055.0,Sturnella magna,Eastern Meadowlark,0.0718,D:/AcousticMonitoringData/ELDON3_Data/Week16\ELDON3_20250422_185600.wav
2052.0,2055.0,Bartramia longicauda,Upland Sandpiper,0.0158,D:/AcousticMonitoringData/ELDON3_Data/Week16\ELDON3_20250422_185600.wav
2055.0,2058.0,Sturnella magna,Eastern Meadowlark,0.1898,D:/AcousticMonitoringData/ELDON3_Data/Week16\ELDON3_20250422_185600.wav
2055.0,2058.0,Spizella pusilla,Field Sparrow,0.0134,D:/AcousticMonitoringData/ELDON3_Data/Week16\ELDON3_20250422_185600.wav
2058.0,2061.0,Sturnella magna,Eastern Meadowlark,0.0169,D:/AcousticMonitoringData/ELDON3_Data/Week16\ELDON3_20250422_185600.wav
2058.0,2061.0,Spizella pusilla,Field Sparrow,0.0131,D:/AcousticMonitoringData/ELDON3_Data/Week16\ELDON3_20250422_185600.wav
2061.0,2064.0,Sturnella magna,Eastern Meadowlark,0.7759,D:/AcousticMonitoringData/ELDON3_Data/Week16\ELDON3_20250422_185600.wav
2061.0,2064.0,Bartramia longicauda,Upland Sandpiper,0.0377,D:/AcousticMonitoringData/ELDON3_Data/Week16\ELDON3_20250422_185600.wav
2061.0,2064.0,Passerina caerulea,Blue Grosbeak,0.0112,D:/AcousticMonitoringData/ELDON3_Data/Week16\ELDON3_20250422_185600.wav
2064.0,2067.0,Sturnella magna,Eastern Meadowlark,0.0148,D:/AcousticMonitoringData/ELDON3_Data/Week16\ELDON3_20250422_185600.wav
2067.0,2070.0,Sturnella magna,Eastern Meadowlark,0.5332,D:/AcousticMonitoringData/ELDON3_Data/Week16\ELDON3_20250422_185600.wav
2067.0,2070.0,Spizella pusilla,Field Sparrow,0.0346,D:/AcousticMonitoringData/ELDON3_Data/Week16\ELDON3_20250422_185600.wav
2067.0,2070.0,Passerina caerulea,Blue Grosbeak,0.0145,D:/AcousticMonitoringData/ELDON3_Data/Week16\ELDON3_20250422_185600.wav
2067.0,2070.0,Bartramia longicauda,Upland Sandpiper,0.0141,D:/AcousticMonitoringData/ELDON3_Data/Week16\ELDON3_20250422_185600.wav
2070.0,2073.0,Sturnella magna,Eastern Meadowlark,0.0337,D:/AcousticMonitoringData/ELDON3_Data/Week16\ELDON3_20250422_185600.wav
2070.0,2073.0,Spizella pusilla,Field Sparrow,0.0142,D:/AcousticMonitoringData/ELDON3_Data/Week16\ELDON3_20250422_185600.wav
2073.0,2076.0,Sturnella magna,Eastern Meadowlark,0.0935,D:/AcousticMonitoringData/ELDON3_Data/Week16\ELDON3_20250422_185600.wav
2073.0,2076.0,Passerina caerulea,Blue Grosbeak,0.0248,D:/AcousticMonitoringData/ELDON3_Data/Week16\ELDON3_20250422_185600.wav
2076.0,2079.0,Sturnella magna,Eastern Meadowlark,0.0550,D:/AcousticMonitoringData/ELDON3_Data/Week16\ELDON3_20250422_185600.wav
2076.0,2079.0,Eremophila alpestris,Horned Lark,0.0158,D:/AcousticMonitoringData/ELDON3_Data/Week16\ELDON3_20250422_185600.wav
2079.0,2082.0,Sturnella magna,Eastern Meadowlark,0.1916,D:/AcousticMonitoringData/ELDON3_Data/Week16\ELDON3_20250422_185600.wav
2079.0,2082.0,Bartramia longicauda,Upland Sandpiper,0.0196,D:/AcousticMonitoringData/ELDON3_Data/Week16\ELDON3_20250422_185600.wav
2082.0,2085.0,Sturnella magna,Eastern Meadowlark,0.1868,D:/AcousticMonitoringData/ELDON3_Data/Week16\ELDON3_20250422_185600.wav
2082.0,2085.0,Eremophila alpestris,Horned Lark,0.0226,D:/AcousticMonitoringData/ELDON3_Data/Week16\ELDON3_20250422_185600.wav
2082.0,2085.0,Spizella pusilla,Field Sparrow,0.0159,D:/AcousticMonitoringData/ELDON3_Data/Week16\ELDON3_20250422_185600.wav
2082.0,2085.0,Bartramia longicauda,Upland Sandpiper,0.0146,D:/AcousticMonitoringData/ELDON3_Data/Week16\ELDON3_20250422_185600.wav
2082.0,2085.0,Passerina caerulea,Blue Grosbeak,0.0133,D:/AcousticMonitoringData/ELDON3_Data/Week16\ELDON3_20250422_185600.wav
2085.0,2088.0,Sturnella magna,Eastern Meadowlark,0.0835,D:/AcousticMonitoringData/ELDON3_Data/Week16\ELDON3_20250422_185600.wav
2085.0,2088.0,Passerina caerulea,Blue Grosbeak,0.0231,D:/AcousticMonitoringData/ELDON3_Data/Week16\ELDON3_20250422_185600.wav
2085.0,2088.0,Spizella pusilla,Field Sparrow,0.0130,D:/AcousticMonitoringData/ELDON3_Data/Week16\ELDON3_20250422_185600.wav
2088.0,2091.0,Sturnella magna,Eastern Meadowlark,0.0399,D:/AcousticMonitoringData/ELDON3_Data/Week16\ELDON3_20250422_185600.wav
2091.0,2094.0,Eremophila alpestris,Horned Lark,0.0188,D:/AcousticMonitoringData/ELDON3_Data/Week16\ELDON3_20250422_185600.wav
2094.0,2097.0,Sturnella magna,Eastern Meadowlark,0.0769,D:/AcousticMonitoringData/ELDON3_Data/Week16\ELDON3_20250422_185600.wav
2094.0,2097.0,Bartramia longicauda,Upland Sandpiper,0.0184,D:/AcousticMonitoringData/ELDON3_Data/Week16\ELDON3_20250422_185600.wav
2094.0,2097.0,Eremophila alpestris,Horned Lark,0.0116,D:/AcousticMonitoringData/ELDON3_Data/Week16\ELDON3_20250422_185600.wav
2097.0,2100.0,Sturnella magna,Eastern Meadowlark,0.1948,D:/AcousticMonitoringData/ELDON3_Data/Week16\ELDON3_20250422_185600.wav
2097.0,2100.0,Eremophila alpestris,Horned Lark,0.0139,D:/AcousticMonitoringData/ELDON3_Data/Week16\ELDON3_20250422_185600.wav
2100.0,2103.0,Sturnella magna,Eastern Meadowlark,0.1329,D:/AcousticMonitoringData/ELDON3_Data/Week16\ELDON3_20250422_185600.wav
2103.0,2106.0,Sturnella magna,Eastern Meadowlark,0.0136,D:/AcousticMonitoringData/ELDON3_Data/Week16\ELDON3_20250422_185600.wav
2106.0,2109.0,Sturnella magna,Eastern Meadowlark,0.0307,D:/AcousticMonitoringData/ELDON3_Data/Week16\ELDON3_20250422_185600.wav
2106.0,2109.0,Eremophila alpestris,Horned Lark,0.0164,D:/AcousticMonitoringData/ELDON3_Data/Week16\ELDON3_20250422_185600.wav
2106.0,2109.0,Spizella pusilla,Field Sparrow,0.0117,D:/AcousticMonitoringData/ELDON3_Data/Week16\ELDON3_20250422_185600.wav
2109.0,2112.0,Sturnella magna,Eastern Meadowlark,0.2407,D:/AcousticMonitoringData/ELDON3_Data/Week16\ELDON3_20250422_185600.wav
2109.0,2112.0,Passerina caerulea,Blue Grosbeak,0.0156,D:/AcousticMonitoringData/ELDON3_Data/Week16\ELDON3_20250422_185600.wav
2112.0,2115.0,Sturnella magna,Eastern Meadowlark,0.0369,D:/AcousticMonitoringData/ELDON3_Data/Week16\ELDON3_20250422_185600.wav
2115.0,2118.0,Sturnella magna,Eastern Meadowlark,0.5747,D:/AcousticMonitoringData/ELDON3_Data/Week16\ELDON3_20250422_185600.wav
2115.0,2118.0,Spizella pusilla,Field Sparrow,0.0173,D:/AcousticMonitoringData/ELDON3_Data/Week16\ELDON3_20250422_185600.wav
2118.0,2121.0,Sturnella magna,Eastern Meadowlark,0.5186,D:/AcousticMonitoringData/ELDON3_Data/Week16\ELDON3_20250422_185600.wav
2118.0,2121.0,Spizella pusilla,Field Sparrow,0.0189,D:/AcousticMonitoringData/ELDON3_Data/Week16\ELDON3_20250422_185600.wav
2118.0,2121.0,Passerina caerulea,Blue Grosbeak,0.0135,D:/AcousticMonitoringData/ELDON3_Data/Week16\ELDON3_20250422_185600.wav
2121.0,2124.0,Sturnella magna,Eastern Meadowlark,0.0973,D:/AcousticMonitoringData/ELDON3_Data/Week16\ELDON3_20250422_185600.wav
2121.0,2124.0,Spizella pusilla,Field Sparrow,0.0111,D:/AcousticMonitoringData/ELDON3_Data/Week16\ELDON3_20250422_185600.wav
2124.0,2127.0,Sturnella magna,Eastern Meadowlark,0.0443,D:/AcousticMonitoringData/ELDON3_Data/Week16\ELDON3_20250422_185600.wav
2124.0,2127.0,Eremophila alpestris,Horned Lark,0.0100,D:/AcousticMonitoringData/ELDON3_Data/Week16\ELDON3_20250422_185600.wav
2127.0,2130.0,Sturnella magna,Eastern Meadowlark,0.3345,D:/AcousticMonitoringData/ELDON3_Data/Week16\ELDON3_20250422_185600.wav
2133.0,2136.0,Sturnella magna,Eastern Meadowlark,0.1170,D:/AcousticMonitoringData/ELDON3_Data/Week16\ELDON3_20250422_185600.wav
2133.0,2136.0,Bartramia longicauda,Upland Sandpiper,0.0118,D:/AcousticMonitoringData/ELDON3_Data/Week16\ELDON3_20250422_185600.wav
2136.0,2139.0,Bartramia longicauda,Upland Sandpiper,0.0130,D:/AcousticMonitoringData/ELDON3_Data/Week16\ELDON3_20250422_185600.wav
2136.0,2139.0,Sturnella magna,Eastern Meadowlark,0.0125,D:/AcousticMonitoringData/ELDON3_Data/Week16\ELDON3_20250422_185600.wav
2148.0,2151.0,Sturnella magna,Eastern Meadowlark,0.0193,D:/AcousticMonitoringData/ELDON3_Data/Week16\ELDON3_20250422_185600.wav
2151.0,2154.0,Sturnella magna,Eastern Meadowlark,0.0100,D:/AcousticMonitoringData/ELDON3_Data/Week16\ELDON3_20250422_185600.wav
2154.0,2157.0,Sturnella magna,Eastern Meadowlark,0.8703,D:/AcousticMonitoringData/ELDON3_Data/Week16\ELDON3_20250422_185600.wav
2154.0,2157.0,Bartramia longicauda,Upland Sandpiper,0.0170,D:/AcousticMonitoringData/ELDON3_Data/Week16\ELDON3_20250422_185600.wav
2157.0,2160.0,Sturnella magna,Eastern Meadowlark,0.1200,D:/AcousticMonitoringData/ELDON3_Data/Week16\ELDON3_20250422_185600.wav
2157.0,2160.0,Bartramia longicauda,Upland Sandpiper,0.0260,D:/AcousticMonitoringData/ELDON3_Data/Week16\ELDON3_20250422_185600.wav
2163.0,2166.0,Sturnella magna,Eastern Meadowlark,0.0157,D:/AcousticMonitoringData/ELDON3_Data/Week16\ELDON3_20250422_185600.wav
2166.0,2169.0,Sturnella magna,Eastern Meadowlark,0.2579,D:/AcousticMonitoringData/ELDON3_Data/Week16\ELDON3_20250422_185600.wav
2166.0,2169.0,Bartramia longicauda,Upland Sandpiper,0.0579,D:/AcousticMonitoringData/ELDON3_Data/Week16\ELDON3_20250422_185600.wav
2172.0,2175.0,Sturnella magna,Eastern Meadowlark,0.0509,D:/AcousticMonitoringData/ELDON3_Data/Week16\ELDON3_20250422_185600.wav
2172.0,2175.0,Bartramia longicauda,Upland Sandpiper,0.0114,D:/AcousticMonitoringData/ELDON3_Data/Week16\ELDON3_20250422_185600.wav
2175.0,2178.0,Sturnella magna,Eastern Meadowlark,0.2610,D:/AcousticMonitoringData/ELDON3_Data/Week16\ELDON3_20250422_185600.wav
2175.0,2178.0,Bartramia longicauda,Upland Sandpiper,0.0106,D:/AcousticMonitoringData/ELDON3_Data/Week16\ELDON3_20250422_185600.wav
2178.0,2181.0,Bartramia longicauda,Upland Sandpiper,0.0356,D:/AcousticMonitoringData/ELDON3_Data/Week16\ELDON3_20250422_185600.wav
2178.0,2181.0,Sturnella magna,Eastern Meadowlark,0.0124,D:/AcousticMonitoringData/ELDON3_Data/Week16\ELDON3_20250422_185600.wav
2181.0,2184.0,Sturnella magna,Eastern Meadowlark,0.4560,D:/AcousticMonitoringData/ELDON3_Data/Week16\ELDON3_20250422_185600.wav
2181.0,2184.0,Bartramia longicauda,Upland Sandpiper,0.0239,D:/AcousticMonitoringData/ELDON3_Data/Week16\ELDON3_20250422_185600.wav
2181.0,2184.0,Eremophila alpestris,Horned Lark,0.0187,D:/AcousticMonitoringData/ELDON3_Data/Week16\ELDON3_20250422_185600.wav
2181.0,2184.0,Spizella pusilla,Field Sparrow,0.0100,D:/AcousticMonitoringData/ELDON3_Data/Week16\ELDON3_20250422_185600.wav
2184.0,2187.0,Sturnella magna,Eastern Meadowlark,0.0242,D:/AcousticMonitoringData/ELDON3_Data/Week16\ELDON3_20250422_185600.wav
2187.0,2190.0,Bartramia longicauda,Upland Sandpiper,0.0154,D:/AcousticMonitoringData/ELDON3_Data/Week16\ELDON3_20250422_185600.wav
2187.0,2190.0,Sturnella magna,Eastern Meadowlark,0.0103,D:/AcousticMonitoringData/ELDON3_Data/Week16\ELDON3_20250422_185600.wav
2190.0,2193.0,Sturnella magna,Eastern Meadowlark,0.0970,D:/AcousticMonitoringData/ELDON3_Data/Week16\ELDON3_20250422_185600.wav
2193.0,2196.0,Sturnella magna,Eastern Meadowlark,0.0330,D:/AcousticMonitoringData/ELDON3_Data/Week16\ELDON3_20250422_185600.wav
2193.0,2196.0,Bartramia longicauda,Upland Sandpiper,0.0159,D:/AcousticMonitoringData/ELDON3_Data/Week16\ELDON3_20250422_185600.wav
2199.0,2202.0,Sturnella magna,Eastern Meadowlark,0.3856,D:/AcousticMonitoringData/ELDON3_Data/Week16\ELDON3_20250422_185600.wav
2199.0,2202.0,Bartramia longicauda,Upland Sandpiper,0.0357,D:/AcousticMonitoringData/ELDON3_Data/Week16\ELDON3_20250422_185600.wav
2199.0,2202.0,Eremophila alpestris,Horned Lark,0.0118,D:/AcousticMonitoringData/ELDON3_Data/Week16\ELDON3_20250422_185600.wav
2205.0,2208.0,Sturnella magna,Eastern Meadowlark,0.0111,D:/AcousticMonitoringData/ELDON3_Data/Week16\ELDON3_20250422_185600.wav
2214.0,2217.0,Sturnella magna,Eastern Meadowlark,0.6154,D:/AcousticMonitoringData/ELDON3_Data/Week16\ELDON3_20250422_185600.wav
2214.0,2217.0,Bartramia longicauda,Upland Sandpiper,0.0648,D:/AcousticMonitoringData/ELDON3_Data/Week16\ELDON3_20250422_185600.wav
2217.0,2220.0,Sturnella magna,Eastern Meadowlark,0.2320,D:/AcousticMonitoringData/ELDON3_Data/Week16\ELDON3_20250422_185600.wav
2223.0,2226.0,Sturnella magna,Eastern Meadowlark,0.0795,D:/AcousticMonitoringData/ELDON3_Data/Week16\ELDON3_20250422_185600.wav
2223.0,2226.0,Eremophila alpestris,Horned Lark,0.0190,D:/AcousticMonitoringData/ELDON3_Data/Week16\ELDON3_20250422_185600.wav
2226.0,2229.0,Sturnella magna,Eastern Meadowlark,0.6284,D:/AcousticMonitoringData/ELDON3_Data/Week16\ELDON3_20250422_185600.wav
2226.0,2229.0,Bartramia longicauda,Upland Sandpiper,0.0124,D:/AcousticMonitoringData/ELDON3_Data/Week16\ELDON3_20250422_185600.wav
2229.0,2232.0,Sturnella magna,Eastern Meadowlark,0.0206,D:/AcousticMonitoringData/ELDON3_Data/Week16\ELDON3_20250422_185600.wav
2229.0,2232.0,Bartramia longicauda,Upland Sandpiper,0.0160,D:/AcousticMonitoringData/ELDON3_Data/Week16\ELDON3_20250422_185600.wav
2232.0,2235.0,Sturnella magna,Eastern Meadowlark,0.1183,D:/AcousticMonitoringData/ELDON3_Data/Week16\ELDON3_20250422_185600.wav
2238.0,2241.0,Sturnella magna,Eastern Meadowlark,0.4943,D:/AcousticMonitoringData/ELDON3_Data/Week16\ELDON3_20250422_185600.wav
2238.0,2241.0,Bartramia longicauda,Upland Sandpiper,0.0146,D:/AcousticMonitoringData/ELDON3_Data/Week16\ELDON3_20250422_185600.wav
2241.0,2244.0,Sturnella magna,Eastern Meadowlark,0.3038,D:/AcousticMonitoringData/ELDON3_Data/Week16\ELDON3_20250422_185600.wav
2241.0,2244.0,Bartramia longicauda,Upland Sandpiper,0.0243,D:/AcousticMonitoringData/ELDON3_Data/Week16\ELDON3_20250422_185600.wav
2241.0,2244.0,Eremophila alpestris,Horned Lark,0.0167,D:/AcousticMonitoringData/ELDON3_Data/Week16\ELDON3_20250422_185600.wav
2241.0,2244.0,Spizella pusilla,Field Sparrow,0.0113,D:/AcousticMonitoringData/ELDON3_Data/Week16\ELDON3_20250422_185600.wav
2244.0,2247.0,Sturnella magna,Eastern Meadowlark,0.0326,D:/AcousticMonitoringData/ELDON3_Data/Week16\ELDON3_20250422_185600.wav
2247.0,2250.0,Sturnella magna,Eastern Meadowlark,0.3262,D:/AcousticMonitoringData/ELDON3_Data/Week16\ELDON3_20250422_185600.wav
2247.0,2250.0,Bartramia longicauda,Upland Sandpiper,0.0208,D:/AcousticMonitoringData/ELDON3_Data/Week16\ELDON3_20250422_185600.wav
2250.0,2253.0,Sturnella magna,Eastern Meadowlark,0.0813,D:/AcousticMonitoringData/ELDON3_Data/Week16\ELDON3_20250422_185600.wav
2256.0,2259.0,Sturnella magna,Eastern Meadowlark,0.2172,D:/AcousticMonitoringData/ELDON3_Data/Week16\ELDON3_20250422_185600.wav
2256.0,2259.0,Bartramia longicauda,Upland Sandpiper,0.0815,D:/AcousticMonitoringData/ELDON3_Data/Week16\ELDON3_20250422_185600.wav
2262.0,2265.0,Sturnella magna,Eastern Meadowlark,0.6735,D:/AcousticMonitoringData/ELDON3_Data/Week16\ELDON3_20250422_185600.wav
2262.0,2265.0,Bartramia longicauda,Upland Sandpiper,0.0138,D:/AcousticMonitoringData/ELDON3_Data/Week16\ELDON3_20250422_185600.wav
2265.0,2268.0,Sturnella magna,Eastern Meadowlark,0.1340,D:/AcousticMonitoringData/ELDON3_Data/Week16\ELDON3_20250422_185600.wav
2265.0,2268.0,Eremophila alpestris,Horned Lark,0.0130,D:/AcousticMonitoringData/ELDON3_Data/Week16\ELDON3_20250422_185600.wav
2268.0,2271.0,Sturnella magna,Eastern Meadowlark,0.0527,D:/AcousticMonitoringData/ELDON3_Data/Week16\ELDON3_20250422_185600.wav
2268.0,2271.0,Eremophila alpestris,Horned Lark,0.0277,D:/AcousticMonitoringData/ELDON3_Data/Week16\ELDON3_20250422_185600.wav
2271.0,2274.0,Sturnella magna,Eastern Meadowlark,0.8168,D:/AcousticMonitoringData/ELDON3_Data/Week16\ELDON3_20250422_185600.wav
2271.0,2274.0,Bartramia longicauda,Upland Sandpiper,0.0305,D:/AcousticMonitoringData/ELDON3_Data/Week16\ELDON3_20250422_185600.wav
2274.0,2277.0,Eremophila alpestris,Horned Lark,0.0131,D:/AcousticMonitoringData/ELDON3_Data/Week16\ELDON3_20250422_185600.wav
2277.0,2280.0,Sturnella magna,Eastern Meadowlark,0.0259,D:/AcousticMonitoringData/ELDON3_Data/Week16\ELDON3_20250422_185600.wav
2277.0,2280.0,Spizella pusilla,Field Sparrow,0.0110,D:/AcousticMonitoringData/ELDON3_Data/Week16\ELDON3_20250422_185600.wav
2280.0,2283.0,Sturnella magna,Eastern Meadowlark,0.0218,D:/AcousticMonitoringData/ELDON3_Data/Week16\ELDON3_20250422_185600.wav
2283.0,2286.0,Sturnella magna,Eastern Meadowlark,0.5348,D:/AcousticMonitoringData/ELDON3_Data/Week16\ELDON3_20250422_185600.wav
2286.0,2289.0,Sturnella magna,Eastern Meadowlark,0.0676,D:/AcousticMonitoringData/ELDON3_Data/Week16\ELDON3_20250422_185600.wav
2286.0,2289.0,Eremophila alpestris,Horned Lark,0.0142,D:/AcousticMonitoringData/ELDON3_Data/Week16\ELDON3_20250422_185600.wav
2289.0,2292.0,Sturnella magna,Eastern Meadowlark,0.7700,D:/AcousticMonitoringData/ELDON3_Data/Week16\ELDON3_20250422_185600.wav
2289.0,2292.0,Bartramia longicauda,Upland Sandpiper,0.0180,D:/AcousticMonitoringData/ELDON3_Data/Week16\ELDON3_20250422_185600.wav
2292.0,2295.0,Eremophila alpestris,Horned Lark,0.0102,D:/AcousticMonitoringData/ELDON3_Data/Week16\ELDON3_20250422_185600.wav
2295.0,2298.0,Sturnella magna,Eastern Meadowlark,0.5845,D:/AcousticMonitoringData/ELDON3_Data/Week16\ELDON3_20250422_185600.wav
2295.0,2298.0,Bartramia longicauda,Upland Sandpiper,0.0322,D:/AcousticMonitoringData/ELDON3_Data/Week16\ELDON3_20250422_185600.wav
2298.0,2301.0,Sturnella magna,Eastern Meadowlark,0.1339,D:/AcousticMonitoringData/ELDON3_Data/Week16\ELDON3_20250422_185600.wav
2298.0,2301.0,Bartramia longicauda,Upland Sandpiper,0.0579,D:/AcousticMonitoringData/ELDON3_Data/Week16\ELDON3_20250422_185600.wav
2298.0,2301.0,Eremophila alpestris,Horned Lark,0.0215,D:/AcousticMonitoringData/ELDON3_Data/Week16\ELDON3_20250422_185600.wav
2301.0,2304.0,Sturnella magna,Eastern Meadowlark,0.7578,D:/AcousticMonitoringData/ELDON3_Data/Week16\ELDON3_20250422_185600.wav
2301.0,2304.0,Bartramia longicauda,Upland Sandpiper,0.0356,D:/AcousticMonitoringData/ELDON3_Data/Week16\ELDON3_20250422_185600.wav
2307.0,2310.0,Sturnella magna,Eastern Meadowlark,0.4569,D:/AcousticMonitoringData/ELDON3_Data/Week16\ELDON3_20250422_185600.wav
2313.0,2316.0,Sturnella magna,Eastern Meadowlark,0.3961,D:/AcousticMonitoringData/ELDON3_Data/Week16\ELDON3_20250422_185600.wav
2313.0,2316.0,Bartramia longicauda,Upland Sandpiper,0.0168,D:/AcousticMonitoringData/ELDON3_Data/Week16\ELDON3_20250422_185600.wav
2316.0,2319.0,Sturnella magna,Eastern Meadowlark,0.2345,D:/AcousticMonitoringData/ELDON3_Data/Week16\ELDON3_20250422_185600.wav
2316.0,2319.0,Bartramia longicauda,Upland Sandpiper,0.0742,D:/AcousticMonitoringData/ELDON3_Data/Week16\ELDON3_20250422_185600.wav
2319.0,2322.0,Eremophila alpestris,Horned Lark,0.0149,D:/AcousticMonitoringData/ELDON3_Data/Week16\ELDON3_20250422_185600.wav
2325.0,2328.0,Sturnella magna,Eastern Meadowlark,0.0593,D:/AcousticMonitoringData/ELDON3_Data/Week16\ELDON3_20250422_185600.wav
2328.0,2331.0,Sturnella magna,Eastern Meadowlark,0.5804,D:/AcousticMonitoringData/ELDON3_Data/Week16\ELDON3_20250422_185600.wav
2328.0,2331.0,Bartramia longicauda,Upland Sandpiper,0.0200,D:/AcousticMonitoringData/ELDON3_Data/Week16\ELDON3_20250422_185600.wav
2337.0,2340.0,Eremophila alpestris,Horned Lark,0.0411,D:/AcousticMonitoringData/ELDON3_Data/Week16\ELDON3_20250422_185600.wav
2340.0,2343.0,Sturnella magna,Eastern Meadowlark,0.0138,D:/AcousticMonitoringData/ELDON3_Data/Week16\ELDON3_20250422_185600.wav
2343.0,2346.0,Sturnella magna,Eastern Meadowlark,0.1011,D:/AcousticMonitoringData/ELDON3_Data/Week16\ELDON3_20250422_185600.wav
2343.0,2346.0,Eremophila alpestris,Horned Lark,0.0316,D:/AcousticMonitoringData/ELDON3_Data/Week16\ELDON3_20250422_185600.wav
2346.0,2349.0,Sturnella magna,Eastern Meadowlark,0.1096,D:/AcousticMonitoringData/ELDON3_Data/Week16\ELDON3_20250422_185600.wav
2346.0,2349.0,Bartramia longicauda,Upland Sandpiper,0.0102,D:/AcousticMonitoringData/ELDON3_Data/Week16\ELDON3_20250422_185600.wav
2349.0,2352.0,Eremophila alpestris,Horned Lark,0.0235,D:/AcousticMonitoringData/ELDON3_Data/Week16\ELDON3_20250422_185600.wav
2349.0,2352.0,Sturnella magna,Eastern Meadowlark,0.0176,D:/AcousticMonitoringData/ELDON3_Data/Week16\ELDON3_20250422_185600.wav
2352.0,2355.0,Eremophila alpestris,Horned Lark,0.0112,D:/AcousticMonitoringData/ELDON3_Data/Week16\ELDON3_20250422_185600.wav
2355.0,2358.0,Sturnella magna,Eastern Meadowlark,0.0395,D:/AcousticMonitoringData/ELDON3_Data/Week16\ELDON3_20250422_185600.wav
2355.0,2358.0,Bartramia longicauda,Upland Sandpiper,0.0262,D:/AcousticMonitoringData/ELDON3_Data/Week16\ELDON3_20250422_185600.wav
2355.0,2358.0,Eremophila alpestris,Horned Lark,0.0238,D:/AcousticMonitoringData/ELDON3_Data/Week16\ELDON3_20250422_185600.wav
2358.0,2361.0,Eremophila alpestris,Horned Lark,0.0164,D:/AcousticMonitoringData/ELDON3_Data/Week16\ELDON3_20250422_185600.wav
2361.0,2364.0,Eremophila alpestris,Horned Lark,0.0269,D:/AcousticMonitoringData/ELDON3_Data/Week16\ELDON3_20250422_185600.wav
2364.0,2367.0,Bartramia longicauda,Upland Sandpiper,0.0181,D:/AcousticMonitoringData/ELDON3_Data/Week16\ELDON3_20250422_185600.wav
2364.0,2367.0,Eremophila alpestris,Horned Lark,0.0157,D:/AcousticMonitoringData/ELDON3_Data/Week16\ELDON3_20250422_185600.wav
2367.0,2370.0,Sturnella magna,Eastern Meadowlark,0.0608,D:/AcousticMonitoringData/ELDON3_Data/Week16\ELDON3_20250422_185600.wav
2367.0,2370.0,Eremophila alpestris,Horned Lark,0.0431,D:/AcousticMonitoringData/ELDON3_Data/Week16\ELDON3_20250422_185600.wav
2367.0,2370.0,Bartramia longicauda,Upland Sandpiper,0.0123,D:/AcousticMonitoringData/ELDON3_Data/Week16\ELDON3_20250422_185600.wav
2370.0,2373.0,Eremophila alpestris,Horned Lark,0.0396,D:/AcousticMonitoringData/ELDON3_Data/Week16\ELDON3_20250422_185600.wav
2370.0,2373.0,Sturnella magna,Eastern Meadowlark,0.0104,D:/AcousticMonitoringData/ELDON3_Data/Week16\ELDON3_20250422_185600.wav
2373.0,2376.0,Sturnella magna,Eastern Meadowlark,0.0480,D:/AcousticMonitoringData/ELDON3_Data/Week16\ELDON3_20250422_185600.wav
2373.0,2376.0,Eremophila alpestris,Horned Lark,0.0122,D:/AcousticMonitoringData/ELDON3_Data/Week16\ELDON3_20250422_185600.wav
2379.0,2382.0,Eremophila alpestris,Horned Lark,0.0141,D:/AcousticMonitoringData/ELDON3_Data/Week16\ELDON3_20250422_185600.wav
2382.0,2385.0,Bartramia longicauda,Upland Sandpiper,0.0234,D:/AcousticMonitoringData/ELDON3_Data/Week16\ELDON3_20250422_185600.wav
2382.0,2385.0,Eremophila alpestris,Horned Lark,0.0132,D:/AcousticMonitoringData/ELDON3_Data/Week16\ELDON3_20250422_185600.wav
2385.0,2388.0,Sturnella magna,Eastern Meadowlark,0.0385,D:/AcousticMonitoringData/ELDON3_Data/Week16\ELDON3_20250422_185600.wav
2385.0,2388.0,Bartramia longicauda,Upland Sandpiper,0.0201,D:/AcousticMonitoringData/ELDON3_Data/Week16\ELDON3_20250422_185600.wav
2385.0,2388.0,Eremophila alpestris,Horned Lark,0.0200,D:/AcousticMonitoringData/ELDON3_Data/Week16\ELDON3_20250422_185600.wav
2388.0,2391.0,Eremophila alpestris,Horned Lark,0.0574,D:/AcousticMonitoringData/ELDON3_Data/Week16\ELDON3_20250422_185600.wav
2388.0,2391.0,Sturnella magna,Eastern Meadowlark,0.0229,D:/AcousticMonitoringData/ELDON3_Data/Week16\ELDON3_20250422_185600.wav
2388.0,2391.0,Bartramia longicauda,Upland Sandpiper,0.0131,D:/AcousticMonitoringData/ELDON3_Data/Week16\ELDON3_20250422_185600.wav
2391.0,2394.0,Eremophila alpestris,Horned Lark,0.0129,D:/AcousticMonitoringData/ELDON3_Data/Week16\ELDON3_20250422_185600.wav
2406.0,2409.0,Sturnella magna,Eastern Meadowlark,0.0197,D:/AcousticMonitoringData/ELDON3_Data/Week16\ELDON3_20250422_185600.wav
2406.0,2409.0,Bartramia longicauda,Upland Sandpiper,0.0183,D:/AcousticMonitoringData/ELDON3_Data/Week16\ELDON3_20250422_185600.wav
2406.0,2409.0,Eremophila alpestris,Horned Lark,0.0116,D:/AcousticMonitoringData/ELDON3_Data/Week16\ELDON3_20250422_185600.wav
2409.0,2412.0,Eremophila alpestris,Horned Lark,0.0134,D:/AcousticMonitoringData/ELDON3_Data/Week16\ELDON3_20250422_185600.wav
2415.0,2418.0,Bartramia longicauda,Upland Sandpiper,0.0131,D:/AcousticMonitoringData/ELDON3_Data/Week16\ELDON3_20250422_185600.wav
2436.0,2439.0,Bartramia longicauda,Upland Sandpiper,0.0201,D:/AcousticMonitoringData/ELDON3_Data/Week16\ELDON3_20250422_185600.wav
2439.0,2442.0,Eremophila alpestris,Horned Lark,0.0176,D:/AcousticMonitoringData/ELDON3_Data/Week16\ELDON3_20250422_185600.wav
2439.0,2442.0,Sturnella magna,Eastern Meadowlark,0.0100,D:/AcousticMonitoringData/ELDON3_Data/Week16\ELDON3_20250422_185600.wav
2442.0,2445.0,Sturnella magna,Eastern Meadowlark,0.0382,D:/AcousticMonitoringData/ELDON3_Data/Week16\ELDON3_20250422_185600.wav
2442.0,2445.0,Bartramia longicauda,Upland Sandpiper,0.0123,D:/AcousticMonitoringData/ELDON3_Data/Week16\ELDON3_20250422_185600.wav
2445.0,2448.0,Sturnella magna,Eastern Meadowlark,0.0100,D:/AcousticMonitoringData/ELDON3_Data/Week16\ELDON3_20250422_185600.wav
2448.0,2451.0,Eremophila alpestris,Horned Lark,0.0348,D:/AcousticMonitoringData/ELDON3_Data/Week16\ELDON3_20250422_185600.wav
2454.0,2457.0,Eremophila alpestris,Horned Lark,0.0114,D:/AcousticMonitoringData/ELDON3_Data/Week16\ELDON3_20250422_185600.wav
2460.0,2463.0,Bartramia longicauda,Upland Sandpiper,0.0122,D:/AcousticMonitoringData/ELDON3_Data/Week16\ELDON3_20250422_185600.wav
2469.0,2472.0,Bartramia longicauda,Upland Sandpiper,0.0112,D:/AcousticMonitoringData/ELDON3_Data/Week16\ELDON3_20250422_185600.wav
2472.0,2475.0,Sturnella magna,Eastern Meadowlark,0.0208,D:/AcousticMonitoringData/ELDON3_Data/Week16\ELDON3_20250422_185600.wav
2472.0,2475.0,Eremophila alpestris,Horned Lark,0.0174,D:/AcousticMonitoringData/ELDON3_Data/Week16\ELDON3_20250422_185600.wav
2475.0,2478.0,Sturnella magna,Eastern Meadowlark,0.0115,D:/AcousticMonitoringData/ELDON3_Data/Week16\ELDON3_20250422_185600.wav
2478.0,2481.0,Sturnella magna,Eastern Meadowlark,0.0552,D:/AcousticMonitoringData/ELDON3_Data/Week16\ELDON3_20250422_185600.wav
2484.0,2487.0,Melospiza melodia,Song Sparrow,0.0165,D:/AcousticMonitoringData/ELDON3_Data/Week16\ELDON3_20250422_185600.wav
2487.0,2490.0,Melospiza melodia,Song Sparrow,0.0130,D:/AcousticMonitoringData/ELDON3_Data/Week16\ELDON3_20250422_185600.wav
2496.0,2499.0,Bartramia longicauda,Upland Sandpiper,0.0444,D:/AcousticMonitoringData/ELDON3_Data/Week16\ELDON3_20250422_185600.wav
2505.0,2508.0,Sturnella magna,Eastern Meadowlark,0.0139,D:/AcousticMonitoringData/ELDON3_Data/Week16\ELDON3_20250422_185600.wav
2505.0,2508.0,Eremophila alpestris,Horned Lark,0.0122,D:/AcousticMonitoringData/ELDON3_Data/Week16\ELDON3_20250422_185600.wav
2508.0,2511.0,Sturnella magna,Eastern Meadowlark,0.0181,D:/AcousticMonitoringData/ELDON3_Data/Week16\ELDON3_20250422_185600.wav
2508.0,2511.0,Eremophila alpestris,Horned Lark,0.0180,D:/AcousticMonitoringData/ELDON3_Data/Week16\ELDON3_20250422_185600.wav
2517.0,2520.0,Sturnella magna,Eastern Meadowlark,0.0236,D:/AcousticMonitoringData/ELDON3_Data/Week16\ELDON3_20250422_185600.wav
2532.0,2535.0,Geothlypis trichas,Common Yellowthroat,0.0201,D:/AcousticMonitoringData/ELDON3_Data/Week16\ELDON3_20250422_185600.wav
2532.0,2535.0,Sturnella magna,Eastern Meadowlark,0.0115,D:/AcousticMonitoringData/ELDON3_Data/Week16\ELDON3_20250422_185600.wav
2544.0,2547.0,Sturnella magna,Eastern Meadowlark,0.0218,D:/AcousticMonitoringData/ELDON3_Data/Week16\ELDON3_20250422_185600.wav
2544.0,2547.0,Bartramia longicauda,Upland Sandpiper,0.0133,D:/AcousticMonitoringData/ELDON3_Data/Week16\ELDON3_20250422_185600.wav
2547.0,2550.0,Sturnella magna,Eastern Meadowlark,0.0349,D:/AcousticMonitoringData/ELDON3_Data/Week16\ELDON3_20250422_185600.wav
2556.0,2559.0,Eremophila alpestris,Horned Lark,0.0101,D:/AcousticMonitoringData/ELDON3_Data/Week16\ELDON3_20250422_185600.wav
2559.0,2562.0,Bartramia longicauda,Upland Sandpiper,0.0507,D:/AcousticMonitoringData/ELDON3_Data/Week16\ELDON3_20250422_185600.wav
2559.0,2562.0,Sturnella magna,Eastern Meadowlark,0.0129,D:/AcousticMonitoringData/ELDON3_Data/Week16\ELDON3_20250422_185600.wav
2562.0,2565.0,Sturnella magna,Eastern Meadowlark,0.0148,D:/AcousticMonitoringData/ELDON3_Data/Week16\ELDON3_20250422_185600.wav
2562.0,2565.0,Bartramia longicauda,Upland Sandpiper,0.0121,D:/AcousticMonitoringData/ELDON3_Data/Week16\ELDON3_20250422_185600.wav
2565.0,2568.0,Sturnella magna,Eastern Meadowlark,0.0164,D:/AcousticMonitoringData/ELDON3_Data/Week16\ELDON3_20250422_185600.wav
2565.0,2568.0,Eremophila alpestris,Horned Lark,0.0102,D:/AcousticMonitoringData/ELDON3_Data/Week16\ELDON3_20250422_185600.wav
2568.0,2571.0,Passerina caerulea,Blue Grosbeak,0.0503,D:/AcousticMonitoringData/ELDON3_Data/Week16\ELDON3_20250422_185600.wav
2571.0,2574.0,Bartramia longicauda,Upland Sandpiper,0.0205,D:/AcousticMonitoringData/ELDON3_Data/Week16\ELDON3_20250422_185600.wav
2583.0,2586.0,Sturnella magna,Eastern Meadowlark,0.0506,D:/AcousticMonitoringData/ELDON3_Data/Week16\ELDON3_20250422_185600.wav
2583.0,2586.0,Bartramia longicauda,Upland Sandpiper,0.0107,D:/AcousticMonitoringData/ELDON3_Data/Week16\ELDON3_20250422_185600.wav
2586.0,2589.0,Eremophila alpestris,Horned Lark,0.0308,D:/AcousticMonitoringData/ELDON3_Data/Week16\ELDON3_20250422_185600.wav
2589.0,2592.0,Eremophila alpestris,Horned Lark,0.0160,D:/AcousticMonitoringData/ELDON3_Data/Week16\ELDON3_20250422_185600.wav
2589.0,2592.0,Sturnella magna,Eastern Meadowlark,0.0109,D:/AcousticMonitoringData/ELDON3_Data/Week16\ELDON3_20250422_185600.wav
2592.0,2595.0,Eremophila alpestris,Horned Lark,0.0184,D:/AcousticMonitoringData/ELDON3_Data/Week16\ELDON3_20250422_185600.wav
2595.0,2598.0,Eremophila alpestris,Horned Lark,0.0145,D:/AcousticMonitoringData/ELDON3_Data/Week16\ELDON3_20250422_185600.wav
2601.0,2604.0,Eremophila alpestris,Horned Lark,0.0108,D:/AcousticMonitoringData/ELDON3_Data/Week16\ELDON3_20250422_185600.wav
2604.0,2607.0,Sturnella magna,Eastern Meadowlark,0.0713,D:/AcousticMonitoringData/ELDON3_Data/Week16\ELDON3_20250422_185600.wav
2604.0,2607.0,Eremophila alpestris,Horned Lark,0.0174,D:/AcousticMonitoringData/ELDON3_Data/Week16\ELDON3_20250422_185600.wav
2607.0,2610.0,Sturnella magna,Eastern Meadowlark,0.1315,D:/AcousticMonitoringData/ELDON3_Data/Week16\ELDON3_20250422_185600.wav
2610.0,2613.0,Sturnella magna,Eastern Meadowlark,0.0306,D:/AcousticMonitoringData/ELDON3_Data/Week16\ELDON3_20250422_185600.wav
2610.0,2613.0,Bartramia longicauda,Upland Sandpiper,0.0114,D:/AcousticMonitoringData/ELDON3_Data/Week16\ELDON3_20250422_185600.wav
2616.0,2619.0,Sturnella magna,Eastern Meadowlark,0.5391,D:/AcousticMonitoringData/ELDON3_Data/Week16\ELDON3_20250422_185600.wav
2616.0,2619.0,Bartramia longicauda,Upland Sandpiper,0.0415,D:/AcousticMonitoringData/ELDON3_Data/Week16\ELDON3_20250422_185600.wav
2616.0,2619.0,Eremophila alpestris,Horned Lark,0.0101,D:/AcousticMonitoringData/ELDON3_Data/Week16\ELDON3_20250422_185600.wav
2619.0,2622.0,Sturnella magna,Eastern Meadowlark,0.1026,D:/AcousticMonitoringData/ELDON3_Data/Week16\ELDON3_20250422_185600.wav
2619.0,2622.0,Eremophila alpestris,Horned Lark,0.0122,D:/AcousticMonitoringData/ELDON3_Data/Week16\ELDON3_20250422_185600.wav
2622.0,2625.0,Sturnella magna,Eastern Meadowlark,0.4807,D:/AcousticMonitoringData/ELDON3_Data/Week16\ELDON3_20250422_185600.wav
2622.0,2625.0,Bartramia longicauda,Upland Sandpiper,0.0384,D:/AcousticMonitoringData/ELDON3_Data/Week16\ELDON3_20250422_185600.wav
2625.0,2628.0,Eremophila alpestris,Horned Lark,0.0106,D:/AcousticMonitoringData/ELDON3_Data/Week16\ELDON3_20250422_185600.wav
2628.0,2631.0,Sturnella magna,Eastern Meadowlark,0.7508,D:/AcousticMonitoringData/ELDON3_Data/Week16\ELDON3_20250422_185600.wav
2628.0,2631.0,Bartramia longicauda,Upland Sandpiper,0.0141,D:/AcousticMonitoringData/ELDON3_Data/Week16\ELDON3_20250422_185600.wav
2631.0,2634.0,Eremophila alpestris,Horned Lark,0.0185,D:/AcousticMonitoringData/ELDON3_Data/Week16\ELDON3_20250422_185600.wav
2631.0,2634.0,Sturnella magna,Eastern Meadowlark,0.0176,D:/AcousticMonitoringData/ELDON3_Data/Week16\ELDON3_20250422_185600.wav
2634.0,2637.0,Sturnella magna,Eastern Meadowlark,0.3913,D:/AcousticMonitoringData/ELDON3_Data/Week16\ELDON3_20250422_185600.wav
2634.0,2637.0,Bartramia longicauda,Upland Sandpiper,0.0171,D:/AcousticMonitoringData/ELDON3_Data/Week16\ELDON3_20250422_185600.wav
2640.0,2643.0,Sturnella magna,Eastern Meadowlark,0.0325,D:/AcousticMonitoringData/ELDON3_Data/Week16\ELDON3_20250422_185600.wav
2640.0,2643.0,Eremophila alpestris,Horned Lark,0.0176,D:/AcousticMonitoringData/ELDON3_Data/Week16\ELDON3_20250422_185600.wav
2643.0,2646.0,Sturnella magna,Eastern Meadowlark,0.4019,D:/AcousticMonitoringData/ELDON3_Data/Week16\ELDON3_20250422_185600.wav
2643.0,2646.0,Bartramia longicauda,Upland Sandpiper,0.0137,D:/AcousticMonitoringData/ELDON3_Data/Week16\ELDON3_20250422_185600.wav
2643.0,2646.0,Eremophila alpestris,Horned Lark,0.0108,D:/AcousticMonitoringData/ELDON3_Data/Week16\ELDON3_20250422_185600.wav
2649.0,2652.0,Sturnella magna,Eastern Meadowlark,0.6400,D:/AcousticMonitoringData/ELDON3_Data/Week16\ELDON3_20250422_185600.wav
2649.0,2652.0,Bartramia longicauda,Upland Sandpiper,0.0225,D:/AcousticMonitoringData/ELDON3_Data/Week16\ELDON3_20250422_185600.wav
2652.0,2655.0,Eremophila alpestris,Horned Lark,0.0182,D:/AcousticMonitoringData/ELDON3_Data/Week16\ELDON3_20250422_185600.wav
2655.0,2658.0,Sturnella magna,Eastern Meadowlark,0.5381,D:/AcousticMonitoringData/ELDON3_Data/Week16\ELDON3_20250422_185600.wav
2655.0,2658.0,Bartramia longicauda,Upland Sandpiper,0.0252,D:/AcousticMonitoringData/ELDON3_Data/Week16\ELDON3_20250422_185600.wav
2655.0,2658.0,Eremophila alpestris,Horned Lark,0.0100,D:/AcousticMonitoringData/ELDON3_Data/Week16\ELDON3_20250422_185600.wav
2658.0,2661.0,Eremophila alpestris,Horned Lark,0.0240,D:/AcousticMonitoringData/ELDON3_Data/Week16\ELDON3_20250422_185600.wav
2661.0,2664.0,Sturnella magna,Eastern Meadowlark,0.3492,D:/AcousticMonitoringData/ELDON3_Data/Week16\ELDON3_20250422_185600.wav
2664.0,2667.0,Eremophila alpestris,Horned Lark,0.0104,D:/AcousticMonitoringData/ELDON3_Data/Week16\ELDON3_20250422_185600.wav
2667.0,2670.0,Sturnella magna,Eastern Meadowlark,0.4196,D:/AcousticMonitoringData/ELDON3_Data/Week16\ELDON3_20250422_185600.wav
2667.0,2670.0,Bartramia longicauda,Upland Sandpiper,0.0127,D:/AcousticMonitoringData/ELDON3_Data/Week16\ELDON3_20250422_185600.wav
2670.0,2673.0,Sturnella magna,Eastern Meadowlark,0.2208,D:/AcousticMonitoringData/ELDON3_Data/Week16\ELDON3_20250422_185600.wav
2670.0,2673.0,Eremophila alpestris,Horned Lark,0.0164,D:/AcousticMonitoringData/ELDON3_Data/Week16\ELDON3_20250422_185600.wav
2673.0,2676.0,Sturnella magna,Eastern Meadowlark,0.0246,D:/AcousticMonitoringData/ELDON3_Data/Week16\ELDON3_20250422_185600.wav
2676.0,2679.0,Sturnella magna,Eastern Meadowlark,0.3491,D:/AcousticMonitoringData/ELDON3_Data/Week16\ELDON3_20250422_185600.wav
2676.0,2679.0,Bartramia longicauda,Upland Sandpiper,0.0243,D:/AcousticMonitoringData/ELDON3_Data/Week16\ELDON3_20250422_185600.wav
2682.0,2685.0,Sturnella magna,Eastern Meadowlark,0.0237,D:/AcousticMonitoringData/ELDON3_Data/Week16\ELDON3_20250422_185600.wav
2682.0,2685.0,Eremophila alpestris,Horned Lark,0.0164,D:/AcousticMonitoringData/ELDON3_Data/Week16\ELDON3_20250422_185600.wav
2682.0,2685.0,Bartramia longicauda,Upland Sandpiper,0.0119,D:/AcousticMonitoringData/ELDON3_Data/Week16\ELDON3_20250422_185600.wav
2685.0,2688.0,Sturnella magna,Eastern Meadowlark,0.6311,D:/AcousticMonitoringData/ELDON3_Data/Week16\ELDON3_20250422_185600.wav
2685.0,2688.0,Bartramia longicauda,Upland Sandpiper,0.0243,D:/AcousticMonitoringData/ELDON3_Data/Week16\ELDON3_20250422_185600.wav
2694.0,2697.0,Geothlypis trichas,Common Yellowthroat,0.0100,D:/AcousticMonitoringData/ELDON3_Data/Week16\ELDON3_20250422_185600.wav
2697.0,2700.0,Passerina caerulea,Blue Grosbeak,0.0352,D:/AcousticMonitoringData/ELDON3_Data/Week16\ELDON3_20250422_185600.wav
2703.0,2706.0,Passerina caerulea,Blue Grosbeak,0.0131,D:/AcousticMonitoringData/ELDON3_Data/Week16\ELDON3_20250422_185600.wav
2706.0,2709.0,Sturnella magna,Eastern Meadowlark,0.0126,D:/AcousticMonitoringData/ELDON3_Data/Week16\ELDON3_20250422_185600.wav
2709.0,2712.0,Sturnella magna,Eastern Meadowlark,0.0146,D:/AcousticMonitoringData/ELDON3_Data/Week16\ELDON3_20250422_185600.wav
2715.0,2718.0,Passerina caerulea,Blue Grosbeak,0.0112,D:/AcousticMonitoringData/ELDON3_Data/Week16\ELDON3_20250422_185600.wav
2724.0,2727.0,Bartramia longicauda,Upland Sandpiper,0.0180,D:/AcousticMonitoringData/ELDON3_Data/Week16\ELDON3_20250422_185600.wav
2724.0,2727.0,Eremophila alpestris,Horned Lark,0.0138,D:/AcousticMonitoringData/ELDON3_Data/Week16\ELDON3_20250422_185600.wav
2730.0,2733.0,Sturnella magna,Eastern Meadowlark,0.0690,D:/AcousticMonitoringData/ELDON3_Data/Week16\ELDON3_20250422_185600.wav
2730.0,2733.0,Bartramia longicauda,Upland Sandpiper,0.0121,D:/AcousticMonitoringData/ELDON3_Data/Week16\ELDON3_20250422_185600.wav
2730.0,2733.0,Eremophila alpestris,Horned Lark,0.0102,D:/AcousticMonitoringData/ELDON3_Data/Week16\ELDON3_20250422_185600.wav
2736.0,2739.0,Sturnella magna,Eastern Meadowlark,0.0308,D:/AcousticMonitoringData/ELDON3_Data/Week16\ELDON3_20250422_185600.wav
2736.0,2739.0,Spizella pusilla,Field Sparrow,0.0120,D:/AcousticMonitoringData/ELDON3_Data/Week16\ELDON3_20250422_185600.wav
2739.0,2742.0,Sturnella magna,Eastern Meadowlark,0.0892,D:/AcousticMonitoringData/ELDON3_Data/Week16\ELDON3_20250422_185600.wav
2739.0,2742.0,Eremophila alpestris,Horned Lark,0.0109,D:/AcousticMonitoringData/ELDON3_Data/Week16\ELDON3_20250422_185600.wav
2739.0,2742.0,Bartramia longicauda,Upland Sandpiper,0.0100,D:/AcousticMonitoringData/ELDON3_Data/Week16\ELDON3_20250422_185600.wav
2742.0,2745.0,Sturnella magna,Eastern Meadowlark,0.0396,D:/AcousticMonitoringData/ELDON3_Data/Week16\ELDON3_20250422_185600.wav
2745.0,2748.0,Sturnella magna,Eastern Meadowlark,0.0135,D:/AcousticMonitoringData/ELDON3_Data/Week16\ELDON3_20250422_185600.wav
2748.0,2751.0,Sturnella magna,Eastern Meadowlark,0.0352,D:/AcousticMonitoringData/ELDON3_Data/Week16\ELDON3_20250422_185600.wav
2748.0,2751.0,Spizella pusilla,Field Sparrow,0.0138,D:/AcousticMonitoringData/ELDON3_Data/Week16\ELDON3_20250422_185600.wav
2748.0,2751.0,Passerina caerulea,Blue Grosbeak,0.0120,D:/AcousticMonitoringData/ELDON3_Data/Week16\ELDON3_20250422_185600.wav
2751.0,2754.0,Sturnella magna,Eastern Meadowlark,0.0148,D:/AcousticMonitoringData/ELDON3_Data/Week16\ELDON3_20250422_185600.wav
2754.0,2757.0,Sturnella magna,Eastern Meadowlark,0.0185,D:/AcousticMonitoringData/ELDON3_Data/Week16\ELDON3_20250422_185600.wav
2754.0,2757.0,Geothlypis trichas,Common Yellowthroat,0.0125,D:/AcousticMonitoringData/ELDON3_Data/Week16\ELDON3_20250422_185600.wav
2757.0,2760.0,Sturnella magna,Eastern Meadowlark,0.1381,D:/AcousticMonitoringData/ELDON3_Data/Week16\ELDON3_20250422_185600.wav
2757.0,2760.0,Geothlypis trichas,Common Yellowthroat,0.0122,D:/AcousticMonitoringData/ELDON3_Data/Week16\ELDON3_20250422_185600.wav
2760.0,2763.0,Geothlypis trichas,Common Yellowthroat,0.0148,D:/AcousticMonitoringData/ELDON3_Data/Week16\ELDON3_20250422_185600.wav
2766.0,2769.0,Sturnella magna,Eastern Meadowlark,0.0413,D:/AcousticMonitoringData/ELDON3_Data/Week16\ELDON3_20250422_185600.wav
2766.0,2769.0,Bartramia longicauda,Upland Sandpiper,0.0182,D:/AcousticMonitoringData/ELDON3_Data/Week16\ELDON3_20250422_185600.wav
2769.0,2772.0,Sturnella magna,Eastern Meadowlark,0.0551,D:/AcousticMonitoringData/ELDON3_Data/Week16\ELDON3_20250422_185600.wav
2769.0,2772.0,Bartramia longicauda,Upland Sandpiper,0.0222,D:/AcousticMonitoringData/ELDON3_Data/Week16\ELDON3_20250422_185600.wav
2775.0,2778.0,Sturnella magna,Eastern Meadowlark,0.0340,D:/AcousticMonitoringData/ELDON3_Data/Week16\ELDON3_20250422_185600.wav
2775.0,2778.0,Bartramia longicauda,Upland Sandpiper,0.0194,D:/AcousticMonitoringData/ELDON3_Data/Week16\ELDON3_20250422_185600.wav
2781.0,2784.0,Sturnella magna,Eastern Meadowlark,0.0377,D:/AcousticMonitoringData/ELDON3_Data/Week16\ELDON3_20250422_185600.wav
2781.0,2784.0,Geothlypis trichas,Common Yellowthroat,0.0112,D:/AcousticMonitoringData/ELDON3_Data/Week16\ELDON3_20250422_185600.wav
2784.0,2787.0,Sturnella magna,Eastern Meadowlark,0.0159,D:/AcousticMonitoringData/ELDON3_Data/Week16\ELDON3_20250422_185600.wav
2790.0,2793.0,Sturnella magna,Eastern Meadowlark,0.0124,D:/AcousticMonitoringData/ELDON3_Data/Week16\ELDON3_20250422_185600.wav
2793.0,2796.0,Sturnella magna,Eastern Meadowlark,0.0149,D:/AcousticMonitoringData/ELDON3_Data/Week16\ELDON3_20250422_185600.wav
2793.0,2796.0,Bartramia longicauda,Upland Sandpiper,0.0125,D:/AcousticMonitoringData/ELDON3_Data/Week16\ELDON3_20250422_185600.wav
2796.0,2799.0,Sturnella magna,Eastern Meadowlark,0.0217,D:/AcousticMonitoringData/ELDON3_Data/Week16\ELDON3_20250422_185600.wav
2799.0,2802.0,Sturnella magna,Eastern Meadowlark,0.0293,D:/AcousticMonitoringData/ELDON3_Data/Week16\ELDON3_20250422_185600.wav
2802.0,2805.0,Geothlypis trichas,Common Yellowthroat,0.0227,D:/AcousticMonitoringData/ELDON3_Data/Week16\ELDON3_20250422_185600.wav
2805.0,2808.0,Sturnella magna,Eastern Meadowlark,0.0395,D:/AcousticMonitoringData/ELDON3_Data/Week16\ELDON3_20250422_185600.wav
2805.0,2808.0,Bartramia longicauda,Upland Sandpiper,0.0195,D:/AcousticMonitoringData/ELDON3_Data/Week16\ELDON3_20250422_185600.wav
2805.0,2808.0,Geothlypis trichas,Common Yellowthroat,0.0162,D:/AcousticMonitoringData/ELDON3_Data/Week16\ELDON3_20250422_185600.wav
2808.0,2811.0,Sturnella magna,Eastern Meadowlark,0.0252,D:/AcousticMonitoringData/ELDON3_Data/Week16\ELDON3_20250422_185600.wav
2811.0,2814.0,Sturnella magna,Eastern Meadowlark,0.0508,D:/AcousticMonitoringData/ELDON3_Data/Week16\ELDON3_20250422_185600.wav
2811.0,2814.0,Spizella pusilla,Field Sparrow,0.0108,D:/AcousticMonitoringData/ELDON3_Data/Week16\ELDON3_20250422_185600.wav
2814.0,2817.0,Geothlypis trichas,Common Yellowthroat,0.0340,D:/AcousticMonitoringData/ELDON3_Data/Week16\ELDON3_20250422_185600.wav
2814.0,2817.0,Sturnella magna,Eastern Meadowlark,0.0110,D:/AcousticMonitoringData/ELDON3_Data/Week16\ELDON3_20250422_185600.wav
2823.0,2826.0,Sturnella magna,Eastern Meadowlark,0.0650,D:/AcousticMonitoringData/ELDON3_Data/Week16\ELDON3_20250422_185600.wav
2829.0,2832.0,Sturnella magna,Eastern Meadowlark,0.0351,D:/AcousticMonitoringData/ELDON3_Data/Week16\ELDON3_20250422_185600.wav
2829.0,2832.0,Bartramia longicauda,Upland Sandpiper,0.0235,D:/AcousticMonitoringData/ELDON3_Data/Week16\ELDON3_20250422_185600.wav
2829.0,2832.0,Eremophila alpestris,Horned Lark,0.0128,D:/AcousticMonitoringData/ELDON3_Data/Week16\ELDON3_20250422_185600.wav
2832.0,2835.0,Sturnella magna,Eastern Meadowlark,0.0125,D:/AcousticMonitoringData/ELDON3_Data/Week16\ELDON3_20250422_185600.wav
2832.0,2835.0,Eremophila alpestris,Horned Lark,0.0120,D:/AcousticMonitoringData/ELDON3_Data/Week16\ELDON3_20250422_185600.wav
2835.0,2838.0,Eremophila alpestris,Horned Lark,0.0115,D:/AcousticMonitoringData/ELDON3_Data/Week16\ELDON3_20250422_185600.wav
2838.0,2841.0,Sturnella magna,Eastern Meadowlark,0.0465,D:/AcousticMonitoringData/ELDON3_Data/Week16\ELDON3_20250422_185600.wav
2838.0,2841.0,Eremophila alpestris,Horned Lark,0.0126,D:/AcousticMonitoringData/ELDON3_Data/Week16\ELDON3_20250422_185600.wav
2838.0,2841.0,Passerina caerulea,Blue Grosbeak,0.0124,D:/AcousticMonitoringData/ELDON3_Data/Week16\ELDON3_20250422_185600.wav
2841.0,2844.0,Sturnella magna,Eastern Meadowlark,0.0128,D:/AcousticMonitoringData/ELDON3_Data/Week16\ELDON3_20250422_185600.wav
2850.0,2853.0,Sturnella magna,Eastern Meadowlark,0.0228,D:/AcousticMonitoringData/ELDON3_Data/Week16\ELDON3_20250422_185600.wav
2856.0,2859.0,Sturnella magna,Eastern Meadowlark,0.0204,D:/AcousticMonitoringData/ELDON3_Data/Week16\ELDON3_20250422_185600.wav
2856.0,2859.0,Passerina caerulea,Blue Grosbeak,0.0149,D:/AcousticMonitoringData/ELDON3_Data/Week16\ELDON3_20250422_185600.wav
2859.0,2862.0,Eremophila alpestris,Horned Lark,0.0239,D:/AcousticMonitoringData/ELDON3_Data/Week16\ELDON3_20250422_185600.wav
2859.0,2862.0,Sturnella magna,Eastern Meadowlark,0.0102,D:/AcousticMonitoringData/ELDON3_Data/Week16\ELDON3_20250422_185600.wav
2862.0,2865.0,Eremophila alpestris,Horned Lark,0.0172,D:/AcousticMonitoringData/ELDON3_Data/Week16\ELDON3_20250422_185600.wav
2865.0,2868.0,Sturnella magna,Eastern Meadowlark,0.0179,D:/AcousticMonitoringData/ELDON3_Data/Week16\ELDON3_20250422_185600.wav
2868.0,2871.0,Eremophila alpestris,Horned Lark,0.0173,D:/AcousticMonitoringData/ELDON3_Data/Week16\ELDON3_20250422_185600.wav
2877.0,2880.0,Sturnella magna,Eastern Meadowlark,0.0465,D:/AcousticMonitoringData/ELDON3_Data/Week16\ELDON3_20250422_185600.wav
2880.0,2883.0,Eremophila alpestris,Horned Lark,0.0170,D:/AcousticMonitoringData/ELDON3_Data/Week16\ELDON3_20250422_185600.wav
2886.0,2889.0,Eremophila alpestris,Horned Lark,0.0133,D:/AcousticMonitoringData/ELDON3_Data/Week16\ELDON3_20250422_185600.wav
2892.0,2895.0,Sturnella magna,Eastern Meadowlark,0.0354,D:/AcousticMonitoringData/ELDON3_Data/Week16\ELDON3_20250422_185600.wav
2892.0,2895.0,Eremophila alpestris,Horned Lark,0.0232,D:/AcousticMonitoringData/ELDON3_Data/Week16\ELDON3_20250422_185600.wav
2895.0,2898.0,Sturnella magna,Eastern Meadowlark,0.0728,D:/AcousticMonitoringData/ELDON3_Data/Week16\ELDON3_20250422_185600.wav
2898.0,2901.0,Eremophila alpestris,Horned Lark,0.0364,D:/AcousticMonitoringData/ELDON3_Data/Week16\ELDON3_20250422_185600.wav
2901.0,2904.0,Sturnella magna,Eastern Meadowlark,0.4853,D:/AcousticMonitoringData/ELDON3_Data/Week16\ELDON3_20250422_185600.wav
2901.0,2904.0,Bartramia longicauda,Upland Sandpiper,0.0251,D:/AcousticMonitoringData/ELDON3_Data/Week16\ELDON3_20250422_185600.wav
2904.0,2907.0,Sturnella magna,Eastern Meadowlark,0.2332,D:/AcousticMonitoringData/ELDON3_Data/Week16\ELDON3_20250422_185600.wav
2913.0,2916.0,Sturnella magna,Eastern Meadowlark,0.4683,D:/AcousticMonitoringData/ELDON3_Data/Week16\ELDON3_20250422_185600.wav
2913.0,2916.0,Bartramia longicauda,Upland Sandpiper,0.0158,D:/AcousticMonitoringData/ELDON3_Data/Week16\ELDON3_20250422_185600.wav
2916.0,2919.0,Sturnella magna,Eastern Meadowlark,0.2165,D:/AcousticMonitoringData/ELDON3_Data/Week16\ELDON3_20250422_185600.wav
2919.0,2922.0,Sturnella magna,Eastern Meadowlark,0.0294,D:/AcousticMonitoringData/ELDON3_Data/Week16\ELDON3_20250422_185600.wav
2919.0,2922.0,Eremophila alpestris,Horned Lark,0.0220,D:/AcousticMonitoringData/ELDON3_Data/Week16\ELDON3_20250422_185600.wav
2922.0,2925.0,Eremophila alpestris,Horned Lark,0.0226,D:/AcousticMonitoringData/ELDON3_Data/Week16\ELDON3_20250422_185600.wav
2925.0,2928.0,Eremophila alpestris,Horned Lark,0.0461,D:/AcousticMonitoringData/ELDON3_Data/Week16\ELDON3_20250422_185600.wav
2928.0,2931.0,Eremophila alpestris,Horned Lark,0.0957,D:/AcousticMonitoringData/ELDON3_Data/Week16\ELDON3_20250422_185600.wav
2928.0,2931.0,Sturnella magna,Eastern Meadowlark,0.0161,D:/AcousticMonitoringData/ELDON3_Data/Week16\ELDON3_20250422_185600.wav
2931.0,2934.0,Eremophila alpestris,Horned Lark,0.0337,D:/AcousticMonitoringData/ELDON3_Data/Week16\ELDON3_20250422_185600.wav
2934.0,2937.0,Eremophila alpestris,Horned Lark,0.0380,D:/AcousticMonitoringData/ELDON3_Data/Week16\ELDON3_20250422_185600.wav
2937.0,2940.0,Sturnella magna,Eastern Meadowlark,0.0242,D:/AcousticMonitoringData/ELDON3_Data/Week16\ELDON3_20250422_185600.wav
2937.0,2940.0,Spizella pusilla,Field Sparrow,0.0125,D:/AcousticMonitoringData/ELDON3_Data/Week16\ELDON3_20250422_185600.wav
2937.0,2940.0,Eremophila alpestris,Horned Lark,0.0106,D:/AcousticMonitoringData/ELDON3_Data/Week16\ELDON3_20250422_185600.wav
2940.0,2943.0,Eremophila alpestris,Horned Lark,0.0154,D:/AcousticMonitoringData/ELDON3_Data/Week16\ELDON3_20250422_185600.wav
2976.0,2979.0,Geothlypis trichas,Common Yellowthroat,0.0367,D:/AcousticMonitoringData/ELDON3_Data/Week16\ELDON3_20250422_185600.wav
2985.0,2988.0,Eremophila alpestris,Horned Lark,0.0114,D:/AcousticMonitoringData/ELDON3_Data/Week16\ELDON3_20250422_185600.wav
2985.0,2988.0,Sturnella magna,Eastern Meadowlark,0.0110,D:/AcousticMonitoringData/ELDON3_Data/Week16\ELDON3_20250422_185600.wav
2988.0,2991.0,Sturnella magna,Eastern Meadowlark,0.0335,D:/AcousticMonitoringData/ELDON3_Data/Week16\ELDON3_20250422_185600.wav
2988.0,2991.0,Eremophila alpestris,Horned Lark,0.0192,D:/AcousticMonitoringData/ELDON3_Data/Week16\ELDON3_20250422_185600.wav
2997.0,3000.0,Bartramia longicauda,Upland Sandpiper,0.0238,D:/AcousticMonitoringData/ELDON3_Data/Week16\ELDON3_20250422_185600.wav
2997.0,3000.0,Eremophila alpestris,Horned Lark,0.0171,D:/AcousticMonitoringData/ELDON3_Data/Week16\ELDON3_20250422_185600.wav
2997.0,3000.0,Sturnella magna,Eastern Meadowlark,0.0102,D:/AcousticMonitoringData/ELDON3_Data/Week16\ELDON3_20250422_185600.wav
3000.0,3003.0,Eremophila alpestris,Horned Lark,0.0239,D:/AcousticMonitoringData/ELDON3_Data/Week16\ELDON3_20250422_185600.wav
3000.0,3003.0,Bartramia longicauda,Upland Sandpiper,0.0129,D:/AcousticMonitoringData/ELDON3_Data/Week16\ELDON3_20250422_185600.wav
3000.0,3003.0,Sturnella magna,Eastern Meadowlark,0.0109,D:/AcousticMonitoringData/ELDON3_Data/Week16\ELDON3_20250422_185600.wav
3003.0,3006.0,Sturnella magna,Eastern Meadowlark,0.2460,D:/AcousticMonitoringData/ELDON3_Data/Week16\ELDON3_20250422_185600.wav
3003.0,3006.0,Eremophila alpestris,Horned Lark,0.0268,D:/AcousticMonitoringData/ELDON3_Data/Week16\ELDON3_20250422_185600.wav
3006.0,3009.0,Sturnella magna,Eastern Meadowlark,0.4384,D:/AcousticMonitoringData/ELDON3_Data/Week16\ELDON3_20250422_185600.wav
3006.0,3009.0,Bartramia longicauda,Upland Sandpiper,0.0127,D:/AcousticMonitoringData/ELDON3_Data/Week16\ELDON3_20250422_185600.wav
3009.0,3012.0,Sturnella magna,Eastern Meadowlark,0.3673,D:/AcousticMonitoringData/ELDON3_Data/Week16\ELDON3_20250422_185600.wav
3015.0,3018.0,Sturnella magna,Eastern Meadowlark,0.5831,D:/AcousticMonitoringData/ELDON3_Data/Week16\ELDON3_20250422_185600.wav
3018.0,3021.0,Sturnella magna,Eastern Meadowlark,0.9471,D:/AcousticMonitoringData/ELDON3_Data/Week16\ELDON3_20250422_185600.wav
3018.0,3021.0,Bartramia longicauda,Upland Sandpiper,0.0106,D:/AcousticMonitoringData/ELDON3_Data/Week16\ELDON3_20250422_185600.wav
3021.0,3024.0,Sturnella magna,Eastern Meadowlark,0.1532,D:/AcousticMonitoringData/ELDON3_Data/Week16\ELDON3_20250422_185600.wav
3027.0,3030.0,Sturnella magna,Eastern Meadowlark,0.9763,D:/AcousticMonitoringData/ELDON3_Data/Week16\ELDON3_20250422_185600.wav
3033.0,3036.0,Sturnella magna,Eastern Meadowlark,0.0225,D:/AcousticMonitoringData/ELDON3_Data/Week16\ELDON3_20250422_185600.wav
3036.0,3039.0,Geothlypis trichas,Common Yellowthroat,0.0106,D:/AcousticMonitoringData/ELDON3_Data/Week16\ELDON3_20250422_185600.wav
3039.0,3042.0,Sturnella magna,Eastern Meadowlark,0.5500,D:/AcousticMonitoringData/ELDON3_Data/Week16\ELDON3_20250422_185600.wav
3042.0,3045.0,Sturnella magna,Eastern Meadowlark,0.4820,D:/AcousticMonitoringData/ELDON3_Data/Week16\ELDON3_20250422_185600.wav
3042.0,3045.0,Bartramia longicauda,Upland Sandpiper,0.0231,D:/AcousticMonitoringData/ELDON3_Data/Week16\ELDON3_20250422_185600.wav
3042.0,3045.0,Passerina caerulea,Blue Grosbeak,0.0145,D:/AcousticMonitoringData/ELDON3_Data/Week16\ELDON3_20250422_185600.wav
3048.0,3051.0,Sturnella magna,Eastern Meadowlark,0.0452,D:/AcousticMonitoringData/ELDON3_Data/Week16\ELDON3_20250422_185600.wav
3051.0,3054.0,Sturnella magna,Eastern Meadowlark,0.7925,D:/AcousticMonitoringData/ELDON3_Data/Week16\ELDON3_20250422_185600.wav
3051.0,3054.0,Bartramia longicauda,Upland Sandpiper,0.0280,D:/AcousticMonitoringData/ELDON3_Data/Week16\ELDON3_20250422_185600.wav
3051.0,3054.0,Passerina caerulea,Blue Grosbeak,0.0195,D:/AcousticMonitoringData/ELDON3_Data/Week16\ELDON3_20250422_185600.wav
3054.0,3057.0,Spizella pusilla,Field Sparrow,0.0360,D:/AcousticMonitoringData/ELDON3_Data/Week16\ELDON3_20250422_185600.wav
3054.0,3057.0,Sturnella magna,Eastern Meadowlark,0.0245,D:/AcousticMonitoringData/ELDON3_Data/Week16\ELDON3_20250422_185600.wav
3054.0,3057.0,Passerina caerulea,Blue Grosbeak,0.0190,D:/AcousticMonitoringData/ELDON3_Data/Week16\ELDON3_20250422_185600.wav
3060.0,3063.0,Sturnella magna,Eastern Meadowlark,0.8338,D:/AcousticMonitoringData/ELDON3_Data/Week16\ELDON3_20250422_185600.wav
3060.0,3063.0,Bartramia longicauda,Upland Sandpiper,0.0223,D:/AcousticMonitoringData/ELDON3_Data/Week16\ELDON3_20250422_185600.wav
3063.0,3066.0,Sturnella magna,Eastern Meadowlark,0.4089,D:/AcousticMonitoringData/ELDON3_Data/Week16\ELDON3_20250422_185600.wav
3063.0,3066.0,Spizella pusilla,Field Sparrow,0.0117,D:/AcousticMonitoringData/ELDON3_Data/Week16\ELDON3_20250422_185600.wav
3063.0,3066.0,Bartramia longicauda,Upland Sandpiper,0.0111,D:/AcousticMonitoringData/ELDON3_Data/Week16\ELDON3_20250422_185600.wav
3069.0,3072.0,Sturnella magna,Eastern Meadowlark,0.0889,D:/AcousticMonitoringData/ELDON3_Data/Week16\ELDON3_20250422_185600.wav
3069.0,3072.0,Spizella pusilla,Field Sparrow,0.0119,D:/AcousticMonitoringData/ELDON3_Data/Week16\ELDON3_20250422_185600.wav
3069.0,3072.0,Eremophila alpestris,Horned Lark,0.0116,D:/AcousticMonitoringData/ELDON3_Data/Week16\ELDON3_20250422_185600.wav
3072.0,3075.0,Sturnella magna,Eastern Meadowlark,0.6394,D:/AcousticMonitoringData/ELDON3_Data/Week16\ELDON3_20250422_185600.wav
3075.0,3078.0,Sturnella magna,Eastern Meadowlark,0.3733,D:/AcousticMonitoringData/ELDON3_Data/Week16\ELDON3_20250422_185600.wav
3075.0,3078.0,Bartramia longicauda,Upland Sandpiper,0.0203,D:/AcousticMonitoringData/ELDON3_Data/Week16\ELDON3_20250422_185600.wav
3075.0,3078.0,Eremophila alpestris,Horned Lark,0.0108,D:/AcousticMonitoringData/ELDON3_Data/Week16\ELDON3_20250422_185600.wav
3090.0,3093.0,Sturnella magna,Eastern Meadowlark,0.0570,D:/AcousticMonitoringData/ELDON3_Data/Week16\ELDON3_20250422_185600.wav
3090.0,3093.0,Bartramia longicauda,Upland Sandpiper,0.0122,D:/AcousticMonitoringData/ELDON3_Data/Week16\ELDON3_20250422_185600.wav
3093.0,3096.0,Sturnella magna,Eastern Meadowlark,0.0137,D:/AcousticMonitoringData/ELDON3_Data/Week16\ELDON3_20250422_185600.wav
3096.0,3099.0,Sturnella magna,Eastern Meadowlark,0.3354,D:/AcousticMonitoringData/ELDON3_Data/Week16\ELDON3_20250422_185600.wav
3099.0,3102.0,Sturnella magna,Eastern Meadowlark,0.0817,D:/AcousticMonitoringData/ELDON3_Data/Week16\ELDON3_20250422_185600.wav
3102.0,3105.0,Bartramia longicauda,Upland Sandpiper,0.0263,D:/AcousticMonitoringData/ELDON3_Data/Week16\ELDON3_20250422_185600.wav
3108.0,3111.0,Sturnella magna,Eastern Meadowlark,0.0222,D:/AcousticMonitoringData/ELDON3_Data/Week16\ELDON3_20250422_185600.wav
3108.0,3111.0,Spizella pusilla,Field Sparrow,0.0170,D:/AcousticMonitoringData/ELDON3_Data/Week16\ELDON3_20250422_185600.wav
3114.0,3117.0,Eremophila alpestris,Horned Lark,0.0518,D:/AcousticMonitoringData/ELDON3_Data/Week16\ELDON3_20250422_185600.wav
3114.0,3117.0,Sturnella magna,Eastern Meadowlark,0.0185,D:/AcousticMonitoringData/ELDON3_Data/Week16\ELDON3_20250422_185600.wav
3117.0,3120.0,Sturnella magna,Eastern Meadowlark,0.0304,D:/AcousticMonitoringData/ELDON3_Data/Week16\ELDON3_20250422_185600.wav
3117.0,3120.0,Eremophila alpestris,Horned Lark,0.0103,D:/AcousticMonitoringData/ELDON3_Data/Week16\ELDON3_20250422_185600.wav
3120.0,3123.0,Eremophila alpestris,Horned Lark,0.0157,D:/AcousticMonitoringData/ELDON3_Data/Week16\ELDON3_20250422_185600.wav
3123.0,3126.0,Sturnella magna,Eastern Meadowlark,0.0589,D:/AcousticMonitoringData/ELDON3_Data/Week16\ELDON3_20250422_185600.wav
3123.0,3126.0,Eremophila alpestris,Horned Lark,0.0137,D:/AcousticMonitoringData/ELDON3_Data/Week16\ELDON3_20250422_185600.wav
3126.0,3129.0,Sturnella magna,Eastern Meadowlark,0.0520,D:/AcousticMonitoringData/ELDON3_Data/Week16\ELDON3_20250422_185600.wav
3135.0,3138.0,Eremophila alpestris,Horned Lark,0.0212,D:/AcousticMonitoringData/ELDON3_Data/Week16\ELDON3_20250422_185600.wav
3144.0,3147.0,Sturnella magna,Eastern Meadowlark,0.1367,D:/AcousticMonitoringData/ELDON3_Data/Week16\ELDON3_20250422_185600.wav
3144.0,3147.0,Bartramia longicauda,Upland Sandpiper,0.0174,D:/AcousticMonitoringData/ELDON3_Data/Week16\ELDON3_20250422_185600.wav
3147.0,3150.0,Sturnella magna,Eastern Meadowlark,0.2880,D:/AcousticMonitoringData/ELDON3_Data/Week16\ELDON3_20250422_185600.wav
3147.0,3150.0,Bartramia longicauda,Upland Sandpiper,0.0211,D:/AcousticMonitoringData/ELDON3_Data/Week16\ELDON3_20250422_185600.wav
3147.0,3150.0,Eremophila alpestris,Horned Lark,0.0154,D:/AcousticMonitoringData/ELDON3_Data/Week16\ELDON3_20250422_185600.wav
3150.0,3153.0,Eremophila alpestris,Horned Lark,0.0125,D:/AcousticMonitoringData/ELDON3_Data/Week16\ELDON3_20250422_185600.wav
3156.0,3159.0,Sturnella magna,Eastern Meadowlark,0.2159,D:/AcousticMonitoringData/ELDON3_Data/Week16\ELDON3_20250422_185600.wav
3156.0,3159.0,Spizella pusilla,Field Sparrow,0.0389,D:/AcousticMonitoringData/ELDON3_Data/Week16\ELDON3_20250422_185600.wav
3156.0,3159.0,Passerina caerulea,Blue Grosbeak,0.0145,D:/AcousticMonitoringData/ELDON3_Data/Week16\ELDON3_20250422_185600.wav
3159.0,3162.0,Sturnella magna,Eastern Meadowlark,0.0262,D:/AcousticMonitoringData/ELDON3_Data/Week16\ELDON3_20250422_185600.wav
3162.0,3165.0,Spizella pusilla,Field Sparrow,0.0142,D:/AcousticMonitoringData/ELDON3_Data/Week16\ELDON3_20250422_185600.wav
3165.0,3168.0,Spizella pusilla,Field Sparrow,0.0854,D:/AcousticMonitoringData/ELDON3_Data/Week16\ELDON3_20250422_185600.wav
3165.0,3168.0,Sturnella magna,Eastern Meadowlark,0.0578,D:/AcousticMonitoringData/ELDON3_Data/Week16\ELDON3_20250422_185600.wav
3165.0,3168.0,Passerina caerulea,Blue Grosbeak,0.0112,D:/AcousticMonitoringData/ELDON3_Data/Week16\ELDON3_20250422_185600.wav
3168.0,3171.0,Spizella pusilla,Field Sparrow,0.0214,D:/AcousticMonitoringData/ELDON3_Data/Week16\ELDON3_20250422_185600.wav
3168.0,3171.0,Sturnella magna,Eastern Meadowlark,0.0161,D:/AcousticMonitoringData/ELDON3_Data/Week16\ELDON3_20250422_185600.wav
3171.0,3174.0,Spizella pusilla,Field Sparrow,0.0173,D:/AcousticMonitoringData/ELDON3_Data/Week16\ELDON3_20250422_185600.wav
3171.0,3174.0,Passerina caerulea,Blue Grosbeak,0.0123,D:/AcousticMonitoringData/ELDON3_Data/Week16\ELDON3_20250422_185600.wav
3177.0,3180.0,Spizella pusilla,Field Sparrow,0.0280,D:/AcousticMonitoringData/ELDON3_Data/Week16\ELDON3_20250422_185600.wav
3177.0,3180.0,Sturnella magna,Eastern Meadowlark,0.0156,D:/AcousticMonitoringData/ELDON3_Data/Week16\ELDON3_20250422_185600.wav
3177.0,3180.0,Passerina caerulea,Blue Grosbeak,0.0101,D:/AcousticMonitoringData/ELDON3_Data/Week16\ELDON3_20250422_185600.wav
3180.0,3183.0,Spizella pusilla,Field Sparrow,0.0631,D:/AcousticMonitoringData/ELDON3_Data/Week16\ELDON3_20250422_185600.wav
3180.0,3183.0,Sturnella magna,Eastern Meadowlark,0.0596,D:/AcousticMonitoringData/ELDON3_Data/Week16\ELDON3_20250422_185600.wav
3183.0,3186.0,Sturnella magna,Eastern Meadowlark,0.0275,D:/AcousticMonitoringData/ELDON3_Data/Week16\ELDON3_20250422_185600.wav
3183.0,3186.0,Spizella pusilla,Field Sparrow,0.0158,D:/AcousticMonitoringData/ELDON3_Data/Week16\ELDON3_20250422_185600.wav
3183.0,3186.0,Eremophila alpestris,Horned Lark,0.0153,D:/AcousticMonitoringData/ELDON3_Data/Week16\ELDON3_20250422_185600.wav
3183.0,3186.0,Passerina caerulea,Blue Grosbeak,0.0139,D:/AcousticMonitoringData/ELDON3_Data/Week16\ELDON3_20250422_185600.wav
3192.0,3195.0,Sturnella magna,Eastern Meadowlark,0.0403,D:/AcousticMonitoringData/ELDON3_Data/Week16\ELDON3_20250422_185600.wav
3195.0,3198.0,Passerina caerulea,Blue Grosbeak,0.0123,D:/AcousticMonitoringData/ELDON3_Data/Week16\ELDON3_20250422_185600.wav
3195.0,3198.0,Sturnella magna,Eastern Meadowlark,0.0119,D:/AcousticMonitoringData/ELDON3_Data/Week16\ELDON3_20250422_185600.wav
3204.0,3207.0,Sturnella magna,Eastern Meadowlark,0.1464,D:/AcousticMonitoringData/ELDON3_Data/Week16\ELDON3_20250422_185600.wav
3204.0,3207.0,Spizella pusilla,Field Sparrow,0.0646,D:/AcousticMonitoringData/ELDON3_Data/Week16\ELDON3_20250422_185600.wav
3204.0,3207.0,Bartramia longicauda,Upland Sandpiper,0.0123,D:/AcousticMonitoringData/ELDON3_Data/Week16\ELDON3_20250422_185600.wav
3204.0,3207.0,Passerina caerulea,Blue Grosbeak,0.0123,D:/AcousticMonitoringData/ELDON3_Data/Week16\ELDON3_20250422_185600.wav
3210.0,3213.0,Spizella pusilla,Field Sparrow,0.0269,D:/AcousticMonitoringData/ELDON3_Data/Week16\ELDON3_20250422_185600.wav
3210.0,3213.0,Sturnella magna,Eastern Meadowlark,0.0237,D:/AcousticMonitoringData/ELDON3_Data/Week16\ELDON3_20250422_185600.wav
3210.0,3213.0,Passerina caerulea,Blue Grosbeak,0.0156,D:/AcousticMonitoringData/ELDON3_Data/Week16\ELDON3_20250422_185600.wav
3213.0,3216.0,Sturnella magna,Eastern Meadowlark,0.0520,D:/AcousticMonitoringData/ELDON3_Data/Week16\ELDON3_20250422_185600.wav
3216.0,3219.0,Sturnella magna,Eastern Meadowlark,0.0171,D:/AcousticMonitoringData/ELDON3_Data/Week16\ELDON3_20250422_185600.wav
3219.0,3222.0,Sturnella magna,Eastern Meadowlark,0.0105,D:/AcousticMonitoringData/ELDON3_Data/Week16\ELDON3_20250422_185600.wav
3222.0,3225.0,Sturnella magna,Eastern Meadowlark,0.0427,D:/AcousticMonitoringData/ELDON3_Data/Week16\ELDON3_20250422_185600.wav
3222.0,3225.0,Eremophila alpestris,Horned Lark,0.0114,D:/AcousticMonitoringData/ELDON3_Data/Week16\ELDON3_20250422_185600.wav
3228.0,3231.0,Sturnella magna,Eastern Meadowlark,0.0190,D:/AcousticMonitoringData/ELDON3_Data/Week16\ELDON3_20250422_185600.wav
3234.0,3237.0,Eremophila alpestris,Horned Lark,0.0271,D:/AcousticMonitoringData/ELDON3_Data/Week16\ELDON3_20250422_185600.wav
3234.0,3237.0,Sturnella magna,Eastern Meadowlark,0.0123,D:/AcousticMonitoringData/ELDON3_Data/Week16\ELDON3_20250422_185600.wav
3237.0,3240.0,Eremophila alpestris,Horned Lark,0.0501,D:/AcousticMonitoringData/ELDON3_Data/Week16\ELDON3_20250422_185600.wav
3243.0,3246.0,Sturnella magna,Eastern Meadowlark,0.0833,D:/AcousticMonitoringData/ELDON3_Data/Week16\ELDON3_20250422_185600.wav
3243.0,3246.0,Eremophila alpestris,Horned Lark,0.0324,D:/AcousticMonitoringData/ELDON3_Data/Week16\ELDON3_20250422_185600.wav
3246.0,3249.0,Sturnella magna,Eastern Meadowlark,0.7605,D:/AcousticMonitoringData/ELDON3_Data/Week16\ELDON3_20250422_185600.wav
3246.0,3249.0,Bartramia longicauda,Upland Sandpiper,0.0104,D:/AcousticMonitoringData/ELDON3_Data/Week16\ELDON3_20250422_185600.wav
3249.0,3252.0,Sturnella magna,Eastern Meadowlark,0.7930,D:/AcousticMonitoringData/ELDON3_Data/Week16\ELDON3_20250422_185600.wav
3249.0,3252.0,Passerina caerulea,Blue Grosbeak,0.0168,D:/AcousticMonitoringData/ELDON3_Data/Week16\ELDON3_20250422_185600.wav
3252.0,3255.0,Sturnella magna,Eastern Meadowlark,0.7860,D:/AcousticMonitoringData/ELDON3_Data/Week16\ELDON3_20250422_185600.wav
3252.0,3255.0,Spizella pusilla,Field Sparrow,0.0145,D:/AcousticMonitoringData/ELDON3_Data/Week16\ELDON3_20250422_185600.wav
3252.0,3255.0,Passerina caerulea,Blue Grosbeak,0.0111,D:/AcousticMonitoringData/ELDON3_Data/Week16\ELDON3_20250422_185600.wav
3255.0,3258.0,Sturnella magna,Eastern Meadowlark,0.3105,D:/AcousticMonitoringData/ELDON3_Data/Week16\ELDON3_20250422_185600.wav
3255.0,3258.0,Eremophila alpestris,Horned Lark,0.0176,D:/AcousticMonitoringData/ELDON3_Data/Week16\ELDON3_20250422_185600.wav
3258.0,3261.0,Spizella pusilla,Field Sparrow,0.0112,D:/AcousticMonitoringData/ELDON3_Data/Week16\ELDON3_20250422_185600.wav
3261.0,3264.0,Sturnella magna,Eastern Meadowlark,0.5727,D:/AcousticMonitoringData/ELDON3_Data/Week16\ELDON3_20250422_185600.wav
3264.0,3267.0,Sturnella magna,Eastern Meadowlark,0.7838,D:/AcousticMonitoringData/ELDON3_Data/Week16\ELDON3_20250422_185600.wav
3264.0,3267.0,Bartramia longicauda,Upland Sandpiper,0.0140,D:/AcousticMonitoringData/ELDON3_Data/Week16\ELDON3_20250422_185600.wav
3267.0,3270.0,Sturnella magna,Eastern Meadowlark,0.0167,D:/AcousticMonitoringData/ELDON3_Data/Week16\ELDON3_20250422_185600.wav
3270.0,3273.0,Spizella pusilla,Field Sparrow,0.0310,D:/AcousticMonitoringData/ELDON3_Data/Week16\ELDON3_20250422_185600.wav
3270.0,3273.0,Sturnella magna,Eastern Meadowlark,0.0287,D:/AcousticMonitoringData/ELDON3_Data/Week16\ELDON3_20250422_185600.wav
3270.0,3273.0,Passerina caerulea,Blue Grosbeak,0.0163,D:/AcousticMonitoringData/ELDON3_Data/Week16\ELDON3_20250422_185600.wav
3273.0,3276.0,Sturnella magna,Eastern Meadowlark,0.6705,D:/AcousticMonitoringData/ELDON3_Data/Week16\ELDON3_20250422_185600.wav
3276.0,3279.0,Sturnella magna,Eastern Meadowlark,0.0309,D:/AcousticMonitoringData/ELDON3_Data/Week16\ELDON3_20250422_185600.wav
3279.0,3282.0,Spizella pusilla,Field Sparrow,0.0252,D:/AcousticMonitoringData/ELDON3_Data/Week16\ELDON3_20250422_185600.wav
3279.0,3282.0,Passerina caerulea,Blue Grosbeak,0.0187,D:/AcousticMonitoringData/ELDON3_Data/Week16\ELDON3_20250422_185600.wav
3279.0,3282.0,Sturnella magna,Eastern Meadowlark,0.0162,D:/AcousticMonitoringData/ELDON3_Data/Week16\ELDON3_20250422_185600.wav
3282.0,3285.0,Eremophila alpestris,Horned Lark,0.0123,D:/AcousticMonitoringData/ELDON3_Data/Week16\ELDON3_20250422_185600.wav
3285.0,3288.0,Eremophila alpestris,Horned Lark,0.0112,D:/AcousticMonitoringData/ELDON3_Data/Week16\ELDON3_20250422_185600.wav
3288.0,3291.0,Sturnella magna,Eastern Meadowlark,0.0452,D:/AcousticMonitoringData/ELDON3_Data/Week16\ELDON3_20250422_185600.wav
3291.0,3294.0,Sturnella magna,Eastern Meadowlark,0.3432,D:/AcousticMonitoringData/ELDON3_Data/Week16\ELDON3_20250422_185600.wav
3294.0,3297.0,Sturnella magna,Eastern Meadowlark,0.3194,D:/AcousticMonitoringData/ELDON3_Data/Week16\ELDON3_20250422_185600.wav
3297.0,3300.0,Sturnella magna,Eastern Meadowlark,0.0557,D:/AcousticMonitoringData/ELDON3_Data/Week16\ELDON3_20250422_185600.wav
3297.0,3300.0,Eremophila alpestris,Horned Lark,0.0158,D:/AcousticMonitoringData/ELDON3_Data/Week16\ELDON3_20250422_185600.wav
3312.0,3315.0,Sturnella magna,Eastern Meadowlark,0.0412,D:/AcousticMonitoringData/ELDON3_Data/Week16\ELDON3_20250422_185600.wav
3312.0,3315.0,Bartramia longicauda,Upland Sandpiper,0.0145,D:/AcousticMonitoringData/ELDON3_Data/Week16\ELDON3_20250422_185600.wav
3315.0,3318.0,Sturnella magna,Eastern Meadowlark,0.5524,D:/AcousticMonitoringData/ELDON3_Data/Week16\ELDON3_20250422_185600.wav
3318.0,3321.0,Sturnella magna,Eastern Meadowlark,0.6949,D:/AcousticMonitoringData/ELDON3_Data/Week16\ELDON3_20250422_185600.wav
3321.0,3324.0,Sturnella magna,Eastern Meadowlark,0.6199,D:/AcousticMonitoringData/ELDON3_Data/Week16\ELDON3_20250422_185600.wav
3321.0,3324.0,Bartramia longicauda,Upland Sandpiper,0.0244,D:/AcousticMonitoringData/ELDON3_Data/Week16\ELDON3_20250422_185600.wav
3324.0,3327.0,Sturnella magna,Eastern Meadowlark,0.0232,D:/AcousticMonitoringData/ELDON3_Data/Week16\ELDON3_20250422_185600.wav
3330.0,3333.0,Sturnella magna,Eastern Meadowlark,0.6198,D:/AcousticMonitoringData/ELDON3_Data/Week16\ELDON3_20250422_185600.wav
3330.0,3333.0,Bartramia longicauda,Upland Sandpiper,0.0173,D:/AcousticMonitoringData/ELDON3_Data/Week16\ELDON3_20250422_185600.wav
3333.0,3336.0,Sturnella magna,Eastern Meadowlark,0.3200,D:/AcousticMonitoringData/ELDON3_Data/Week16\ELDON3_20250422_185600.wav
3336.0,3339.0,Sturnella magna,Eastern Meadowlark,0.3371,D:/AcousticMonitoringData/ELDON3_Data/Week16\ELDON3_20250422_185600.wav
3339.0,3342.0,Sturnella magna,Eastern Meadowlark,0.0467,D:/AcousticMonitoringData/ELDON3_Data/Week16\ELDON3_20250422_185600.wav
3342.0,3345.0,Bartramia longicauda,Upland Sandpiper,0.0206,D:/AcousticMonitoringData/ELDON3_Data/Week16\ELDON3_20250422_185600.wav
3342.0,3345.0,Eremophila alpestris,Horned Lark,0.0188,D:/AcousticMonitoringData/ELDON3_Data/Week16\ELDON3_20250422_185600.wav
3342.0,3345.0,Sturnella magna,Eastern Meadowlark,0.0174,D:/AcousticMonitoringData/ELDON3_Data/Week16\ELDON3_20250422_185600.wav
3345.0,3348.0,Sturnella magna,Eastern Meadowlark,0.5091,D:/AcousticMonitoringData/ELDON3_Data/Week16\ELDON3_20250422_185600.wav
3345.0,3348.0,Bartramia longicauda,Upland Sandpiper,0.0130,D:/AcousticMonitoringData/ELDON3_Data/Week16\ELDON3_20250422_185600.wav
3351.0,3354.0,Sturnella magna,Eastern Meadowlark,0.0620,D:/AcousticMonitoringData/ELDON3_Data/Week16\ELDON3_20250422_185600.wav
3351.0,3354.0,Spizella pusilla,Field Sparrow,0.0161,D:/AcousticMonitoringData/ELDON3_Data/Week16\ELDON3_20250422_185600.wav
3354.0,3357.0,Sturnella magna,Eastern Meadowlark,0.1412,D:/AcousticMonitoringData/ELDON3_Data/Week16\ELDON3_20250422_185600.wav
3354.0,3357.0,Bartramia longicauda,Upland Sandpiper,0.0145,D:/AcousticMonitoringData/ELDON3_Data/Week16\ELDON3_20250422_185600.wav
3357.0,3360.0,Sturnella magna,Eastern Meadowlark,0.2470,D:/AcousticMonitoringData/ELDON3_Data/Week16\ELDON3_20250422_185600.wav
3357.0,3360.0,Bartramia longicauda,Upland Sandpiper,0.0423,D:/AcousticMonitoringData/ELDON3_Data/Week16\ELDON3_20250422_185600.wav
3357.0,3360.0,Spizella pusilla,Field Sparrow,0.0119,D:/AcousticMonitoringData/ELDON3_Data/Week16\ELDON3_20250422_185600.wav
3360.0,3363.0,Sturnella magna,Eastern Meadowlark,0.1375,D:/AcousticMonitoringData/ELDON3_Data/Week16\ELDON3_20250422_185600.wav
3360.0,3363.0,Spizella pusilla,Field Sparrow,0.0204,D:/AcousticMonitoringData/ELDON3_Data/Week16\ELDON3_20250422_185600.wav
3360.0,3363.0,Passerina caerulea,Blue Grosbeak,0.0193,D:/AcousticMonitoringData/ELDON3_Data/Week16\ELDON3_20250422_185600.wav
3366.0,3369.0,Sturnella magna,Eastern Meadowlark,0.0141,D:/AcousticMonitoringData/ELDON3_Data/Week16\ELDON3_20250422_185600.wav
3369.0,3372.0,Bartramia longicauda,Upland Sandpiper,0.0118,D:/AcousticMonitoringData/ELDON3_Data/Week16\ELDON3_20250422_185600.wav
3372.0,3375.0,Sturnella magna,Eastern Meadowlark,0.0887,D:/AcousticMonitoringData/ELDON3_Data/Week16\ELDON3_20250422_185600.wav
3375.0,3378.0,Sturnella magna,Eastern Meadowlark,0.0106,D:/AcousticMonitoringData/ELDON3_Data/Week16\ELDON3_20250422_185600.wav
3381.0,3384.0,Sturnella magna,Eastern Meadowlark,0.4151,D:/AcousticMonitoringData/ELDON3_Data/Week16\ELDON3_20250422_185600.wav
3381.0,3384.0,Bartramia longicauda,Upland Sandpiper,0.0110,D:/AcousticMonitoringData/ELDON3_Data/Week16\ELDON3_20250422_185600.wav
3384.0,3387.0,Sturnella magna,Eastern Meadowlark,0.1155,D:/AcousticMonitoringData/ELDON3_Data/Week16\ELDON3_20250422_185600.wav
3384.0,3387.0,Bartramia longicauda,Upland Sandpiper,0.0238,D:/AcousticMonitoringData/ELDON3_Data/Week16\ELDON3_20250422_185600.wav
3393.0,3396.0,Eremophila alpestris,Horned Lark,0.0103,D:/AcousticMonitoringData/ELDON3_Data/Week16\ELDON3_20250422_185600.wav
3396.0,3399.0,Sturnella magna,Eastern Meadowlark,0.5717,D:/AcousticMonitoringData/ELDON3_Data/Week16\ELDON3_20250422_185600.wav
3399.0,3402.0,Sturnella magna,Eastern Meadowlark,0.0267,D:/AcousticMonitoringData/ELDON3_Data/Week16\ELDON3_20250422_185600.wav
3402.0,3405.0,Sturnella magna,Eastern Meadowlark,0.5486,D:/AcousticMonitoringData/ELDON3_Data/Week16\ELDON3_20250422_185600.wav
3402.0,3405.0,Bartramia longicauda,Upland Sandpiper,0.0224,D:/AcousticMonitoringData/ELDON3_Data/Week16\ELDON3_20250422_185600.wav
3405.0,3408.0,Sturnella magna,Eastern Meadowlark,0.0695,D:/AcousticMonitoringData/ELDON3_Data/Week16\ELDON3_20250422_185600.wav
3408.0,3411.0,Sturnella magna,Eastern Meadowlark,0.0248,D:/AcousticMonitoringData/ELDON3_Data/Week16\ELDON3_20250422_185600.wav
3411.0,3414.0,Sturnella magna,Eastern Meadowlark,0.0240,D:/AcousticMonitoringData/ELDON3_Data/Week16\ELDON3_20250422_185600.wav
3414.0,3417.0,Sturnella magna,Eastern Meadowlark,0.4477,D:/AcousticMonitoringData/ELDON3_Data/Week16\ELDON3_20250422_185600.wav
3414.0,3417.0,Bartramia longicauda,Upland Sandpiper,0.0120,D:/AcousticMonitoringData/ELDON3_Data/Week16\ELDON3_20250422_185600.wav
3420.0,3423.0,Bartramia longicauda,Upland Sandpiper,0.0258,D:/AcousticMonitoringData/ELDON3_Data/Week16\ELDON3_20250422_185600.wav
3420.0,3423.0,Sturnella magna,Eastern Meadowlark,0.0226,D:/AcousticMonitoringData/ELDON3_Data/Week16\ELDON3_20250422_185600.wav
3423.0,3426.0,Sturnella magna,Eastern Meadowlark,0.0178,D:/AcousticMonitoringData/ELDON3_Data/Week16\ELDON3_20250422_185600.wav
3426.0,3429.0,Sturnella magna,Eastern Meadowlark,0.4184,D:/AcousticMonitoringData/ELDON3_Data/Week16\ELDON3_20250422_185600.wav
3426.0,3429.0,Bartramia longicauda,Upland Sandpiper,0.0117,D:/AcousticMonitoringData/ELDON3_Data/Week16\ELDON3_20250422_185600.wav
3429.0,3432.0,Sturnella magna,Eastern Meadowlark,0.0163,D:/AcousticMonitoringData/ELDON3_Data/Week16\ELDON3_20250422_185600.wav
3432.0,3435.0,Sturnella magna,Eastern Meadowlark,0.0131,D:/AcousticMonitoringData/ELDON3_Data/Week16\ELDON3_20250422_185600.wav
3438.0,3441.0,Bartramia longicauda,Upland Sandpiper,0.1182,D:/AcousticMonitoringData/ELDON3_Data/Week16\ELDON3_20250422_185600.wav
3438.0,3441.0,Sturnella magna,Eastern Meadowlark,0.1138,D:/AcousticMonitoringData/ELDON3_Data/Week16\ELDON3_20250422_185600.wav
3441.0,3444.0,Sturnella magna,Eastern Meadowlark,0.0198,D:/AcousticMonitoringData/ELDON3_Data/Week16\ELDON3_20250422_185600.wav
3444.0,3447.0,Sturnella magna,Eastern Meadowlark,0.0173,D:/AcousticMonitoringData/ELDON3_Data/Week16\ELDON3_20250422_185600.wav
3444.0,3447.0,Bartramia longicauda,Upland Sandpiper,0.0133,D:/AcousticMonitoringData/ELDON3_Data/Week16\ELDON3_20250422_185600.wav
3444.0,3447.0,Eremophila alpestris,Horned Lark,0.0113,D:/AcousticMonitoringData/ELDON3_Data/Week16\ELDON3_20250422_185600.wav
3447.0,3450.0,Sturnella magna,Eastern Meadowlark,0.2774,D:/AcousticMonitoringData/ELDON3_Data/Week16\ELDON3_20250422_185600.wav
3447.0,3450.0,Bartramia longicauda,Upland Sandpiper,0.0169,D:/AcousticMonitoringData/ELDON3_Data/Week16\ELDON3_20250422_185600.wav
3450.0,3453.0,Sturnella magna,Eastern Meadowlark,0.2593,D:/AcousticMonitoringData/ELDON3_Data/Week16\ELDON3_20250422_185600.wav
3453.0,3456.0,Spizella pusilla,Field Sparrow,0.0160,D:/AcousticMonitoringData/ELDON3_Data/Week16\ELDON3_20250422_185600.wav
3456.0,3459.0,Sturnella magna,Eastern Meadowlark,0.0364,D:/AcousticMonitoringData/ELDON3_Data/Week16\ELDON3_20250422_185600.wav
3459.0,3462.0,Sturnella magna,Eastern Meadowlark,0.3760,D:/AcousticMonitoringData/ELDON3_Data/Week16\ELDON3_20250422_185600.wav
3459.0,3462.0,Bartramia longicauda,Upland Sandpiper,0.0151,D:/AcousticMonitoringData/ELDON3_Data/Week16\ELDON3_20250422_185600.wav
3465.0,3468.0,Sturnella magna,Eastern Meadowlark,0.8280,D:/AcousticMonitoringData/ELDON3_Data/Week16\ELDON3_20250422_185600.wav
3468.0,3471.0,Sturnella magna,Eastern Meadowlark,0.0160,D:/AcousticMonitoringData/ELDON3_Data/Week16\ELDON3_20250422_185600.wav
3471.0,3474.0,Sturnella magna,Eastern Meadowlark,0.4834,D:/AcousticMonitoringData/ELDON3_Data/Week16\ELDON3_20250422_185600.wav
3471.0,3474.0,Bartramia longicauda,Upland Sandpiper,0.0134,D:/AcousticMonitoringData/ELDON3_Data/Week16\ELDON3_20250422_185600.wav
3483.0,3486.0,Sturnella magna,Eastern Meadowlark,0.2798,D:/AcousticMonitoringData/ELDON3_Data/Week16\ELDON3_20250422_185600.wav
3483.0,3486.0,Bartramia longicauda,Upland Sandpiper,0.0250,D:/AcousticMonitoringData/ELDON3_Data/Week16\ELDON3_20250422_185600.wav
3486.0,3489.0,Sturnella magna,Eastern Meadowlark,0.2905,D:/AcousticMonitoringData/ELDON3_Data/Week16\ELDON3_20250422_185600.wav
3486.0,3489.0,Bartramia longicauda,Upland Sandpiper,0.0247,D:/AcousticMonitoringData/ELDON3_Data/Week16\ELDON3_20250422_185600.wav
3489.0,3492.0,Sturnella magna,Eastern Meadowlark,0.0562,D:/AcousticMonitoringData/ELDON3_Data/Week16\ELDON3_20250422_185600.wav
3498.0,3501.0,Sturnella magna,Eastern Meadowlark,0.3310,D:/AcousticMonitoringData/ELDON3_Data/Week16\ELDON3_20250422_185600.wav
3498.0,3501.0,Bartramia longicauda,Upland Sandpiper,0.0195,D:/AcousticMonitoringData/ELDON3_Data/Week16\ELDON3_20250422_185600.wav
3501.0,3504.0,Sturnella magna,Eastern Meadowlark,0.4248,D:/AcousticMonitoringData/ELDON3_Data/Week16\ELDON3_20250422_185600.wav
3510.0,3513.0,Sturnella magna,Eastern Meadowlark,0.3013,D:/AcousticMonitoringData/ELDON3_Data/Week16\ELDON3_20250422_185600.wav
3510.0,3513.0,Bartramia longicauda,Upland Sandpiper,0.0216,D:/AcousticMonitoringData/ELDON3_Data/Week16\ELDON3_20250422_185600.wav
3513.0,3516.0,Sturnella magna,Eastern Meadowlark,0.0203,D:/AcousticMonitoringData/ELDON3_Data/Week16\ELDON3_20250422_185600.wav
3516.0,3519.0,Sturnella magna,Eastern Meadowlark,0.4883,D:/AcousticMonitoringData/ELDON3_Data/Week16\ELDON3_20250422_185600.wav
3525.0,3528.0,Sturnella magna,Eastern Meadowlark,0.7060,D:/AcousticMonitoringData/ELDON3_Data/Week16\ELDON3_20250422_185600.wav
3528.0,3531.0,Geothlypis trichas,Common Yellowthroat,0.0173,D:/AcousticMonitoringData/ELDON3_Data/Week16\ELDON3_20250422_185600.wav
3534.0,3537.0,Sturnella magna,Eastern Meadowlark,0.0117,D:/AcousticMonitoringData/ELDON3_Data/Week16\ELDON3_20250422_185600.wav
3546.0,3549.0,Sturnella magna,Eastern Meadowlark,0.6646,D:/AcousticMonitoringData/ELDON3_Data/Week16\ELDON3_20250422_185600.wav
3555.0,3558.0,Passerina caerulea,Blue Grosbeak,0.0109,D:/AcousticMonitoringData/ELDON3_Data/Week16\ELDON3_20250422_185600.wav
3558.0,3561.0,Sturnella magna,Eastern Meadowlark,0.0253,D:/AcousticMonitoringData/ELDON3_Data/Week16\ELDON3_20250422_185600.wav
3561.0,3564.0,Sturnella magna,Eastern Meadowlark,0.5787,D:/AcousticMonitoringData/ELDON3_Data/Week16\ELDON3_20250422_185600.wav
3561.0,3564.0,Bartramia longicauda,Upland Sandpiper,0.0107,D:/AcousticMonitoringData/ELDON3_Data/Week16\ELDON3_20250422_185600.wav
3567.0,3570.0,Passerina caerulea,Blue Grosbeak,0.0140,D:/AcousticMonitoringData/ELDON3_Data/Week16\ELDON3_20250422_185600.wav
3573.0,3576.0,Sturnella magna,Eastern Meadowlark,0.3387,D:/AcousticMonitoringData/ELDON3_Data/Week16\ELDON3_20250422_185600.wav
3573.0,3576.0,Bartramia longicauda,Upland Sandpiper,0.0435,D:/AcousticMonitoringData/ELDON3_Data/Week16\ELDON3_20250422_185600.wav
3573.0,3576.0,Eremophila alpestris,Horned Lark,0.0121,D:/AcousticMonitoringData/ELDON3_Data/Week16\ELDON3_20250422_185600.wav
3594.0,3597.0,Sturnella magna,Eastern Meadowlark,0.1688,D:/AcousticMonitoringData/ELDON3_Data/Week16\ELDON3_20250422_185600.wav
3594.0,3597.0,Eremophila alpestris,Horned Lark,0.0183,D:/AcousticMonitoringData/ELDON3_Data/Week16\ELDON3_20250422_185600.wav
3594.0,3597.0,Bartramia longicauda,Upland Sandpiper,0.0144,D:/AcousticMonitoringData/ELDON3_Data/Week16\ELDON3_20250422_185600.wav
3603.0,3606.0,Eremophila alpestris,Horned Lark,0.0184,D:/AcousticMonitoringData/ELDON3_Data/Week16\ELDON3_20250422_185600.wav
